step,wall,approx_kl,clip_frac,eval_1mU_at_best,eval_JT_end,eval_JT_min,eval_len,eval_return,eval_t_JT_min,eval_t_first_PE,frac_done,mean_reward,min_JT,pg_loss,v_loss
8192,8.498880702994938,0.014383022969461867,0.1527099609375,,,,,,,,0.588134765625,-11.44994068145752,0.24641312614283262,-0.021645417458191953,75.0051498413086
16384,10.525238203998015,0.00807717257581316,0.0880126953125,,,,,,,,0.566650390625,-21.57368278503418,0.24606283852657296,-0.015777223973311504,37.45122146606445
24576,12.265408538994961,0.008372232433038381,0.10556640475988388,,,,,,,,0.5418701171875,-30.304805755615234,0.24657178219408593,-0.01514751557366529,28.440839767456055
32768,13.991822857999068,0.008790288475478721,0.1165771484375,,,,,,,,0.519287109375,-37.659034729003906,0.246413266153362,-0.018203863757927076,25.925443649291992
40960,15.815051516001404,0.00958038242629711,0.13731689751148224,,,,,,,,0.5101318359375,-45.10795593261719,0.24532281243182685,-0.021672513781819946,26.53985023498535
49152,17.6395692829974,0.008196393666371305,0.10515137016773224,,,,,,,,0.4989013671875,-51.7096061706543,0.24343372916468187,-0.017609233348981297,28.391408920288086
57344,19.424004353000782,0.007657807142427799,0.09316406399011612,,,,,,,,0.4920654296875,-58.36812210083008,0.23523653596930139,-0.016320924980965257,29.238611221313477
65536,21.148902275999717,0.007463759227752169,0.09124755859375,0.1164868334871908,0.26116353359824895,0.22880116382864946,333,165.8550501622851,35.550000000000004,nan,0.4698486328125,-62.46592712402344,0.24600222977182096,-0.016648277054239713,29.401569366455078
73728,24.95946703899972,0.009151890331210272,0.11740722507238388,,,,,,,,0.4661865234375,-68.28361511230469,0.24611149134297627,-0.019102491793647244,30.852218627929688
81920,26.948240361998614,0.009280401020839463,0.12106933444738388,,,,,,,,0.4501953125,-72.07501220703125,0.24533596585142747,-0.020365026236581693,32.51142120361328
90112,28.78033868399507,0.008587405126615245,0.11501464992761612,,,,,,,,0.426025390625,-73.72183990478516,0.2430988618074137,-0.019678505454390555,37.56264877319336
98304,30.503691297999467,0.008655838098459058,0.11314697563648224,,,,,,,,0.405517578125,-74.95478057861328,0.24468153538900794,-0.01949163249724988,38.577796936035156
106496,32.28142684100021,0.00884310441184171,0.1165771484375,,,,,,,,0.3916015625,-77.39153289794922,0.24144800887337348,-0.021843586177579623,42.113525390625
114688,34.10297918199649,0.010499341297906643,0.14327393472194672,,,,,,,,0.36474609375,-76.14586639404297,0.24526652421467487,-0.023513240796578235,45.77125930786133
122880,35.880438538995804,0.009601599246413848,0.13034668564796448,,,,,,,,0.3514404296875,-77.29368591308594,0.24276026093279002,-0.022940227690252963,49.590179443359375
131072,37.65061126599903,0.010212783908179169,0.14049072563648224,0.03004780559018383,0.17168508962645512,0.17168508962645512,333,180.06504876059105,49.95,nan,0.3326416015625,-76.45663452148438,0.23312175796631207,-0.021537598097967077,48.79840850830078
139264,39.418078593000246,0.009315865147743884,0.12059326469898224,,,,,,,,0.304443359375,-73.2037124633789,0.24210573167714788,-0.01878469072809882,57.005531311035156
147456,41.27526403799857,0.008697330135047738,0.11453857272863388,,,,,,,,0.272216796875,-68.13603210449219,0.23762625988423358,-0.017787134403861923,64.79814910888672
155648,43.191994827997405,0.008686565729332988,0.10819091647863388,,,,,,,,0.2503662109375,-65.00768280029297,0.24075324148208588,-0.014604433688210206,63.279640197753906
163840,45.1401786849965,0.008575907562359018,0.10808105766773224,,,,,,,,0.2308349609375,-62.21101760864258,0.22836465829952213,-0.01663906930823326,70.22649383544922
172032,47.13432464599464,0.009117210227348843,0.118896484375,,,,,,,,0.210693359375,-58.73573303222656,0.2334765254091078,-0.009588866751758518,138.9993438720703
180224,49.13310429799458,0.007509434391734306,0.09224853664636612,,,,,,,,0.1890869140625,-54.08030700683594,0.23461164510009058,-0.013161163969859635,148.1337127685547
188416,51.01403550399846,0.008495016194432601,0.10814209282398224,,,,,,,,0.172119140625,-49.87455368041992,0.23248048813175437,-0.013500376070474197,182.57403564453125
196608,52.896195073000854,0.007892745520198528,0.10013427585363388,0.0075000696181091175,0.26531018316249744,0.21118824701361227,333,198.39949362543203,23.700000000000003,nan,0.160400390625,-46.629634857177734,0.23670205321556126,-0.012323183693528661,277.6222229003906
204800,54.82878829300171,0.006776872970792206,0.08070068806409836,,,,,,,,0.1451416015625,-42.22151184082031,0.2313493489433346,-0.013221664292772758,283.4548034667969
212992,56.724555699998746,0.00860238036361749,0.10903320461511612,,,,,,,,0.1292724609375,-36.96746063232422,0.231475366861163,-0.011706330716811132,303.3951110839844
221184,58.4616151980008,0.008082097660388933,0.10260009765625,,,,,,,,0.116943359375,-32.75633239746094,0.2245947903524519,-0.01167183152772863,372.6567077636719
229376,60.24400589699508,0.010399584427350292,0.12581788003444672,,,,,,,,0.112060546875,-30.398635864257812,0.23723164102879823,-0.01062583991550021,333.3353271484375
237568,61.90083533399593,0.009525462533847185,0.11474609375,,,,,,,,0.10107421875,-26.446075439453125,0.23585498914633485,-0.009828932978802786,354.6697692871094
245760,63.66528154499974,0.009152007094681905,0.11342773586511612,,,,,,,,0.087158203125,-21.909069061279297,0.21640397596488337,-0.011434753761833125,387.011474609375
253952,65.53103364400158,0.010773992435416154,0.13631592690944672,,,,,,,,0.078369140625,-18.59981346130371,0.21898209810636682,-0.011589010526377848,384.882080078125
262144,67.41546745500091,0.011103492450984903,0.14114990830421448,0.01207593859543421,0.3281808896754216,0.24872115483793444,333,166.56725240361234,5.550000000000001,nan,0.0743408203125,-16.530704498291016,0.23516582895037796,-0.011569867834912049,364.08843994140625
270336,69.5319361849979,0.01131120136354413,0.14593505859375,,,,,,,,0.06689453125,-13.975915908813477,0.21916265447266015,-0.010666538462916993,338.9353942871094
278528,71.36652776599658,0.011081674803418215,0.14174805581569672,,,,,,,,0.0567626953125,-10.957476615905762,0.22989170787732105,-0.010590192591423242,345.2339782714844
286720,73.18149545699998,0.014107584987195988,0.18352051079273224,,,,,,,,0.0484619140625,-8.48729419708252,0.2149668112786023,-0.008910452316423345,322.68316650390625
294912,74.97903988599865,0.01868051015308087,0.22072754800319672,,,,,,,,0.0372314453125,-5.704159259796143,0.20509793913470709,-0.003508515741016351,291.6327209472656
303104,76.79743790399516,0.010766658759726043,0.13675537705421448,,,,,,,,0.0362548828125,-4.953167915344238,0.22376742720275766,-0.011557912243785627,249.30015563964844
311296,78.63176264399954,0.015045003504150698,0.18624268472194672,,,,,,,,0.03125,-3.674917459487915,0.20586090992612016,-0.00934039698339009,219.79544067382812
319488,80.52101617199514,0.01317051431542618,0.17194823920726776,,,,,,,,0.025390625,-2.4779953956604004,0.20148126460090943,-0.010366698680425052,179.1979217529297
327680,82.34028263499931,0.021120496030237364,0.23958741128444672,0.002031148470696187,0.249455708670978,0.24331794285425234,333,193.0522869396629,18.75,nan,0.0203857421875,-1.5566129684448242,0.19613311663684097,-0.004187191020183249,145.87782287597656
335872,84.23038781099604,0.029115369321738062,0.23016357421875,,,,,,,,0.016357421875,-0.9019542932510376,0.20202425696933513,-0.0009382274491941053,112.61516571044922
344064,86.03646637099882,0.016824697337357815,0.21083985269069672,,,,,,,,0.015380859375,-0.6085175275802612,0.2042960224376812,-0.01367870505801342,93.16699981689453
352256,87.80850689899671,0.014624072736058358,0.18824462592601776,,,,,,,,0.01611328125,-0.4638913869857788,0.21850797810665368,-0.011733785156469792,82.69847106933594
360448,89.61187776099541,0.015811087573654584,0.20537109673023224,,,,,,,,0.0113525390625,-0.03972860798239708,0.20721046201594462,-0.01320072290815162,58.71664047241211
368640,91.48521396299475,0.013904653890083746,0.18557129800319672,,,,,,,,0.0106201171875,0.11292695999145508,0.20573631533101733,-0.014360170249600714,47.736366271972656
376832,93.30953557999601,0.016424370098204633,0.20330810546875,,,,,,,,0.010498046875,0.1971151977777481,0.22165048811775545,-0.013559556842013848,42.758846282958984
385024,95.14807168099651,0.014047484481461332,0.18341064453125,,,,,,,,0.0089111328125,0.3115188181400299,0.21301218925620602,-0.017387765457116,33.60007858276367
393216,97.02031175199954,0.015065405183957185,0.19155274331569672,0.0070876691671563075,0.3402987011594478,0.24581951013199788,333,182.49626732515566,16.5,nan,0.00732421875,0.4026540219783783,0.18991743203684786,-0.01733469124098082,26.543506622314453
401408,98.90016014899447,0.016819022001988,0.21243897080421448,,,,,,,,0.0069580078125,0.4645521640777588,0.19713427305558107,-0.016781414518978518,21.388076782226562
409600,100.65065614399646,0.01543358537785007,0.20090332627296448,,,,,,,,0.0086669921875,0.4970923066139221,0.19498273565557933,-0.019510647257436866,24.265974044799805
417792,102.47858653399453,0.017865217953019177,0.228515625,,,,,,,,0.007568359375,0.5241525769233704,0.19997377760122037,-0.016941857099771973,19.59224510192871
425984,104.28875084500032,0.01681030016504299,0.21730957925319672,,,,,,,,0.006591796875,0.5450705289840698,0.19260124433693981,-0.018529696654221602,18.055957794189453
434176,106.00293435200001,0.015052209962589342,0.1922607421875,,,,,,,,0.0068359375,0.5569214820861816,0.16041140174154223,-0.019577404770741866,16.850074768066406
442368,107.9136093279958,0.015836110936372532,0.20140381157398224,,,,,,,,0.005126953125,0.556036114692688,0.1855398598448771,-0.022515460013693988,12.953709602355957
450560,109.91790847399534,0.01417061995522638,0.18303222954273224,,,,,,,,0.0064697265625,0.6016277074813843,0.18430504801790004,-0.021455541136699584,12.38943862915039
458752,111.71832855999673,0.014703169418318,0.1937255859375,0.006648882869871975,0.2519562740873649,0.2387950664468821,333,195.1162785242263,45.6,nan,0.004638671875,0.5746352076530457,0.15941328816731926,-0.02176906196235214,10.654868125915527
466944,113.61394676700002,0.015096462305341875,0.19390869140625,,,,,,,,0.0054931640625,0.597658634185791,0.14765132054511687,-0.019177028527036618,10.51463508605957
475136,115.37028463699971,0.014179069915263132,0.18587647378444672,,,,,,,,0.006103515625,0.6005822420120239,0.17854287997071783,-0.02029119183195932,9.337170600891113
483328,117.10494575899793,0.017588139259637627,0.22197265923023224,,,,,,,,0.00390625,0.5821952223777771,0.1723089187094229,-0.020534156561896652,5.928305149078369
491520,119.09892085899628,0.015564998812569938,0.19924317300319672,,,,,,,,0.0059814453125,0.6255823373794556,0.19975004298764187,-0.02196076280712478,7.665144443511963
499712,121.0871711439977,0.015842686027524505,0.20753173530101776,,,,,,,,0.00537109375,0.6388858556747437,0.18631461497022783,-0.01782001813296948,8.728520393371582
507904,122.89189600199461,0.018318854876843125,0.22054444253444672,,,,,,,,0.0042724609375,0.6136529445648193,0.1808151959193408,-0.0206187630895535,5.0278096199035645
516096,124.80261558199709,0.017651484444737797,0.22508545219898224,,,,,,,,0.0045166015625,0.6039603352546692,0.18970899322793833,-0.021979693475177458,4.681522369384766
524288,127.23888110299595,0.018971203838444663,0.2308349609375,0.0056947850758574114,0.24394014706338796,0.23525082193594105,333,194.75783406265805,48.0,nan,0.0047607421875,0.6209543943405151,0.20313394176307575,-0.016725526139635686,5.617482662200928
532480,129.66343167399464,0.018628363945397713,0.23291015625,,,,,,,,0.00390625,0.6079806089401245,0.19518072471102155,-0.023814348334547666,3.9144608974456787
540672,131.87487057600083,0.01783708671281179,0.2294921875,,,,,,,,0.0047607421875,0.6077982783317566,0.18191197877506893,-0.021416458131879562,5.372464656829834
548864,133.72715322899603,0.018872615169218877,0.23431396484375,,,,,,,,0.0040283203125,0.601703405380249,0.19822025113655684,-0.019196879174462108,4.311951160430908
557056,135.4186667190006,0.017877336120128175,0.22829590737819672,,,,,,,,0.0040283203125,0.6164479851722717,0.1879329450199334,-0.021387921980799026,3.9146645069122314
565248,137.10241511599452,0.018243702261654532,0.23245850205421448,,,,,,,,0.0054931640625,0.6622158885002136,0.17226950031263355,-0.018999196646882086,4.719613552093506
573440,138.88611571399815,0.019015970465965627,0.23382568359375,,,,,,,,0.003662109375,0.6339020729064941,0.19358076072625174,-0.020512365163821458,3.0447537899017334
581632,140.6039759139967,0.018887615513779495,0.23348389565944672,,,,,,,,0.0032958984375,0.6179485321044922,0.19096549756862635,-0.01966031438685885,2.7466111183166504
589824,142.24791991999518,0.02180614450030335,0.25501710176467896,0.0013657858910224308,0.24311988576234556,0.23543996156006908,333,196.36652170588206,48.45,nan,0.0042724609375,0.6149805784225464,0.18755826560220912,-0.019091875837501396,2.8657021522521973
598016,143.96714898599748,0.020883771211354225,0.25367432832717896,,,,,,,,0.0048828125,0.6533945798873901,0.19455847623265154,-0.01827899822504779,3.859036684036255
606208,145.5931457830011,0.01938893834344417,0.24039307236671448,,,,,,,,0.004150390625,0.6539105176925659,0.18731815521102768,-0.01872368144018131,3.520542621612549
614400,147.17245000699768,0.023425882483931838,0.2715820372104645,,,,,,,,0.00390625,0.6419548392295837,0.20275317723241537,-0.017171389749009617,2.254826307296753
622592,148.79292851599894,0.025038376093006368,0.2870117127895355,,,,,,,,0.0042724609375,0.6504128575325012,0.20017470610602683,-0.01751667787655398,3.1031711101531982
630784,150.49918177599466,0.025223388240423278,0.2941650450229645,,,,,,,,0.003662109375,0.631004273891449,0.1985881157864643,-0.01902043650181184,1.9059375524520874
638976,152.18623565699818,0.022598254371810393,0.2633422911167145,,,,,,,,0.0050048828125,0.6597796082496643,0.1990269234250749,-0.01548170799684478,3.829582929611206
647168,153.82931673299754,0.027628596132438423,0.30126953125,,,,,,,,0.0030517578125,0.6314966678619385,0.196163107502356,-0.016286879274311845,1.630106806755066
655360,155.48219529299968,0.022470132597122456,0.27049562335014343,0.0010474542505649609,0.24134925821338749,0.2391151097851093,333,196.53908899150144,32.4,nan,0.0042724609375,0.6439079642295837,0.18660399454000243,-0.016351982811549273,2.5040547847747803
663552,157.2709740969949,0.029927033538082095,0.3201538026332855,,,,,,,,0.0040283203125,0.6585749983787537,0.19567460986728302,-0.014108545636438744,3.632547378540039
671744,158.9820210120015,0.022865086266672902,0.2696777284145355,,,,,,,,0.00439453125,0.6645623445510864,0.19270994270161212,-0.017485015423290128,3.5059425830841064
679936,160.67147167000076,0.02842443945017442,0.30595704913139343,,,,,,,,0.0042724609375,0.6409376859664917,0.19218667843931536,-0.017339561038082523,2.022845983505249
688128,162.3964871749995,0.026954722707875675,0.3023681640625,,,,,,,,0.0035400390625,0.62577223777771,0.19156378332701107,-0.01785691532428017,1.5554695129394531
696320,164.06585896600154,0.029841654728837805,0.30633544921875,,,,,,,,0.0042724609375,0.6547338962554932,0.18473821913535426,-0.016287866876172535,2.6005008220672607
704512,165.74723931100016,0.026328098251896373,0.29718017578125,,,,,,,,0.003173828125,0.6228545904159546,0.1620547484182685,-0.01654647604536124,1.4800220727920532
712704,167.42539821199898,0.0262559294569112,0.2990356385707855,,,,,,,,0.0032958984375,0.6389047503471375,0.16407852158992442,-0.020803957666231124,2.0698912143707275
720896,169.1237587450014,0.028907626876422544,0.31666260957717896,0.0033556956884832623,0.230103150891376,0.23007240790247474,333,197.97591897716757,48.45,nan,0.004150390625,0.6298249959945679,0.19148849927168654,-0.012565771807832447,1.5080019235610962
729088,170.86759529499977,0.026197241227867197,0.2965087890625,,,,,,,,0.00341796875,0.631364107131958,0.19095190457157796,-0.016151096010964577,1.6304126977920532
737280,172.54758550499537,0.027383383867704128,0.30314943194389343,,,,,,,,0.00390625,0.6276940703392029,0.19607686580319605,-0.014355572041457515,1.6818150281906128
745472,174.23045027799526,0.02949151613586686,0.3152099549770355,,,,,,,,0.00390625,0.6466752290725708,0.19737496903437013,-0.017012360601537765,2.3108632564544678
753664,175.92743046399846,0.02738201812065091,0.3092041015625,,,,,,,,0.00390625,0.6411486864089966,0.1928547641819366,-0.013036009520361666,2.533673048019409
761856,177.6286010479962,0.026605641453129072,0.29899904131889343,,,,,,,,0.003173828125,0.617811381816864,0.19594873615771657,-0.019514297736578742,0.7810279726982117
770048,179.33982359799847,0.03041428269911981,0.3227905333042145,,,,,,,,0.002685546875,0.6077685356140137,0.20217354865067827,-0.018334040904714546,0.5781070590019226
778240,181.0042928729963,0.027174944153015936,0.302734375,,,,,,,,0.0035400390625,0.6126558780670166,0.20166647040781127,-0.018836699382402372,0.8232912421226501
786432,182.67414512599498,0.023278557702070227,0.278076171875,0.0011330301800974718,0.2266178945159779,0.22290277009489767,333,201.637508040286,49.5,nan,0.00390625,0.6189011335372925,0.19406659926934133,-0.017235554986933115,1.2239021062850952
794624,184.47696639900096,0.026130239531794802,0.29865723848342896,,,,,,,,0.0032958984375,0.6282076835632324,0.19616984828532869,-0.015587449433750523,1.2285901308059692
802816,186.13740742400114,0.028445868716058323,0.3145507872104645,,,,,,,,0.0029296875,0.611930787563324,0.18705966466905588,-0.023467226345145694,0.2458672970533371
811008,187.85205419400154,0.02532760526719079,0.2943359315395355,,,,,,,,0.0035400390625,0.6371363401412964,0.19501453859711892,-0.018207637947677584,1.0181820392608643
819200,189.6698828840017,0.0224817653125972,0.27277833223342896,,,,,,,,0.003173828125,0.6277620792388916,0.189668984090413,-0.018790699843373716,1.3885667324066162
827392,191.39219661399693,0.027678543357123386,0.3089965879917145,,,,,,,,0.00341796875,0.6229940056800842,0.17219066014777296,-0.01779843380466958,0.6318475604057312
835584,193.09062829300092,0.030178029778406074,0.32246094942092896,,,,,,,,0.0032958984375,0.6285014748573303,0.1792966026590994,-0.01617614392938049,1.1453266143798828
843776,194.79017445099453,0.02654247921449836,0.3005737364292145,,,,,,,,0.0035400390625,0.6317464709281921,0.19243350403076276,-0.016496005169902062,0.7557299733161926
851968,196.5188805910002,0.025966226034075435,0.2893920838832855,0.0022975511975537044,0.21279453860252084,0.20857090054641791,333,206.63570625314486,49.650000000000006,nan,0.0030517578125,0.6293848156929016,0.18382051133063348,-0.018496060638878025,0.7816755771636963
860160,198.3710820080014,0.030773346489201794,0.3216919004917145,,,,,,,,0.003173828125,0.6318344473838806,0.1867579030755806,-0.01685113425162755,0.7543696761131287
868352,200.0134967729973,0.028467274553068113,0.30614015460014343,,,,,,,,0.0035400390625,0.6262726783752441,0.18197661855556202,-0.020733510933038154,0.4349263310432434
876544,201.64087979000033,0.024369252324850994,0.27935791015625,,,,,,,,0.0035400390625,0.6496272683143616,0.1873121590386626,-0.015798788610153665,1.4030535221099854
884736,203.30880119899666,0.02520463170282914,0.2882080078125,,,,,,,,0.00341796875,0.6509882211685181,0.1864706260146185,-0.016331460994804408,1.4894816875457764
892928,205.0118178010016,0.031037593408907216,0.32469484210014343,,,,,,,,0.0037841796875,0.6528386473655701,0.18160787606486406,-0.014925486934267923,1.3596901893615723
901120,206.73275460999866,0.03259158509960217,0.33349609375,,,,,,,,0.003173828125,0.6314493417739868,0.1751001935595088,-0.015645276536906266,0.5170571208000183
909312,208.46223412299878,0.029395875848150288,0.3116088807582855,,,,,,,,0.0029296875,0.6352928876876831,0.18349365271718554,-0.018090681221741657,0.6420741677284241
917504,210.14141807199485,0.03011098937597645,0.3164428770542145,0.003799294241998319,0.18418835796098443,0.18055602863439546,333,215.12356814590413,49.5,nan,0.0035400390625,0.6459673643112183,0.16981114707931622,-0.023276642504482224,0.39269018173217773
925696,211.93920893999893,0.02558626656383181,0.29206544160842896,,,,,,,,0.0025634765625,0.6432589292526245,0.1627390460673136,-0.019777629729615775,0.6405531167984009
933888,213.6848459009998,0.028657230993553096,0.3125976622104645,,,,,,,,0.0042724609375,0.6696826815605164,0.14912491245491877,-0.016868601518070115,1.8700584173202515
942080,215.42988684699958,0.033358112831374846,0.3412719666957855,,,,,,,,0.00341796875,0.6511812210083008,0.17229142009774856,-0.017580366957409815,0.61908358335495
950272,217.1206548189948,0.027172873194179683,0.3069702088832855,,,,,,,,0.0030517578125,0.6713843941688538,0.16857615892607236,-0.020042107546764037,1.1428446769714355
958464,218.83401107499958,0.03224019476211506,0.33189699053764343,,,,,,,,0.0042724609375,0.6787104606628418,0.13778376129402437,-0.01634598317431221,1.0526484251022339
966656,220.5006021129957,0.029512893173308852,0.3178344666957855,,,,,,,,0.0023193359375,0.6745499968528748,0.14335443007324655,-0.014477825606251367,1.2008427381515503
974848,222.18256843899871,0.03262595678523663,0.3363891541957855,,,,,,,,0.003662109375,0.6700236797332764,0.1334613842427841,-0.020018520830764542,0.5790360569953918
983040,223.91989959299826,0.03191278640260995,0.33708497881889343,0.002668090510243748,0.1473222331461993,0.14633213037537562,333,232.3374386847525,48.45,nan,0.0029296875,0.6601768732070923,0.12795198370552563,-0.024393436415512892,0.3756784498691559
991232,225.72623512499558,0.031103805663069885,0.3301147520542145,,,,,,,,0.0030517578125,0.6790032386779785,0.13242002823154064,-0.017407423468841495,0.826370894908905
999424,227.3621553539997,0.02980912755776548,0.3232788145542145,,,,,,,,0.0037841796875,0.6812237501144409,0.13200654200610806,-0.019675570720035996,0.7721580862998962
1007616,229.10294162799983,0.03187102658286761,0.33385011553764343,,,,,,,,0.0025634765625,0.6821452379226685,0.1250662345719311,-0.026748811801270218,0.28736504912376404
1015808,230.77626968099503,0.028013177532072643,0.30958253145217896,,,,,,,,0.00341796875,0.7002043128013611,0.12003602812518999,-0.020415827139362012,0.8025068640708923
1024000,232.46399282999482,0.031237370994660126,0.3313232362270355,,,,,,,,0.0040283203125,0.7055596113204956,0.11811599354892444,-0.019269396848780304,1.1931275129318237
1032192,234.168166509,0.03209904483907738,0.3268188536167145,,,,,,,,0.0025634765625,0.7177647352218628,0.10914406108199814,-0.018880842243149232,1.3168121576309204
1040384,235.83507499799452,0.03318393830929997,0.34050294756889343,,,,,,,,0.003662109375,0.7142009139060974,0.10484758468935584,-0.0268469015881799,0.3705524206161499
1048576,237.54107723599736,0.030354673314796545,0.3280273377895355,0.006817941167933994,0.11781446095106785,0.11489303783248339,333,247.51767657832687,49.650000000000006,nan,0.0029296875,0.7296784520149231,0.10530629248266887,-0.021290145917995523,1.0698927640914917
1056768,239.39155321200087,0.03040352950716846,0.3216552734375,,,,,,,,0.0032958984375,0.7434676289558411,0.09617907746367627,-0.019843277337924837,1.0133684873580933
1064960,241.05614343199704,0.03286696608628558,0.3302978575229645,,,,,,,,0.0042724609375,0.7488012909889221,0.08028198784855145,-0.017711960152979035,1.6835991144180298
1073152,242.79005082899675,0.03396318693293749,0.33948975801467896,,,,,,,,0.0028076171875,0.7589388489723206,0.08609041649405813,-0.015252597673769101,1.5400956869125366
1081344,244.539164652997,0.0365168355149458,0.36018067598342896,,,,,,,,0.00390625,0.7915459871292114,0.07594046968794721,-0.02114537607823261,1.335713267326355
1089536,246.21069822799473,0.03431280001262598,0.3525146543979645,,,,,,,,0.003173828125,0.7522602081298828,0.07298067969656419,-0.019608378600889917,1.2998154163360596
1097728,247.89348856799916,0.03228177728960426,0.3326416015625,,,,,,,,0.003173828125,0.8171696662902832,0.0678928530140871,-0.022933312333233785,2.0742344856262207
1105920,249.8030318519959,0.0351539764090151,0.3431152403354645,,,,,,,,0.0042724609375,0.7986268401145935,0.07176949733036098,-0.018149026736846187,2.4348297119140625
1114112,251.48443673199654,0.034425803955405794,0.35065919160842896,0.005971374941280083,0.1007606921571691,0.08750166191234654,333,271.45437241107754,47.400000000000006,nan,0.0035400390625,0.8035907745361328,0.07027916484915853,-0.019407396569231045,1.8522309064865112
1122304,253.3337652830014,0.04016798996162593,0.3763794004917145,,,,,,,,0.003173828125,0.8098124861717224,0.07749606961556965,-0.019918266461650836,1.589034914970398
1130496,255.00749024499964,0.03522846646168031,0.35521242022514343,,,,,,,,0.004150390625,0.856419026851654,0.06692216723805333,-0.019968875141374763,2.9517881870269775
1138688,256.69742679200135,0.03738658313800829,0.35859376192092896,,,,,,,,0.00390625,0.8325894474983215,0.06780290481799511,-0.01938127659699568,2.3618171215057373
1146880,258.42697724399477,0.03818528339676231,0.3671020567417145,,,,,,,,0.0042724609375,0.8765153884887695,0.05373079606453546,-0.02090220169614454,3.6092278957366943
1155072,260.1515886339985,0.04262741164914394,0.38914796710014343,,,,,,,,0.003662109375,0.8373181819915771,0.04278875656554071,-0.019517914151655623,2.1168301105499268
1163264,261.9324024039961,0.033402563869286916,0.3390258848667145,,,,,,,,0.00390625,0.8760865330696106,0.05235261583165274,-0.022649385151906547,3.90617036819458
1171456,263.6530307590001,0.03849448483810118,0.37224122881889343,,,,,,,,0.003662109375,0.8393945693969727,0.05135640449578638,-0.021434120331069832,2.2975075244903564
1179648,265.2946782949948,0.04074437307427767,0.37744140625,0.01223497124533024,0.07371969027824832,0.0736278804755669,333,279.8849857578466,49.35,nan,0.003662109375,0.8903555870056152,0.037140324457575424,-0.01907534488888522,3.4739482402801514
1187840,267.1559321359964,0.037149157927309516,0.3517700135707855,,,,,,,,0.0047607421875,0.8673381805419922,0.03432999171452156,-0.01893082237212238,3.0101125240325928
1196032,268.84629724299884,0.0387653577653671,0.3679565489292145,,,,,,,,0.003173828125,0.8681893944740295,0.04794105254066294,-0.02064188831424701,3.620870351791382
1204224,270.52510329899815,0.039288524348527476,0.3667358458042145,,,,,,,,0.003662109375,0.9028484225273132,0.04717055769619527,-0.02186784826081535,2.4281911849975586
1212416,272.2021576219995,0.038298480120577086,0.3591064512729645,,,,,,,,0.004638671875,0.9130088090896606,0.024127094262001547,-0.025167122076765913,3.4760310649871826
1220608,273.8959148119975,0.04132471631814958,0.37860107421875,,,,,,,,0.0029296875,0.9062864780426025,0.0422076462461749,-0.02328560854952146,3.46232008934021
1228800,275.56439720100025,0.03735686002669088,0.3613037168979645,,,,,,,,0.004638671875,0.9115726351737976,0.040122332392101834,-0.027120207810588017,3.452375888824463
1236992,277.24742093099485,0.038708565115759264,0.37019044160842896,,,,,,,,0.0032958984375,0.9076788425445557,0.034557634084470545,-0.025188949677931328,3.687215566635132
1245184,279.01632194600097,0.0379024726712693,0.3614257872104645,0.012838282873130491,0.0754985120269579,0.0714681469386027,333,280.2012409354965,49.650000000000006,nan,0.00439453125,0.953903079032898,0.031937513811296614,-0.023450021495085127,4.384310245513916
1253376,280.82383322299575,0.043900017624837924,0.38087159395217896,,,,,,,,0.0042724609375,0.8955413103103638,0.039328886434417565,-0.014821977768812507,3.9541332721710205
1261568,282.62219709099736,0.042130620332938,0.38641357421875,,,,,,,,0.0025634765625,0.9122838973999023,0.024891054505163157,-0.020223127410571005,3.1344475746154785
1269760,284.3173678890016,0.046991287907825946,0.39659425616264343,,,,,,,,0.004150390625,0.9425655007362366,0.024319073743987007,-0.021308788773189764,3.2608535289764404
1277952,286.0223488929987,0.038301645700123885,0.3681640625,,,,,,,,0.00341796875,0.9114506244659424,0.03011986839613945,-0.023665335730640523,3.720085859298706
1286144,287.72210685599566,0.04100308497034986,0.3782592713832855,,,,,,,,0.0050048828125,0.9874126315116882,0.031125022872362296,-0.02530591839903956,3.9756417274475098
1294336,289.4271797190013,0.045360687036167635,0.3984375,,,,,,,,0.00390625,0.911436140537262,0.036862679494459094,-0.01983103242126815,3.2697792053222656
1302528,291.0715641839997,0.043710739573834416,0.38885498046875,,,,,,,,0.0032958984375,0.9917101860046387,0.03215022173891213,-0.022766487828094525,4.5589919090271
1310720,292.74516302999837,0.03675924662394433,0.3591552674770355,0.05339002151314065,0.06953005302992454,0.06695955174507107,333,292.77711758617363,47.400000000000006,nan,0.00439453125,0.9941256046295166,0.026404771365969748,-0.025362268819252333,5.622231960296631
1318912,294.5384512469973,0.04078561651518775,0.3774658143520355,,,,,,,,0.0040283203125,0.987689733505249,0.02392187982801608,-0.027098824733250954,5.409707069396973
1327104,296.18592001700017,0.04178557320601022,0.3761962950229645,,,,,,,,0.0050048828125,1.0516694784164429,0.017999843350523737,-0.023905299430002455,5.769907474517822
1335296,297.86997002199496,0.03865964362594271,0.3690185546875,,,,,,,,0.0040283203125,0.9773585796356201,0.02400806740504291,-0.028299578456317743,4.430442810058594
1343488,299.5628239459984,0.0437579147935733,0.39586183428764343,,,,,,,,0.0035400390625,0.976468563079834,0.028946427424766052,-0.030369420057275893,4.258191108703613
1351680,301.21609458099556,0.04181124545987146,0.38276368379592896,,,,,,,,0.00439453125,1.0296838283538818,0.029171159833812244,-0.028612754007467545,5.6311845779418945
1359872,302.88791279599536,0.045768584013238967,0.40288087725639343,,,,,,,,0.0040283203125,0.9882384538650513,0.03004719122451538,-0.024926412319805965,4.963399887084961
1368064,304.62138279799547,0.04880989219478982,0.40764161944389343,,,,,,,,0.003662109375,1.0399037599563599,0.02184821298207329,-0.023543849331156608,4.6028666496276855
1376256,306.26289304500096,0.04371375956235787,0.38568115234375,0.021496546271553396,0.03529550807594617,0.03308307079130812,333,322.5422050819842,48.300000000000004,nan,0.004150390625,1.022122859954834,0.019491591534420927,-0.02082919615651837,5.294593811035156
1384448,308.0801778719979,0.04272766021997427,0.38438722491264343,,,,,,,,0.0045166015625,1.0205096006393433,0.01855631404034419,-0.03134357332059495,6.233046054840088
1392640,309.9423170279988,0.04662964939651083,0.4101928770542145,,,,,,,,0.0037841796875,1.061705470085144,0.018335337085465198,-0.02829394912885207,6.555246829986572
1400832,311.6741143909967,0.04853088706422411,0.4111328125,,,,,,,,0.00439453125,1.0342239141464233,0.01697719086285443,-0.025356541062886113,7.0012712478637695
1409024,313.42098316099873,0.046818288869405894,0.40458986163139343,,,,,,,,0.0047607421875,1.0780569314956665,0.02075882131747031,-0.025333839993449625,7.563488006591797
1417216,315.1524549319947,0.04471319083366616,0.3931518495082855,,,,,,,,0.0047607421875,1.04043447971344,0.01563110598509665,-0.0253170103292331,8.420912742614746
1425408,316.78813902899856,0.04371796829693317,0.38361817598342896,,,,,,,,0.0045166015625,1.132549524307251,0.012097261288873562,-0.026710138666652963,7.986889839172363
1433600,318.4743760650017,0.04275748389794542,0.38812255859375,,,,,,,,0.0042724609375,1.0775995254516602,0.005836034613023067,-0.03199438328599223,5.9687819480896
1441792,320.17291396400105,0.044115810297904304,0.388916015625,0.028898918022517317,0.032494213553951656,0.03030134835987286,333,322.5842062054328,48.75,nan,0.0048828125,1.0920870304107666,0.015541258232334765,-0.02399313721238517,9.959993362426758
1449984,321.9380738369946,0.052649409533625124,0.41937255859375,,,,,,,,0.0037841796875,1.0238361358642578,0.018786659616627732,-0.024293719147387417,6.951667785644531
1458176,323.6100985919984,0.04758392896697361,0.408203125,,,,,,,,0.003173828125,1.0553157329559326,0.01555906455478151,-0.028931438897673023,5.5746965408325195
1466368,325.39447250100056,0.0533855745867281,0.43145751953125,,,,,,,,0.004638671875,1.061566710472107,0.017489063788866277,-0.026585684857211342,5.847829341888428
1474560,327.10313119999773,0.04402204124526841,0.3946899473667145,,,,,,,,0.0032958984375,1.0246096849441528,0.01776981533846056,-0.02923156227862174,6.53957986831665
1482752,328.81138782799826,0.04859304456462073,0.41510009765625,,,,,,,,0.0042724609375,1.1109167337417603,0.01961942706781561,-0.025901038964951262,8.0586576461792
1490944,330.4546071980003,0.04923229367188909,0.40771484375,,,,,,,,0.004150390625,1.0733180046081543,0.010348296402186818,-0.0264690033625694,8.912577629089355
1499136,332.09728762099985,0.04813571198503447,0.40728759765625,,,,,,,,0.0042724609375,1.1455819606781006,0.015049701360577372,-0.02563709696091723,8.034178733825684
1507328,334.04868392500066,0.05259021136233808,0.4173339903354645,0.04710916174672808,0.04830923564493539,0.03948514480994103,333,349.6566757493796,33.15,nan,0.0045166015625,1.1227290630340576,0.01445612007165531,-0.020103954936067953,7.8851752281188965
1515520,335.79667314499966,0.045963028599416644,0.40223389863967896,,,,,,,,0.0050048828125,1.1970868110656738,0.019114560385247503,-0.024707661010412232,11.033905029296875
1523712,337.41400721899845,0.045004908495091235,0.39545899629592896,,,,,,,,0.0054931640625,1.162365198135376,0.01056644586696398,-0.03010029415170734,10.179791450500488
1531904,339.1227354319999,0.0467789996859905,0.40875244140625,,,,,,,,0.003662109375,1.1145703792572021,0.016345390160581896,-0.033129762789803334,10.2947359085083
1540096,340.8161573670004,0.0568977372648272,0.4441894590854645,,,,,,,,0.004638671875,1.1617588996887207,0.010641087592449971,-0.02225111763289465,8.499371528625488
1548288,342.51520690899633,0.0518555666734061,0.42576906085014343,,,,,,,,0.004638671875,1.170475959777832,0.00785656260246348,-0.023633603993564428,9.45080852508545
1556480,344.16437489399686,0.052363450595649265,0.42242431640625,,,,,,,,0.0045166015625,1.1505097150802612,0.015207496370256646,-0.02402602444592389,10.41281795501709
1564672,345.8305631609983,0.0469713526016281,0.40655517578125,,,,,,,,0.0045166015625,1.1640807390213013,0.012287086154120441,-0.027068612231044054,9.807574272155762
1572864,347.51946298999974,0.04670582822871727,0.4074462950229645,0.030836086196941004,0.028802906360271052,0.025990628209393463,333,391.8758568529234,40.5,nan,0.0042724609375,1.1142699718475342,0.013301950019032227,-0.02824244850383,7.619241237640381
1581056,349.37298372900113,0.050203296366167244,0.4195800721645355,,,,,,,,0.0032958984375,1.1991227865219116,0.008052810557087842,-0.027368714076944096,8.661974906921387
1589248,351.06278129600105,0.04652926690012282,0.3979248106479645,,,,,,,,0.00537109375,1.1933023929595947,0.008911477273308321,-0.02541065732574599,11.099806785583496
1597440,352.80572509399644,0.05116175322809946,0.4231323301792145,,,,,,,,0.00439453125,1.1695090532302856,0.0067460265142303966,-0.027855633344941746,10.315539360046387
1605632,354.4859933810003,0.05466094528734405,0.42646485567092896,,,,,,,,0.00341796875,1.190736174583435,0.009316446000886325,-0.027631622791633788,9.58422565460205
1613824,356.139359625995,0.05091620089448447,0.4177002012729645,,,,,,,,0.005126953125,1.1977388858795166,0.008213259019561159,-0.03054352701117807,10.96240234375
1622016,357.8430699419987,0.049862150737899714,0.4192748963832855,,,,,,,,0.0035400390625,1.1691038608551025,0.011718904061768454,-0.028246351788640524,11.814233779907227
1630208,359.52193276400067,0.052715295380311694,0.4229492247104645,,,,,,,,0.0047607421875,1.2229769229888916,0.011903481021112494,-0.027161066627687882,11.159358978271484
1638400,361.21493302399904,0.05272411053973976,0.4207397401332855,0.011230628853731828,0.027848475724859822,0.02028332435176683,333,400.77568963763963,48.75,nan,0.004150390625,1.168608546257019,0.009959964759643114,-0.02693284920688048,10.58994197845459
1646592,363.107932547995,0.05407403636364291,0.4295288026332855,,,,,,,,0.0037841796875,1.2460042238235474,0.0064445158383126255,-0.029067788986276957,8.501352310180664
1654784,364.80753865600127,0.06663253941325975,0.45893555879592896,,,,,,,,0.0042724609375,1.213490605354309,0.013810024823398881,-0.02066426512773764,8.936173439025879
1662976,366.57416709300014,0.05682313898164133,0.43586426973342896,,,,,,,,0.005126953125,1.2623306512832642,0.0138228429383076,-0.01798991874748772,11.052637100219727
1671168,368.2426102870013,0.07324702179732218,0.4578491151332855,,,,,,,,0.0042724609375,1.272830605506897,0.011109978184270064,-0.014478354523132378,10.233272552490234
1679360,370.1396931470008,0.06782681581790671,0.46052247285842896,,,,,,,,0.00341796875,1.166226863861084,0.01281081090356051,-0.016593339165891702,7.470410346984863
1687552,371.7758365089976,0.05766507333189726,0.445556640625,,,,,,,,0.004150390625,1.2165015935897827,0.012606997114827267,-0.022622571071744976,8.90762996673584
1695744,373.4515412769979,0.06082484602841968,0.4466919004917145,,,,,,,,0.003662109375,1.1439039707183838,0.011066776754815377,-0.02387642238286619,8.037778854370117
1703936,375.1652548179991,0.05765969812886027,0.43916016817092896,0.03261156408772503,0.03477150489091574,0.02452412084402833,333,401.7529456253182,43.5,45.900000000000006,0.00390625,1.2536569833755493,0.011145585325591512,-0.028134002661994374,7.781679630279541
1712128,376.9837554889964,0.047994413140286823,0.4085693359375,,,,,,,,0.0042724609375,1.1838871240615845,0.0064184748447400075,-0.02746927169247362,11.553388595581055
1720320,378.73120097499486,0.04993968320176404,0.4152465760707855,,,,,,,,0.0040283203125,1.255289077758789,0.009230145697692205,-0.029694953395205517,9.474810600280762
1728512,380.4718324150017,0.058443655794128906,0.43798828125,,,,,,,,0.00439453125,1.3019509315490723,0.008704854145122343,-0.022694785813330464,10.050575256347656
1736704,382.19002882499626,0.06092869059560472,0.4515380859375,,,,,,,,0.0040283203125,1.204881191253662,0.00803764150919073,-0.023065432216853518,8.430224418640137
1744896,383.8592494339973,0.06331836912635669,0.46159669756889343,,,,,,,,0.0037841796875,1.3170374631881714,0.006779488940739986,-0.02726268591193859,7.215878963470459
1753088,385.55161347099784,0.06466451612940352,0.44407960772514343,,,,,,,,0.006591796875,1.42743718624115,0.008173628648358133,-0.019641763243239102,11.842758178710938
1761280,387.2246449480008,0.05896689728641469,0.446533203125,,,,,,,,0.0037841796875,1.2772183418273926,0.009138165878798121,-0.02249798327522738,8.545333862304688
1769472,388.98001003399986,0.06131506845414514,0.4516845643520355,0.02157156616956546,0.017990549609687934,0.017990549609687934,333,432.19670149343585,49.95,nan,0.003662109375,1.25076425075531,0.006857439636752005,-0.01998764065933587,8.142762184143066
1777664,390.8138890209957,0.05040853280752642,0.41840821504592896,,,,,,,,0.0052490234375,1.2913916110992432,0.006493747355540647,-0.026079111080231088,9.932662010192871
1785856,392.4346972259955,0.06814971280563326,0.46153566241264343,,,,,,,,0.005615234375,1.3282814025878906,0.009218800156868379,-0.019572246598650107,10.709944725036621
1794048,394.1284069299945,0.05947378546274695,0.4441894590854645,,,,,,,,0.0040283203125,1.254928469657898,0.010886283602539848,-0.023037218103082072,10.069942474365234
1802240,395.8214256729989,0.055654561841685914,0.43487548828125,,,,,,,,0.00390625,1.2897769212722778,0.012146888125911914,-0.0269022798057953,9.331306457519531
1810432,397.57918137399975,0.05689947467756634,0.44298097491264343,,,,,,,,0.0047607421875,1.2320218086242676,0.009728694747584643,-0.02488178227513869,8.79472827911377
1818624,399.2549576800011,0.06868087224900774,0.4759155213832855,,,,,,,,0.004150390625,1.2692066431045532,0.0066673858078063475,-0.016063594336823788,7.746163845062256
1826816,400.9403951819986,0.059972940880743564,0.4433349668979645,,,,,,,,0.0029296875,1.234751582145691,0.004720596863139415,-0.02707195349650232,6.738028049468994
1835008,402.62990494899714,0.058355248894149205,0.4441284239292145,0.013154129760981625,0.013778397211153925,0.01169298844940525,300,410.24115403117037,44.400000000000006,nan,0.004150390625,1.2701455354690552,0.004919310385479214,-0.026442900162074668,7.052792549133301
1843200,404.5451485800004,0.054238263942954834,0.4332275390625,,,,,,,,0.0030517578125,1.2840635776519775,0.006520113391019544,-0.02518979761427842,6.948790073394775
1851392,406.20983269299904,0.04943404639012431,0.41907960176467896,,,,,,,,0.0042724609375,1.2986897230148315,0.008286212195278808,-0.028020930387735943,9.947992324829102
1859584,407.9046100409978,0.04904334909430946,0.4111328125,,,,,,,,0.003662109375,1.2824312448501587,0.008475595598532948,-0.02978197276146002,10.700136184692383
1867776,409.59842246899643,0.05647451907684427,0.4369750916957855,,,,,,,,0.0040283203125,1.343145489692688,0.008010513414496323,-0.021446020102644153,10.146092414855957
1875968,411.2860951219991,0.055817205113574964,0.43853759765625,,,,,,,,0.00537109375,1.3436641693115234,0.008506444098800747,-0.027200236671404324,9.180499076843262
1884160,412.96684706999804,0.06656909792994994,0.46044921875,,,,,,,,0.0047607421875,1.307398796081543,0.009034854610918464,-0.019051346017611992,10.541658401489258
1892352,414.7171329949997,0.05725433013075518,0.44512939453125,,,,,,,,0.00341796875,1.3705650568008423,0.008211821121401286,-0.02699139650254595,11.620589256286621
1900544,416.5037172070006,0.06077229558859635,0.44910889863967896,0.009769003092042428,0.014904370926013266,0.007683545041787365,333,517.4949361183244,44.85,nan,0.0048828125,1.3194048404693604,0.006090478253423681,-0.022254941679376403,9.154765129089355
1908736,418.643957829001,0.06299475356433419,0.4547363221645355,,,,,,,,0.0037841796875,1.357332468032837,0.004595150336606291,-0.018468503154076985,9.738673210144043
1916928,420.6300635929947,0.05819848968851685,0.4413085877895355,,,,,,,,0.00390625,1.379244327545166,0.0064937977403306535,-0.02388615292097608,10.7156982421875
1925120,423.17431142499845,0.056252291164362124,0.4360107481479645,,,,,,,,0.00439453125,1.3751715421676636,0.006635326117495177,-0.025358780636487183,11.481147766113281
1933312,425.297615190997,0.06192107380911906,0.4521728456020355,,,,,,,,0.004150390625,1.383425235748291,0.007938716487595476,-0.02290623329530489,11.971755027770996
1941504,427.03597958799946,0.06482371961890518,0.46527099609375,,,,,,,,0.003173828125,1.4367579221725464,0.009237626028773205,-0.023927798131836167,11.063644409179688
1949696,428.7512163749998,0.05035382498145116,0.41724854707717896,,,,,,,,0.0045166015625,1.3836499452590942,0.005673063268270995,-0.024882304321188476,12.638571739196777
1957888,430.48751716999686,0.05805545365243269,0.43598634004592896,,,,,,,,0.005126953125,1.433580756187439,0.005135027582917839,-0.022356515904578086,14.137033462524414
1966080,432.18771320599626,0.0652560312088907,0.45167237520217896,0.028455683539296173,0.029905486872796372,0.021341762654472074,333,450.79517518397654,37.050000000000004,35.4,0.0047607421875,1.4689538478851318,0.006756647847025343,-0.017289611962649044,13.273582458496094
1974272,434.08278122699994,0.06747959069333491,0.4662719666957855,,,,,,,,0.004638671875,1.430393934249878,0.006983926517279304,-0.02037134943575975,12.435778617858887
1982464,435.6988284609979,0.05313437296433715,0.42271730303764343,,,,,,,,0.00390625,1.43112313747406,0.006632529059706016,-0.02314856517549776,14.433112144470215
1990656,437.51729792400147,0.060239302227205575,0.445556640625,,,,,,,,0.0048828125,1.4391629695892334,0.006600038514444462,-0.018076131380655384,13.545384407043457
1998848,439.48911101499834,0.07002261597502188,0.4831176698207855,,,,,,,,0.004150390625,1.4503114223480225,0.009029868047409684,-0.01811451151448924,14.059442520141602
2007040,441.19376878399635,0.057864261139879615,0.44044190645217896,,,,,,,,0.0040283203125,1.41985023021698,0.004495153456678391,-0.02402105262949958,12.241006851196289
2015232,442.9433558019955,0.06248223629339238,0.45635986328125,,,,,,,,0.00439453125,1.4312623739242554,0.006315856511711959,-0.020134835868520697,12.590438842773438
2023424,444.65437765800016,0.06242952333077594,0.46003419160842896,,,,,,,,0.003662109375,1.4611001014709473,0.004747876804770068,-0.027444369359642964,9.708635330200195
2031616,446.31297650899796,0.06777887892709321,0.4742431640625,0.0170009689737739,0.01673568955029825,0.013092531022846354,333,501.281051732246,37.65,48.150000000000006,0.00390625,1.419409990310669,0.0056005754755705794,-0.02295853563340204,9.387782096862793
2039808,448.18454978699447,0.07158187562707279,0.4859375059604645,,,,,,,,0.003173828125,1.430269718170166,0.005214872144158944,-0.02513349401061994,8.94726848602295
2048000,449.8390079469973,0.05916687943306387,0.44288331270217896,,,,,,,,0.0040283203125,1.5211825370788574,0.004339290664168494,-0.022271194530111782,8.588309288024902
2056192,451.523763915,0.06228917872669013,0.4409423768520355,,,,,,,,0.0048828125,1.5383380651474,0.0028887653006096636,-0.020665849140100463,11.590354919433594
2064384,453.19455020899477,0.07537518240596891,0.48533937335014343,,,,,,,,0.00439453125,1.5538004636764526,0.005606103218454672,-0.014144905161736599,10.120940208435059
2072576,454.87738011799956,0.07166930506066296,0.47515869140625,,,,,,,,0.004150390625,1.5093685388565063,0.005215229607830496,-0.018654717281359357,9.016676902770996
2080768,456.55473243799497,0.06613965935452136,0.4639038145542145,,,,,,,,0.0045166015625,1.4836266040802002,0.00525852645674596,-0.01939803327549654,9.16435432434082
2088960,458.1872032089959,0.07340501505037689,0.4835205078125,,,,,,,,0.0045166015625,1.5827631950378418,0.005431257466085304,-0.016758665513854368,10.045409202575684
2097152,459.9300191509974,0.08460033701517232,0.511340320110321,0.015224839072499607,0.02109405823792765,0.011851413368113684,333,500.7181843260671,43.35,nan,0.0037841796875,1.5541305541992188,0.0036886449450982406,-0.019042405448673222,7.224392890930176
2105344,461.7748364129948,0.0674387705608082,0.4720703065395355,,,,,,,,0.00341796875,1.5717989206314087,0.0048807176654031,-0.0211212624138023,8.54297161102295
2113536,463.49670453,0.06729403341518497,0.4757080078125,,,,,,,,0.003662109375,1.5632504224777222,0.0038779363003883516,-0.022349418902081458,6.518820285797119
2121728,465.2272188179995,0.05967290727992554,0.4485839903354645,,,,,,,,0.0054931640625,1.6088095903396606,0.00528514521432244,-0.01790385452233996,9.872172355651855
2129920,466.9200570339963,0.06657665631314232,0.47496339678764343,,,,,,,,0.0032958984375,1.5234849452972412,0.00478548251197175,-0.019738165499034878,8.312581062316895
2138112,468.6561322080015,0.06738264368307914,0.4769531190395355,,,,,,,,0.0042724609375,1.6559679508209229,0.006417957772667182,-0.020467123869902095,8.531977653503418
2146304,470.3950315280017,0.052093999564803185,0.41748046875,,,,,,,,0.005126953125,1.5949127674102783,0.004663923235249667,-0.021450597767901338,11.129332542419434
2154496,472.1434562729992,0.06805220533632443,0.46600341796875,,,,,,,,0.0029296875,1.5234047174453735,0.005340522884651144,-0.019493327836947547,7.2684831619262695
2162688,473.93849732299714,0.054512906047632065,0.40582275390625,0.014606603149984076,0.014069258020609876,0.010954952362488113,333,526.7555474550994,36.75,33.15,0.00439453125,1.548077940940857,0.004568289459558339,-0.0239631702445623,13.070259094238281
2170880,475.71803649499634,0.06490265198236449,0.45661622285842896,,,,,,,,0.004638671875,1.4875597953796387,0.003023003395095536,-0.02178667219487015,15.503949165344238
2179072,477.36750514699816,0.05761254877431288,0.45069581270217896,,,,,,,,0.0035400390625,1.5587526559829712,0.004924220572774529,-0.029396690207593158,13.243611335754395
2187264,479.04473426599725,0.07974642996647191,0.5055908560752869,,,,,,,,0.00439453125,1.548855185508728,0.004442612995198103,-0.01909940673565739,9.822348594665527
2195456,480.75170472099853,0.07804812172624437,0.50079345703125,,,,,,,,0.003662109375,1.6297720670700073,0.0037633631205822304,-0.018336406364229025,8.990073204040527
2203648,482.4376122120011,0.06845908484786548,0.47296142578125,,,,,,,,0.003662109375,1.562828540802002,0.0035416714083212897,-0.017715283425166095,10.397337913513184
2211840,484.12395434000064,0.07199484813085699,0.4819702208042145,,,,,,,,0.00341796875,1.5055789947509766,0.004640883418260522,-0.02225184421420673,9.545050621032715
2220032,485.86084237199975,0.0789635594906527,0.4999023377895355,,,,,,,,0.0035400390625,1.6379634141921997,0.002951082580268216,-0.02239953623496624,8.157735824584961
2228224,487.5553356550008,0.0627874523009816,0.4610839784145355,0.008446257894141218,0.00820289733688484,0.006334693420605886,333,550.2081892048518,49.800000000000004,31.950000000000003,0.0047607421875,1.5320360660552979,0.0037957787923910136,-0.02031688635530389,9.129599571228027
2236416,489.4765749129947,0.07485442578720539,0.48460695147514343,,,,,,,,0.00341796875,1.6920497417449951,0.003238832852320628,-0.019744581006701102,10.054461479187012
2244608,491.0988066919963,0.07059584774982446,0.479248046875,,,,,,,,0.00439453125,1.6173896789550781,0.003830008249772754,-0.018436116960970163,9.926745414733887
2252800,492.76575158500054,0.06559618551541029,0.46392822265625,,,,,,,,0.0030517578125,1.5138874053955078,0.004700050646997411,-0.02176707906828989,8.45771312713623
2260992,494.4564475750012,0.055898898995600035,0.4385986328125,,,,,,,,0.00341796875,1.549684762954712,0.006022616398529079,-0.02857839426149926,9.129069328308105
2269184,496.110466043996,0.0637806151671928,0.45350342988967896,,,,,,,,0.0048828125,1.5908468961715698,0.005873573281737987,-0.020407752624659468,12.12185001373291
2277376,497.8098301389982,0.07963890378581949,0.498779296875,,,,,,,,0.00244140625,1.60495126247406,0.0040491423404392934,-0.015821334964302946,8.283543586730957
2285568,499.522577634998,0.0751700364687431,0.48668214678764343,,,,,,,,0.0050048828125,1.6559460163116455,0.0037716715454680916,-0.01336576158318438,10.068160057067871
2293760,501.18444413099496,0.07302457284086349,0.4798828065395355,0.017402941886739853,0.019656274486622216,0.01305220641505489,333,498.74973587705205,38.550000000000004,22.35,0.0048828125,1.6386818885803223,0.0051704025534805576,-0.019359074836581325,9.576703071594238
2301952,503.07251788499707,0.06665844842043302,0.47491455078125,,,,,,,,0.0025634765625,1.6017653942108154,0.004167137158962331,-0.024812942599128186,7.066174507141113
2310144,504.7392159250012,0.07387233630702837,0.4739013612270355,,,,,,,,0.0042724609375,1.6617470979690552,0.006074571324495515,-0.01882627689757857,8.672624588012695
2318336,506.42521628899704,0.06985341502123395,0.4621826112270355,,,,,,,,0.0040283203125,1.6134964227676392,0.005662552303124513,-0.017942411862076554,11.48846435546875
2326528,508.1205047990006,0.0709175837610725,0.47779542207717896,,,,,,,,0.004150390625,1.5972387790679932,0.0058070160297500895,-0.021856510763056027,8.877726554870605
2334720,509.79475316299795,0.05755871084124164,0.43171387910842896,,,,,,,,0.0045166015625,1.6414389610290527,0.005581677127787565,-0.020728310933495805,13.375597953796387
2342912,511.48019126199506,0.07247356914255496,0.48225098848342896,,,,,,,,0.0035400390625,1.5759936571121216,0.004462155466503082,-0.021136491078208447,8.897126197814941
2351104,513.1917476620001,0.058308930948456864,0.4442138671875,,,,,,,,0.00439453125,1.6374361515045166,0.004593337419214527,-0.019996723861865476,13.42847728729248
2359296,514.943461183997,0.07288084856358205,0.4858154356479645,0.014806259254356857,0.013952741953219716,0.01110469444076767,333,534.5116921184583,38.25,24.900000000000002,0.00341796875,1.5341476202011108,0.0042927315354064355,-0.024003151872597925,10.5197114944458
2367488,516.8247943550014,0.0649712600140249,0.45976564288139343,,,,,,,,0.0035400390625,1.5852822065353394,0.004504611697697447,-0.025723871080304446,9.146245002746582
2375680,518.4959176389966,0.060624489394883845,0.44707033038139343,,,,,,,,0.0040283203125,1.5337493419647217,0.004055740193445567,-0.020746693969095835,10.317768096923828
2383872,520.1835541629989,0.11328484985244769,0.519360363483429,,,,,,,,0.00439453125,1.5767486095428467,0.007609920782564172,-0.010128957011053525,8.348553657531738
2392064,521.8260891979953,0.08522614395172462,0.513989269733429,,,,,,,,0.004638671875,1.6063754558563232,0.00777919916366665,-0.014103280919469588,9.595839500427246
2400256,523.6577560859951,0.07193757349930348,0.4774536192417145,,,,,,,,0.0035400390625,1.5277893543243408,0.004986464853792727,-0.022159149023605558,7.406323432922363
2408448,525.3301547859955,0.07994576507537836,0.502917468547821,,,,,,,,0.00390625,1.6859591007232666,0.004057539953112643,-0.013515351261854314,8.755579948425293
2416640,526.9808919319985,0.06618067531960194,0.45958253741264343,,,,,,,,0.00390625,1.6888344287872314,0.005515015080615693,-0.022069924877904722,11.07081413269043
2424832,528.6689646949962,0.10120986694203256,0.5296997427940369,0.006625053863320907,0.009768483314671728,0.005665281864764671,294,497.10445447002195,40.650000000000006,nan,0.0047607421875,1.6589856147766113,0.00498810187767873,-0.011302826522738445,7.9414825439453125
2433024,530.6045373859961,0.07801890975062342,0.47858887910842896,,,,,,,,0.00390625,1.6987417936325073,0.002821173293510948,-0.015364142174305526,8.487765312194824
2441216,532.2777858560003,0.07495358240019699,0.4759277403354645,,,,,,,,0.004150390625,1.7408348321914673,0.002326977913640782,-0.018764738972765208,9.621902465820312
2449408,534.0207546300007,0.07191122592639125,0.4781738221645355,,,,,,,,0.0040283203125,1.6138129234313965,0.004418095999501381,-0.01744477776511696,9.394418716430664
2457600,535.6710672580011,0.07676090028172591,0.4915405213832855,,,,,,,,0.003173828125,1.701006531715393,0.0035757249413932435,-0.01835804334102194,6.770305156707764
2465792,537.3427794499949,0.08288476371556165,0.4890502989292145,,,,,,,,0.0052490234375,1.7460857629776,0.003340661041198345,-0.013638838649242025,9.530462265014648
2473984,539.1846105889999,0.07316200014460153,0.4802612364292145,,,,,,,,0.004150390625,1.7639894485473633,0.004281387306615536,-0.019925486967627064,8.870172500610352
2482176,540.8630215109952,0.06714254220593101,0.46845704317092896,,,,,,,,0.0032958984375,1.766708254814148,0.00394855918735193,-0.021712907594774778,9.58154582977295
2490368,542.5430401379999,0.07821845276289639,0.4922241270542145,0.010700536895363322,0.012441883115621333,0.008268988820450573,333,565.2267329939133,22.8,39.0,0.0047607421875,1.6082996129989624,0.004387410644921985,-0.02074312375199651,7.733838081359863
2498560,544.4496640579964,0.05532504809837185,0.42921143770217896,,,,,,,,0.0042724609375,1.7777884006500244,0.004172676879296788,-0.02627653897239316,13.864503860473633
2506752,546.0777094199948,0.05692597814516608,0.43120118975639343,,,,,,,,0.005859375,1.890089988708496,0.003302117185277176,-0.017407353378803243,18.031278610229492
2514944,547.7554503349966,0.08189269815648269,0.5046753287315369,,,,,,,,0.0040283203125,1.7578516006469727,0.0034521619156957506,-0.018229790985249617,9.761829376220703
2523136,549.5338084030009,0.07720445653233354,0.4986816346645355,,,,,,,,0.0035400390625,1.7812812328338623,0.003727390814709519,-0.01606370794867423,9.780694961547852
2531328,551.2228334229949,0.07817268155168222,0.49537354707717896,,,,,,,,0.005859375,1.8452467918395996,0.0045805235129383615,-0.0184403457435059,10.366211891174316
2539520,552.9655253819947,0.11164567148192224,0.5298218131065369,,,,,,,,0.004150390625,1.8090260028839111,0.003215727560998527,-0.009160781918002512,10.129132270812988
2547712,554.6758618029999,0.0803671541239657,0.5008911490440369,,,,,,,,0.00439453125,1.7457765340805054,0.0030695567713597827,-0.021801037126302467,7.879130840301514
2555904,556.3383419599995,0.06570881626145686,0.45892333984375,0.00816070364946675,0.007087718367363993,0.006120527737100034,333,586.5242670043642,49.5,38.85,0.004638671875,1.8431693315505981,0.0042575453414864795,-0.023022850665096562,12.046510696411133
2564096,558.2307972669951,0.07775207510918146,0.4935302734375,,,,,,,,0.0042724609375,1.7239733934402466,0.00364913538845002,-0.01658734592136588,9.052970886230469
2572288,559.890954511,0.08539917318293487,0.513195812702179,,,,,,,,0.00439453125,1.8614875078201294,0.004882754740844764,-0.016721595767641376,9.07066822052002
2580480,561.6068994509988,0.08659083309214416,0.5125366449356079,,,,,,,,0.0045166015625,1.7712810039520264,0.0035571836010513946,-0.016795749744902017,7.813045024871826
2588672,563.2934641669999,0.07082748528761618,0.4712890684604645,,,,,,,,0.00341796875,1.7951254844665527,0.00337408099822345,-0.023372446896113057,10.315332412719727
2596864,564.915794777,0.060272886490522704,0.45225831866264343,,,,,,,,0.0045166015625,1.7348806858062744,0.003947017286027421,-0.024523183601425146,13.485827445983887
2605056,566.6029322510003,0.07022395600541485,0.46802979707717896,,,,,,,,0.00439453125,1.7698062658309937,0.0037201799514223755,-0.016625515283624184,11.04642391204834
2613248,568.2345255819964,0.07985774573755795,0.5038818717002869,,,,,,,,0.004150390625,1.7618244886398315,0.0029226935655930486,-0.019324121130820632,8.85554027557373
2621440,569.9040320049971,0.06996105150656451,0.45654296875,0.0068669259825000495,0.007089454909234849,0.005150194486875037,333,605.9465353982371,49.800000000000004,36.6,0.0050048828125,1.8014552593231201,0.003357784795171126,-0.02037461238812875,12.424124717712402
2629632,571.7420256089972,0.06918813546763244,0.47492676973342896,,,,,,,,0.003662109375,1.8221904039382935,0.002727757673233522,-0.022456234047828018,11.207771301269531
2637824,573.382954308996,0.09063672686457812,0.5129638910293579,,,,,,,,0.004638671875,1.7826114892959595,0.0025573957384019685,-0.014453155679562285,9.992390632629395
2646016,575.0889289449988,0.07761154424124173,0.4947753846645355,,,,,,,,0.00537109375,1.8600268363952637,0.0024612939629098385,-0.018619673603723318,10.641921043395996
2654208,576.7542974899989,0.08571428899749314,0.5033325552940369,,,,,,,,0.0028076171875,1.7773215770721436,0.002567501851767462,-0.016744194681336054,7.177389621734619
2662400,578.4338639249981,0.07414832520718657,0.4901367127895355,,,,,,,,0.0047607421875,1.7814526557922363,0.003221841298363892,-0.018601868562033635,7.50390625
2670592,580.098753102,0.0776606951086787,0.49138185381889343,,,,,,,,0.0047607421875,1.7576391696929932,0.003986001909014436,-0.015256320855396292,9.699687004089355
2678784,581.7550244390004,0.08194015174620506,0.505627453327179,,,,,,,,0.00341796875,1.7833181619644165,0.005052406599069359,-0.017766919701083433,7.746890544891357
2686976,583.4746638419965,0.09217857182007082,0.52490234375,0.00990963941228895,0.008056566530046716,0.007432229559216741,333,583.7818816996396,46.95,19.200000000000003,0.00390625,1.6348272562026978,0.004644936521714604,-0.012884871076806676,5.173159599304199
2695168,585.3174699090014,0.09031537615472775,0.5234131217002869,,,,,,,,0.0029296875,1.7304236888885498,0.005272234848388235,-0.015424413363382567,5.916842937469482
2703360,586.9505709980003,0.06739097717184926,0.47453615069389343,,,,,,,,0.00341796875,1.7286826372146606,0.004093296930085422,-0.01974804409427597,5.620282173156738
2711552,588.6788687519947,0.06967040234033949,0.4808593690395355,,,,,,,,0.00439453125,1.7575634717941284,0.003953494716228745,-0.015025378358450497,6.311099529266357
2719744,590.395830853995,0.07360752484004716,0.4605712890625,,,,,,,,0.003173828125,1.7483481168746948,0.0040281322369660755,-0.02034766370677991,6.892846584320068
2727936,592.0846968889964,0.0742345934101615,0.45018312335014343,,,,,,,,0.0040283203125,1.7515826225280762,0.004175789962862719,-0.019139790838011695,10.38497257232666
2736128,593.8135119079961,0.0744711628373499,0.48039552569389343,,,,,,,,0.00390625,1.6904230117797852,0.003761783731049295,-0.024995453912185335,7.267920017242432
2744320,595.5289085819968,0.07980527472135501,0.4895263612270355,,,,,,,,0.003662109375,1.7798807621002197,0.003255909322133377,-0.02266917068955686,8.348105430603027
2752512,597.2165497909955,0.07793811613199211,0.48869630694389343,0.005655633624709333,0.0066931303279642584,0.004241725218532055,333,624.5996182752906,37.65,21.6,0.0035400390625,1.676325798034668,0.003919930562424456,-0.01776412408650778,7.537891387939453
2760704,599.1538705909988,0.084750499103866,0.5119262933731079,,,,,,,,0.0035400390625,1.7210814952850342,0.003540295652020853,-0.02039003649918179,6.649763584136963
2768896,600.7023809719976,0.06600048778835625,0.4660400450229645,,,,,,,,0.004638671875,1.701521873474121,0.002444296926631173,-0.017334388195800732,9.74952507019043
2777088,602.4100054359951,0.0877150744502671,0.525012195110321,,,,,,,,0.00244140625,1.713225245475769,0.004113080016318382,-0.014991037654494228,6.606475830078125
2785280,604.099197632997,0.06929797902772293,0.4764160215854645,,,,,,,,0.003662109375,1.76565420627594,0.0035329508243182595,-0.021038831712495265,6.6870574951171875
2793472,605.7972981790008,0.06385290639856626,0.45916748046875,,,,,,,,0.0035400390625,1.753743290901184,0.0027976963438133273,-0.025048008550431447,8.441332817077637
2801664,607.4407266829949,0.07699697630191296,0.48485109210014343,,,,,,,,0.00390625,1.8443341255187988,0.003324069931596063,-0.01589223691943914,7.9653000831604
2809856,609.1987756410017,0.06228560025967614,0.44805908203125,,,,,,,,0.0042724609375,1.6961363554000854,0.004107830258207712,-0.02250147029389419,10.222654342651367
2818048,610.9234030939988,0.0910194346406997,0.52911376953125,0.012168917455092187,0.012978892538608955,0.009126688091319113,333,548.3485485951363,33.6,7.5,0.002685546875,1.8014228343963623,0.003426907063617257,-0.016597647515055037,5.796387672424316
2826240,612.8052302360011,0.06748931186900432,0.46783447265625,,,,,,,,0.0042724609375,1.723455548286438,0.003594355583146802,-0.020507279416958187,7.457089424133301
2834432,614.4114470709974,0.0787426418972012,0.4605346620082855,,,,,,,,0.0037841796875,1.7336217164993286,0.003706201245798124,-0.0183810318916794,12.379165649414062
2842624,616.0573424769973,0.10123911420612847,0.539501965045929,,,,,,,,0.0023193359375,1.7470948696136475,0.004055572754048997,-0.011414263123585542,4.175385475158691
2850816,617.7198954409978,0.07327301129920508,0.48968505859375,,,,,,,,0.00390625,1.6686031818389893,0.004353309808264649,-0.021479637258491308,5.1070709228515625
2859008,619.4243605000011,0.049681756286936066,0.3944946229457855,,,,,,,,0.0032958984375,1.7164524793624878,0.0031234924368296335,-0.02405628712528593,13.333572387695312
2867200,621.1681726679963,0.08089913811503413,0.46989747881889343,,,,,,,,0.0040283203125,1.7473914623260498,0.003298314991069473,-0.015507662746826642,9.77268123626709
2875392,622.9319283229997,0.08785024855633337,0.50994873046875,,,,,,,,0.003662109375,1.7161372900009155,0.003702266849503033,-0.017111018696733964,8.316906929016113
2883584,624.630654513996,0.08907411776141216,0.5227295160293579,0.009428228764951307,0.008433044611033669,0.007071171573713508,333,589.3296153351304,42.300000000000004,33.15,0.0032958984375,1.7545092105865479,0.004285581659193238,-0.01191881111412016,7.087378025054932
2891776,626.466030042,0.12686390809796963,0.52349853515625,,,,,,,,0.00439453125,1.8310182094573975,0.0031562778676870185,-0.009245870158073525,7.6759185791015625
2899968,628.1236958579975,0.10043686410258441,0.540844738483429,,,,,,,,0.0035400390625,1.7235937118530273,0.0027600247544288248,-0.010074540493284045,5.918204307556152
2908160,629.7731309599985,0.08393975829061717,0.5057617425918579,,,,,,,,0.003173828125,1.7669134140014648,0.003334637969469423,-0.019697570673093495,6.615872383117676
2916352,631.4240193250007,0.10874220593704631,0.48121339082717896,,,,,,,,0.0042724609375,1.8090757131576538,0.0033205519661608784,-0.009687554977474441,10.650514602661133
2924544,633.1214523300005,0.11396809701876515,0.48529052734375,,,,,,,,0.0032958984375,1.698819637298584,0.002923120688228198,-0.01661833181565069,11.774032592773438
2932736,634.9892284599991,0.08564177441192256,0.5056518912315369,,,,,,,,0.0028076171875,1.7593371868133545,0.0025167359421361946,-0.01930749888340716,8.186957359313965
2940928,636.6218019109947,0.07057460076952071,0.4697265625,,,,,,,,0.0045166015625,1.7390798330307007,0.0021653958009002494,-0.020696384419079863,10.599865913391113
2949120,638.2888003229964,0.10425542935082124,0.5070434808731079,0.009198405322026204,0.012371099035144661,0.006898803991519653,333,578.8797113901032,11.4,8.700000000000001,0.0040283203125,1.8287525177001953,0.003789049979273762,-0.012985111080928535,10.477591514587402
2957312,640.1484271759982,0.08233961229263403,0.48682862520217896,,,,,,,,0.004150390625,1.8645634651184082,0.0036472369533206983,-0.01898164825955216,10.6065673828125
2965504,641.7158668369957,0.13391128065712807,0.5531250238418579,,,,,,,,0.0032958984375,1.7455289363861084,0.003000637330691114,0.009170259689656507,7.3310160636901855
2973696,643.396861231995,0.07644413719542606,0.48963624238967896,,,,,,,,0.0032958984375,1.723690390586853,0.0028409983844147613,-0.01767817752158901,10.559951782226562
2981888,645.0478323489951,0.08450673980343854,0.5140625238418579,,,,,,,,0.003662109375,1.8063992261886597,0.0028001653581271047,-0.013125953510447257,7.824992656707764
2990080,646.7200368970007,0.08383556467145015,0.49262696504592896,,,,,,,,0.0032958984375,1.7843044996261597,0.0029948488754132363,-0.02052964886333868,8.169730186462402
2998272,648.4079305080013,0.08365807564976374,0.4759277403354645,,,,,,,,0.0037841796875,1.8195462226867676,0.0028932528495076992,-0.01344146389103499,13.03954792022705
3006464,650.0780108159961,0.0751737641378872,0.4834350645542145,,,,,,,,0.00341796875,1.7287299633026123,0.002711649171102448,-0.020000639962557833,8.34392261505127
3014656,651.7525790619984,0.07679432148779533,0.4822631776332855,0.006446355742837917,0.007933024074482597,0.004913199679059899,333,619.5360580532466,30.6,35.4,0.0040283203125,1.7751673460006714,0.0036443907345118376,-0.017149852214657063,14.08952808380127
3022848,653.7449834319996,0.11435393791284867,0.566662609577179,,,,,,,,0.0025634765625,1.7223403453826904,0.0043286522221450685,-0.00596669382490914,5.342292308807373
3031040,655.3768004029989,0.08704411333118744,0.5116821527481079,,,,,,,,0.00390625,1.8067827224731445,0.003833737792713565,-0.019860364667987795,7.451551914215088
3039232,657.0666662020012,0.10856129759318206,0.531909167766571,,,,,,,,0.0042724609375,1.8604331016540527,0.003779238909783822,-0.013206570850546183,8.282173156738281
3047424,658.7299490969963,0.07014412907862654,0.46159669756889343,,,,,,,,0.0029296875,1.8352365493774414,0.0035384574355707965,-0.024788749027360644,10.356050491333008
3055616,660.4011730619968,0.06722019224643137,0.44392091035842896,,,,,,,,0.0045166015625,1.7549110651016235,0.0033928702116573506,-0.02272434556276022,11.92880916595459
3063808,662.072887905997,0.07128340851971943,0.4619506895542145,,,,,,,,0.0032958984375,1.720065712928772,0.0032684857734347483,-0.02073100653999731,14.334756851196289
3072000,663.7889290019957,0.08862863364806442,0.5174194574356079,,,,,,,,0.0029296875,1.7514302730560303,0.003609883480298226,-0.01300533992057127,8.499011039733887
3080192,665.4707423389991,0.07933171158996813,0.501110851764679,0.011216036901405824,0.01109535009963536,0.008412027676054423,333,574.2237320186629,37.35,22.650000000000002,0.00439453125,1.7859578132629395,0.0037738006300063187,-0.017781537955319917,10.806451797485352
3088384,667.3986886319981,0.09656566465466343,0.5251098871231079,,,,,,,,0.0028076171875,1.7348545789718628,0.0034749084628076243,-0.007760186466383271,9.76569652557373
3096576,669.0633620009976,0.11823926728642548,0.5310913324356079,,,,,,,,0.003662109375,1.7739850282669067,0.0035347101739401365,-0.009763071795898692,9.184948921203613
3104768,670.7342597989991,0.08580939874405417,0.5160278677940369,,,,,,,,0.003173828125,1.6564161777496338,0.004150212984725399,-0.014553640042238643,9.76646614074707
3112960,672.4921765859981,0.07106990936067095,0.47760009765625,,,,,,,,0.002685546875,1.7423527240753174,0.0035782653824106836,-0.02165992289157312,11.138189315795898
3121152,674.2281676499988,0.0887243696548205,0.4792724549770355,,,,,,,,0.0040283203125,1.7551772594451904,0.004430567146634701,-0.012575542300437887,11.655858993530273
3129344,675.9495003909979,0.09274442709975117,0.5213379263877869,,,,,,,,0.0037841796875,1.7053288221359253,0.004052260448327072,-0.014802465140193477,8.190719604492188
3137536,677.6710434589986,0.09825162041995872,0.5376220941543579,,,,,,,,0.003662109375,1.8154207468032837,0.0035163544761976917,-0.014977331313174509,9.760149002075195
3145728,679.3683673529958,0.11897440914638749,0.53656005859375,0.007128094841720056,0.008201002341053587,0.005673189916719612,333,601.6037481158403,16.5,30.900000000000002,0.0035400390625,1.7653369903564453,0.002807305252308101,-0.0052827863421448604,8.780177116394043
3153920,681.2468439250006,0.08032285672375589,0.49714356660842896,,,,,,,,0.0029296875,1.705201268196106,0.003697059321255969,-0.020740062159118847,10.111922264099121
3162112,682.8929718009967,0.09153192167539595,0.524279773235321,,,,,,,,0.003662109375,1.7262903451919556,0.004145567451953602,-0.016296268613224675,7.593140602111816
3170304,684.5558102680006,0.08751813739853034,0.4952758848667145,,,,,,,,0.00390625,1.8238301277160645,0.003842407125144387,-0.016186768135157212,12.215716361999512
3178496,686.2460996429945,0.11668163165962829,0.5122314691543579,,,,,,,,0.0048828125,1.8647276163101196,0.0035268041448424103,-0.00844952523304223,11.588427543640137
3186688,687.9328318379994,0.11694145842978453,0.5089477896690369,,,,,,,,0.0037841796875,1.8155550956726074,0.004278748858610126,-0.016777447536673724,10.335803031921387
3194880,689.6195733470013,0.09093114452377532,0.5135132074356079,,,,,,,,0.00341796875,1.8012703657150269,0.0035104199677200576,-0.016607806204247923,8.521211624145508
3203072,691.3344753560013,0.10819378024279105,0.5230346918106079,,,,,,,,0.0040283203125,1.7147572040557861,0.0035692781925751316,-0.009754043145335992,8.874717712402344
3211264,692.9997235219998,0.08700815554951905,0.5080810785293579,0.007749285535067152,0.008641169462034082,0.005811964151300364,333,596.8431303509177,38.25,18.150000000000002,0.003662109375,1.7407466173171997,0.004823849589196683,-0.01196720122344111,9.751251220703125
3219456,694.9668201469976,0.07992392606822994,0.48839113116264343,,,,,,,,0.003662109375,1.7003098726272583,0.004761580661379439,-0.01793203764310376,11.491899490356445
3227648,696.5392890529984,0.08114943204652442,0.503832995891571,,,,,,,,0.0040283203125,1.6754858493804932,0.0039047498548764326,-0.019801179984364516,10.01038646697998
3235840,698.1860739049953,0.08655021974840722,0.51934814453125,,,,,,,,0.00341796875,1.753653883934021,0.003941862461859458,-0.017208504317529637,8.6065092086792
3244032,699.8580969499963,0.08271731264698211,0.5082031488418579,,,,,,,,0.0030517578125,1.6491777896881104,0.004186014060320042,-0.018490949501246096,10.23828411102295
3252224,701.5343576859959,0.0705393765032077,0.4654907286167145,,,,,,,,0.003662109375,1.6179916858673096,0.0029436766011042836,-0.01647752955686311,12.834088325500488
3260416,703.2822447439976,0.09749034013474424,0.5404052734375,,,,,,,,0.003173828125,1.6057296991348267,0.0028026398514847672,-0.018641752803647993,6.2086873054504395
3268608,704.956615805997,0.11384162495239446,0.5186767578125,,,,,,,,0.003173828125,1.7085237503051758,0.004141367266637497,-0.015296232971835608,7.897399425506592
3276800,706.5701863829963,0.08372494980307363,0.507556140422821,0.005795381629635998,0.012685451376009294,0.0043465362222270265,333,621.8049896016576,44.85,35.4,0.003173828125,1.7117304801940918,0.0036435730142511114,-0.01920152469386768,6.360128402709961
3284992,708.5849926739975,0.07472180956503457,0.49016115069389343,,,,,,,,0.0035400390625,1.7215995788574219,0.003340296304945589,-0.020260399775634482,9.450260162353516
3293184,710.1219045510006,0.0649633728648879,0.44908449053764343,,,,,,,,0.0035400390625,1.6788978576660156,0.00395035826154444,-0.021331809159427843,13.531036376953125
3301376,711.7650203899975,0.07638255161487296,0.4748901426792145,,,,,,,,0.0032958984375,1.7807080745697021,0.003763242828523028,-0.02062991515578882,10.81734561920166
3309568,713.5610558529952,0.07101876851462842,0.4744018614292145,,,,,,,,0.0037841796875,1.6861165761947632,0.004753194697671326,-0.022638118536718967,10.245260238647461
3317760,715.290245913995,0.11171840932610544,0.5486206412315369,,,,,,,,0.003173828125,1.6860485076904297,0.003510838370720415,-0.008916887804249542,7.674324989318848
3325952,717.0212046140005,0.07884807250407076,0.47062990069389343,,,,,,,,0.003662109375,1.739227294921875,0.002935187875858891,-0.019949446865780176,12.860095024108887
3334144,718.7720652719945,0.08335759467841422,0.4847168028354645,,,,,,,,0.003173828125,1.671433925628662,0.0029615693960868272,-0.018405454914614386,14.139314651489258
3342336,720.4462443779994,0.11123421007052153,0.561230480670929,0.011654216232639847,0.014328996275901673,0.008740662174479885,333,567.5119197491681,36.6,28.5,0.003173828125,1.6762523651123047,0.004413717106899195,-0.012110986752864714,8.55229377746582
3350528,722.3683626040001,0.10420037142034261,0.515380859375,,,,,,,,0.0047607421875,1.7962100505828857,0.00423683951036502,-0.006289581649334703,11.468132019042969
3358720,724.0799141129974,0.1032985056179808,0.543286144733429,,,,,,,,0.0030517578125,1.7216460704803467,0.004374259180126572,-0.012333290691340565,6.346066951751709
3366912,725.782723612996,0.08969509339519509,0.5144897699356079,,,,,,,,0.00341796875,1.8428841829299927,0.0035646947336640533,-0.013788583267796549,8.25287914276123
3375104,727.5122079919965,0.05489120426888814,0.42296144366264343,,,,,,,,0.0037841796875,1.7152527570724487,0.003118138001264925,-0.024113149198790925,12.749565124511719
3383296,729.3650341249959,0.09857302320869268,0.5294433832168579,,,,,,,,0.0032958984375,1.8078863620758057,0.003415463083551118,-0.014804562924476584,7.839849948883057
3391488,731.1062875049975,0.11991216565088247,0.568408191204071,,,,,,,,0.0037841796875,1.7256940603256226,0.0032741563617155744,-0.007961880525515734,6.385249137878418
3399680,732.849626833995,0.08977012911713968,0.508557140827179,,,,,,,,0.00341796875,1.7270923852920532,0.0029813773250126907,-0.01954046597064651,8.691950798034668
3407872,734.760247786995,0.0839851528505709,0.5032593011856079,0.008467746453649672,0.01141693454963244,0.0064350982282875835,333,589.0869514301628,11.55,8.700000000000001,0.0035400390625,1.8256068229675293,0.0029159519545733925,-0.016122307805868857,8.796895027160645
3416064,736.7888693019995,0.08069002587843073,0.4833007752895355,,,,,,,,0.00390625,1.7063031196594238,0.002967619117591913,-0.016499713618108685,12.112833976745605
3424256,738.3925678980013,0.09026415936269772,0.5287842154502869,,,,,,,,0.0030517578125,1.8423510789871216,0.0032073717068312746,-0.012322340845628577,8.517477989196777
3432448,740.079248353999,0.09502990233528325,0.5359863638877869,,,,,,,,0.0035400390625,1.8094600439071655,0.0030019964439222946,-0.014589331323142569,6.073298454284668
3440640,741.7409726299957,0.08409375610304487,0.4931396543979645,,,,,,,,0.004150390625,1.8051927089691162,0.003923323547381674,-0.0175840090215476,11.753497123718262
3448832,743.4662602530007,0.09966306205785176,0.49821779131889343,,,,,,,,0.003173828125,1.9065330028533936,0.0038379937233341543,-0.010794188202524122,11.196793556213379
3457024,745.183222022999,0.0975807546855405,0.5191894769668579,,,,,,,,0.00537109375,1.7933369874954224,0.003324885968818636,-0.010952242288955449,12.657727241516113
3465216,746.8703386499983,0.13068484054189566,0.5630737543106079,,,,,,,,0.0030517578125,1.8584213256835938,0.0031659119555227377,-0.005920910316320731,7.840232849121094
3473408,748.6122669429969,0.09932109844065082,0.5179199576377869,0.009214677100830237,0.01003700360736337,0.0069702278452521416,333,575.0188651428869,46.650000000000006,nan,0.0040283203125,1.9001193046569824,0.003197066532843018,-0.014404882626604788,8.757390022277832
3481600,750.5547028209985,0.0980497764007514,0.5097900629043579,,,,,,,,0.004638671875,1.7868645191192627,0.0035013224775242158,-0.006644651225083263,10.648614883422852
3489792,752.1771474249981,0.10476566994084005,0.5465454459190369,,,,,,,,0.0029296875,1.7935123443603516,0.0035340052308806547,-0.013806434292606832,6.898987770080566
3497984,753.8542886389987,0.08537167515460325,0.5025390982627869,,,,,,,,0.00390625,1.7354187965393066,0.0036316461431379343,-0.014355472760952535,8.622611045837402
3506176,755.5323920869996,0.08090453176441774,0.4911865293979645,,,,,,,,0.00390625,1.7653173208236694,0.0036504232919316593,-0.01563403568378557,9.02936840057373
3514368,757.2313729019952,0.09472870411623546,0.5255981683731079,,,,,,,,0.0025634765625,1.7406781911849976,0.003157930279572785,-0.015335455374370845,6.591496467590332
3522560,758.9551820119959,0.08194060884925419,0.5049072504043579,,,,,,,,0.00390625,1.8085283041000366,0.003045577756462192,-0.00811187635777015,7.239128112792969
3530752,760.6838982959962,0.073398158724671,0.4825805723667145,,,,,,,,0.0040283203125,1.807644248008728,0.0032680140796268464,-0.015677225871104202,8.84075927734375
3538944,762.4306901559976,0.09193031966272319,0.5062500238418579,0.006336488579693045,0.007634526778536155,0.004752366434769728,333,620.3195708114256,40.2,31.950000000000003,0.0030517578125,1.8309836387634277,0.0031271585755949793,-0.012764878273693006,6.241227149963379
3547136,764.3881667159949,0.09580205595976461,0.5325561761856079,,,,,,,,0.0030517578125,1.7762683629989624,0.002629013680018888,-0.01035626902114166,4.120387077331543
3555328,765.9941813209953,0.10777050953541796,0.5157837271690369,,,,,,,,0.003662109375,1.803501009941101,0.0037649139764173167,-0.010874169669770537,7.149964332580566
3563520,767.7126088160003,0.0726405661976666,0.4761962890625,,,,,,,,0.003173828125,1.8733108043670654,0.0039014729721462693,-0.017969889293834196,7.668357849121094
3571712,769.4153890599991,0.09438072464005492,0.5097900629043579,,,,,,,,0.004150390625,1.796118140220642,0.0036182722321435046,-0.015226081696570701,5.845529079437256
3579904,771.1245743089967,0.08590324499990021,0.5053344964981079,,,,,,,,0.003173828125,1.8488478660583496,0.0034860754586101272,-0.017295670930754802,6.782838344573975
3588096,772.8958664870006,0.08345644068223908,0.504504382610321,,,,,,,,0.004150390625,1.7992175817489624,0.00449809255844269,-0.012085830270155402,6.9698309898376465
3596288,774.6516234759983,0.08880638796267089,0.50738525390625,,,,,,,,0.0030517578125,1.7295589447021484,0.003816191189449203,-0.014400230740510351,6.4397292137146
3604480,776.3652764180006,0.09468799959295979,0.5303100943565369,0.006000423867133509,0.007128748364446769,0.004500317900350104,333,623.9649964026619,49.650000000000006,44.7,0.0030517578125,1.8661943674087524,0.0027643192085687884,-0.012431786676086529,5.483923435211182
3612672,778.3513295859957,0.08699460340777675,0.49852296710014343,,,,,,,,0.0050048828125,1.8227676153182983,0.0026920451397796086,-0.013509032672777789,7.429360866546631
3620864,779.9905536399965,0.08437536219965319,0.50738525390625,,,,,,,,0.0023193359375,1.7936383485794067,0.003926972274759355,-0.015524464444769726,8.473663330078125
3629056,781.6805567279953,0.062036551019480315,0.4410156309604645,,,,,,,,0.0040283203125,1.8281457424163818,0.004350654821781985,-0.02123628080637088,11.11670970916748
3637248,783.3788065749977,0.10053266783310853,0.5284180045127869,,,,,,,,0.00390625,1.6981568336486816,0.0033547290554434284,-0.014486129721747402,7.689913272857666
3645440,785.0501461109961,0.0687251219593397,0.45880126953125,,,,,,,,0.003662109375,1.8558242321014404,0.003304605147541717,-0.023422795050788044,12.303908348083496
3653632,786.7564205480012,0.09610565975121504,0.5197998285293579,,,,,,,,0.0048828125,1.8511009216308594,0.0033465075931528032,-0.013798034648807807,10.347212791442871
3661824,788.4694894919958,0.10839135900584568,0.541394054889679,,,,,,,,0.00244140625,1.7398152351379395,0.004105747544788985,-0.013650340914684353,7.295965671539307
3670016,790.4102864199958,0.1989410614526459,0.51251220703125,0.01124522027043251,0.010744900158385695,0.008504121225186845,333,576.827524874741,22.950000000000003,29.700000000000003,0.00341796875,1.8205089569091797,0.004058028647369483,-0.016260519795095043,7.253065586090088
3678208,792.3379458549971,0.09372496989855768,0.4774536192417145,,,,,,,,0.0045166015625,1.7082405090332031,0.0038676039026783737,-0.019734831156559798,12.045550346374512
3686400,793.9609468630006,0.4642090832752622,0.4639892578125,,,,,,,,0.009033203125,2.4374423027038574,0.0036439827181591333,-0.024897535330829296,12.490134239196777
3694592,795.673085411996,0.07997286770589987,0.4758056700229645,,,,,,,,0.004150390625,1.7894647121429443,0.004797470125475378,-0.01725423258531927,13.933893203735352
3702784,797.419881859998,0.0934111732736528,0.507250964641571,,,,,,,,0.005126953125,1.7633042335510254,0.004408241702657856,-0.015883840058931953,15.292754173278809
3710976,799.0759651089975,0.13422108879852482,0.5296630859375,,,,,,,,0.003662109375,1.6784862279891968,0.0035904874916886653,-0.010292392713781823,14.12524700164795
3719168,800.7259653029978,0.11074095208864665,0.553393542766571,,,,,,,,0.0040283203125,1.713613748550415,0.0032438338218910845,-0.015352348482996986,10.098999977111816
3727360,802.379835189,0.13089883867965066,0.5163330435752869,,,,,,,,0.0045166015625,1.733372688293457,0.0030106290729421392,0.004254529046396373,13.076849937438965
3735552,804.0634860029968,0.0868655671837108,0.5128418207168579,0.007422538822832614,0.006657417549297384,0.005598578079479055,333,614.1018779291669,36.9,43.650000000000006,0.0029296875,1.7481662034988403,0.003354113815565829,-0.017099855244470958,12.610748291015625
3743744,806.0216829899946,0.11206185729332573,0.5591797232627869,,,,,,,,0.0045166015625,1.743929147720337,0.0036133446622691467,-0.011108674325064405,7.604188442230225
3751936,807.6162884149962,0.08426201312068572,0.49395751953125,,,,,,,,0.0040283203125,1.7519950866699219,0.0034471525262900204,-0.0172886690654452,13.262768745422363
3760128,809.3305577680003,0.09645561546400627,0.530139148235321,,,,,,,,0.0032958984375,1.8061593770980835,0.0026086872924026006,-0.01335180166093618,9.067880630493164
3768320,811.0439936309995,0.08937288969043353,0.526660144329071,,,,,,,,0.0035400390625,1.6826722621917725,0.0026345743049678294,-0.018319367258863697,9.295869827270508
3776512,812.7865820410007,0.0953446167210766,0.538134753704071,,,,,,,,0.0029296875,1.7492977380752563,0.00383244463882082,-0.010725448953765603,7.704524517059326
3784704,814.4684903890011,0.0848605158861927,0.510815441608429,,,,,,,,0.00390625,1.8741642236709595,0.0032884869549407725,-0.01279734783570411,8.889592170715332
3792896,816.2076821939991,0.07916080733830494,0.4834350645542145,,,,,,,,0.0047607421875,1.8483468294143677,0.003222304439071344,-0.014180810078076542,12.354776382446289
3801088,817.9506528369966,0.07683528386985777,0.46430665254592896,0.005293525790449172,0.004521507522467161,0.003970144342836823,333,638.1414402575139,29.55,8.4,0.0042724609375,1.9401968717575073,0.002903617807827108,-0.018996538472444497,16.495832443237305
3809280,819.9199761329946,0.11243251143573295,0.5678344964981079,,,,,,,,0.00341796875,1.7273012399673462,0.0035460994279659097,-0.00643067956346971,8.72395133972168
3817472,821.4765942000013,0.08974940178602948,0.526965320110321,,,,,,,,0.003662109375,1.8245497941970825,0.0034632146634103744,-0.012824987743209067,9.101554870605469
3825664,823.1152877269997,0.12843345819262106,0.5678467154502869,,,,,,,,0.0035400390625,1.7512755393981934,0.0031126454535492787,-0.002795032418010102,6.824290752410889
3833856,824.8605200370002,0.08187382786709738,0.5052246451377869,,,,,,,,0.0037841796875,1.8623872995376587,0.003149482176341034,-0.015011063537183409,9.00076961517334
3842048,826.5501535649964,0.10928013843082916,0.548779308795929,,,,,,,,0.0032958984375,1.840194821357727,0.0033262300378814613,-0.004594833515164087,10.183014869689941
3850240,828.2470832260005,0.10471716872551418,0.5123291015625,,,,,,,,0.0037841796875,1.8709226846694946,0.0034113702777188726,-0.010458159705042387,8.787558555603027
3858432,829.9586956419953,0.1139730470359544,0.5580688714981079,,,,,,,,0.004150390625,1.8562512397766113,0.0030587357895036638,-0.00854117998984942,6.186459064483643
3866624,831.6176030770002,0.12812141712563285,0.514843761920929,0.007826296237303354,0.006040346347154446,0.005869722177977543,333,609.7560536957972,40.2,22.650000000000002,0.0030517578125,1.8945059776306152,0.002935954296488519,-0.00997458971702741,7.123240947723389
3874816,833.5708914479983,0.06617488901730155,0.4672485291957855,,,,,,,,0.0035400390625,1.8137166500091553,0.003412265326162678,-0.017970561392774014,12.970972061157227
3883008,835.1512433409953,0.11315262536315096,0.5355224609375,,,,,,,,0.00390625,1.7725228071212769,0.004106728467287324,-0.006277555753885797,8.225604057312012
3891200,836.8888851009979,0.08775927733640024,0.483154296875,,,,,,,,0.0040283203125,1.8630428314208984,0.004028293476593614,-0.015682362326807878,9.229086875915527
3899392,838.6518744739951,0.08435860055130391,0.4609619081020355,,,,,,,,0.0030517578125,1.8398411273956299,0.002526178678768809,-0.014100556012382921,14.920135498046875
3907584,840.3117387599996,0.14002258192987957,0.5468506217002869,,,,,,,,0.00341796875,1.7828121185302734,0.002792076025230017,-0.00575895556139771,12.32492446899414
3915776,841.9732816249962,0.10264644892746383,0.527209460735321,,,,,,,,0.0037841796875,1.771941065788269,0.0027205405433955443,-0.010735229545509309,10.341190338134766
3923968,843.642842053996,0.11208922705266455,0.5570923089981079,,,,,,,,0.0032958984375,1.7122397422790527,0.003392557083994996,-0.01038306585575228,6.4822001457214355
3932160,845.4041481519962,0.11124919595011154,0.5579468011856079,0.005931525360616363,0.006635525595164005,0.004461071617574919,287,528.9172700659469,24.6,16.8,0.0032958984375,1.831053614616394,0.0036539797656990336,-0.012525363880219829,5.573878765106201
3940352,847.3987496639966,0.08657019682481376,0.5159057974815369,,,,,,,,0.0037841796875,1.7520761489868164,0.003200358760553912,-0.012936193539568886,7.773550510406494
3948544,849.1343190179978,0.1028240631553143,0.546948254108429,,,,,,,,0.0029296875,1.8664662837982178,0.002787276647105652,-0.01533320027961929,5.273993015289307
3956736,850.9851918239947,0.09370348565550826,0.5322265625,,,,,,,,0.003662109375,1.8485532999038696,0.002694894406773729,-0.012923814188651267,5.4784064292907715
3964928,852.7274699599948,0.0853079248542499,0.5219482779502869,,,,,,,,0.00390625,1.8788893222808838,0.0029529344416436842,-0.010112364719183628,7.1283769607543945
3973120,854.4015250809971,0.09674784097364496,0.531909167766571,,,,,,,,0.0029296875,1.8948824405670166,0.00289630915867356,-0.014578593819687636,5.454178810119629
3981312,856.0877911919961,0.07743450412726297,0.48127442598342896,,,,,,,,0.0047607421875,1.949810266494751,0.003487680653260994,-0.018283107594083962,10.623589515686035
3989504,857.8044105699955,0.053566357444207104,0.390625,,,,,,,,0.003662109375,1.799368977546692,0.003756652151602591,-0.02190782254509478,20.848371505737305
3997696,859.5671184309977,0.09381453206480961,0.4897216856479645,0.00864452736981558,0.006483395527361657,0.006483395527361657,333,605.5971721732128,49.95,13.5,0.0035400390625,1.8123422861099243,0.0037692954431662873,-0.018542726216875693,13.318878173828125
4005888,861.5600804969945,0.11198850570290692,0.531262218952179,,,,,,,,0.00439453125,1.8692538738250732,0.00399163727834273,-0.006179081714788547,9.682455062866211
4014080,863.121124680998,0.0938327064532023,0.523681640625,,,,,,,,0.003173828125,1.8369359970092773,0.0037262418172867573,-0.01449162741674866,8.4330472946167
4022272,864.8164123589959,0.1351471039250287,0.575939953327179,,,,,,,,0.0035400390625,1.7592577934265137,0.0032677435124813803,-0.009744071677026825,5.346889972686768
4030464,866.5614414859956,0.08232684285781101,0.49833986163139343,,,,,,,,0.0035400390625,1.7636327743530273,0.0034816377438326995,-0.018117808486644706,8.003788948059082
4038656,868.3349477119991,0.11117255888706486,0.5570434927940369,,,,,,,,0.0029296875,1.8136470317840576,0.0035046138300337537,-0.014120824243551584,5.299525737762451
4046848,870.0102575950004,0.10592853070076763,0.5155395865440369,,,,,,,,0.003173828125,1.7454506158828735,0.00379235922932164,-0.011886002563988663,7.149013042449951
4055040,871.6308806369998,0.06810245114975562,0.4689086973667145,,,,,,,,0.0035400390625,1.7579364776611328,0.003850900594722262,-0.018240254712507006,9.476840019226074
4063232,873.3317477300006,0.08959654882393987,0.5049682855606079,0.006400431271417317,0.006795097668410244,0.00480032345356296,285,522.2811311622977,28.950000000000003,7.65,0.0032958984375,1.82399320602417,0.0035211747623563605,-0.013111258392120618,6.671468257904053
4071424,875.2895434649981,0.08025494398603045,0.500048816204071,,,,,,,,0.0037841796875,1.7494232654571533,0.0031919809245110065,-0.014469828738308523,9.145241737365723
4079616,876.8412489609982,0.11666525287458165,0.5467529296875,,,,,,,,0.0029296875,1.8058911561965942,0.0033993093593831514,-0.004144500967433536,5.844627857208252
4087808,878.6623346259948,0.10586964977224517,0.55108642578125,,,,,,,,0.0040283203125,1.7937581539154053,0.003704869526872989,-0.011359905020458841,5.017089366912842
4096000,880.3112171429966,0.09643466510367794,0.4809814393520355,,,,,,,,0.003662109375,1.7768497467041016,0.00458073978256246,-0.01644103958827983,8.423332214355469
4104192,882.0264673150014,0.0903717950243542,0.509204089641571,,,,,,,,0.00341796875,1.7641732692718506,0.004758812818993929,-0.020929121452788097,6.272161960601807
4112384,883.7310709960002,0.09565442762958165,0.5066894888877869,,,,,,,,0.00390625,1.7291553020477295,0.00540924753913441,-0.011406123458630011,8.36707592010498
4120576,885.4126650889957,0.06295988738052409,0.4078735411167145,,,,,,,,0.0037841796875,1.7854297161102295,0.004768573544049248,-0.022949636085974078,16.633359909057617
4128768,887.0342250899994,0.09538185148539524,0.49409180879592896,0.010077420104415813,0.008807095086072692,0.007558065078311804,333,591.9079709967857,41.1,18.0,0.00390625,1.72218918800354,0.005169194726594273,-0.020518379800555937,12.198561668395996
4136960,889.0301280999993,0.1143441306798589,0.540600597858429,,,,,,,,0.00390625,1.7079625129699707,0.0051657122052588544,-0.0078684351051564,8.681649208068848
4145152,890.6225743729956,0.09191197834060312,0.5153442621231079,,,,,,,,0.00341796875,1.7356507778167725,0.00523794823047552,-0.014020622616295454,9.059813499450684
4153344,892.3176617610006,0.1200426106661408,0.5429321527481079,,,,,,,,0.0040283203125,1.724796175956726,0.005273769061346245,-0.010253092750244958,7.17465353012085
4161536,893.9713922859955,0.09596519891657553,0.4954467713832855,,,,,,,,0.0035400390625,1.7189608812332153,0.005268855248971471,-0.012088614727019178,9.956319808959961
4169728,895.6558672429965,0.10775356539895034,0.535021960735321,,,,,,,,0.0037841796875,1.7367888689041138,0.0066202212339638855,-0.013321163996788258,7.16330099105835
4177920,897.3517828569966,0.10035010176434259,0.5194336175918579,,,,,,,,0.004638671875,1.7754729986190796,0.0062078865220444035,-0.009857215271021685,10.41552448272705
4186112,899.084292255,0.09107037509289373,0.507495105266571,,,,,,,,0.0028076171875,1.7470295429229736,0.004746192440347796,-0.015292300697945838,10.516757011413574
4194304,900.7575013569949,0.1033290844087782,0.534655749797821,0.009941263026428837,0.008218725401710536,0.0074788464025463686,333,581.97989902165,49.5,nan,0.004150390625,1.800795078277588,0.004820018547337823,-0.010810922367353058,7.215110778808594
4202496,902.7166116419976,0.09151862962584673,0.5091797113418579,,,,,,,,0.00439453125,1.7788432836532593,0.004626590989310286,-0.011634778752047797,9.479405403137207
4210688,904.3441002809996,0.09246775089119896,0.50872802734375,,,,,,,,0.00244140625,1.808754324913025,0.004585347676495988,-0.006896775804522064,11.889710426330566
4218880,905.9788254919986,0.0887499163142668,0.5177856683731079,,,,,,,,0.00439453125,1.7681175470352173,0.005180607732475306,-0.017243066724088936,8.09470272064209
4227072,907.6936400330014,0.0996534735318764,0.532458484172821,,,,,,,,0.0047607421875,1.8013981580734253,0.004676553832239749,-0.012392783658331817,11.301423072814941
4235264,909.435579514,0.11053524999822151,0.55548095703125,,,,,,,,0.0028076171875,1.8110443353652954,0.0049790090317713975,-0.013750563388187904,7.4758782386779785
4243456,911.1146554590014,0.1782274884560876,0.5616699457168579,,,,,,,,0.004150390625,1.7431998252868652,0.004671849342720802,-0.011278865219680858,6.585435390472412
4251648,912.8308878819953,0.09665837576495868,0.539111316204071,,,,,,,,0.0035400390625,1.803520679473877,0.004923101250892903,-0.010776327422165137,6.001431465148926
4259840,914.5417155409959,0.11429951212364882,0.530078113079071,0.006246311450174069,0.00855982668625721,0.004684733587630552,333,624.9267986895993,44.85,14.4,0.00341796875,1.852944254875183,0.00485082804964887,-0.014799809714835618,5.9599409103393555
4268032,916.5529166959968,0.06486880892646618,0.4199462831020355,,,,,,,,0.00390625,1.782970905303955,0.004647203762009666,-0.021689637074345014,13.10554027557373
4276224,918.164534345,0.05913603184416099,0.4250732362270355,,,,,,,,0.004638671875,1.9004554748535156,0.004558664443426563,-0.020765773683748524,18.250051498413086
4284416,919.8550564539983,0.07551058616258595,0.46094971895217896,,,,,,,,0.0042724609375,1.8215782642364502,0.004465860302404812,-0.020114614035657806,15.878191947937012
4292608,921.4653608519948,0.09395119815877638,0.49162599444389343,,,,,,,,0.0040283203125,1.823641061782837,0.004845792853942488,-0.010375275560978085,13.12680721282959
4300800,923.1436551419974,0.11133638993479869,0.5511230826377869,,,,,,,,0.00341796875,1.8518699407577515,0.003951624807490006,-0.010101485855959769,8.093562126159668
4308992,924.7904128619994,0.12676966372933077,0.588391125202179,,,,,,,,0.0032958984375,1.708084225654602,0.003555370836349825,-0.009405867225726018,4.210155487060547
4317184,926.4548482030004,0.1020406727259156,0.47319337725639343,,,,,,,,0.004150390625,1.860587239265442,0.003831741362903651,-0.015944835631842385,11.053354263305664
4325376,928.1853975220001,0.0733827595260222,0.48760986328125,0.010122971672680392,0.008668224783557554,0.007592228754510266,135,179.45502057665982,18.6,7.2,0.00439453125,1.816861629486084,0.00486939908493067,-0.01913565195776834,8.593514442443848
4333568,930.3062258220016,0.10932122927686123,0.561718761920929,,,,,,,,0.0035400390625,1.860833764076233,0.0037563107700004927,-0.01069617341212614,6.5682525634765625
4341760,931.9891916490014,0.08439349319567781,0.515148937702179,,,,,,,,0.004150390625,1.7945364713668823,0.003745451469353678,-0.015226575162595679,6.099019527435303
4349952,933.7752640350009,0.06783905414055379,0.4558349549770355,,,,,,,,0.0040283203125,1.9211392402648926,0.004630461057545832,-0.019375030707286266,13.932425498962402
4358144,935.4977496819993,0.10541147752064634,0.5325561761856079,,,,,,,,0.003173828125,1.8054440021514893,0.0042272096378472845,-0.012790831278471701,6.655577182769775
4366336,937.1800581729985,0.09984162417656245,0.4584106504917145,,,,,,,,0.004638671875,1.9042041301727295,0.0042738121430163645,-0.012928198912625512,16.469478607177734
4374528,938.9084570009945,0.09711548548839431,0.530957043170929,,,,,,,,0.0032958984375,1.7959834337234497,0.004283081565199298,-0.016370517675830882,8.01373291015625
4382720,940.5169676129954,0.05232185838741284,0.40894776582717896,,,,,,,,0.0037841796875,1.7581262588500977,0.0039288078438596274,-0.0245868780483912,15.998834609985352
4390912,942.195484910997,0.09697381000535378,0.504321277141571,0.008135109449238453,0.007964803533108133,0.006387115709604263,333,597.9406712663514,40.5,nan,0.004150390625,1.7082456350326538,0.004063724909804001,-0.014004623660944793,10.215269088745117
4399104,944.2947752339969,0.16900967149597565,0.53192138671875,,,,,,,,0.00341796875,1.7949682474136353,0.004065001699366633,0.005777123890637836,11.988036155700684
4407296,945.8855641279952,0.09909821882560413,0.5303711295127869,,,,,,,,0.00390625,1.8112598657608032,0.004159448228111984,-0.012859978194243622,7.631275177001953
4415488,947.5591601330016,0.08400271697277284,0.46589356660842896,,,,,,,,0.0032958984375,1.7056300640106201,0.004597713423307503,-0.011015968778379744,15.539260864257812
4423680,949.2874163660017,0.08687218976413927,0.5160156488418579,,,,,,,,0.0029296875,1.7080583572387695,0.0047765463901128236,-0.019550248057516303,8.676254272460938
4431872,950.9480307199992,0.14899728184783986,0.571484386920929,,,,,,,,0.0047607421875,1.7434383630752563,0.003474699222792088,-0.0009593358198770552,9.40471076965332
4440064,952.6701692599963,0.10285623870945514,0.53546142578125,,,,,,,,0.0040283203125,1.853588581085205,0.004603980245156736,-0.007457394015263708,8.027610778808594
4448256,954.3514424749956,0.09780180022611429,0.50128173828125,,,,,,,,0.0047607421875,1.8837547302246094,0.004674032695995534,-0.015051672531794336,9.596362113952637
4456448,956.0333530299977,0.11993688366806846,0.5639404654502869,0.009226789771640487,0.008128597869864196,0.006932704164752446,333,605.6357833860145,46.5,43.650000000000006,0.00439453125,1.7906386852264404,0.005047566678055837,-0.0054171695205250964,7.91621732711792
4464640,958.0284907919995,0.10136773018655448,0.5361572504043579,,,,,,,,0.0030517578125,1.7792257070541382,0.004962770967877894,-0.011080262006976122,7.127415657043457
4472832,959.5698159769963,0.13345820811437115,0.5159546136856079,,,,,,,,0.0042724609375,1.8556543588638306,0.005247040171966644,-0.009073076194359509,9.10580062866211
4481024,961.2643123219968,0.11215393504532163,0.5606445670127869,,,,,,,,0.0035400390625,1.8130968809127808,0.0051567122824620615,-0.008484694890113735,5.3336310386657715
4489216,962.9523277920016,0.10340380408489598,0.539074718952179,,,,,,,,0.0037841796875,1.7951898574829102,0.00512564660375725,-0.009782690250154217,4.94193172454834
4497408,964.7223494149948,0.0942036837042421,0.5150513052940369,,,,,,,,0.0045166015625,1.9155360460281372,0.005318053391023425,-0.008976529142504677,7.493283748626709
4505600,966.388947503001,0.07975635236491108,0.49809572100639343,,,,,,,,0.0030517578125,1.8197063207626343,0.004877110840220467,-0.023036731417703918,5.6492533683776855
4513792,968.0925476819975,0.07118564067476583,0.4667724668979645,,,,,,,,0.0025634765625,1.766137719154358,0.004697893565358324,-0.02462912496569661,7.641119480133057
4521984,969.8882805159956,0.07814180646755388,0.45734864473342896,0.008981723189079416,0.009062237601414114,0.006736292391809506,333,603.7047176098137,38.25,7.65,0.00439453125,1.711669921875,0.004566135137763161,-0.021912941766614173,9.11378002166748
4530176,971.9060148520002,0.09501614908596721,0.53607177734375,,,,,,,,0.0028076171875,1.816225528717041,0.0044736514258457705,-0.01337992260018489,5.6980485916137695
4538368,973.4528274729964,0.09753427925214853,0.533337414264679,,,,,,,,0.0032958984375,1.8597724437713623,0.004198668615683188,-0.011489659967186693,4.249826431274414
4546560,975.0998950159992,0.07912850971064452,0.47386476397514343,,,,,,,,0.004150390625,1.7587999105453491,0.004287860505742147,-0.01661155204162577,9.058425903320312
4554752,976.7091483179975,0.12082484473791646,0.527233898639679,,,,,,,,0.0029296875,1.877726435661316,0.004713102781524925,-0.006405323472362501,6.3730974197387695
4562944,978.3403316740005,0.09937883521911123,0.5300659537315369,,,,,,,,0.00390625,1.7622594833374023,0.004392597208455196,-0.009947793158090702,4.786419868469238
4571136,980.0062559469952,0.09977703265274228,0.5390381217002869,,,,,,,,0.0029296875,1.7656135559082031,0.004673798597562007,-0.012866877707828428,4.062786102294922
4579328,981.6760843019947,0.07917590547089942,0.4985595643520355,,,,,,,,0.004150390625,1.889864206314087,0.004533424285778187,-0.014773033509606452,5.844829559326172
4587520,983.3770725789946,0.1056367414476329,0.5360351800918579,0.008446788334785404,0.006798195652505945,0.006335091251089109,333,602.7270676031898,40.650000000000006,7.65,0.003662109375,1.827991247177124,0.0042188527401870735,-0.017135577136979087,4.057889461517334
4595712,985.4174210689962,0.07669147699835172,0.43708497285842896,,,,,,,,0.00341796875,1.8710010051727295,0.004157971767866475,-0.01022713738042505,11.383498191833496
4603904,986.9441401039949,0.11850910194287007,0.4981323182582855,,,,,,,,0.0037841796875,1.8303098678588867,0.004230474185252575,-0.015898484695438087,5.787999153137207
4612096,988.663512770996,0.09224875130923779,0.516003429889679,,,,,,,,0.00390625,1.852331280708313,0.0046213224802416075,-0.01575243642104341,6.106098175048828
4620288,990.3711848749954,0.07140247936951778,0.45238038897514343,,,,,,,,0.0037841796875,1.8538540601730347,0.004000089041082289,-0.014243853789280881,12.424263000488281
4628480,992.1032122359975,0.08756190956881633,0.5160156488418579,,,,,,,,0.003662109375,1.8443728685379028,0.003753485852655558,-0.016186914611955767,5.090264797210693
4636672,993.8763912360009,0.06457743879033379,0.4628539979457855,,,,,,,,0.0029296875,1.8151772022247314,0.004030085262894723,-0.018709243710487627,9.782111167907715
4644864,995.5850946659993,0.0995150993829802,0.5244140625,,,,,,,,0.0037841796875,1.8248754739761353,0.0039404145036084914,-0.012380955414363726,7.115137577056885
4653056,997.2412870129992,0.0956333293064892,0.5230712890625,0.008366100478426564,0.008330397428051639,0.006299572036905232,333,600.2542338551814,37.35,37.800000000000004,0.0040283203125,1.845566749572754,0.004134426144130732,-0.013062258310938475,5.108545303344727
4661248,999.2971437589949,0.09446204389222414,0.5296997427940369,,,,,,,,0.0030517578125,1.868410587310791,0.004496242985271404,-0.01317416409192117,3.8497605323791504
4669440,1000.8676965409977,0.10420334208730825,0.543933093547821,,,,,,,,0.00390625,1.8816412687301636,0.00399435575910978,-0.011904350766243724,3.5791032314300537
4677632,1002.530106446,0.09299336440187311,0.5352417230606079,,,,,,,,0.00244140625,1.835232138633728,0.0034033408310942814,-0.016242815216599617,3.3900039196014404
4685824,1004.2843218039998,0.09408706117406207,0.5102783441543579,,,,,,,,0.003173828125,1.8581809997558594,0.0031929852945649095,-0.018048041160569683,3.3894011974334717
4694016,1005.9894586779992,0.09590046638157657,0.52093505859375,,,,,,,,0.0045166015625,1.815163254737854,0.0033640446218450304,-0.01578133099848225,3.646527051925659
4702208,1007.6977057990007,0.08194142006654488,0.5132202506065369,,,,,,,,0.003173828125,1.9557703733444214,0.004263342893399802,-0.017142460086116827,3.8437697887420654
4710400,1009.3921420799961,0.07401877969334172,0.48194581270217896,,,,,,,,0.003662109375,1.9103384017944336,0.004165421039740491,-0.01682630540140399,5.287288665771484
4718592,1011.1104086279956,0.06694886094649873,0.47185060381889343,0.006254045426527299,0.0050913363637179465,0.004690534069895502,333,636.68324352219,45.300000000000004,8.55,0.0029296875,1.8457311391830444,0.003883082344234179,-0.02162615349576695,5.242051601409912
4726784,1013.1452272089955,0.060395859695516245,0.42530518770217896,,,,,,,,0.00341796875,1.8512904644012451,0.003436503938479274,-0.01987579075797556,6.586984157562256
4734976,1014.8486566639986,0.0621652572439086,0.4457641541957855,,,,,,,,0.0037841796875,1.8007789850234985,0.003572546179563041,-0.017423040454284857,8.035117149353027
4743168,1016.6087607070003,0.07303210383529891,0.47716066241264343,,,,,,,,0.00244140625,1.8718652725219727,0.003804441888579202,-0.024522978191096955,4.958175182342529
4751360,1018.3360201139949,0.08410824516359361,0.4997314512729645,,,,,,,,0.003662109375,1.8211122751235962,0.003539563250691491,-0.014797940169007429,6.003774166107178
4759552,1020.0600249459967,0.06154985666229451,0.43017578125,,,,,,,,0.0037841796875,1.7805291414260864,0.00321497631301193,-0.023543371087150933,8.841460227966309
4767744,1021.7333705220008,0.09845241341959426,0.5093994140625,,,,,,,,0.0030517578125,1.8555164337158203,0.0033738068756785644,-0.01230376289041785,6.95605993270874
4775936,1023.4087873120006,0.08954950137969725,0.51129150390625,,,,,,,,0.0040283203125,1.7829065322875977,0.004394504839362767,-0.014951347836466062,6.282023906707764
4784128,1025.1338668519966,0.08625180411321881,0.49274903535842896,0.007228281673492987,0.005901408219652571,0.00542121125511974,333,621.1333389082389,35.85,20.400000000000002,0.0029296875,1.8355727195739746,0.0037265395468092377,-0.01697562424411433,7.355922698974609
4792320,1027.1244965799997,0.09273474344529772,0.451416015625,,,,,,,,0.0032958984375,1.8364977836608887,0.003679112662252515,-0.014281087118179958,10.547558784484863
4800512,1028.856887905,0.09031563192258418,0.5213989615440369,,,,,,,,0.003662109375,1.7583729028701782,0.0036440185975181727,-0.013646498917234705,6.869284152984619
4808704,1030.6115652039953,0.12252111376474811,0.546276867389679,,,,,,,,0.0030517578125,1.8528516292572021,0.004230507046356968,-0.009321328003351276,4.713514804840088
4816896,1032.2675900460017,0.09038793140757281,0.47474366426467896,,,,,,,,0.00341796875,1.817617416381836,0.0042541011317653865,-0.013507501375176423,8.629510879516602
4825088,1033.9817924699964,0.11672244648689266,0.529223620891571,,,,,,,,0.00390625,1.8157087564468384,0.0036838163917858324,-0.00814073650298392,6.187765598297119
4833280,1035.6378933390006,0.08956097561660595,0.518139660358429,,,,,,,,0.0030517578125,1.8101916313171387,0.0036889339020722556,-0.013799854256907707,4.533621311187744
4841472,1037.3606172899963,0.0712420549890926,0.42564699053764343,,,,,,,,0.0037841796875,1.802182912826538,0.0031873363552934464,-0.015898485077505898,9.626321792602539
4849664,1039.0450701109949,0.08116337100883783,0.4951538145542145,0.004473396612264424,0.006746439442793184,0.0035875026609896166,333,657.6751516925001,41.25,nan,0.0032958984375,1.8526458740234375,0.00317228108728973,-0.01903267062927351,5.635278224945068
4857856,1041.0612767159982,0.08510504592528544,0.5036377310752869,,,,,,,,0.0037841796875,1.859508991241455,0.003231550079259571,-0.01255905827560102,6.591760158538818
4866048,1042.7221219179992,0.09306826792968337,0.5066772699356079,,,,,,,,0.0028076171875,1.8465121984481812,0.0032428620999056523,-0.015094991607214326,5.607289791107178
4874240,1044.449396058997,0.08396781494848793,0.5037475824356079,,,,,,,,0.00390625,1.8061827421188354,0.003105372562116737,-0.01184388119098823,6.459654331207275
4882432,1046.1153804269998,0.08725491888580189,0.52044677734375,,,,,,,,0.0037841796875,1.8231168985366821,0.002981947289772413,-0.0092684022714447,4.658455848693848
4890624,1047.869164470998,0.06491585347798726,0.45231935381889343,,,,,,,,0.00341796875,1.9028825759887695,0.0033015431010889884,-0.018690774484663938,8.238463401794434
4898816,1049.4562140950002,0.08258595267593993,0.5033325552940369,,,,,,,,0.0028076171875,1.8143889904022217,0.003474457962319044,-0.021854964478659717,4.299973964691162
4907008,1051.1736614109977,0.09148902790295606,0.5231079459190369,,,,,,,,0.0028076171875,1.7979072332382202,0.00366636334392223,-0.022423883829798565,4.035776615142822
4915200,1052.8945309859992,0.0823705403999262,0.5074829459190369,0.0056367373026777745,0.005166783021413379,0.004312993402781018,333,649.5340873804628,48.45,nan,0.00439453125,1.873569130897522,0.003960429334766813,-0.017963101350735484,5.476911544799805
4923392,1054.933401866001,0.09946436884585567,0.5401245355606079,,,,,,,,0.002685546875,1.8101390600204468,0.0034440266516391205,-0.014996297530983006,3.3380494117736816
4931584,1056.5705963309956,0.08261660618447246,0.46898195147514343,,,,,,,,0.003173828125,1.841312050819397,0.0034563035959722654,-0.02138751204963786,4.780963897705078
4939776,1058.2513769789948,0.08687414984130218,0.523693859577179,,,,,,,,0.00341796875,1.806160807609558,0.003949687365739196,-0.016348757600442083,2.8817451000213623
4947968,1059.9351127010013,0.0944926356863411,0.46595460176467896,,,,,,,,0.00341796875,1.9334027767181396,0.0037158785703474972,-0.014636698956417444,7.226027011871338
4956160,1061.6196767459987,0.06893122320617773,0.4595092833042145,,,,,,,,0.003662109375,1.85179603099823,0.003021278106850267,-0.021340592041328016,7.147433757781982
4964352,1063.3291700949994,0.0642683508492629,0.42817384004592896,,,,,,,,0.0029296875,1.8727588653564453,0.00272844083525825,-0.014625323598825603,11.349719047546387
4972544,1065.0448556990013,0.06274225094158062,0.42902833223342896,,,,,,,,0.0032958984375,1.818443775177002,0.0034398927778579447,-0.021475970047098253,8.591353416442871
4980736,1066.7104122300007,0.09095887515972996,0.48814699053764343,0.005751626116008657,0.004651361504383167,0.004324921475835075,333,646.4437189017328,38.7,33.300000000000004,0.0045166015625,1.8391505479812622,0.0037626832719614978,-0.013383012837172359,9.421366691589355
4988928,1068.7525103619992,0.11219396545509448,0.536755383014679,,,,,,,,0.00244140625,1.8895509243011475,0.004198445418057251,-0.009091102177927727,5.269556522369385
4997120,1070.3160283350007,0.08954705506546841,0.48426514863967896,,,,,,,,0.0040283203125,1.8518527746200562,0.004333408698493635,-0.015709288279567246,7.70681095123291
5005312,1072.057945321998,0.07790374738612685,0.4520263671875,,,,,,,,0.0042724609375,1.8278117179870605,0.0043579455267857,-0.013494416389537368,13.731302261352539
5013504,1073.794705014996,0.08681067731124388,0.481689453125,,,,,,,,0.0025634765625,1.8580670356750488,0.004299469881500317,-0.013670900493191033,7.569645881652832
5021696,1075.4597896720006,0.16164712311016657,0.623303234577179,,,,,,,,0.003662109375,1.773238182067871,0.004396535617191555,0.0042739057882001325,2.610105514526367
5029888,1077.1834140409992,0.08227828096839901,0.47919923067092896,,,,,,,,0.0028076171875,1.8190656900405884,0.0037906390556379232,-0.017412681594293586,7.107554912567139
5038080,1078.9538756030015,0.09311054446527177,0.5220703482627869,,,,,,,,0.0040283203125,1.8910372257232666,0.00361327240994036,-0.010793863702233356,4.6198577880859375
5046272,1080.6362545029988,0.06624600030584464,0.4478393495082855,0.007202067512135257,0.007584900596657507,0.005485399921310807,333,613.6264225097316,14.700000000000001,25.05,0.0032958984375,1.7552697658538818,0.003706648105433974,-0.010567742203915204,11.09814453125
5054464,1082.6288778499948,0.10950201698762739,0.55792236328125,,,,,,,,0.0029296875,1.8549600839614868,0.00435397163569351,-0.01284473329635849,4.307675838470459
5062656,1084.2181123949995,0.10214126700432467,0.541015625,,,,,,,,0.0042724609375,1.799742579460144,0.004403526512297362,-0.012592119132108687,4.00651216506958
5070848,1085.902116747995,0.1468197946042314,0.513806164264679,,,,,,,,0.002197265625,1.844531536102295,0.003943936990156605,-0.009659787689900128,5.089242935180664
5079040,1087.5290817729983,0.07432200774657305,0.42805176973342896,,,,,,,,0.00341796875,1.888258934020996,0.0037461601955803836,-0.018732064127951958,10.35779094696045
5087232,1089.2922171389946,0.07659055930091005,0.4593749940395355,,,,,,,,0.0050048828125,1.7702343463897705,0.0042734916295805725,-0.020526943495205743,10.44965934753418
5095424,1091.002982514001,0.09676713504945568,0.5209594964981079,,,,,,,,0.0023193359375,1.8730601072311401,0.0037935430637601186,-0.014189613000037843,4.9839348793029785
5103616,1092.6548737929988,0.0797981067250531,0.46717530488967896,,,,,,,,0.0042724609375,1.841921091079712,0.003734003746833525,-0.017723543009514987,7.882218837738037
5111808,1094.3543684210017,0.08457822309362897,0.4781250059604645,0.006837751283147897,0.006289351803056231,0.005128313462360978,333,634.631640915016,42.0,7.65,0.003173828125,1.8556623458862305,0.0036135254429796593,-0.01819874570030936,9.023323059082031
5120000,1096.4372235990013,0.14517511762797214,0.5743164420127869,,,,,,,,0.0030517578125,1.8502691984176636,0.0035402482773434496,-0.0077948734253396115,4.2634100914001465
5128192,1098.0222325139985,0.08586678483547405,0.49749755859375,,,,,,,,0.0035400390625,1.7727643251419067,0.003480515170824816,-0.014964491656679867,7.003181457519531
5136384,1099.7267045729968,0.10043438405635662,0.51513671875,,,,,,,,0.0030517578125,1.9172828197479248,0.0032730004841101668,-0.009817003214925346,5.212738037109375
5144576,1101.3798375459955,0.08238480406841873,0.44172364473342896,,,,,,,,0.0037841796875,1.8921626806259155,0.0030772088828819877,-0.019205385937598775,8.839627265930176
5152768,1103.0212289709962,0.07108411677737031,0.46729737520217896,,,,,,,,0.0035400390625,1.7739969491958618,0.0037622167624109526,-0.01975430048798746,8.558738708496094
5160960,1104.696246817999,0.11334538531172918,0.5611206293106079,,,,,,,,0.0025634765625,1.8635715246200562,0.00334355536462716,-0.007247783325207752,3.999713897705078
5169152,1106.4389924869974,0.09402094302962356,0.5051025748252869,,,,,,,,0.0047607421875,1.835892915725708,0.0032775573045047413,-0.0115465416239793,6.380206108093262
5177344,1108.1698678479952,0.08518271253762891,0.49467775225639343,0.005853009854948632,0.007437690307965594,0.004390012012761901,333,649.9050719740441,40.5,7.5,0.0025634765625,1.8090418577194214,0.0034516498501659942,-0.01985570352450838,6.272252082824707
5185536,1110.2625346560017,0.07359226097536782,0.4651122987270355,,,,,,,,0.0040283203125,1.994903802871704,0.004076905699020417,-0.02221749155405003,8.032024383544922
5193728,1111.781736152996,0.06515069513824928,0.4349365234375,,,,,,,,0.0040283203125,1.8224087953567505,0.002985057994392415,-0.018213634195658367,16.218469619750977
5201920,1113.5624340849972,0.11186273614847049,0.556140124797821,,,,,,,,0.0025634765625,1.9101628065109253,0.0024572718213790035,-0.014342906808852252,5.5734782218933105
5210112,1115.2933120050002,0.0869605956894347,0.4792846739292145,,,,,,,,0.0054931640625,1.8904595375061035,0.0020014920020845484,-0.010824794122784557,12.336689949035645
5218304,1116.9706020640006,0.1053261498771136,0.54766845703125,,,,,,,,0.00244140625,1.8831475973129272,0.0033575218269105145,-0.007381448272658803,4.813695430755615
5226496,1118.634533534001,0.09070804586226425,0.521313488483429,,,,,,,,0.00341796875,2.0890426635742188,0.0035447717557479663,-0.009402448346876402,5.686011791229248
5234688,1120.3568410669977,0.06331686781620414,0.4514404237270355,,,,,,,,0.0045166015625,1.8546665906906128,0.0028896917235020636,-0.016751578146795888,10.261483192443848
5242880,1122.0619588409972,0.09303760501658467,0.531262218952179,0.005139155353328206,0.005798678319339001,0.0038755160499164276,333,658.1109888861959,12.600000000000001,14.55,0.002685546875,2.0074617862701416,0.0026489014309106773,-0.016877991522858928,5.188987731933594
5251072,1124.1877208459991,0.08293914552355007,0.4988159239292145,,,,,,,,0.0040283203125,1.8992338180541992,0.0029985969308323757,-0.014656715444179905,6.655252933502197
5259264,1125.7509007619956,0.08333078511718771,0.511462390422821,,,,,,,,0.0029296875,1.859188437461853,0.003798919425188174,-0.01660974775429879,7.1931610107421875
5267456,1127.4270404589988,0.07961578532978922,0.49956056475639343,,,,,,,,0.003173828125,1.9246351718902588,0.002004033744630873,-0.01680102552238213,7.246131420135498
5275648,1129.0948477669954,0.07095563519294613,0.45977783203125,,,,,,,,0.004638671875,1.838960886001587,0.002372177027375466,-0.02075200570841034,10.168940544128418
5283840,1130.8077496179976,0.0936580652262396,0.5313476920127869,,,,,,,,0.002197265625,1.9710942506790161,0.002467132501001057,-0.01394846049559889,5.116939067840576
5292032,1132.5033069240017,0.0836693689163965,0.5066772699356079,,,,,,,,0.003662109375,1.9491771459579468,0.0031278998264911984,-0.018310566327777663,5.157801151275635
5300224,1134.1963918859983,0.10396220242635007,0.534411609172821,,,,,,,,0.0042724609375,1.9008305072784424,0.003256663614216615,-0.010721208067595656,5.892812252044678
5308416,1135.945445213998,0.11053154844344651,0.5425781607627869,0.005813459633627449,0.005339812965469148,0.004360094725220587,333,656.1600611164962,23.55,7.2,0.0029296875,1.983724594116211,0.0028904397273535887,-0.00992612984776064,4.663255214691162
5316608,1138.1110400129983,0.13578954138047986,0.515063464641571,,,,,,,,0.00439453125,1.9432928562164307,0.0026514816826745946,-0.012942315634192647,5.473443508148193
5324800,1139.7025872859958,0.07672472538319719,0.3728271424770355,,,,,,,,0.0048828125,2.024538993835449,0.0032357241793108393,-0.019364982693400104,22.15120506286621
5332992,1141.5628109289974,0.06362271727218415,0.43449708819389343,,,,,,,,0.00341796875,1.8396661281585693,0.0032831992248445463,-0.01717576231098271,13.39865779876709
5341184,1143.2694022119977,0.046954909025856126,0.3844360411167145,,,,,,,,0.0037841796875,1.777830719947815,0.0032268104863540925,-0.022662629924146988,18.366819381713867
5349376,1145.023926062,0.09548658385875917,0.52886962890625,,,,,,,,0.0032958984375,1.8870842456817627,0.003515324452435964,-0.010792399439721332,6.823383331298828
5357568,1146.8035116280007,0.08540452660706262,0.49956056475639343,,,,,,,,0.0032958984375,1.802924394607544,0.003833704942152849,-0.013228712837146243,8.851866722106934
5365760,1148.571922696996,0.06350413657653217,0.4075683653354645,,,,,,,,0.003662109375,1.822072982788086,0.004133061021864393,-0.02215754773241876,18.999401092529297
5373952,1150.3405928659995,0.09558919205921142,0.5326904654502869,0.0072208078937019415,0.00735711388148419,0.005426728248652424,333,609.4926626409303,44.7,nan,0.003173828125,1.7466449737548828,0.0028945688188262153,-0.018472830175904936,8.106143951416016
5382144,1152.386625747,0.08793148219649252,0.4722656309604645,,,,,,,,0.00390625,1.8455663919448853,0.002785477309630524,-0.01574811616241834,12.56600570678711
5390336,1154.0062071239954,0.10556892046624866,0.535510241985321,,,,,,,,0.0035400390625,1.8488835096359253,0.003982510787557736,-0.011559265729410555,10.13259220123291
5398528,1155.6892647239947,0.0758298287716449,0.4543701112270355,,,,,,,,0.00390625,1.8475251197814941,0.003857650615674668,-0.016441028833948202,15.901664733886719
5406720,1157.3974109599949,0.07305691732262005,0.4422607421875,,,,,,,,0.0037841796875,1.7645593881607056,0.003998477425506963,-0.01925028968927821,23.2060546875
5414912,1159.1265865569949,0.08987051001984542,0.516711413860321,,,,,,,,0.002685546875,1.8262133598327637,0.004313414689973483,-0.016697413929550188,14.1217041015625
5423104,1160.8161579289954,0.0862838694608907,0.4864257872104645,,,,,,,,0.00439453125,1.8165206909179688,0.003397039906400945,-0.014031989851685507,19.514272689819336
5431296,1162.4875129130014,0.0655176633586761,0.4697021543979645,,,,,,,,0.0045166015625,1.7610843181610107,0.0034024482390013766,-0.019021657859040378,22.844167709350586
5439488,1164.181021489996,0.14498154346720238,0.5899658203125,0.005155803236592926,0.006628261754729747,0.004017507934562792,145,228.00111467083866,17.25,nan,0.0018310546875,1.8203716278076172,0.0033489847045079513,-0.002854293126960295,10.207418441772461
5447680,1166.3068685670005,0.09426140944110342,0.5294433832168579,,,,,,,,0.0042724609375,1.746071219444275,0.003259799460004098,-0.007590422522913254,16.864456176757812
5455872,1167.9264729220013,0.10425931834469107,0.548632800579071,,,,,,,,0.0029296875,1.748379111289978,0.003189992203375902,-0.0050231315429703875,12.509040832519531
5464064,1169.6144459200004,0.09790538865619411,0.5306396484375,,,,,,,,0.0032958984375,1.8736109733581543,0.0027097774403096464,-0.0102480301677802,10.558184623718262
5472256,1171.2898123189952,0.12527565482918027,0.54815673828125,,,,,,,,0.0040283203125,1.8379287719726562,0.0024237475569666156,-0.0019122640159808116,10.261334419250488
5480448,1172.9831226489987,0.10851016996957635,0.5511841177940369,,,,,,,,0.0023193359375,1.8872984647750854,0.0029456865099273255,-0.010460118013712168,7.512851238250732
5488640,1174.7065088909949,0.08475078397279766,0.4807372987270355,,,,,,,,0.0040283203125,1.8804935216903687,0.003011169635942279,-0.017318742493325406,13.63769817352295
5496832,1176.378465857997,0.09848949932788804,0.540881335735321,,,,,,,,0.003662109375,1.7672557830810547,0.0025786639792952926,-0.009426097167489001,8.538073539733887
5505024,1178.091196096997,0.14515903349409734,0.571533203125,0.005247021603670632,0.005531791424165822,0.004085298594684539,233,416.1714523889052,31.8,nan,0.0028076171875,1.9501539468765259,0.003676939016680314,-0.0010221125975024142,5.4553375244140625
5513216,1180.2103309660015,0.09952240595229767,0.505200207233429,,,,,,,,0.0040283203125,1.8647209405899048,0.0033277970061779127,-0.01220156885803072,8.45756721496582
5521408,1181.8177998129977,0.10628341246192347,0.5582275390625,,,,,,,,0.0035400390625,1.9646711349487305,0.0030182154167885944,-0.008961388133390992,5.75774621963501
5529600,1183.5782824389971,0.09499285803228885,0.5323242545127869,,,,,,,,0.0025634765625,1.9542875289916992,0.0028769364117198215,-0.012185902756267616,4.91741418838501
5537792,1185.2988282919978,0.09199304657024363,0.5015625357627869,,,,,,,,0.004150390625,1.8976205587387085,0.003151222427286271,-0.007101057134305576,10.70307445526123
5545984,1186.9455149569985,0.10634772913051514,0.54058837890625,,,,,,,,0.003173828125,1.9767606258392334,0.0030944219653438187,-0.006043878134642768,5.516172409057617
5554176,1188.696654583,0.12021705708274877,0.4599975645542145,,,,,,,,0.003662109375,1.9627043008804321,0.002995907588446922,-0.015227668866582757,8.763577461242676
5562368,1190.3874236689953,0.07265988374864822,0.435546875,,,,,,,,0.0040283203125,1.9151761531829834,0.0029669688146792828,-0.020398012130026878,15.435503005981445
5570560,1192.0203438109966,0.08951370815696447,0.5213623046875,0.005888629814211788,0.0060890895215335306,0.004416472360658785,333,649.165405745586,44.25,7.3500000000000005,0.0032958984375,1.9682563543319702,0.002983850966987278,-0.01662260598250817,7.15924072265625
5578752,1194.1306469509946,0.11388342934348611,0.540087878704071,,,,,,,,0.0040283203125,1.9788063764572144,0.0026472401464666673,-0.011475408994258666,7.957676887512207
5586944,1195.6844055299953,0.0743240458064694,0.46290284395217896,,,,,,,,0.0032958984375,1.937119722366333,0.0027883185308542613,-0.016876527085700307,14.772491455078125
5595136,1197.386210181001,0.09884698421869294,0.5257568359375,,,,,,,,0.00390625,1.963070034980774,0.0027206568041373558,-0.015667838959720123,7.475058078765869
5603328,1199.0952995859989,0.08615822064673179,0.4898925721645355,,,,,,,,0.003662109375,1.8727434873580933,0.00237675408872573,-0.013346907866567215,12.186251640319824
5611520,1200.7263111469947,0.10010653127196933,0.543835461139679,,,,,,,,0.0025634765625,1.919556975364685,0.002911225964833175,-0.013063580548122811,6.025066375732422
5619712,1202.406245266,0.06022936538626338,0.43909913301467896,,,,,,,,0.003662109375,1.888407588005066,0.0030016369730353487,-0.02066738073571026,12.994231224060059
5627904,1204.1114651690004,0.10887665582745099,0.4672607481479645,,,,,,,,0.003662109375,1.8702408075332642,0.0032302441499658663,-0.014104670181703794,10.688155174255371
5636096,1205.8283423719986,0.08552429395656662,0.506579577922821,0.006334848223285561,0.0063159419870878475,0.004751136167464143,320,601.8471297934577,13.5,6.45,0.0040283203125,1.9311271905899048,0.002904666155161606,-0.011722383585868756,10.310013771057129
5644288,1207.943494608,0.10519573567163572,0.54522705078125,,,,,,,,0.0030517578125,1.9149361848831177,0.0028184436630022125,-0.005450001120699619,9.18978214263916
5652480,1209.5482690509962,0.1363225695741991,0.5782226920127869,,,,,,,,0.0028076171875,1.9276480674743652,0.002667757031561635,-0.00339214491467759,5.153233528137207
5660672,1211.280407762999,0.07572875261076184,0.4859252870082855,,,,,,,,0.00439453125,1.8806354999542236,0.0025586473415821764,-0.01577962129486323,7.229025363922119
5668864,1213.0539749539967,0.10843276731670773,0.5430908203125,,,,,,,,0.0030517578125,1.9996201992034912,0.0031420278748730546,-0.007718175844495328,4.778489112854004
5677056,1214.714092932998,0.14149825683187492,0.5173706412315369,,,,,,,,0.00390625,2.0069611072540283,0.0036029280926687113,-0.005309705394059117,7.027011394500732
5685248,1216.38495865,0.12500249851239076,0.43742677569389343,,,,,,,,0.0062255859375,2.1757431030273438,0.003446855883142197,-0.003360002948637159,14.474764823913574
5693440,1218.1299401599972,0.11552430578412283,0.53045654296875,,,,,,,,0.0040283203125,2.0242717266082764,0.0032885113903423635,-0.010643571781581387,7.5027055740356445
5701632,1219.7851065369978,0.05643134889128985,0.39250490069389343,0.004727330004613783,0.0071683361824450564,0.0035454975034603375,333,663.7661604771404,46.2,23.85,0.004638671875,1.9898481369018555,0.0031486514469946103,-0.017602303516235148,24.22316551208496
5709824,1221.8687914699985,0.10613247229643075,0.551586925983429,,,,,,,,0.0028076171875,1.8558443784713745,0.0027797865191632187,-0.011367491840321556,6.609684944152832
5718016,1223.4645630960003,0.07818752722771027,0.49467775225639343,,,,,,,,0.0037841796875,2.025235176086426,0.002689169649689349,-0.012339741490938829,10.618144035339355
5726208,1225.5402969499992,0.06260282816183972,0.4303832948207855,,,,,,,,0.004150390625,1.8520209789276123,0.0025429695829812804,-0.014080802394776992,19.27130126953125
5734400,1227.553497503999,0.11906710233466258,0.49152833223342896,,,,,,,,0.002685546875,1.9586831331253052,0.00198627434755283,-0.010122677826892927,12.143341064453125
5742592,1229.350710453,0.10566379881402102,0.5208984613418579,,,,,,,,0.0040283203125,1.8442741632461548,0.002819217267196361,-0.012571990933918132,11.412834167480469
5750784,1231.2035096559994,0.061630461845228406,0.4437011778354645,,,,,,,,0.00390625,1.8900887966156006,0.0027851459959761238,-0.016791972380446624,21.250478744506836
5758976,1232.998875336998,0.12159758704803812,0.5687012076377869,,,,,,,,0.0032958984375,1.931969404220581,0.002723896110206403,-0.012843024487017855,8.172089576721191
5767168,1234.8483428100008,0.08471142491895695,0.505444347858429,0.007183228150820953,0.007145927568825705,0.005387421113115742,333,641.5582978157184,30.450000000000003,21.6,0.0037841796875,1.8307329416275024,0.0033058225648289197,-0.009621677590728059,13.882807731628418
5775360,1237.0775902179957,0.10198603823846811,0.5445312857627869,,,,,,,,0.0025634765625,1.9467449188232422,0.003535165457548839,-0.013778556687736915,7.679988384246826
5783552,1238.7305920729996,0.09808105089939456,0.523974597454071,,,,,,,,0.00390625,1.84931218624115,0.00338315640525777,-0.009910467974033816,9.341031074523926
5791744,1240.5070007019967,0.14335721391138145,0.591809093952179,,,,,,,,0.0035400390625,1.933496356010437,0.00327385209215314,0.004242078174862516,5.240508556365967
5799936,1242.2682308879957,0.11252223794332164,0.53076171875,,,,,,,,0.004150390625,2.0549824237823486,0.0035884027843642308,-0.00818325795524759,7.05670166015625
5808128,1244.0866165129992,0.10745465112324207,0.5468994379043579,,,,,,,,0.0035400390625,1.9641000032424927,0.0033684545583232417,-0.007979309377555416,5.683731555938721
5816320,1245.8606918549995,0.11495962544651901,0.5672973990440369,,,,,,,,0.0025634765625,1.9623889923095703,0.0028982418841330126,-0.0060789624517132565,4.768344879150391
5824512,1247.6289245820008,0.09943503563049833,0.5473266839981079,,,,,,,,0.00439453125,1.9073162078857422,0.0027292498766468,-0.009179157470022556,3.8261559009552
5832704,1249.6010241609983,0.097026152025625,0.5302734375,0.0038992926885274004,0.006565839830136033,0.002966595167935071,333,690.2834836693512,29.1,30.75,0.00244140625,1.9841117858886719,0.0028151491903890546,-0.012274219263897585,4.086764812469482
5840896,1251.8832206590014,0.09211787959044156,0.4889160096645355,,,,,,,,0.003173828125,2.0158562660217285,0.0026199884572555288,-0.011719140879379877,5.971393585205078
5849088,1253.429483079999,0.07102841341862592,0.4632202088832855,,,,,,,,0.0037841796875,1.9551880359649658,0.003307147721455239,-0.015965097676615674,6.962959289550781
5857280,1255.1550298729999,0.1181740159332744,0.44981691241264343,,,,,,,,0.0037841796875,1.9963574409484863,0.0028753108696466523,-0.01624391095672364,10.992865562438965
5865472,1257.156184749001,0.07530606214123525,0.48851320147514343,,,,,,,,0.004150390625,2.043219804763794,0.0030255448433604837,-0.01536346950328954,6.871421813964844
5873664,1258.9852070209963,0.0845777545428322,0.4748168885707855,,,,,,,,0.0028076171875,1.9249544143676758,0.002725508028518009,-0.014179356661623907,10.404741287231445
5881856,1260.7308693189989,0.06164082931166645,0.4130004942417145,,,,,,,,0.00341796875,1.9870729446411133,0.0026466643307685445,-0.020030454790037733,13.257250785827637
5890048,1262.466310746997,0.05058812626238214,0.35130617022514343,,,,,,,,0.00341796875,1.851800560951233,0.0023563400270131263,-0.023796279435499612,30.86468505859375
5898240,1264.2371756259963,0.05557542329182572,0.41827392578125,0.0054022104128307324,0.004627418139088291,0.004051657809623022,333,667.2003745313295,42.0,7.3500000000000005,0.0035400390625,1.9011588096618652,0.0023380550297461555,-0.021993361674136735,25.652225494384766
5906432,1266.5907248379954,0.05801186878054383,0.4398559629917145,,,,,,,,0.00341796875,1.7883076667785645,0.003152325167193437,-0.022760835056046314,20.99323272705078
5914624,1268.4159737640002,0.13439035000580968,0.5441650748252869,,,,,,,,0.00390625,1.900102972984314,0.0030994350001686266,-0.0048859780456003985,9.26793384552002
5922816,1270.3690137660014,0.10539994429218394,0.5329834222793579,,,,,,,,0.0037841796875,1.9895062446594238,0.00280943873636752,-0.006310551358011268,11.45572566986084
5931008,1272.2201844250012,0.1158073232956308,0.538867175579071,,,,,,,,0.0032958984375,1.9288631677627563,0.003201691375794402,-0.00794977100596071,11.014501571655273
5939200,1274.2039406119948,0.07476524079646273,0.48016357421875,,,,,,,,0.003173828125,1.9288358688354492,0.00316656203663479,-0.01509545952361224,13.845100402832031
5947392,1276.1412315540001,0.15195073472851087,0.57476806640625,,,,,,,,0.0048828125,1.994894027709961,0.0032817479821984907,0.00031683847101988597,8.80972957611084
5955584,1278.1411383140003,0.12181418947799527,0.5456909537315369,,,,,,,,0.0030517578125,1.9123131036758423,0.0035295815852460777,-0.00582630811814469,8.287585258483887
5963776,1280.0817801209996,0.061237105684196415,0.398193359375,0.004759175199328447,0.005838323345296215,0.0038193716583901915,333,660.5541987558729,29.25,nan,0.003662109375,1.9657238721847534,0.0026542184152211767,-0.024519675964298934,21.683273315429688
5971968,1282.2490419539972,0.09581286567825054,0.44707033038139343,,,,,,,,0.00439453125,1.8704146146774292,0.0024493881886128444,-0.007668454872551906,35.66310501098633
5980160,1283.917281461996,0.1457168624617823,0.60845947265625,,,,,,,,0.003173828125,1.9662973880767822,0.002356199481575949,-0.003801537931322575,7.096429347991943
5988352,1285.7047927379972,0.06671809027915951,0.45258790254592896,,,,,,,,0.0037841796875,1.8426142930984497,0.002380728059892201,-0.018101102054381826,14.692755699157715
5996544,1287.4855326069955,0.09469801594300968,0.526745617389679,,,,,,,,0.0035400390625,2.0135231018066406,0.002896849531125456,-0.012342322776431772,12.373443603515625
6004736,1289.3493336760002,0.094874726263312,0.504638671875,,,,,,,,0.003173828125,1.9477421045303345,0.0035846281732536678,-0.009417350203529688,11.686009407043457
6012928,1291.3991500880002,0.11208202600793166,0.550280749797821,,,,,,,,0.0042724609375,1.953581690788269,0.0032685234495068993,-0.007064688924361979,8.665670394897461
6021120,1293.3625859489985,0.151238720670348,0.6087402701377869,,,,,,,,0.0028076171875,1.9437528848648071,0.0031574247316163984,0.0011997953954253381,6.483850002288818
6029312,1295.2761983439996,0.12632524540271223,0.556835949420929,0.006786625146274483,0.008010838853035551,0.005089968859705918,333,644.54364403809,45.300000000000004,7.3500000000000005,0.0032958984375,1.9122776985168457,0.003143204990733506,-0.004843226511319481,5.7030229568481445
6037504,1297.5848920930002,0.10454863596817741,0.549023449420929,,,,,,,,0.0040283203125,1.9437181949615479,0.00278287694598367,-0.004731431783474643,5.804187297821045
6045696,1299.3520148120006,0.0776735571018832,0.4585937559604645,,,,,,,,0.0040283203125,2.0369458198547363,0.0028819792889761553,-0.015087527301719115,9.8612699508667
6053888,1301.0946006410013,0.11858883472337123,0.49847412109375,,,,,,,,0.0040283203125,1.913746953010559,0.0031912131695595036,-0.012405126012209458,9.084193229675293
6062080,1302.897812641997,0.09318748268826751,0.5293823480606079,,,,,,,,0.0025634765625,1.9126851558685303,0.0030030055425740443,-0.012939001674577967,6.886053562164307
6070272,1304.6638176579945,0.115362903336491,0.5114990472793579,,,,,,,,0.0042724609375,1.8997085094451904,0.0028330018346166552,-0.00843896180761308,9.006946563720703
6078464,1306.5042288709956,0.08953475991654171,0.48039552569389343,,,,,,,,0.003662109375,1.9284391403198242,0.0028339711213496432,-0.014264978419741071,11.063414573669434
6086656,1308.577334169,0.08688253064125438,0.49119874835014343,,,,,,,,0.00244140625,1.8476115465164185,0.003422730239755367,-0.015361132991028184,7.569706916809082
6094848,1310.3200228139976,0.07604740165694159,0.43438720703125,0.00926080741556845,0.009291619828481035,0.006965020948785483,333,600.5133634937542,19.650000000000002,20.400000000000002,0.00439453125,1.8377764225006104,0.0033080757816339457,-0.017620166818821087,19.4122314453125
6103040,1312.553534229999,0.06433712336967672,0.44700929522514343,,,,,,,,0.003662109375,1.8582807779312134,0.003272119115226957,-0.016813116176162025,17.487478256225586
6111232,1314.1441010799972,0.12260944552764791,0.57305908203125,,,,,,,,0.00244140625,1.8847391605377197,0.0033593619143268416,-0.004902451892843154,5.442420482635498
6119424,1315.919500857999,0.09470519819173083,0.5091552734375,,,,,,,,0.005126953125,2.0581910610198975,0.003725685106200305,-0.010283017746747935,8.883536338806152
6127616,1318.2262137340003,0.12439987065396325,0.5340820550918579,,,,,,,,0.003662109375,2.0055601596832275,0.003054208713473283,-0.0005865569779947171,10.0789155960083
6135808,1320.5701952689997,0.08086010707899934,0.4910034239292145,,,,,,,,0.00390625,2.063509225845337,0.0032612191954810577,-0.01564492176708204,9.817123413085938
6144000,1322.4655054979958,0.08494219106364205,0.50616455078125,,,,,,,,0.00439453125,1.9931122064590454,0.0031619226197181494,-0.01042327700784348,11.288386344909668
6152192,1324.3205167220003,0.1534056178137689,0.5946289300918579,,,,,,,,0.0029296875,2.0391061305999756,0.0031728829539563463,0.005304919748349896,5.808591365814209
6160384,1326.4928895689955,0.09142834673044747,0.5122436881065369,0.005336574457906695,0.0047507228799860135,0.004002430843429994,333,663.5462418807103,40.2,23.85,0.0035400390625,1.9899449348449707,0.002956508466938512,-0.010681779135486095,7.229071140289307
6168576,1328.8729074619987,0.08994218727744635,0.5219360589981079,,,,,,,,0.00390625,1.9816666841506958,0.002860961683785579,-0.008212039977515398,5.750521183013916
6176768,1330.8275967779991,0.09634325636761297,0.537670910358429,,,,,,,,0.0029296875,1.9769566059112549,0.0031216093986081717,-0.011102581791459228,4.100112438201904
6184960,1332.7935681480012,0.09156903244599,0.5273193717002869,,,,,,,,0.0035400390625,2.0370523929595947,0.0024913823282621816,-0.008566057296211753,4.650998592376709
6193152,1335.1072420400014,0.05533709582562936,0.42650148272514343,,,,,,,,0.004638671875,2.0864384174346924,0.002332839391108843,-0.020542580604717555,12.417357444763184
6201344,1337.2070071359994,0.10154731350628701,0.545300304889679,,,,,,,,0.0025634765625,2.0237460136413574,0.0025475298661743473,-0.011362330295106348,3.922600507736206
6209536,1339.016831604,0.08032801418824805,0.503344714641571,,,,,,,,0.0032958984375,2.0102906227111816,0.0027725390738614353,-0.01397431139418181,5.213761806488037
6217728,1340.7771169100015,0.050687257967731075,0.4120117127895355,,,,,,,,0.003662109375,1.9811294078826904,0.002499763137152833,-0.019135564776519842,15.029791831970215
6225920,1342.5813638159962,0.05761600168053858,0.42186281085014343,0.004210790231048422,0.0067417481408441615,0.0031580926732863723,333,691.8630756816744,27.450000000000003,7.5,0.003662109375,2.096259355545044,0.0024711708969646917,-0.01611780351193982,10.191286087036133
6234112,1344.8937006589986,0.11355972083731854,0.533203125,,,,,,,,0.0028076171875,2.05155611038208,0.002504058089102812,-0.008396216106530274,4.811940670013428
6242304,1346.9341216469984,0.0954167266659051,0.505175769329071,,,,,,,,0.0045166015625,2.1056599617004395,0.0025636223189446916,-0.015665137267615127,6.375788688659668
6250496,1349.0114408429945,0.07438527796948209,0.47169190645217896,,,,,,,,0.003662109375,2.0731890201568604,0.002176534792038276,-0.01654992535028788,10.238818168640137
6258688,1351.1522985279953,0.05522023753016925,0.3730102479457855,,,,,,,,0.003662109375,2.1027257442474365,0.00226829836358422,-0.021687675959587385,18.497804641723633
6266880,1353.2462933849965,0.07913272145426839,0.47547608613967896,,,,,,,,0.003662109375,1.9676326513290405,0.002489703727770798,-0.018098774580619325,8.4835786819458
6275072,1355.4677581169963,0.10162064147334447,0.543078601360321,,,,,,,,0.0032958984375,2.031172513961792,0.0024162651991910256,-0.010782694867823843,8.11516284942627
6283264,1357.6592303040015,0.1070753739190452,0.55316162109375,,,,,,,,0.003173828125,2.0142369270324707,0.002418642254746084,-0.00814882634037706,5.900858402252197
6291456,1359.860357849997,0.10255428207978597,0.546215832233429,0.0046156992384520645,0.00473502087431521,0.0035203878057468163,333,682.8822210231143,19.35,nan,0.0035400390625,2.0529119968414307,0.002173167024431266,-0.011382681678649687,4.9442596435546875
6299648,1362.7838718269995,0.09710866763455672,0.49473878741264343,,,,,,,,0.004150390625,2.101109266281128,0.0024065065023890497,-0.019505349018589073,6.4628143310546875
6307840,1364.7335056480006,0.07739139806923129,0.47221681475639343,,,,,,,,0.0035400390625,2.07277512550354,0.00260533445865041,-0.013358840992543954,8.436017036437988
6316032,1366.464990993998,0.07937610058821071,0.48646241426467896,,,,,,,,0.0030517578125,2.06227445602417,0.0025999429520526807,-0.020219999831036357,8.824982643127441
6324224,1368.2339263819958,0.10672803607661936,0.549145519733429,,,,,,,,0.003173828125,1.954836130142212,0.0025625327142690946,-0.014676360508793496,4.819477081298828
6332416,1370.0225187179967,0.10224244564910318,0.529345691204071,,,,,,,,0.0037841796875,2.0007591247558594,0.0028419425288515043,-0.010586992869061904,5.231780052185059
6340608,1371.7656650079953,0.11136353121262182,0.3949951231479645,,,,,,,,0.0032958984375,2.0099077224731445,0.0027069195633756538,-0.011962316307277877,19.78782844543457
6348800,1373.554017030001,0.08430505755439116,0.47119140625,,,,,,,,0.00390625,2.0172312259674072,0.002517731586424654,-0.013842031785117226,13.253763198852539
6356992,1375.3762843410004,0.08537604090781317,0.49193117022514343,0.004635712659438851,0.005824791338154056,0.0034767844945791104,333,679.6313589694493,24.0,18.0,0.00341796875,1.8839869499206543,0.002693280752532612,-0.01362200409388652,8.57568073272705
6365184,1377.6335488219993,0.11398204418213453,0.567626953125,,,,,,,,0.0028076171875,2.021174669265747,0.0027964230967476578,-0.011342671573535714,4.272270202636719
6373376,1379.2048433329983,0.09791386124728592,0.4916748106479645,,,,,,,,0.00390625,1.9475091695785522,0.0030838681778904142,-0.009892600831435533,8.564233779907227
6381568,1380.7939822490007,0.10287643400619464,0.48907470703125,,,,,,,,0.0037841796875,2.067788600921631,0.0023372908273875392,-0.008467266264693718,8.681340217590332
6389760,1382.5252116799966,0.08625031899960361,0.45380860567092896,,,,,,,,0.0030517578125,2.0656676292419434,0.002234925160468304,-0.013947416229417808,12.632926940917969
6397952,1384.3474102779946,0.0889785644478809,0.49803468585014343,,,,,,,,0.0040283203125,1.8634730577468872,0.0021863524925958,-0.012152223231768892,10.429510116577148
6406144,1386.1114728850007,0.12041509864783027,0.563830554485321,,,,,,,,0.0023193359375,1.9217522144317627,0.0020089219006509396,-0.005988520433523655,4.869143009185791
6414336,1387.7932925659989,0.10028621770597496,0.53558349609375,,,,,,,,0.0037841796875,1.9276399612426758,0.0020066285722777355,-0.012667340011171126,4.4373555183410645
6422528,1389.523954530996,0.06650681639628472,0.46345216035842896,0.0062266219407352,0.007038916885220292,0.004923588716335803,333,647.1286196684973,38.400000000000006,nan,0.003173828125,1.8956938982009888,0.0027633273063536468,-0.01872059925550817,8.950987815856934
6430720,1391.6988066279955,0.09172126810207629,0.5376831293106079,,,,,,,,0.0029296875,1.993008017539978,0.002772528601146962,-0.008959271647011786,4.736539840698242
6438912,1393.3361816760007,0.061451134461707385,0.36577150225639343,,,,,,,,0.00439453125,1.9533747434616089,0.002279968492658435,-0.019749438476624654,17.614782333374023
6447104,1395.1016746079986,0.08042896050311941,0.5047973990440369,,,,,,,,0.002685546875,1.9305682182312012,0.0028002332405734354,-0.02048870437818876,6.87567138671875
6455296,1396.7532542359986,0.14503791450668752,0.49589845538139343,,,,,,,,0.00341796875,1.9305130243301392,0.002651018460727017,-0.016319191933168675,9.209129333496094
6463488,1398.5525363159977,0.09550979801051296,0.515490710735321,,,,,,,,0.00390625,1.9337438344955444,0.0026324924210411327,-0.013039951320637233,6.556546211242676
6471680,1400.2870803039987,0.12339109140152581,0.578381359577179,,,,,,,,0.0028076171875,1.9310264587402344,0.0026591664387861647,-0.005649211655451703,4.026872158050537
6479872,1402.0555821859962,0.13328762114616868,0.5543212890625,,,,,,,,0.00341796875,1.8895666599273682,0.0025352243077235714,-0.011013458412615227,3.9321212768554688
6488064,1403.872980686996,0.08559067842750356,0.5147705078125,0.006865631126274807,0.00585240823137545,0.005203577718261965,333,641.9717489643929,47.550000000000004,nan,0.0030517578125,1.8951457738876343,0.0034367999122824067,-0.014383702377141422,5.379653453826904
6496256,1406.067257482995,0.09843181837229951,0.546313464641571,,,,,,,,0.0028076171875,1.9609196186065674,0.0027183801426574616,-0.011267651170527316,3.868774175643921
6504448,1407.6483506020013,0.07777735499740145,0.44172364473342896,,,,,,,,0.003662109375,1.9110100269317627,0.002707056797412233,-0.017378047088730236,9.929064750671387
6512640,1409.3639277289985,0.10788749187764748,0.5512451529502869,,,,,,,,0.00244140625,1.9251189231872559,0.002612768412058042,-0.011662253450883873,3.674386739730835
6520832,1411.0033766209963,0.11047918322679724,0.4815307557582855,,,,,,,,0.00390625,1.9527860879898071,0.002761487204293922,-0.010426584498936041,6.502818584442139
6529024,1412.8062241449952,0.0885671576196019,0.5068725943565369,,,,,,,,0.00390625,1.9650803804397583,0.003075941330580423,-0.019872395545209233,5.109737396240234
6537216,1414.5444831720015,0.10693671283899345,0.5089477896690369,,,,,,,,0.003173828125,2.0322866439819336,0.003500537564905093,-0.01244003645279525,5.431307315826416
6545408,1416.288933402,0.08122535870528123,0.415283203125,,,,,,,,0.0042724609375,1.9073811769485474,0.003279953816727965,-0.019902354014247697,10.85008430480957
6553600,1418.0852305890003,0.0780216924185929,0.4187377989292145,0.010058229305502042,0.009061389826500177,0.007574423621641291,333,601.0008759600443,25.950000000000003,6.45,0.0037841796875,1.9829988479614258,0.0030089773156259936,-0.0162626583472345,14.790178298950195
6561792,1420.4151594319992,0.08054737504007933,0.46112060546875,,,,,,,,0.004638671875,2.136937141418457,0.002926789544167585,-0.015958623000016443,12.1889009475708
6569984,1422.0534410959954,0.05588417110396851,0.4314208924770355,,,,,,,,0.0035400390625,1.8272000551223755,0.0032248163638662897,-0.013144315728227041,18.410154342651367
6578176,1423.814673615001,0.09814985803931968,0.5359741449356079,,,,,,,,0.0035400390625,1.922161340713501,0.003529067318401191,-0.012199933746704784,7.064048767089844
6586368,1425.5148941139996,0.10781294574765782,0.554931640625,,,,,,,,0.0032958984375,1.9165493249893188,0.0021310507512544152,-0.0048596583715739,8.044052124023438
6594560,1427.3323118209955,0.148276058384347,0.5744873285293579,,,,,,,,0.00341796875,1.948355793952942,0.002348334927802398,0.00032239155113188947,5.489328384399414
6602752,1429.1838041699957,0.15364091388617662,0.534960925579071,,,,,,,,0.0032958984375,2.0199131965637207,0.0024055830779001752,-0.007908478929119474,7.849666118621826
6610944,1431.0063232719986,0.08010336792664971,0.45646974444389343,,,,,,,,0.0040283203125,1.8453314304351807,0.0026009869501633087,-0.01605211653756258,14.118082046508789
6619136,1432.7926228539945,0.0746915658737745,0.46826171875,0.004571835870276431,0.005649126259438697,0.003428876902707323,333,677.1166002065995,41.1,35.4,0.0025634765625,1.9521123170852661,0.002473965689780644,-0.01666158020341711,8.821870803833008
6627328,1435.059364312001,0.1011671578855047,0.50628662109375,,,,,,,,0.0040283203125,1.9677813053131104,0.002513074259061221,-0.0048979400390315704,7.35992431640625
6635520,1436.7276802419947,0.07833474447917564,0.4614501893520355,,,,,,,,0.0037841796875,1.931288242340088,0.003052062470176198,-0.009309464565162628,11.565132141113281
6643712,1438.5339063899955,0.08263611093190351,0.50714111328125,,,,,,,,0.0025634765625,1.9673563241958618,0.002780019064756223,-0.012700424038019936,8.4033784866333
6651904,1440.2785600709976,0.14784025723104932,0.5693115592002869,,,,,,,,0.004150390625,1.959253191947937,0.002815665939507217,-0.002471880747969942,6.267066955566406
6660096,1442.082271883999,0.08332999998827306,0.49854737520217896,,,,,,,,0.003662109375,2.018566131591797,0.0028460886492026605,-0.012681660064824652,7.298730373382568
6668288,1443.9080727440014,0.10565609277465252,0.546679675579071,,,,,,,,0.0023193359375,2.0004560947418213,0.0026893830506614647,-0.00912186266841836,4.458132743835449
6676480,1445.6731333829957,0.07729010267704112,0.4922241270542145,,,,,,,,0.0040283203125,1.9428958892822266,0.002233147067452812,-0.015457004533628207,6.136188507080078
6684672,1447.4597816449968,0.07988354215895188,0.505810558795929,0.004591093159281634,0.004353643891825687,0.0034433198694612255,333,679.637944832341,45.150000000000006,9.75,0.003662109375,2.0133633613586426,0.0023801286057268944,-0.01374859142229084,5.465113162994385
6692864,1449.8328675910016,0.10245845300772488,0.539135754108429,,,,,,,,0.002685546875,2.0297000408172607,0.0022664555685696364,-0.004445839285790595,4.054224491119385
6701056,1451.4368962459994,0.08338851454925562,0.4964843690395355,,,,,,,,0.004150390625,2.020296335220337,0.0022103119576082353,-0.010018229183158645,5.733503818511963
6709248,1453.2003228549947,0.08521135779865877,0.510327160358429,,,,,,,,0.003173828125,2.0571727752685547,0.0019847388453628767,-0.01211195094848069,5.417973518371582
6717440,1454.9001901750016,0.09325166678615787,0.511608898639679,,,,,,,,0.00341796875,2.0398097038269043,0.0020396031784184476,-0.01474989397001498,4.211733818054199
6725632,1456.7303433479974,0.09602722862059772,0.51300048828125,,,,,,,,0.0029296875,1.9972991943359375,0.002331916629298769,-0.010603721715494605,3.6177444458007812
6733824,1458.7709420690007,0.09089353586031795,0.4753051698207855,,,,,,,,0.0037841796875,2.0809433460235596,0.0024577012391366893,-0.008599178218892221,6.640330791473389
6742016,1460.6823762049971,0.07561433772508348,0.404541015625,,,,,,,,0.006591796875,2.332592248916626,0.0022262531531135332,-0.010136992322807235,12.130064964294434
6750208,1462.4888896709963,0.06254373230580183,0.3574585020542145,0.027057626295474257,0.027161651154110844,0.024211320074342124,333,447.59529347282313,35.7,nan,0.0047607421875,2.116020441055298,0.0020275318060147818,-0.015309497648374524,25.205183029174805
6758400,1464.8416608339976,0.04999068781610164,0.34068605303764343,,,,,,,,0.0025634765625,2.010010242462158,0.0021023446872268092,-0.025382280829609985,21.790903091430664
6766592,1466.4987554649997,0.05181542628739277,0.40252685546875,,,,,,,,0.0048828125,1.8834004402160645,0.002681009036329174,-0.009973796477469238,23.279193878173828
6774784,1468.3779905759948,0.06860039468728411,0.46867677569389343,,,,,,,,0.0040283203125,1.8230459690093994,0.002654144071806974,-0.012638174542572557,21.384384155273438
6782976,1470.0917069319985,0.15710477171520854,0.6004638671875,,,,,,,,0.002685546875,1.9525253772735596,0.003291163487781912,0.002462952820436296,5.829459190368652
6791168,1471.8316646979947,0.11335878448544326,0.5378174185752869,,,,,,,,0.0048828125,1.9646453857421875,0.0032174649071331496,-0.0006945662194249917,10.628552436828613
6799360,1473.6332728439957,0.09075070069254998,0.504711925983429,,,,,,,,0.0035400390625,2.0991671085357666,0.0032532883377277555,-0.011806677548554243,8.496883392333984
6807552,1475.3909115729984,0.12162303320571688,0.564318835735321,,,,,,,,0.00341796875,1.9565693140029907,0.0034310375556061423,-0.009724564998766045,5.390206336975098
6815744,1477.0703290329984,0.11409158863845535,0.5556274652481079,0.0051131023217373395,0.004293384314912441,0.003946523518723488,333,662.016710570775,30.450000000000003,nan,0.0040283203125,1.9545091390609741,0.0033485169535250048,-0.009038739836707289,5.04761266708374
6823936,1479.3426456689995,0.10063439372764327,0.5506958365440369,,,,,,,,0.0030517578125,2.008418560028076,0.002927685638489108,-0.010872415221014238,4.081562519073486
6832128,1481.0771847829965,0.0765754461504748,0.47723388671875,,,,,,,,0.0035400390625,1.9064159393310547,0.002752764207362368,-0.016363119309128978,7.124797344207764
6840320,1482.800881119998,0.09281133076651718,0.5183349847793579,,,,,,,,0.0029296875,1.9492979049682617,0.0024482872105896503,-0.009893534794509532,5.959395885467529
6848512,1484.526698968999,0.09508940208552809,0.52850341796875,,,,,,,,0.0029296875,1.9578750133514404,0.0022255613687384157,-0.01312108849437419,4.41977071762085
6856704,1486.296795424998,0.07158491992782079,0.4769043028354645,,,,,,,,0.00390625,1.9471676349639893,0.00226142671466234,-0.014936758165857628,8.543205261230469
6864896,1488.1022960069968,0.22340243985490604,0.4504760801792145,,,,,,,,0.0025634765625,2.0314218997955322,0.002375429004886298,-0.01782508933995307,8.729823112487793
6873088,1490.0219589900007,0.08852151650027631,0.520214855670929,,,,,,,,0.003662109375,1.9901829957962036,0.002351869735021328,-0.015132754253427078,3.787343740463257
6881280,1491.7143519439996,0.07742526992475236,0.46234130859375,0.004172219876306005,0.0037984738152515574,0.0031295139690080687,333,686.9975134997153,32.4,22.650000000000002,0.0032958984375,1.9411332607269287,0.0024828168621637836,-0.0114730163119066,7.982499599456787
6889472,1493.8747053449988,0.05942642053744094,0.43804931640625,,,,,,,,0.0028076171875,2.0158419609069824,0.002384640117566228,-0.022482844163785234,9.374186515808105
6897664,1495.4911352380004,0.08152535022305657,0.4951538145542145,,,,,,,,0.0042724609375,2.0364341735839844,0.0024078557513523835,-0.016808752034148295,6.65418004989624
6905856,1497.1854795499967,0.07412354015020925,0.4725341796875,,,,,,,,0.0028076171875,2.0013844966888428,0.0022027098555355007,-0.01515040679169724,10.433366775512695
6914048,1498.9051021319974,0.1108471087741513,0.5518432855606079,,,,,,,,0.003662109375,1.993901014328003,0.0022584307340551835,-0.0097069361063932,4.117797374725342
6922240,1500.6918046130013,0.07370566250542876,0.46208497881889343,,,,,,,,0.003662109375,2.0014443397521973,0.002164869010047976,-0.01231367318478497,12.229804992675781
6930432,1502.4183837039964,0.09045461952987482,0.517749011516571,,,,,,,,0.003173828125,2.070507764816284,0.0019347055068935637,-0.008406470981938785,6.451396465301514
6938624,1504.1887467490014,0.08574629304938797,0.517590343952179,,,,,,,,0.00341796875,2.057218313217163,0.002232928875016915,-0.013547999913682805,5.107844352722168
6946816,1505.8663428629952,0.07406159843946028,0.47825929522514343,0.004079113061365547,0.004105319687496167,0.003064558527010819,333,697.1059786252908,27.75,22.8,0.00341796875,2.0194597244262695,0.0028583638237267284,-0.01579711738868296,9.34898853302002
6955008,1507.9607419879976,0.10763734056429197,0.5447632074356079,,,,,,,,0.003173828125,2.063020706176758,0.0020947730389164754,-0.008647346901597975,4.431886196136475
6963200,1509.5997850579952,0.08025565211651678,0.4218383729457855,,,,,,,,0.003662109375,2.090643882751465,0.001985529548028886,-0.01755213839189457,12.071752548217773
6971392,1511.2749664020012,0.06754362223443633,0.37481689453125,,,,,,,,0.004150390625,2.0760440826416016,0.0017820632145294502,-0.017041744272572025,26.168319702148438
6979584,1512.940494411996,0.11313486660773638,0.5430908203125,,,,,,,,0.00341796875,1.9765405654907227,0.001899638421784533,-0.01442128662858018,6.112621307373047
6987776,1514.604861396001,0.10740997801069879,0.549182116985321,,,,,,,,0.003173828125,2.0120444297790527,0.001720461407544227,-0.013654857019443979,4.6751298904418945
6995968,1516.3700991229998,0.09061202461971196,0.506335437297821,,,,,,,,0.00341796875,2.1152660846710205,0.0018296592867527162,-0.011235037632272097,7.826886177062988
7004160,1518.3932299539956,0.05663380536555467,0.39276123046875,,,,,,,,0.00390625,2.080080509185791,0.0019441533130878375,-0.02302761962365603,16.6246337890625
7012352,1520.2112131469985,0.10594712665464884,0.5521484613418579,0.003746932690789073,0.0032272676878098983,0.002810199518091805,333,719.2893500420033,48.45,7.3500000000000005,0.00390625,2.156292676925659,0.001991156344440137,-0.008466308887802152,7.276712894439697
7020544,1522.4071906429963,0.09730874607559777,0.534069836139679,,,,,,,,0.0045166015625,2.2259860038757324,0.0019213046011955504,-0.015609930215576715,8.198487281799316
7028736,1523.9895382059985,0.07972703504864434,0.46650391817092896,,,,,,,,0.0035400390625,2.1383135318756104,0.0020434306993881712,-0.014441459932758544,11.073038101196289
7036928,1525.7088372619983,0.08845724247167687,0.48272705078125,,,,,,,,0.0037841796875,2.11868953704834,0.002074536612380884,-0.017353546722623816,9.997759819030762
7045120,1527.4003150489953,0.1589699369376076,0.5367676019668579,,,,,,,,0.0035400390625,2.0719218254089355,0.0018697774855698235,-0.006492174057404966,8.096519470214844
7053312,1529.3357619259987,0.11213622090768896,0.43156740069389343,,,,,,,,0.003662109375,2.075096607208252,0.0015733252449537938,-0.012839966325453088,20.248746871948242
7061504,1531.1392188050013,0.085751689562924,0.3530517518520355,,,,,,,,0.00390625,2.0867531299591064,0.001452391021879329,-0.028467260854944245,32.07493591308594
7069696,1532.923010626997,0.07724850924986308,0.420166015625,,,,,,,,0.0028076171875,1.9150285720825195,0.001562351506477766,-0.01849766339044453,25.20041275024414
7077888,1534.6844734859988,0.051388668938451135,0.40635988116264343,0.003560137760971527,0.003939634456839536,0.002687766552684212,333,687.7265917694256,19.8,13.350000000000001,0.004150390625,1.8352130651474,0.0021977614541126567,-0.018552029462857788,28.269256591796875
7086080,1537.1930493069958,0.06700385384341685,0.45379638671875,,,,,,,,0.0045166015625,1.931455373764038,0.0020507745666046295,-0.01131888253842269,28.5620174407959
7094272,1539.1399421089955,0.09131853720255427,0.517504870891571,,,,,,,,0.0029296875,1.9163691997528076,0.0020022974145218475,-0.013157409388016817,17.967365264892578
7102464,1540.9993264669974,0.09016899893358438,0.5110718011856079,,,,,,,,0.00537109375,2.13641357421875,0.0021195879424640296,-0.008274421540524391,19.814542770385742
7110656,1542.6880466110015,0.06530142844570395,0.4531616270542145,,,,,,,,0.004150390625,2.0333945751190186,0.0020947630626243496,-0.01874522207202015,26.495147705078125
7118848,1544.4257270460002,0.16803291306908374,0.6177734732627869,,,,,,,,0.0028076171875,2.088040351867676,0.0021687514822734677,0.006516177183523023,10.0409517288208
7127040,1546.1595816749978,0.11407878371998699,0.5132812857627869,,,,,,,,0.0048828125,1.9749317169189453,0.00216156625779107,-0.001439465863524842,17.101408004760742
7135232,1547.9871993549968,0.1290487957952337,0.505383312702179,,,,,,,,0.002685546875,2.066964626312256,0.00219492033606139,-0.005648542464132206,20.348526000976562
7143424,1550.153438852998,0.12933803450817666,0.58331298828125,0.00448810921529752,0.00426788210605511,0.003419824867355037,333,682.8807078980659,27.900000000000002,nan,0.0045166015625,2.1696367263793945,0.0027201982475287823,0.002093996903955125,9.346117973327637
7151616,1552.9185557960009,0.08285954022616487,0.48125001788139343,,,,,,,,0.004638671875,1.9938287734985352,0.002663643796756765,-0.012251255048866256,15.27124309539795
7159808,1554.5666939939983,0.1004502385685227,0.541516125202179,,,,,,,,0.0025634765625,2.065985679626465,0.002419828902968213,-0.015248177861197254,9.518464088439941
7168000,1556.368968361996,0.08287326499555962,0.51116943359375,,,,,,,,0.0042724609375,1.9478669166564941,0.002190096805430919,-0.01736153757194389,11.005966186523438
7176192,1558.3796659899963,0.057392475062597974,0.43537598848342896,,,,,,,,0.0040283203125,2.1343023777008057,0.00256777387284024,-0.01809813690289454,26.4927921295166
7184384,1560.4365729189958,0.11617582933200882,0.5669922232627869,,,,,,,,0.0029296875,2.0758018493652344,0.002198995611863541,-0.0037633630046949394,9.255248069763184
7192576,1562.290982683,0.09315615233160167,0.53033447265625,,,,,,,,0.004638671875,2.079237461090088,0.0020106374464354815,-0.00865504509675123,11.208938598632812
7200768,1564.0563009879988,0.11635705874775903,0.579833984375,,,,,,,,0.0028076171875,2.152472972869873,0.001481332178009609,-0.0014145342686206304,7.235050201416016
7208960,1565.869658522999,0.07919789504161628,0.4668212831020355,0.0035997521078265926,0.003109687011685569,0.003059051376772315,171,304.4167210016967,24.900000000000002,nan,0.00390625,2.156755208969116,0.0013836058851891542,-0.013177328748485094,16.132556915283203
7217152,1568.185960621995,0.05517639366409073,0.42255860567092896,,,,,,,,0.0052490234375,2.1203691959381104,0.0020785625784437434,-0.019898916397590755,28.81574058532715
7225344,1569.8691814109989,0.11719491842294755,0.5706421136856079,,,,,,,,0.0023193359375,2.1597228050231934,0.0016812276746055455,-0.012407523385178788,7.0511064529418945
7233536,1571.6944012370004,0.10837326372886383,0.55517578125,,,,,,,,0.0047607421875,2.0705409049987793,0.0016394438129111455,-0.007098712108201734,9.163562774658203
7241728,1573.532833870995,0.0616385038990229,0.42640382051467896,,,,,,,,0.0025634765625,2.0821945667266846,0.0020570855423475143,-0.020528767233560327,18.284870147705078
7249920,1575.2690072469995,0.1080293316281396,0.5513061881065369,,,,,,,,0.0032958984375,2.1570076942443848,0.001857045354758724,-0.009637926187328331,5.37952184677124
7258112,1577.067051193997,0.154292835138932,0.558911144733429,,,,,,,,0.00439453125,2.0075201988220215,0.001830135259409893,-0.0027297100223486904,6.143430233001709
7266304,1579.044903944996,0.09871851816123543,0.526721179485321,,,,,,,,0.0023193359375,2.149625778198242,0.0017072383520917445,-0.012384563472018377,6.729297637939453
7274496,1580.8616473289949,0.07250373575756368,0.4715209901332855,0.0040115246883289934,0.0032000280426202066,0.003008643516246745,333,699.1068446925144,48.0,7.5,0.0042724609375,2.100208282470703,0.001764711544051334,-0.015398299843154101,11.85333251953125
7282688,1583.2619971489985,0.0798543676840112,0.5019897818565369,,,,,,,,0.0029296875,1.99474036693573,0.001612603066117324,-0.013735196634126496,8.584467887878418
7290880,1584.8539292860005,0.08449653440360674,0.505627453327179,,,,,,,,0.0032958984375,2.138263463973999,0.001611750903343201,-0.014187961017511448,7.211888790130615
7299072,1586.6958927529995,0.07434720127733434,0.48664551973342896,,,,,,,,0.0037841796875,1.99215829372406,0.0018717722599032038,-0.015203728724476728,9.463027954101562
7307264,1588.6930257419954,0.0751116318571469,0.48521730303764343,,,,,,,,0.0030517578125,2.218477249145508,0.0018978485457425975,-0.017040991351295994,10.381701469421387
7315456,1590.526423905998,0.07414307656883803,0.46839600801467896,,,,,,,,0.00341796875,2.0069799423217773,0.001989927326461194,-0.01695837021739929,14.891738891601562
7323648,1592.330677468999,0.1147268269464231,0.559094250202179,,,,,,,,0.00341796875,2.035978317260742,0.0018658535686041366,-0.003418125901121247,10.018290519714355
7331840,1594.1340480189974,0.10459088599110329,0.544812023639679,,,,,,,,0.00390625,2.164590835571289,0.0018172935580199612,-0.01042272621011156,7.889127254486084
7340032,1595.8671076199971,0.10519056292139915,0.5588012933731079,0.002670983492661483,0.0031412187945885073,0.002039668833469621,333,743.952936858512,30.0,49.35,0.0032958984375,2.1091763973236084,0.0018306700239103524,-0.005343956637018767,5.225804805755615
7348224,1598.1170155719956,0.07731083558667531,0.48072510957717896,,,,,,,,0.0040283203125,2.200667142868042,0.0017579282032946786,-0.013778834634400387,7.607807159423828
7356416,1599.6814128109982,0.07053322305536146,0.4520507752895355,,,,,,,,0.0035400390625,2.098147392272949,0.0018628476247193326,-0.02120428169983998,9.247993469238281
7364608,1601.433558277,0.055634740365109486,0.39997559785842896,,,,,,,,0.0040283203125,2.2431225776672363,0.002042602819309347,-0.021817744992131172,15.653119087219238
7372800,1603.2467991800004,0.07935579868673788,0.48345947265625,,,,,,,,0.0035400390625,2.027372121810913,0.0018384176465040536,-0.013105629062211783,11.410171508789062
7380992,1605.0128347479986,0.07606823936580662,0.45209962129592896,,,,,,,,0.003173828125,2.1502420902252197,0.0023298102467597115,-0.0170566615775462,15.614516258239746
7389184,1606.739824586999,0.07743276034600666,0.40135499835014343,,,,,,,,0.0040283203125,2.0634894371032715,0.0021475131637532785,-0.01956144782303728,23.91335105895996
7397376,1608.5110325649948,0.06417573789786868,0.39654541015625,,,,,,,,0.0035400390625,2.019547939300537,0.0018854005710107202,-0.015795368084939695,31.17283058166504
7405568,1610.3032111389984,0.05539082176172714,0.40916749835014343,0.0043445614162428425,0.005194297651864188,0.003258421062182104,333,686.0081202746101,45.300000000000004,6.300000000000001,0.0040283203125,2.01977276802063,0.0018997046741193735,-0.015844799900770305,32.257408142089844
7413760,1612.5660886319965,0.0843609070700228,0.505505383014679,,,,,,,,0.00390625,1.9745968580245972,0.0021796781936036513,-0.017633074499197567,18.87286949157715
7421952,1614.2292029259988,0.1452695484297069,0.605419933795929,,,,,,,,0.0023193359375,2.0255324840545654,0.002017493094227718,-0.00044591726014700067,6.539624214172363
7430144,1616.0347208359963,0.11766494457063821,0.5600830316543579,,,,,,,,0.0040283203125,2.1716692447662354,0.001730815175962297,-0.0031168331197677125,10.928632736206055
7438336,1617.8493997240002,0.11464644246239011,0.539135754108429,,,,,,,,0.0040283203125,2.0711655616760254,0.0019861734617274696,-0.003372185570436191,11.506034851074219
7446528,1619.8080055530008,0.11017724236537639,0.54974365234375,,,,,,,,0.00341796875,2.1552681922912598,0.00187128244523449,-0.006772858986940445,9.076729774475098
7454720,1621.610760038995,0.05182971520595258,0.41423341631889343,,,,,,,,0.0032958984375,2.1518993377685547,0.0016489911615982233,-0.022258505533017222,23.173913955688477
7462912,1623.4154461599974,0.12204735675849393,0.5764404535293579,,,,,,,,0.0045166015625,2.179873466491699,0.0019299974184483482,-0.00669085943272931,7.411435127258301
7471104,1625.193557736995,0.10751382545995894,0.5296264886856079,0.004174470487871229,0.004221746290406836,0.003130852865903422,333,690.7709840712681,37.5,6.300000000000001,0.003173828125,2.115037679672241,0.0018665528255489283,-0.0076851176322716075,11.62592887878418
7479296,1627.542264003001,0.15240628687333146,0.5562988519668579,,,,,,,,0.003662109375,2.2138633728027344,0.002664358952851442,-0.0007938505248510975,6.602940559387207
7487488,1629.2432187189988,0.0739130133364752,0.4375366270542145,,,,,,,,0.0040283203125,2.129254102706909,0.002368429928828908,-0.01729054840991939,16.056913375854492
7495680,1631.4194383349968,0.10303011470833534,0.4911743104457855,,,,,,,,0.0052490234375,2.234151840209961,0.0024956015176771373,-0.008645918264688239,10.197410583496094
7503872,1633.1613001299993,0.13570651805599154,0.51373291015625,,,,,,,,0.0028076171875,2.04319167137146,0.0025114242273041043,-0.0049860634881774574,10.623544692993164
7512064,1635.1151267109963,0.07721315108988491,0.42375490069389343,,,,,,,,0.004638671875,2.2265710830688477,0.0023328406529175005,-0.016156201152507488,20.850934982299805
7520256,1637.562973922999,0.07227019614409061,0.4728759825229645,,,,,,,,0.0050048828125,2.156986713409424,0.001679001897505028,-0.013903508526305348,15.69873332977295
7528448,1639.2775103739987,0.10855050928865087,0.5498046875,,,,,,,,0.003173828125,2.2149298191070557,0.0017241984577558434,-0.007730159193452249,12.484562873840332
7536640,1641.0304588319996,0.07356334482126423,0.48292237520217896,0.002987643454050226,0.0023860336696726048,0.0022499706115114426,277,573.5087032863727,40.5,31.950000000000003,0.004638671875,2.2100088596343994,0.0014795462774663815,-0.010880214341134965,14.78815746307373
7544832,1643.290504906996,0.11490141157272682,0.563525378704071,,,,,,,,0.0035400390625,2.2291455268859863,0.0015335950674780774,-0.0012741317191280372,5.969728946685791
7553024,1644.8797604119973,0.09970631338567254,0.526171863079071,,,,,,,,0.0029296875,2.200263261795044,0.0020428404436290126,-0.008139725745595919,5.999429225921631
7561216,1646.4957324060015,0.07817488431641151,0.43232423067092896,,,,,,,,0.0052490234375,2.2968358993530273,0.0019216452909858184,-0.019190903001179788,16.673295974731445
7569408,1648.2117716950015,0.048297396028428405,0.35968017578125,,,,,,,,0.00341796875,2.153916358947754,0.0019032931163072142,-0.021919968715347356,30.24077796936035
7577600,1649.8348195159997,0.081856215410957,0.48985597491264343,,,,,,,,0.003662109375,2.152585029602051,0.00219074553456855,-0.017081256966515402,12.81335735321045
7585792,1651.430958593999,0.12802105316848533,0.5519165396690369,,,,,,,,0.0042724609375,2.061716318130493,0.0019128558536382068,-0.00215076764807307,8.184470176696777
7593984,1653.100430077,0.16717498645442644,0.6012817621231079,,,,,,,,0.0037841796875,2.2129480838775635,0.0019175359439871364,0.005201400942454017,5.799965858459473
7602176,1654.8050373590013,0.10692235684712757,0.502246081829071,0.004207445148418643,0.003788469469940603,0.003155680611067746,271,541.4074201737297,19.650000000000002,14.4,0.003662109375,2.251852512359619,0.0018699991110638914,-0.007094667848219352,8.65488338470459
7610368,1656.9569562459947,0.11353434374586134,0.514477550983429,,,,,,,,0.0035400390625,2.159104824066162,0.0025393159445383784,-0.011247636399286713,8.893698692321777
7618560,1658.6823267520012,0.06516405491669545,0.4043335020542145,,,,,,,,0.004150390625,2.1754796504974365,0.00260383179194168,-0.020673747448369254,18.5571346282959
7626752,1660.4394788149948,0.09774535496881771,0.525317370891571,,,,,,,,0.00390625,2.15704083442688,0.002595074314797774,-0.008192382875861255,8.903367042541504
7634944,1662.124690673998,0.060893220777530954,0.44398194551467896,,,,,,,,0.005126953125,2.3097801208496094,0.002320988246059086,-0.019170122684528657,15.899286270141602
7643136,1663.7876025570004,0.06436330193143565,0.4511474668979645,,,,,,,,0.0037841796875,2.1624770164489746,0.002174840024336544,-0.018704755802959824,14.220671653747559
7651328,1665.4253106389951,0.0771053977139523,0.47785645723342896,,,,,,,,0.003173828125,2.1926677227020264,0.0019555729909772612,-0.015580262030736645,12.735494613647461
7659520,1667.1084144900015,0.0826759606703494,0.4860473573207855,,,,,,,,0.00439453125,2.2509639263153076,0.0020170090214873815,-0.017416253566133216,14.022686958312988
7667712,1668.7863064150006,0.09684173980151983,0.48822021484375,0.0022673022037941193,0.0018891958024292999,0.001736855595359632,270,584.5184686274346,38.85,nan,0.00390625,2.209869384765625,0.0018962566361757638,-0.010877025690581365,18.420583724975586
7675904,1670.9695973909984,0.0759885716320323,0.4525512754917145,,,,,,,,0.0040283203125,2.2357921600341797,0.0018506155745837694,-0.014976346729924964,23.375837326049805
7684096,1672.4874671349971,0.12230196190920467,0.571545422077179,,,,,,,,0.0029296875,2.1693856716156006,0.0016867869842358552,-0.007237551503190321,6.517649173736572
7692288,1674.1097625339971,0.1250630409239747,0.580981433391571,,,,,,,,0.003662109375,2.2244415283203125,0.001653866825838124,-0.0077494165190152,5.718325138092041
7700480,1675.7651634639988,0.11646728001141238,0.561022937297821,,,,,,,,0.0040283203125,2.1797049045562744,0.0015943123967407935,0.0010619511253843292,5.277841567993164
7708672,1677.4279192729955,0.11389122892524793,0.549572765827179,,,,,,,,0.0032958984375,2.2685046195983887,0.0017444901783401079,-0.006057150225764783,4.923027038574219
7716864,1679.0152950299962,0.0987989887594661,0.46820068359375,,,,,,,,0.004150390625,2.242856740951538,0.0018417938599615269,-0.013974932306697796,11.543997764587402
7725056,1680.704758435997,0.10121523288531319,0.5509277582168579,,,,,,,,0.0029296875,2.223292827606201,0.0015230384222046922,-0.006029831998469317,5.154303073883057
7733248,1682.3841411359972,0.08212333594000953,0.46668702363967896,0.003581209925646811,0.0031952596391857657,0.002685907444235136,320,672.8317946237761,42.150000000000006,7.3500000000000005,0.0040283203125,2.259239912033081,0.001399011250996729,-0.010514335371018138,10.0526762008667
7741440,1684.5704551710005,0.08758628693252038,0.524548351764679,,,,,,,,0.0037841796875,2.265810012817383,0.0013945379255791979,-0.008092785781210827,5.635827541351318
7749632,1686.0992613380004,0.08029423638862401,0.4787353575229645,,,,,,,,0.003173828125,2.290558099746704,0.0013307337750960713,-0.017413584268314325,7.1639556884765625
7757824,1687.662661274997,0.056774076042485834,0.39875489473342896,,,,,,,,0.0072021484375,2.3921098709106445,0.0013626615713908663,-0.010961051845179147,15.527870178222656
7766016,1689.3832175040006,0.07541099584654588,0.48438721895217896,,,,,,,,0.00244140625,2.239751100540161,0.0015487762775546754,-0.012872250118911445,9.716460227966309
7774208,1691.072034511999,0.08125471524967808,0.5084472894668579,,,,,,,,0.0029296875,2.1855413913726807,0.0016034017617202467,-0.012011792707347695,6.130180358886719
7782400,1692.6631083159955,0.09242648902417044,0.5236450433731079,,,,,,,,0.0045166015625,2.1653881072998047,0.0012621601652924586,-0.008223980929342383,6.914256572723389
7790592,1694.3151304060011,0.09245024312653141,0.520336925983429,,,,,,,,0.00244140625,2.287684440612793,0.0013698490148958964,-0.010660975654569627,4.995533466339111
7798784,1696.025185942999,0.0944656214822128,0.5230712890625,0.0027679834163226724,0.0034716617540393457,0.002075987562242032,333,727.8034565263123,34.2,7.3500000000000005,0.004638671875,2.2077388763427734,0.0012640778218390158,-0.007267825505045714,4.907759189605713
7806976,1698.1965005390011,0.06676244367875904,0.4051879942417145,,,,,,,,0.003662109375,2.2732443809509277,0.001635524738090366,-0.017889506286077606,13.681822776794434
7815168,1699.7641042839969,0.08307001929782827,0.506591796875,,,,,,,,0.003662109375,2.2586450576782227,0.0017845915429588466,-0.015599485630011001,6.542898654937744
7823360,1701.4633363050016,0.08588774421801965,0.512072741985321,,,,,,,,0.0042724609375,2.2920267581939697,0.0013008504271635468,-0.00995507332556302,6.501495361328125
7831552,1703.1147049680003,0.09028681020645385,0.527172863483429,,,,,,,,0.003173828125,2.219285011291504,0.001492895728750332,-0.013157659941160988,4.583821773529053
7839744,1704.7986617749993,0.07598151530372751,0.45195314288139343,,,,,,,,0.00390625,2.275458335876465,0.0012471201365618079,-0.012202258847266929,11.498915672302246
7847936,1706.3584556700007,0.07498787587106279,0.47050783038139343,,,,,,,,0.0035400390625,2.160658121109009,0.0012746784365309516,-0.01745824395470173,8.744718551635742
7856128,1708.0072447369967,0.12747481548436917,0.501171886920929,,,,,,,,0.0037841796875,2.294987201690674,0.0012353643007205761,-0.014899773622448365,7.638223171234131
7864320,1709.669646025999,0.08174762917690637,0.4825073182582855,0.0037588200574054653,0.0042645053236488595,0.002819115043054099,282,588.9176061077545,41.400000000000006,16.95,0.0037841796875,2.172257900238037,0.0013478462032345817,-0.018107212465926288,6.830548286437988
7872512,1711.7738544999957,0.08359581008016798,0.5113891959190369,,,,,,,,0.00439453125,2.265089273452759,0.0014413432368937107,-0.011606400365049854,6.5703444480896
7880704,1713.2745400549975,0.0739041099918433,0.48070070147514343,,,,,,,,0.002685546875,2.1179604530334473,0.0017931239993480563,-0.016990389334668312,6.965712070465088
7888896,1714.938317660999,0.08645087705750695,0.4919067323207855,,,,,,,,0.0037841796875,2.208941698074341,0.0010299970626896915,-0.01748036198149412,7.715806484222412
7897088,1716.533152197997,0.065484978561595,0.4482421875,,,,,,,,0.0037841796875,2.1953542232513428,0.0008965171244309511,-0.016941290111842543,14.7310152053833
7905280,1718.1355264869999,0.06434228597020852,0.4326171875,,,,,,,,0.00390625,2.28330135345459,0.0016220229349728221,-0.021247859679826987,15.043856620788574
7913472,1719.7910183809945,0.11028425991537048,0.5482422113418579,,,,,,,,0.003173828125,2.073883056640625,0.0016228228976880033,-0.011050229386324413,6.204868316650391
7921664,1721.3805627179972,0.08944044516741036,0.513964831829071,,,,,,,,0.0040283203125,2.224335193634033,0.0015389825537728274,-0.010076469404710684,8.627849578857422
7929856,1723.0164088989986,0.08466759064453427,0.509521484375,0.002980881528186541,0.0035146326896405844,0.0022356611461399334,333,718.884644150921,48.150000000000006,7.3500000000000005,0.0028076171875,2.1847167015075684,0.0015735987837665055,-0.014027844547312507,6.487748622894287
7938048,1725.1813861599949,0.10440221653778442,0.5296630859375,,,,,,,,0.003173828125,2.1487088203430176,0.0015705046740653872,-0.015243156077635446,5.212441444396973
7946240,1726.6166498620005,0.08963155862401728,0.5182739496231079,,,,,,,,0.00390625,2.109809398651123,0.0014840447217627784,-0.01600054615767818,5.298709392547607
7954432,1728.2188201839963,0.09498453687730037,0.51397705078125,,,,,,,,0.0029296875,2.1956138610839844,0.0016354414761041713,-0.011009691632558223,4.835757732391357
7962624,1729.819614095999,0.08645902021603101,0.50738525390625,,,,,,,,0.0037841796875,2.1616244316101074,0.0015689750481987508,-0.0131296846337146,5.3967108726501465
7970816,1731.5169817729984,0.09504645962166398,0.4955200254917145,,,,,,,,0.00341796875,2.1501810550689697,0.0019291853452806373,-0.01418268802217168,6.408969402313232
7979008,1733.1665589199984,0.22191862924305972,0.4139770567417145,,,,,,,,0.007080078125,2.710756778717041,0.001934212386973555,-0.01774897630816459,10.16582202911377
7987200,1734.8070152340006,0.04308209993097031,0.3313964903354645,,,,,,,,0.0037841796875,1.9507699012756348,0.0019239293501904786,-0.030140752104451343,28.777555465698242
7995392,1736.4733913140008,0.043365695862791556,0.3577636778354645,0.00585318588694117,0.005421809398436839,0.004389889415205905,320,625.3862692059876,32.25,7.3500000000000005,0.0030517578125,2.0610620975494385,0.0023858893008157356,-0.02450867936064073,29.80670738220215
8003584,1738.7232302310003,0.07137239579688391,0.3407348692417145,,,,,,,,0.0050048828125,1.8414995670318604,0.0021160095285586156,-0.012228647648975615,32.968849182128906
8011776,1740.2364728579996,0.07995050897142436,0.47773438692092896,,,,,,,,0.003173828125,1.9401264190673828,0.001591947071810207,-0.01797351900732491,14.41015338897705
8019968,1741.9673148809961,0.07087393678714536,0.4675048887729645,,,,,,,,0.0029296875,2.0523977279663086,0.0015717434402122699,-0.016191687644613012,15.912689208984375
8028160,1743.607548920998,0.10919244455530466,0.555737316608429,,,,,,,,0.0048828125,1.9979994297027588,0.0018401403910398573,-0.007012852098038815,9.355563163757324
8036352,1745.3126978930013,0.139454487927994,0.5996948480606079,,,,,,,,0.0030517578125,2.184326648712158,0.0018137099961111902,0.005967248540529296,7.224156379699707
8044544,1746.982556818999,0.08605866433400822,0.48200684785842896,,,,,,,,0.0037841796875,2.1634421348571777,0.0016972825735066532,-0.01720622067562517,9.5628662109375
8052736,1748.641976562998,0.07899101195185275,0.49542236328125,,,,,,,,0.0035400390625,2.057570457458496,0.0019465204625570554,-0.015761222514913215,11.494353294372559
8060928,1750.2967196009995,0.08995029133838604,0.525769054889679,0.0041184325325088755,0.0037959944186841676,0.003088824399381629,320,647.6014572082298,34.800000000000004,6.300000000000001,0.0030517578125,2.0694074630737305,0.0019041764012400764,-0.006951850078904961,8.432729721069336
8069120,1752.5207757800017,0.08543169586225814,0.451416015625,,,,,,,,0.0048828125,2.1051831245422363,0.0017529648297341938,-0.01478475750360726,17.41642189025879
8077312,1754.0822640189945,0.12060284240762542,0.5665283203125,,,,,,,,0.0030517578125,2.181598663330078,0.0015716073080160875,-0.008258435910102491,7.267338752746582
8085504,1755.732899857001,0.12344792262253468,0.558300793170929,,,,,,,,0.0025634765625,2.091907024383545,0.002054350112058456,-0.00511611466715425,5.986306190490723
8093696,1757.3479384329985,0.06289581022022371,0.44268798828125,,,,,,,,0.004150390625,2.0767433643341064,0.002085722693997649,-0.015083867815587383,14.83105754852295
8101888,1759.0122932829981,0.0771766276021932,0.4850707948207855,,,,,,,,0.00341796875,2.1789846420288086,0.0016078012399292074,-0.019857129446962652,10.754748344421387
8110080,1760.677204118001,0.09102071206731735,0.503344714641571,,,,,,,,0.0045166015625,2.21094012260437,0.001963539525564939,-0.01295444642480349,9.650997161865234
8118272,1762.285679855995,0.09382051058021071,0.52276611328125,,,,,,,,0.0032958984375,2.1859729290008545,0.0018646404705355835,-0.012677180458616927,8.875378608703613
8126464,1763.9761861309962,0.08115951948185099,0.48798829317092896,0.0032584481076641802,0.0031355139230733187,0.002443836080748163,333,730.7726077734492,29.55,6.300000000000001,0.0040283203125,2.341831922531128,0.0013503020741175709,-0.011426361423001326,10.696986198425293
8134656,1766.2090920339979,0.11395190511158174,0.5556396842002869,,,,,,,,0.0042724609375,2.098810911178589,0.0013940421137131898,-0.0013309059738852037,6.05056619644165
8142848,1767.676204192001,0.08364719649091779,0.511486828327179,,,,,,,,0.0030517578125,2.3196001052856445,0.0015607955093875914,-0.009565174013722982,7.4816575050354
8151040,1769.3481481389972,0.08871332263899047,0.53271484375,,,,,,,,0.00341796875,2.1914024353027344,0.0012029852359751736,-0.013636754465465526,5.431853294372559
8159232,1771.1890890979994,0.08317876410045418,0.503039538860321,,,,,,,,0.0037841796875,2.2640514373779297,0.00126689805099367,-0.016589421961911606,6.292042255401611
8167424,1772.891926504999,0.08408103595677474,0.4538818299770355,,,,,,,,0.0035400390625,2.2393388748168945,0.0013350648293750655,-0.01219318398743764,17.75897216796875
8175616,1774.5463329740014,0.055633560744329104,0.4017700254917145,,,,,,,,0.0040283203125,2.2055888175964355,0.0014876353651613883,-0.020038047053021025,15.47948932647705
8183808,1776.0506288249962,0.0934839376627898,0.5192505121231079,,,,,,,,0.0025634765625,2.2090659141540527,0.0013776752872305398,-0.018236197546987198,8.154847145080566
8192000,1777.7034257330015,0.0782563781908539,0.4939819276332855,0.002998631766085391,0.002488781779777849,0.0022489738245640156,182,347.44144380613426,21.450000000000003,6.300000000000001,0.0045166015625,2.1786603927612305,0.0012555677996666237,-0.019374786885005425,8.539111137390137
8200192,1779.9763749900012,0.10321733863374867,0.547192394733429,,,,,,,,0.004150390625,2.3315603733062744,0.0015554112634164063,-0.01104766148975377,6.271167755126953
8208384,1781.5419621589972,0.14003735003308007,0.559497058391571,,,,,,,,0.0025634765625,2.198871612548828,0.001462917378967088,-0.0011628462752603982,5.373189926147461
8216576,1783.2203018299988,0.16394004496859946,0.46495363116264343,,,,,,,,0.003662109375,2.1814403533935547,0.0012783431928128364,-0.02038478546458617,6.87280797958374
8224768,1784.9070108939995,0.05492209675771348,0.3663085997104645,,,,,,,,0.0042724609375,2.126002073287964,0.001838624774890163,-0.023107532909268758,18.80402183532715
8232960,1786.5829721699993,0.07721621284084822,0.48724365234375,,,,,,,,0.003662109375,2.1581339836120605,0.0019551500469336958,-0.017574072437306798,8.526280403137207
8241152,1788.2305067790003,0.07734367983933055,0.4909301698207855,,,,,,,,0.0025634765625,2.106710910797119,0.0019278740632510116,-0.01740897309764122,7.426121711730957
8249344,1789.7644873359968,0.06316205609799282,0.4191040098667145,,,,,,,,0.005126953125,2.1546032428741455,0.0018622517512905112,-0.010471103021685746,13.753061294555664
8257536,1791.464935183998,0.051254158824891365,0.4034057557582855,0.0028819139054953036,0.004711134641734227,0.0021614354291215054,333,735.3955786361387,19.950000000000003,6.300000000000001,0.0035400390625,2.1632649898529053,0.001659250294933412,-0.023744787974022286,17.74334716796875
8265728,1793.700523333995,0.10120819873736225,0.54833984375,,,,,,,,0.00341796875,2.178079605102539,0.0016777920605219876,-0.01226552911842045,6.77692174911499
8273920,1795.2593888639967,0.10550944424327789,0.553906261920929,,,,,,,,0.00341796875,2.1405014991760254,0.001701289128897887,-0.005680400019099502,5.7631306648254395
8282112,1796.9378389259946,0.07167829451905304,0.4794555604457855,,,,,,,,0.0037841796875,2.2988271713256836,0.0015234941958939263,-0.018638237110102495,8.521245956420898
8290304,1798.6981271529949,0.09915080115080471,0.52362060546875,,,,,,,,0.0032958984375,2.174834728240967,0.001600291958736677,-0.011232497445687033,5.290981292724609
8298496,1800.3627827029995,0.10021190263702517,0.514208972454071,,,,,,,,0.0032958984375,2.210367441177368,0.0015399706086791642,-0.008902518667574185,10.481742858886719
8306688,1801.9461881280004,0.0870616100431237,0.5013427734375,,,,,,,,0.004150390625,2.195255756378174,0.0015513028156843855,-0.012890231172134215,7.6797637939453125
8314880,1803.5602628650013,0.09688883349693074,0.5405640006065369,,,,,,,,0.0032958984375,2.216350555419922,0.0013835193009145152,-0.009439261911148925,5.379339694976807
8323072,1805.1828959389968,0.07198151453483233,0.4508056640625,0.0026640573479825846,0.0031099958115520243,0.0019980430109869385,333,749.4381782681531,29.400000000000002,6.45,0.00341796875,2.237206220626831,0.0011906291622231224,-0.014882733005389427,8.597793579101562
8331264,1807.315230000997,0.09246129415301448,0.4770751893520355,,,,,,,,0.0047607421875,2.2826850414276123,0.0010889657293607913,-0.010196596345092738,10.09635066986084
8339456,1808.8740643839992,0.12704630207780673,0.5696167349815369,,,,,,,,0.0028076171875,2.257533073425293,0.0010888797342405443,-0.0014471166420643583,4.397233009338379
8347648,1810.5921493689966,0.09659852556619825,0.499267578125,,,,,,,,0.0045166015625,2.3959808349609375,0.001192837940226621,-0.007411475981538168,5.987462520599365
8355840,1812.2737689969945,0.07188194486580897,0.4527954161167145,,,,,,,,0.0052490234375,2.3550143241882324,0.0015490450894577457,-0.010843596735208866,9.685251235961914
8364032,1813.9535114929968,0.04906146674171427,0.3879638612270355,,,,,,,,0.0032958984375,2.445891857147217,0.0011132100119355393,-0.017936484875187276,22.18710708618164
8372224,1815.6030193519982,0.07564337773820462,0.48607179522514343,,,,,,,,0.0035400390625,2.30859112739563,0.0009594144228253221,-0.01250289315311046,7.779167175292969
8380416,1817.1562943249955,0.10354330725834422,0.5444580316543579,,,,,,,,0.00341796875,2.2131762504577637,0.001300030202871394,-0.006070697369796473,5.158171653747559
8388608,1818.8842466869974,0.09411833199823949,0.5383667349815369,0.0033141353573808985,0.002646601141901961,0.002485601518035674,333,730.723410893929,15.450000000000001,6.300000000000001,0.0032958984375,2.3114800453186035,0.0012513676070542434,-0.008985457091628958,4.299877166748047
8396800,1820.9718487869977,0.08939344118490342,0.527844250202179,,,,,,,,0.0037841796875,2.2039101123809814,0.0013963865672812492,-0.01106311780545339,3.7038369178771973
8404992,1822.405082407,0.06805745569095505,0.46870118379592896,,,,,,,,0.0040283203125,2.382918119430542,0.0011464928473418068,-0.01777601628881256,6.466807842254639
8413184,1824.1022508629976,0.10195174371119231,0.47819826006889343,,,,,,,,0.00390625,2.3796606063842773,0.0015855658882454327,-0.016264450215106956,6.488780498504639
8421376,1825.739251029001,0.05088046929390129,0.37629395723342896,,,,,,,,0.0040283203125,2.2455384731292725,0.001631671437386073,-0.018497759566075758,18.6103515625
8429568,1827.3739168449974,0.03790963357971002,0.32227784395217896,,,,,,,,0.0048828125,2.3250865936279297,0.0015509206236899997,-0.023967125870837866,35.76485061645508
8437760,1828.9734021499971,0.09417462739910361,0.536572277545929,,,,,,,,0.0030517578125,2.2863545417785645,0.0015762119716757894,-0.018568592233080192,5.518280029296875
8445952,1830.5424102129982,0.10120318251836498,0.533886730670929,,,,,,,,0.0032958984375,2.2334163188934326,0.0014578862987404406,-0.014118050922415866,4.872330665588379
8454144,1832.1519288650015,0.1376685963505733,0.506274402141571,0.002703062116112376,0.0023760884248109626,0.0020272965870842263,333,739.6085517052297,43.35,6.300000000000001,0.00341796875,2.1599700450897217,0.001355889674301558,-0.0064776878618551526,7.042562961578369
8462336,1834.3341244479961,0.0857710993554429,0.45421144366264343,,,,,,,,0.0040283203125,2.251211643218994,0.001284808356821432,-0.01747691408184966,9.060778617858887
8470528,1835.844328260995,0.09153547246851058,0.5200439691543579,,,,,,,,0.003173828125,2.262809991836548,0.0012814249771975206,-0.00863455515002338,6.066047191619873
8478720,1837.4347850839986,0.10852770580816665,0.53924560546875,,,,,,,,0.00390625,2.226078748703003,0.0013143222447410396,-0.00501847849163831,6.053590297698975
8486912,1838.9763566699985,0.09862196908253036,0.5340332388877869,,,,,,,,0.003173828125,2.2400131225585938,0.0014031986854521339,-0.006417049351415079,4.6633172035217285
8495104,1840.494241676999,0.06329827950217991,0.4267211854457855,,,,,,,,0.0042724609375,2.3152413368225098,0.0014292495281281736,-0.02189329739890563,10.225052833557129
8503296,1842.0835515479994,0.08940025193229062,0.528149425983429,,,,,,,,0.00390625,2.253754138946533,0.0016281034950345052,-0.012090537774461115,5.017858982086182
8511488,1843.7314782309986,0.06730006007792814,0.42625734210014343,,,,,,,,0.0037841796875,2.2577147483825684,0.0015689235749896113,-0.013792120284263968,15.00364875793457
8519680,1845.2477810139972,0.11270928786814612,0.524035632610321,0.0027217498534429785,0.0027265419965460946,0.0020423137753707854,333,744.6951063779578,11.700000000000001,7.3500000000000005,0.00341796875,2.174335479736328,0.0015412985493712394,-0.010249320081615604,4.986082553863525
8527872,1847.5222623539958,0.05176462979183223,0.32371827960014343,,,,,,,,0.00390625,2.3459513187408447,0.0014467729898086645,-0.0232788637228816,27.1980037689209
8536064,1849.0396964519969,0.07236517576184474,0.47844240069389343,,,,,,,,0.00390625,2.1194586753845215,0.0014468061914525432,-0.01821982717246535,7.88051700592041
8544256,1850.6308290119996,0.12192629023008489,0.5750488638877869,,,,,,,,0.0020751953125,2.15911865234375,0.001494031640559168,-0.010535322820286087,4.676059722900391
8552448,1852.2093883729976,0.1448186438826955,0.5173096060752869,,,,,,,,0.0040283203125,2.1202547550201416,0.0013498556307568466,-0.012744330461137644,4.424812316894531
8560640,1853.880915926995,0.11868642474164358,0.44366455078125,,,,,,,,0.0032958984375,2.153973340988159,0.0017439761344800742,-0.018985830611635203,9.472368240356445
8568832,1855.501318235998,0.07152204822035571,0.46330568194389343,,,,,,,,0.0023193359375,2.180994987487793,0.001870773318446206,-0.018313768468357815,7.264033794403076
8577024,1857.1540884130009,0.08893410415622942,0.521862804889679,,,,,,,,0.00390625,2.049281597137451,0.0016197610799295603,-0.012464496514151109,4.033594131469727
8585216,1858.7417361389962,0.07733201278106933,0.4813232421875,0.00255951024541623,0.0023091412816711454,0.0019196326840621447,333,748.3684423388006,34.050000000000004,6.300000000000001,0.003173828125,2.223975658416748,0.0016787489474177075,-0.01751259631203824,6.9799699783325195
8593408,1861.0285032389947,0.07847757153533219,0.49713134765625,,,,,,,,0.003173828125,2.2219831943511963,0.0015182432945035629,-0.01558210956841982,5.334855556488037
8601600,1862.5359752469958,0.08836714399076313,0.518115222454071,,,,,,,,0.0035400390625,2.148333787918091,0.001497134926268906,-0.012728778470700631,3.910691022872925
8609792,1864.1996866129994,0.06271607678396127,0.44615480303764343,,,,,,,,0.00244140625,2.1930534839630127,0.0013254958609743017,-0.019665276918605423,14.692651748657227
8617984,1865.8640813329985,0.09174874185388485,0.5198974609375,,,,,,,,0.0048828125,2.2591350078582764,0.0014844932121489407,-0.011906206309849732,5.588598728179932
8626176,1867.4875139649957,0.08297182142785431,0.5008911490440369,,,,,,,,0.002685546875,2.146193027496338,0.0013552644900693966,-0.01111555219992604,5.721797466278076
8634368,1869.2653594259973,0.07743424274373867,0.4747558534145355,,,,,,,,0.0030517578125,2.3270809650421143,0.001330988894066909,-0.01784523497354438,6.324400424957275
8642560,1870.9272086889978,0.06547106142798523,0.4495605528354645,,,,,,,,0.0048828125,2.162778854370117,0.0014414064394013826,-0.01795985839437488,9.904059410095215
8650752,1872.5088128739953,0.1107087097593781,0.5644287467002869,0.0035316912719165483,0.0037929454255077877,0.0026487684539373557,333,715.3510269462328,12.3,6.15,0.002685546875,2.3282175064086914,0.0014328100455962556,-0.004691441057121704,4.264434337615967
8658944,1874.7335240280008,0.10173206888670633,0.523852527141571,,,,,,,,0.0035400390625,2.236290216445923,0.0013850676267219697,-0.01157888454048111,4.175941467285156
8667136,1876.1981437009963,0.08248319248406992,0.5018677115440369,,,,,,,,0.0035400390625,2.205575942993164,0.0014439519498118392,-0.014926028501555591,4.942737579345703
8675328,1877.844555361,0.09832058125739951,0.524060070514679,,,,,,,,0.0023193359375,2.2676963806152344,0.001413252273986254,-0.009665430297435558,3.4244301319122314
8683520,1879.5085242459973,0.05282177011192726,0.3700317442417145,,,,,,,,0.0047607421875,2.1719753742218018,0.0012160013412394477,-0.020321615238489573,18.166736602783203
8691712,1881.1560611719979,0.12440274356520886,0.45683595538139343,,,,,,,,0.003662109375,2.336705446243286,0.001404584691793609,-0.016014046857157523,11.7667236328125
8699904,1882.829096911999,0.09627953381597615,0.4988159239292145,,,,,,,,0.0025634765625,2.1972665786743164,0.0011293318978742306,-0.01656879633633435,5.936424255371094
8708096,1884.4979951869973,0.07120752659644389,0.4559082090854645,,,,,,,,0.0040283203125,2.2268528938293457,0.001236247491024356,-0.009218100459864402,18.421493530273438
8716288,1886.0159552029945,0.07298929526454277,0.440185546875,0.0024073418554338977,0.002460288203186445,0.0018055063915753955,333,766.5892870836292,35.550000000000004,6.300000000000001,0.0040283203125,2.387296438217163,0.0011756626332569686,-0.011316362493274999,20.283536911010742
8724480,1888.462481745999,0.09218743634013937,0.524584949016571,,,,,,,,0.0037841796875,2.257387638092041,0.0011599436348490588,-0.016374451602895707,6.582165718078613
8732672,1889.951987235996,0.0969675085453968,0.520678699016571,,,,,,,,0.003173828125,2.3707542419433594,0.0011050064415929484,-0.012139867191593965,6.669837951660156
8740864,1891.5909539159984,0.11613311317498397,0.51416015625,,,,,,,,0.00390625,2.2758657932281494,0.001186362763966553,-0.002692259035453195,9.16041374206543
8749056,1893.2932870799996,0.08335426773080526,0.48356935381889343,,,,,,,,0.004150390625,2.4552841186523438,0.001413076849368755,-0.014095467716542019,7.719038486480713
8757248,1894.9261235949962,0.04322223132575207,0.36463624238967896,,,,,,,,0.0048828125,2.3850786685943604,0.0013387295101600083,-0.021301044882115247,30.722705841064453
8765440,1896.542620070999,0.10866627977745935,0.558056652545929,,,,,,,,0.0030517578125,2.272806167602539,0.0009863222866199894,-0.010074203363660989,6.944761753082275
8773632,1898.2548707879978,0.09645484635377538,0.510937511920929,,,,,,,,0.0030517578125,2.3729100227355957,0.000881668348606035,-0.01863675692565039,6.10653829574585
8781824,1899.8423226629966,0.10081492328623504,0.5463501214981079,0.002578000256357571,0.00535784095952585,0.0019335001922682338,333,738.6421307069272,16.35,6.300000000000001,0.0032958984375,2.24463152885437,0.000893660923681816,-0.010843047228131949,4.0623908042907715
8790016,1902.012435976998,0.06883308108877895,0.4698852598667145,,,,,,,,0.0035400390625,2.3588593006134033,0.0011023719920942865,-0.01555626071426873,7.601136684417725
8798208,1903.5365580729995,0.09222478531055636,0.530871570110321,,,,,,,,0.003662109375,2.316629409790039,0.0010658435575188197,-0.007263540957927111,4.451236724853516
8806400,1905.1799650510002,0.08928067396184006,0.49616700410842896,,,,,,,,0.0028076171875,2.4281840324401855,0.0008568113009551626,-0.014254489591071395,5.37935733795166
8814592,1906.8595183879952,0.09001410345002442,0.5079345703125,,,,,,,,0.003662109375,2.286095380783081,0.0008623651636617824,-0.01758713722995053,4.7743330001831055
8822784,1908.5257930430016,0.07659258715558862,0.48443603515625,,,,,,,,0.00341796875,2.2932498455047607,0.0007770920006094917,-0.01661374177594526,6.36597204208374
8830976,1910.1740714709958,0.09040239149274593,0.4674438536167145,,,,,,,,0.0040283203125,2.3814501762390137,0.0008288997222167804,-0.01211306530331143,10.804732322692871
8839168,1911.866958904,0.08181695724382061,0.514599621295929,,,,,,,,0.0030517578125,2.240887403488159,0.00102995967852193,-0.014569599016628769,5.713149070739746
8847360,1913.3988491549972,0.10109452306339257,0.536853015422821,0.002058624526386832,0.0019209030725205745,0.0015439683947900962,61,43.719490442816934,8.85,6.300000000000001,0.0025634765625,2.373835325241089,0.0011807580392002581,-0.00812184724450055,4.878320217132568
8855552,1915.7074798139947,0.09205765174463587,0.533557116985321,,,,,,,,0.0047607421875,2.2062366008758545,0.001292816804004504,-0.012516998324137852,3.6977341175079346
8863744,1917.2423376389997,0.09479737186787962,0.53704833984375,,,,,,,,0.0023193359375,2.341888427734375,0.0011878145856953903,-0.005753164903863875,4.2971649169921875
8871936,1918.8974181079975,0.07764463336774377,0.504260241985321,,,,,,,,0.0040283203125,2.3957910537719727,0.0010832235207729468,-0.01588824623974183,4.135765552520752
8880128,1920.5565421939973,0.07658541851617018,0.46251222491264343,,,,,,,,0.003173828125,2.1942942142486572,0.001050955788920005,-0.018272983630324462,5.5840067863464355
8888320,1922.252713625996,0.08279080804796696,0.5157837271690369,,,,,,,,0.0028076171875,2.418966293334961,0.0011045809855951827,-0.01588367214692486,3.93586802482605
8896512,1923.915896175,0.078387365931955,0.4973998963832855,,,,,,,,0.0040283203125,2.260448455810547,0.0011456934154587817,-0.016556850290254686,4.732983112335205
8904704,1925.5316880289975,0.09042633558920249,0.51043701171875,,,,,,,,0.0029296875,2.3878400325775146,0.0012338877982618346,-0.011713941904011406,5.370469570159912
8912896,1927.1049967479994,0.05038340114162953,0.37706300616264343,0.0016018484465535332,0.0014241303548261364,0.0012013863349151777,333,800.6068120445865,28.950000000000003,6.300000000000001,0.0032958984375,2.3801138401031494,0.0009068523869923961,-0.019602865022861866,12.357516288757324
8921088,1929.423310266,0.07087815580042899,0.48565673828125,,,,,,,,0.004150390625,2.2115259170532227,0.0007277744961022847,-0.02076128071707413,5.453685283660889
8929280,1930.9021717009964,0.07502290921393123,0.4972290098667145,,,,,,,,0.003173828125,2.508225917816162,0.0008949964705009528,-0.015874088128300375,6.144236087799072
8937472,1932.602339596,0.08242256446067736,0.506640613079071,,,,,,,,0.0032958984375,2.2300260066986084,0.0010889197334338352,-0.011829616927042383,4.193298816680908
8945664,1934.2581078919975,0.0763239460897136,0.49573975801467896,,,,,,,,0.0030517578125,2.409609794616699,0.001157879498998371,-0.013814202731918699,5.063635349273682
8953856,1935.8883456199983,0.08014066551341809,0.4884033203125,,,,,,,,0.0032958984375,2.2883546352386475,0.0009841819045711686,-0.015453051425861675,5.520728588104248
8962048,1937.6037042229946,0.08035769098084324,0.5029663443565369,,,,,,,,0.0040283203125,2.342081069946289,0.0009341109580454088,-0.01324974764855514,5.876507759094238
8970240,1939.2578825179953,0.0897621064828349,0.528637707233429,,,,,,,,0.0030517578125,2.456402063369751,0.0008719876765578283,-0.012169578211553393,5.1538238525390625
8978432,1940.762606944998,0.08382069504809826,0.5128540396690369,0.0016650145827521445,0.0029078481641660048,0.001248760937064164,333,792.8701811378298,18.150000000000002,6.300000000000001,0.0035400390625,2.361307144165039,0.0008198605641456247,-0.012114098409416569,3.8885533809661865
8986624,1942.9200507679998,0.0886198765446796,0.50958251953125,,,,,,,,0.0030517578125,2.2888741493225098,0.0007657525621409533,-0.014090974062547754,4.239887714385986
8994816,1944.3887471739945,0.08721478445304372,0.503662109375,,,,,,,,0.003173828125,2.3277289867401123,0.0009784185921062338,-0.014685777978377574,3.6619880199432373
9003008,1946.0109295660004,0.07071174188044736,0.4804931581020355,,,,,,,,0.003662109375,2.2537403106689453,0.000864262024355078,-0.015442950044653708,4.530727863311768
9011200,1947.7231695090013,0.06448380889734387,0.45533448457717896,,,,,,,,0.0029296875,2.3657150268554688,0.000654848677767883,-0.013595114996433256,6.079941272735596
9019392,1949.3931843149985,0.05171704273231514,0.4148315489292145,,,,,,,,0.00341796875,2.311969518661499,0.0006595934024363759,-0.015144264404713165,15.644482612609863
9027584,1951.028000155995,0.090132908339839,0.45965576171875,,,,,,,,0.00341796875,2.3582708835601807,0.0009899254485785658,-0.021766833375949226,7.823721408843994
9035776,1952.6371204300012,0.1127592827703726,0.5304199457168579,,,,,,,,0.00390625,2.3535125255584717,0.0009386012527365928,-0.011317947424369366,6.70855712890625
9043968,1954.242343236001,0.09138852840803735,0.47169190645217896,0.002341454978705526,0.002535907941433435,0.00218699264614719,333,732.6567891026351,36.9,nan,0.0030517578125,2.4205942153930664,0.0009134973226024856,-0.01261262013669507,14.28784465789795
9052160,1956.388652472,0.05856117698621974,0.3567748963832855,,,,,,,,0.0042724609375,2.3037919998168945,0.0007499834295850993,-0.023918595871801743,19.73781967163086
9060352,1957.9700727449963,0.03922195704660941,0.33214113116264343,,,,,,,,0.0032958984375,2.17105770111084,0.0007199714590198081,-0.025783325952486738,30.154611587524414
9068544,1959.5925237939955,0.07226992280701415,0.47071534395217896,,,,,,,,0.0028076171875,2.187588930130005,0.0011609272855820363,-0.015486160004715938,9.386757850646973
9076736,1961.2180790679995,0.0564023781635878,0.4319702088832855,,,,,,,,0.00341796875,2.2185702323913574,0.0010509714608972764,-0.013507877371611566,22.195520401000977
9084928,1962.850616609001,0.13774789550468355,0.4735961854457855,,,,,,,,0.0029296875,2.1870744228363037,0.000996238467252386,-0.006802535763670077,19.000181198120117
9093120,1964.511589540998,0.0614599881892992,0.40410158038139343,,,,,,,,0.00390625,2.221122980117798,0.0008748877292175106,-0.017838452399087094,27.9164981842041
9101312,1966.139608268997,0.11655289900325128,0.558544933795929,,,,,,,,0.0032958984375,2.262103796005249,0.0009044215098985564,-0.0052019762422092115,10.134421348571777
9109504,1967.7836555489994,0.1257257678796043,0.582141101360321,0.0012648111765621861,0.00218389352237236,0.0009486083824216118,333,809.1758563148885,18.3,6.300000000000001,0.0028076171875,2.315032720565796,0.0009298000674086149,0.0031111035624333365,7.056362152099609
9117696,1969.9544117990008,0.06623569467449682,0.44879150390625,,,,,,,,0.0032958984375,2.288968801498413,0.0008908409540204776,-0.015659983368726895,14.745013236999512
9125888,1971.491787578998,0.1106992093306916,0.5628418326377869,,,,,,,,0.0032958984375,2.305663585662842,0.0007243300605798142,-0.004866463604907303,7.7132463455200195
9134080,1973.175825997998,0.12684638452968885,0.575244128704071,,,,,,,,0.003173828125,2.285539150238037,0.0007702377660927517,-0.006041047133555208,5.2421159744262695
9142272,1974.895216539997,0.16627580915782822,0.59344482421875,,,,,,,,0.0028076171875,2.3651254177093506,0.0008974688835519107,0.002570678078296919,3.802807331085205
9150464,1976.5537478519982,0.117950792700755,0.5301513671875,,,,,,,,0.0037841796875,2.3319849967956543,0.0009338691572911006,-0.006065796354523262,5.438473224639893
9158656,1978.2420424239972,0.10492703050830113,0.5404419302940369,,,,,,,,0.003173828125,2.282662868499756,0.0009781626261837761,-0.00953003457673992,5.2573561668396
9166848,1979.851948812,0.08796453095956455,0.507739245891571,,,,,,,,0.0030517578125,2.3293769359588623,0.0009515267652602244,-0.016316506901224468,5.858792304992676
9175040,1981.4898802429962,0.08191455440017927,0.511279284954071,0.0017030982655853455,0.0012773236991889814,0.0012773236991889814,333,788.2203818949135,49.95,6.300000000000001,0.004150390625,2.341851234436035,0.0010225350944129685,-0.013022206711296273,6.300839900970459
9183232,1983.6971153419945,0.08277212300465006,0.517834484577179,,,,,,,,0.0030517578125,2.4657673835754395,0.0008151433658254437,-0.011427476744473314,5.341467380523682
9191424,1985.213725552996,0.08799076829786734,0.5210327506065369,,,,,,,,0.0035400390625,2.43324613571167,0.0006932887856231362,-0.009734570725713683,4.999618053436279
9199616,1986.8425400080014,0.07616298811142196,0.451171875,,,,,,,,0.0035400390625,2.3352088928222656,0.0006622046369755274,-0.014531789820558243,10.505642890930176
9207808,1988.5316828700015,0.049151261699936395,0.3921142518520355,,,,,,,,0.0037841796875,2.456479072570801,0.0007315932587134144,-0.019942693641404982,21.324031829833984
9216000,1990.2024137330009,0.0976312314513801,0.4856323301792145,,,,,,,,0.0029296875,2.340167999267578,0.0008755468717733805,-0.017801447105357304,8.964863777160645
9224192,1991.8437447479955,0.14248957173776886,0.563342273235321,,,,,,,,0.0037841796875,2.3510444164276123,0.00079759065129692,0.004829137807736307,6.7648773193359375
9232384,1993.5264583769967,0.09139743731252875,0.515673816204071,,,,,,,,0.0040283203125,2.375988483428955,0.0010321258134819988,-0.010055889242363834,6.52510404586792
9240576,1995.140395634,0.09787210369372877,0.5389404296875,0.0014629868349882447,0.001441384961056058,0.001097240126241239,109,180.32635874866958,9.0,6.300000000000001,0.0030517578125,2.3914051055908203,0.000950035804858862,-0.008441994339746546,4.788564205169678
9248768,1997.2879482709977,0.08097473304975776,0.5030761957168579,,,,,,,,0.00341796875,2.346140146255493,0.0009615447564614854,-0.010365890840239951,6.49254846572876
9256960,1998.8035131680008,0.056448243627133424,0.4029174745082855,,,,,,,,0.0035400390625,2.3468637466430664,0.0008284934229534358,-0.017984986588000403,24.628278732299805
9265152,2000.4681916109985,0.09808942077009548,0.526989758014679,,,,,,,,0.003173828125,2.3663272857666016,0.0007430299543904617,-0.01557668382732745,6.644565582275391
9273344,2002.1101885629978,0.09975825641281116,0.528881847858429,,,,,,,,0.003173828125,2.2606499195098877,0.0007198765018097131,-0.005198638824211494,15.50573444366455
9281536,2003.8441907809975,0.0952975217768677,0.5441040396690369,,,,,,,,0.0035400390625,2.368680715560913,0.0007824202250565904,-0.013479980597640035,5.422412872314453
9289728,2005.4932483919983,0.10196214811559733,0.5477294921875,,,,,,,,0.003173828125,2.3267741203308105,0.0007986103634741726,-0.008755503528497624,4.261302947998047
9297920,2007.1638057189994,0.07853121850690543,0.49339601397514343,,,,,,,,0.00341796875,2.427708148956299,0.0008092336339000639,-0.012079906785885695,5.04712438583374
9306112,2008.8537449779978,0.08095613145412842,0.45362550020217896,0.001893679519830882,0.0016280157610939483,0.0014202596398731338,333,778.2582171065136,28.650000000000002,6.300000000000001,0.0032958984375,2.356870651245117,0.0007263629725960952,-0.02188418062406797,10.047739028930664
9314304,2010.915296266001,0.06323199925773247,0.44898682832717896,,,,,,,,0.0032958984375,2.3887276649475098,0.000700281973850303,-0.019503758897713424,10.030250549316406
9322496,2012.4328153530005,0.06960702417510418,0.4249633848667145,,,,,,,,0.0030517578125,2.3234572410583496,0.0007106001383764271,-0.01501377832970472,17.23990821838379
9330688,2014.1564305239954,0.05904949204253131,0.42003175616264343,,,,,,,,0.003662109375,2.261380195617676,0.0009613307423874673,-0.015420392190226995,15.547531127929688
9338880,2015.7698455389982,0.11741139416463975,0.5641846060752869,,,,,,,,0.0029296875,2.3218834400177,0.0010558628131092096,-0.007170012727074607,4.498167037963867
9347072,2017.379438142998,0.08732021863442552,0.504138171672821,,,,,,,,0.00390625,2.2576284408569336,0.001037692814472857,-0.012664647175740396,6.118159770965576
9355264,2019.0472816280017,0.07320204923007188,0.4827636778354645,,,,,,,,0.0028076171875,2.341007709503174,0.0009622185358921787,-0.016599712515785004,6.849313259124756
9363456,2020.712795075,0.10553932857527917,0.5448242425918579,,,,,,,,0.0030517578125,2.341559648513794,0.0008348673550739871,-0.002247628487333197,5.149436950683594
9371648,2022.3110454709968,0.07600152759250181,0.39863282442092896,0.001465276433454954,0.0024361045629288647,0.0010989573250912432,333,813.9593673984111,46.95,6.300000000000001,0.0037841796875,2.326897621154785,0.0008472452795750263,-0.016388883814590718,15.19294261932373
9379840,2024.4493279579983,0.047143735378737645,0.3887939453125,,,,,,,,0.003662109375,2.4404053688049316,0.0007088591797507204,-0.017064667985039673,20.399803161621094
9388032,2025.9509826979993,0.07721047737603753,0.4747314453125,,,,,,,,0.004150390625,2.3462655544281006,0.0007064413448190088,-0.018726556270503864,10.033408164978027
9396224,2027.5626847159947,0.07507592082921354,0.46678468585014343,,,,,,,,0.00244140625,2.22310733795166,0.0008035316030967632,-0.013854697151162405,21.40854835510254
9404416,2029.2615451640013,0.1126268850997728,0.5482177734375,,,,,,,,0.00390625,2.3994925022125244,0.0008621867714229126,-0.006361460452001357,7.474603176116943
9412608,2030.890562474,0.16264295374305435,0.5449585318565369,,,,,,,,0.003173828125,2.2906692028045654,0.0009149387253197805,-0.0019071960089456184,7.6346588134765625
9420800,2032.5768943899966,0.11171488055698003,0.52288818359375,,,,,,,,0.0030517578125,2.3392701148986816,0.0008507855344419557,-0.0055915792018498625,7.098092555999756
9428992,2034.2120541059994,0.1121701906506692,0.5540527701377869,,,,,,,,0.00341796875,2.2881886959075928,0.0010561659195267303,-0.008446154961663543,7.23290491104126
9437184,2035.8878575369963,0.10568499585942943,0.41522216796875,0.0019007707907140459,0.001692158024003132,0.0014255780930355622,333,786.1678012128466,48.6,6.300000000000001,0.003662109375,2.375357151031494,0.0008851952224483428,-0.005900366701285358,15.595099449157715
9445376,2038.2584108459996,0.03444890760835467,0.27008056640625,,,,,,,,0.0029296875,2.2514941692352295,0.0007901925176666547,-0.02397131315376827,45.18186569213867
9453568,2039.6606476730012,0.06386030950087776,0.41065675020217896,,,,,,,,0.0035400390625,2.1032779216766357,0.0008069298643459399,-0.012722496366825188,30.613758087158203
9461760,2041.2607136359948,0.11661242921095123,0.5605102777481079,,,,,,,,0.0030517578125,2.140336036682129,0.0009462672501886482,-0.00889954415819782,8.531920433044434
9469952,2043.2171935709994,0.16296660887966402,0.6096435785293579,,,,,,,,0.0032958984375,2.287111759185791,0.0010174397925479806,0.00264780544655412,5.042819499969482
9478144,2045.0306223590014,0.07225073842891837,0.46826171875,,,,,,,,0.0035400390625,2.2981088161468506,0.0008619678656057728,-0.007131466975533001,15.281219482421875
9486336,2046.6938699210004,0.07661044482300788,0.48308107256889343,,,,,,,,0.0030517578125,2.342255115509033,0.0007689030659134843,-0.018213465946120035,9.378400802612305
9494528,2048.3328344019974,0.07405542655266084,0.47216796875,,,,,,,,0.00439453125,2.3675005435943604,0.000817143937635989,-0.010649034328924232,23.328786849975586
9502720,2050.1013020859973,0.11706119437897829,0.50775146484375,0.00202905579624979,0.0021250851459474474,0.0015217918471873704,333,777.8657798033129,31.950000000000003,6.300000000000001,0.00341796875,2.371420383453369,0.0009277533834128882,-0.006021764701660181,14.051419258117676
9510912,2052.349237990995,0.12633420619210256,0.5812744498252869,,,,,,,,0.0029296875,2.426635265350342,0.0009957830243098043,-0.00013263404381102657,4.334323406219482
9519104,2053.850056653995,0.05757031771058423,0.38288575410842896,,,,,,,,0.005126953125,2.3730716705322266,0.0010096398728752787,-0.020410450379888256,19.824995040893555
9527296,2055.5234990429963,0.0995924812064473,0.48601076006889343,,,,,,,,0.0032958984375,2.394940137863159,0.0010601804009854332,-0.002866911365182319,17.25557518005371
9535488,2057.1339481899995,0.11765187599678309,0.5755981802940369,,,,,,,,0.003173828125,2.3395462036132812,0.0008881295120478638,-0.002100553740838964,5.4195356369018555
9543680,2058.8677294299996,0.081441425626205,0.501843273639679,,,,,,,,0.0032958984375,2.3941867351531982,0.000802652242796853,-0.011193871059379587,8.199533462524414
9551872,2060.505076087,0.11094833131641253,0.530322253704071,,,,,,,,0.003173828125,2.360727548599243,0.0006545572233889185,-0.007453605455290333,5.586358070373535
9560064,2062.2638439229995,0.08676802283459722,0.5157837271690369,,,,,,,,0.0035400390625,2.4558804035186768,0.0007740643236466838,-0.011319851209404404,5.6382856369018555
9568256,2063.9135774069946,0.043163344553415944,0.36143800616264343,0.001519726165736257,0.001875364719606032,0.0011397946243021373,333,802.1335027420164,48.45,6.300000000000001,0.0035400390625,2.35781192779541,0.0007300132695158279,-0.02210147937826736,20.236066818237305
9576448,2066.120489146997,0.10239703297191537,0.545703113079071,,,,,,,,0.0032958984375,2.412114143371582,0.0008999068361323914,-0.006074423782318875,4.0295329093933105
9584640,2067.602204263996,0.08301203642788359,0.4788574278354645,,,,,,,,0.00341796875,2.331204414367676,0.0009239406226775326,-0.011178528870299475,7.801196575164795
9592832,2069.3306765419984,0.0720596073162469,0.43293458223342896,,,,,,,,0.00341796875,2.417494535446167,0.000852089471034434,-0.016491233030694212,16.691112518310547
9601024,2070.9851077829953,0.08195088085556801,0.4604125916957855,,,,,,,,0.00341796875,2.265516519546509,0.0008562041312416557,-0.020755387447384296,9.613197326660156
9609216,2072.680288071999,0.05443357416225976,0.41157227754592896,,,,,,,,0.0037841796875,2.377748727798462,0.0006999211874511024,-0.017777852271000295,13.351971626281738
9617408,2074.344297546995,0.0855681124346071,0.49970704317092896,,,,,,,,0.0028076171875,2.382963180541992,0.0005759313565346647,-0.01971600302432169,7.3784499168396
9625600,2076.023845208001,0.08833630542203283,0.5202270746231079,,,,,,,,0.0035400390625,2.380153179168701,0.0007762199676201176,-0.012025212983574101,5.618050575256348
9633792,2077.691528425996,0.09861678476009673,0.5227417349815369,0.0014691805864890384,0.002019601102676405,0.0011018854398667788,333,811.1488552969861,32.25,6.300000000000001,0.0035400390625,2.3543570041656494,0.0009508336240798831,-0.004898689564369511,6.224687099456787
9641984,2079.974571410996,0.05337880000215707,0.35924074053764343,,,,,,,,0.00341796875,2.358078718185425,0.0008244530790365578,-0.018722896129090564,26.147245407104492
9650176,2081.444955277999,0.13277076557580111,0.43635255098342896,,,,,,,,0.0037841796875,2.364950180053711,0.000867446193426602,-0.01161749551605834,16.542644500732422
9658368,2083.1471697410016,0.08080100742278204,0.4606079161167145,,,,,,,,0.00390625,2.424370765686035,0.0009962068515623201,-0.015861971065207925,14.1151123046875
9666560,2084.845614412996,0.1354684146010152,0.594714343547821,,,,,,,,0.0025634765625,2.295924663543701,0.0009356431844922408,-0.0005144113801041367,4.8243632316589355
9674752,2086.5598297319957,0.1137947094476874,0.5548950433731079,,,,,,,,0.00341796875,2.288750410079956,0.0009855758025272277,-0.002993543617917712,4.7851080894470215
9682944,2088.2301061909966,0.06704392848548284,0.4501586854457855,,,,,,,,0.0037841796875,2.416079521179199,0.0008531837644132345,-0.017168072643596884,9.677857398986816
9691136,2089.842031485001,0.11179736105747767,0.5184326171875,,,,,,,,0.003173828125,2.4199321269989014,0.000705423886587786,-0.011340825099030305,5.1408820152282715
9699328,2091.5404197800017,0.0865062809176429,0.4982543885707855,0.001299911612753002,0.0016565952721488975,0.000974933709564807,333,822.597793531738,8.25,6.300000000000001,0.0040283203125,2.4214298725128174,0.0006897903817075779,-0.012645356437432332,8.168169975280762
9707520,2093.807486480997,0.0816874541860141,0.4855712950229645,,,,,,,,0.0025634765625,2.3329992294311523,0.0007234408292242644,-0.00711239984918087,12.748228073120117
9715712,2095.260167896995,0.09714392702552915,0.535046398639679,,,,,,,,0.0029296875,2.3285071849823,0.0007239844291748732,-0.01137244891807282,4.604184627532959
9723904,2096.9224841199975,0.08848931383495953,0.5038696527481079,,,,,,,,0.00341796875,2.3178048133850098,0.0005563190773875126,-0.017186716436572796,5.624267578125
9732096,2098.6288598399988,0.07331179488468559,0.4534545838832855,,,,,,,,0.0030517578125,2.398392677307129,0.0005743217522017341,-0.018135165864223226,7.918811321258545
9740288,2100.2786112169997,0.059715033946773945,0.38483887910842896,,,,,,,,0.00341796875,2.335908889770508,0.0005765048798300754,-0.021910742039004755,14.393458366394043
9748480,2101.9661766659992,0.12352557313540752,0.562304675579071,,,,,,,,0.0028076171875,2.246273994445801,0.0007033118823803752,-0.012753262505426544,4.7345051765441895
9756672,2103.712694693997,0.09184990334561396,0.49268800020217896,,,,,,,,0.0035400390625,2.4224250316619873,0.0007774181200286279,-0.014565434870618028,7.4628753662109375
9764864,2105.4232980659945,0.08837388970661131,0.36993408203125,0.0021500737235331524,0.0021069888132809744,0.0016125552926498088,333,776.3426885532231,34.2,6.300000000000001,0.0040283203125,2.253368377685547,0.000929993372922322,-0.00879307652363544,22.182374954223633
9773056,2107.649958766997,0.05130236565419451,0.4015258848667145,,,,,,,,0.002685546875,2.262563705444336,0.0010476495868332325,-0.022814139174738034,22.374109268188477
9781248,2109.217981203001,0.049177085393844654,0.3989501893520355,,,,,,,,0.0035400390625,2.2774205207824707,0.000958595041805177,-0.023175880910957652,24.06547737121582
9789440,2110.830053339996,0.041192379945771664,0.35809326171875,,,,,,,,0.0032958984375,2.2014851570129395,0.0009660894695826538,-0.01983200480152172,33.607845306396484
9797632,2112.526257075995,0.13939551240687342,0.590527355670929,,,,,,,,0.00244140625,2.251511335372925,0.0007365753239181316,-0.009786416461458548,5.468679428100586
9805824,2114.1763415069945,0.1023164137455765,0.5356689691543579,,,,,,,,0.0040283203125,2.2063474655151367,0.0008120235955033639,-0.012035834578715293,6.33473539352417
9814016,2115.830374008001,0.11391334502538114,0.5679077506065369,,,,,,,,0.0029296875,2.312168836593628,0.0007332779806372702,-0.0035095401220575696,4.797631740570068
9822208,2117.5206185619973,0.1001628590133086,0.543469250202179,,,,,,,,0.0028076171875,2.345705986022949,0.0008247352548548248,-0.012661374682384558,3.7229042053222656
9830400,2119.176567855,0.08652799727693722,0.49567872285842896,0.0019168580231005983,0.0021508485214073447,0.0014376435173254487,333,785.3612208683728,46.95,6.15,0.0035400390625,2.2921013832092285,0.000889787130771591,-0.010126576975148386,9.7050199508667
9838592,2121.4551972109984,0.052684617819266394,0.3787475526332855,,,,,,,,0.00244140625,2.278482437133789,0.0008959207240656353,-0.02080039760448814,20.306787490844727
9846784,2122.9150904060007,0.09141467339621817,0.5019775629043579,,,,,,,,0.0037841796875,2.253146171569824,0.0008148279682413939,-0.015255812410705017,6.016526699066162
9854976,2124.590892276996,0.07987974812652064,0.4634765684604645,,,,,,,,0.003173828125,2.311958074569702,0.0010194949710315981,-0.01484052512517568,7.428560733795166
9863168,2126.215506706001,0.09300493851419461,0.5239502191543579,,,,,,,,0.0030517578125,2.3696391582489014,0.0010137143247372915,-0.011888533278580787,5.535829544067383
9871360,2127.915792822998,0.07318734266905765,0.44708251953125,,,,,,,,0.0037841796875,2.3093717098236084,0.000819200813315546,-0.015441918135859817,8.548310279846191
9879552,2129.5832582369985,0.1219455700663496,0.574902355670929,,,,,,,,0.0029296875,2.379206895828247,0.0009087348531320316,-2.5640172365323788e-05,3.392810821533203
9887744,2131.2259781329994,0.0976404369610187,0.44624024629592896,,,,,,,,0.003662109375,2.373645067214966,0.0008867572434068105,-0.013539224077768764,8.841414451599121
9895936,2132.907872210999,0.07410204694157277,0.4696044921875,0.0016925488394621269,0.001746752665987672,0.0012694116295965951,333,788.0732625354468,38.7,6.15,0.0028076171875,2.3340682983398438,0.0010200926540870903,-0.017507590816120227,7.984675884246826
9904128,2135.1837118969997,0.06855541209715345,0.44775390625,,,,,,,,0.00341796875,2.265052080154419,0.0010277427750169377,-0.019525807234405737,10.45700740814209
9912320,2136.6102653630005,0.09965414384115015,0.5486206412315369,,,,,,,,0.0037841796875,2.2715582847595215,0.0009770552350174544,-0.006094629202196544,4.527165412902832
9920512,2138.337577063001,0.09970421570815385,0.5299438834190369,,,,,,,,0.00244140625,2.353909730911255,0.0008526530930696996,-0.008382366430197878,4.806819438934326
9928704,2140.0224060429973,0.06908103620358065,0.44481202960014343,,,,,,,,0.00390625,2.2859811782836914,0.0007948587470951729,-0.01253166354896834,15.863997459411621
9936896,2141.6607244039988,0.05998616583938959,0.40308839082717896,,,,,,,,0.00244140625,2.2839527130126953,0.0009890857328330727,-0.016784062476113044,19.299137115478516
9945088,2143.3557186209946,0.10431671609300526,0.521313488483429,,,,,,,,0.0040283203125,2.3511478900909424,0.0010409319011110973,-0.017113861889637868,5.8585286140441895
9953280,2145.039756277998,0.0911257944840571,0.4927612245082855,,,,,,,,0.003173828125,2.270601749420166,0.0008216202591645461,-0.009776043508199009,8.236599922180176
9961472,2146.717409330995,0.05484146335696505,0.3528076112270355,0.0019157958216877713,0.0020442041878524497,0.001436846866265773,333,782.9979909724775,41.1,6.300000000000001,0.00341796875,2.4198989868164062,0.0008888042752654979,-0.022240518350162716,16.412473678588867
9969664,2148.996074871,0.05175098363579026,0.4137939512729645,,,,,,,,0.003662109375,2.1621365547180176,0.0008807566029255254,-0.022225610860276326,21.53354835510254
9977856,2150.463575850001,0.07077771394864388,0.4622436463832855,,,,,,,,0.003662109375,2.326259136199951,0.0008858010599347432,-0.012249278616095588,14.77478313446045
9986048,2152.1529718879974,0.11388400144524216,0.570544421672821,,,,,,,,0.0032958984375,2.3273489475250244,0.0007042355457991256,-0.0027832437114241994,5.384079933166504
9994240,2153.830276511995,0.10543939557274402,0.5572876334190369,,,,,,,,0.0035400390625,2.3091824054718018,0.000710316980402137,-0.008227236568516033,4.832213878631592
10002432,2155.4892573799953,0.08645508910386768,0.4662231504917145,,,,,,,,0.0023193359375,2.3869411945343018,0.0007746087389671752,-0.010502991113340002,9.706809997558594
10010624,2157.132076406997,0.09585729045650447,0.537341296672821,,,,,,,,0.0037841796875,2.3199806213378906,0.000892933027960785,-0.006973830222621164,4.031199932098389
10018816,2158.8330272629973,0.06166690561088664,0.4480224549770355,,,,,,,,0.0030517578125,2.3573598861694336,0.0007609562527217673,-0.01599998672797864,10.805727005004883
10027008,2160.5153667159975,0.09589834459235932,0.5310913324356079,0.0012504127882293492,0.0019392517669276632,0.0009378095911720674,333,814.7709998160943,48.0,6.15,0.0032958984375,2.471404790878296,0.0006782276794761177,-0.005472204422383085,4.594515323638916
10035200,2162.774275044998,0.058754018579354986,0.4322876036167145,,,,,,,,0.003662109375,2.4176695346832275,0.0006660353147787124,-0.014675159694926049,19.266263961791992
10043392,2164.299061744001,0.1276168438182966,0.4749755859375,,,,,,,,0.0029296875,2.420299530029297,0.0007299076838742646,-0.015309163702567236,8.317179679870605
10051584,2165.9500197669986,0.056826765824419194,0.4240356385707855,,,,,,,,0.00341796875,2.389486789703369,0.0007093795120498569,-0.01994481658376303,18.88568687438965
10059776,2167.631880214998,0.04918209806848748,0.3631347715854645,,,,,,,,0.003173828125,2.30369234085083,0.0007066784024563066,-0.02198623181607361,29.5780086517334
10067968,2169.3793016599957,0.07949671300523203,0.48881837725639343,,,,,,,,0.003173828125,2.35072922706604,0.0006597883732892829,-0.01632945441872849,10.89806079864502
10076160,2171.0136551620017,0.08311976710863189,0.498291015625,,,,,,,,0.0032958984375,2.320925235748291,0.00075885860890057,-0.0013416791367051625,17.217920303344727
10084352,2172.7055722969963,0.1253863276443989,0.582080066204071,,,,,,,,0.002685546875,2.3591794967651367,0.0007660774504055778,-0.004103891935934057,4.598204135894775
10092544,2174.381782960998,0.13962784292742997,0.56396484375,0.0016164867145949113,0.001873351079496266,0.001212365035946128,333,787.6950531154306,18.45,6.15,0.00341796875,2.3711941242218018,0.0006735676025767523,-0.0055714501767727955,4.280457973480225
10100736,2176.6439333109956,0.10432258025661732,0.515148937702179,,,,,,,,0.00341796875,2.3378255367279053,0.0007589328137185269,-0.009944170373699027,5.842693328857422
10108928,2178.141698098996,0.08937718213124342,0.5300049185752869,,,,,,,,0.0028076171875,2.3477935791015625,0.000840181242699134,-0.011799067992679208,3.0984456539154053
10117120,2179.829049442,0.08702274647297079,0.5189208984375,,,,,,,,0.0037841796875,2.3341543674468994,0.0006790374760956563,-0.01538351505573022,3.800600051879883
10125312,2181.5056689740013,0.06499110078532933,0.4427123963832855,,,,,,,,0.0025634765625,2.3588829040527344,0.0006677181736071125,-0.01759680780967562,7.348039150238037
10133504,2183.1618856150017,0.05421410394146689,0.41761475801467896,,,,,,,,0.0035400390625,2.445159435272217,0.000696656785171168,-0.016433486311030056,15.34614086151123
10141696,2184.801155412999,0.07231977354477691,0.44953614473342896,,,,,,,,0.00341796875,2.2403194904327393,0.0006401252094716536,-0.014192397627440873,9.1873779296875
10149888,2186.470896465995,0.07251363173097776,0.47465822100639343,,,,,,,,0.0028076171875,2.3983676433563232,0.0007077393001158061,-0.014941261525996336,7.454598903656006
10158080,2188.1359204429973,0.10153440459467933,0.5118164420127869,0.0019154727001182703,0.002279549691402538,0.0014366045250886472,333,784.6940047908934,34.65,6.15,0.0032958984375,2.3362269401550293,0.0009180216964036481,-0.010358144918287751,4.9620795249938965
10166272,2190.407804272996,0.12859746550080906,0.5285278558731079,,,,,,,,0.0030517578125,2.3187196254730225,0.0009734076105234468,-0.006326520632858286,4.102771282196045
10174464,2191.862541176997,0.09627534863693482,0.511120617389679,,,,,,,,0.0029296875,2.339395046234131,0.0009294063978124711,-0.01528471962900434,3.6368184089660645
10182656,2193.583684486999,0.1153391292871044,0.510986328125,,,,,,,,0.00341796875,2.2366504669189453,0.0009803074908275589,-0.010405147932572549,3.768916368484497
10190848,2195.20949845,0.1254602643880005,0.43476563692092896,,,,,,,,0.00390625,2.4196431636810303,0.0011275664515759676,-0.017294653974735116,7.456334114074707
10199040,2196.8705982319952,0.04165363007157086,0.3333984315395355,,,,,,,,0.00341796875,2.2637343406677246,0.0010529532995312563,-0.02086446940236841,26.281015396118164
10207232,2198.5679380609945,0.07932356832060937,0.48967286944389343,,,,,,,,0.003662109375,2.3207387924194336,0.0011642203069125445,-0.017345290210418213,7.836622714996338
10215424,2200.260780421995,0.07553774209338554,0.4786621034145355,,,,,,,,0.0037841796875,2.245140552520752,0.0010391249883474618,-0.01394729798727689,7.954678535461426
10223616,2201.882439770001,0.07820680964671134,0.4911132752895355,0.0016463884649551286,0.0019847694420948025,0.001234791348716291,333,798.6628291043223,16.2,6.15,0.0029296875,2.272716760635376,0.0011152218170618067,-0.013597702572762261,8.391397476196289
10231808,2204.140880715,0.07714571956916075,0.4896240234375,,,,,,,,0.0035400390625,2.397778034210205,0.0010178614411232578,-0.006690248858461809,6.1702799797058105
10240000,2205.595681080995,0.07630470644054904,0.4961914122104645,,,,,,,,0.0040283203125,2.3310317993164062,0.0008684165137919919,-0.009979475083503414,6.372284889221191
10248192,2207.2789711430014,0.08966367228873837,0.528393566608429,,,,,,,,0.0020751953125,2.4243149757385254,0.0009339982859393192,-0.007678537377961342,3.8690013885498047
10256384,2208.9110496089997,0.07994082814458006,0.50421142578125,,,,,,,,0.00390625,2.3125603199005127,0.0008907527702108897,-0.010632141536650404,3.6438815593719482
10264576,2210.5175169659997,0.09588776268983212,0.47845458984375,,,,,,,,0.0040283203125,2.3835582733154297,0.000808934772202563,-0.010437797221217099,6.058244228363037
10272768,2212.2174888309964,0.07771164865416028,0.49945068359375,,,,,,,,0.0025634765625,2.4121601581573486,0.0007565272711700377,-0.014614458159889024,4.493521213531494
10280960,2213.923470269001,0.06084086335986923,0.44853517413139343,,,,,,,,0.0032958984375,2.345414161682129,0.0008823383114823224,-0.017663030640895583,5.234971523284912
10289152,2215.6112025010007,0.08723466488524745,0.48103028535842896,0.001259633861874776,0.0010805220721310516,0.0009447253964061098,333,827.8455180328679,33.45,6.15,0.002685546875,2.350515842437744,0.0007726288497639233,-0.011052379494367541,5.8324198722839355
10297344,2218.1927252230016,0.06979022291069756,0.42347413301467896,,,,,,,,0.0032958984375,2.396815538406372,0.0006263276344178337,-0.015562947308511446,10.880132675170898
10305536,2219.6153325459964,0.054133390949943544,0.39625245332717896,,,,,,,,0.00390625,2.3948419094085693,0.0005969504087375288,-0.014040677534912921,21.023099899291992
10313728,2221.468549790996,0.08605080763768412,0.49652099609375,,,,,,,,0.0029296875,2.4344093799591064,0.0006633773079393057,-0.01487961866979106,6.068267822265625
10321920,2223.1651924459948,0.12274073598564286,0.531054675579071,,,,,,,,0.0032958984375,2.337458610534668,0.0007854641578231014,-0.0047720353292140865,7.759088039398193
10330112,2224.859468224997,0.07263761874241555,0.4401611387729645,,,,,,,,0.0029296875,2.3409228324890137,0.0005108541646746678,-0.013354409439535904,15.61691951751709
10338304,2226.523262723,0.08749206944478136,0.52032470703125,,,,,,,,0.0028076171875,2.4040656089782715,0.0004902353454494524,-0.015911171913360448,5.304063320159912
10346496,2228.1737808949983,0.11223902727933383,0.5567626953125,,,,,,,,0.0037841796875,2.3052561283111572,0.0005184992137392541,-0.008759661183931537,3.776121139526367
10354688,2229.916572983995,0.10140347377771777,0.512158215045929,0.0012942184100565024,0.0023810672338411276,0.0009706638075424046,333,823.6476227944657,43.2,6.15,0.0023193359375,2.459319591522217,0.0007286028721921189,-0.00832089739652987,3.995630979537964
10362880,2232.2652737009994,0.09030220656503443,0.5257324576377869,,,,,,,,0.004150390625,2.3692760467529297,0.0007099967690047393,-0.010482507697540023,2.9287941455841064
10371072,2233.7240887519947,0.06800684686891932,0.4205078184604645,,,,,,,,0.0032958984375,2.381873369216919,0.0006065090772066073,-0.016446149618803262,8.025755882263184
10379264,2235.3974017699948,0.06881318703461464,0.46995851397514343,,,,,,,,0.003173828125,2.4477665424346924,0.0007430408494157881,-0.015276096311689366,6.610217571258545
10387456,2237.0228214819945,0.07648572042243368,0.4665283262729645,,,,,,,,0.00341796875,2.4198625087738037,0.000593707229704199,-0.014478509179466107,6.083837985992432
10395648,2238.774651120999,0.09449209777727163,0.5018677115440369,,,,,,,,0.0028076171875,2.3896236419677734,0.0006685066428653297,-0.006389263875940124,5.9419379234313965
10403840,2240.483581209999,0.07767312863237223,0.5041137933731079,,,,,,,,0.0037841796875,2.40067982673645,0.0005157408340317193,-0.012962133190322633,4.4549102783203125
10412032,2242.1607039459996,0.07509357071558316,0.4514526426792145,,,,,,,,0.0029296875,2.3428194522857666,0.0005482245822439058,-0.015197378102903029,15.263262748718262
10420224,2243.8268380009977,0.06997406028798854,0.477783203125,0.0014457674556875855,0.0019081750574181378,0.0010843255917656336,333,809.8730835031265,10.950000000000001,6.15,0.0030517578125,2.4635586738586426,0.0006593458353248982,-0.015469623817124337,6.0000224113464355
10428416,2246.233173255998,0.08648864316079574,0.5274902582168579,,,,,,,,0.0035400390625,2.2952802181243896,0.0007417275831826942,-0.013043685205012015,3.2942750453948975
10436608,2247.779178814999,0.08562269529820749,0.515393078327179,,,,,,,,0.00244140625,2.448380708694458,0.0007354482119309447,-0.012836403875517816,2.936952590942383
10444800,2249.397419267996,0.05983479489392083,0.3810180723667145,,,,,,,,0.0037841796875,2.375495433807373,0.0008021617212541354,-0.019356356983650416,10.658919334411621
10452992,2251.0182324349953,0.0653583327855352,0.4598022401332855,,,,,,,,0.0032958984375,2.3963263034820557,0.0007103927752982742,-0.021351443342549275,6.3379364013671875
10461184,2252.7359701109963,0.07012424067320953,0.4621215760707855,,,,,,,,0.00244140625,2.4164369106292725,0.0007309781870203924,-0.01870906063077358,5.780555248260498
10469376,2254.3893303520017,0.07195990823562858,0.38774415850639343,,,,,,,,0.004150390625,2.305497646331787,0.0006847511154374208,-0.009471393536977124,19.21579933166504
10477568,2256.0641374260013,0.07434010297716398,0.46336671710014343,,,,,,,,0.0020751953125,2.40824556350708,0.0006367555201317598,-0.015205714317714426,6.746060371398926
10485760,2257.6780223390015,0.08567496215394182,0.508679211139679,0.0015242347242512277,0.0020331949783510828,0.0011431760431883653,333,811.6497576409882,22.650000000000002,6.300000000000001,0.00390625,2.3917603492736816,0.0005127483016793555,-0.013362034950979679,4.9969892501831055
10493952,2259.940951339995,0.05909373267686398,0.39027100801467896,,,,,,,,0.00390625,2.4195172786712646,0.0005689377159163733,-0.01377814233421048,17.124277114868164
10502144,2261.3925093309954,0.12648397005025255,0.5411010980606079,,,,,,,,0.0023193359375,2.45165753364563,0.0008603682393431011,-0.009305170006189563,7.577348232269287
10510336,2263.043345113001,0.09965989342476898,0.4701294004917145,,,,,,,,0.0042724609375,2.2907235622406006,0.0007536500183769057,-0.012918298865204065,18.407577514648438
10518528,2264.6883566179968,0.08525644949256775,0.5061401724815369,,,,,,,,0.0030517578125,2.39656925201416,0.0008617128923192885,-0.0119524775852131,9.47199535369873
10526720,2266.3668219429965,0.08262727243267867,0.4793701171875,,,,,,,,0.0029296875,2.452507495880127,0.0009207001853569485,-0.006968632350568109,15.806940078735352
10534912,2268.0593598289997,0.06706950272440637,0.38164064288139343,,,,,,,,0.0037841796875,2.308628559112549,0.0008333485719376199,-0.016950378272448927,32.13003921508789
10543104,2269.7453850159945,0.11009985089257644,0.535107433795929,,,,,,,,0.0028076171875,2.342498302459717,0.0009991736462665601,-0.006905794791256365,8.196975708007812
10551296,2271.3805311889955,0.10345332593973244,0.517224133014679,0.0018155975555512738,0.002340562876743113,0.0013616981666634276,333,792.7727201358166,26.700000000000003,6.300000000000001,0.003662109375,2.3454508781433105,0.0009959694413672615,-0.002392803152915773,9.446813583374023
10559488,2273.686170137,0.1206994814828139,0.5593628287315369,,,,,,,,0.003662109375,2.3712949752807617,0.0008936095318519133,0.0009264932380720851,7.29357385635376
10567680,2275.1579625390004,0.13213153977297365,0.58905029296875,,,,,,,,0.0028076171875,2.5047414302825928,0.0008602318680641652,0.00722978697664191,3.6770122051239014
10575872,2276.837576277998,0.09204654442660559,0.516345202922821,,,,,,,,0.0035400390625,2.432431936264038,0.0008457765492269065,-0.0061931993196310195,4.757030487060547
10584064,2278.578951853997,0.0894384108925051,0.49896240234375,,,,,,,,0.00341796875,2.409125328063965,0.0007782577793618017,-0.01364979759799978,6.11172342300415
10592256,2280.272266148997,0.10067116567332644,0.5301880240440369,,,,,,,,0.0035400390625,2.419919729232788,0.0008196679606883306,-0.010612861811883686,4.257940292358398
10600448,2281.904660966,0.08606135250550684,0.5247558951377869,,,,,,,,0.003662109375,2.3675081729888916,0.0007625547871495941,-0.011877593270592093,3.3926913738250732
10608640,2283.5719443909984,0.09526695696205234,0.4875122010707855,,,,,,,,0.003173828125,2.528360605239868,0.0008042036507363015,-0.015046271129173767,6.001617431640625
10616832,2285.2230108250005,0.10425303428336125,0.506359875202179,0.0013585620551450628,0.00136700764371811,0.0010189215413587416,333,814.0176590487476,14.25,6.300000000000001,0.0029296875,2.489746570587158,0.0007625932177667272,-0.008037765087248658,4.891878128051758
10625024,2287.5272864969957,0.07620754573735078,0.45643311738967896,,,,,,,,0.004150390625,2.493467092514038,0.0008904650870629194,-0.013824860194135688,9.619491577148438
10633216,2289.1156916519976,0.0854799697632032,0.46870118379592896,,,,,,,,0.0028076171875,2.436647653579712,0.0007426793716237556,-0.007828703976838864,10.642617225646973
10641408,2290.882432362996,0.08921029577607727,0.5268921256065369,,,,,,,,0.0029296875,2.466360092163086,0.0007162377280705012,-0.010208314212472031,3.324897050857544
10649600,2292.580433434996,0.09372551633957825,0.520520031452179,,,,,,,,0.0035400390625,2.367969512939453,0.0006785292731701364,-0.011916520250767133,3.3942277431488037
10657792,2294.309645632995,0.08438738743685692,0.514147937297821,,,,,,,,0.0030517578125,2.5023679733276367,0.0006844400623238212,-0.010528052826764455,3.452953338623047
10665984,2295.961702665001,0.07307644247523408,0.48463135957717896,,,,,,,,0.00341796875,2.4917514324188232,0.0006603817780068688,-0.014458906148848177,3.217580556869507
10674176,2297.675616798995,0.0680655137159835,0.46759033203125,,,,,,,,0.0040283203125,2.5528564453125,0.0005311037961628351,-0.016326727410227115,4.255805015563965
10682368,2299.350234985999,0.06032141933820373,0.45684814453125,0.0012014756741270949,0.001867582694782155,0.0009011067555952934,333,837.1609175395226,49.800000000000004,6.300000000000001,0.0035400390625,2.63124418258667,0.000495503853854995,-0.014916335073588844,6.18752384185791
10690560,2301.748969414999,0.0760593046239818,0.49998781085014343,,,,,,,,0.0035400390625,2.5716099739074707,0.000632196297094767,-0.012996558841739012,4.110898017883301
10698752,2303.2310521129984,0.09883460792511979,0.5149780511856079,,,,,,,,0.003173828125,2.57499098777771,0.0006080624909399202,-0.013376670572291789,3.5499444007873535
10706944,2304.917642565997,0.09520297693318368,0.48237305879592896,,,,,,,,0.0037841796875,2.506878614425659,0.0006228475374443487,-0.013770572849242883,4.34498929977417
10715136,2306.5801342439954,0.0818176385897747,0.460693359375,,,,,,,,0.0030517578125,2.5442142486572266,0.0005965223965954669,-0.012721717653724207,7.959960460662842
10723328,2308.2594636680005,0.05262861927099141,0.3853515684604645,,,,,,,,0.0037841796875,2.5839788913726807,0.0005822709708183105,-0.015117284116887314,20.49503517150879
10731520,2309.951232939995,0.09467699792378176,0.5301880240440369,,,,,,,,0.00341796875,2.422701835632324,0.0006120052390431452,-0.007572812784535693,3.906343936920166
10739712,2311.649672485997,0.07783432683004542,0.47840577363967896,,,,,,,,0.00341796875,2.5376651287078857,0.0005767550518035458,-0.01293729037898751,7.555589199066162
10747904,2313.3539441179964,0.09989518180395063,0.523547351360321,0.0014331618959382286,0.0019166599520185068,0.001074871421953727,288,683.0154427956411,34.35,6.300000000000001,0.003662109375,2.499216079711914,0.0006121213349282728,-0.011413201246957265,4.007241725921631
10756096,2315.6877355260003,0.0911012776113073,0.46484375,,,,,,,,0.002685546875,2.487563371658325,0.000559153445534144,-0.01427014039014919,4.927449703216553
10764288,2317.118580948998,0.07866168051982732,0.4703735411167145,,,,,,,,0.004150390625,2.5050852298736572,0.0004998611093067762,-0.013075189467606907,7.329615116119385
10772480,2318.8157487880017,0.08994461253051551,0.4845947325229645,,,,,,,,0.0029296875,2.4342541694641113,0.0006035359939631224,-0.011196225759355471,6.142798900604248
10780672,2320.4367478419954,0.09390529643674182,0.5244385004043579,,,,,,,,0.0030517578125,2.5917859077453613,0.00046374769379542435,-0.010900397934552698,4.417296886444092
10788864,2322.164401948001,0.06950269651125911,0.432861328125,,,,,,,,0.00390625,2.3645341396331787,0.000581135914481834,-0.01656813798809948,9.657675743103027
10797056,2323.8236733739977,0.06662965777510077,0.46937257051467896,,,,,,,,0.002685546875,2.4618587493896484,0.0006238787099401844,-0.017294471989093164,7.044383525848389
10805248,2325.4721017919946,0.06499465840425357,0.45233154296875,,,,,,,,0.0037841796875,2.4017419815063477,0.0005932555834378128,-0.015516929284564024,13.075204849243164
10813440,2327.1050164240005,0.1132470646288451,0.4886108338832855,0.0776770322343352,0.05838598205592094,0.05838598205592094,46,9.485219352733221,6.9,6.300000000000001,0.00390625,2.447803497314453,0.0005229409936898799,-0.006566207698760019,11.254076957702637
10821632,2329.4721707450008,0.08091698688652404,0.4590087831020355,,,,,,,,0.0028076171875,2.546170711517334,0.0004786359757038561,-0.019728410934652024,10.345076560974121
10829824,2330.926784577001,0.08081052259970521,0.5001587271690369,,,,,,,,0.0035400390625,2.3570451736450195,0.0007729327196446256,-0.010235905840535799,7.289122104644775
10838016,2332.654194016999,0.09167167630137683,0.517260730266571,,,,,,,,0.003173828125,2.3869786262512207,0.000826692426237563,-0.007630820396382543,6.374545574188232
10846208,2334.3332922420013,0.09138915644641135,0.527697741985321,,,,,,,,0.0037841796875,2.351278066635132,0.0008040401627362748,-0.008700195340957723,4.742575168609619
10854400,2335.985312701996,0.1121207606120489,0.513989269733429,,,,,,,,0.00244140625,2.3536064624786377,0.0007635002172204919,-0.0112531293750838,4.351870059967041
10862592,2337.6488807029964,0.07098357725702008,0.4776611328125,,,,,,,,0.0029296875,2.378314733505249,0.000805184790800828,-0.013778958766343339,5.9901628494262695
10870784,2339.289914180001,0.05302067963965954,0.41499024629592896,,,,,,,,0.0032958984375,2.2889130115509033,0.0008339758156094002,-0.0168885965928852,12.994830131530762
10878976,2340.957682000997,0.07643239861988672,0.4772705137729645,0.0012556337053422073,0.0024624006075886218,0.0009417531113399269,333,819.9712087216803,35.1,6.45,0.002685546875,2.3738784790039062,0.0006617703496513139,-0.009958651813204357,6.649049282073975
10887168,2343.234066883997,0.06604945201076363,0.4434448182582855,,,,,,,,0.0035400390625,2.332778215408325,0.0006046234372827364,-0.016191174524607256,9.393547058105469
10895360,2344.6546613309984,0.08632075303483931,0.52154541015625,,,,,,,,0.002685546875,2.36423397064209,0.0006337907984147462,-0.008638764803286595,4.051925182342529
10903552,2346.322964193998,0.09228256150335495,0.523608386516571,,,,,,,,0.0032958984375,2.396521806716919,0.0005174760009821755,-0.009914113782738944,3.6362106800079346
10911744,2348.040069652001,0.07419154137521557,0.37785646319389343,,,,,,,,0.0037841796875,2.4294047355651855,0.0007234482789377772,-0.01756352587488254,17.04076385498047
10919936,2349.841489089995,0.0912241887420679,0.4571899473667145,,,,,,,,0.0032958984375,2.4093570709228516,0.0007538536933816564,-0.015169746744656196,13.900156021118164
10928128,2351.506405854001,0.04545726387574437,0.3710083067417145,,,,,,,,0.0025634765625,2.316962718963623,0.0006664971647049045,-0.017243311117326528,23.486745834350586
10936320,2353.252230594997,0.06977589652456946,0.44818115234375,,,,,,,,0.0032958984375,2.284780263900757,0.0008173071676190746,-0.01218654685396082,16.686552047729492
10944512,2354.943011309995,0.1080745290990778,0.557238757610321,0.0018774463878027392,0.002180086759538402,0.0014080847908520822,333,795.5453899563952,8.1,6.300000000000001,0.0037841796875,2.326193332672119,0.000883896632007608,-0.005096689871706067,5.035783290863037
10952704,2357.3150258509995,0.11590461661125007,0.564038097858429,,,,,,,,0.002685546875,2.42071795463562,0.0006810016356628701,-0.004244438952913887,2.9061851501464844
10960896,2358.784471551997,0.0662324488606197,0.4219604432582855,,,,,,,,0.003662109375,2.413316011428833,0.000672403072382366,-0.0107554240536018,13.565673828125
10969088,2360.446780222999,0.08763260778407832,0.5162353515625,,,,,,,,0.0025634765625,2.3736724853515625,0.000663283334851883,-0.012748198863280151,4.319964408874512
10977280,2362.044918595995,0.19014214105382907,0.517346203327179,,,,,,,,0.0029296875,2.3597092628479004,0.0005510097081670162,-0.0015847973599365122,5.806778907775879
10985472,2363.8049818639993,0.09065726296109697,0.514147937297821,,,,,,,,0.00341796875,2.348619222640991,0.000865362838286643,-0.008930413039899951,4.319546222686768
10993664,2365.5449649039947,0.07557762801774642,0.48676759004592896,,,,,,,,0.0032958984375,2.3836166858673096,0.0008715545298433325,-0.010471871212273429,5.7813849449157715
11001856,2367.221137472996,0.10883762897668857,0.5364136099815369,,,,,,,,0.002685546875,2.3873403072357178,0.0008403788714379523,-0.011635871451146806,2.7593183517456055
11010048,2368.9357326940008,0.1021108528718925,0.527758777141571,0.0015695120190126755,0.002881444936531752,0.001177134014259451,333,800.6579040956174,48.75,6.300000000000001,0.003173828125,2.2988781929016113,0.0008812941908806771,-0.011575888396774765,2.411970615386963
11018240,2371.220178664,0.07740658382992653,0.48118898272514343,,,,,,,,0.0032958984375,2.4003803730010986,0.0008620913468507796,-0.014692808842781813,3.3944900035858154
11026432,2372.6744631969996,0.04617007661309033,0.36219483613967896,,,,,,,,0.003173828125,2.294980764389038,0.0008566427111762476,-0.020474173916812107,10.745573997497559
11034624,2374.3610728849962,0.09542117857036225,0.5212768912315369,,,,,,,,0.00244140625,2.3456966876983643,0.0007944575001528342,-0.00889988726650336,3.230132818222046
11042816,2376.0098837619953,0.06772392987257794,0.4561401307582855,,,,,,,,0.0030517578125,2.338883399963379,0.0007386259219757108,-0.01332227487919529,7.699906826019287
11051008,2377.6636929550004,0.08464457662653793,0.5091919302940369,,,,,,,,0.0037841796875,2.3794593811035156,0.0007200757589667095,-0.011136469072635668,3.5178825855255127
11059200,2379.3483132420006,0.07470329719592954,0.48493653535842896,,,,,,,,0.0025634765625,2.3934812545776367,0.0006726281548896651,-0.014201491862914074,4.3869781494140625
11067392,2381.0523197119983,0.08848870107874048,0.510852038860321,,,,,,,,0.003173828125,2.328937292098999,0.0008138455995205796,-0.01502419340403568,2.6831531524658203
11075584,2382.7327630209984,0.074035461951955,0.48936769366264343,0.0014720958924672178,0.002056523213082251,0.0011040719193504689,333,801.9814522926539,44.25,6.300000000000001,0.0029296875,2.3903393745422363,0.0007635201703043437,-0.013001499966236958,3.7249138355255127
11083776,2385.0312563499974,0.07992135586220236,0.48358154296875,,,,,,,,0.003173828125,2.390387535095215,0.0007856927305271988,-0.012861123393675528,4.666540622711182
11091968,2386.425159211998,0.06465887880038405,0.4491943418979645,,,,,,,,0.003173828125,2.38909912109375,0.0008027413453380872,-0.014383188854430018,4.804886817932129
11100160,2388.144211797,0.049282798184509896,0.37641602754592896,,,,,,,,0.0037841796875,2.4764599800109863,0.0010140692042479582,-0.020832260944135917,15.105508804321289
11108352,2389.867128975995,0.10714357914854618,0.540637195110321,,,,,,,,0.0035400390625,2.316028594970703,0.0009261364654742366,-0.00597468603286758,3.1374149322509766
11116544,2391.540883486996,0.05841533929827756,0.4389892518520355,,,,,,,,0.00244140625,2.4122376441955566,0.0009339112263949678,-0.016767533471587426,11.725942611694336
11124736,2393.176740709998,0.08688034105680179,0.515637218952179,,,,,,,,0.0035400390625,2.3534045219421387,0.0007565193718900298,-0.011817001139235304,3.094003438949585
11132928,2394.8705600589965,0.10980981025208864,0.5325927734375,,,,,,,,0.003173828125,2.3701024055480957,0.0006651114109168521,-0.004128173912772942,3.814068555831909
11141120,2396.5556138679967,0.06991969887882162,0.46208497881889343,0.0016142871177484697,0.0021965564422551376,0.0012107153383114078,333,800.3292287346517,43.2,6.15,0.002685546875,2.403716564178467,0.0007371668488522776,-0.01633592472593298,5.268270015716553
11149312,2398.9532215590007,0.0858036469494362,0.5014282464981079,,,,,,,,0.0040283203125,2.3482489585876465,0.0007833814646464043,-0.012107486899796844,4.18837833404541
11157504,2400.3979304390014,0.08345568738166953,0.49406740069389343,,,,,,,,0.002685546875,2.345557689666748,0.0009662743776109872,-0.012297772177754056,5.804327487945557
11165696,2402.043454601,0.09442439484029724,0.5368286371231079,,,,,,,,0.0032958984375,2.372938871383667,0.0008483087955717394,-0.0026309411460301757,2.4877779483795166
11173888,2403.7104400530006,0.06531378938052401,0.44512939453125,,,,,,,,0.0032958984375,2.393141508102417,0.0008218413326779306,-0.011888029595337943,8.505775451660156
11182080,2405.3270658979964,0.07354966772278963,0.45997315645217896,,,,,,,,0.002685546875,2.4604854583740234,0.0007723850340652927,-0.017114681921572894,5.056100368499756
11190272,2406.955615244995,0.04694528557836197,0.33051759004592896,,,,,,,,0.004150390625,2.334861993789673,0.0007036891718766869,-0.020089482229302437,22.02509880065918
11198464,2408.609942092,0.055454030599806914,0.41856691241264343,,,,,,,,0.0029296875,2.3912651538848877,0.0006583074029887781,-0.02157739126258697,10.845888137817383
11206656,2410.4147807129993,0.0975619196109401,0.5450806021690369,0.0011905095754578543,0.0019425879597826379,0.0008928821815934462,333,834.4510600780415,46.5,6.300000000000001,0.0032958984375,2.3949363231658936,0.0007085371763393411,-0.0060240133310591895,4.01999568939209
11214848,2412.7540288149976,0.06496262065714305,0.46112060546875,,,,,,,,0.0035400390625,2.315814256668091,0.0007476798316949917,-0.011852924207043801,7.910199165344238
11223040,2414.207716689998,0.06897417223503469,0.4599243104457855,,,,,,,,0.00244140625,2.4340615272521973,0.0007959701432739275,-0.01757696945313322,6.246021270751953
11231232,2415.9412447799987,0.0974569362995586,0.5472656488418579,,,,,,,,0.003662109375,2.3299436569213867,0.0007498434926860309,-0.008442510395075471,3.814039945602417
11239424,2417.611405507996,0.04584697074424007,0.36143800616264343,,,,,,,,0.0030517578125,2.3999805450439453,0.0007555990744375629,-0.019330183209804716,22.948429107666016
11247616,2419.270309059997,0.10874162227241524,0.565869152545929,,,,,,,,0.0025634765625,2.419154167175293,0.0007056223119424887,-0.0049708508546949665,2.4061570167541504
11255808,2420.9633183859987,0.1859329247172825,0.5058227777481079,,,,,,,,0.0040283203125,2.304412841796875,0.000967211692285308,0.001500685908466636,6.715731143951416
11264000,2422.6481232799997,0.10262883248767088,0.4890380799770355,,,,,,,,0.0028076171875,2.4001502990722656,0.0009016847997080912,-0.011504885888561642,6.663784027099609
11272192,2424.312177503998,0.08461289259029554,0.505017101764679,0.0014170882463174772,0.0015344671855759273,0.0010628161847381357,333,821.5378864186076,28.650000000000002,6.300000000000001,0.0030517578125,2.370920419692993,0.0008078181810894369,-0.009631094615955746,4.31512451171875
11280384,2426.660395877996,0.06325466128458195,0.41130372881889343,,,,,,,,0.0040283203125,2.3476359844207764,0.0009696832888216322,-0.015480662910047958,12.963065147399902
11288576,2428.0838541129997,0.06225212965088303,0.4108642637729645,,,,,,,,0.0025634765625,2.419435501098633,0.0008793675762313047,-0.020535059769811126,8.245952606201172
11296768,2429.7208410629974,0.10177741760805621,0.518566906452179,,,,,,,,0.00341796875,2.3111703395843506,0.0008854901419834693,-0.01647668321704135,4.062527656555176
11304960,2431.397965876,0.08851781928460455,0.49635010957717896,,,,,,,,0.0032958984375,2.310804843902588,0.0009896852740503004,-0.013484213161950975,5.514596462249756
11313152,2433.109108175995,0.08869355477811924,0.4460693299770355,,,,,,,,0.00341796875,2.357335090637207,0.0010880500527588044,-0.014811777559020993,6.589458465576172
11321344,2434.810725491996,0.14880002595940012,0.5710083246231079,,,,,,,,0.0035400390625,2.2428035736083984,0.0009809816382719827,0.004127137961831632,2.282122850418091
11329536,2436.492192835998,0.10223422152065414,0.4690795838832855,,,,,,,,0.00244140625,2.4520423412323,0.0009515658618197698,-0.0125692254659941,6.103532314300537
11337728,2438.1582468299966,0.09088155568738612,0.5161377191543579,0.0016444672188158371,0.0015224868719851958,0.0012333504141118778,333,802.141090605616,28.950000000000003,6.15,0.003173828125,2.3431665897369385,0.001015161597903269,-0.011254681691023248,3.678729295730591
11345920,2440.5070071090013,0.04809850543345498,0.3142333924770355,,,,,,,,0.003173828125,2.260509967803955,0.0009601836959396426,-0.014374247576766926,27.529218673706055
11354112,2441.9755949550017,0.06559067347653573,0.44694826006889343,,,,,,,,0.0037841796875,2.485322952270508,0.0009254799343059172,-0.015725734784423562,7.025551795959473
11362304,2443.6615780619977,0.06014823655815962,0.43634033203125,,,,,,,,0.0042724609375,2.3523788452148438,0.0008974014383629214,-0.010853915435148331,10.344910621643066
11370496,2445.3747509649984,0.07019958730432373,0.47169190645217896,,,,,,,,0.0025634765625,2.3904337882995605,0.0007906213506395643,-0.01464890708578397,7.919137477874756
11378688,2447.1850303269966,0.09900981531840608,0.5054077506065369,,,,,,,,0.003662109375,2.3712034225463867,0.0007637954726918972,-0.011914322252240088,6.13228178024292
11386880,2449.0765395729977,0.09518329344810737,0.5051025748252869,,,,,,,,0.0040283203125,2.3793070316314697,0.0007508096094785977,-0.006763687429929787,8.5936861038208
11395072,2450.8915663309963,0.07497394326209597,0.42460939288139343,,,,,,,,0.002685546875,2.508145809173584,0.0009584029602163202,-0.013800377870907495,16.44423484802246
11403264,2452.6273789909974,0.10297741753495336,0.5415283441543579,0.0017943426837401244,0.0018163676445255295,0.0013457570128050378,333,798.3799274098662,32.7,6.300000000000001,0.003662109375,2.30303955078125,0.0008383065525850997,-0.0015227688146922935,4.2529120445251465
11411456,2455.111895463997,0.09819246061710794,0.5502685904502869,,,,,,,,0.00341796875,2.363328218460083,0.0008433692553373451,-0.0027789972106536235,3.677237033843994
11419648,2456.591397266995,0.0841415323918253,0.47894287109375,,,,,,,,0.0035400390625,2.4555184841156006,0.0008197597214698593,-0.011026126998433666,6.311331272125244
11427840,2458.297158597001,0.04469835976113612,0.33660888671875,,,,,,,,0.003662109375,2.3397090435028076,0.0008828923458937821,-0.01592823270398567,26.081689834594727
11436032,2459.9812918300013,0.04881147664940684,0.3953613340854645,,,,,,,,0.002685546875,2.3749752044677734,0.0009142333102235556,-0.021115428148385136,21.22220230102539
11444224,2461.662111370999,0.07372215430241387,0.46949464082717896,,,,,,,,0.0030517578125,2.266922950744629,0.0007494202782412085,-0.016045853852275162,11.52267837524414
11452416,2463.324117860997,0.06778758913198427,0.4681762754917145,,,,,,,,0.0035400390625,2.3570492267608643,0.0007223814043108012,-0.01772586768636161,11.39415454864502
11460608,2464.987048764,0.11355358636695101,0.5610718131065369,,,,,,,,0.0028076171875,2.3415427207946777,0.0007702907518263302,-0.004634860216257261,4.338099956512451
11468800,2466.683382213996,0.1126232486886452,0.5553833246231079,0.001357585006944717,0.0012637986359391729,0.0010181887552085378,333,817.8675287484784,25.5,6.15,0.0037841796875,2.44435977935791,0.00093644874284049,-0.005657880628210952,5.23450231552124
11476992,2469.113010493995,0.06716526040487494,0.46912842988967896,,,,,,,,0.0040283203125,2.4881503582000732,0.0008239270018124412,-0.014298633864272168,9.576308250427246
11485184,2470.627598425999,0.08310192830954857,0.46942138671875,,,,,,,,0.002685546875,2.4792380332946777,0.0007168502333708693,-0.01052514182958603,14.251008987426758
11493376,2472.2879688440007,0.05337841485008288,0.35260009765625,,,,,,,,0.0047607421875,2.5295610427856445,0.0007497242309999486,-0.01617400886582671,26.17095947265625
11501568,2474.0350184889976,0.06126840846542963,0.4368896484375,,,,,,,,0.003173828125,2.2913224697113037,0.0006575499918157757,-0.018515661353990194,14.079981803894043
11509760,2475.6613378709953,0.07432236343780828,0.43165284395217896,,,,,,,,0.002685546875,2.4404659271240234,0.0006723124158927174,-0.01640121044285841,22.130695343017578
11517952,2477.2585505809984,0.08142488333734532,0.4633422791957855,,,,,,,,0.0045166015625,2.3418571949005127,0.0007168195218261175,-0.007649328129423219,22.80206298828125
11526144,2478.9252880429995,0.11029601711067374,0.5556885004043579,,,,,,,,0.0028076171875,2.5491786003112793,0.0007304993080295974,-0.004327579280307005,7.2257080078125
11534336,2480.554912668995,0.05151920609339893,0.39490967988967896,0.0011672022444304542,0.0023204560919817263,0.0008754016833227851,333,832.2982325481748,47.7,6.300000000000001,0.003173828125,2.403956651687622,0.0007036912355544711,-0.015811746883502453,23.805679321289062
11542528,2482.900058398998,0.09422351294005953,0.5181884765625,,,,,,,,0.0035400390625,2.4088456630706787,0.0007175011251320251,-0.010081904763919097,8.409113883972168
11550720,2484.3672116279995,0.09689476247669708,0.5140625238418579,,,,,,,,0.0037841796875,2.4684653282165527,0.0006763555276709798,-0.010693139880144318,11.20494270324707
11558912,2486.073052601998,0.2157481701535101,0.5875244140625,,,,,,,,0.003662109375,2.474938154220581,0.0008024808880389145,0.010480025139609656,6.805966377258301
11567104,2487.7312285459993,0.0660651428603806,0.3799072206020355,,,,,,,,0.0025634765625,2.470219850540161,0.0009233250728073461,-0.0156265653157244,28.582624435424805
11575296,2489.439092322995,0.0606473983536878,0.43211671710014343,,,,,,,,0.0037841796875,2.3052797317504883,0.0008189174997661475,-0.01665285061516548,22.18816566467285
11583488,2491.061411003997,0.06623807406461368,0.4541870057582855,,,,,,,,0.0030517578125,2.3400237560272217,0.0007519466863772362,-0.009166736337056442,19.194440841674805
11591680,2492.7576232130014,0.11561725819765663,0.546740710735321,,,,,,,,0.003662109375,2.4465556144714355,0.000759799361681246,-0.007912772772011271,8.02729320526123
11599872,2494.4453821989955,0.06132292745313034,0.44410401582717896,0.0018175856247140132,0.001536491309348964,0.00136318921853551,333,800.2730841187409,18.900000000000002,6.15,0.00341796875,2.358194351196289,0.000827313583979139,-0.016766578206677457,13.815321922302246
11608064,2496.8170822389948,0.04379886834304315,0.3689331114292145,,,,,,,,0.0020751953125,2.3432648181915283,0.0009426872884361615,-0.01823925419511407,35.9249153137207
11616256,2498.2634745760006,0.14861283324552071,0.5822510123252869,,,,,,,,0.0040283203125,2.210811138153076,0.0010078220799247806,-0.003839984333524347,5.922976970672607
11624448,2499.938970516996,0.07362171339134518,0.38569337129592896,,,,,,,,0.0029296875,2.3504059314727783,0.0010248660981658775,-0.013417528309022642,35.90924072265625
11632640,2501.5829721650007,0.08946492889674254,0.49742433428764343,,,,,,,,0.0035400390625,2.3495447635650635,0.0010562020616848855,-0.01745365693289362,10.423330307006836
11640832,2503.301303166998,0.16715680378843426,0.5777221918106079,,,,,,,,0.0032958984375,2.2322144508361816,0.0012406154746628095,-0.00499146607195654,5.244899272918701
11649024,2504.9721904129983,0.0893226063963366,0.4996704161167145,,,,,,,,0.002197265625,2.270906448364258,0.0011841064983384442,-0.0105373612431185,9.10962200164795
11657216,2506.5805427489977,0.0737069583294098,0.39549562335014343,,,,,,,,0.0042724609375,2.164702892303467,0.0009376463624035658,-0.008080824366418294,37.55567169189453
11665408,2508.227073645001,0.09297109416366893,0.5054687857627869,0.002836304678352053,0.0029934995268480202,0.002127228508764012,333,751.3372535473384,11.25,6.0,0.0029296875,2.1614651679992676,0.0009175156283693919,-0.012929858648517315,12.427367210388184
11673600,2510.599339125998,0.1447470573040393,0.6018432974815369,,,,,,,,0.0028076171875,2.270625352859497,0.0009257211874975635,-0.001200505414176926,2.9411227703094482
11681792,2512.0449575879975,0.08467005659062195,0.3986572325229645,,,,,,,,0.0037841796875,2.1584410667419434,0.001223283388341656,-0.01646467780716623,17.793025970458984
11689984,2513.755599872995,0.04123378283370149,0.26812744140625,,,,,,,,0.0023193359375,2.2208399772644043,0.001356911294066454,-0.018455746704785194,52.12038803100586
11698176,2515.421934414997,0.03817188805133216,0.3411010801792145,,,,,,,,0.0047607421875,2.1691434383392334,0.0015242018046098815,-0.012528014551161702,31.56279945373535
11706368,2517.0586273279987,0.11338431469510493,0.5595459342002869,,,,,,,,0.003173828125,2.2147693634033203,0.0014511728104642518,-0.0021344529645516085,6.802774906158447
11714560,2518.7860413129965,0.05445020207555018,0.38264161348342896,,,,,,,,0.00244140625,2.355694532394409,0.0014479544853229775,-0.018612147947161258,27.588361740112305
11722752,2520.480893406995,0.0649192279567588,0.4316039979457855,,,,,,,,0.005126953125,2.121875286102295,0.0013505083005999063,-0.014366572447642029,18.69286346435547
11730944,2522.1466040259984,0.12513338002461905,0.560546875,0.0023054747984991852,0.0027521785385914432,0.0017291060988744444,333,768.1467714948683,45.150000000000006,6.15,0.001953125,2.2513794898986816,0.0012203163742734446,0.0032494381814387936,18.73360252380371
11739136,2524.507410995,0.1566613438568525,0.6245483756065369,,,,,,,,0.0035400390625,2.314608097076416,0.0011997802941159375,0.009668382881163388,3.2505009174346924
11747328,2525.9466490819977,0.07702505811388638,0.46721193194389343,,,,,,,,0.0037841796875,2.122647523880005,0.0012043798087911783,-0.011337845252912178,12.02781867980957
11755520,2527.659793177998,0.11059564938543352,0.5644165277481079,,,,,,,,0.001953125,2.3509159088134766,0.0013532607028752253,-0.006320669303656413,3.3907089233398438
11763712,2529.422029176996,0.1148967020112594,0.5552124381065369,,,,,,,,0.0050048828125,2.222991466522217,0.0013052885676270165,0.002431135258706747,2.945091962814331
11771904,2531.0904688299997,0.0814932018336787,0.5070434808731079,,,,,,,,0.002197265625,2.2987022399902344,0.001221325060603018,-0.010056457832066877,3.528155565261841
11780096,2532.8548574259985,0.07780748800147114,0.5029541254043579,,,,,,,,0.00244140625,2.4111251831054688,0.00110089549219472,-0.015400082547633212,2.3192503452301025
11788288,2534.7230219999983,0.04068736120832506,0.34412842988967896,,,,,,,,0.0042724609375,2.1117868423461914,0.0010847577249148976,-0.015152450179043181,19.44744300842285
11796480,2536.4673610870013,0.06848693657257847,0.46760255098342896,0.0020183337506718413,0.0020985229985210907,0.0015137503130038255,333,785.1254322774951,43.2,6.15,0.002197265625,2.3882851600646973,0.0011195928755465268,-0.014410166311589796,11.608656883239746
11804672,2538.924919403995,0.057678654015667644,0.3981689512729645,,,,,,,,0.0035400390625,2.2095415592193604,0.0009862774197336721,-0.019117892915517156,12.101418495178223
11812864,2540.333186841999,0.07803969906696816,0.49445801973342896,,,,,,,,0.003173828125,2.2231335639953613,0.001082377771986165,-0.012970852391704752,7.5425615310668945
11821056,2542.033242337995,0.0593714002117167,0.38470458984375,,,,,,,,0.002197265625,2.3457720279693604,0.001025921196382562,-0.016081097303155312,12.228689193725586
11829248,2543.751852526999,0.15872969843171028,0.38856202363967896,,,,,,,,0.0052490234375,2.2923734188079834,0.0012150661585537126,-0.005660922554607169,22.27385902404785
11837440,2545.4635859779955,0.10917394363793918,0.5572509765625,,,,,,,,0.0023193359375,2.310516119003296,0.0011538845613524584,-0.002198463384204002,3.590923309326172
11845632,2547.113460171,0.11989071783578834,0.533337414264679,,,,,,,,0.00341796875,2.4251301288604736,0.0011772900643093331,0.004978534602734487,13.553730964660645
11853824,2548.825933700995,0.0429155276673314,0.357666015625,,,,,,,,0.0050048828125,2.2702136039733887,0.001449635061273602,-0.01728315089611306,27.42536735534668
11862016,2550.493569592996,0.07186550493827619,0.47508546710014343,0.0025184049977263756,0.00248530311677575,0.0018888037482948095,333,760.1779439758332,23.700000000000003,6.15,0.0020751953125,2.3502564430236816,0.0011372130283935356,-0.015262479353541067,8.203987121582031
11870208,2552.8963809579946,0.07434168681119994,0.4261474609375,,,,,,,,0.00390625,2.228771686553955,0.0011326640688468226,-0.012187011464212888,19.947505950927734
11878400,2554.3525585769967,0.2159255623831336,0.5693725943565369,,,,,,,,0.0032958984375,2.2003183364868164,0.001210840842365668,9.142197817321218e-05,6.156832218170166
11886592,2556.0499407280004,0.09655941313432555,0.503466784954071,,,,,,,,0.0023193359375,2.3838090896606445,0.0013121894663904454,-0.010128080814528713,5.884706974029541
11894784,2557.6993127690002,0.10207778735913664,0.541149914264679,,,,,,,,0.004638671875,2.174884557723999,0.0015481615469852272,-0.0032249180255448807,4.639207363128662
11902976,2559.381312352998,0.11043444033317283,0.524340808391571,,,,,,,,0.0029296875,2.346242904663086,0.001528803531016143,-0.011313082024018463,5.83272647857666
11911168,2560.9982771270006,0.08352227325849981,0.4867187440395355,,,,,,,,0.00390625,2.383826732635498,0.001487463482220397,-0.017985777642279988,4.929159164428711
11919360,2562.691131738,0.07460584267730638,0.4657959043979645,,,,,,,,0.0040283203125,2.270493268966675,0.0014612216982328174,-0.008972477153961225,6.52398157119751
11927552,2564.4427997099992,0.05500036962123013,0.40723878145217896,0.0020042126833166307,0.0024888720041398305,0.001503159512487473,333,782.8774715666054,29.1,6.15,0.0028076171875,2.3912620544433594,0.0014363807459925049,-0.018144293044577764,18.666522979736328
11935744,2566.884538774997,0.04555854940598101,0.35881349444389343,,,,,,,,0.004150390625,2.259521484375,0.0012264977582006065,-0.01535607416949536,24.39360237121582
11943936,2568.336370124998,0.043497546671466006,0.3310302793979645,,,,,,,,0.0028076171875,2.266489267349243,0.0011960256929580693,-0.01896389656594377,30.03985595703125
11952128,2569.9822124349957,0.0944259123187839,0.527514636516571,,,,,,,,0.00341796875,2.299433469772339,0.0011613890361386048,-0.010336721201301555,6.8594865798950195
11960320,2571.6695070720016,0.08235233542737548,0.5078125,,,,,,,,0.0040283203125,2.3073525428771973,0.001237196910782501,-0.012968125975573175,7.529784679412842
11968512,2573.3669228090002,0.09553471965557019,0.5404907464981079,,,,,,,,0.0030517578125,2.4871199131011963,0.0012055291506147814,-0.008966453132141212,4.7113261222839355
11976704,2575.0977846519963,0.07332188833383484,0.46782228350639343,,,,,,,,0.0037841796875,2.3231201171875,0.001235495632830319,-0.01040124763795363,14.090277671813965
11984896,2576.793312734,0.09825841718211455,0.484619140625,,,,,,,,0.003662109375,2.41375732421875,0.0011372489424263943,-0.011242116946809946,5.790127754211426
11993088,2578.467664060001,0.10441986336082738,0.5265259146690369,0.0019383170387290427,0.0016628434753659382,0.001453737779046782,333,777.1090699172123,16.5,6.300000000000001,0.003662109375,2.383824586868286,0.0012071683414653922,-0.012687895191824656,4.878549098968506
12001280,2580.791366696998,0.06280381471093492,0.4448486268520355,,,,,,,,0.0029296875,2.431880235671997,0.0011144448733948487,-0.01284420980149636,16.371461868286133
12009472,2582.2442939059983,0.05645658568412552,0.4233154356479645,,,,,,,,0.00341796875,2.332691192626953,0.0009272789559298111,-0.021960396011654757,8.959269523620605
12017664,2583.9167241350005,0.05559610766650924,0.42188721895217896,,,,,,,,0.00439453125,2.3424532413482666,0.0010347620214099518,-0.021494986740608634,11.539031028747559
12025856,2585.6081569829985,0.09080358810020835,0.534008800983429,,,,,,,,0.003173828125,2.3882410526275635,0.0010128814246862516,-0.011542272907238488,4.455100059509277
12034048,2587.3043372009997,0.08795874754902774,0.523510754108429,,,,,,,,0.00390625,2.3890388011932373,0.0010029006262960438,-0.012517644860560069,4.198770046234131
12042240,2589.055785339995,0.06885114333979815,0.44157716631889343,,,,,,,,0.0029296875,2.423309803009033,0.0010095969112470238,-0.014183907603695929,8.990588188171387
12050432,2590.771748080995,0.06648086180380906,0.4332519471645355,,,,,,,,0.00341796875,2.3678438663482666,0.0009002528967100298,-0.017647767310626852,9.061805725097656
12058624,2592.4432484439967,0.07140037562015027,0.39946290850639343,0.0018743539183163627,0.00242221292304845,0.001405765438737272,255,570.7557369664252,29.1,6.15,0.003173828125,2.376622438430786,0.0008504296798751421,-0.013106794082369162,18.68788719177246
12066816,2594.8871501479953,0.06913106232263162,0.4361205995082855,,,,,,,,0.00341796875,2.3615989685058594,0.0008975344839354804,-0.016357559565724503,16.921857833862305
12075008,2596.3389102449946,0.10447527621385161,0.554675281047821,,,,,,,,0.0029296875,2.356886625289917,0.0009182552137246835,-0.010694244523734426,4.453729152679443
12083200,2598.0626988779986,0.20289901275830804,0.563427746295929,,,,,,,,0.004150390625,2.3950095176696777,0.0008061523623121847,0.010847668152613756,7.487995147705078
12091392,2599.7205912499994,0.07988544793725483,0.509814441204071,,,,,,,,0.003173828125,2.4481494426727295,0.0010468842492751262,-0.015921380225910716,4.962082862854004
12099584,2601.3817333459956,0.07810572422838652,0.4866699278354645,,,,,,,,0.0030517578125,2.4345736503601074,0.0011177125421220069,-0.0128590224726874,6.850938320159912
12107776,2603.057930953997,0.13390709956332222,0.48151856660842896,,,,,,,,0.00341796875,2.3699872493743896,0.0010240045329182879,-0.0050395831005297575,6.23369836807251
12115968,2604.798248141,0.07113411440581197,0.47246095538139343,,,,,,,,0.0037841796875,2.4625020027160645,0.000979591047182149,-0.01158010446503503,6.308356761932373
12124160,2606.459443644999,0.0786109082788738,0.48780518770217896,0.001596353452988919,0.0019271010515449216,0.001197265089741717,333,809.0649048961241,11.55,6.15,0.0040283203125,2.4743919372558594,0.0009847260015527493,-0.012112433517323704,6.726222515106201
12132352,2608.8287931099985,0.09684642732745918,0.539318859577179,,,,,,,,0.00244140625,2.383780002593994,0.0008600298468508516,-0.007900177934366101,2.7731499671936035
12140544,2610.335592999996,0.06789114751641012,0.4724487364292145,,,,,,,,0.0037841796875,2.4162425994873047,0.0008432289809456872,-0.01335157836194135,4.565605163574219
12148736,2611.9423890659964,0.12460682747111551,0.5168701410293579,,,,,,,,0.003173828125,2.3610734939575195,0.0009581137864963507,-0.0073816095156568895,3.274853467941284
12156928,2613.6806830279966,0.07363145457856157,0.4962402284145355,,,,,,,,0.0029296875,2.5026133060455322,0.0009367784844098725,-0.01626962537436036,3.318072557449341
12165120,2615.3257587219996,0.06962622703927801,0.4779296815395355,,,,,,,,0.003662109375,2.366887092590332,0.000878820580244577,-0.013462193394418294,3.5702037811279297
12173312,2616.997212764996,0.07401011128093822,0.4933715760707855,,,,,,,,0.00341796875,2.506112575531006,0.0007273606418322087,-0.013117051447523327,3.585191488265991
12181504,2618.6991592560007,0.06940488506143953,0.4632934629917145,,,,,,,,0.0029296875,2.4577512741088867,0.000786660050720589,-0.01141247924636871,5.137272834777832
12189696,2620.3907379209995,0.06270332006793417,0.3725219666957855,0.0014795186655599535,0.0020530690805159457,0.0011096389991699374,333,816.565767522351,49.800000000000004,6.15,0.0035400390625,2.351849317550659,0.0008344165161804362,-0.020096796154199195,8.976889610290527
12197888,2622.7481093479946,0.0703110716279544,0.4658569395542145,,,,,,,,0.002685546875,2.4354050159454346,0.0008053763794686475,-0.01991047976996259,4.573373794555664
12206080,2624.418551718998,0.07226064534245394,0.4728759825229645,,,,,,,,0.003662109375,2.4473462104797363,0.000834075677466295,-0.01842683818842447,3.6825897693634033
12214272,2626.1863072889973,0.07827272512633583,0.4917846620082855,,,,,,,,0.0035400390625,2.4546048641204834,0.0008311913701599671,-0.012776878477043885,5.320211887359619
12222464,2627.9100912509966,0.10152506056624606,0.4683837890625,,,,,,,,0.002685546875,2.3913443088531494,0.0007796189700346456,-0.014250914022427265,4.361077308654785
12230656,2629.526561834995,0.07011474236957099,0.4534912109375,,,,,,,,0.00390625,2.3686492443084717,0.0007744214225222645,-0.017667554026398514,7.118967533111572
12238848,2631.1567655120016,0.09185679378702019,0.5231079459190369,,,,,,,,0.003173828125,2.401933431625366,0.000951691811068911,-0.012002488851077861,4.142764568328857
12247040,2632.768578491996,0.07761379084574997,0.4822143614292145,,,,,,,,0.0028076171875,2.4370579719543457,0.0009703200106863097,-0.006476046075743855,9.358687400817871
12255232,2634.4449388270004,0.09601184749841171,0.5220093131065369,0.0015851135729919585,0.0018719712098684838,0.0011888351797439967,333,807.1039853383043,24.75,6.300000000000001,0.003662109375,2.2900638580322266,0.0009032282088539123,-0.016180778422854605,2.999354839324951
12263424,2636.855267141,0.08793773488960013,0.52252197265625,,,,,,,,0.0029296875,2.467794895172119,0.000947635545901715,-0.006982609728851655,3.475543260574341
12271616,2638.3841742649965,0.09920330461449493,0.5001220703125,,,,,,,,0.00390625,2.521249532699585,0.0008899906114838707,-0.007213835763805263,5.0077900886535645
12279808,2640.0612386430003,0.09222230430926064,0.45811769366264343,,,,,,,,0.0032958984375,2.3558971881866455,0.0008299597975803819,-0.01407861068346835,5.688229560852051
12288000,2641.6782603129977,0.06833300668682012,0.4385131895542145,,,,,,,,0.003173828125,2.5581846237182617,0.0009652575115177697,-0.02199160150367343,6.5996575355529785
12296192,2643.395991018995,0.13611973051519385,0.48460695147514343,,,,,,,,0.0045166015625,2.4449703693389893,0.000941475696060734,-0.007886863844543578,5.696258068084717
12304384,2645.0670265419976,0.0729048056499624,0.47014161944389343,,,,,,,,0.0025634765625,2.4703516960144043,0.0007328773080644835,-0.013889732591384353,6.304482936859131
12312576,2646.7370752360002,0.07267957797479992,0.4712890684604645,,,,,,,,0.0035400390625,2.4669418334960938,0.0006842779722635584,-0.01445507088139794,6.122852802276611
12320768,2648.444095121995,0.0626515358114089,0.4220214784145355,0.001479636204992807,0.0018194744861770307,0.0011097271537445774,333,819.8227551605567,38.400000000000006,6.15,0.0040283203125,2.4804134368896484,0.000757309169634901,-0.01845490885330277,8.773432731628418
12328960,2650.890390362001,0.043962882511858384,0.38032227754592896,,,,,,,,0.0042724609375,2.5217792987823486,0.0008322238509348434,-0.020987184465067334,20.93871307373047
12337152,2652.344390277998,0.0882065990345031,0.5174194574356079,,,,,,,,0.0025634765625,2.4327425956726074,0.0008001556542330812,-0.011582425300007047,6.686389446258545
12345344,2654.0540768249994,0.15305604354317734,0.4251708984375,,,,,,,,0.0040283203125,2.4931321144104004,0.0008922926502423767,-0.011577041455727277,23.690481185913086
12353536,2655.7867370859967,0.07422744516226276,0.4521850645542145,,,,,,,,0.0035400390625,2.3109989166259766,0.0008787696949050794,-0.008089387437980714,22.07805061340332
12361728,2657.4234953869964,0.10245154926844818,0.526232898235321,,,,,,,,0.0035400390625,2.4210033416748047,0.0009431959848476001,-0.004943696918100721,20.91465187072754
12369920,2659.1357731399985,0.08372116020021828,0.5116211175918579,,,,,,,,0.004638671875,2.5186767578125,0.0009454338501604376,-0.01099339205915358,16.817411422729492
12378112,2660.878115970001,0.12165691645524551,0.5709228515625,,,,,,,,0.0025634765625,2.4860448837280273,0.0008305447559484591,-0.0013990131400469508,4.174989223480225
12386304,2662.548927470998,0.1324712645135692,0.47913819551467896,0.00152692418681466,0.001809945338533736,0.0011451931401109672,292,693.3977062140273,42.900000000000006,6.15,0.0035400390625,2.565749168395996,0.0008325056629489014,-0.01453520780534428,7.877673625946045
12394496,2664.8908771689967,0.1436714045270687,0.49079591035842896,,,,,,,,0.0042724609375,2.398599863052368,0.0008661511499719055,-0.015126993689005615,5.629724025726318
12402688,2666.3870645169955,0.08539443329345536,0.50531005859375,,,,,,,,0.00341796875,2.5690298080444336,0.0008662702222935748,-0.00463498678833935,6.752601623535156
12410880,2668.0528315949996,0.058583483526164076,0.4112182557582855,,,,,,,,0.0042724609375,2.41520094871521,0.00082591294000256,-0.014477782913224045,14.229519844055176
12419072,2669.714213948995,0.09312116705778431,0.529467761516571,,,,,,,,0.0030517578125,2.568237543106079,0.0008039835648271376,-0.009439653727976366,6.030328273773193
12427264,2671.427572609995,0.10583370186386887,0.47905275225639343,,,,,,,,0.00390625,2.4157979488372803,0.0007714492219178526,-0.010435534168559019,6.20522928237915
12435456,2673.129674898999,0.07719938006727729,0.4995483458042145,,,,,,,,0.0040283203125,2.466618776321411,0.0007100089071767623,-0.011988399271655629,7.1660356521606445
12443648,2674.7656112959958,0.11558373497217385,0.5594848990440369,,,,,,,,0.0029296875,2.5151822566986084,0.0008063344915139048,-0.004423502412933089,3.425497055053711
12451840,2676.4505487689967,0.09222200117908505,0.510266125202179,0.0016812856422870892,0.002240391674231512,0.0012609642317152892,333,796.2624683609654,49.5,6.15,0.0037841796875,2.506718397140503,0.000982384485714527,-0.009100835657869585,4.8285956382751465
12460032,2678.8528703959964,0.03205597640299627,0.26258546113967896,,,,,,,,0.003173828125,2.381362199783325,0.0009752287855953057,-0.01843071902863058,42.12112045288086
12468224,2680.284076101998,0.07350631493194541,0.4651122987270355,,,,,,,,0.0035400390625,2.3329615592956543,0.0009989068916578248,-0.01938836768518261,8.107365608215332
12476416,2682.005850982998,0.0844407441225945,0.49213868379592896,,,,,,,,0.0035400390625,2.4090354442596436,0.0009704016571936425,-0.007282547233388673,21.1868839263916
12484608,2683.7996709869985,0.10665656491237635,0.49614259600639343,,,,,,,,0.0040283203125,2.4768590927124023,0.0009439111731958105,-0.013048705939187938,7.756410121917725
12492800,2685.485361136998,0.09530665940336325,0.522082507610321,,,,,,,,0.0032958984375,2.506119728088379,0.0009595788544325412,-0.009957657203511765,4.929224491119385
12500992,2687.1061441259953,0.05049192688280553,0.35682374238967896,,,,,,,,0.0035400390625,2.405329465866089,0.0007863480675375234,-0.01844167753484024,25.74543571472168
12509184,2688.8151654030007,0.08079932818876785,0.4603027403354645,,,,,,,,0.0037841796875,2.5249812602996826,0.0007808652493817014,-0.011662746847662771,11.684511184692383
12517376,2690.4364506119964,0.13023277832198116,0.5735229849815369,0.001463014512825822,0.0018987967895962576,0.0010972608846193665,333,818.0755989339099,39.6,6.15,0.00390625,2.4230246543884277,0.0008062155465982102,-0.0011035543919104664,5.221431255340576
12525568,2692.8341563700014,0.0742450293973084,0.42854005098342896,,,,,,,,0.003173828125,2.454287528991699,0.0009394482364437629,-0.012054346193693347,20.47549819946289
12533760,2694.2785577760005,0.12859773650429715,0.576977550983429,,,,,,,,0.00439453125,2.4442224502563477,0.0009008632453284537,0.0004929443408404479,3.7999610900878906
12541952,2695.9375980619952,0.12747531915405338,0.5542236566543579,,,,,,,,0.0030517578125,2.5793073177337646,0.0008663136325700593,-0.0026142685660904144,4.465890884399414
12550144,2697.614143063998,0.07863958050512623,0.43634033203125,,,,,,,,0.0040283203125,2.553136110305786,0.0007097019888591127,-0.007308197185466172,23.060575485229492
12558336,2699.3110916689984,0.08644491488365448,0.51904296875,,,,,,,,0.0037841796875,2.6110544204711914,0.0006804278507468453,-0.01133125448230137,5.028626441955566
12566528,2700.9565097899977,0.07333283288241539,0.45551759004592896,,,,,,,,0.003662109375,2.6139345169067383,0.0006471975113386819,-0.011113649426325409,16.58085060119629
12574720,2702.635221605,0.05437883648414807,0.42145997285842896,,,,,,,,0.0042724609375,2.5817337036132812,0.0006632216171184036,-0.01666813001734636,17.274011611938477
12582912,2704.3047370509958,0.11002105128620193,0.506762683391571,0.0013556162673470373,0.002100765572730867,0.0010167122005102502,333,813.9525964010729,9.15,6.300000000000001,0.0037841796875,2.5824201107025146,0.0008958233128912862,-0.006461450082254867,6.809220790863037
12591104,2706.6561234529945,0.10358342300033914,0.548229992389679,,,,,,,,0.00390625,2.60805606842041,0.0008437947863308981,-0.004369962983849117,4.310092449188232
12599296,2708.1173426099995,0.06487512548995054,0.4142089784145355,,,,,,,,0.0030517578125,2.448380947113037,0.0007713356702777618,-0.015399894180056628,12.707125663757324
12607488,2709.898202254997,0.0728872680292076,0.45000001788139343,,,,,,,,0.0035400390625,2.4764108657836914,0.000755561214731526,-0.013901444715659917,9.764996528625488
12615680,2711.5776777659994,0.07329091047128192,0.47648927569389343,,,,,,,,0.00341796875,2.4396533966064453,0.0007744388979061823,-0.011455461453045082,16.058135986328125
12623872,2713.2847509119965,0.11280755111488726,0.55303955078125,,,,,,,,0.0035400390625,2.4722037315368652,0.000808734794507604,-0.008304690601083842,4.197818279266357
12632064,2714.9334184789986,0.10294084844067686,0.53533935546875,,,,,,,,0.0035400390625,2.4525299072265625,0.0007576248353901027,-0.009372390265848312,5.17523717880249
12640256,2716.6537470740004,0.05359866902325268,0.4215454161167145,,,,,,,,0.003173828125,2.5486056804656982,0.0007620108271243486,-0.017828107085512503,17.96289825439453
12648448,2718.346953084001,0.11204734412378836,0.534106433391571,0.0013754131093985933,0.0027185162006146957,0.001031559832048945,333,812.8689019854423,13.950000000000001,6.300000000000001,0.004150390625,2.4455924034118652,0.0007378215623673468,-0.006596578825404068,4.35693359375
12656640,2720.6789361979972,0.0642001279770079,0.43488770723342896,,,,,,,,0.0032958984375,2.5362720489501953,0.0007112431178974976,-0.01512805815738838,17.58078384399414
12664832,2722.183770247,0.08862783882723542,0.511401355266571,,,,,,,,0.0035400390625,2.558772563934326,0.0006879563101802599,-0.006916913826121979,7.3343505859375
12673024,2723.8482606350008,0.08930743322534014,0.5243286490440369,,,,,,,,0.0032958984375,2.542489528656006,0.0007775810596694077,-0.010114604425506808,3.8536911010742188
12681216,2725.5425133229946,0.07873189086865205,0.49699708819389343,,,,,,,,0.003662109375,2.5562989711761475,0.0006639722255854519,-0.010855705994483654,4.532333850860596
12689408,2727.1820266649956,0.06915424583348574,0.46843263506889343,,,,,,,,0.003173828125,2.532214641571045,0.0006560430704856124,-0.01649325799943745,6.1970624923706055
12697600,2728.863626958999,0.07897671212668941,0.48334962129592896,,,,,,,,0.0040283203125,2.680824041366577,0.0007012138936000056,-0.009260870421171814,5.782561779022217
12705792,2730.592055809,0.07273556852540304,0.48223876953125,,,,,,,,0.003662109375,2.604661226272583,0.0007738854625198854,-0.011900124619574504,4.581318378448486
12713984,2732.224140913,0.07882022084042778,0.49456787109375,0.0014083559625410746,0.0021405075382723293,0.0010562669719058615,145,283.7174247154944,21.6,6.300000000000001,0.0040283203125,2.741947889328003,0.0005870228844491177,-0.008867180468482254,5.80668830871582
12722176,2734.6584554750007,0.10271792391779569,0.434814453125,,,,,,,,0.004150390625,2.499077081680298,0.0006404308320888674,-0.016172592002703025,8.85567569732666
12730368,2736.151510400996,0.06258205463103109,0.4342895448207855,,,,,,,,0.0032958984375,2.592087984085083,0.0006262800378614708,-0.018208842708822958,8.615262031555176
12738560,2737.841682505001,0.0841988374725957,0.4681030213832855,,,,,,,,0.00439453125,2.6293420791625977,0.0007373079212206202,-0.009895060121603037,10.958697319030762
12746752,2739.447485646997,0.08299737557169776,0.5001587271690369,,,,,,,,0.0037841796875,2.716261863708496,0.000680776046924958,-0.010061077437582484,5.916553020477295
12754944,2741.1361862429985,0.11964801163503479,0.514477550983429,,,,,,,,0.0029296875,2.576075315475464,0.000697757965530954,-0.007393690214774378,4.338326930999756
12763136,2743.3923059149965,0.08593358617208718,0.4896240234375,,,,,,,,0.0035400390625,2.496506929397583,0.000569815172491106,-0.006818441350831073,4.985991954803467
12771328,2745.166557796001,0.0680918402496589,0.4399780333042145,,,,,,,,0.0042724609375,2.6859612464904785,0.0005767661182799477,-0.02073914956919814,7.44805383682251
12779520,2747.0292921169967,0.07023990992928096,0.48516845703125,0.00101837553505435,0.0013667740022411667,0.0007637816512907625,295,726.0586491499632,11.55,6.300000000000001,0.00341796875,2.6865291595458984,0.0005338254356792582,-0.011646895552646955,5.581494331359863
12787712,2749.622967548996,0.06965395394965249,0.4723266661167145,,,,,,,,0.003662109375,2.5721242427825928,0.0005102996211188149,-0.011698856468863967,7.092105865478516
12795904,2751.1932154199967,0.08686095994784795,0.514819324016571,,,,,,,,0.003173828125,2.6222591400146484,0.0004891734153888994,-0.006850501565040053,3.6431305408477783
12804096,2753.1085804899994,0.05780912522234526,0.43394777178764343,,,,,,,,0.004150390625,2.6218624114990234,0.0005436740254904926,-0.01825276750675227,8.98607063293457
12812288,2754.8459056189968,0.07608932407822254,0.48704835772514343,,,,,,,,0.0030517578125,2.607980728149414,0.0005595624631166141,-0.01714872070655581,5.39285135269165
12820480,2756.603192400995,0.07752596763875225,0.4985717833042145,,,,,,,,0.0035400390625,2.625185489654541,0.0006068363164486446,-0.013418196121152179,4.72357702255249
12828672,2758.396192521999,0.06696816195114501,0.4615478515625,,,,,,,,0.00439453125,2.698568105697632,0.0005879458367219481,-0.015984393195514254,5.164025783538818
12836864,2760.2009444419964,0.06777697837811927,0.4755493104457855,,,,,,,,0.00341796875,2.709611654281616,0.0005342812938997632,-0.0154229131931097,4.580593109130859
12845056,2761.947426492996,0.06417920616259014,0.46177980303764343,0.000908876648154533,0.0013685019418993027,0.0006816574861159275,333,864.6732967239493,22.05,6.300000000000001,0.004150390625,2.803868293762207,0.0005228357746003276,-0.017036179681148077,6.356900215148926
12853248,2764.5443490519974,0.07232521497485654,0.47484132647514343,,,,,,,,0.0037841796875,2.687934398651123,0.0005062031222827779,-0.014529849904903015,5.3876752853393555
12861440,2766.1479449639955,0.07753782430348444,0.4842285215854645,,,,,,,,0.0040283203125,2.769183397293091,0.0005624849214939109,-0.01428691396561267,7.15331506729126
12869632,2768.0432467339997,0.06433955767867743,0.3936767578125,,,,,,,,0.003662109375,2.645310640335083,0.0005378076468076642,-0.02106300737081387,12.272381782531738
12877824,2769.865735223997,0.06548160480813091,0.44981691241264343,,,,,,,,0.0029296875,2.4863362312316895,0.0005851227800840464,-0.015278836831148375,8.184775352478027
12886016,2771.921965661997,0.09063952879796977,0.5118164420127869,,,,,,,,0.003173828125,2.5277204513549805,0.0005706819890253234,-0.010066201018530391,4.434411525726318
12894208,2773.773577558997,0.06905542744423653,0.4020752012729645,,,,,,,,0.00341796875,2.4810659885406494,0.0006527454999245563,-0.014118580588915375,17.296194076538086
12902400,2775.5253476459984,0.05437489797437285,0.4094482362270355,,,,,,,,0.00439453125,2.5917673110961914,0.0005950838786366042,-0.016806305212147463,14.327471733093262
12910592,2777.2290247069977,0.04422522352021384,0.30845949053764343,0.0010489216424846015,0.0014537437952117926,0.0007866912318634789,333,833.4106988627807,46.050000000000004,6.300000000000001,0.002685546875,2.530668258666992,0.0005929533309700918,-0.01572250371184939,35.82358932495117
12918784,2779.9844170139986,0.08237382715435548,0.49378663301467896,,,,,,,,0.0030517578125,2.5120561122894287,0.0006101799042583789,-0.016153298139210032,5.476806640625
12926976,2781.6077023239995,0.09648198350843876,0.525524914264679,,,,,,,,0.0037841796875,2.403794527053833,0.0006485355958796291,-0.0031885689212498725,6.0570292472839355
12935168,2783.3453413109964,0.09713088863201068,0.533618152141571,,,,,,,,0.0030517578125,2.550762891769409,0.0006482295132499427,-0.008145937697282958,3.296862840652466
12943360,2785.1021779329967,0.07303080415362047,0.4154907166957855,,,,,,,,0.0035400390625,2.5220298767089844,0.0006173053544716867,-0.011607916994119673,16.90753746032715
12951552,2786.8274888809974,0.0747355153140443,0.4665161073207855,,,,,,,,0.003173828125,2.5317578315734863,0.0006181696098459533,-0.01431143081678512,10.133058547973633
12959744,2788.751749156996,0.0982233326217154,0.526782214641571,,,,,,,,0.0032958984375,2.6083574295043945,0.0006204188317420201,-0.009989702796769258,4.478565216064453
12967936,2790.7282369899985,0.09981612865166467,0.5226806998252869,,,,,,,,0.0040283203125,2.556001663208008,0.000627812071300804,-0.0070816048853545276,5.557528972625732
12976128,2792.8352953239955,0.07832736910670358,0.49700927734375,0.0010413376399458496,0.0013482751378477431,0.0007810032299593317,333,853.5603309220392,40.5,6.300000000000001,0.0035400390625,2.664661169052124,0.0006922207985011752,-0.01178618112037131,5.074944972991943
12984320,2795.493861571995,0.08302411769562827,0.50994873046875,,,,,,,,0.0030517578125,2.577361822128296,0.0006112964668616439,-0.011594618808989566,3.233715534210205
12992512,2797.0243466449974,0.1501753506049188,0.506176769733429,,,,,,,,0.00390625,2.440396547317505,0.0006201367938083457,-0.005397318476535425,3.276459217071533
13000704,2799.1248403599966,0.10563701030633604,0.4750122129917145,,,,,,,,0.002685546875,2.6460959911346436,0.0006128118719019859,-0.00876630514743185,9.3885498046875
13008896,2800.946343521995,0.04359499467384505,0.36029052734375,,,,,,,,0.00341796875,2.4520938396453857,0.0005629618336652209,-0.023786485687156283,9.430445671081543
13017088,2802.7099012239996,0.07231317339821385,0.47416993975639343,,,,,,,,0.003173828125,2.5529308319091797,0.0006719160155718162,-0.019432158535168116,6.121948719024658
13025280,2804.579813726996,0.07447033361830462,0.48955079913139343,,,,,,,,0.0032958984375,2.5301828384399414,0.0006304400246872621,-0.01690365210896081,3.2935612201690674
13033472,2806.4004386369998,0.0800543373575806,0.4787231385707855,,,,,,,,0.003662109375,2.533463478088379,0.0005746168795496276,-0.012620377322522093,4.936583995819092
13041664,2808.1487230380008,0.05403095755262404,0.40690919756889343,0.0010521976786409537,0.0012423420343112834,0.0007891482589806875,333,841.784787605954,9.3,6.300000000000001,0.0029296875,2.548861265182495,0.0005773054743409833,-0.018422201778194983,8.770453453063965
13049856,2810.7869066939966,0.07682170939708088,0.491943359375,,,,,,,,0.0030517578125,2.4882941246032715,0.0005044282031902991,-0.00986750946638874,5.19678258895874
13058048,2812.230927564997,0.08728887090233446,0.5137085318565369,,,,,,,,0.0035400390625,2.5044264793395996,0.0005871740821488114,-0.014619543707566952,4.274517059326172
13066240,2813.8844827899957,0.08946658740378868,0.521374523639679,,,,,,,,0.0035400390625,2.5527737140655518,0.0006010598799767175,-0.011214767809068417,3.1170384883880615
13074432,2815.6643058659974,0.0754043527021159,0.47509765625,,,,,,,,0.0025634765625,2.5038585662841797,0.0006367456815055128,-0.009980010661434564,5.024507999420166
13082624,2817.5343532219995,0.08267006707739255,0.5088867545127869,,,,,,,,0.0040283203125,2.5804789066314697,0.0005920411604595222,-0.00862169833321813,3.4468305110931396
13090816,2819.3706048050008,0.06807925591786328,0.47077637910842896,,,,,,,,0.0029296875,2.6015357971191406,0.000629924114014857,-0.017325929043314894,3.750293493270874
13099008,2821.123041398001,0.06916052383834322,0.46778565645217896,,,,,,,,0.00390625,2.540850877761841,0.0005916558393583848,-0.015115761154676725,3.4800689220428467
13107200,2822.937057833995,0.05277167012657178,0.40229493379592896,0.0008883532712632425,0.001937461487721781,0.0006662649534474596,333,838.9041979563426,9.15,6.300000000000001,0.0032958984375,2.5538108348846436,0.0005479255555431717,-0.012949778486698227,20.17920684814453
13115392,2825.6697859049964,0.08686631755920236,0.501782238483429,,,,,,,,0.00244140625,2.598620891571045,0.0005066518942015152,-0.012086347652725603,4.316780090332031
13123584,2827.028232987999,0.07345507020199482,0.4913696348667145,,,,,,,,0.004638671875,2.5020453929901123,0.0004922531325831647,-0.019646573432541052,3.6629998683929443
13131776,2828.360374733995,0.08009341270666206,0.4977172911167145,,,,,,,,0.0025634765625,2.581085205078125,0.0005827669394263824,-0.01500555692076367,2.723665952682495
13139968,2829.860816356995,0.07168687878194475,0.47552490234375,,,,,,,,0.00341796875,2.5213840007781982,0.0005448302666096749,-0.01669164303897398,2.7872416973114014
13148160,2831.283769032998,0.05202021430091678,0.3730224668979645,,,,,,,,0.0032958984375,2.504147529602051,0.0004791468842784141,-0.012982226133099184,19.80144691467285
13156352,2832.750419311,0.06972170526216748,0.38151857256889343,,,,,,,,0.0035400390625,2.68601655960083,0.0004331444880696367,-0.017528322544208535,22.87735366821289
13164544,2834.1699144410013,0.07584207978148941,0.48328858613967896,,,,,,,,0.003173828125,2.462763786315918,0.00040289435224016845,-0.020263587907410875,3.4903266429901123
13172736,2835.567387294999,0.1079181160033722,0.521899402141571,0.0009633479400669165,0.0008934668908092691,0.0007225109550501596,333,855.0396820437863,49.35,6.300000000000001,0.00341796875,2.58841609954834,0.0006422280361054744,-0.013041874425925304,3.3327808380126953
13180928,2837.7004443049955,0.07431387713563802,0.43756103515625,,,,,,,,0.00341796875,2.57901668548584,0.0006556829254869001,-0.009566120627475118,6.909553527832031
13189120,2839.0244198869987,0.07178387093796135,0.45164796710014343,,,,,,,,0.003173828125,2.5159261226654053,0.0005524910568905916,-0.011173795968086993,16.83855628967285
13197312,2840.3370056290005,0.09428133059087679,0.48094484210014343,,,,,,,,0.0037841796875,2.6281306743621826,0.0005390282570179039,-0.014569883460640054,6.290914058685303
13205504,2841.760924450995,0.07110022587886235,0.45758056640625,,,,,,,,0.003173828125,2.566276788711548,0.0005152911365459145,-0.010965020612251597,7.7678375244140625
13213696,2843.1466102470004,0.08689801744809834,0.50347900390625,,,,,,,,0.0028076171875,2.6044321060180664,0.000525869489819919,-0.011128956232723647,3.206207752227783
13221888,2844.5539008839987,0.09609248918341946,0.45311281085014343,,,,,,,,0.0037841796875,2.4300873279571533,0.0006537995641000549,-0.005570688704721451,9.938819885253906
13230080,2845.9908368210017,0.0336269240612982,0.2721313536167145,,,,,,,,0.0029296875,2.523531436920166,0.0005766195581438094,-0.021779785143559362,21.24537467956543
13238272,2847.429568943997,0.04851801647102173,0.3951416015625,0.0009321806082438489,0.001191597409610834,0.0006991354561829421,333,849.282596511689,25.35,6.300000000000001,0.00341796875,2.473231554031372,0.0006022102663009177,-0.019613830965616853,10.418437957763672
13246464,2849.4788456899987,0.0433444189842095,0.3524414002895355,,,,,,,,0.0037841796875,2.5049304962158203,0.0004832871119454518,-0.0180711364237686,29.71064567565918
13254656,2850.726928518001,0.09199736680681717,0.5235595703125,,,,,,,,0.0032958984375,2.628568649291992,0.0005425807938792548,-0.01414390001911161,5.525484561920166
13262848,2852.0171132379983,0.08631450116411683,0.514025866985321,,,,,,,,0.0035400390625,2.5424277782440186,0.0005208207137462617,-0.008593731059680884,6.51692533493042
13271040,2853.440651416,0.08408009036833129,0.4842773377895355,,,,,,,,0.0029296875,2.6017749309539795,0.00048750734653668637,-0.01186859568784953,4.7297258377075195
13279232,2854.877362241001,0.0730860739863239,0.4784301817417145,,,,,,,,0.0040283203125,2.6056206226348877,0.0005083502873797219,-0.0073228692163282445,13.772549629211426
13287424,2856.2699978730016,0.10108078895442932,0.551989734172821,,,,,,,,0.0030517578125,2.602907180786133,0.0004985911036996526,-0.007245848310037032,2.9720704555511475
13295616,2857.6994029189955,0.07076104144726017,0.46751710772514343,,,,,,,,0.003662109375,2.6762919425964355,0.0005147014433262154,-0.012730447713033423,7.046055793762207
13303808,2859.0776285679967,0.07565634449020908,0.485595703125,0.0006685292773642715,0.0007380414952083969,0.0005013969580232036,268,680.0290835864106,25.5,6.300000000000001,0.0037841796875,2.6312525272369385,0.0005022242596607329,-0.0130445615186833,7.085048198699951
13312000,2861.1172290350005,0.07443319968938107,0.43995362520217896,,,,,,,,0.0029296875,2.719461679458618,0.0004992253276521197,-0.017258770525549146,7.605689525604248
13320192,2862.4548675299957,0.08533721440985116,0.4902587831020355,,,,,,,,0.0047607421875,2.6438045501708984,0.0005133468947464692,-0.00932955190669346,7.434608459472656
13328384,2863.754369160997,0.0720823007774037,0.3588012754917145,,,,,,,,0.0035400390625,2.8027632236480713,0.0005342671270395227,-0.015347494301339921,29.247358322143555
13336576,2865.140023052001,0.027221506340455066,0.24300538003444672,,,,,,,,0.0032958984375,2.647367238998413,0.0005158078637471641,-0.02187616247055992,49.87058639526367
13344768,2866.5214135439965,0.09081162137965455,0.516247570514679,,,,,,,,0.0037841796875,2.5268054008483887,0.0005404942693661985,-0.010592054653456667,6.079629421234131
13352960,2867.927598153001,0.10192046972761176,0.5412842035293579,,,,,,,,0.00341796875,2.6296498775482178,0.0005240665276537992,-0.008877105224567802,4.666027545928955
13361152,2869.350880910999,0.08275826075123292,0.48771974444389343,,,,,,,,0.00390625,2.5429399013519287,0.0005057335503662053,-0.010171151516621044,5.462905406951904
13369344,2870.7555021189983,0.07229086530382896,0.4739746153354645,0.0008939111522043852,0.0009446717324528286,0.0006704333641532889,333,865.5257895729351,37.800000000000004,6.300000000000001,0.002685546875,2.67507266998291,0.0005044366713164994,-0.017429486003464164,6.262460708618164
13377536,2872.7803647159963,0.053826247007930796,0.4119506776332855,,,,,,,,0.0035400390625,2.5351462364196777,0.0004651595484419513,-0.02173016134113505,12.122965812683105
13385728,2874.0930167900005,0.08448130330945725,0.5058838129043579,,,,,,,,0.0032958984375,2.518299102783203,0.0005118274284146018,-0.011684199829331715,3.80022931098938
13393920,2875.375417766998,0.035617177357383414,0.34765625,,,,,,,,0.003173828125,2.632305860519409,0.0004992195906984298,-0.019447077452611417,22.932790756225586
13402112,2876.7389583319964,0.06559141628487641,0.4556030333042145,,,,,,,,0.0040283203125,2.4496777057647705,0.0004465062899114969,-0.017256590160899584,9.3495512008667
13410304,2878.1367267509995,0.08030194550341473,0.4641967713832855,,,,,,,,0.001953125,2.5971662998199463,0.00047204065109551774,-0.009386032244644954,11.576797485351562
13418496,2879.5211344639974,0.04066283355802869,0.26588135957717896,,,,,,,,0.004150390625,2.437701940536499,0.0005871356358957414,-0.019955533961450944,59.951210021972656
13426688,2880.8617580329956,0.09014648915777364,0.51629638671875,,,,,,,,0.0029296875,2.380614757537842,0.0005983983432267248,-0.016250510359884236,9.00877857208252
13434880,2882.304563533995,0.10796853716005256,0.555957019329071,0.0010858260182005086,0.0021727798935212705,0.000814369513650437,333,825.3182937417355,39.300000000000004,6.300000000000001,0.0029296875,2.4969773292541504,0.0005887066997891655,-0.011485465830847676,4.08660364151001
13443072,2884.6872737789963,0.10823274991989738,0.5179687738418579,,,,,,,,0.00341796875,2.4693048000335693,0.0005355783785406798,-0.010053418198237421,3.4419777393341064
13451264,2885.9993517420007,0.08105267237225923,0.50921630859375,,,,,,,,0.0028076171875,2.562317132949829,0.000622167866404788,-0.01218563751775935,3.7354183197021484
13459456,2887.302750242001,0.07485712638723527,0.49260255694389343,,,,,,,,0.0040283203125,2.487454891204834,0.0006447054056430979,-0.012417578358723579,3.4228477478027344
13467648,2888.649306567,0.06776143884485673,0.47368165850639343,,,,,,,,0.0028076171875,2.5218095779418945,0.0005283635550999977,-0.015396091795723788,3.022446393966675
13475840,2890.197665934,0.22074651343723073,0.48646241426467896,,,,,,,,0.0035400390625,2.5574684143066406,0.000504573398816266,-0.011062728873797374,3.7099244594573975
13484032,2891.9403473139973,0.07431027411876699,0.4856201112270355,,,,,,,,0.0030517578125,2.5702672004699707,0.0004946671235863676,-0.013815926693604475,3.5102078914642334
13492224,2893.8287774909986,0.0649705890127339,0.4584594666957855,,,,,,,,0.002685546875,2.5798733234405518,0.0006022893157273668,-0.016379222865531933,3.559715747833252
13500416,2895.639453512995,0.05026527889209036,0.36436769366264343,0.001112967204060178,0.0012049545604808642,0.0008347254030451889,333,854.1285854885207,40.650000000000006,6.300000000000001,0.00341796875,2.456171989440918,0.000636031320608188,-0.015837351299913798,17.48076820373535
13508608,2898.190675990001,0.06127020025454908,0.43925783038139343,,,,,,,,0.003662109375,2.532815933227539,0.0005472821734026079,-0.019952158019914096,5.973715305328369
13516800,2899.8176804329996,0.03293224341914687,0.2613525390625,,,,,,,,0.0042724609375,2.591364622116089,0.00041855856437678085,-0.021430065101396403,38.3075065612793
13524992,2901.526187326999,0.0751241898055072,0.48771974444389343,,,,,,,,0.003173828125,2.6038060188293457,0.0004003878767407931,-0.013995855035980566,4.721800327301025
13533184,2903.2090079779955,0.08292129572914064,0.50164794921875,,,,,,,,0.003173828125,2.5833442211151123,0.0003760632328535518,-0.015459957183271995,3.9535248279571533
13541376,2905.0092008770007,0.06900659378065808,0.4573730528354645,,,,,,,,0.003173828125,2.5522730350494385,0.0006087535156487078,-0.01944658943912546,5.906259059906006
13549568,2906.669438758996,0.07197154726617253,0.4909912049770355,,,,,,,,0.0045166015625,2.66192626953125,0.0005867091982211248,-0.011743106066789312,4.5448174476623535
13557760,2908.3123808039963,0.0781574505358837,0.498779296875,,,,,,,,0.00244140625,2.605530023574829,0.0005993361624374582,-0.011449558474737293,3.1796460151672363
13565952,2910.163210515995,0.0700299039522892,0.4547485411167145,0.0008245170352247921,0.0008815531063484094,0.0006183877764185386,248,615.9174497257065,28.5,6.300000000000001,0.004638671875,2.682142734527588,0.0005284334125977841,-0.018314219382574548,5.565853595733643
13574144,2914.0458333189963,0.07280578793359585,0.4749755859375,,,,,,,,0.002685546875,2.516535520553589,0.00046422227300479957,-0.013442217757724601,3.4820785522460938
13582336,2915.7635006739947,0.07264119221485686,0.4795898497104645,,,,,,,,0.00341796875,2.7327544689178467,0.00045142308376633355,-0.014090863106227642,4.246103763580322
13590528,2917.5018886519974,0.07196230995667424,0.48798829317092896,,,,,,,,0.0035400390625,2.610919952392578,0.00048648730707234744,-0.016277105164124117,3.527068853378296
13598720,2919.1765002039974,0.062251178539332,0.4391113221645355,,,,,,,,0.003662109375,2.669100761413574,0.00042022496463278713,-0.020972896633778423,5.878864765167236
13606912,2920.9818095029987,0.028213392760426725,0.27861329913139343,,,,,,,,0.003173828125,2.6051535606384277,0.0005467205539838593,-0.02072424449891039,35.4124870300293
13615104,2922.8105111439945,0.06062124574537878,0.4384399354457855,,,,,,,,0.0037841796875,2.62459397315979,0.0005618829157021388,-0.024719987076927064,9.502321243286133
13623296,2924.6714242939997,0.08801333381150407,0.5001465082168579,,,,,,,,0.0037841796875,2.4912381172180176,0.0005822090871114849,-0.01480236196779512,5.296864986419678
13631488,2926.7057885709946,0.05949872696950832,0.40911865234375,0.0008042297740373794,0.0015488052931961205,0.000603172330527979,333,872.2981225811369,36.0,6.300000000000001,0.004150390625,2.7658748626708984,0.0005733369998118798,-0.02098279597903866,9.571093559265137
13639680,2929.863736854997,0.07275671521673342,0.4826416075229645,,,,,,,,0.0035400390625,2.5978212356567383,0.000607357896296401,-0.0120125761865327,6.09426736831665
13647872,2931.590251536996,0.08153257436204174,0.4730468690395355,,,,,,,,0.00341796875,2.7150754928588867,0.0005730336501494904,-0.007730873326935075,9.578446388244629
13656064,2933.466386893997,0.06517725810929553,0.45245361328125,,,,,,,,0.005126953125,2.7280960083007812,0.0005322424688221083,-0.016975226026328907,10.475150108337402
13664256,2935.028438219997,0.11585119572771133,0.534313976764679,,,,,,,,0.001953125,2.587498188018799,0.000528091240743267,-0.004999849744623297,5.089485168457031
13672448,2936.814651601999,0.11453011358403008,0.4524169862270355,,,,,,,,0.0032958984375,2.5976133346557617,0.0004511858333897667,-0.011782159269065446,15.053337097167969
13680640,2938.5573098640016,0.11742916181947732,0.523669421672821,,,,,,,,0.00390625,2.389174461364746,0.0004988342150722413,-0.011384320631423063,4.838530540466309
13688832,2940.3592847170003,0.09549833463044154,0.528369128704071,,,,,,,,0.002685546875,2.6622321605682373,0.0006768609785084978,-0.008719842155515967,3.08594012260437
13697024,2942.1074206159974,0.06635288525322211,0.468994140625,0.0012913769236898576,0.0015014714918551997,0.0009685326927674209,333,827.6114216604293,37.65,6.300000000000001,0.0040283203125,2.424111843109131,0.0007659677695344147,-0.013807514548910362,10.199437141418457
13705216,2944.725543474,0.08379493771059235,0.5111450552940369,,,,,,,,0.003173828125,2.5403530597686768,0.0008510542942639088,-0.013555006349883186,4.2640910148620605
13713408,2946.280390781998,0.07401616926842236,0.48876953125,,,,,,,,0.00341796875,2.650972366333008,0.0008468918189724617,-0.015187010037639335,3.8323864936828613
13721600,2948.2065308050005,0.07239106784762432,0.46180421113967896,,,,,,,,0.00439453125,2.539821147918701,0.0008660808542926279,-0.01480899390572617,5.576348781585693
13729792,2950.142564943999,0.07568729747098374,0.49421387910842896,,,,,,,,0.0015869140625,2.554356813430786,0.000796833377340822,-0.014612897097809384,2.8324856758117676
13737984,2952.1927894409964,0.08112335168289067,0.48491212725639343,,,,,,,,0.00439453125,2.388728141784668,0.0007736040081953721,-0.014259561099699898,3.107881546020508
13746176,2954.3900591549973,0.07066384130214064,0.4825805723667145,,,,,,,,0.0030517578125,2.512998104095459,0.0008952488383309198,-0.011839374662114153,3.5635383129119873
13754368,2956.315112404998,0.06550813942551015,0.4678100645542145,,,,,,,,0.00244140625,2.5655078887939453,0.0008431966312653083,-0.01748605850722426,2.786360502243042
13762560,2958.0498903400003,0.05810269771417782,0.3714843690395355,0.0011853555877459065,0.001137037337129665,0.0008890166908094299,333,842.3606111877931,46.650000000000006,6.300000000000001,0.0047607421875,2.469425678253174,0.000845785457233017,-0.02195103135356131,8.250665664672852
13770752,2960.9452665360004,0.07188901026052263,0.4772705137729645,,,,,,,,0.00244140625,2.5153613090515137,0.0007612009613247039,-0.01746593827489867,3.356245517730713
13778944,2962.444947097996,0.07955261742895531,0.4650024473667145,,,,,,,,0.003662109375,2.5417935848236084,0.00073643145147817,-0.005350143697632018,6.492337226867676
13787136,2964.2438474299997,0.04596979412398962,0.33586427569389343,,,,,,,,0.004150390625,2.534262180328369,0.0007543972178216674,-0.019310199599912592,11.114191055297852
13795328,2965.898288477001,0.07950917973601779,0.50225830078125,,,,,,,,0.003173828125,2.6022324562072754,0.0007578016190651349,-0.011865233567287045,3.7179927825927734
13803520,2967.6137315489977,0.08131413849317803,0.5039306879043579,,,,,,,,0.00341796875,2.423936605453491,0.0007770683993272298,-0.012243619491962954,2.080153703689575
13811712,2969.3572189510014,0.07488038283162753,0.4894165098667145,,,,,,,,0.00341796875,2.488764524459839,0.0007621674810032175,-0.015316053043084725,3.0869336128234863
13819904,2971.1801433479995,0.07813659561588548,0.4189697206020355,,,,,,,,0.0032958984375,2.510711193084717,0.0008451059941261274,-0.01332472390058071,7.242721080780029
13828096,2973.089330101997,0.07173386642175676,0.470947265625,0.0012319897007998515,0.001482582940331656,0.0009239922755999164,333,837.1190050712996,47.85,6.15,0.0032958984375,2.4971542358398438,0.0007333438232987044,-0.01286936422319393,3.7412078380584717
13836288,2975.876528943001,0.08103603296314688,0.4933105409145355,,,,,,,,0.0032958984375,2.571223020553589,0.0007082693139817131,-0.010787343533564954,3.6463966369628906
13844480,2977.390487965,0.06768506098427732,0.47142335772514343,,,,,,,,0.0040283203125,2.552999258041382,0.0007457550239868826,-0.015650256404253188,3.4773175716400146
13852672,2979.3137280739975,0.046035559510757974,0.34028321504592896,,,,,,,,0.002685546875,2.4703288078308105,0.0007395557656935114,-0.018486201394804856,13.151455879211426
13860864,2981.0042191199973,0.08406786136439931,0.49822998046875,,,,,,,,0.0028076171875,2.505703926086426,0.0008214290353003584,-0.014577718332552048,3.4727108478546143
13869056,2983.158652605998,0.09217185350719989,0.49372559785842896,,,,,,,,0.004150390625,2.328214645385742,0.0007912949483649401,-0.01122223701749657,3.2843148708343506
13877248,2985.2399831449948,0.07591121585635234,0.500500500202179,,,,,,,,0.0023193359375,2.600482225418091,0.0007639576693356798,-0.011599582304735427,3.1103692054748535
13885440,2987.303183147,0.15591343850831493,0.501232922077179,,,,,,,,0.0037841796875,2.5104031562805176,0.0007061697677122059,-0.008527356268592285,3.166720151901245
13893632,2989.571169944,0.04824378080673455,0.37153321504592896,0.0012394118517563557,0.0013060265388641357,0.0009295588888172945,333,828.4037446432806,22.05,6.300000000000001,0.0042724609375,2.4933664798736572,0.0007959606430385513,-0.0154187047974137,20.111358642578125
13901824,2992.9316723750017,0.07563287380141953,0.48883056640625,,,,,,,,0.00244140625,2.5924553871154785,0.0007285519020985287,-0.013556661882798646,2.716780424118042
13910016,2994.634145240998,0.05588880947055365,0.40892335772514343,,,,,,,,0.0040283203125,2.424466848373413,0.000847654235179518,-0.01262338807557633,12.889816284179688
13918208,2996.6527387530004,0.09785198134932926,0.5072998404502869,,,,,,,,0.0023193359375,2.443887948989868,0.0008364349810431326,-0.010765278483244321,2.8437561988830566
13926400,2998.894012083001,0.07911624938297054,0.49567872285842896,,,,,,,,0.003173828125,2.459606409072876,0.0008231965491741766,-0.012594450535646168,2.526013135910034
13934592,3002.5723822930013,0.06606511679717106,0.44537353515625,,,,,,,,0.0047607421875,2.507242202758789,0.0008211633315491351,-0.011719749644839145,5.140526294708252
13942784,3005.968016373001,0.06943190833917114,0.47044679522514343,,,,,,,,0.002197265625,2.4615283012390137,0.0008688257955400402,-0.015970410550124627,2.4370102882385254
13950976,3008.2140571810014,0.05716231683787503,0.38465577363967896,,,,,,,,0.0040283203125,2.504824161529541,0.0007927259203234227,-0.013760827385377357,13.87664794921875
13959168,3010.4546598809975,0.05385625322739971,0.41191408038139343,0.0015260961369826243,0.001682917395504524,0.001144572102736996,333,815.0406444484022,25.650000000000002,6.15,0.0030517578125,2.390439510345459,0.0007530664315328339,-0.01992815449649231,6.175279140472412
13967360,3013.826701909995,0.065086896776071,0.42431640625,,,,,,,,0.002685546875,2.4933581352233887,0.0008167800384129009,-0.016274993395168243,7.72280740737915
13975552,3015.9941137189962,0.11246350072229253,0.534899890422821,,,,,,,,0.0040283203125,2.3745346069335938,0.0007700845684782687,0.0017642286425851514,3.7440037727355957
13983744,3018.3447420329976,0.12241494151904492,0.533007800579071,,,,,,,,0.001953125,2.466447114944458,0.0008150431001440195,-0.009683404737800981,2.159780979156494
13991936,3020.392599809995,0.0817613647239197,0.504809558391571,,,,,,,,0.0035400390625,2.504234790802002,0.0009656942217453057,-0.009344003584802188,2.157865285873413
14000128,3022.5391730699994,0.07831542227235096,0.4971069395542145,,,,,,,,0.0040283203125,2.324514389038086,0.0008827284242653999,-0.011882738963862695,2.0885415077209473
14008320,3024.6476741149963,0.05780977849770137,0.42554932832717896,,,,,,,,0.0018310546875,2.5848026275634766,0.0008391258036193339,-0.016493490594807782,4.585750579833984
14016512,3026.7968624999994,0.07918962450598593,0.4771484434604645,,,,,,,,0.004150390625,2.3254144191741943,0.0008152709062063668,-0.016044889781331468,2.55967116355896
14024704,3028.9524030269968,0.058262708062848056,0.43602296710014343,0.0011944672128002543,0.0018115406059817651,0.0008958504096001629,333,837.372406524257,13.950000000000001,6.15,0.00244140625,2.382507801055908,0.0008077822688890013,-0.01217427565779881,6.954143047332764
14032896,3032.199393925999,0.06615300408372184,0.45964357256889343,,,,,,,,0.0029296875,2.5233314037323,0.0008117274226340232,-0.01964956784839746,2.6073033809661865
14041088,3034.0705032999977,0.0684250360653731,0.43242189288139343,,,,,,,,0.0042724609375,2.307830572128296,0.0007495383313206316,-0.010603360648947048,5.1299147605896
14049280,3036.1565086759947,0.0650476305913294,0.45856934785842896,,,,,,,,0.0018310546875,2.6220855712890625,0.0007615397269113977,-0.018464935942617916,3.688302993774414
14057472,3038.168645795995,0.10910560757224552,0.516711413860321,,,,,,,,0.0037841796875,2.389350175857544,0.0008178634272462126,-0.009954729677214315,1.6131795644760132
14065664,3040.3102676400013,0.04112715443557578,0.33500978350639343,,,,,,,,0.0030517578125,2.3596153259277344,0.0007977206336620135,-0.015180038852820134,21.879764556884766
14073856,3042.471307474996,0.08019685100695857,0.47355958819389343,,,,,,,,0.0028076171875,2.5634829998016357,0.0007834344699272355,-0.015686940761004804,3.10163950920105
14082048,3044.602932599999,0.06751141978378594,0.4698242247104645,,,,,,,,0.003662109375,2.3410894870758057,0.000768910614719398,-0.012029633679277894,3.746690511703491
14090240,3046.727442479998,0.08141341152747744,0.4855590760707855,0.0012210806677922514,0.0020089505265630248,0.0009158105008442163,333,829.199301179094,43.95,6.15,0.0018310546875,2.511399984359741,0.0007205768865876649,-0.009142980920203237,3.6104767322540283
14098432,3050.086857893999,0.08674347128890694,0.4940429627895355,,,,,,,,0.0035400390625,2.4168970584869385,0.0007283893324536717,-0.014673825295223104,2.4628443717956543
14106624,3051.9632425249947,0.04313115203902689,0.26715087890625,,,,,,,,0.0040283203125,2.3618478775024414,0.0006870551561273253,-0.013976048912197626,56.29543685913086
14114816,3054.0966035070014,0.07186374677510521,0.46087646484375,,,,,,,,0.001953125,2.4921412467956543,0.0006704712780913891,-0.01866942331868504,3.7716903686523438
14123008,3056.0194555199996,0.04066314861296904,0.35626220703125,,,,,,,,0.0045166015625,2.3781633377075195,0.0007276005722138823,-0.011095166808731557,24.09779167175293
14131200,3058.099259014998,0.08829331765925486,0.4735473692417145,,,,,,,,0.002685546875,2.4148855209350586,0.0008551661854123704,-0.012469982450393331,5.01974630355835
14139392,3060.1877645150016,0.05468814254658325,0.39971923828125,,,,,,,,0.0030517578125,2.4161784648895264,0.0008797231234869418,-0.012532854881297987,22.717069625854492
14147584,3062.235229341997,0.04384407120833596,0.38438722491264343,,,,,,,,0.0040283203125,2.262936592102051,0.0008215160605982152,-0.020710715613283852,15.10453987121582
14155776,3064.3571416829946,0.09382309089286715,0.5118164420127869,0.0012616964079986692,0.0013802279305590304,0.0009462723059989742,333,823.4088605520647,14.4,6.15,0.001953125,2.4784953594207764,0.000754768742710854,-0.015008405433079769,5.428018093109131
14163968,3067.6583496870007,0.12058493672145394,0.5592285394668579,,,,,,,,0.00390625,2.363584280014038,0.0007775346355500812,-0.002704927073484072,2.94138503074646
14172160,3069.5744039909987,0.09690595459895113,0.5333008170127869,,,,,,,,0.003173828125,2.390110731124878,0.0008230703764660063,-0.00772738194921489,2.747849225997925
14180352,3071.809952534997,0.08248482367194844,0.520129382610321,,,,,,,,0.0028076171875,2.5178871154785156,0.0007667307641419097,-0.011784537595652778,1.799092173576355
14188544,3073.7709244049984,0.07333032900297774,0.46979981660842896,,,,,,,,0.0037841796875,2.399958610534668,0.0006831524596067062,-0.01147917600697909,3.314229726791382
14196736,3075.922407975995,0.0629245297780891,0.44554445147514343,,,,,,,,0.0020751953125,2.5642356872558594,0.0006272870722046076,-0.019633575121328864,2.788187026977539
14204928,3077.9418558899997,0.058054307190987246,0.422119140625,,,,,,,,0.003662109375,2.462658405303955,0.0006857959566182181,-0.01653355584289469,6.193138122558594
14213120,3080.621388243999,0.0734618961186734,0.46312257647514343,,,,,,,,0.003662109375,2.4150924682617188,0.0007414468083893899,-0.018238976621947196,3.6369378566741943
14221312,3083.1986473610013,0.09569339295230805,0.48419189453125,0.0010520992881897229,0.00128710476021765,0.0007890744661422922,333,842.8457073139687,49.5,6.300000000000001,0.0023193359375,2.5667757987976074,0.0007668143471677435,-0.018712656220980114,2.569719076156616
14229504,3086.5146763209996,0.07578510520065465,0.48817139863967896,,,,,,,,0.004150390625,2.4007632732391357,0.0007327370542998812,-0.01599685008077633,2.61811900138855
14237696,3088.2755621530014,0.04639956796117905,0.25792238116264343,,,,,,,,0.00244140625,2.3998007774353027,0.0004949568753518374,-0.015804078291911324,46.59992218017578
14245888,3090.320302508,0.01416005347130071,0.12783204019069672,,,,,,,,0.003662109375,2.3761162757873535,0.0005253760621728443,-0.01747074889346479,122.16613006591797
14254080,3092.2384112709988,0.013355590922397381,0.15883789956569672,,,,,,,,0.0042724609375,2.1313774585723877,0.00048017058335314555,-0.017064338815895464,120.9801254272461
14262272,3094.337699029995,0.043586911121608396,0.36274415254592896,,,,,,,,0.00244140625,2.2410948276519775,0.0006200472013131453,-0.009845270122947112,27.918685913085938
14270464,3096.4426520769994,0.02102841761048399,0.22012940049171448,,,,,,,,0.00341796875,2.337616205215454,0.0006806735466138303,-0.016990682726914116,68.1816177368164
14278656,3098.5050189589965,0.0468485022790071,0.3915161192417145,,,,,,,,0.0037841796875,2.39292573928833,0.0006707225160580421,-0.010245288110560606,28.907779693603516
14286848,3100.566668296997,0.10437161841115959,0.5193237662315369,0.0009664249449187201,0.0010275368689152131,0.0007248187086890123,333,852.8327835988305,27.75,6.300000000000001,0.003173828125,2.575108766555786,0.0005232692164409691,-0.01121683684834097,9.581169128417969
14295040,3103.9308764029993,0.13035956717658945,0.59027099609375,,,,,,,,0.003173828125,2.4879207611083984,0.0005972584172915241,0.0007526810151853485,3.5398175716400146
14303232,3105.640336076998,0.09589576107634551,0.522717297077179,,,,,,,,0.0030517578125,2.513892650604248,0.00060225227452404,-0.004530927086158271,5.172759532928467
14311424,3107.6818176789966,0.07034483654672925,0.44978028535842896,,,,,,,,0.003173828125,2.508759021759033,0.0005525333478390015,-0.008375833590594546,13.225494384765625
14319616,3109.6413755469985,0.107669853468289,0.550280749797821,,,,,,,,0.003173828125,2.417418956756592,0.0005023792564055052,-0.009581814808964133,3.278226613998413
14327808,3111.708753605999,0.1618484707210901,0.523913562297821,,,,,,,,0.002685546875,2.4942140579223633,0.0006738310643265022,-0.013002199423846087,3.1715261936187744
14336000,3113.817973034995,0.08517793440584036,0.5146240592002869,,,,,,,,0.00341796875,2.3921995162963867,0.0007211458270751647,-0.014424091488579689,2.1081185340881348
14344192,3115.9989907319978,0.03415581485556849,0.29974365234375,,,,,,,,0.0025634765625,2.4382030963897705,0.0008028315433160627,-0.0174138635984658,31.871435165405273
14352384,3118.5315631580015,0.05558809441883686,0.40522462129592896,0.0012923380891134428,0.0016562823697438,0.0009692535668350821,333,814.9691373416779,40.2,6.15,0.0030517578125,2.374620199203491,0.0008046372107757271,-0.016950810001773006,18.59747886657715
14360576,3121.8618781479963,0.08224155855364433,0.4941772520542145,,,,,,,,0.0035400390625,2.3811142444610596,0.0007911145400276709,-0.013102468428564438,5.020982265472412
14368768,3123.692723670996,0.08168582213948355,0.4836059510707855,,,,,,,,0.0029296875,2.4057931900024414,0.0008836306142130379,-0.0009256873123665633,24.49860954284668
14376960,3126.033563361001,0.07052189547908926,0.4591430723667145,,,,,,,,0.0037841796875,2.459838390350342,0.0007017241128979279,-0.017796853737559737,5.639506816864014
14385152,3128.028998927999,0.09147751577942441,0.50933837890625,,,,,,,,0.0030517578125,2.38232159614563,0.0007056070433366646,-0.009389376084477496,4.973574638366699
14393344,3130.1241174089955,0.09878440012526456,0.5307861566543579,,,,,,,,0.0028076171875,2.443222761154175,0.0006862291895936012,-0.009914526829011719,2.188558340072632
14401536,3132.1910819019977,0.07665839376916789,0.45958253741264343,,,,,,,,0.00341796875,2.423907995223999,0.0008042411074236089,-0.010417544643843604,5.203381538391113
14409728,3134.6376177929997,0.07010124690782085,0.46734619140625,,,,,,,,0.002685546875,2.462216377258301,0.0007794827073125399,-0.017330924209874417,3.314800977706909
14417920,3136.7943296640005,0.05069016379411735,0.3665527403354645,0.0010898860696590962,0.0013437120664225866,0.0008174145522443776,333,838.1407364941404,32.1,6.15,0.0030517578125,2.441415548324585,0.000698455347960425,-0.02425389401200707,8.084502220153809
14426112,3140.372053645995,0.0815259126849382,0.4971557557582855,,,,,,,,0.003662109375,2.344822645187378,0.0007573623087671066,-0.013647250975000092,2.6699750423431396
14434304,3142.251753304001,0.07952459993543458,0.49858400225639343,,,,,,,,0.0023193359375,2.477316379547119,0.0007863013324025392,-0.016523127747503277,2.117666721343994
14442496,3144.3011903539955,0.07554897504600838,0.49365234375,,,,,,,,0.003662109375,2.3798258304595947,0.0007591909126908325,-0.016102756614552845,1.970864176750183
14450688,3146.3398029870004,0.07380388429295828,0.46867677569389343,,,,,,,,0.002685546875,2.4428188800811768,0.0007765040477599738,-0.005001528310734677,20.834646224975586
14458880,3148.349278212001,0.07803021753821626,0.504504382610321,,,,,,,,0.0029296875,2.4923417568206787,0.0006538035154695088,-0.010949376449477789,2.5165774822235107
14467072,3150.40527345,0.09103833464922004,0.5027099847793579,,,,,,,,0.0037841796875,2.366485595703125,0.0007780500506653354,-0.013389958335791936,2.5202081203460693
14475264,3152.774826522,0.06700426167383876,0.47819826006889343,,,,,,,,0.0023193359375,2.4938931465148926,0.0007815059972293703,-0.020411188891491086,2.1871957778930664
14483456,3155.0274059090007,0.06999565146097951,0.47650146484375,0.0010562234994001551,0.001374933698394587,0.0007921676245501441,333,835.3837911112952,39.300000000000004,6.15,0.0035400390625,2.4318037033081055,0.0007949853522615236,-0.018940254634865785,2.097156524658203
14491648,3159.954229309995,0.057880440186609365,0.4088501036167145,,,,,,,,0.00341796875,2.458249568939209,0.0007187923910838556,-0.022287263329428125,4.186317443847656
14499840,3162.655232748999,0.07223368132624229,0.4120849668979645,,,,,,,,0.002685546875,2.4725608825683594,0.0007108830770443664,-0.015633467623941716,4.38226842880249
14508032,3165.4225568859983,0.05398100074498542,0.41258546710014343,,,,,,,,0.00341796875,2.4223711490631104,0.000582035383732471,-0.014515107476517764,6.763974189758301
14516224,3167.5339254619976,0.12382986904535397,0.43580323457717896,,,,,,,,0.0029296875,2.5054826736450195,0.0005599101527546946,-0.009319513815422958,6.316102981567383
14524416,3169.5815124309956,0.05344925268615472,0.413330078125,,,,,,,,0.0035400390625,2.468839645385742,0.0005548223558313747,-0.016918461583389412,8.531859397888184
14532608,3171.8423488219996,0.02209798981770531,0.21560059487819672,,,,,,,,0.003173828125,2.3664345741271973,0.000673932262316268,-0.01966912535130648,43.20754623413086
14540800,3173.955526965001,0.04444667095978311,0.37139892578125,,,,,,,,0.003173828125,2.4014229774475098,0.000646071190504971,-0.017437679073441834,16.67754554748535
14548992,3176.030605230997,0.07279725005328674,0.4784179627895355,0.0009643362914473208,0.0016297567081936526,0.0007232522185854906,333,848.9168414065944,49.2,6.15,0.0035400390625,2.3312509059906006,0.0006133114073365586,-0.017187122710426047,7.353116035461426
14557184,3179.2527855000008,0.04902864889420379,0.34373781085014343,,,,,,,,0.0025634765625,2.4392809867858887,0.0006571522653019413,-0.012527132620515458,29.678876876831055
14565376,3181.053496665001,0.12468860163113762,0.572253406047821,,,,,,,,0.003173828125,2.4259119033813477,0.0006368079459941889,-0.005814457024966446,3.1567490100860596
14573568,3183.2041776379992,0.02818464962722436,0.28468018770217896,,,,,,,,0.00341796875,2.4050607681274414,0.0006107710091867169,-0.017763614269105582,43.138057708740234
14581760,3185.1587891739982,0.0865008780799811,0.507250964641571,,,,,,,,0.0028076171875,2.478994369506836,0.0005639037902105404,-0.014626584968702309,6.118138790130615
14589952,3187.2297653969945,0.07214325074578656,0.41472169756889343,,,,,,,,0.004150390625,2.4290404319763184,0.0007312722039907182,-0.004639283923613922,24.894601821899414
14598144,3189.5091004200003,0.050647117932853924,0.3644653260707855,,,,,,,,0.0025634765625,2.4205517768859863,0.000683450947304598,-0.00924341834529434,57.56797409057617
14606336,3191.881032243,0.05567334144385927,0.40894776582717896,,,,,,,,0.003662109375,2.374997138977051,0.0006208428308981384,-0.007045062571222862,48.18208312988281
14614528,3194.377757467999,0.1701614944476631,0.614208996295929,0.0013493601247654974,0.0011076471104167762,0.0010120200935741508,333,819.6672129642637,11.55,6.15,0.0029296875,2.3602495193481445,0.0006855963500327356,0.002088377032627699,3.4914658069610596
14622720,3197.9635037650005,0.1161801091643024,0.5635986328125,,,,,,,,0.0028076171875,2.504321575164795,0.0007463969860832531,-0.0043825179680525945,5.474148750305176
14630912,3199.605179400998,0.0732141218025755,0.47760009765625,,,,,,,,0.0032958984375,2.393618106842041,0.0008611658049461068,-0.003867985721277084,32.14326095581055
14639104,3201.856387121996,0.11968464634069385,0.554150402545929,,,,,,,,0.0029296875,2.451089382171631,0.0008610172370318026,-0.002988166588780788,2.8518662452697754
14647296,3203.9813620319983,0.07498732760765066,0.4634155333042145,,,,,,,,0.003662109375,2.4326469898223877,0.0008348647256847253,-0.0036375941209450947,31.337060928344727
14655488,3205.9645253739945,0.09911200606708476,0.5219360589981079,,,,,,,,0.0035400390625,2.3993098735809326,0.0008355462877224218,-0.007890278541532245,2.8124935626983643
14663680,3208.0252504449963,0.030868958561411447,0.2987914979457855,,,,,,,,0.00244140625,2.4905171394348145,0.0007977900800767435,-0.016093852105763924,36.58869934082031
14671872,3210.197706589999,0.06715494231226396,0.42213135957717896,,,,,,,,0.0035400390625,2.3081846237182617,0.0007903869043328626,-0.009216759433261926,19.853900909423828
14680064,3212.32891425,0.05298414400364546,0.3150634765625,0.0014592013969182416,0.001785473998707543,0.0010944010476886534,333,832.5115124619279,49.5,6.15,0.0030517578125,2.4223527908325195,0.0008126660944013375,-0.011589226740838527,43.986915588378906
14688256,3216.2614617729996,0.12300537006570714,0.5404297113418579,,,,,,,,0.0030517578125,2.4445667266845703,0.0007919278865535784,-0.00023269688241872884,6.322109222412109
14696448,3218.0389479149962,0.11609479577042406,0.576428234577179,,,,,,,,0.0037841796875,2.3769094944000244,0.0007588923297999761,0.0032994958004170815,2.6705455780029297
14704640,3220.146164395999,0.10721924807044514,0.554675281047821,,,,,,,,0.0023193359375,2.4860520362854004,0.0007227159084270962,-0.0024406994522963078,2.130740165710449
14712832,3222.177130979995,0.09522797215640923,0.35850831866264343,,,,,,,,0.0047607421875,2.453486919403076,0.0008638363542496919,-0.009727148490861273,18.047151565551758
14721024,3224.242437918998,0.08733824888894665,0.4780517518520355,,,,,,,,0.002685546875,2.3960018157958984,0.0008482937126934598,-0.016782697353743166,4.612307071685791
14729216,3226.373206926997,0.0936256453890191,0.4762206971645355,,,,,,,,0.0023193359375,2.5179097652435303,0.0007571504200070134,-0.01776131352695856,3.5696144104003906
14737408,3228.531449393995,0.08541509002147846,0.49989014863967896,,,,,,,,0.004150390625,2.3433923721313477,0.0007528026274982169,-0.013612882632811175,2.8396244049072266
14745600,3230.928328025999,0.046570621615378074,0.35875245928764343,0.0010668045782998847,0.0011202057368386864,0.0008001034337249413,333,844.8594800513513,39.150000000000006,6.15,0.0025634765625,2.459562063217163,0.000859367967804836,-0.017654663466102647,18.43647575378418
14753792,3234.479556434999,0.11317039247518249,0.52606201171875,,,,,,,,0.0032958984375,2.4827513694763184,0.0008579482147557105,-0.008313622845080295,2.0353000164031982
14761984,3236.418623851001,0.03924886114151933,0.32708740234375,,,,,,,,0.00390625,2.343712568283081,0.0007259165640937093,-0.019517264623957187,23.082048416137695
14770176,3238.5167116640005,0.06956305177128573,0.47056886553764343,,,,,,,,0.001953125,2.5154008865356445,0.0006265850980716747,-0.020571934282367563,3.5531156063079834
14778368,3240.541669006998,0.05245703430222052,0.40289306640625,,,,,,,,0.0040283203125,2.3048906326293945,0.0006504483152927065,-0.009694256241717826,33.49310302734375
14786560,3242.528159538997,0.06626624223886696,0.4556640684604645,,,,,,,,0.002685546875,2.462242841720581,0.0007675716633441798,-0.012670447408430747,9.24592113494873
14794752,3244.5560587,0.09295566594583715,0.5388427972793579,,,,,,,,0.0023193359375,2.50032377243042,0.0007599870644035001,-0.011970574700504652,2.794518232345581
14802944,3246.5947919539976,0.055655747037984815,0.3517822325229645,,,,,,,,0.0045166015625,2.324843406677246,0.0007954692023659504,-0.012741458988105359,31.072742462158203
14811136,3248.5603666749957,0.04292394491048307,0.35649415850639343,0.0010770834119320227,0.0010533903292234692,0.000807812558949017,333,850.9607478079118,42.900000000000006,6.15,0.0023193359375,2.5291056632995605,0.0007295554081576672,-0.012796063043320628,41.62694549560547
14819328,3251.8605699819964,0.07929931141368521,0.4560546875,,,,,,,,0.0040283203125,2.4642300605773926,0.0007168948755448268,-0.0005335222739218467,11.100783348083496
14827520,3253.7474119809995,0.1467726041693261,0.502307116985321,,,,,,,,0.0029296875,2.3558497428894043,0.0007114813086188665,-0.0033531951483126467,6.751384258270264
14835712,3255.7653553099954,0.13739624986134236,0.55706787109375,,,,,,,,0.00244140625,2.6025354862213135,0.0006407550500235892,-0.0032917208531764146,2.578514814376831
14843904,3257.964394618997,0.08523071925335995,0.47700196504592896,,,,,,,,0.0040283203125,2.3552725315093994,0.0006476963480881448,-0.006907568867076744,5.652765274047852
14852096,3260.123607900001,0.07680252280809155,0.486328125,,,,,,,,0.00244140625,2.480037212371826,0.0006439674034562914,-0.015437529774168058,3.836669921875
14860288,3262.3835618230005,0.029826220427209418,0.22017823159694672,,,,,,,,0.003173828125,2.4794554710388184,0.0007120980227673934,-0.01408396116046379,88.4349136352539
14868480,3264.586303416996,0.1199665385411044,0.48283693194389343,,,,,,,,0.0042724609375,2.340039014816284,0.000647679046651195,-0.005697775919571047,5.9236273765563965
14876672,3266.638537138999,0.09903902178881636,0.54693603515625,0.0013150522287987965,0.0014574502310851223,0.0009862891715990418,333,833.8896595305853,44.25,6.15,0.00146484375,2.5447750091552734,0.0005886567938608867,-0.006642412674499703,2.4448068141937256
14884864,3269.7614515329988,0.09342238034910276,0.530200183391571,,,,,,,,0.0042724609375,2.3128836154937744,0.0006526376616542429,-0.00873500507558655,1.8752602338790894
14893056,3271.6525405059947,0.07433108653410647,0.4823852479457855,,,,,,,,0.002685546875,2.4444613456726074,0.000830356306651181,-0.013142695249732451,2.6091601848602295
14901248,3273.6683792569966,0.07342223007261671,0.4840454161167145,,,,,,,,0.0023193359375,2.5328025817871094,0.0008569078709659284,-0.016030099940894972,2.3784587383270264
14909440,3275.6856717119954,0.07274156329729793,0.48933106660842896,,,,,,,,0.00439453125,2.3393561840057373,0.0006782588696228053,-0.015868862463127686,2.122896671295166
14917632,3277.566085911996,0.06745803117231532,0.47315675020217896,,,,,,,,0.002197265625,2.5235376358032227,0.000734904851368956,-0.015273885316948545,2.160132646560669
14925824,3279.5557258490007,0.0785118457102939,0.4759887754917145,,,,,,,,0.0042724609375,2.464574098587036,0.0007362118027901543,-0.011318386246542701,2.1347739696502686
14934016,3281.5091752929948,0.059183188272324966,0.45018312335014343,,,,,,,,0.002685546875,2.340507984161377,0.0008850207406859711,-0.015571091687597495,2.254627227783203
14942208,3283.505027002,0.06075186796195231,0.45795899629592896,0.001138587149708603,0.001889860659757936,0.0008539403622814801,333,838.2480575990821,26.700000000000003,6.15,0.0023193359375,2.580278158187866,0.0007655246552211725,-0.021963321388297624,2.2131776809692383
14950400,3286.6736927559978,0.06700271118251674,0.45531007647514343,,,,,,,,0.0040283203125,2.2935333251953125,0.0007248954598737534,-0.012562658023452484,2.364189624786377
14958592,3288.5054103509974,0.06352303300906371,0.4569091796875,,,,,,,,0.0023193359375,2.5018372535705566,0.0007671059817317971,-0.017615053386650127,1.8461494445800781
14966784,3290.3828201419965,0.05892497647745962,0.4373413026332855,,,,,,,,0.0035400390625,2.5130345821380615,0.0006042503235901275,-0.020930102451688196,2.279435873031616
14974976,3294.0224069069955,0.060872732082437646,0.40308839082717896,,,,,,,,0.004150390625,2.413743734359741,0.0006332708424743316,-0.01996235210602673,4.895582675933838
14983168,3296.064008782996,0.0655601683079034,0.4386352598667145,,,,,,,,0.00146484375,2.6198790073394775,0.0006340782602975992,-0.014646150713095463,4.0983476638793945
14991360,3298.0460151750012,0.08616974901859908,0.46221923828125,,,,,,,,0.0047607421875,2.3879687786102295,0.000692877744012721,-0.01600759494710878,3.1676177978515625
14999552,3300.100492640995,0.062306607734974956,0.43426513671875,,,,,,,,0.002685546875,2.560946226119995,0.000685806876571049,-0.022259194623724488,3.716864824295044
15007744,3302.0897617299997,0.052812253448468016,0.3972412049770355,0.0015622271852188119,0.001647586105871457,0.0011716703889140812,333,813.5676477656677,19.05,6.15,0.0025634765625,2.526841640472412,0.000699973040648838,-0.020895335058591282,4.817052364349365
15015936,3305.1651617509997,0.07017787813251362,0.44731447100639343,,,,,,,,0.00439453125,2.3511204719543457,0.0007719583905263505,-0.010701437282798761,3.725950002670288
15024128,3307.0971835849996,0.050174481844527025,0.394775390625,,,,,,,,0.002197265625,2.4819228649139404,0.0008504049109423484,-0.012779228526003904,12.047175407409668
15032320,3308.9779288079953,0.06395535661587844,0.43779298663139343,,,,,,,,0.00439453125,2.380769968032837,0.0009077779666496477,-0.007257508669622838,13.11704158782959
15040512,3310.9017269920005,0.07704359144742452,0.41693115234375,,,,,,,,0.0030517578125,2.406546115875244,0.0008434454668242441,-0.02186286953854625,7.273707866668701
15048704,3312.8241889089986,0.058839957598877925,0.4229492247104645,,,,,,,,0.0020751953125,2.488734722137451,0.0009170233111298609,-0.014324709636486466,24.79413604736328
15056896,3314.881290378995,0.064181065423361,0.4397949278354645,,,,,,,,0.005126953125,2.3076329231262207,0.0008313251460254634,-0.008900772353287567,28.563720703125
15065088,3316.908449716,0.116657307204728,0.562121570110321,,,,,,,,0.00244140625,2.4241626262664795,0.0006570628497735154,-0.010665018695479336,2.89455509185791
15073280,3318.887791483001,0.08736378059673061,0.518811047077179,0.0014170331940092096,0.0012816540435298673,0.0010627748955068794,333,829.777263887318,14.850000000000001,6.15,0.0028076171875,2.5080814361572266,0.000695891805763349,-0.01052841698675745,2.073730945587158
15081472,3322.041971742001,0.07768465771280475,0.4811035096645355,,,,,,,,0.00390625,2.3287315368652344,0.0006533984816616822,-0.01726036994365327,3.678791046142578
15089664,3324.002981949001,0.0716675697251873,0.4870971739292145,,,,,,,,0.001953125,2.510049343109131,0.0006328850661314611,-0.0141782620647807,2.613879919052124
15097856,3325.9109792279996,0.07585456972309201,0.45679932832717896,,,,,,,,0.0047607421875,2.418302297592163,0.0007505316222792269,-0.009887671213526867,4.15476655960083
15106048,3327.900458616001,0.058027413303276945,0.39600831270217896,,,,,,,,0.0023193359375,2.4549789428710938,0.0007825902292190046,-0.010849050538447508,19.822572708129883
15114240,3329.730279108997,0.0713702444536585,0.44792482256889343,,,,,,,,0.002685546875,2.600158452987671,0.0007251845130078483,-0.024165654407451265,4.176883697509766
15122432,3331.675005664998,0.08399125425270831,0.48771974444389343,,,,,,,,0.00439453125,2.27388596534729,0.0006937658207686326,-0.014162116400055685,3.828016996383667
15130624,3333.6801488799974,0.08820322413460291,0.516247570514679,,,,,,,,0.002197265625,2.5233213901519775,0.0007927219123690099,-0.012145481878098954,2.7088887691497803
15138816,3335.7015069659974,0.04978655089444857,0.3736816346645355,0.0008819480790753786,0.0018042321444031728,0.000661461059306534,333,849.1998458949488,38.400000000000006,6.15,0.0040283203125,2.4160547256469727,0.0006538883621374225,-0.014225741476258595,20.22089958190918
15147008,3338.751738630999,0.07159106925724071,0.45979005098342896,,,,,,,,0.0032958984375,2.4360315799713135,0.0006632628979410526,-0.015483063379181879,4.816941261291504
15155200,3340.6727670440014,0.08505531227989578,0.509765625,,,,,,,,0.002197265625,2.6336896419525146,0.0006198102761896251,-0.007437090877324429,2.0483827590942383
15163392,3342.621913434996,0.05058282659117133,0.34796142578125,,,,,,,,0.0045166015625,2.396859645843506,0.0005957006059758019,-0.009842701414185244,35.588356018066406
15171584,3344.6314806750015,0.0809600877184526,0.48505860567092896,,,,,,,,0.0025634765625,2.6246721744537354,0.0005552615928400284,-0.00937375399754113,3.6158368587493896
15179776,3346.461195908996,0.08084687222128423,0.5042968988418579,,,,,,,,0.0029296875,2.559973955154419,0.0006254691380115363,-0.016378188052463393,2.3176944255828857
15187968,3348.392809197998,0.0841781364500198,0.509753406047821,,,,,,,,0.003662109375,2.406904458999634,0.0006718139948771462,-0.00939687663907901,2.240304708480835
15196160,3350.4071958819986,0.0677642006438346,0.47056886553764343,,,,,,,,0.0023193359375,2.585696220397949,0.0006098811541688232,-0.014768728476434054,2.0397634506225586
15204352,3352.489328623,0.07521865082428923,0.47602540254592896,0.0008908003023908595,0.0015158560107713104,0.0006681002267932001,333,858.583824645907,11.55,6.15,0.004150390625,2.4400792121887207,0.0006070092444998565,-0.015625729278271532,2.0940775871276855
15212544,3355.5335824119975,0.039287808387727344,0.33721923828125,,,,,,,,0.002685546875,2.6131701469421387,0.0005611158179896769,-0.021019633085460857,10.19581127166748
15220736,3357.3936460350014,0.040608748699380026,0.3301635682582855,,,,,,,,0.0023193359375,2.6098523139953613,0.0004683872531987543,-0.015698010236650305,18.447240829467773
15228928,3359.2879489639963,0.021692452497721042,0.23165284097194672,,,,,,,,0.0048828125,2.4627363681793213,0.000506260645338763,-0.016237894430372306,65.61127471923828
15237120,3361.2764295499946,0.08700909610329177,0.48259279131889343,,,,,,,,0.0020751953125,2.530729055404663,0.0004580105341764895,-0.009997669798592443,3.5996017456054688
15245312,3363.146874320999,0.10389131429064331,0.5240478515625,,,,,,,,0.00390625,2.575942039489746,0.000588959029644176,-0.008756276633045564,2.8730411529541016
15253504,3365.212333345,0.07732254053595465,0.49273681640625,,,,,,,,0.0035400390625,2.453242778778076,0.0005763541210708212,-0.004859925451600145,10.133469581604004
15261696,3367.1724205369974,0.10481773036097009,0.4880737364292145,,,,,,,,0.0018310546875,2.645969867706299,0.0006425837319681271,-0.01692545598645152,2.669773817062378
15269888,3369.2658217450007,0.08213206018579648,0.4444946348667145,0.0009510228315534608,0.0009837736396024477,0.0007132671236651511,333,862.0925647695414,33.15,6.15,0.00439453125,2.4123141765594482,0.0005672158395444438,-0.011711415611313317,4.488998889923096
15278080,3372.1810858269964,0.07280413219770512,0.44781494140625,,,,,,,,0.002685546875,2.520916700363159,0.0006065091604658956,-0.014349949058847445,4.954239845275879
15286272,3374.1139666439994,0.08247188221050152,0.504895031452179,,,,,,,,0.002685546875,2.606559991836548,0.0005789160363529611,-0.01263536218476798,2.1425228118896484
15294464,3375.960466507997,0.06355104681431638,0.45653077960014343,,,,,,,,0.004150390625,2.47377872467041,0.0006201999959006832,-0.015570339492114438,3.6679489612579346
15302656,3378.0091053809956,0.07493101152107763,0.4862304627895355,,,,,,,,0.0020751953125,2.6475131511688232,0.0006025724568353708,-0.011562102942811127,2.7347500324249268
15310848,3379.698052879001,0.056116794104681095,0.4070678651332855,,,,,,,,0.004150390625,2.4431025981903076,0.0006081780954039218,-0.015611537262409731,6.804049968719482
15319040,3381.6629095669996,0.06943659261125579,0.4698486328125,,,,,,,,0.0029296875,2.4623048305511475,0.0005071462544630201,-0.017473295026602508,3.7479331493377686
15327232,3383.7126784520005,0.15674901483070616,0.50164794921875,,,,,,,,0.002685546875,2.6104092597961426,0.0005861160728581893,-0.010811529763360764,2.727818012237549
15335424,3385.666858038996,0.08838395724159614,0.4788818359375,0.0010575925553993892,0.0012713665594912271,0.0007931944165495697,333,846.1345345828508,45.0,6.15,0.0037841796875,2.4784138202667236,0.0006140614083731677,-0.013109611717630252,3.2551445960998535
15343616,3388.9225613129965,0.06957436570818426,0.47117921710014343,,,,,,,,0.002685546875,2.5818417072296143,0.0004795707336866517,-0.01785098631669767,3.4307243824005127
15351808,3390.827897839001,0.0952920933176758,0.4678588807582855,,,,,,,,0.0032958984375,2.578308582305908,0.0005005778805911021,-0.008613156138452803,6.114569664001465
15360000,3392.5355310259984,0.07074062641505917,0.4588378965854645,,,,,,,,0.0037841796875,2.427982807159424,0.0005571943773802213,-0.012126133424361838,7.154034614562988
15368192,3394.496448754995,0.07202351458192413,0.4669433534145355,,,,,,,,0.0028076171875,2.637066125869751,0.000628673881867936,-0.016074969873010103,3.7512993812561035
15376384,3396.376433405996,0.08583243352312463,0.5063232779502869,,,,,,,,0.0032958984375,2.5284993648529053,0.0005913947055562474,-0.010314010546288528,2.1317672729492188
15384576,3398.4295317319993,0.07349482389318222,0.4554077088832855,,,,,,,,0.0037841796875,2.532658338546753,0.0004722989601908534,-0.011511906277300655,5.110138893127441
15392768,3400.450814472999,0.0783309171763728,0.4888671934604645,,,,,,,,0.001953125,2.6287169456481934,0.000543793931981229,-0.014781333261449137,2.5040595531463623
15400960,3402.488058971001,0.05484279236268135,0.4127197265625,0.001151458464839883,0.0011883313241143334,0.0008635938486298844,128,239.9557594743972,12.600000000000001,6.15,0.003662109375,2.490915536880493,0.0005015197803202032,-0.009581176868879167,19.954654693603516
15409152,3405.7663668609966,0.07387109389346169,0.44822999835014343,,,,,,,,0.0037841796875,2.5480153560638428,0.0005813489076844647,-0.01795462717653477,5.77515983581543
15417344,3407.6908853429995,0.10496496876822584,0.5217041373252869,,,,,,,,0.003173828125,2.4939441680908203,0.0005527797671892598,-0.013249624881665464,2.114819288253784
15425536,3409.4901215540012,0.07447146905173978,0.4460693299770355,,,,,,,,0.0032958984375,2.4948880672454834,0.0006431910031708954,-0.014442957776359467,4.181094646453857
15433728,3411.497074519997,0.07246312082736243,0.45518800616264343,,,,,,,,0.0028076171875,2.5053231716156006,0.000759545229140457,-0.011695613642674635,5.522412300109863
15441920,3413.3356215800013,0.08550559796151364,0.4815307557582855,,,,,,,,0.00341796875,2.4953978061676025,0.0007716768570736887,-0.014292636630828609,3.5859572887420654
15450112,3415.3291703559953,0.02914106182921481,0.19853515923023224,,,,,,,,0.0035400390625,2.4199118614196777,0.0006022552783379043,-0.01812506938131046,75.52672576904297
15458304,3417.2592077829977,0.06555575742830809,0.4395507872104645,,,,,,,,0.0025634765625,2.4813151359558105,0.0006450954910770523,-0.011616531979360342,17.231069564819336
15466496,3419.262671313001,0.10494515778686123,0.518798828125,0.001153203367514788,0.0012947375900885794,0.0008649025256360909,333,838.9604283233839,16.35,6.15,0.0035400390625,2.437891721725464,0.0005764647184522964,0.00014763187660361138,3.440788984298706
15474688,3422.6148034309954,0.08476910602602902,0.497314453125,,,,,,,,0.0035400390625,2.5121312141418457,0.0005425818841671148,-0.009175292775172317,4.580892562866211
15482880,3424.8814531509997,0.09964620823897084,0.549755871295929,,,,,,,,0.0028076171875,2.561068058013916,0.0006230773646490606,-0.0024464317052011807,2.6468536853790283
15491072,3426.996648660999,0.0954214020869447,0.509143054485321,,,,,,,,0.003173828125,2.5077109336853027,0.0006488480755655335,-0.012636217275420615,2.5062756538391113
15499264,3429.2832062809975,0.06084640100817778,0.41755372285842896,,,,,,,,0.0030517578125,2.497206926345825,0.0006952171090017778,-0.01783599006226494,5.131086826324463
15507456,3431.905956030001,0.08181065769728597,0.5067138671875,,,,,,,,0.00341796875,2.547893762588501,0.0007568834159410454,-0.012956742639467481,2.8462791442871094
15515648,3434.1590232399976,0.054713170260406875,0.33795166015625,,,,,,,,0.0032958984375,2.4358913898468018,0.0007629955186685411,-0.013943213294174398,37.16825485229492
15523840,3437.037610102001,0.04897179802788679,0.24360351264476776,,,,,,,,0.0037841796875,2.5102345943450928,0.0006634719636178232,-0.009601311339162097,54.73347854614258
15532032,3439.7305619539984,0.11073039235235212,0.5412353873252869,0.0013122792959632257,0.0014886629942300056,0.0009842094719724193,333,825.2569609860147,35.1,6.15,0.0030517578125,2.521083354949951,0.0007046069159404311,0.006101604412774216,2.7670295238494873
15540224,3443.3910352329985,0.058932199075046814,0.41053467988967896,,,,,,,,0.0028076171875,2.5077335834503174,0.0006888653508488884,-0.006719638123180951,20.157085418701172
15548416,3445.9885392969954,0.10200641769820865,0.5272583365440369,,,,,,,,0.003173828125,2.41304349899292,0.000637259976643767,-0.009064607294116353,3.114363431930542
15556608,3448.8306066680016,0.11409060190759641,0.5042480826377869,,,,,,,,0.00439453125,2.5543975830078125,0.0007238340884485606,-0.006199789704566629,4.1682281494140625
15564800,3451.3660641749957,0.02770661507145247,0.2510620057582855,,,,,,,,0.002685546875,2.5024547576904297,0.0007301154637884277,-0.018701921160752262,50.38765335083008
15572992,3453.9330460639976,0.048011874135535655,0.39735108613967896,,,,,,,,0.003662109375,2.3299055099487305,0.0008101584324544664,-0.016809852042814,30.261762619018555
15581184,3456.495623130999,0.0637477884968478,0.4525390565395355,,,,,,,,0.0029296875,2.291168451309204,0.0008438503000911535,-0.014931207723720136,19.41238784790039
15589376,3459.517996554998,0.13086518607894634,0.56781005859375,,,,,,,,0.003173828125,2.4428279399871826,0.0008633937048079243,-0.008301447423590656,2.96929931640625
15597568,3462.326516139001,0.13144282405039456,0.543713390827179,0.0016495672437802922,0.002276153511734602,0.0012371754328351914,333,809.5700300455504,44.550000000000004,6.15,0.00341796875,2.413083076477051,0.0008761837053288257,-0.002654900741921956,2.259366989135742
15605760,3466.1750303619992,0.10438462866764492,0.47777101397514343,,,,,,,,0.003173828125,2.473501205444336,0.0008349116347977636,-0.020341641980203537,3.4236817359924316
15613952,3468.707883183997,0.08273701027210115,0.511242687702179,,,,,,,,0.0028076171875,2.41249418258667,0.0008841098313057127,-0.015402323624764458,1.9142745733261108
15622144,3471.4452851669994,0.07997923736568109,0.4874633848667145,,,,,,,,0.0035400390625,2.361982583999634,0.0009081215754065397,-0.010280870994623088,3.1049582958221436
15630336,3473.936945100999,0.06938811042789786,0.46038818359375,,,,,,,,0.0030517578125,2.4562387466430664,0.0009317166640687713,-0.01915522379112395,2.8368942737579346
15638528,3476.487185148995,0.09091871810282401,0.5171875357627869,,,,,,,,0.00341796875,2.4181957244873047,0.0008481008189080708,-0.00819271613915959,2.0727641582489014
15646720,3479.163666608998,0.07435948752398579,0.481689453125,,,,,,,,0.00244140625,2.490858554840088,0.0007949726718468053,-0.015640457475932807,1.954210638999939
15654912,3481.7963695299986,0.0987228226754125,0.4457641541957855,,,,,,,,0.00390625,2.5254218578338623,0.0007446665346113601,-0.011886592896345092,6.6135454177856445
15663104,3484.540614744001,0.1108986393786259,0.47203370928764343,0.001463572669948232,0.0013455422977011189,0.0010976795024612018,333,819.054130858319,22.35,6.15,0.004150390625,2.4693429470062256,0.0007625234428891847,-0.01311475936058551,3.7270851135253906
15671296,3488.3442167999965,0.08420936963253055,0.5141235589981079,,,,,,,,0.002197265625,2.5719692707061768,0.0009299778707743123,-0.008237406869954082,2.114621877670288
15679488,3490.945830314995,0.044692306829885745,0.32844239473342896,,,,,,,,0.003662109375,2.3703818321228027,0.0008414095145443667,-0.011500162343944666,32.77302551269531
15687680,3493.4101201919984,0.051213488415158874,0.38555908203125,,,,,,,,0.0030517578125,2.402501344680786,0.0008616984826494978,-0.01730725950376177,7.24025297164917
15695872,3496.0548200279954,0.07432043484322941,0.46099853515625,,,,,,,,0.0032958984375,2.4493393898010254,0.0007353457802830032,-0.01974332365802388,4.504371166229248
15704064,3498.4809789309948,0.06461991201717292,0.3988281190395355,,,,,,,,0.00390625,2.559244155883789,0.0007838598912940364,-0.014642078566715093,21.96787452697754
15712256,3501.1910489369984,0.099501560810861,0.530651867389679,,,,,,,,0.0028076171875,2.4762754440307617,0.0007436838364589526,-0.01280102041624144,3.0757358074188232
15720448,3503.773627055998,0.08950343300308779,0.5214599967002869,,,,,,,,0.002685546875,2.4527671337127686,0.0007376929502613816,-0.014885716373821993,2.214794874191284
15728640,3506.3812781960005,0.03674226762291184,0.30543214082717896,0.001139839287942257,0.001616214499357449,0.0008548794659566372,333,845.5450883292776,21.150000000000002,6.15,0.0037841796875,2.3698854446411133,0.0007592164549770075,-0.014408916164744795,30.7471866607666
15736832,3509.8997265479993,0.07811495531714728,0.48383790254592896,,,,,,,,0.0030517578125,2.4997384548187256,0.0007327649320161278,-0.013244138701770804,4.102320194244385
15745024,3512.2544035989995,0.09223351445284647,0.4840942323207855,,,,,,,,0.00244140625,2.490488290786743,0.0007577719243503367,-0.0044214490539881855,3.996067762374878
15753216,3514.5261824749978,0.10456574286656535,0.490478515625,,,,,,,,0.0030517578125,2.4033679962158203,0.0007602332301821502,-0.009704852528188541,5.2842912673950195
15761408,3517.107964167997,0.07350035291321289,0.4471679627895355,,,,,,,,0.0032958984375,2.424008846282959,0.0007156481943298987,-0.00918433247277044,25.27851676940918
15769600,3519.3414117469947,0.07534148250798216,0.4771972596645355,,,,,,,,0.0037841796875,2.3988535404205322,0.0006707467346234175,-0.012473603794235018,14.62457275390625
15777792,3521.7463512319955,0.09714956333726399,0.41636964678764343,,,,,,,,0.00244140625,2.440333843231201,0.0007034605079832001,-0.01770724596289798,10.641297340393066
15785984,3523.959774545001,0.053378711257493286,0.36669921875,,,,,,,,0.0030517578125,2.431244134902954,0.0006869758505047008,-0.015303376620119758,28.728626251220703
15794176,3526.7689460699985,0.023816982793707014,0.21162109076976776,0.0014139373986281623,0.001732470225534577,0.0010604530489710662,333,822.8728154557674,36.6,6.15,0.00341796875,2.2508256435394287,0.0005942279183599464,-0.02060107937818542,101.22527313232422
15802368,3530.566408490995,0.0793121150899237,0.48713380098342896,,,,,,,,0.0030517578125,2.284724235534668,0.0007968621354003114,-0.00428497895738699,24.78012466430664
15810560,3533.236679321999,0.18050921330880174,0.629589855670929,,,,,,,,0.0032958984375,2.399402141571045,0.0008354319698311574,0.007726159956294503,3.747689962387085
15818752,3535.6340705429975,0.10808139760497265,0.52978515625,,,,,,,,0.0029296875,2.389378309249878,0.0008446318548158693,-0.0025614799596616164,9.139892578125
15826944,3538.0790485619946,0.07358982889623392,0.42963868379592896,,,,,,,,0.00341796875,2.4495253562927246,0.0008565831147757663,-0.006906692449364738,33.689945220947266
15835136,3540.320444797995,0.14214649903295648,0.5949463248252869,,,,,,,,0.003173828125,2.384861469268799,0.0008086740425253813,-0.0008129886221718675,2.1635303497314453
15843328,3542.9267664759973,0.11218693742830582,0.533129870891571,,,,,,,,0.00341796875,2.535552740097046,0.0007847336786245274,-0.008370764346718424,3.0357871055603027
15851520,3545.405134057997,0.11161592196472483,0.555249035358429,,,,,,,,0.002685546875,2.4504122734069824,0.0007387346829894614,-0.004829257271899662,1.2486628293991089
15859712,3547.8774916879993,0.05861491072878655,0.44195556640625,0.0013384769536586294,0.0016008339972135577,0.0010038577152440276,333,820.1075644272514,25.5,6.15,0.0028076171875,2.462101697921753,0.0007539696686310604,-0.014159173640052397,14.283843994140625
15867904,3551.737848826,0.06473121820649326,0.4193969666957855,,,,,,,,0.0040283203125,2.3951573371887207,0.0007676317986821113,-0.015582695012612537,13.329108238220215
15876096,3554.0620669529962,0.0491143436360289,0.25996094942092896,,,,,,,,0.0030517578125,2.4072487354278564,0.0007657567600795057,-0.012948330310279976,49.20608901977539
15884288,3556.250800570997,0.024844582731184457,0.24851074814796448,,,,,,,,0.003173828125,2.3714096546173096,0.0008295861892965162,-0.019240223729405776,45.326812744140625
15892480,3558.4904403379987,0.06200636131610913,0.44420167803764343,,,,,,,,0.003173828125,2.344635486602783,0.0007776267105983337,-0.024613153574355978,7.38246488571167
15900672,3560.845626550996,0.09581526280747972,0.519641101360321,,,,,,,,0.002685546875,2.410768508911133,0.0007710774289741984,-0.011308616603374223,4.336809158325195
15908864,3563.29054075,0.10642506602322982,0.5517822504043579,,,,,,,,0.0035400390625,2.361334800720215,0.0008218571476821257,-0.006925312648005915,2.1004111766815186
15917056,3565.862005213996,0.04483520710096092,0.3362182676792145,,,,,,,,0.0029296875,2.4533584117889404,0.0009149946262823061,-0.014614825836396068,29.93031883239746
15925248,3568.1745958559986,0.07973134682357587,0.4653076231479645,0.00134855714035087,0.001886555903995557,0.0010114178552631525,333,827.9778281294211,30.450000000000003,6.15,0.003173828125,2.381120443344116,0.0009585783734814557,-0.011665403976972898,5.601197719573975
15933440,3571.908760393999,0.11383223839148111,0.539843738079071,,,,,,,,0.0032958984375,2.402031421661377,0.0009317856794632817,-0.013535971296304683,2.746135950088501
15941632,3574.476780033001,0.07956630123498946,0.4994262754917145,,,,,,,,0.0030517578125,2.454252243041992,0.0008470164842931949,-0.0005638846306798532,5.835110187530518
15949824,3576.7327586329993,0.13676988479923066,0.53704833984375,,,,,,,,0.0037841796875,2.47495174407959,0.0008256759049608542,-0.004329350207802319,2.428619146347046
15958016,3579.1290919039966,0.09697716796434085,0.539501965045929,,,,,,,,0.00244140625,2.5472145080566406,0.0007698594779821377,-0.0069604296580374455,1.479379415512085
15966208,3581.3890191569953,0.07704022452186345,0.47015380859375,,,,,,,,0.0035400390625,2.4973039627075195,0.0008030328509653906,-0.014108892913540014,1.8279228210449219
15974400,3583.890933081995,0.04889901555486535,0.3506835997104645,,,,,,,,0.0029296875,2.380431890487671,0.0008564852935069034,-0.016231079425625496,15.856009483337402
15982592,3586.1772899179996,0.04124575211494433,0.33808594942092896,,,,,,,,0.00341796875,2.505303382873535,0.0007613016348912982,-0.014099873986320347,19.309457778930664
15990784,3588.252579260996,0.03359832513013866,0.28254395723342896,0.0014481600261228023,0.0014761169857173684,0.001086120019592074,171,353.4274092102647,18.45,6.15,0.0037841796875,2.292454481124878,0.0008052409402059535,-0.015850033879057496,33.26347732543945
15998976,3591.5670317849945,0.13608435434360566,0.29383546113967896,,,,,,,,0.002685546875,2.4403629302978516,0.0008060440044863615,-0.015898859355474297,37.753509521484375
16007168,3593.4421080440006,0.08198419218417362,0.46864014863967896,,,,,,,,0.003173828125,2.4427576065063477,0.0008304883085934467,-0.004404920944216371,22.87674903869629
16015360,3595.1347482089986,0.09156533428928558,0.511950671672821,,,,,,,,0.004150390625,2.4293484687805176,0.0007568252440373069,-0.010879699213435496,5.561391830444336
16023552,3597.1458196940002,0.1074536766479119,0.550891101360321,,,,,,,,0.0030517578125,2.5332562923431396,0.0008346825140576053,-0.0011821644464441571,3.7714619636535645
16031744,3598.9541382109965,0.08418374858508852,0.49957275390625,,,,,,,,0.0030517578125,2.4479382038116455,0.0008511133051073427,-0.0027192700933746897,9.068743705749512
16039936,3600.964930889997,0.06113379817520457,0.34089356660842896,,,,,,,,0.003173828125,2.4094960689544678,0.0008720650595099855,-0.01589350650756802,25.905628204345703
16048128,3603.0084920009976,0.07572476927195748,0.4831787049770355,,,,,,,,0.00341796875,2.4465432167053223,0.0006441967005929028,-0.0109998951108272,6.277487277984619
16056320,3604.9806757510014,0.08809841743200227,0.50897216796875,0.0012029203997402371,0.0015156778294564965,0.0009021902998052056,333,838.2185832132783,41.550000000000004,6.300000000000001,0.00341796875,2.5333967208862305,0.0005571949035536594,-0.006058398591550204,7.242199897766113
16064512,3608.1692533940004,0.10126275704973929,0.5474487543106079,,,,,,,,0.0032958984375,2.469780445098877,0.0005981683299999263,-0.008119253308586113,3.112607955932617
16072704,3610.2340410690013,0.05817341834474902,0.4359130859375,,,,,,,,0.0032958984375,2.605333089828491,0.0007685706394029435,-0.010803681601548102,23.19874382019043
16080896,3612.005045535996,0.06912880495109595,0.46160888671875,,,,,,,,0.0032958984375,2.4527060985565186,0.0006384223590643057,-0.01704251828509244,10.810571670532227
16089088,3613.9636946969986,0.09879778957180549,0.507092297077179,,,,,,,,0.0030517578125,2.526592493057251,0.0006963863451132646,-0.014840801044969223,4.22464656829834
16097280,3615.7672014889977,0.05947768728645001,0.4380249083042145,,,,,,,,0.00390625,2.512624502182007,0.000626870038380023,-0.009863474841099083,27.14166831970215
16105472,3617.773884465001,0.130297987888453,0.49969482421875,,,,,,,,0.003662109375,2.6252388954162598,0.0007006525403905339,-0.007166370570046144,5.650500774383545
16113664,3619.851862865995,0.10582614909452925,0.4669555723667145,,,,,,,,0.0025634765625,2.5679125785827637,0.0006517531083453099,-0.0023253377617418304,15.389513969421387
16121856,3621.7569300379982,0.0959708281634355,0.5362793207168579,0.0012045936944116153,0.001346386050677273,0.000903445270808767,333,847.298306504243,38.25,6.300000000000001,0.004150390625,2.5346550941467285,0.0006112848468109444,-0.004713195190056744,3.7718238830566406
16130048,3625.0140550129945,0.10304584757153766,0.545666515827179,,,,,,,,0.002685546875,2.58359694480896,0.0005924878957065394,-0.003644229995796463,2.5109164714813232
16138240,3626.9578629829994,0.07562080757534279,0.45579835772514343,,,,,,,,0.00341796875,2.6354787349700928,0.0006236806592518906,-0.013512429303082269,5.3017449378967285
16146432,3628.698876138995,0.0607436680959739,0.41254884004592896,,,,,,,,0.004150390625,2.528251886367798,0.00062425751958195,-0.012565253318683058,24.2282772064209
16154624,3630.646254113999,0.0829167534088171,0.4982055723667145,,,,,,,,0.003173828125,2.728745460510254,0.0005216533341492191,-0.015357814386541106,5.0387187004089355
16162816,3632.6275623010006,0.10772370861709218,0.5240112543106079,,,,,,,,0.003173828125,2.4325203895568848,0.0005601511645850765,-0.013984874925545713,3.066269636154175
16171008,3634.745452381998,0.09822243416531985,0.52459716796875,,,,,,,,0.0030517578125,2.582396984100342,0.0006581118010619003,-0.010184408606760911,2.6212375164031982
16179200,3636.8354243389986,0.09848645295294903,0.52716064453125,,,,,,,,0.0035400390625,2.5533385276794434,0.000647063388262703,-0.009189462525818629,2.1981170177459717
16187392,3638.9635466239997,0.08048622117677458,0.49974367022514343,0.001023155373554463,0.0015222905542734422,0.0007673665301658472,333,855.0835351089775,42.150000000000006,6.15,0.0037841796875,2.5625743865966797,0.0006833424432926005,-0.00935142868771568,2.5987915992736816
16195584,3642.4962181750016,0.06671077023626029,0.4608154296875,,,,,,,,0.0028076171875,2.724559783935547,0.0006539275785706344,-0.01686093529128999,3.6150779724121094
16203776,3644.664215306999,0.07641201697355515,0.4894775450229645,,,,,,,,0.0035400390625,2.4974329471588135,0.0006595907012315605,-0.016892624602372137,2.1195199489593506
16211968,3646.6235035200007,0.05884251672195291,0.4085937440395355,,,,,,,,0.003662109375,2.617361307144165,0.0006631937700199986,-0.014360503915220174,15.51261043548584
16220160,3648.8074659259946,0.07941456188590358,0.49449464678764343,,,,,,,,0.00341796875,2.5484700202941895,0.0006066413493255318,-0.01235983172342507,2.5510315895080566
16228352,3650.7495983759945,0.056240324292119406,0.4083618223667145,,,,,,,,0.0028076171875,2.518130302429199,0.0006593367580379761,-0.013079161846692243,18.544816970825195
16236544,3652.9527627559946,0.03280000488163206,0.26837158203125,,,,,,,,0.0028076171875,2.564974546432495,0.0006669976813584721,-0.018260907554978813,45.86383819580078
16244736,3655.0180800109956,0.033153542224178045,0.2994018495082855,,,,,,,,0.0042724609375,2.4609217643737793,0.0006727297876703009,-0.016499177349497903,48.76442337036133
16252928,3657.1316233749967,0.03646154891319288,0.32667237520217896,0.0013923081496098888,0.0015939954318480165,0.0010442311122074166,333,825.1403294156673,19.35,6.15,0.0035400390625,2.458019971847534,0.0006868362538201556,-0.0175514470505402,39.07939910888672
16261120,3660.6441874459997,0.09796943458500598,0.5179443359375,,,,,,,,0.0035400390625,2.499819278717041,0.0006812139877993006,-0.00878853958013463,20.61404800415039
16269312,3662.513832849996,0.10971786800480232,0.504809558391571,,,,,,,,0.0029296875,2.405134439468384,0.0007466959268239703,-0.008824217536357017,6.624202251434326
16277504,3664.3216872099947,0.10666481697893807,0.5335449576377869,,,,,,,,0.002685546875,2.4898035526275635,0.0007113077392074674,-0.00562603392430747,4.080040454864502
16285696,3666.2188267169986,0.10734774158949417,0.5210815668106079,,,,,,,,0.0042724609375,2.531313180923462,0.000748581582726171,0.0005437466292223025,4.347146034240723
16293888,3667.8845308019954,0.093085276187054,0.5162597894668579,,,,,,,,0.003173828125,2.585592031478882,0.0006677167942911177,-0.005495596675008031,3.071063995361328
16302080,3669.8899857159995,0.09301812353843485,0.5312866568565369,,,,,,,,0.0029296875,2.5817184448242188,0.0007192026009671393,-0.004397959478411347,2.1234042644500732
16310272,3671.8743656949955,0.07857467544681021,0.503063976764679,,,,,,,,0.00390625,2.4737391471862793,0.0007672492738384218,-0.012178157176678982,2.2769641876220703
16318464,3674.0084609769983,0.03507577932341823,0.29027101397514343,0.0012802891303874686,0.0016282677837797799,0.0009602168477905737,319,791.8870315025058,31.35,6.15,0.003173828125,2.678779363632202,0.0006844796325735647,-0.01677674891750323,41.10879135131836
16326656,3677.786116933996,0.0716370964053493,0.44337159395217896,,,,,,,,0.0045166015625,2.493833303451538,0.0008227088327776855,-0.013669998472641498,4.730805397033691
16334848,3679.8918643259967,0.10981897944006463,0.4583496153354645,,,,,,,,0.0030517578125,2.5787196159362793,0.0007214977627421071,-0.013937723144880582,6.538212776184082
16343040,3682.1340800109974,0.11651246546267591,0.5204712152481079,,,,,,,,0.0025634765625,2.4892466068267822,0.0007770576659142936,-0.012590092861633604,1.7334133386611938
16351232,3684.3343667209992,0.08567657465808637,0.49284669756889343,,,,,,,,0.0037841796875,2.49955153465271,0.0006234881679629822,-0.013084972425454032,3.1291396617889404
16359424,3686.512527752995,0.10429402671988475,0.3862548768520355,,,,,,,,0.0030517578125,2.512160301208496,0.0006647265444328365,-0.010682647674885594,23.257312774658203
16367616,3689.176925032996,0.03259031418431472,0.24936524033546448,,,,,,,,0.0028076171875,2.5061769485473633,0.0006424750585293237,-0.017863559398312696,44.73188018798828
16375808,3691.802756126999,0.01809912946205104,0.17531739175319672,,,,,,,,0.00390625,2.243673801422119,0.0006549270529112583,-0.014638694354759774,104.54727935791016
16384000,3694.5344779949955,0.03294711542170814,0.3116210997104645,0.0012806984045066194,0.0014965052146369562,0.0009605238033799646,333,836.6386189255604,46.95,6.300000000000001,0.0029296875,2.22550630569458,0.0006233199736083161,-0.01968352673453251,42.33229064941406
16392192,3698.2920944840007,0.056994320847808755,0.42847901582717896,,,,,,,,0.004150390625,2.297386884689331,0.0005726798706326974,-0.010666224342427868,22.669780731201172
16400384,3700.775678672995,0.04528477484004447,0.3682617247104645,,,,,,,,0.00341796875,2.450775623321533,0.000678235262185023,-0.0063057786785650554,44.01884078979492
16408576,3703.293318199001,0.0413138013270158,0.35535889863967896,,,,,,,,0.0037841796875,2.593564510345459,0.0006569317626657911,-0.01261374310587346,43.827335357666016
16416768,3705.906545605998,0.11626438482732115,0.5532470941543579,,,,,,,,0.0029296875,2.361166477203369,0.0006659749716110275,0.006415383115168448,9.556268692016602
16424960,3708.372490406,0.04983205298319798,0.376953125,,,,,,,,0.0032958984375,2.5082545280456543,0.0006818131780914616,-0.010869654394227782,38.409175872802734
16433152,3711.015300039995,0.14760400190248504,0.5939087271690369,,,,,,,,0.0037841796875,2.4675509929656982,0.0007043235481098975,0.010641602975030388,6.676661968231201
16441344,3713.4051950279973,0.13735895505470555,0.590380847454071,,,,,,,,0.00341796875,2.5989856719970703,0.0006254416782378591,0.0051788479871246185,3.3411242961883545
16449536,3716.242893290997,0.10181810543005587,0.5547119379043579,0.0011224166134864433,0.0013187090470175855,0.0008418124601148325,333,852.5654375032027,30.0,6.15,0.00341796875,2.6541171073913574,0.0005294070146709684,-0.00595516467279147,3.371992588043213
16457728,3720.172785498995,0.07631869346662817,0.45311281085014343,,,,,,,,0.0035400390625,2.5964298248291016,0.0005471614992269558,-0.009823464917002001,13.123086929321289
16465920,3722.8375749879997,0.04694620785227817,0.36503908038139343,,,,,,,,0.00341796875,2.628316640853882,0.0006250852169499277,-0.017916454320436277,27.643285751342773
16474112,3725.3143037670015,0.07782722757216531,0.4766601622104645,,,,,,,,0.003662109375,2.4271771907806396,0.0007042257744389602,-0.012053807440840154,20.67415428161621
16482304,3727.805585602,0.1106829063141912,0.5400635004043579,,,,,,,,0.0030517578125,2.563035726547241,0.0006387831165826086,-0.0036033007336654824,19.44681167602539
16490496,3730.3420076839975,0.1137348040474757,0.570690929889679,,,,,,,,0.002685546875,2.583096742630005,0.0006191835423301484,-0.0015322118927391043,3.205641984939575
16498688,3733.113919464995,0.10011997988176449,0.508349597454071,,,,,,,,0.0040283203125,2.487903118133545,0.0006735257138800188,-0.007822299898157385,4.376455783843994
16506880,3735.561811802996,0.08592051420861223,0.5080932974815369,,,,,,,,0.00341796875,2.6667115688323975,0.0006888842377114068,-0.009188389595541727,3.957085371017456
16515072,3738.0708015929995,0.07644275637090525,0.46076661348342896,0.0013615573060985486,0.002261042158994586,0.001021167979573967,333,831.2752813346633,49.800000000000004,6.15,0.003662109375,2.591514825820923,0.0007216252823227798,-0.012095600450736092,4.9056525230407715
16523264,3741.5590161719956,0.04179491325349305,0.319580078125,,,,,,,,0.00341796875,2.5634543895721436,0.0007571063399904876,-0.019048015192800763,38.51667404174805
16531456,3743.9355071149985,0.05751055155920309,0.36920166015625,,,,,,,,0.0032958984375,2.5060925483703613,0.0007569550656340018,-0.010863264357751146,26.975706100463867
16539648,3746.3270680860005,0.0988776657106498,0.5359741449356079,,,,,,,,0.0032958984375,2.508024215698242,0.000666249400494423,-0.007907158873019723,3.2578704357147217
16547840,3748.652852868996,0.0766234886671063,0.49437257647514343,,,,,,,,0.0040283203125,2.5791900157928467,0.0007355106528399435,-0.011327743878066577,3.8650124073028564
16556032,3750.932808063997,0.08332348834272463,0.4798217713832855,,,,,,,,0.0030517578125,2.5994949340820312,0.0005466131184148626,-0.010396662177560934,4.62878942489624
16564224,3753.382184258997,0.07300871265234168,0.4780639708042145,,,,,,,,0.00341796875,2.6885416507720947,0.0006286293508821483,-0.013629562905715098,4.109760284423828
16572416,3755.655065578998,0.03229053976423886,0.25743409991264343,,,,,,,,0.0048828125,2.597252607345581,0.0006792946743467976,-0.015936063053287538,60.72488021850586
16580608,3758.3500434000016,0.07359544580049858,0.4592041075229645,0.0013247534689279084,0.0011610397505867898,0.0009935651016959035,171,357.7281954268114,14.4,6.15,0.0029296875,2.6485395431518555,0.0007145428692972855,-0.02236257386579946,5.775954723358154
16588800,3762.273147572996,0.11024409315166164,0.502575695514679,,,,,,,,0.00390625,2.4686293601989746,0.0006936201253066043,-0.010877421925377866,7.905989170074463
16596992,3764.870218379998,0.061173432150611065,0.44873046875,,,,,,,,0.003662109375,2.598527431488037,0.00046653454290879193,-0.018063788023825085,7.934962749481201
16605184,3767.4252945229964,0.08420741200002352,0.5063110589981079,,,,,,,,0.003173828125,2.662929058074951,0.0004900194968596727,-0.006614108188107865,22.18245506286621
16613376,3769.9010616089945,0.07344963761819344,0.47410890460014343,,,,,,,,0.0042724609375,2.515099287033081,0.0005376152664167133,-0.010609314568022513,15.260485649108887
16621568,3771.9054144979964,0.08408481343805843,0.4956420958042145,,,,,,,,0.002685546875,2.61033296585083,0.0004721805850179672,-0.013982605481428862,5.513769149780273
16629760,3774.3720449329994,0.05569660787423987,0.43464356660842896,,,,,,,,0.0037841796875,2.586364984512329,0.0006228564325980734,-0.014141198185046267,21.965490341186523
16637952,3776.995401649998,0.05862993083318017,0.41602784395217896,,,,,,,,0.0035400390625,2.5584001541137695,0.0006217643142900631,-0.016815118585002564,15.840560913085938
16646144,3779.557337180995,0.12417909917935416,0.5752319693565369,0.001178443010509178,0.0011527475955317446,0.0008838322578819113,333,847.922015276896,8.1,6.15,0.00341796875,2.589599370956421,0.0006709161114855089,-0.00498467698817941,4.150761127471924
16654336,3783.4153402989978,0.07511267319295833,0.4829955995082855,,,,,,,,0.0035400390625,2.5718297958374023,0.0006022195353657667,-0.010176045601788905,7.876913547515869
16662528,3785.7244239799984,0.09861975044320732,0.49079591035842896,,,,,,,,0.003173828125,2.6340579986572266,0.000646744130185839,0.0014518645558559533,16.201271057128906
16670720,3788.062368769999,0.09981031981262473,0.48863527178764343,,,,,,,,0.0030517578125,2.533174753189087,0.0005846943129212967,-0.01663388810336058,4.526247501373291
16678912,3790.2941065049963,0.04501887847984892,0.3290161192417145,,,,,,,,0.0037841796875,2.4575626850128174,0.000688776082672149,-0.015585794402056952,36.401119232177734
16687104,3792.2555252230013,0.08300592266216422,0.5052246451377869,,,,,,,,0.0030517578125,2.5276477336883545,0.0006091196858966086,-0.016106066733944584,6.38374662399292
16695296,3794.2265756609995,0.11209391538371145,0.554003894329071,,,,,,,,0.0035400390625,2.509613037109375,0.0006501796554345685,-0.0014136014707953292,3.632516622543335
16703488,3796.326460078999,0.08020746523741736,0.504284679889679,,,,,,,,0.0037841796875,2.5739946365356445,0.0005642580006384179,-0.014018101684976865,3.0905025005340576
16711680,3798.3216133809983,0.03157533456405664,0.2848144471645355,0.0008943109892174395,0.001399742972103879,0.0006707332419131351,333,861.7186809030156,8.1,6.15,0.002685546875,2.569653034210205,0.000571644295150886,-0.0176758128809396,41.60489273071289
16719872,3801.9161877539955,0.050489101163415845,0.3266235291957855,,,,,,,,0.0042724609375,2.5799453258514404,0.000524304499888939,-0.010287873802752603,26.472787857055664
16728064,3804.049352033995,0.09100430123368153,0.4919067323207855,,,,,,,,0.0032958984375,2.5755319595336914,0.0006233113702486248,-0.01276345514871641,5.6557297706604
16736256,3806.1668254879987,0.08924565296153952,0.514270007610321,,,,,,,,0.0029296875,2.6014022827148438,0.0006329488156264773,-0.011025683550291947,3.374164581298828
16744448,3808.1909581629952,0.03891840731327265,0.3191894590854645,,,,,,,,0.0037841796875,2.5018508434295654,0.0007096744207253369,-0.011018221000474244,39.88533020019531
16752640,3810.1992437549998,0.09202452190509258,0.518359363079071,,,,,,,,0.002685546875,2.4943628311157227,0.0006887701944552349,-0.007432746509154639,4.094822883605957
16760832,3812.4905558389946,0.0802875126961328,0.49652099609375,,,,,,,,0.002685546875,2.5772194862365723,0.0005989986421857108,-0.010806302201790846,5.49402379989624
16769024,3814.817766856999,0.09753168812992838,0.5360473990440369,,,,,,,,0.0037841796875,2.49687123298645,0.00061810268708129,-0.006622392912643569,2.407482862472534
16777216,3816.9928884979963,0.08259780609813794,0.5082031488418579,0.001099035695537487,0.0015924397020565806,0.0008242767716530874,333,854.3492158324697,21.150000000000002,6.15,0.00341796875,2.5887417793273926,0.0006946992656694517,-0.009730768410020872,2.1557366847991943
16785408,3820.6171546569967,0.060500786004782175,0.4324951171875,,,,,,,,0.0037841796875,2.5495684146881104,0.0006770742970354515,-0.010009353005909197,18.18778419494629
16793600,3822.7681630459992,0.036217811385644894,0.3162475526332855,,,,,,,,0.0029296875,2.533936023712158,0.0006012457352906342,-0.012423122107714894,39.42721939086914
16801792,3825.682132983995,0.10260445510478206,0.501757800579071,,,,,,,,0.0028076171875,2.5343267917633057,0.0006129214565908647,-0.019643229153766355,4.129157543182373
16809984,3828.6138108949963,0.09775394708482864,0.4754638671875,,,,,,,,0.003662109375,2.425532579421997,0.0005961085989492076,-0.02068690464621338,4.355041027069092
16818176,3831.1468396369964,0.09172934375595045,0.5204712152481079,,,,,,,,0.0030517578125,2.4954824447631836,0.0006244171257878683,-0.011968856771991561,2.2225773334503174
16826368,3834.1225136219946,0.04553444202803573,0.31610107421875,,,,,,,,0.003173828125,2.546233892440796,0.0005127411831695738,-0.015074849295440765,34.98046875
16834560,3836.999659909001,0.07872659710184347,0.4936889708042145,,,,,,,,0.0035400390625,2.4665510654449463,0.0004444001784625895,-0.006554132431061114,2.880145311355591
16842752,3839.6836106109986,0.040525410304421035,0.3633789122104645,0.0009123601648020063,0.0016425141162772494,0.0006842701236015047,333,869.3291923300709,37.800000000000004,6.15,0.002685546875,2.5333199501037598,0.0005390104219640257,-0.01494017502142245,33.022987365722656
16850944,3843.8383836469948,0.0864748222981595,0.5111083984375,,,,,,,,0.00390625,2.519012212753296,0.0005796693864262847,-0.009921336285679308,2.74296498298645
16859136,3846.595237485999,0.07505725778065392,0.4984130859375,,,,,,,,0.0025634765625,2.568009614944458,0.0005212362856612529,-0.011720576263112048,2.035494327545166
16867328,3849.266787435001,0.06476230570811385,0.43641358613967896,,,,,,,,0.00341796875,2.619358777999878,0.0005468221693940567,-0.012137287015598084,4.86311674118042
16875520,3852.195355896998,0.07456994199653363,0.49168702960014343,,,,,,,,0.0030517578125,2.5448193550109863,0.0005113363802580206,-0.013508402971332956,1.8807907104492188
16883712,3854.9532472380015,0.07970210037180331,0.4737792909145355,,,,,,,,0.0029296875,2.671802520751953,0.0005101064087936757,-0.012835874915441404,2.787147045135498
16891904,3857.939193385995,0.07082095600258734,0.48271486163139343,,,,,,,,0.00390625,2.521885871887207,0.000533060619997916,-0.015477239806219296,1.8794641494750977
16900096,3860.7356538999957,0.06608541529570226,0.4686035215854645,,,,,,,,0.0025634765625,2.5396955013275146,0.0006007719027847358,-0.018174907156777345,1.5415891408920288
16908288,3863.612772964996,0.08124016013179142,0.45848390460014343,0.001242649337162005,0.0016907796890969218,0.0009319870028714483,333,844.5321991159353,35.550000000000004,6.15,0.00341796875,2.5975759029388428,0.0005813988606909737,-0.016558580578014518,1.882350206375122
16916480,3867.6815829670013,0.06754021942797561,0.4581665098667145,,,,,,,,0.0029296875,2.4492034912109375,0.0005964023104925165,-0.01715329404955701,1.5819662809371948
16924672,3870.6074414859977,0.04726633073968816,0.3778320252895355,,,,,,,,0.0028076171875,2.5704543590545654,0.0006849098832647504,-0.023650517556656245,4.495382785797119
16932864,3873.0604893759955,0.10635209322718109,0.42528077960014343,,,,,,,,0.0040283203125,2.492084503173828,0.0005349590142658123,-0.01927872113732626,4.01037073135376
16941056,3875.8457586809964,0.022648746244112252,0.18873290717601776,,,,,,,,0.0030517578125,2.4991846084594727,0.0005040606981878692,-0.01876109481501965,71.45574188232422
16949248,3878.6414999539993,0.03882205191061654,0.3415893614292145,,,,,,,,0.0029296875,2.483121633529663,0.0004541927491445996,-0.013056730538159268,10.717535972595215
16957440,3881.397511188996,0.046087088490147664,0.3841796815395355,,,,,,,,0.0037841796875,2.4818761348724365,0.0005290276043721232,-0.014557997783768463,24.922988891601562
16965632,3884.2159175609995,0.08297482226582889,0.50335693359375,,,,,,,,0.0029296875,2.5174779891967773,0.0005129246831674372,-0.016055255118165367,3.7049953937530518
16973824,3887.109497694997,0.05393275209485816,0.4030395448207855,0.0009564733371780765,0.0012528738062662637,0.0007173550028836129,333,859.9398717695535,46.650000000000006,6.300000000000001,0.0037841796875,2.534048318862915,0.0005594373759543192,-0.013427239462255915,20.783700942993164
16982016,3891.3026870370013,0.05019500078397761,0.4063476622104645,,,,,,,,0.0023193359375,2.469493865966797,0.000509685496884682,-0.015144652904650197,19.358234405517578
16990208,3894.1602205320014,0.09104050531416695,0.5243896842002869,,,,,,,,0.0029296875,2.482675075531006,0.00046058295638684577,-0.010205054498250533,2.340668201446533
16998400,3896.681383819996,0.05564890225818693,0.40003663301467896,,,,,,,,0.00439453125,2.539167642593384,0.0005667343336285269,-0.011405036687782207,26.69317626953125
17006592,3899.446924348995,0.055262746612821545,0.40611574053764343,,,,,,,,0.00244140625,2.5826337337493896,0.0005662696002928236,-0.011776791633505701,22.95346450805664
17014784,3902.294837411995,0.08584927915786542,0.517810046672821,,,,,,,,0.00390625,2.5304670333862305,0.0005622977146981789,-0.012775829312528615,2.9850897789001465
17022976,3905.0397559819976,0.07530346978799411,0.4920410215854645,,,,,,,,0.0023193359375,2.4795570373535156,0.0006677456632716572,-0.013333283784222183,3.7526657581329346
17031168,3907.9942911229955,0.04996899714554524,0.30341798067092896,,,,,,,,0.0032958984375,2.543762683868408,0.0006111025915831458,-0.013905636843811464,33.221736907958984
17039360,3910.7081088580017,0.05642704815651554,0.42283937335014343,0.0010423974637504552,0.0012649064119371056,0.0007817980978128691,333,851.5399320823428,26.700000000000003,6.15,0.0037841796875,2.440338134765625,0.0005882503321605892,-0.010119890416264779,26.115833282470703
17047552,3914.78092284,0.1047915265665123,0.547412097454071,,,,,,,,0.0023193359375,2.558636426925659,0.000614076100120764,-0.01224486782566688,2.70621395111084
17055744,3917.4513888629954,0.08958807509263093,0.5252319574356079,,,,,,,,0.0032958984375,2.497093439102173,0.0006356849366517814,-0.012883566128294915,1.6864728927612305
17063936,3920.0567898049994,0.05602536553061458,0.4379028379917145,,,,,,,,0.00390625,2.437570095062256,0.0007084523344170757,-0.0074644395861307436,23.396608352661133
17072128,3922.686874430001,0.08445725867584486,0.50390625,,,,,,,,0.0020751953125,2.5786805152893066,0.0007251609271103909,-0.019751368469856586,2.0903589725494385
17080320,3925.3990153819977,0.06757129522142785,0.4078002870082855,,,,,,,,0.0042724609375,2.424976110458374,0.0006888807383029771,-0.01249993102498713,19.976980209350586
17088512,3927.9184321879948,0.08323894098560919,0.4784789979457855,,,,,,,,0.0029296875,2.4931981563568115,0.0006943567747734747,-0.019901210556821498,3.478346347808838
17096704,3930.3306202719978,0.07340488257922535,0.46873781085014343,,,,,,,,0.0028076171875,2.5161476135253906,0.0007060168252044363,-0.012967639930768061,2.6221656799316406
17104896,3932.989408755995,0.07228671662094517,0.40174561738967896,0.0012764177326194392,0.0014040893131730403,0.0009573132994645794,333,835.4353815520844,25.8,6.15,0.00390625,2.478914260864258,0.0007839017860884478,-0.015591880664937736,14.962921142578125
17113088,3937.248335391996,0.0817789968104152,0.5050415396690369,,,,,,,,0.002685546875,2.5278170108795166,0.0006987222846404073,-0.010112346285120588,2.1017842292785645
17121280,3939.803292206998,0.0506917887457403,0.35679933428764343,,,,,,,,0.0035400390625,2.532682418823242,0.0005758809701115197,-0.013804990435675596,26.970029830932617
17129472,3942.4303577179962,0.03317825768135952,0.3061767518520355,,,,,,,,0.003662109375,2.439911365509033,0.0006616008392128503,-0.016256332895437705,34.562530517578125
17137664,3944.7684155479947,0.07508978006011291,0.4842773377895355,,,,,,,,0.00244140625,2.566701889038086,0.0007702649552803198,-0.007804063454789345,3.165087938308716
17145856,3947.559066073998,0.09846724520358961,0.5318970084190369,,,,,,,,0.00341796875,2.444349527359009,0.0007276026947371506,-0.0012525703246404963,19.165910720825195
17154048,3949.824763204,0.08772160213417,0.4880615174770355,,,,,,,,0.0040283203125,2.5060410499572754,0.0007334796161408974,-0.014541061968513855,4.145244121551514
17162240,3952.4070142389974,0.0827650327368267,0.507336437702179,,,,,,,,0.002197265625,2.554086446762085,0.0008076560764342933,-0.01337657813072821,2.156088352203369
17170432,3955.0579373360015,0.11172630057562122,0.4919677674770355,0.0012497604454120292,0.0011118189234696763,0.0009373203340590219,333,835.5388773585314,48.150000000000006,6.15,0.0035400390625,2.469214677810669,0.0008085911754234232,-0.009348877942878756,2.3120663166046143
17178624,3959.150902415997,0.06689003672578786,0.4221557676792145,,,,,,,,0.003173828125,2.446115255355835,0.0008176810070332774,-0.0094068834382274,19.472694396972656
17186816,3961.5974690789953,0.06821590622929767,0.4707275331020355,,,,,,,,0.0032958984375,2.4729537963867188,0.0008698017784219969,-0.014384977849223846,12.683837890625
17195008,3964.2668619239994,0.035394498881516454,0.27460938692092896,,,,,,,,0.003662109375,2.4191460609436035,0.0008712689314206434,-0.016523269754413723,41.9914665222168
17203200,3966.5000806649987,0.0871549635926102,0.494140625,,,,,,,,0.0029296875,2.5236613750457764,0.0007233646271851413,-0.017592298775371447,3.6231019496917725
17211392,3969.315799402997,0.057382115437819126,0.38023683428764343,,,,,,,,0.0030517578125,2.433307409286499,0.000705823812607087,-0.01255762909582387,26.924793243408203
17219584,3972.3524696120003,0.07168427987673374,0.4432373046875,,,,,,,,0.003173828125,2.3717668056488037,0.0008777927953962372,-0.018052917000857538,6.0038161277771
17227776,3974.888868835995,0.10328353151154308,0.533203125,,,,,,,,0.003173828125,2.410425901412964,0.0008694684088489391,-0.010565874939837145,2.1206045150756836
17235968,3977.4552014610017,0.1520757008985621,0.50750732421875,0.0014184807588184523,0.0015673610776225644,0.0010638605691137837,333,821.3316708138035,47.550000000000004,6.15,0.003173828125,2.476104259490967,0.000870946446812404,-0.006045199020281558,1.7235771417617798
17244160,3981.3332264229975,0.11036967669831466,0.49005126953125,,,,,,,,0.0029296875,2.4472153186798096,0.0008543276983896675,-0.017790229852729596,2.096158742904663
17252352,3983.8639455719967,0.04173862025906867,0.27972412109375,,,,,,,,0.0029296875,2.453005790710449,0.0008075006788209604,-0.018544259731542157,20.967456817626953
17260544,3986.2776528999966,0.047430489921032,0.36949464678764343,,,,,,,,0.0037841796875,2.3690226078033447,0.0008306346784179297,-0.025972315325987507,11.021956443786621
17268736,3988.7470914799997,0.03468966982277246,0.29375001788139343,,,,,,,,0.00341796875,2.4636502265930176,0.0008158619850944238,-0.020151782189201266,39.56390380859375
17276928,3991.270443452995,0.05379484584625266,0.4095214903354645,,,,,,,,0.0025634765625,2.471186876296997,0.0007757845973271893,-0.012941589599495165,23.961931228637695
17285120,3994.031175431999,0.07360797146564106,0.45762941241264343,,,,,,,,0.0040283203125,2.3680672645568848,0.0007982505561472397,-0.008650174485653191,21.770526885986328
17293312,3996.6388386359977,0.09975497687528712,0.5376343131065369,,,,,,,,0.002685546875,2.5407867431640625,0.0007978502143415334,-0.004079036855599225,3.652801513671875
17301504,3999.4327068540006,0.09696490663648308,0.528796374797821,0.001337341562032357,0.0012861065964698826,0.0010030061715242677,333,836.4241158151472,14.100000000000001,6.15,0.003662109375,2.5449399948120117,0.0007854608404290753,-0.005168573410040086,2.3219361305236816
17309696,4003.5233921779945,0.08852603802662473,0.5085815787315369,,,,,,,,0.003173828125,2.4873077869415283,0.000575521142096358,-0.008869068432199282,2.140108108520508
17317888,4005.6120944659997,0.03204728472103711,0.2783569395542145,,,,,,,,0.0028076171875,2.5597779750823975,0.0007283770779118459,-0.015017837733316525,46.034305572509766
17326080,4008.0809524200013,0.06520790336723468,0.40650635957717896,,,,,,,,0.0037841796875,2.3285651206970215,0.0006178748590903727,-0.0052250010394094965,22.150110244750977
17334272,4010.2428786189994,0.04331686755976582,0.32990723848342896,,,,,,,,0.0023193359375,2.5093414783477783,0.0006381774388769523,-0.009934436805935951,40.61880111694336
17342464,4012.878849061999,0.05969086113703295,0.42974853515625,,,,,,,,0.0035400390625,2.412982225418091,0.0005636758327314251,-0.008745416274221577,24.339149475097656
17350656,4015.6798046199983,0.09109049012075737,0.5036865472793579,,,,,,,,0.0037841796875,2.355909824371338,0.0006305368214883922,-0.008059536084471254,6.484615325927734
17358848,4018.936939913001,0.09420331272211342,0.5359131097793579,,,,,,,,0.001953125,2.601778984069824,0.0006155647044993051,-0.007569604006527783,2.2668652534484863
17367040,4021.620265744001,0.042465829560651105,0.34752199053764343,0.0012955882912294436,0.0015149706829428178,0.0009716912184221105,333,827.3540799721859,11.25,6.15,0.00390625,2.4050087928771973,0.0005771582229484595,-0.01794370531920115,19.418914794921875
17375232,4025.625974964998,0.05158366654583542,0.39643555879592896,,,,,,,,0.00341796875,2.5640830993652344,0.0006219946544827604,-0.017764973191997338,10.772067070007324
17383424,4027.9530788299962,0.08827841040421636,0.48735353350639343,,,,,,,,0.0032958984375,2.4796090126037598,0.0006228365068023933,-0.008460897719763983,22.139745712280273
17391616,4030.481967052001,0.06498871614143349,0.44550782442092896,,,,,,,,0.0032958984375,2.467564821243286,0.0005191331311305003,-0.0057537616691427495,23.877405166625977
17399808,4032.7358235939973,0.11316800259859323,0.551928699016571,,,,,,,,0.002685546875,2.5409719944000244,0.0005608629748465876,-0.007529911251070343,4.002540111541748
17408000,4035.2110287530013,0.0812773608933825,0.4977050721645355,,,,,,,,0.0030517578125,2.45733904838562,0.0005936986882534301,-0.01362998084955356,4.474410533905029
17416192,4037.9273812959946,0.09678274127720346,0.537158191204071,,,,,,,,0.003173828125,2.4590342044830322,0.0006207534385337388,-0.008306654699229003,1.9807170629501343
17424384,4040.459984137,0.06930981371768778,0.455810546875,,,,,,,,0.0030517578125,2.528820514678955,0.0005946688265643374,-0.013018840993763032,3.786891222000122
17432576,4043.0649417589957,0.09492745859472604,0.4765258729457855,0.0011576221106114337,0.0011138364844464066,0.0008682165829585475,333,853.263016161427,15.600000000000001,6.15,0.0032958984375,2.4421308040618896,0.0005947529739905866,-0.013928139020463135,3.3471245765686035
17440768,4046.764143674998,0.039873283636774455,0.31354981660842896,,,,,,,,0.00244140625,2.4733636379241943,0.0006286760573506189,-0.017655165799101483,32.4341926574707
17448960,4049.2707545939993,0.07102124308948082,0.4396606385707855,,,,,,,,0.0037841796875,2.4280331134796143,0.0007170634184711089,-0.007765446541895669,22.8813533782959
17457152,4052.0764088569995,0.03044927620211394,0.25665283203125,,,,,,,,0.002685546875,2.415476083755493,0.0007136933489899633,-0.01916972174910076,48.5751838684082
17465344,4054.3124498760008,0.03145550144687897,0.2781982421875,,,,,,,,0.002685546875,2.4218332767486572,0.0006723798867990238,-0.017748320366249775,43.18571090698242
17473536,4057.06526037,0.10689577344574173,0.515795886516571,,,,,,,,0.004150390625,2.3872933387756348,0.0006162323348364307,-0.006588481925971161,5.1186933517456055
17481728,4059.655207069998,0.11080402634660338,0.52764892578125,,,,,,,,0.0023193359375,2.4120426177978516,0.0007873827893881691,-0.010451969160637913,2.8610846996307373
17489920,4062.1665021320005,0.06066952929324002,0.35206300020217896,,,,,,,,0.0040283203125,2.4071290493011475,0.0007261932661417614,-0.012447115800622001,27.501447677612305
17498112,4064.6428499289977,0.0816545362630124,0.4922729432582855,0.0016261071934140503,0.001841722477163854,0.0012195803950605377,333,815.3581439004023,34.95,6.15,0.0030517578125,2.406909465789795,0.0008486850403468527,-0.01565499567371022,5.10344934463501
17506304,4068.318151583,0.10961669477500005,0.545642077922821,,,,,,,,0.00244140625,2.4545907974243164,0.0006689545505327299,-0.0033627077817201256,1.8652416467666626
17514496,4070.924213114995,0.08053959550656983,0.5055298209190369,,,,,,,,0.00341796875,2.39668607711792,0.000779110764835167,-0.008794894547294235,2.1235005855560303
17522688,4073.310714321997,0.07758801902796965,0.4399047791957855,,,,,,,,0.0035400390625,2.4432427883148193,0.0007991873627617441,-0.012880042208324055,3.6946561336517334
17530880,4075.6067362749964,0.04663022004748416,0.3830200135707855,,,,,,,,0.0028076171875,2.525542736053467,0.0007605636066474464,-0.013828683849256465,17.530261993408203
17539072,4078.2492115679997,0.05982984534605277,0.4278808534145355,,,,,,,,0.00341796875,2.2958133220672607,0.0007829985038794174,-0.01132887924531913,11.956195831298828
17547264,4080.863021346995,0.08847003798411357,0.521655261516571,,,,,,,,0.0028076171875,2.4287452697753906,0.0008294930167280778,-0.01210633662963001,2.1771984100341797
17555456,4083.3802493269977,0.08420094901881697,0.4974609315395355,,,,,,,,0.0030517578125,2.488203525543213,0.0008708037833382587,-0.010454661027004571,1.2945646047592163
17563648,4085.8740370539963,0.07107853135918969,0.485595703125,0.0013543275766862983,0.00113233932260004,0.0010157456825147237,333,819.3786542123657,19.950000000000003,6.15,0.00341796875,2.3882789611816406,0.0009667836285531806,-0.013565572934926332,1.214407205581665
17571840,4089.9132536109973,0.048697345103740686,0.3376831114292145,,,,,,,,0.0023193359375,2.5752739906311035,0.000886505069653265,-0.013562671123872007,22.310129165649414
17580032,4092.545585613996,0.06316418857106097,0.44114992022514343,,,,,,,,0.0037841796875,2.3491616249084473,0.0009142762743878929,-0.01607691682369649,3.979257345199585
17588224,4095.072704047998,0.06399109468171159,0.41651612520217896,,,,,,,,0.0029296875,2.3696937561035156,0.0008610495040065613,-0.010724151521528945,16.044893264770508
17596416,4097.3883951659955,0.08355868705398968,0.4895873963832855,,,,,,,,0.003173828125,2.399381160736084,0.0009104680642846308,-0.019338442769319814,1.7895748615264893
17604608,4099.974804320002,0.07446531200400053,0.4764648377895355,,,,,,,,0.0030517578125,2.3706798553466797,0.0008487946130044666,-0.016355739894712687,1.6957435607910156
17612800,4102.570256656996,0.05913363748184134,0.43858644366264343,,,,,,,,0.0025634765625,2.4937005043029785,0.0007655264255963523,-0.01639945876400611,2.394179105758667
17620992,4105.2344744199945,0.07241514719219147,0.4741455018520355,,,,,,,,0.00341796875,2.388657331466675,0.0007388817653013469,-0.01867383426652348,1.2378405332565308
17629184,4107.859393143997,0.1348865358959584,0.45708009600639343,0.001938061004776892,0.0019171046147952175,0.0014535457535826968,333,787.2143714893848,45.150000000000006,6.0,0.003662109375,2.471621036529541,0.0007448977036357274,-0.01410407277989368,2.4205994606018066
17637376,4111.640345093001,0.0465648526546281,0.2913452088832855,,,,,,,,0.0032958984375,2.5041627883911133,0.0007491964657642125,-0.016915478275635703,19.898794174194336
17645568,4114.059180420998,0.06708717952337372,0.41314697265625,,,,,,,,0.0029296875,2.365083694458008,0.000829680012032652,-0.020154551422489158,7.002725124359131
17653760,4116.714807577999,0.035372753874377556,0.30451661348342896,,,,,,,,0.0029296875,2.342885732650757,0.0010186755504203449,-0.015542734969513673,27.432861328125
17661952,4118.828297581997,0.05917060248384864,0.41914063692092896,,,,,,,,0.00341796875,2.3200926780700684,0.0009547570408104944,-0.022942090297193126,5.0447564125061035
17670144,4121.450725549999,0.03401400854429467,0.286865234375,,,,,,,,0.003173828125,2.369356155395508,0.0008624604826783511,-0.023025020982944774,30.24592399597168
17678336,4124.123297416001,0.09923682771992084,0.523999035358429,,,,,,,,0.0028076171875,2.3620762825012207,0.0009681517640550696,-0.01908321066603553,2.888946294784546
17686528,4126.621712706998,0.09579671342008099,0.532421886920929,,,,,,,,0.00341796875,2.3286032676696777,0.0009883512178500142,-0.010890634506794502,2.114745855331421
17694720,4129.096231849995,0.08789950224203968,0.5041748285293579,0.0018393707209002352,0.0015388211947918728,0.0013795280406752042,115,195.61349429401812,13.8,6.15,0.003173828125,2.397329807281494,0.001110377498827475,-0.010990335547018735,1.8717033863067627
17702912,4133.090979487999,0.06607075282952715,0.3994384706020355,,,,,,,,0.0030517578125,2.378307580947876,0.0008366373748440736,-0.009866757937497405,19.67921257019043
17711104,4135.652096097001,0.05424949214639905,0.3768554627895355,,,,,,,,0.0032958984375,2.435659408569336,0.0008833535720305097,-0.01602308811236913,16.530580520629883
17719296,4138.201011516001,0.08482533914326096,0.49687501788139343,,,,,,,,0.0029296875,2.421746015548706,0.0009090487034456585,-0.012221024899988737,2.6645095348358154
17727488,4140.245688827999,0.08813312049931822,0.5035766959190369,,,,,,,,0.00341796875,2.405247449874878,0.0010422870539779083,-0.013517560255599201,1.8193925619125366
17735680,4142.876089927995,0.06716958013876005,0.4643798768520355,,,,,,,,0.0032958984375,2.417356014251709,0.0009554508440499099,-0.018650559853298092,2.034207582473755
17743872,4145.3217523150015,0.06943604290399046,0.47886964678764343,,,,,,,,0.0028076171875,2.367180824279785,0.0009371638937337723,-0.01959066282474574,1.4043927192687988
17752064,4147.533513244998,0.047589685088937184,0.38975831866264343,,,,,,,,0.0029296875,2.396977424621582,0.0009636995893926859,-0.012393590762989605,19.016748428344727
17760256,4149.656717888996,0.04615909345728267,0.35325929522514343,0.0015426442594211887,0.0016087298127887006,0.0011569831945659192,333,818.830170344685,34.050000000000004,6.15,0.00341796875,2.358181953430176,0.0009422031509749296,-0.017970288271474805,19.54045867919922
17768448,4152.905453831998,0.07119708487911218,0.4773193299770355,,,,,,,,0.0030517578125,2.410027027130127,0.0009043385045385266,-0.02146407788382746,2.6149868965148926
17776640,4154.728738509999,0.06906659870478525,0.4658203125,,,,,,,,0.0035400390625,2.486504316329956,0.0009598903169916184,-0.016253559300420908,2.990161657333374
17784832,4156.718122432998,0.07404347463864668,0.47008058428764343,,,,,,,,0.0030517578125,2.4285266399383545,0.0007640277059139944,-0.016384841520464904,2.7165720462799072
17793024,4158.380791131,0.07475141785142829,0.4864501953125,,,,,,,,0.002685546875,2.4801721572875977,0.0007542460262289774,-0.013145403201578405,1.4343558549880981
17801216,4160.292486863997,0.0508501646905162,0.30913087725639343,,,,,,,,0.004150390625,2.3420944213867188,0.0007489252392154366,-0.012599210241413234,25.043670654296875
17809408,4162.273817144996,0.04612579777862211,0.38593751192092896,,,,,,,,0.0025634765625,2.4327354431152344,0.0008521903595058999,-0.01619976960989616,20.42347526550293
17817600,4164.275712331,0.057120923360814604,0.4164794981479645,,,,,,,,0.0032958984375,2.4282898902893066,0.0008066093491789772,-0.014547546092172254,19.778697967529297
17825792,4166.329078912997,0.04936688738621886,0.2677856385707855,0.0014136600409950795,0.0019221060595845385,0.0010602450307463096,333,820.2118446784475,9.15,6.15,0.003662109375,2.3509535789489746,0.0009170374899546418,-0.017738962097641555,26.853565216064453
17833984,4170.162408193995,0.0724181674312621,0.4565795958042145,,,,,,,,0.002685546875,2.4859282970428467,0.000802833927355584,-0.010239910529774627,20.00545310974121
17842176,4172.225372807996,0.07239932807828978,0.43458253145217896,,,,,,,,0.003662109375,2.3533339500427246,0.0008448287638905816,-0.009005895726905999,36.83285140991211
17850368,4174.414726871,0.16125388613291464,0.5867919921875,,,,,,,,0.003173828125,2.472196340560913,0.0007998294396397432,0.0006428437123374248,2.5052337646484375
17858560,4176.137382431996,0.09025752883562065,0.51971435546875,,,,,,,,0.00341796875,2.48616361618042,0.0008507421853443109,-0.01063499445276208,2.200411558151245
17866752,4178.551910235998,0.06309230280629834,0.42127686738967896,,,,,,,,0.0030517578125,2.4264566898345947,0.000927775378315232,-0.011878153158141145,19.284494400024414
17874944,4181.193060532001,0.0961579624341938,0.5093994140625,,,,,,,,0.0025634765625,2.3564672470092773,0.0009578552984590427,-0.013574757371854438,2.3464300632476807
17883136,4183.9714920049955,0.07753959713565853,0.4900878965854645,,,,,,,,0.0035400390625,2.3250732421875,0.0010597021411238305,-0.019161079924117762,1.674020767211914
17891328,4186.586521552999,0.04140970222499552,0.3404785096645355,0.0017186115438243554,0.0018929995678711453,0.0012889586578682666,333,807.9581917713642,17.400000000000002,6.15,0.00341796875,2.4604504108428955,0.0010701034665833165,-0.018239490083063442,16.612293243408203
17899520,4190.5500228569945,0.028065263524617926,0.26667481660842896,,,,,,,,0.0032958984375,2.406677722930908,0.0010941655435836584,-0.019954824434452605,35.9385871887207
17907712,4193.252706706,0.09138039524060818,0.49943849444389343,,,,,,,,0.0032958984375,2.4181172847747803,0.0009830820217702207,-0.012565714109174432,3.287741184234619
17915904,4195.653254295998,0.04424003681672137,0.32573243975639343,,,,,,,,0.00341796875,2.4182114601135254,0.0009641242991934584,-0.01273630118603854,29.950763702392578
17924096,4197.823418642001,0.08378239219559068,0.4820312559604645,,,,,,,,0.0032958984375,2.438997745513916,0.0008942611141229406,-0.013835352583292927,5.256589412689209
17932288,4200.382730257996,0.09585581780874897,0.532092273235321,,,,,,,,0.0037841796875,2.4984405040740967,0.0007972453162869986,-0.007563758783420219,2.7587716579437256
17940480,4203.117743260002,0.06336905345311598,0.4444580078125,,,,,,,,0.0030517578125,2.4992895126342773,0.0007906458307718189,-0.008253637715635807,14.92919635772705
17948672,4205.677379094996,0.05237509517159736,0.39088135957717896,,,,,,,,0.00390625,2.4168951511383057,0.0008651423144463433,-0.01918591324102474,16.14238929748535
17956864,4208.279647152995,0.08925096896754672,0.51910400390625,0.0013717809759625776,0.002301788654099135,0.0010288357319718777,333,820.9079285345256,17.400000000000002,6.15,0.0025634765625,2.480151891708374,0.0009081274321551813,-0.013312978755550535,4.033820629119873
17965056,4212.459862591,0.06225592521509496,0.37556153535842896,,,,,,,,0.0040283203125,2.492311477661133,0.000749673918686522,-0.014879745058613211,29.402841567993164
17973248,4215.087680803001,0.09076156261826304,0.5240845084190369,,,,,,,,0.0032958984375,2.3982839584350586,0.0007407781390184054,-0.008112214082786248,2.815875768661499
17981440,4217.758216611997,0.05673585539840862,0.4088501036167145,,,,,,,,0.0029296875,2.540964365005493,0.0007709639556858772,-0.011886291381202726,21.390506744384766
17989632,4219.817528456995,0.06263173189169816,0.4445556700229645,,,,,,,,0.0035400390625,2.519052267074585,0.0007476043156273704,-0.0080982847756401,19.718734741210938
17997824,4222.317061089001,0.0717848040278875,0.47833251953125,,,,,,,,0.0028076171875,2.4406354427337646,0.0007737543721199058,-0.020006440226190362,4.676005840301514
18006016,4224.959038082001,0.06525179856865364,0.45074462890625,,,,,,,,0.003173828125,2.5279593467712402,0.0007447962703807098,-0.008433019803610017,19.220401763916016
18014208,4227.298780284997,0.07033433212280543,0.4437011778354645,,,,,,,,0.00439453125,2.4565329551696777,0.000752475244442552,-0.006492064264109349,16.305200576782227
18022400,4229.915816829001,0.11094233006054735,0.535168468952179,0.0012433148278561124,0.0013701410280007043,0.0009324861208921398,333,835.6025126475643,29.400000000000002,6.15,0.001953125,2.5467522144317627,0.0007245022534144718,-0.003843841713845246,2.578782796859741
18030592,4233.951131736001,0.09528589080054684,0.523632824420929,,,,,,,,0.0037841796875,2.4819347858428955,0.0007354831135606421,-0.008915671735768727,9.190964698791504
18038784,4236.409751670995,0.08940248435022691,0.526599109172821,,,,,,,,0.003173828125,2.408048629760742,0.0006230444428315662,-0.011030444318190544,1.7184089422225952
18046976,4238.952764073998,0.06927046544222572,0.4833618104457855,,,,,,,,0.0025634765625,2.6068837642669678,0.000793782721382752,-0.013868037420708574,1.6265900135040283
18055168,4241.032018505997,0.06605922512000133,0.4636474549770355,,,,,,,,0.004150390625,2.454965353012085,0.0007587351622695415,-0.01305961794952435,2.3551337718963623
18063360,4243.611497095,0.06117589537139896,0.4592651426792145,,,,,,,,0.0023193359375,2.5562851428985596,0.0006233375083648518,-0.017390174441294946,2.129713773727417
18071552,4246.246948508997,0.0641064444736415,0.46699219942092896,,,,,,,,0.0035400390625,2.5479977130889893,0.0006142980035322987,-0.016157502079683906,1.8993732929229736
18079744,4248.844492885,0.04886473717759359,0.3705810606479645,,,,,,,,0.0035400390625,2.4690115451812744,0.000609510923684442,-0.015175355267352881,20.17255401611328
18087936,4251.664319459,0.07467233484574332,0.4990600645542145,0.001146525004429022,0.0013213067828575786,0.0008598937533217388,333,841.6511592130239,25.05,6.15,0.0025634765625,2.5404648780822754,0.0007374384863597649,-0.016598812357281757,1.902098536491394
18096128,4255.6147877979965,0.06604495961083508,0.41936036944389343,,,,,,,,0.0037841796875,2.4628477096557617,0.000737222402487081,-0.01112407214434353,20.302480697631836
18104320,4258.187616026,0.13678589074435094,0.4943481385707855,,,,,,,,0.002685546875,2.4852211475372314,0.00076840692274871,-0.016760699503366314,1.8737503290176392
18112512,4260.719955116001,0.07929251693027102,0.4630371034145355,,,,,,,,0.0030517578125,2.556762218475342,0.0007554122430636356,-0.02074989503084041,2.3834030628204346
18120704,4262.885966351998,0.0571688581385941,0.38922119140625,,,,,,,,0.0035400390625,2.4616048336029053,0.0007716185476951409,-0.012723566911408008,22.159360885620117
18128896,4265.610011101999,0.07904419644418754,0.487548828125,,,,,,,,0.0028076171875,2.4872283935546875,0.0007449617489458937,-0.01930841658659738,1.9423965215682983
18137088,4268.012930591001,0.08134774897513522,0.48052978515625,,,,,,,,0.0035400390625,2.4992809295654297,0.0007294083816680175,-0.01620689889811534,1.8750683069229126
18145280,4270.682475499001,0.024824281682569685,0.2200927734375,,,,,,,,0.00341796875,2.3762521743774414,0.0008337122975462519,-0.017941370232503678,105.87841796875
18153472,4273.268352184001,0.033358863355157524,0.28767091035842896,0.001332798860942952,0.0014269531739888874,0.0009995991457072417,333,830.7067021388696,47.85,6.15,0.0030517578125,2.3824493885040283,0.0008258759155217454,-0.013878476275383689,28.41375160217285
18161664,4277.052050519997,0.07173329463687964,0.46879884600639343,,,,,,,,0.0029296875,2.3435866832733154,0.0007460970273855949,-0.007128476918619267,3.939443349838257
18169856,4279.477422229,0.07136560311848308,0.4712890684604645,,,,,,,,0.003662109375,2.479524850845337,0.0006944014254959274,-0.009785109741137051,3.5320184230804443
18178048,4281.880620017,0.033709866563009484,0.26575928926467896,,,,,,,,0.0028076171875,2.467463493347168,0.0007972500611536093,-0.016626503794171285,39.853240966796875
18186240,4283.886295650002,0.05665565867877201,0.4023803770542145,,,,,,,,0.0030517578125,2.4018542766571045,0.0008440349757299348,-0.015128459586884472,20.594043731689453
18194432,4286.522948353995,0.027648702787885712,0.26160889863967896,,,,,,,,0.00341796875,2.312605142593384,0.0008949280634068524,-0.017315851811360524,37.709800720214844
18202624,4289.196646528995,0.06125017476976216,0.4246826171875,,,,,,,,0.0028076171875,2.398481607437134,0.0009084660410104695,-0.023389678828573988,7.7145538330078125
18210816,4291.816329354995,0.10794596529264343,0.5465942621231079,,,,,,,,0.0035400390625,2.340439558029175,0.000929120722827026,-0.012704052976453646,2.4841017723083496
18219008,4294.3235650470015,0.04242767646803519,0.35498046875,0.0018076891507440296,0.0018159055672450908,0.00135576686305805,333,803.6401189992137,28.200000000000003,6.15,0.0028076171875,2.410398244857788,0.000930659447259341,-0.01222401941263824,34.9750862121582
18227200,4298.319939959001,0.10544587191825201,0.33861085772514343,,,,,,,,0.00341796875,2.410452127456665,0.0008993177542550024,-0.010273720990794282,22.576955795288086
18235392,4300.890102794998,0.06734010807429629,0.45524904131889343,,,,,,,,0.0035400390625,2.326988697052002,0.0008997523638876181,-0.008236589645996833,22.893152236938477
18243584,4303.432153312999,0.11287305798051386,0.556958019733429,,,,,,,,0.0023193359375,2.4198927879333496,0.0008746956355774049,-0.011725401756797312,2.444303274154663
18251776,4305.714673208,0.10677430365729518,0.5293335318565369,,,,,,,,0.0030517578125,2.364076852798462,0.0007938757572363286,-0.017751010697763837,1.6987327337265015
18259968,4308.468057503,0.06951634288780127,0.4062744081020355,,,,,,,,0.0032958984375,2.3978981971740723,0.0009222890723026289,-0.01173998102201588,21.982868194580078
18268160,4311.080251346,0.03385761617462675,0.3055664002895355,,,,,,,,0.003173828125,2.3918042182922363,0.0008634603465607071,-0.014951499966323452,33.929561614990234
18276352,4313.834760824,0.03403053331031137,0.2906127870082855,,,,,,,,0.0037841796875,2.386861562728882,0.0008454326644919963,-0.0134303043709001,39.836341857910156
18284544,4316.439243171,0.026936856004634926,0.24169921875,0.0012040603779980286,0.00168771519568911,0.0009030452834984937,333,840.8491764669943,20.1,6.15,0.00244140625,2.42496395111084,0.0007318574748105267,-0.018611738578363197,54.45870590209961
18292736,4320.199330714,0.04409931988051586,0.34916993975639343,,,,,,,,0.003173828125,2.321744680404663,0.0006512104255750328,-0.014190871514524812,43.80575180053711
18300928,4322.840650525999,0.16638635258488177,0.6113037467002869,,,,,,,,0.0030517578125,2.3742563724517822,0.0005720866692051629,0.006114623962944237,2.650677442550659
18309120,4325.346483379995,0.057292884734534526,0.38648682832717896,,,,,,,,0.003173828125,2.5394418239593506,0.0006646291303961105,-0.001671622350205535,41.80495834350586
18317312,4327.568360368998,0.10093247080627439,0.531445324420929,,,,,,,,0.0035400390625,2.4740281105041504,0.0006508190385415835,-0.006205388557034582,3.1131389141082764
18325504,4330.370424711,0.07862154781447034,0.48680421710014343,,,,,,,,0.0029296875,2.480001449584961,0.0006053695295451522,-0.009399962255296677,20.009723663330078
18333696,4332.898041209999,0.13342750823658991,0.538561999797821,,,,,,,,0.002685546875,2.4780285358428955,0.0008072911818812756,-0.012118999941651274,2.5620057582855225
18341888,4335.682935489,0.062012205786458545,0.44508057832717896,,,,,,,,0.0037841796875,2.3609306812286377,0.0006876129115194196,-0.011499004524248771,18.983320236206055
18350080,4338.233406895997,0.06075375110426593,0.4101806581020355,0.0011427058998868533,0.001324016996355093,0.0008570294249151678,333,847.1765921649198,17.7,6.15,0.0029296875,2.537661552429199,0.0006349833186645171,-0.015921263554737858,23.871252059936523
18358272,4342.026690737999,0.08642264697744972,0.506848156452179,,,,,,,,0.003662109375,2.505885601043701,0.0005928741974274843,-0.017261538223984567,4.1945929527282715
18366464,4344.535756280995,0.06755687307264462,0.46197509765625,,,,,,,,0.0028076171875,2.467329978942871,0.0006142759271335896,-0.010407820421114978,17.70362663269043
18374656,4347.153402987999,0.0901038615503045,0.5205444693565369,,,,,,,,0.00341796875,2.6158041954040527,0.0006213783789801308,-0.013127189959438446,2.579676628112793
18382848,4349.403676477996,0.06487846605221276,0.45976564288139343,,,,,,,,0.00341796875,2.554533004760742,0.0006005941607222232,-0.013896185232222014,4.280594348907471
18391040,4351.956530470001,0.07035809290952597,0.4787841737270355,,,,,,,,0.0025634765625,2.671309232711792,0.00042019129482318007,-0.015573913989856754,2.3047666549682617
18399232,4354.597869013,0.037242772066588735,0.2974609434604645,,,,,,,,0.0040283203125,2.6153595447540283,0.00043848399401502647,-0.015996224674611603,38.2966423034668
18407424,4356.993285359997,0.07181175909610257,0.4801879823207855,,,,,,,,0.0028076171875,2.527365207672119,0.00042103942609594824,-0.019765248542538305,2.920475721359253
18415616,4359.7847723509985,0.053224941487443056,0.40855714678764343,0.0007889619609637855,0.0009257713770784992,0.0005917214707228391,321,846.4478501348339,33.15,6.300000000000001,0.0030517578125,2.651801824569702,0.0004350968313717729,-0.010702883734912176,21.563247680664062
18423808,4363.441054873998,0.07220703318915055,0.47772216796875,,,,,,,,0.0040283203125,2.5763463973999023,0.0004303314777509559,-0.01466460634562012,3.2694480419158936
18432000,4365.917532918,0.070870563243005,0.4851318299770355,,,,,,,,0.00244140625,2.675504684448242,0.0004230067438993901,-0.011483270364155616,2.2289063930511475
18440192,4368.220407374996,0.055661789411763564,0.39764404296875,,,,,,,,0.003662109375,2.6573662757873535,0.00045749886491619485,-0.011708506548294665,22.263843536376953
18448384,4370.542908336996,0.05684875022982519,0.431884765625,,,,,,,,0.002685546875,2.566509246826172,0.0005030947817277198,-0.021083569117972725,4.7619476318359375
18456576,4372.946429752999,0.06263432835747133,0.41789552569389343,,,,,,,,0.00341796875,2.661078929901123,0.0004947942717072884,-0.009865005540201581,24.639978408813477
18464768,4375.554466565001,0.0795385975615903,0.4739746153354645,,,,,,,,0.003662109375,2.490572929382324,0.0005035479497392803,-0.017162140140651243,3.9526798725128174
18472960,4378.110525616998,0.061189220318721406,0.40350341796875,,,,,,,,0.002685546875,2.642165184020996,0.00048808281666223863,-0.024013896800937216,7.623608589172363
18481152,4380.763149304999,0.06548487256898716,0.3969970643520355,0.0010914874029113175,0.001106445420397617,0.0008186155521834326,333,850.8069291371671,25.650000000000002,6.300000000000001,0.00390625,2.5850203037261963,0.0005266551581897261,-0.011627146511717423,26.98052406311035
18489344,4384.6817839279975,0.09775892009600766,0.5249390006065369,,,,,,,,0.0028076171875,2.4875833988189697,0.0005596393873892325,-0.011614173613743646,2.4666707515716553
18497536,4387.161769193997,0.07426366494000017,0.46856689453125,,,,,,,,0.0030517578125,2.627441644668579,0.0004598118630346759,-0.010333250804663144,3.1612489223480225
18505728,4389.909528304997,0.059233300121933,0.43901368975639343,,,,,,,,0.0042724609375,2.490556001663208,0.0004836183769614255,-0.015736953010114924,4.535236358642578
18513920,4392.227276910999,0.05074213761459321,0.40855714678764343,,,,,,,,0.0025634765625,2.634110450744629,0.0004567259651593325,-0.018969570910654418,7.026978969573975
18522112,4394.812251864001,0.08733486679979263,0.513500988483429,,,,,,,,0.00390625,2.527207612991333,0.0006157260190859937,-0.009793982265131828,2.405867338180542
18530304,4397.246439292001,0.08020293897545568,0.48585206270217896,,,,,,,,0.002685546875,2.5668857097625732,0.0006752212275304981,-0.01408874463612912,2.739567518234253
18538496,4399.889196122,0.06269216199706606,0.42249757051467896,,,,,,,,0.0030517578125,2.584758996963501,0.0006681523539984191,-0.018603871737737587,4.273799896240234
18546688,4402.506123747,0.08435013293192242,0.5013794302940369,0.0013918146751848992,0.0014329954882511542,0.0010438610063886467,333,835.780235384288,8.85,6.15,0.0035400390625,2.3900105953216553,0.0006694309974391022,-0.014338410001333363,1.7755640745162964
18554880,4406.578138532001,0.07045188782102725,0.4614501893520355,,,,,,,,0.0029296875,2.5860791206359863,0.000698797591050293,-0.01889524374085666,1.8170616626739502
18563072,4408.778945954,0.07658249755032373,0.4518188536167145,,,,,,,,0.0035400390625,2.5066983699798584,0.000743058255725515,-0.019543783029758094,1.9173729419708252
18571264,4411.014706504997,0.05951273987681319,0.4417968690395355,,,,,,,,0.0032958984375,2.5619747638702393,0.0007549468879630705,-0.018395656580342507,2.7872977256774902
18579456,4412.958934941998,0.07530649704467246,0.45262452960014343,,,,,,,,0.0028076171875,2.5722391605377197,0.0007640122459854348,-0.016734138947108988,2.205761671066284
18587648,4415.020091047001,0.05479794836105045,0.4168334901332855,,,,,,,,0.004150390625,2.5131189823150635,0.0007005660736394415,-0.020120115143945665,2.9465959072113037
18595840,4417.338603402997,0.06379058827359489,0.4681152403354645,,,,,,,,0.0028076171875,2.50632905960083,0.0006760343952783021,-0.01612069250973008,1.7040306329727173
18604032,4419.676058236,0.06535141093105627,0.4272827208042145,,,,,,,,0.0032958984375,2.605713367462158,0.0004846563310050289,-0.015627007772585837,3.0273165702819824
18612224,4422.312474111997,0.06359546287509439,0.4488159120082855,0.0011406036096870409,0.0010040826840637118,0.0008554527072652807,333,843.3818541696087,27.75,6.15,0.0035400390625,2.4533302783966064,0.0005332227447544247,-0.01579968696653074,2.8349673748016357
18620416,4426.000131657995,0.06264345817836263,0.41124269366264343,,,,,,,,0.0029296875,2.578030586242676,0.0004921415364398385,-0.008141931746687729,17.13198471069336
18628608,4428.744128706996,0.07431550633627952,0.43531495332717896,,,,,,,,0.00390625,2.5054166316986084,0.0005465528872379277,-0.022894129134915606,3.992384433746338
18636800,4431.335921409998,0.048627902223459474,0.392822265625,,,,,,,,0.0028076171875,2.453528642654419,0.0005988307748987509,-0.017454995495842673,11.818947792053223
18644992,4433.7396102970015,0.08188035480275052,0.46588134765625,,,,,,,,0.0030517578125,2.6008386611938477,0.000663323717234432,-0.01826191598256319,3.249591588973999
18653184,4436.129366784,0.09537125080916083,0.48356935381889343,,,,,,,,0.0032958984375,2.5185387134552,0.0007198292247082572,-0.011389606571150642,2.5947518348693848
18661376,4438.783069685996,0.06598494170427951,0.4665161073207855,,,,,,,,0.0029296875,2.548388719558716,0.0006231986547156065,-0.018286421773042252,1.5292309522628784
18669568,4441.399252518997,0.07966707419220496,0.48973390460014343,,,,,,,,0.0035400390625,2.5228278636932373,0.0006583633858667781,-0.012454372475125012,2.031944990158081
18677760,4443.978392616002,0.06301796449127062,0.4651245176792145,0.0009024035827051025,0.0010722259315822935,0.0006768026870288546,333,856.4389865679275,47.85,6.15,0.0030517578125,2.588059425354004,0.00051549882410451,-0.014483416391708076,2.238964080810547
18685952,4447.898000310997,0.04707836661386947,0.38702392578125,,,,,,,,0.0032958984375,2.657621383666992,0.0005901830878565217,-0.01192137307967543,23.3134765625
18694144,4450.452333631001,0.06800345100936477,0.4676269590854645,,,,,,,,0.0032958984375,2.5177559852600098,0.0005557083673045637,-0.012317859125443649,1.9335159063339233
18702336,4453.136117663998,0.04321567946726065,0.3430419862270355,,,,,,,,0.0029296875,2.5264017581939697,0.0005489758136811851,-0.017790174002299375,12.844759941101074
18710528,4455.487268033998,0.06737809101939386,0.4367919862270355,,,,,,,,0.0037841796875,2.629108190536499,0.0005255978875805534,-0.019508155519124264,4.9087347984313965
18718720,4457.705201577999,0.08721483750566922,0.48762208223342896,,,,,,,,0.0032958984375,2.611868381500244,0.0005180812529524959,-0.009618458037586508,2.9110653400421143
18726912,4460.345122795996,0.0708529796901208,0.48591309785842896,,,,,,,,0.0029296875,2.5837013721466064,0.0004898686743604053,-0.014901262443525243,1.672848105430603
18735104,4463.072145801001,0.06813713329992509,0.4609008729457855,,,,,,,,0.0035400390625,2.5944318771362305,0.0006090914782301837,-0.014094713255224484,2.356243133544922
18743296,4465.7086911840015,0.07097211929282486,0.4826293885707855,0.000919461528607779,0.0013047026219691338,0.0006895961464558065,333,863.7306154572386,24.75,6.300000000000001,0.0030517578125,2.5596554279327393,0.0005716283591898907,-0.013633082019108945,1.8133682012557983
18751488,4469.593582654001,0.05601378508410389,0.42011719942092896,,,,,,,,0.0029296875,2.618297576904297,0.00046157754747844226,-0.022785778163084965,2.8664608001708984
18759680,4472.1604519449975,0.0782083494865347,0.4812377989292145,,,,,,,,0.00341796875,2.502621650695801,0.0004995916247294563,-0.016049980776044876,2.047881841659546
18767872,4474.652593940002,0.057084610246430724,0.42413330078125,,,,,,,,0.002685546875,2.602191925048828,0.000399564540547348,-0.014100361197449025,6.968873500823975
18776064,4477.162900163996,0.06548041234080478,0.4672607481479645,,,,,,,,0.0037841796875,2.550179958343506,0.0005553685256166618,-0.012032166561224729,1.8326635360717773
18784256,4479.740295833995,0.056810933735337216,0.42979738116264343,,,,,,,,0.002685546875,2.6209983825683594,0.00047522637334762585,-0.01599854661173375,2.533276319503784
18792448,4482.370470805996,0.054000219333707404,0.39250490069389343,,,,,,,,0.0028076171875,2.5882699489593506,0.0004913638116701424,-0.016891379790129803,17.03533363342285
18800640,4484.815571608997,0.06950392371847917,0.44572755694389343,,,,,,,,0.003662109375,2.443096160888672,0.00045975430362565906,-0.01786439254460705,4.116211414337158
18808832,4487.317972441997,0.05570313056501015,0.42094728350639343,0.0009146206633208198,0.0012672640626253395,0.0006859654974906704,333,869.751206999945,42.150000000000006,6.300000000000001,0.002685546875,2.586904525756836,0.0005009251456262742,-0.01176635013026958,15.4810791015625
18817024,4491.363372271997,0.07029920685657626,0.44255372881889343,,,,,,,,0.003662109375,2.5907108783721924,0.0005185816418619149,-0.01885636467989742,5.082442760467529
18825216,4494.281018504997,0.04834684038603845,0.3473266661167145,,,,,,,,0.0030517578125,2.580108165740967,0.0005288738244628721,-0.016240918909219804,25.953577041625977
18833408,4496.9822478589995,0.038349751037310954,0.28181153535842896,,,,,,,,0.0032958984375,2.60103702545166,0.0005494029728959626,-0.017916899181229014,35.23109436035156
18841600,4499.338230946996,0.09079515753198403,0.5157104730606079,,,,,,,,0.00341796875,2.505296230316162,0.0005632512441857696,-0.008954510755544076,4.335267543792725
18849792,4501.627426722,0.10709597410261154,0.5309082269668579,,,,,,,,0.0028076171875,2.5117218494415283,0.0005224321624648365,-0.008455307352480032,2.0868263244628906
18857984,4504.236666163,0.05664786387282536,0.4394775331020355,,,,,,,,0.0029296875,2.5401930809020996,0.0004695380552477424,-0.010333961724230815,18.08849334716797
18866176,4506.835710250001,0.0776010605266863,0.4866088926792145,,,,,,,,0.0037841796875,2.5530495643615723,0.0004637411221528609,-0.01310890881963861,4.381279468536377
18874368,4509.439561327999,0.07706755538425758,0.49427491426467896,0.0009240003578616651,0.0009542779832202308,0.0006930002683962488,333,864.1487994498589,19.950000000000003,6.15,0.0029296875,2.615363121032715,0.00044052799689042743,-0.0113772881000827,2.4241104125976562
18882560,4513.324836136999,0.08310167284147923,0.4889770448207855,,,,,,,,0.003662109375,2.667088270187378,0.0005054320993512773,-0.010978210399491936,2.5906360149383545
18890752,4515.878346776997,0.09968575443607222,0.4253784120082855,,,,,,,,0.0028076171875,2.558490753173828,0.00045276426451534846,-0.01429253068783138,7.515801906585693
18898944,4518.634001361999,0.05395852734511722,0.37901613116264343,,,,,,,,0.003173828125,2.5958380699157715,0.0005125819283069433,-0.020054815709979287,7.586287021636963
18907136,4520.849017838002,0.07105946721725354,0.46544191241264343,,,,,,,,0.0037841796875,2.47831392288208,0.00042836010792546286,-0.015266678825366642,2.4958760738372803
18915328,4523.129027281,0.029995813339856365,0.2864013612270355,,,,,,,,0.0023193359375,2.6132731437683105,0.0004849743419468311,-0.019188295122555127,39.38362503051758
18923520,4525.802760038998,0.07467902956493791,0.46087646484375,,,,,,,,0.003662109375,2.4973483085632324,0.00047578276994708624,-0.015803674158362997,3.7743499279022217
18931712,4528.490136316999,0.08147658288222515,0.502941906452179,,,,,,,,0.0032958984375,2.5497710704803467,0.00046474604376123274,-0.013707593382491107,2.6227054595947266
18939904,4531.039771035998,0.06885202129316446,0.47349855303764343,0.0009262256811319869,0.001468705185043273,0.0006946692608489347,333,861.5335918242574,49.800000000000004,6.15,0.003173828125,2.655921697616577,0.0005044047963878029,-0.01311303990115843,2.5266106128692627
18948096,4535.053885130001,0.05355112060363734,0.40899658203125,,,,,,,,0.0035400390625,2.5475447177886963,0.0004962746817041008,-0.012520546560886445,25.37643814086914
18956288,4537.506840304995,0.06937428687422002,0.4775024354457855,,,,,,,,0.0020751953125,2.6421518325805664,0.0005563566146749022,-0.02230244208965558,2.506371259689331
18964480,4540.190237324998,0.03799211256654808,0.3143676817417145,,,,,,,,0.0040283203125,2.4480180740356445,0.0005677276531791398,-0.014171971124829846,37.27340316772461
18972672,4542.7795226160015,0.048786909536602946,0.3664917051792145,,,,,,,,0.0028076171875,2.444204807281494,0.0005357293797443319,-0.021698980019091187,17.266752243041992
18980864,4545.1865687009995,0.10472577214715556,0.50091552734375,,,,,,,,0.003173828125,2.554776430130005,0.0005587647944742535,-0.021896109777981263,3.47847056388855
18989056,4547.7473247249945,0.12222165818457563,0.51751708984375,,,,,,,,0.004638671875,2.5861294269561768,0.0005353715181173335,-0.005461618585698408,3.950779676437378
18997248,4550.254859290995,0.07395546041134048,0.49278566241264343,,,,,,,,0.001708984375,2.6116278171539307,0.0005297753168324038,-0.011975194558884843,2.482367515563965
19005440,4552.694610753999,0.07584754061929656,0.4648071229457855,0.0008289076125880257,0.0015029023383763551,0.0006216807094410193,333,862.968991132233,20.25,6.300000000000001,0.0037841796875,2.5411245822906494,0.0004424668362031925,-0.009555823127991178,11.048750877380371
19013632,4556.797567126996,0.06232693302201821,0.4213500916957855,,,,,,,,0.0035400390625,2.4955501556396484,0.0003960522663445376,-0.015774719105854384,5.775656223297119
19021824,4559.663047885995,0.07238338520018553,0.4598022401332855,,,,,,,,0.00244140625,2.741076707839966,0.0005589699292087857,-0.019464606277299335,4.283247947692871
19030016,4562.384599760997,0.095912784360012,0.4880127012729645,,,,,,,,0.0037841796875,2.5343000888824463,0.0004896846022411916,-0.010532856317379878,3.0214414596557617
19038208,4564.8482486649955,0.08583549668243931,0.4784789979457855,,,,,,,,0.002685546875,2.571537494659424,0.0005946276523789429,-0.00998804013420644,3.6907334327697754
19046400,4567.2514359049965,0.09421026927969861,0.47770997881889343,,,,,,,,0.0035400390625,2.6095991134643555,0.0006447108718850014,-0.010634561859844615,3.547757863998413
19054592,4570.142244634997,0.05299891929345505,0.3948120176792145,,,,,,,,0.0042724609375,2.408331871032715,0.0005722951557347589,-0.012652919836820204,24.470645904541016
19062784,4572.7493771169975,0.07802232820241792,0.49403077363967896,,,,,,,,0.002197265625,2.6825146675109863,0.000607888643141874,-0.016902854758746973,2.4041829109191895
19070976,4575.220981282997,0.08344945118750502,0.46251222491264343,0.000898180611871191,0.0009373997848713955,0.000673635458903421,333,857.9786976590533,14.100000000000001,6.300000000000001,0.003173828125,2.5324149131774902,0.0005993573608756853,-0.014773426403538813,3.878789186477661
19079168,4579.314491845995,0.06881766080584024,0.4753784239292145,,,,,,,,0.00341796875,2.47861909866333,0.0005999794416364779,-0.014964391170752794,2.3483541011810303
19087360,4582.082950183001,0.06864775739559488,0.47752687335014343,,,,,,,,0.003173828125,2.64801025390625,0.0005017275736547422,-0.016181174700580708,2.271803140640259
19095552,4584.6230582309945,0.0683342732541328,0.4584594666957855,,,,,,,,0.0040283203125,2.4833877086639404,0.0005207895366730053,-0.017576610037950743,2.154606342315674
19103744,4586.795508882999,0.06530772385503399,0.46820068359375,,,,,,,,0.0015869140625,2.613790988922119,0.0005338597496176156,-0.01740576521762498,2.0837960243225098
19111936,4589.1808012289985,0.06556196369304039,0.45146486163139343,,,,,,,,0.0035400390625,2.583428382873535,0.0005375652629877603,-0.014982079435774202,2.8558273315429688
19120128,4591.5696143069945,0.06537147026802669,0.46906739473342896,,,,,,,,0.003662109375,2.510460376739502,0.0005040441029412479,-0.015091340833501094,1.9208221435546875
19128320,4594.251747900998,0.056755307672711953,0.44471436738967896,,,,,,,,0.002197265625,2.6950368881225586,0.0005071769517681624,-0.018853600548685713,1.597157597541809
19136512,4597.008429554997,0.06030806659021679,0.4153198301792145,0.000753332848231647,0.00140491250689323,0.0005785301117778863,333,876.8844424190816,49.5,6.300000000000001,0.0032958984375,2.5790839195251465,0.0004785130567269702,-0.01605479025108841,2.963670492172241
19144704,4601.172103817,0.06584424508991807,0.4579223692417145,,,,,,,,0.0029296875,2.571002960205078,0.00043404165009586215,-0.017837272956848154,2.5060653686523438
19152896,4603.944860484,0.06803193560659906,0.45953369140625,,,,,,,,0.0035400390625,2.6321287155151367,0.00044813235452667577,-0.018264796947016743,2.2156240940093994
19161088,4606.976688317001,0.09457035862890856,0.46929931640625,,,,,,,,0.003662109375,2.5241072177886963,0.0004655908759260141,-0.014320825110757935,2.1665470600128174
19169280,4609.350423887001,0.05033668025348086,0.4142700135707855,,,,,,,,0.002685546875,2.7126026153564453,0.0003851738399572868,-0.021319811905188762,3.1522157192230225
19177472,4611.698463597,0.06075407263256628,0.45416259765625,,,,,,,,0.00244140625,2.5464258193969727,0.00041423887597447084,-0.017612736855921417,1.8537596464157104
19185664,4614.311020451998,0.06570999404456374,0.45634767413139343,,,,,,,,0.003173828125,2.528414726257324,0.00046380037964366405,-0.016590659831842054,1.9956550598144531
19193856,4616.965447400995,0.047263531154528735,0.39714357256889343,,,,,,,,0.003662109375,2.6534743309020996,0.0004551922847767509,-0.02137319677721946,3.861809492111206
19202048,4619.525969561997,0.08301835294066509,0.4506591856479645,0.0009121153736324494,0.0012362926249449568,0.0006840865302243371,333,864.1818079016857,30.6,6.300000000000001,0.0040283203125,2.6235289573669434,0.00041400539297753447,-0.016452186737133147,3.303661346435547
19210240,4623.486300621997,0.07118939763881761,0.48041993379592896,,,,,,,,0.0020751953125,2.6481196880340576,0.00041180544678520725,-0.017732673244019406,1.8399008512496948
19218432,4626.055364535001,0.06271979730226766,0.45111083984375,,,,,,,,0.0030517578125,2.5354061126708984,0.0004074200413736184,-0.018087569891954758,2.0821149349212646
19226624,4628.538461696,0.07278786623415076,0.45452880859375,,,,,,,,0.00341796875,2.550415515899658,0.0005027923799951761,-0.009755418575324743,2.7752158641815186
19234816,4631.121279881998,0.06998637198807221,0.45794677734375,,,,,,,,0.0029296875,2.5855705738067627,0.0005428907380631287,-0.017223066176915873,2.5902974605560303
19243008,4633.5858734130015,0.06915139756442555,0.4817138612270355,,,,,,,,0.0032958984375,2.585299253463745,0.0005075422853784151,-0.01684734740143743,1.6928685903549194
19251200,4636.221899020995,0.06112350480608362,0.459228515625,,,,,,,,0.00244140625,2.5699760913848877,0.0005506024352688321,-0.020109332433126535,1.4293524026870728
19259392,4639.049478520996,0.07209513651689303,0.38215333223342896,,,,,,,,0.00341796875,2.5228867530822754,0.0005654768002960608,-0.016021451889560914,20.339628219604492
19267584,4641.567946028001,0.0730613138372668,0.4783569276332855,0.0010324671659561746,0.0017891704954594578,0.0007743503744671587,333,854.0601104792133,20.85,6.300000000000001,0.00341796875,2.452157974243164,0.0005056831461367484,-0.021326237716442632,1.9624923467636108
19275776,4645.425858151,0.05737726789364046,0.442138671875,,,,,,,,0.003173828125,2.680842399597168,0.0005755004276917219,-0.01763941350160838,2.120908737182617
19283968,4648.210110114,0.06350347113916209,0.447021484375,,,,,,,,0.002685546875,2.5747504234313965,0.0005720807808557993,-0.017851124862082398,2.6547303199768066
19292160,4650.704927202001,0.0686681000472967,0.47163087129592896,,,,,,,,0.0032958984375,2.5670673847198486,0.0005271765593151123,-0.018114158856295033,2.4377570152282715
19300352,4653.185371415995,0.04384800559422567,0.37603759765625,,,,,,,,0.0032958984375,2.580258369445801,0.0005076996821606894,-0.01569070158200364,17.85055923461914
19308544,4655.498450235995,0.07726241315043048,0.4805908203125,,,,,,,,0.00341796875,2.525656223297119,0.0005623875730612626,-0.02018418142537462,1.9721676111221313
19316736,4657.968398434998,0.06928047684471188,0.47755128145217896,,,,,,,,0.00244140625,2.555744171142578,0.0004859865670471253,-0.020440584051569552,1.6921299695968628
19324928,4660.491419177997,0.08742758459233352,0.46583253145217896,,,,,,,,0.003662109375,2.6437418460845947,0.00047254428728393805,-0.009937305413993139,2.8545539379119873
19333120,4662.489682964995,0.040613411989803894,0.33757326006889343,0.000715464969709978,0.0010183345951368938,0.0005449018422154506,319,824.4899181981107,47.550000000000004,6.300000000000001,0.0030517578125,2.4944140911102295,0.0005459100568148134,-0.013850778354563487,33.94388961791992
19341312,4666.046484993996,0.07081246271267286,0.4670166075229645,,,,,,,,0.0028076171875,2.537297010421753,0.0005331495959566279,-0.022404100005683276,2.2978503704071045
19349504,4667.9428402720005,0.06345467316156687,0.4447021484375,,,,,,,,0.0035400390625,2.489987850189209,0.0004168788158630532,-0.01712149638407141,3.764524221420288
19357696,4669.879545265001,0.06920030013396737,0.4802002012729645,,,,,,,,0.00244140625,2.58512020111084,0.0004596733095457717,-0.011948035863203473,2.1501636505126953
19365888,4671.587880510997,0.05151882006835989,0.3856201171875,,,,,,,,0.0032958984375,2.5620839595794678,0.0004848477258306838,-0.014259134698321442,21.6621036529541
19374080,4673.4696172849945,0.06533474166666575,0.41856691241264343,,,,,,,,0.00341796875,2.5367727279663086,0.0005016991782420543,-0.013201827564878105,11.822365760803223
19382272,4675.276430221995,0.0802638460313479,0.48309326171875,,,,,,,,0.003173828125,2.6425838470458984,0.0004846045012267819,-0.018370662610877515,3.2902162075042725
19390464,4677.199721231998,0.058663518403521756,0.40863037109375,,,,,,,,0.003173828125,2.6076722145080566,0.0004965326281343163,-0.011443490113407262,22.813451766967773
19398656,4679.176720290001,0.08295100219407987,0.48784181475639343,0.0006369247598783101,0.0007899968020449455,0.0004934046419400318,333,895.1019820785034,23.55,nan,0.00341796875,2.5380349159240723,0.0005365159982647638,-0.011515287779961681,3.866797685623169
19406848,4682.71769279,0.06115408568605403,0.42900392413139343,,,,,,,,0.0029296875,2.6794583797454834,0.0004944686173676827,-0.014777382512539987,7.273377895355225
19415040,4684.5868613269995,0.0774982184461834,0.4653686583042145,,,,,,,,0.00390625,2.593247652053833,0.0004908364774574014,-0.005562167267038462,9.33194637298584
19423232,4686.591706425999,0.08923734804209998,0.4914184510707855,,,,,,,,0.002197265625,2.6295459270477295,0.0005106147896737356,-0.008541912947875896,4.579679012298584
19431424,4688.260705964996,0.08666431638713537,0.5215088129043579,,,,,,,,0.0032958984375,2.6457695960998535,0.00048136270954401983,-0.010525498224210571,2.213062047958374
19439616,4690.188536135,0.04704121693026051,0.3600219786167145,,,,,,,,0.00390625,2.5673155784606934,0.00047240682400839784,-0.01659754647925011,23.219900131225586
19447808,4691.8620316809975,0.0797219084181626,0.507336437702179,,,,,,,,0.00244140625,2.608083486557007,0.0005217205520839929,-0.01650671854157892,2.432809591293335
19456000,4693.708806990995,0.07980501559657022,0.49528810381889343,,,,,,,,0.003662109375,2.553764820098877,0.0004903786575224389,-0.013358312222748348,2.3254265785217285
19464192,4695.658100633998,0.03368781773319198,0.24227295815944672,0.0007313472853768266,0.0008266193714125958,0.0005499084431535017,333,881.6325437902973,47.550000000000004,30.75,0.002685546875,2.592071056365967,0.0004656218944081303,-0.01916900212614957,47.36902618408203
19472384,4699.212310358998,0.0758246479283125,0.47431641817092896,,,,,,,,0.0032958984375,2.485046148300171,0.0003583447128097106,-0.014076765374402406,3.435542345046997
19480576,4701.254619859996,0.09225078709386214,0.501477062702179,,,,,,,,0.003173828125,2.562784433364868,0.00046092908663286636,-0.014712580173028678,2.906144142150879
19488768,4703.547506187999,0.05438660405963977,0.42497560381889343,,,,,,,,0.0028076171875,2.6463377475738525,0.0005046722914517909,-0.01124212700506696,21.63484764099121
19496960,4705.557196820999,0.07827244170474015,0.4900756776332855,,,,,,,,0.0037841796875,2.52689528465271,0.0004729756466455015,-0.012853871574835932,2.1015231609344482
19505152,4707.761598981997,0.08381307283060124,0.503466784954071,,,,,,,,0.0025634765625,2.5420315265655518,0.0004745378183695914,-0.010219852911260182,1.8668984174728394
19513344,4709.664106441996,0.07278523480918897,0.4888061583042145,,,,,,,,0.0029296875,2.6340925693511963,0.00043129115597828616,-0.0116887780374261,1.5733375549316406
19521536,4711.698829698995,0.06867047741960856,0.4747070372104645,,,,,,,,0.0035400390625,2.5047357082366943,0.0004305711562379022,-0.015990405358640502,1.4591320753097534
19529728,4713.6241429639995,0.05091840627650534,0.35234376788139343,0.0007465475665807686,0.00109107718797119,0.0005689509917927715,333,872.1395356221958,35.25,6.300000000000001,0.0028076171875,2.65054988861084,0.00043225932577639625,-0.016376899606963927,18.02170753479004
19537920,4716.972554458,0.036605646865516275,0.20673827826976776,,,,,,,,0.003173828125,2.520781993865967,0.0005036322203554322,-0.014700394370532997,58.022003173828125
19546112,4719.106050825001,0.07972454492237734,0.4366210997104645,,,,,,,,0.0037841796875,2.4946091175079346,0.000560232735409838,-0.007942524693442907,5.749640941619873
19554304,4721.398016105995,0.025370955674802416,0.23377685248851776,,,,,,,,0.0023193359375,2.5190389156341553,0.00044150701687362126,-0.01794582965203605,48.96113204956055
19562496,4723.467676996996,0.04294749725697026,0.3506835997104645,,,,,,,,0.004150390625,2.449505090713501,0.000560131356941107,-0.010061425735609753,28.186721801757812
19570688,4725.678554712998,0.11571418551233957,0.49927979707717896,,,,,,,,0.0025634765625,2.4768223762512207,0.000484270767112438,-0.013834876772769872,4.107861042022705
19578880,4727.695362291997,0.06716558037688249,0.44671630859375,,,,,,,,0.0028076171875,2.550832986831665,0.0005399078928207679,-0.010858412575443595,20.516834259033203
19587072,4730.008979704995,0.07199611897946112,0.4794067442417145,,,,,,,,0.00341796875,2.443084239959717,0.0004957823023086227,-0.004055032512491063,14.525613784790039
19595264,4732.681065618999,0.0752209399924949,0.4034423828125,0.0009759503924833268,0.0012391167751466536,0.0007319627943624951,333,853.2865537078955,36.300000000000004,6.300000000000001,0.0029296875,2.584446907043457,0.00045232607395395696,-0.0038085810570991988,27.6428165435791
19603456,4736.591472415996,0.09122510404999694,0.42888185381889343,,,,,,,,0.003662109375,2.5021955966949463,0.0004556822148840123,-0.003903331623531096,27.1804141998291
19611648,4739.348159572997,0.10652138246508547,0.55096435546875,,,,,,,,0.0032958984375,2.487104892730713,0.0006126588245694009,-0.0075075788429605555,3.632495164871216
19619840,4742.141161205,0.12045775871767689,0.5495972037315369,,,,,,,,0.0028076171875,2.6314826011657715,0.0006765128569374834,-0.009602797980785924,3.0356571674346924
19628032,4744.625023937995,0.09941279415892054,0.5262207388877869,,,,,,,,0.0037841796875,2.439265251159668,0.0006460007067244922,-0.012220660009951232,1.9728196859359741
19636224,4747.093662686995,0.07687238017694181,0.49261474609375,,,,,,,,0.00244140625,2.5836668014526367,0.0006533558177473919,-0.013155295669513734,1.8328278064727783
19644416,4749.4814938790005,0.0725667043584564,0.46558839082717896,,,,,,,,0.00341796875,2.532911539077759,0.0006378207805883829,-0.015885131463261395,2.962189197540283
19652608,4752.079247900998,0.07490640455144952,0.47395020723342896,,,,,,,,0.0035400390625,2.526541233062744,0.0006151668828200396,-0.015305693873121551,2.7523443698883057
19660800,4754.804666297998,0.04556017707977116,0.25678712129592896,0.0009695057139109675,0.0013026673298762725,0.0007271292854331701,333,861.5378638311033,11.850000000000001,6.15,0.0023193359375,2.6584372520446777,0.000571677457052111,-0.014863958894390517,39.731201171875
19668992,4759.0854413609995,0.0554851870410841,0.3765869140625,,,,,,,,0.004150390625,2.4588992595672607,0.0005379103606725222,-0.00998661807395099,21.957378387451172
19677184,4761.580625554998,0.07300224010040875,0.4699462950229645,,,,,,,,0.002685546875,2.592317581176758,0.0005056431781462756,-0.01268066938506398,4.254733562469482
19685376,4764.267185500001,0.0563672662465924,0.3829711973667145,,,,,,,,0.003662109375,2.5080721378326416,0.0005244894036503522,-0.012971492271007088,21.786386489868164
19693568,4766.572781581999,0.0864830734161181,0.4894775450229645,,,,,,,,0.0032958984375,2.5062386989593506,0.0005579252940206558,-0.011322270787846497,4.141518592834473
19701760,4769.048028339996,0.07916397029805045,0.4898437559604645,,,,,,,,0.0025634765625,2.636630058288574,0.0005043875006096599,-0.014024286471958131,3.264923572540283
19709952,4771.467863334001,0.07386491342088201,0.42724609375,,,,,,,,0.0040283203125,2.532806634902954,0.000482096029599699,-0.00742091011071597,23.64049530029297
19718144,4773.938690716997,0.09445732977757516,0.53045654296875,,,,,,,,0.0028076171875,2.5160489082336426,0.00058235107669935,-0.007664273949172327,2.0213191509246826
19726336,4776.5208621540005,0.06375524056199276,0.3085693418979645,0.0007981382595008135,0.00125793098609428,0.0005986036946256101,333,877.6357867609257,36.15,6.300000000000001,0.003662109375,2.6463658809661865,0.0004736797445421548,-0.006330346247006652,49.943965911865234
19734528,4780.427546289997,0.05236343246722428,0.37407228350639343,,,,,,,,0.00341796875,2.489656686782837,0.0005067087951990956,-0.012240762030845696,22.052968978881836
19742720,4783.160782430001,0.06918818012771398,0.4095703065395355,,,,,,,,0.0023193359375,2.6291604042053223,0.0005290798825369203,-0.01566335885511012,10.021450996398926
19750912,4785.763083027996,0.04474655290798746,0.3604370057582855,,,,,,,,0.0048828125,2.5940446853637695,0.00048163374194654107,-0.013800403939542436,28.809558868408203
19759104,4787.991144585998,0.05615645441940227,0.4251342713832855,,,,,,,,0.0030517578125,2.528651475906372,0.00041077047147553003,-0.016872229085307052,18.62356185913086
19767296,4790.304722825,0.11812560105152517,0.563427746295929,,,,,,,,0.003662109375,2.614234209060669,0.00043704905837671504,-0.006607992634200344,2.8502445220947266
19775488,4792.671825714999,0.08653268182837864,0.4833007752895355,,,,,,,,0.00341796875,2.4353983402252197,0.0005758668826726376,-0.007637168184942303,24.813352584838867
19783680,4795.393581708995,0.09457515241280447,0.5220947265625,,,,,,,,0.0023193359375,2.605607271194458,0.000564169136596071,-0.009190315341822556,16.8870849609375
19791872,4798.012833392997,0.09882919178668566,0.5038086175918579,0.0008897100826618098,0.0013131298981918782,0.0006672825619963296,333,868.908902239328,48.0,6.300000000000001,0.00390625,2.4869279861450195,0.0005489607721420597,-0.014091188641345238,5.549801826477051
19800064,4802.053429827996,0.07053457472405798,0.433837890625,,,,,,,,0.0030517578125,2.5223896503448486,0.0005787199258004971,-0.01026763154672954,24.335988998413086
19808256,4804.853870957995,0.12498420726753008,0.517407238483429,,,,,,,,0.0030517578125,2.6888089179992676,0.0005138774366921783,-0.003104409189480722,3.9453179836273193
19816448,4807.1654344739945,0.10316843838659946,0.5116943717002869,,,,,,,,0.0037841796875,2.566880941390991,0.000504824868146736,-0.0020510176074970718,2.5586495399475098
19824640,4809.697988914995,0.03358842087964827,0.24765625596046448,,,,,,,,0.003173828125,2.646216630935669,0.0005333448836297716,-0.016838825353719347,60.93416213989258
19832832,4812.077595436,0.060983824977986115,0.43022462725639343,,,,,,,,0.0048828125,2.601069211959839,0.0005005079728986894,-0.013372326249593343,9.172030448913574
19841024,4814.704670302999,0.05066983638467635,0.41041260957717896,,,,,,,,0.0032958984375,2.5217132568359375,0.0005254328196070412,-0.009507771947669639,15.582440376281738
19849216,4817.2053605529945,0.05632848642846422,0.43177491426467896,,,,,,,,0.001708984375,2.582942247390747,0.00045094898311726084,-0.021577583882145673,14.258987426757812
19857408,4819.712765658995,0.026564249233873127,0.2603515684604645,0.0007625458551883124,0.0008018768301215617,0.0005719093913911788,333,875.8755781157128,12.3,6.300000000000001,0.0048828125,2.3238298892974854,0.00047523357965872925,-0.017808196300870476,45.65577697753906
19865600,4823.6683119169975,0.06671926332810182,0.44035646319389343,,,,,,,,0.0025634765625,2.588099956512451,0.0005786255417044028,-0.017419900130573884,9.946822166442871
19873792,4826.155027927998,0.1432109726144974,0.576611340045929,,,,,,,,0.003173828125,2.5816731452941895,0.0005405646910878747,0.003219562836930131,3.670292615890503
19881984,4828.8012293629945,0.0878061626689984,0.5054565668106079,,,,,,,,0.004150390625,2.455364227294922,0.0005494406554137354,-0.011037671526421464,6.592383861541748
19890176,4831.216816849999,0.05465871422098926,0.42066651582717896,,,,,,,,0.001708984375,2.5861964225769043,0.0005722725400554296,-0.012322978348068695,14.659695625305176
19898368,4833.549774940999,0.051982625462696365,0.4051879942417145,,,,,,,,0.0042724609375,2.443866729736328,0.0005418375563305267,-0.013542825969283068,15.027884483337402
19906560,4835.884090173,0.05320613067440701,0.4004760682582855,,,,,,,,0.003173828125,2.482821226119995,0.0005689198679943441,-0.01380289608835402,25.7137508392334
19914752,4838.450807406996,0.09907833853020027,0.525390625,,,,,,,,0.0028076171875,2.5432071685791016,0.0005361685931564164,-0.01148800570587009,4.317344665527344
19922944,4841.0022122449955,0.07725425569644934,0.49456787109375,0.0009225197279814079,0.0017453850237285629,0.0006918897959860004,333,849.591040358445,18.45,6.15,0.00341796875,2.433497428894043,0.00056481179569845,-0.006757938460183132,6.10492467880249
19931136,4845.186512403998,0.0973867617220178,0.5393432974815369,,,,,,,,0.0025634765625,2.521474838256836,0.0006109892425081309,-0.008364945158993109,3.015866279602051
19939328,4847.306699590998,0.08039565473109689,0.4882446229457855,,,,,,,,0.00390625,2.4983115196228027,0.0006172990505503018,-0.011779664548561353,3.1705853939056396
19947520,4849.968812259998,0.06523023658608613,0.4345336854457855,,,,,,,,0.003173828125,2.435267448425293,0.0006354690293746135,-0.006695596579808511,23.024280548095703
19955712,4852.146232665997,0.08244194497452711,0.503039538860321,,,,,,,,0.002197265625,2.558541774749756,0.0006897888080072967,-0.013817096263213058,2.2107303142547607
19963904,4854.5479307009955,0.0683592478965231,0.4471435546875,,,,,,,,0.00390625,2.473513126373291,0.0006944635123139475,-0.012853882752656646,3.681053876876831
19972096,4857.116528685998,0.07370015289811126,0.48017579317092896,,,,,,,,0.0030517578125,2.463332176208496,0.000717525116159301,-0.01701329105746343,2.5022976398468018
19980288,4859.866023274,0.07322411498181933,0.48841553926467896,,,,,,,,0.0030517578125,2.498843193054199,0.0007306023917090787,-0.01444351003374324,1.8612905740737915
19988480,4862.267293587,0.06260150588213158,0.3997558653354645,0.0011306646715780744,0.0014017776779289282,0.0008479985036835558,333,837.4702803799828,26.700000000000003,6.15,0.004150390625,2.5743625164031982,0.0007835332247937421,-0.017732093692870984,4.985938549041748
19996672,4866.464682681995,0.04150324549439191,0.33751222491264343,0.0012495194414989808,0.0017547678051575977,0.0009371395811241801,333,845.302137747948,9.3,6.15,0.0029296875,2.618377923965454,0.0007385056135558177,-0.0169083887469298,26.664701461791992
