step,wall,approx_kl,clip_frac,eval_1mU_at_best,eval_JT_end,eval_JT_min,eval_len,eval_return,eval_t_JT_min,eval_t_first_PE,frac_done,mean_reward,min_JT,pg_loss,v_loss
8192,5.182035979996726,0.014067655914718914,0.15823975205421448,,,,,,,,0.58837890625,-11.691116333007812,0.24692017059394789,-0.02112885678838116,69.43505859375
16384,8.007681192000746,0.008861304675412142,0.09697265923023224,,,,,,,,0.5631103515625,-21.838266372680664,0.24652473082465043,-0.01678532074637938,36.39573287963867
24576,9.597238722002658,0.006398782145776283,0.06889648735523224,,,,,,,,0.5364990234375,-30.223920822143555,0.24594147470403027,-0.01589513185596384,28.21903419494629
32768,11.360741794000205,0.0078707619291746,0.09760742634534836,,,,,,,,0.509765625,-37.19761657714844,0.2466632245703828,-0.017763998095855056,24.582836151123047
40960,12.9617311089969,0.00847264303868073,0.11077880859375,,,,,,,,0.4901123046875,-43.647335052490234,0.24624471410537552,-0.018870481175181586,28.91997718811035
49152,14.477176303997112,0.008727572587794033,0.11719971150159836,,,,,,,,0.4766845703125,-49.54158401489258,0.24646596278761712,-0.018854074347512233,29.944799423217773
57344,15.970547714998247,0.009246677088672984,0.12775878608226776,,,,,,,,0.478271484375,-56.24387741088867,0.2434709413084497,-0.02212785422368506,29.9322452545166
65536,17.499050724996778,0.01045832863334023,0.14682617783546448,0.10548220269940478,0.3009944457432786,0.13119823977842415,333,167.0159366522131,36.75,31.650000000000002,0.4600830078125,-60.492897033691406,0.24603158519612744,-0.021145451919770204,31.39217185974121
73728,20.17033412800083,0.009731704413971608,0.13374023139476776,,,,,,,,0.43212890625,-62.7554817199707,0.2462511434921697,-0.019347663274446217,34.18229293823242
81920,21.911570999000105,0.009520731582147593,0.13221435248851776,,,,,,,,0.4041748046875,-63.80279541015625,0.24497482448088204,-0.020894438422465522,34.07594680786133
90112,23.456342557001335,0.009292545073039471,0.13161621987819672,,,,,,,,0.382080078125,-65.2220230102539,0.24479528314749766,-0.020499340805582845,38.529869079589844
98304,24.975346334998903,0.009346229879506843,0.12135010212659836,,,,,,,,0.3856201171875,-70.31937408447266,0.2430578071158026,-0.019017506730011513,36.13035202026367
106496,26.51567321499897,0.01028810651340894,0.140869140625,,,,,,,,0.3668212890625,-71.11141204833984,0.2427798854056129,-0.020678876798752566,40.59711837768555
114688,28.010160801000893,0.009488507843269312,0.12572021782398224,,,,,,,,0.3426513671875,-70.20028686523438,0.2388331480314847,-0.018741333251754592,44.636131286621094
122880,29.519155158996,0.011441365683068812,0.15208740532398224,,,,,,,,0.340087890625,-73.09610748291016,0.24135477511349668,-0.019567998191539177,43.44208908081055
131072,31.030224312002247,0.010714860522090605,0.13768310844898224,0.021689686192891022,0.31115774424313947,0.23850193300207856,333,153.17749815839568,2.7,nan,0.3206787109375,-72.50096130371094,0.24324705203599783,-0.017118637206248673,42.98998260498047
139264,32.61873985100101,0.008660406036599918,0.10615234822034836,,,,,,,,0.2889404296875,-68.34027099609375,0.24209724602471072,-0.017174641857400842,50.663753509521484
147456,34.13946709599986,0.007484284818709339,0.09168701618909836,,,,,,,,0.2679443359375,-65.65039825439453,0.23034473362046892,-0.014296992823955107,50.8033561706543
155648,35.68234472400218,0.010681446106151482,0.13417969644069672,,,,,,,,0.260986328125,-66.50018310546875,0.22877926718730524,-0.014081083809697496,55.2338981628418
163840,37.22626268699969,0.009169742933842175,0.11119385063648224,,,,,,,,0.2392578125,-63.19672775268555,0.24140204479328597,-0.012507713589513955,60.3662223815918
172032,38.76640580200183,0.007817163254142084,0.09584961086511612,,,,,,,,0.2239990234375,-61.34349060058594,0.2416693982546998,-0.01338312188322306,60.351661682128906
180224,40.324439965996135,0.0057658242238316955,0.06374511867761612,,,,,,,,0.1922607421875,-54.59148025512695,0.24101037854601215,-0.009963279392761093,144.1903076171875
188416,41.87042129499605,0.00662632910719977,0.07760009914636612,,,,,,,,0.17919921875,-51.94743347167969,0.23238149716416578,-0.010823976743426604,244.92236328125
196608,43.39146556999913,0.008970099384842157,0.11195068806409836,0.013981795063857105,0.37935172326617794,0.24529072433557397,333,141.24746130854572,1.5,nan,0.165283203125,-48.43326187133789,0.22340326128963228,-0.01570209700095621,193.8839569091797
204800,44.9459590569968,0.0076601049512851765,0.09810791164636612,,,,,,,,0.1448974609375,-42.6274528503418,0.22840250903158132,-0.013474804880552867,293.86590576171875
212992,46.50553016599588,0.008663222902185278,0.10892333835363388,,,,,,,,0.1339111328125,-38.791595458984375,0.2328848920987403,-0.011584993465569298,301.3978576660156
221184,48.037877925999055,0.00761908310804765,0.09263916313648224,,,,,,,,0.1246337890625,-35.700687408447266,0.23229940559701134,-0.012615917785672155,331.7631530761719
229376,49.563544505996106,0.007206358009031341,0.08443603664636612,,,,,,,,0.1112060546875,-30.90884780883789,0.22226934572010937,-0.012174623620169573,363.8744201660156
237568,51.11669219900068,0.007686292036217318,0.09150391072034836,,,,,,,,0.098388671875,-26.568344116210938,0.23625715609397657,-0.01105169520640361,390.6292419433594
245760,52.64800727900001,0.0085737137011384,0.10844726860523224,,,,,,,,0.083740234375,-21.436786651611328,0.23555861516144627,-0.012005858063645819,408.7552185058594
253952,54.09972049899807,0.012156515247025285,0.14384765923023224,,,,,,,,0.0738525390625,-17.697683334350586,0.22948266675184814,-0.010511526376702452,398.50048828125
262144,55.68460139600211,0.013519333908474923,0.17218017578125,0.009960774871461964,0.2487528875209033,0.2416910556417451,333,188.42267896768487,48.300000000000004,nan,0.059814453125,-13.172207832336426,0.22697826675173072,-0.009189602175326087,377.1599426269531
270336,57.28989435599942,0.011355823351301106,0.14450684189796448,,,,,,,,0.056884765625,-11.563630104064941,0.21897450523910988,-0.012870320383047707,332.8254089355469
278528,58.786205019998306,0.013903421459420504,0.17026367783546448,,,,,,,,0.0491943359375,-9.18554401397705,0.23259317232834387,-0.010753792509350234,318.054443359375
286720,60.28381672799878,0.01351128471891602,0.17166748642921448,,,,,,,,0.0396728515625,-6.622511863708496,0.21959715602375374,-0.009688562362402536,289.8898620605469
294912,61.75986549400113,0.01315915370885852,0.16575928032398224,,,,,,,,0.03466796875,-5.1103739738464355,0.2191189267560848,-0.010073788174268359,261.6624755859375
303104,63.25058423200244,0.010913555112457401,0.135986328125,,,,,,,,0.0323486328125,-4.173289775848389,0.20986320218517707,-0.01173709897652745,234.0601806640625
311296,64.77027045599971,0.016608942198938877,0.20169678330421448,,,,,,,,0.0301513671875,-3.340085983276367,0.20614496451908815,-0.01020861150693733,200.23681640625
319488,66.23493765800231,0.015014820429154647,0.19219970703125,,,,,,,,0.022705078125,-2.0169804096221924,0.21492968565962334,-0.0113213527355102,169.94845581054688
327680,67.71183697800006,0.015038246022730795,0.19088135659694672,0.021909642129801954,0.2609767199859494,0.24178469595739172,333,189.31138050011782,48.150000000000006,nan,0.02099609375,-1.5141680240631104,0.2118274759081411,-0.012577001425108812,138.40505981445312
335872,69.24412396799744,0.017379924865478784,0.20795898139476776,,,,,,,,0.0166015625,-0.8546860218048096,0.20836408666744932,-0.008764694393633848,114.59600067138672
344064,70.79899330299668,0.014782114013563635,0.189208984375,,,,,,,,0.017333984375,-0.6754477024078369,0.1876480117395165,-0.01456078915454438,99.06722259521484
352256,72.42249960800109,0.015976790446971867,0.20295409858226776,,,,,,,,0.013427734375,-0.25205445289611816,0.16920836398767158,-0.015200242903858907,76.71068572998047
360448,73.95148403100029,0.016188571444306316,0.20588378608226776,,,,,,,,0.013427734375,-0.08973503857851028,0.1936550650672868,-0.01483534818641509,64.26629638671875
368640,75.47081803900073,0.01319820266892676,0.17194823920726776,,,,,,,,0.012939453125,0.048219434916973114,0.17496469081446753,-0.01706024032279483,55.6036262512207
376832,77.0051995909962,0.01650938116355773,0.20286865532398224,,,,,,,,0.007080078125,0.34610897302627563,0.19319506950541743,-0.01909330867281351,30.73331642150879
385024,78.77059578899934,0.016420922174914605,0.20603027939796448,,,,,,,,0.0086669921875,0.3868153691291809,0.18494502109541866,-0.01776464081711336,30.995832443237305
393216,80.46759157400083,0.014273133946528932,0.18380127847194672,0.006624731560004649,0.31336491767749997,0.24172931872007153,333,183.77933508886787,9.3,nan,0.0103759765625,0.39114171266555786,0.2168026867323467,-0.017420603675447666,34.7807502746582
401408,82.03217056099675,0.017771416751576043,0.22153320908546448,,,,,,,,0.007080078125,0.48685982823371887,0.19769070620765206,-0.01806805338735064,21.783132553100586
409600,83.518292656001,0.016683355945746825,0.21702881157398224,,,,,,,,0.007568359375,0.5220623016357422,0.17289587484424795,-0.01760672810001796,20.810077667236328
417792,85.03833391599619,0.015972888125401413,0.1988525390625,,,,,,,,0.0078125,0.5344823002815247,0.20284327667503665,-0.021552525177768102,21.029922485351562
425984,86.57475167099619,0.01727477686701793,0.22049561142921448,,,,,,,,0.0059814453125,0.5533431768417358,0.16947753020261414,-0.020903389055760845,14.726381301879883
434176,88.06686887999967,0.015516916172061296,0.20014648139476776,,,,,,,,0.0050048828125,0.5670775771141052,0.18683521637745526,-0.020972132482417367,11.143824577331543
442368,89.61267176899855,0.01608804651568976,0.19963379204273224,,,,,,,,0.005615234375,0.5936559438705444,0.13387816722835733,-0.017370791396038705,13.197360038757324
450560,91.2179595359994,0.017000404433180467,0.210693359375,,,,,,,,0.0047607421875,0.5875629186630249,0.1475956334046833,-0.01977226005371917,10.871062278747559
458752,92.84619849299634,0.018861781610050157,0.23623047769069672,0.006368974445354558,0.2502930318860499,0.24389648197120628,333,186.67337720706388,49.5,nan,0.004638671875,0.5841013789176941,0.18134223268008454,-0.023191256835995846,9.341056823730469
466944,94.52747487199667,0.016239540686604534,0.20233154296875,,,,,,,,0.0057373046875,0.6048365235328674,0.19761723822361899,-0.020290541959667296,8.222331047058105
475136,96.11149389600178,0.015160135471114106,0.19248047471046448,,,,,,,,0.005126953125,0.6305814981460571,0.17683626007364484,-0.01777182760687211,8.808399200439453
483328,97.60989206600061,0.018266225445382558,0.22819824516773224,,,,,,,,0.0047607421875,0.6244610548019409,0.18539662856989347,-0.021607046894163862,6.8683319091796875
491520,99.11896156599687,0.015643701420320948,0.20042724907398224,,,,,,,,0.005126953125,0.6288735866546631,0.1784579986071544,-0.020965219370678165,7.617615699768066
499712,100.61023208400002,0.021541481914622802,0.25281983613967896,,,,,,,,0.0037841796875,0.5975853204727173,0.2039967310094174,-0.021300920886581837,4.066773891448975
507904,102.13743864400021,0.018769687758555663,0.23292236030101776,,,,,,,,0.0054931640625,0.6460626721382141,0.21419666955692163,-0.017874140704810023,6.214319705963135
516096,103.65764005100209,0.01771739676229909,0.22073975205421448,,,,,,,,0.0048828125,0.6735087037086487,0.18876909003081555,-0.018089618586826832,6.400099277496338
524288,105.14985697100201,0.021662540559233605,0.24921874701976776,0.0010569362275602012,0.2465236219552157,0.2389645149875833,333,196.68322114101522,46.95,nan,0.0045166015625,0.6403918266296387,0.19116053935148802,-0.018890725130459526,4.562785625457764
532480,106.71824878099869,0.022792147403846576,0.2650146484375,,,,,,,,0.0052490234375,0.6686893105506897,0.20128430217705495,-0.017638970356907143,5.739120006561279
540672,108.24268601199583,0.022484505015235426,0.2615112364292145,,,,,,,,0.003662109375,0.6243627071380615,0.1913982442431389,-0.018018863721541174,3.159592866897583
548864,109.76628886099934,0.019187864289330114,0.24151611328125,,,,,,,,0.004150390625,0.6302173137664795,0.21269625971906092,-0.02132765254537361,2.7207794189453125
557056,111.35701819999667,0.023413487232146993,0.27094727754592896,,,,,,,,0.00439453125,0.6371235847473145,0.18262046063879633,-0.019775745830689927,2.973907470703125
565248,113.23960876499768,0.023418960654369773,0.27412110567092896,,,,,,,,0.003173828125,0.6205378174781799,0.17970638710753695,-0.018724550812557413,1.7682714462280273
573440,115.06397113899584,0.02257909188251464,0.2641967833042145,,,,,,,,0.005126953125,0.648774266242981,0.20276259890189285,-0.01642684210021997,3.4172203540802
581632,117.08291149300203,0.02325111410164062,0.26799318194389343,,,,,,,,0.0040283203125,0.6489986181259155,0.2031192435711937,-0.01692436227032269,3.6120240688323975
589824,119.02673883600073,0.024993503325724795,0.28980714082717896,0.0013057911708150849,0.24906247306867446,0.24143511722147526,333,194.91997903737834,45.75,nan,0.003662109375,0.6203267574310303,0.17070493024097477,-0.018961397154213678,2.378265857696533
598016,120.91309613599879,0.02194685895495841,0.2658447325229645,,,,,,,,0.004638671875,0.6415939331054688,0.19425695984031854,-0.017524818037592368,2.8227100372314453
606208,122.7154534739966,0.025213495744429618,0.29124757647514343,,,,,,,,0.00341796875,0.6263124346733093,0.20468342906891068,-0.015098424411008317,2.133735179901123
614400,125.16994933899696,0.023475442567993797,0.2775512635707855,,,,,,,,0.00439453125,0.6483240127563477,0.20082065776419333,-0.018755517636142617,2.729637861251831
622592,126.9580353939964,0.024456985140498672,0.27904054522514343,,,,,,,,0.0045166015625,0.644550085067749,0.18578216943004922,-0.018086574582693842,2.2767751216888428
630784,129.5809898209991,0.025552559610556382,0.28582763671875,,,,,,,,0.00390625,0.6594792604446411,0.2143782092557286,-0.016769110386856363,2.9474856853485107
638976,131.40160958100023,0.024611788445298172,0.2869873046875,,,,,,,,0.003662109375,0.6430253386497498,0.20748972059159798,-0.017375649783558832,1.647199273109436
647168,133.97923603399977,0.02422129408958218,0.28197023272514343,,,,,,,,0.0035400390625,0.6361293196678162,0.20398556273960955,-0.016210539108262617,2.644178867340088
655360,135.79587472899584,0.027121333065306837,0.2979370057582855,0.0024510935865365013,0.24184012887521789,0.2351468507470682,333,198.72439995517868,44.7,nan,0.003662109375,0.6174088716506958,0.21280302975049836,-0.019244959320159894,0.734161376953125
663552,138.56643910899584,0.027623271977572847,0.30572509765625,,,,,,,,0.00341796875,0.6038773655891418,0.21024436368644894,-0.018605444858865196,0.7046288847923279
671744,140.42251198300073,0.025981826981041914,0.29692384600639343,,,,,,,,0.0037841796875,0.6352753639221191,0.20971666496015218,-0.014863933274941453,1.544580101966858
679936,142.3339984129998,0.03025726083939656,0.31965333223342896,,,,,,,,0.003662109375,0.6320783495903015,0.20787475831840885,-0.01510084134215862,1.715525507926941
688128,143.91799607299617,0.024389677794610123,0.277099609375,,,,,,,,0.0035400390625,0.6436619162559509,0.20486231754137962,-0.016021128123405722,2.4754602909088135
696320,145.3977139540002,0.027072202004765122,0.30316162109375,,,,,,,,0.0042724609375,0.6430636048316956,0.20116621013095237,-0.014510453663989049,2.076131582260132
704512,147.02412974899926,0.02979237833625043,0.32099610567092896,,,,,,,,0.00390625,0.6416435241699219,0.20726405381092117,-0.015994225444245922,1.7486546039581299
712704,148.77140607000183,0.027263666604949374,0.3050293028354645,,,,,,,,0.0029296875,0.6097206473350525,0.1994685344990761,-0.021023994404443816,0.5693804621696472
720896,150.62686241399933,0.027027119423998047,0.30134278535842896,0.0006939693528789093,0.23876400670809428,0.2349195908744205,333,197.70184536219438,49.5,nan,0.0035400390625,0.6252618432044983,0.2013690780264169,-0.016417064943137983,1.6299148797988892
729088,152.27304157899925,0.028355504677319857,0.30634766817092896,,,,,,,,0.00390625,0.635790228843689,0.20781132643486633,-0.015000095121410643,1.7935246229171753
737280,153.77696279299562,0.029012384441632483,0.31596681475639343,,,,,,,,0.0037841796875,0.6352893114089966,0.21215803684920875,-0.017388203328248912,1.1304001808166504
745472,155.29025296799955,0.030102059921611912,0.32011720538139343,,,,,,,,0.0030517578125,0.6225408911705017,0.20962386853014836,-0.014861243468874692,1.846082329750061
753664,156.79075262999686,0.030475574185647933,0.32740479707717896,,,,,,,,0.00390625,0.62763512134552,0.19472018866332053,-0.020984641972509977,0.5821971297264099
761856,158.3430596629987,0.03331588557081419,0.3263183534145355,,,,,,,,0.003173828125,0.6342642307281494,0.19656880035486146,-0.013676847488732725,1.7024754285812378
770048,159.91851495800074,0.02747069014903677,0.30499267578125,,,,,,,,0.0037841796875,0.6218125224113464,0.19013376820062122,-0.020379599052607975,0.6528589129447937
778240,161.49916215999838,0.026273785291389514,0.2872558534145355,,,,,,,,0.0035400390625,0.631191611289978,0.20380477206850212,-0.013490514437621035,1.5392206907272339
786432,163.24339097100165,0.031527419164069356,0.3253417909145355,0.0006645209069252589,0.23030706091338704,0.2234974620981114,333,202.67545543436228,44.85,nan,0.0029296875,0.6301383376121521,0.2042368507080261,-0.015633243140724885,1.1676515340805054
794624,165.18955353899946,0.03023580536299858,0.31884765625,,,,,,,,0.004150390625,0.6433615684509277,0.194399786992005,-0.014915918146305857,1.7906814813613892
802816,166.7110933130025,0.03277212630219691,0.3319946229457855,,,,,,,,0.003173828125,0.6447035670280457,0.20206655630776504,-0.01772614264419837,1.5949022769927979
811008,168.20014078100212,0.03303088237884772,0.3240112364292145,,,,,,,,0.0030517578125,0.6215505599975586,0.19844144791348817,-0.013910621805034254,0.8571702837944031
819200,169.69962461500108,0.02823694956249688,0.30793458223342896,,,,,,,,0.0045166015625,0.6352654695510864,0.1971922537352937,-0.015876018759800315,0.962594211101532
827392,171.21745554699737,0.031231868034424418,0.3268798887729645,,,,,,,,0.0025634765625,0.6268531084060669,0.19380464708833833,-0.018013512832118262,0.7079046368598938
835584,172.75313072300196,0.026481911975430192,0.2988037168979645,,,,,,,,0.00341796875,0.6292849779129028,0.19280622274169812,-0.019764270449453364,0.6952181458473206
843776,174.6340900799987,0.0267871354937438,0.2881835997104645,,,,,,,,0.0035400390625,0.6357715129852295,0.19592879370397143,-0.0177365032617493,0.8238698840141296
851968,176.25585879100254,0.02806664748836526,0.31245118379592896,0.002763602835165302,0.21169010288094836,0.20604729112643638,333,208.2791663498889,49.35,nan,0.002685546875,0.6255398392677307,0.18981310390334938,-0.022034665820195455,0.37923842668533325
860160,177.8446258719996,0.02626283895850864,0.28654786944389343,,,,,,,,0.003662109375,0.6394190192222595,0.18878784718140262,-0.013096657752043285,1.438064694404602
868352,179.30476149299648,0.03024619188316259,0.31959229707717896,,,,,,,,0.0037841796875,0.6480425596237183,0.17961761790640562,-0.01944480340829402,0.8884027600288391
876544,180.8361187929986,0.026798429110559793,0.2983154356479645,,,,,,,,0.0029296875,0.6504939794540405,0.17745766204542113,-0.017327188586610375,0.9249609112739563
884736,182.36337563699635,0.028223454528388755,0.3006225526332855,,,,,,,,0.003662109375,0.6557559967041016,0.16705504232331736,-0.016336347493267647,1.3224371671676636
892928,184.08897408100165,0.028695630071731638,0.30186769366264343,,,,,,,,0.003662109375,0.6638014316558838,0.16688998855949067,-0.015560259363450492,1.4111067056655884
901120,185.81339281099645,0.03199225913403574,0.33111572265625,,,,,,,,0.0028076171875,0.6512908935546875,0.15269931272839554,-0.022071196566084157,0.5113506317138672
909312,187.36415423700237,0.02696830097590326,0.29814454913139343,,,,,,,,0.0032958984375,0.6471141576766968,0.16491178678730223,-0.014113418544536724,1.1795094013214111
917504,188.91817211399757,0.03150652582956114,0.3227905333042145,0.002796052241272662,0.18280662958692107,0.1790753820550468,333,222.49947318384318,48.150000000000006,nan,0.0040283203125,0.6618354916572571,0.166445268755262,-0.017019125599935205,1.10041081905365
925696,190.54806044400175,0.03374497937958073,0.3360595703125,,,,,,,,0.0028076171875,0.659299373626709,0.1631544753010994,-0.01938673336422163,0.60454922914505
933888,192.1768472190015,0.024400769041146166,0.2800659239292145,,,,,,,,0.0029296875,0.6544942855834961,0.1612923983772926,-0.018444314770991944,0.6588597297668457
942080,193.7199291759971,0.0268868633921054,0.2912963926792145,,,,,,,,0.0037841796875,0.678078830242157,0.15847324241026473,-0.0169459189950201,1.3814347982406616
950272,195.314112439999,0.029832849581412364,0.31684571504592896,,,,,,,,0.003173828125,0.6673021912574768,0.1488240350857718,-0.02163909809333861,0.5868871808052063
958464,196.87415524099924,0.02954986490625663,0.31114503741264343,,,,,,,,0.0035400390625,0.6901208758354187,0.1434556782771491,-0.016097794392821524,1.0033297538757324
966656,198.39535729899944,0.030228765077181332,0.31370851397514343,,,,,,,,0.003173828125,0.7016697525978088,0.14735896148106797,-0.015084567696537538,1.7193151712417603
974848,199.91462961799698,0.03270594890327908,0.3282104432582855,,,,,,,,0.0032958984375,0.6963566541671753,0.14214463849320325,-0.015046450321177213,1.371942400932312
983040,201.4382465029994,0.03030842613585773,0.32343751192092896,0.0025597342400811574,0.15451578451825532,0.14978462875026788,333,236.15477896641448,49.650000000000006,nan,0.004150390625,0.7126659750938416,0.1409357400331832,-0.01807793345037417,1.5599603652954102
991232,203.03343735900125,0.027675138050290562,0.30174562335014343,,,,,,,,0.0040283203125,0.7341703176498413,0.13254402386514974,-0.01883223024930598,2.854233741760254
999424,204.56225406000158,0.03316758151614665,0.33521729707717896,,,,,,,,0.003662109375,0.7246087789535522,0.13251827827170637,-0.016688292852487293,1.615437388420105
1007616,206.268992669,0.03508983425845254,0.34454345703125,,,,,,,,0.0030517578125,0.7060668468475342,0.13450165903706446,-0.017019783543889444,1.1895869970321655
1015808,208.27938177299802,0.03427671431475575,0.3442749083042145,,,,,,,,0.0032958984375,0.7146992087364197,0.13577079437829886,-0.01638539293340935,1.355114221572876
1024000,210.1225745289994,0.03522512743213482,0.3358154296875,,,,,,,,0.0040283203125,0.732966423034668,0.11659611017784544,-0.015455950412658421,1.7017115354537964
1032192,211.67154914999992,0.038249270031325694,0.3572631776332855,,,,,,,,0.003662109375,0.7391101121902466,0.11852113621330274,-0.01600113949818822,1.796727180480957
1040384,213.46924100299657,0.037850723558339294,0.36131593585014343,,,,,,,,0.00341796875,0.741014838218689,0.1282570727421024,-0.017456018416493864,1.7025158405303955
1048576,215.0560932649969,0.03638625184780576,0.34807130694389343,0.0012577030045839432,0.12339529952049677,0.11914478328310985,333,250.89760973683144,49.650000000000006,nan,0.00390625,0.7515172362327576,0.11525285969676835,-0.015429577879961121,2.034142255783081
1056768,216.6352106869963,0.039416876859979216,0.3658080995082855,,,,,,,,0.0035400390625,0.7350266575813293,0.10652706657969291,-0.016631129903709296,1.679305911064148
1064960,218.13586115300131,0.0324373525498576,0.33698731660842896,,,,,,,,0.00390625,0.7766075730323792,0.11607069020038474,-0.020484928114648665,2.5484964847564697
1073152,219.58664917299757,0.041982343217771646,0.3832153379917145,,,,,,,,0.0040283203125,0.7559524774551392,0.11409440332218668,-0.01587760336857752,2.206815481185913
1081344,221.11914777300262,0.044770626381105266,0.3946289122104645,,,,,,,,0.0035400390625,0.7717396020889282,0.10139508623501103,-0.01942965763988455,1.4548585414886475
1089536,222.6762435990022,0.043266327776308046,0.3816772401332855,,,,,,,,0.00439453125,0.7823867201805115,0.09838692587402997,-0.017013267401473096,2.145665168762207
1097728,224.31016659799934,0.039150766246697666,0.374755859375,,,,,,,,0.0030517578125,0.7843247056007385,0.10955701732597922,-0.019637437278225558,1.8777801990509033
1105920,225.94206916099938,0.03479847602764927,0.346923828125,,,,,,,,0.0042724609375,0.7851012945175171,0.09276305815468777,-0.0183527959047202,1.8077455759048462
1114112,227.49958251699718,0.0345824849998437,0.3352417051792145,0.010557773864595332,0.10260204963653818,0.10174550839699958,333,267.5286920999814,49.5,nan,0.0052490234375,0.874567985534668,0.09033225846458537,-0.019197981986989146,5.13270902633667
1122304,229.1660228260007,0.03469496236549698,0.34392091631889343,,,,,,,,0.0040283203125,0.8537657260894775,0.08303210848852771,-0.02174836928112561,3.745570421218872
1130496,230.6841672360024,0.036489156648544845,0.3489135801792145,,,,,,,,0.004150390625,0.8810462355613708,0.07986226303646626,-0.0210724482864373,4.275733947753906
1138688,232.1460462190007,0.039009876383360065,0.36138916015625,,,,,,,,0.0042724609375,0.8671619296073914,0.07366653221068609,-0.019029031849080946,2.918705701828003
1146880,233.67432261999784,0.034521729063340965,0.33714601397514343,,,,,,,,0.00439453125,0.8677574396133423,0.0586938347637076,-0.01776028879183366,3.9659981727600098
1155072,235.22254047400202,0.03729780690041123,0.3466552793979645,,,,,,,,0.00439453125,0.9164742231369019,0.06684145915773021,-0.013654102634297184,5.684173583984375
1163264,236.74233844000264,0.045741671253356396,0.3912597596645355,,,,,,,,0.004638671875,0.8946338295936584,0.06504277362610866,-0.013528888571529459,4.558426856994629
1171456,238.2829919470023,0.0355441081933535,0.34113770723342896,,,,,,,,0.0042724609375,0.9082536697387695,0.07395195054464476,-0.018944754542055436,4.349959850311279
1179648,239.81585485600226,0.04117910116252193,0.36988526582717896,0.004833702414883234,0.08489677181732591,0.08261900099313113,333,278.84530671866753,48.45,nan,0.003662109375,0.8593928217887878,0.06850454116876192,-0.01680340042435643,3.061321258544922
1187840,241.45695360899845,0.037350351871516634,0.3578857481479645,,,,,,,,0.0045166015625,0.8945871591567993,0.06271455153262007,-0.017515829125050033,3.812922716140747
1196032,242.96739136199903,0.04093093936832341,0.3765014708042145,,,,,,,,0.003662109375,0.8329513072967529,0.08135435902800014,-0.01899194554739496,2.783344268798828
1204224,244.47084320199792,0.04987595770810339,0.40766602754592896,,,,,,,,0.003173828125,0.8620710968971252,0.07507916029282358,-0.013937837309375293,2.4314301013946533
1212416,245.97568975600007,0.042307281513909396,0.38134765625,,,,,,,,0.0047607421875,0.8661123514175415,0.06768839418995642,-0.016697325595029882,2.743579149246216
1220608,247.48913024899957,0.04015042809461453,0.372314453125,,,,,,,,0.0032958984375,0.8582363724708557,0.06357914614375215,-0.020201123830089263,2.7414002418518066
1228800,248.99073960600072,0.04562389410474026,0.39033204317092896,,,,,,,,0.0040283203125,0.904168426990509,0.0704007788108737,-0.01784197299237542,2.8148868083953857
1236992,250.5194985010021,0.04001269596726756,0.36345216631889343,,,,,,,,0.0045166015625,0.8873400092124939,0.060806889585055535,-0.018263331368609952,3.232522964477539
1245184,252.07827763899695,0.03607830577198314,0.35307618975639343,0.00816839290786342,0.07489735255846508,0.07128738961152936,333,290.46848729515904,49.650000000000006,nan,0.00390625,0.9483004212379456,0.05153043128127732,-0.022220920348045327,3.1258184909820557
1253376,253.71228531499946,0.03582662541926569,0.34477540850639343,,,,,,,,0.004638671875,0.9484484195709229,0.05135584667358428,-0.02014827887645957,3.765666961669922
1261568,255.23328091599979,0.03702703370771254,0.3504394590854645,,,,,,,,0.00341796875,0.9248446226119995,0.05570411284741483,-0.02313317919548577,4.014381408691406
1269760,256.7732909069964,0.0381954284069591,0.35612794756889343,,,,,,,,0.0042724609375,0.9705025553703308,0.05521045851799666,-0.018787768646357575,4.81503438949585
1277952,258.19925408100244,0.04684905411529749,0.3912597596645355,,,,,,,,0.00439453125,0.9234986901283264,0.05102902400880338,-0.014919832608813308,3.450368642807007
1286144,259.71466061499814,0.03860412408307149,0.3605102598667145,,,,,,,,0.0029296875,0.905536949634552,0.04786480548253769,-0.024010329731988238,2.6044538021087646
1294336,261.27077566200023,0.03481079104534181,0.34327393770217896,,,,,,,,0.0047607421875,0.9807925820350647,0.046066149600419104,-0.02038120317421325,4.172610759735107
1302528,262.81572516699816,0.039929318841364664,0.37092286348342896,,,,,,,,0.0047607421875,0.948306143283844,0.03879530840901668,-0.02403978299335125,4.368940830230713
1310720,264.35715972600156,0.051144817653256514,0.4126830995082855,0.005073494321290228,0.05995410868193807,0.05757792334809886,333,305.55876303061063,49.5,nan,0.0025634765625,0.9282817840576172,0.047155370475915004,-0.02138160990855588,1.9672050476074219
1318912,266.019306174996,0.03598896781249398,0.3519531190395355,,,,,,,,0.0052490234375,1.0165395736694336,0.0392772337070143,-0.0237857273308711,4.0071940422058105
1327104,267.55068661100086,0.03852830272739919,0.3634277284145355,,,,,,,,0.0042724609375,0.9614239931106567,0.04316935314170578,-0.01906225263285334,4.1546101570129395
1335296,269.0730035640008,0.0428034340067145,0.3800415098667145,,,,,,,,0.00390625,0.9786609411239624,0.051852958738857535,-0.02381369993419445,2.968954563140869
1343488,270.53234354999586,0.04566858165634862,0.3928588926792145,,,,,,,,0.00390625,0.929240882396698,0.04825520513228909,-0.022345744383214322,3.939359426498413
1351680,272.0817685239963,0.046542913404359454,0.40424805879592896,,,,,,,,0.0032958984375,0.9545766115188599,0.04027722826854063,-0.022320826436863922,2.88767147064209
1359872,273.6442931019992,0.043441066797524755,0.37971192598342896,,,,,,,,0.004638671875,1.001699447631836,0.04502291769524169,-0.01940710892080401,4.429849624633789
1368064,275.2055892950011,0.04372428804483802,0.3803955018520355,,,,,,,,0.0047607421875,0.9957793951034546,0.04248592117962169,-0.018976754799306973,4.939785957336426
1376256,276.760253501001,0.046139209151961576,0.39036867022514343,0.005544192505949952,0.05751764056639441,0.051759922701772876,333,322.00790184557763,49.650000000000006,nan,0.0037841796875,1.025184988975525,0.04205601829244565,-0.016817219022409038,4.325997352600098
1384448,278.40199346600275,0.04300015193194859,0.38189697265625,,,,,,,,0.00341796875,0.9832735061645508,0.039693671344495085,-0.0225805993847201,3.369657516479492
1392640,279.9311182590027,0.0397465606786568,0.3659423887729645,,,,,,,,0.0042724609375,1.0191422700881958,0.028236849168107203,-0.023443823490858447,4.628219127655029
1400832,281.4656397619983,0.037382601921990534,0.3604492247104645,,,,,,,,0.004150390625,1.0014970302581787,0.022007873832529556,-0.02520086179374429,4.772121429443359
1409024,282.9520175969956,0.04628912831608092,0.39666748046875,,,,,,,,0.0047607421875,1.0355223417282104,0.025154450624065294,-0.024518937454258857,4.655694961547852
1417216,284.46340032499575,0.04205115070845268,0.37702637910842896,,,,,,,,0.0035400390625,1.0060285329818726,0.022268833385679976,-0.021886110143603282,4.8240838050842285
1425408,286.0914656620007,0.0417696922194812,0.38105469942092896,,,,,,,,0.00341796875,1.0084965229034424,0.027157497234675976,-0.02657081814191751,3.593311309814453
1433600,287.8264891899962,0.046160369313681816,0.39106446504592896,,,,,,,,0.004638671875,1.0429439544677734,0.028843193266822498,-0.02312178735077623,4.415863990783691
1441792,289.5876413779988,0.04568227206574352,0.38862305879592896,0.009460551287711949,0.04980313841165229,0.04566665722952268,333,332.8163959327232,49.5,nan,0.0040283203125,1.0185706615447998,0.02946825612093351,-0.021332077315486673,5.55914306640625
1449984,291.3031353990009,0.04358361028278449,0.37993165850639343,,,,,,,,0.004638671875,1.0883136987686157,0.028914833785890992,-0.022657321779142228,6.044992446899414
1458176,292.87009434599895,0.0496271083708006,0.4112792909145355,,,,,,,,0.00341796875,0.9653371572494507,0.025391076062250106,-0.023362076776703218,3.4859378337860107
1466368,294.4190388679999,0.043416917512328235,0.3791259825229645,,,,,,,,0.0037841796875,1.0623751878738403,0.0323918053362966,-0.028818295716836084,3.782801866531372
1474560,296.038748236002,0.03767170090417802,0.36085206270217896,,,,,,,,0.005126953125,1.0593723058700562,0.025838105592117966,-0.022977120912031124,6.249904632568359
1482752,297.7199975600015,0.050617605225349,0.40205079317092896,,,,,,,,0.00390625,1.0443021059036255,0.029209657697361058,-0.021834880715198325,5.617162227630615
1490944,299.32476392600074,0.04439945913138496,0.3894409239292145,,,,,,,,0.00439453125,1.096397042274475,0.0312501583307353,-0.024816519174889612,5.673834323883057
1499136,300.8604866749956,0.04811100490787419,0.4050659239292145,,,,,,,,0.004638671875,1.04835045337677,0.02697989732404449,-0.020284898243905537,5.239400863647461
1507328,302.3570603920016,0.05553139982859852,0.42121583223342896,0.014054089894551147,0.04803293651456819,0.04277498906857424,333,336.03906079339174,48.45,nan,0.003662109375,1.136165738105774,0.01990292792852444,-0.015890770346571395,5.1484694480896
1515520,304.03837668900087,0.05148879684690255,0.4177490174770355,,,,,,,,0.0048828125,1.0432437658309937,0.0201942677578848,-0.020471880017650525,4.179057598114014
1523712,305.5421187730026,0.04583278338894314,0.392578125,,,,,,,,0.00341796875,1.0636837482452393,0.02405843375205241,-0.020570240455051084,4.715378284454346
1531904,307.06447115899937,0.05629259178585051,0.4215454161167145,,,,,,,,0.004150390625,1.0297094583511353,0.025115103905519964,-0.01750382764331467,3.9014394283294678
1540096,308.6012090680015,0.048792646605187326,0.3988281190395355,,,,,,,,0.0042724609375,1.1195449829101562,0.022850659727842837,-0.019877261033051426,4.795142650604248
1548288,310.06597127999703,0.05167824782938904,0.4147582948207855,,,,,,,,0.0035400390625,1.0364770889282227,0.02451428318705484,-0.027160061241262048,2.9953582286834717
1556480,311.97158884799865,0.04919953132039469,0.41107177734375,,,,,,,,0.0035400390625,1.090417742729187,0.01584366333767695,-0.023580912369246636,4.51678991317749
1564672,313.470421633996,0.052248727881685275,0.42100831866264343,,,,,,,,0.0040283203125,1.0736923217773438,0.01599428145584114,-0.024512511190682703,4.597001552581787
1572864,314.948765328998,0.04392104486863022,0.38154298067092896,0.013293622328257593,0.04946028721353701,0.038673320528495925,333,337.5597239907014,46.2,nan,0.0052490234375,1.111393928527832,0.026880319990234325,-0.02068910215386479,6.2063069343566895
1581056,316.58838514099625,0.05371870366952787,0.42133790254592896,,,,,,,,0.0030517578125,1.0329794883728027,0.02735702328918621,-0.023764784808671016,3.241659641265869
1589248,318.00361027899635,0.04270249208193308,0.3792968690395355,,,,,,,,0.0037841796875,1.1098973751068115,0.019940415179858673,-0.025001670255067145,3.889739990234375
1597440,319.4703437029966,0.04912626103123535,0.4048705995082855,,,,,,,,0.00439453125,1.0565621852874756,0.022755252054058928,-0.023636836418553898,4.6326751708984375
1605632,320.95933389900165,0.05118706032386053,0.41981202363967896,,,,,,,,0.003173828125,1.0636602640151978,0.023677595744243773,-0.02119462558940976,4.056304931640625
1613824,322.4545481940004,0.04570895259184909,0.3926635682582855,,,,,,,,0.00439453125,1.1306453943252563,0.022078395223992686,-0.02534838084666316,5.039809226989746
1622016,324.0153771789992,0.05052205305175015,0.4112792909145355,,,,,,,,0.0040283203125,1.0681413412094116,0.022740179478085376,-0.01918395844760299,5.617237091064453
1630208,325.6635246939986,0.051122419471592864,0.41295167803764343,,,,,,,,0.0037841796875,1.1077452898025513,0.014702294145287453,-0.025743795865416898,5.193904876708984
1638400,327.31492140000046,0.046369789919238326,0.3957885801792145,0.037283084331019234,0.054372266715766004,0.05173740184824904,333,323.842761343079,49.5,nan,0.0040283203125,1.0574451684951782,0.017267047402747426,-0.0287541453633827,5.43624210357666
1646592,329.0890261489985,0.0569448482284286,0.42521974444389343,,,,,,,,0.0030517578125,1.051025152206421,0.030241675620094166,-0.01993358646997056,4.3388991355896
1654784,330.6190521679964,0.055830191177568295,0.43028566241264343,,,,,,,,0.0040283203125,1.0659801959991455,0.02215512412128362,-0.023261449500682197,4.299513339996338
1662976,332.17117169500125,0.0497830396732948,0.41130372881889343,,,,,,,,0.00439453125,1.0520663261413574,0.027737108610982775,-0.023476425818308246,4.269618511199951
1671168,333.67355301899806,0.05825788533970697,0.43885499238967896,,,,,,,,0.0025634765625,1.0716440677642822,0.024922482930394785,-0.02241098758511453,2.8242905139923096
1679360,335.11639177199686,0.04977424799783139,0.40281984210014343,,,,,,,,0.005859375,1.180856466293335,0.023490275165415575,-0.019054314337155605,6.478906154632568
1687552,336.6385111510026,0.05256662828604084,0.42432862520217896,,,,,,,,0.0030517578125,1.026849389076233,0.024485761038164577,-0.023745444630169855,3.2818143367767334
1695744,338.1763738209993,0.04900875508960925,0.41180419921875,,,,,,,,0.0028076171875,1.1123592853546143,0.018382524316321147,-0.030884170782015403,4.070550918579102
1703936,339.6708580939958,0.045100040618223036,0.38768312335014343,0.043955413903399077,0.05920943505308751,0.05563423849945481,333,326.1111108925709,48.150000000000006,nan,0.00537109375,1.1143558025360107,0.021229714607849948,-0.024110321783564186,6.259958744049072
1712128,341.31965464899986,0.05022847809507772,0.41124269366264343,,,,,,,,0.0030517578125,1.079620599746704,0.012488132078136815,-0.0261000482955153,4.908918857574463
1720320,342.8274360590003,0.044191765616553365,0.3924560546875,,,,,,,,0.004638671875,1.1472407579421997,0.01617429841202145,-0.026165489970379974,5.970323085784912
1728512,344.3205997699988,0.05394426677622375,0.4170898497104645,,,,,,,,0.0032958984375,1.0323530435562134,0.015365741513830078,-0.02298659895012521,5.892759323120117
1736704,345.8503307229985,0.059641006056960634,0.4501098692417145,,,,,,,,0.0032958984375,1.1266722679138184,0.013803799873059575,-0.03007761004651384,4.452001094818115
1744896,347.3289174829988,0.04982144559096485,0.4141601622104645,,,,,,,,0.0050048828125,1.0873260498046875,0.022633909678476893,-0.02650822800063257,5.943324089050293
1753088,348.80710071200156,0.05168545768209618,0.41676026582717896,,,,,,,,0.003173828125,1.0582524538040161,0.019948012769313794,-0.026314866274529253,5.941277027130127
1761280,350.35204921799595,0.05367664476093468,0.419189453125,,,,,,,,0.004150390625,1.163021445274353,0.018974852945118248,-0.02377802300613298,5.552643299102783
1769472,351.8893759499988,0.06366052455803926,0.4430786073207855,0.01713329457353241,0.030171900501594018,0.027240578438535334,333,364.4326421196247,49.650000000000006,nan,0.0037841796875,1.069866418838501,0.017704628522403176,-0.02204446275967359,4.912164211273193
1777664,353.54228289599996,0.05749150656598574,0.42994385957717896,,,,,,,,0.0029296875,1.1019675731658936,0.01037332508630795,-0.025737954182771264,5.164121150970459
1785856,355.03283137900144,0.053573510310950326,0.42724609375,,,,,,,,0.004638671875,1.1087398529052734,0.01393813398407373,-0.023597867174377753,4.391246795654297
1794048,356.50579695899796,0.05131946571137366,0.4172729551792145,,,,,,,,0.0037841796875,1.1037487983703613,0.019080833351622584,-0.027192823469642365,5.860482215881348
1802240,357.995091236,0.05696854087785922,0.4411865174770355,,,,,,,,0.0030517578125,1.1127982139587402,0.02115967844118627,-0.02545604714500728,4.389535427093506
1810432,359.5071153969984,0.05004187691898059,0.4067749083042145,,,,,,,,0.0040283203125,1.0687471628189087,0.017437431507534074,-0.023324991563622624,4.34932279586792
1818624,360.9739698630001,0.058334110187726884,0.43011474609375,,,,,,,,0.0035400390625,1.108731985092163,0.018636983369130222,-0.01823829163164454,5.621249198913574
1826816,362.43071687500196,0.06103673656159503,0.4508300721645355,,,,,,,,0.003662109375,1.1169763803482056,0.016415072935390684,-0.026105922931601078,4.975460052490234
1835008,363.8999665599986,0.066285135124717,0.45942384004592896,0.019346812544166925,0.031035379242362326,0.02997777405092128,333,360.72301879508564,45.75,nan,0.0040283203125,1.100882649421692,0.010559509794916044,-0.022165435337479486,4.8835129737854
1843200,365.5502377890007,0.05691688744340706,0.42808839678764343,,,,,,,,0.0028076171875,1.1410396099090576,0.014587679321934166,-0.023843128397468022,5.194436550140381
1851392,367.0160037329988,0.05742394204788788,0.4215331971645355,,,,,,,,0.0040283203125,1.1782118082046509,0.01365127693983681,-0.023056178965873246,6.354451656341553
1859584,368.51159721099975,0.05569020986077087,0.4330810606479645,,,,,,,,0.0040283203125,1.0898030996322632,0.016168913159842035,-0.03033553807284306,6.968544006347656
1867776,370.010598052002,0.05952860815123073,0.44188234210014343,,,,,,,,0.0035400390625,1.1293514966964722,0.01630823437127127,-0.029442790887798345,7.128183841705322
1875968,371.4991890099991,0.05441628615774094,0.4263549745082855,,,,,,,,0.0050048828125,1.1834458112716675,0.013669008058282861,-0.02785776483457707,7.924759864807129
1884160,372.94815024299896,0.061565252900692195,0.44793701171875,,,,,,,,0.00341796875,1.1534627676010132,0.010799463946380872,-0.022304495375180207,7.601351261138916
1892352,374.46970365599554,0.06115695487285144,0.45405274629592896,,,,,,,,0.0032958984375,1.179426670074463,0.008460548158292558,-0.028598396548419343,7.340379238128662
1900544,376.09192442199856,0.05436544877134855,0.4276489317417145,0.017830381324388855,0.02131745966553622,0.016950552277281372,333,407.4902747219195,49.800000000000004,nan,0.0050048828125,1.1513798236846924,0.007912001939474167,-0.027060447104677223,7.068523406982422
1908736,377.85597956499987,0.056555918967063246,0.4325317442417145,,,,,,,,0.00390625,1.1795637607574463,0.014249885336557355,-0.025576233983738175,8.020843505859375
1916928,379.33044592900114,0.059157482975591126,0.4432373046875,,,,,,,,0.0029296875,1.1143982410430908,0.01170164925266981,-0.026697032980704295,5.672863960266113
1925120,380.88399881999794,0.06706275316751253,0.46534425020217896,,,,,,,,0.0037841796875,1.159013271331787,0.011525608156240597,-0.024987542431619165,5.900445461273193
1933312,382.43466870099655,0.05364477549193911,0.4288574159145355,,,,,,,,0.00390625,1.1619770526885986,0.007921753835231415,-0.028713877441716606,5.455948352813721
1941504,383.96577067900216,0.060914942477577894,0.4480834901332855,,,,,,,,0.0030517578125,1.1826741695404053,0.008217499416626861,-0.027124209472182383,5.039478302001953
1949696,385.4441998149996,0.05943022377679752,0.44481202960014343,,,,,,,,0.0035400390625,1.1242676973342896,0.009701995517096718,-0.0268611003349757,4.4739580154418945
1957888,386.9753280549994,0.05851721165554816,0.4467407166957855,,,,,,,,0.00341796875,1.144553780555725,0.01384068004837724,-0.02864056574253612,4.186459541320801
1966080,388.6212640099984,0.06643444195087944,0.46302491426467896,0.023750137652011394,0.032868734983260706,0.0233258483604748,333,389.9790341337009,47.25,nan,0.0029296875,1.1430046558380127,0.013930833193861125,-0.0246177224524854,3.6958553791046143
1974272,390.3514103350026,0.05975643484065212,0.44420167803764343,,,,,,,,0.0037841796875,1.185802936553955,0.007257844807963099,-0.029083099312850594,4.717556953430176
1982464,391.90670483800204,0.05803497346081093,0.44097900390625,,,,,,,,0.002685546875,1.099271297454834,0.007381130109323064,-0.03020403068576214,4.339293956756592
1990656,393.42393507499946,0.06316187635724295,0.4554443359375,,,,,,,,0.0035400390625,1.1780056953430176,0.012020649408257755,-0.02429944000586654,4.721200466156006
1998848,395.038839832996,0.05494192857286584,0.42570802569389343,,,,,,,,0.00439453125,1.2019165754318237,0.010040584274520148,-0.024473636489658585,6.403947353363037
2007040,396.7016090390025,0.05922986141034952,0.4364013671875,,,,,,,,0.00341796875,1.177000880241394,0.010559572853923616,-0.024565972794166807,6.019128799438477
2015232,398.2403350480017,0.05528059324369117,0.4349731504917145,,,,,,,,0.0032958984375,1.2265233993530273,0.007914869996168972,-0.03292952240777427,5.536824703216553
2023424,399.89389775900054,0.0647299688384826,0.4380859434604645,,,,,,,,0.0045166015625,1.1858627796173096,0.008166950127894923,-0.02012732025717072,6.538211822509766
2031616,401.56830081599765,0.06682731928154352,0.46302491426467896,0.033877155487516464,0.03890865747933925,0.03234102725494714,333,358.3738802063723,44.7,nan,0.0035400390625,1.2029623985290527,0.007183536753599173,-0.018779877317437296,6.3179755210876465
2039808,403.44182904400077,0.060976079947852146,0.44676515460014343,,,,,,,,0.0042724609375,1.192373275756836,0.007014336417237033,-0.025355826967958173,6.081959247589111
2048000,405.0658330110018,0.06566455252990958,0.4651122987270355,,,,,,,,0.004150390625,1.1961134672164917,0.015563876706436996,-0.026265687520394966,6.829630374908447
2056192,406.7708393840003,0.0729248655292708,0.47639161348342896,,,,,,,,0.0037841796875,1.1448497772216797,0.014103393383934737,-0.021840775251815388,4.353248119354248
2064384,408.43703584800096,0.06657005193802554,0.46760255098342896,,,,,,,,0.0032958984375,1.1632004976272583,0.012686993829523208,-0.025071988723457946,5.100525856018066
2072576,410.1264258660012,0.06632413212119817,0.46672365069389343,,,,,,,,0.00390625,1.158216953277588,0.010303108617719658,-0.023016768887526955,3.923224687576294
2080768,411.74506829200254,0.07050843982600025,0.4781738221645355,,,,,,,,0.0040283203125,1.146381139755249,0.01692181693237549,-0.02234905033384895,5.610032081604004
2088960,413.37490852899646,0.06471667703633964,0.4598022401332855,,,,,,,,0.0028076171875,1.1392669677734375,0.01469291035530862,-0.027381457289293434,4.108636379241943
2097152,415.0770633869979,0.06426364766623287,0.4564208984375,0.005829771076565016,0.02635225616915815,0.023268143428182952,333,377.6360096240264,47.1,nan,0.0048828125,1.2410995960235596,0.009511725173105279,-0.02208345058296822,6.434276103973389
2105344,416.98489251799765,0.0747988299823653,0.4863037168979645,,,,,,,,0.0032958984375,1.1473064422607422,0.012757312289925049,-0.020822879197977387,4.756361961364746
2113536,418.52653696799825,0.07133540641453928,0.48096925020217896,,,,,,,,0.002685546875,1.1691664457321167,0.012986801969804063,-0.027226092058341273,3.3122951984405518
2121728,420.1533100460001,0.06371177996721658,0.4535278379917145,,,,,,,,0.0042724609375,1.204910159111023,0.011456799675040541,-0.027920888537698352,4.419723033905029
2129920,421.6650327640018,0.06471292756382847,0.45476076006889343,,,,,,,,0.0037841796875,1.1771245002746582,0.014833420310699785,-0.022157862297895105,4.7601141929626465
2138112,423.23606634099997,0.06816512088352791,0.47423097491264343,,,,,,,,0.0028076171875,1.187369704246521,0.014625185914121763,-0.02806704405370536,3.1619479656219482
2146304,424.8044799650015,0.0645941558165524,0.45445558428764343,,,,,,,,0.0037841796875,1.2186273336410522,0.007806014837754005,-0.026581237160120664,5.002518177032471
2154496,426.41993087399896,0.06606786856731206,0.46149903535842896,,,,,,,,0.0048828125,1.2617708444595337,0.00953201575488516,-0.025385875782517275,7.251446723937988
2162688,428.0150441680016,0.061252448851063804,0.4384521543979645,0.016677078666888168,0.023561269756046554,0.016171459093974105,333,422.6683732284909,45.150000000000006,nan,0.004150390625,1.2662755250930786,0.01218000541987485,-0.022752196476603898,7.960381984710693
2170880,429.82096207099676,0.06962648453773941,0.4686279296875,,,,,,,,0.0042724609375,1.2719043493270874,0.015853630390249007,-0.02303799768657734,6.769162178039551
2179072,431.57905550999567,0.05887933547998288,0.4383300840854645,,,,,,,,0.0048828125,1.2744450569152832,0.011794231053777304,-0.025299994200426168,9.14432144165039
2187264,433.16987892999896,0.06914301774134683,0.4674316346645355,,,,,,,,0.005126953125,1.3214197158813477,0.010211724508566555,-0.017378842740468078,9.975337982177734
2195456,434.6665987879969,0.07068384516540012,0.47663575410842896,,,,,,,,0.0050048828125,1.2463884353637695,0.011643215939413976,-0.022064013661444018,7.086654186248779
2203648,436.191123908,0.07561891995607087,0.48273926973342896,,,,,,,,0.0023193359375,1.1164658069610596,0.014420574352409732,-0.02080171633484353,4.557070255279541
2211840,437.72985787299694,0.08479066794325599,0.4939208924770355,,,,,,,,0.0045166015625,1.3207768201828003,0.010781575111396213,-0.014112951746036185,7.5784502029418945
2220032,439.2965545909974,0.07343517121896677,0.48594972491264343,,,,,,,,0.004638671875,1.1504179239273071,0.012894781049495818,-0.024330515464834244,5.91010046005249
2228224,441.0227952569985,0.07196107354918968,0.4760375916957855,0.006694541181980873,0.016617325527436444,0.015888853044826456,333,423.55849612182885,49.800000000000004,nan,0.001953125,1.2072255611419678,0.01309882926797068,-0.024532597923541878,5.426064491271973
2236416,442.9652028759956,0.06949698232340687,0.45936280488967896,,,,,,,,0.006103515625,1.3528293371200562,0.010502642072631962,-0.020269345933297926,7.608467102050781
2244608,444.55133151300106,0.07375623037308536,0.4813598692417145,,,,,,,,0.003662109375,1.1211439371109009,0.011951668634204826,-0.02191444594286301,5.507354736328125
2252800,446.14984948399797,0.06270111926696172,0.4581054747104645,,,,,,,,0.0028076171875,1.3179341554641724,0.008532938408022828,-0.028076409697307854,5.893581390380859
2260992,447.8108991150002,0.0786659361315146,0.49486085772514343,,,,,,,,0.0052490234375,1.2488510608673096,0.00899901482428156,-0.02040109664736484,6.5031418800354
2269184,449.52082785200037,0.06709353427591652,0.4713989198207855,,,,,,,,0.0035400390625,1.2247589826583862,0.010827104772251794,-0.02827931429019023,7.559800624847412
2277376,451.23098816799757,0.07525632441858128,0.49138185381889343,,,,,,,,0.0032958984375,1.2920066118240356,0.007695844363274418,-0.030358158188560615,5.580140113830566
2285568,452.7683457300009,0.07788595309562528,0.4866943359375,,,,,,,,0.005615234375,1.3058689832687378,0.007983396338865578,-0.01894889879627883,8.271432876586914
2293760,454.30933762899804,0.07386675739110829,0.4877563416957855,0.0148340493949074,0.01959452028007469,0.01594218525170432,333,413.9783981979157,47.25,nan,0.0029296875,1.1794904470443726,0.011254830380076797,-0.02543178422037521,6.136499881744385
2301952,456.04471039200143,0.07575763453740277,0.4927612245082855,,,,,,,,0.00390625,1.3071844577789307,0.009459587610203823,-0.024768478702823483,6.7998504638671875
2310144,457.5198349450002,0.07409152444231296,0.48259279131889343,,,,,,,,0.004150390625,1.1867530345916748,0.007315693572659709,-0.021504027335140504,6.526431560516357
2318336,459.0236019290023,0.06654118641711582,0.46757814288139343,,,,,,,,0.0035400390625,1.2611573934555054,0.003594076850287453,-0.027233147859426404,6.416713237762451
2326528,460.92068551800185,0.06901905257154102,0.46978759765625,,,,,,,,0.0035400390625,1.2521069049835205,0.00819163257964417,-0.02437505926395687,5.585775375366211
2334720,462.6075540919992,0.07447589858619053,0.4911743104457855,,,,,,,,0.00341796875,1.226705551147461,0.005865650431667202,-0.02585636853048435,5.783484935760498
2342912,464.28591464000056,0.06754097045677611,0.4586425721645355,,,,,,,,0.004150390625,1.2782201766967773,0.007283908697124142,-0.021464687467520872,6.594339847564697
2351104,466.05902529099694,0.07711449155605299,0.49217531085014343,,,,,,,,0.004150390625,1.2410975694656372,0.009180727194793237,-0.01909128262718511,6.5014777183532715
2359296,467.8636118249997,0.07453431346880639,0.46800538897514343,0.0038144332758065502,0.007376882172342891,0.006404431804723498,333,472.2368361930853,46.050000000000004,nan,0.00439453125,1.2670495510101318,0.0050876892947697705,-0.02142562763858684,7.154521942138672
2367488,469.8913542340015,0.07194521951748266,0.481201171875,,,,,,,,0.00341796875,1.2351922988891602,0.009856748892522416,-0.02404892631681367,6.853659152984619
2375680,471.56010384800175,0.07221154175449851,0.47833251953125,,,,,,,,0.0050048828125,1.2782626152038574,0.01021471504853888,-0.023653792149090157,6.367959976196289
2383872,473.3160208879999,0.08270754691845209,0.5071777701377869,,,,,,,,0.0028076171875,1.2133864164352417,0.008185106158990818,-0.016696466587414385,4.762344837188721
2392064,475.2986993680024,0.07758267121678455,0.4896240234375,,,,,,,,0.0045166015625,1.3432402610778809,0.007333548668534529,-0.019133759182294558,6.468757152557373
2400256,477.447943733001,0.08039475408543287,0.50128173828125,,,,,,,,0.003662109375,1.1716829538345337,0.004386783297851582,-0.021276503059027133,3.988999128341675
2408448,479.96802552900044,0.07291125872356223,0.4876342713832855,,,,,,,,0.0030517578125,1.257936716079712,0.008244097461774125,-0.022960182811675535,4.756792068481445
2416640,482.4298250599968,0.07014167615155187,0.47697755694389343,,,,,,,,0.0042724609375,1.2437864542007446,0.006712398947083753,-0.024663447340878285,5.346104145050049
2424832,484.79163161900215,0.06864778623308006,0.47746583819389343,0.013374035885107216,0.022203995285235867,0.01691740244300799,333,404.4232007301064,46.35,nan,0.0037841796875,1.2458851337432861,0.006467820423885495,-0.026509335241727564,6.553320407867432
2433024,488.41063544699864,0.07296387308643476,0.4836181700229645,,,,,,,,0.0025634765625,1.2635831832885742,0.006373216874164367,-0.027481243741682322,4.479165077209473
2441216,491.1827028539992,0.06725626966522166,0.46844482421875,,,,,,,,0.0045166015625,1.2396934032440186,0.008132270090473459,-0.022734687249442012,6.278834819793701
2449408,494.0703573799983,0.06737690025109996,0.46635743975639343,,,,,,,,0.003173828125,1.2613035440444946,0.007372447166761553,-0.028486247818404992,7.184564113616943
2457600,496.22897371600266,0.06732143160989656,0.46965333819389343,,,,,,,,0.004150390625,1.2810426950454712,0.00893814435740814,-0.028138592626068916,4.903677463531494
2465792,498.6888839710009,0.07524637131310018,0.49293214082717896,,,,,,,,0.003662109375,1.2563421726226807,0.008863249836159492,-0.02640492592501581,6.0639262199401855
2473984,501.1412734339974,0.07305412415988875,0.48173829913139343,,,,,,,,0.00244140625,1.2225433588027954,0.007738051063263973,-0.028591073135358455,6.38538122177124
2482176,503.6586164690016,0.07446512583553143,0.49071046710014343,,,,,,,,0.0037841796875,1.2838459014892578,0.006355907935353011,-0.029879073994282704,5.871915340423584
2490368,505.98153049399843,0.07301628051600885,0.48725587129592896,0.012574110219958023,0.016695197532778483,0.015215739413890761,333,399.5722907884954,49.650000000000006,nan,0.003662109375,1.2086162567138672,0.003898527760516135,-0.0263487256071,4.661651134490967
2498560,508.95610897299775,0.06801388167508862,0.4755615293979645,,,,,,,,0.0035400390625,1.2933048009872437,0.007601009778712808,-0.02463327464558928,6.491462707519531
2506752,511.8250277190018,0.07048265249495844,0.4766601622104645,,,,,,,,0.0045166015625,1.268267035484314,0.006087323864921057,-0.025764113357443566,6.837996006011963
2514944,514.3143042469965,0.07506638588155476,0.48930665850639343,,,,,,,,0.0025634765625,1.2785570621490479,0.005198015215884921,-0.02870114991157865,5.479325294494629
2523136,516.8720138770004,0.0798636936668985,0.504150390625,,,,,,,,0.003662109375,1.2759464979171753,0.004435150578541602,-0.028923185025596557,4.757756233215332
2531328,519.1657079479992,0.07269068449646438,0.4859863221645355,,,,,,,,0.0032958984375,1.2408491373062134,0.007416686423219465,-0.026397376972237253,5.769622325897217
2539520,521.6501637010006,0.06240502926402212,0.45451661944389343,,,,,,,,0.00341796875,1.303469181060791,0.004080807227529126,-0.02869080392443354,5.729399681091309
2547712,524.5462095959956,0.0725688615717925,0.48176270723342896,,,,,,,,0.0040283203125,1.2350143194198608,0.004736174186126929,-0.030742726597361658,5.163318157196045
2555904,527.2128996249958,0.07257289227808676,0.4841064512729645,0.009963289086107885,0.015434993011953058,0.009369427975406852,333,464.18598939689446,45.0,nan,0.0028076171875,1.2864450216293335,0.0035062754971263432,-0.030953384758641823,6.617306709289551
2564096,530.6432319009982,0.07211866007348174,0.4783081114292145,,,,,,,,0.0042724609375,1.2917702198028564,0.003114413478552347,-0.02329608232066993,6.9375457763671875
2572288,533.3417526400008,0.07872803467171188,0.5004639029502869,,,,,,,,0.002685546875,1.2471959590911865,0.005051762883047206,-0.024210029196113408,4.959767818450928
2580480,535.8655178940026,0.07333376985495198,0.4842163026332855,,,,,,,,0.0037841796875,1.3493432998657227,0.0072224954980892875,-0.02790613878849757,5.413866996765137
2588672,538.1749952589962,0.07727661693515872,0.49677735567092896,,,,,,,,0.0029296875,1.2177557945251465,0.003914559963520414,-0.02485587188438497,4.507361888885498
2596864,540.9304632909989,0.06660021616259992,0.46672365069389343,,,,,,,,0.0029296875,1.3572664260864258,0.0059165091186000884,-0.027024931679735575,6.242472171783447
2605056,544.0229258839972,0.07145731265430542,0.4783569276332855,,,,,,,,0.0042724609375,1.343266248703003,0.003699637237670972,-0.026460265011245043,5.823960781097412
2613248,547.0593479140007,0.07325387083051638,0.48991701006889343,,,,,,,,0.003662109375,1.280118703842163,0.004751803311178637,-0.033216767325257746,5.294798374176025
2621440,549.8697531430007,0.07588385023198434,0.48981934785842896,0.0125153821990025,0.015706296772371342,0.010983934165639697,333,444.01929496107005,40.35,nan,0.002685546875,1.3375623226165771,0.005091691638029028,-0.025918639502552493,5.4816718101501465
2629632,553.6137328449986,0.07243515519236221,0.4800781309604645,,,,,,,,0.0030517578125,1.2744965553283691,0.003965897444877964,-0.025990248710028713,4.771516799926758
2637824,556.3946498840014,0.08054544247947491,0.50067138671875,,,,,,,,0.0035400390625,1.2809550762176514,0.007160371840480129,-0.02527669586324487,5.646316051483154
2646016,559.2134182539958,0.07153171517355075,0.48173829913139343,,,,,,,,0.00341796875,1.366543173789978,0.006309523335279454,-0.031160741465246423,6.263166904449463
2654208,561.7913370199967,0.07346218115265617,0.479736328125,,,,,,,,0.004638671875,1.3284543752670288,0.004144821456742553,-0.023257579945759072,6.201969623565674
2662400,564.3209832229986,0.07819220216204366,0.48988038301467896,,,,,,,,0.002685546875,1.255179762840271,0.008246216611103252,-0.030584035955383296,6.742965221405029
2670592,567.4934673960015,0.08390388803677684,0.504467785358429,,,,,,,,0.0035400390625,1.2954705953598022,0.006183915761418302,-0.026449316333209218,6.189434051513672
2678784,570.1601592700026,0.08990956531410939,0.5169433951377869,,,,,,,,0.0040283203125,1.266235113143921,0.007706552937116307,-0.02416881025357797,5.363417625427246
2686976,573.070647030996,0.08995162789280209,0.521228015422821,0.010303128862729993,0.013280796089516489,0.008765539457641136,333,448.90185112163283,47.400000000000006,nan,0.0030517578125,1.3085399866104126,0.008153205046375511,-0.025248984874550375,5.716641902923584
2695168,576.3556262019993,0.07835695620997192,0.49003908038139343,,,,,,,,0.0035400390625,1.3518054485321045,0.004262826394713759,-0.027252515035413635,6.888025760650635
2703360,579.4704905170001,0.08407638519431204,0.5170654654502869,,,,,,,,0.0037841796875,1.2228496074676514,0.0051761152212526085,-0.026931059477251315,6.475813388824463
2711552,582.5971412910003,0.07617478929059972,0.4928832948207855,,,,,,,,0.00341796875,1.2528555393218994,0.005650709994276193,-0.024445250358161724,7.067296028137207
2719744,585.2561001880022,0.09327429849233436,0.517565906047821,,,,,,,,0.00341796875,1.317692756652832,0.0058693064698709385,-0.025964697076793608,6.068606376647949
2727936,587.6610805629971,0.08218902450051932,0.509045422077179,,,,,,,,0.00341796875,1.3126401901245117,0.005352433546917279,-0.022972606008540997,6.597428798675537
2736128,590.1100853919997,0.07338877534576971,0.48682862520217896,,,,,,,,0.003173828125,1.2922180891036987,0.003718888515251595,-0.02847608736597449,6.999875068664551
2744320,592.6233868659983,0.0832725561222013,0.50689697265625,,,,,,,,0.0035400390625,1.3518437147140503,0.00394814915953734,-0.025334446158572544,5.581170558929443
2752512,595.0501561860001,0.07667442408597087,0.4948974549770355,0.012180724655324049,0.019212078306584,0.01412957475729093,333,433.48818158168456,47.400000000000006,nan,0.00390625,1.3097870349884033,0.00558863727863923,-0.030829025760571085,6.7109246253967285
2760704,598.0706749590026,0.07944443031665989,0.502209484577179,,,,,,,,0.003173828125,1.349729061126709,0.00592107581347634,-0.025946256585876584,6.415505886077881
2768896,600.3471132220002,0.08481979662949285,0.51312255859375,,,,,,,,0.003173828125,1.3138840198516846,0.002445659467992245,-0.02116062767760883,5.146485805511475
2777088,602.5571961589958,0.07859964613278453,0.49952393770217896,,,,,,,,0.0029296875,1.2894461154937744,0.005200664832936908,-0.026322100054028998,5.351139068603516
2785280,604.7966679750025,0.07389164022628457,0.4834228456020355,,,,,,,,0.00439453125,1.3441698551177979,0.005660011421167344,-0.030440444333135353,7.514678955078125
2793472,607.2831460480011,0.08411996744655029,0.502429187297821,,,,,,,,0.0037841796875,1.2942649126052856,0.005352633241497928,-0.024153112329130845,7.472635746002197
2801664,609.6115725779964,0.07997062282795539,0.50238037109375,,,,,,,,0.0029296875,1.3240621089935303,0.004041896390079347,-0.029545277083875977,7.13454008102417
2809856,612.0312813269993,0.08010278199860979,0.4981323182582855,,,,,,,,0.004150390625,1.3486552238464355,0.006693601501896684,-0.026064043932481597,6.677121162414551
2818048,614.3287748119983,0.08573937965346928,0.512133777141571,0.008630469983681777,0.010730257416319167,0.006567014848930075,333,484.7932423033824,49.2,nan,0.00341796875,1.3548219203948975,0.003365179803011098,-0.025520249434103782,6.7515764236450195
2826240,616.8922845350025,0.08802823650876355,0.520678699016571,,,,,,,,0.00341796875,1.3484090566635132,0.005730968384469515,-0.02298977799330022,6.773542881011963
2834432,619.1105253939968,0.08250954577309778,0.506420910358429,,,,,,,,0.003662109375,1.3243680000305176,0.00465076073483317,-0.023082075212849724,8.306492805480957
2842624,621.3356568009985,0.07617827256119741,0.4927612245082855,,,,,,,,0.0035400390625,1.2976891994476318,0.00311240481340469,-0.030270767322845695,9.026778221130371
2850816,623.6166280319958,0.08079966819120424,0.49525147676467896,,,,,,,,0.0035400390625,1.3503446578979492,0.004708832388706119,-0.025085110197067773,7.465399265289307
2859008,625.9907258669991,0.07308900577955905,0.4866943359375,,,,,,,,0.003173828125,1.2824286222457886,0.004482366909915214,-0.03420171116263831,8.576255798339844
2867200,628.3083446460005,0.08599074224410846,0.5143066644668579,,,,,,,,0.002685546875,1.3168528079986572,0.0058549404659303805,-0.027202204194576564,7.479864597320557
2875392,630.7928601340027,0.07535117672276984,0.4779907166957855,,,,,,,,0.004150390625,1.3641666173934937,0.005066258091273701,-0.0269393611115273,8.8055419921875
2883584,633.1744456969973,0.0950195627867922,0.524487316608429,0.024760048339330765,0.02927840150460559,0.024000150107154283,333,403.6934553255646,49.35,nan,0.0037841796875,1.3040331602096558,0.004241053417798901,-0.022179279819352193,8.097610473632812
2891776,635.7222091229996,0.0742906257959427,0.4915527403354645,,,,,,,,0.0037841796875,1.3632655143737793,0.0038377461886676123,-0.03035207616613027,8.567957878112793
2899968,638.0703126689987,0.07851362893873404,0.500317394733429,,,,,,,,0.0035400390625,1.2890493869781494,0.0025235684115553214,-0.031153323630839804,7.08656644821167
2908160,640.4704271730006,0.10146610711645868,0.5293945670127869,,,,,,,,0.0042724609375,1.4048106670379639,0.005602833281667774,-0.018536720753500657,9.916529655456543
2916352,642.8530239300017,0.0955502598083458,0.52557373046875,,,,,,,,0.0040283203125,1.3364715576171875,0.004898939536140401,-0.01788524698047243,8.003218650817871
2924544,645.0189713020009,0.08139233357629894,0.4997314512729645,,,,,,,,0.003662109375,1.3561967611312866,0.0033369852890450247,-0.02267700919660697,8.838761329650879
2932736,647.1545895250019,0.10181781640046061,0.5435791015625,,,,,,,,0.0032958984375,1.3027679920196533,0.004693416190324706,-0.018267699828833625,5.9934539794921875
2940928,649.4944069389967,0.08211708473744726,0.51312255859375,,,,,,,,0.003173828125,1.3121287822723389,0.004281213269567985,-0.030999743344668776,6.900451183319092
2949120,651.5797477759988,0.07822089899790138,0.49653321504592896,0.07278698617254165,0.08626049528611057,0.08493283335585344,107,71.39770003500334,15.9,nan,0.0040283203125,1.3459155559539795,0.00449905953455243,-0.02816845784777613,7.911109924316406
2957312,653.4547228250012,0.0806833789664931,0.5051025748252869,,,,,,,,0.0037841796875,1.2822167873382568,0.00488711840961864,-0.029980578190480736,7.260596752166748
2965504,655.0902842849973,0.08538651602281644,0.5118164420127869,,,,,,,,0.003173828125,1.3382196426391602,0.0042029234810890825,-0.02906690745149695,7.973905086517334
2973696,656.8429375139967,0.08173428483747601,0.5051025748252869,,,,,,,,0.00439453125,1.3681914806365967,0.002139847437882425,-0.028520450448879277,9.304789543151855
2981888,658.4666119539979,0.09052386962139913,0.528674304485321,,,,,,,,0.003173828125,1.3139876127243042,0.003581743845025298,-0.023171692206489104,8.327589988708496
2990080,660.1596573740026,0.1153579886469845,0.549389660358429,,,,,,,,0.0040283203125,1.3249636888504028,0.007040623766821685,-0.017950121217786354,8.419539451599121
2998272,661.8564147869984,0.08360372597657767,0.508044421672821,,,,,,,,0.0040283203125,1.3512766361236572,0.004831150605176471,-0.028631926200040465,8.951143264770508
3006464,663.4578631139957,0.09326354524354404,0.523205578327179,,,,,,,,0.0032958984375,1.2977529764175415,0.008265896982075582,-0.027734110670822883,8.931867599487305
3014656,665.0403454299958,0.09236786683607096,0.525256335735321,0.009333288502381132,0.011698597937841004,0.00815968240962106,333,458.860727452868,45.0,nan,0.0040283203125,1.3308676481246948,0.0051352687354834226,-0.027809416230377717,9.274523735046387
3022848,666.9859459419968,0.09297804216805212,0.52337646484375,,,,,,,,0.0037841796875,1.3154115676879883,0.004102910255071701,-0.026315682306392158,7.3389410972595215
3031040,668.8885685450005,0.09343010160867093,0.522021472454071,,,,,,,,0.0032958984375,1.3102450370788574,0.003994755568401009,-0.022744859259957412,9.080527305603027
3039232,670.9379342699976,0.08587212307624198,0.513049304485321,,,,,,,,0.003173828125,1.323225975036621,0.003967464512172114,-0.024856224042422156,8.266739845275879
3047424,673.1568877059981,0.08469257897050464,0.509594738483429,,,,,,,,0.003662109375,1.320106863975525,0.003699311326061494,-0.02823511611145828,8.349075317382812
3055616,675.8365658549956,0.08591692704333043,0.5187134146690369,,,,,,,,0.00390625,1.403659462928772,0.002470842160856468,-0.02860519797800758,8.913360595703125
3063808,678.5353504520026,0.0829082979553864,0.5043091177940369,,,,,,,,0.0030517578125,1.3576319217681885,0.0026124454146173592,-0.02276756691984575,8.1914644241333
3072000,681.3127216249995,0.09198996522186209,0.5284180045127869,,,,,,,,0.003173828125,1.3540232181549072,0.0039924764372027965,-0.025568616052662654,7.462242126464844
3080192,683.3544931619981,0.08316260740185544,0.506420910358429,0.029567289118594076,0.02554054184516874,0.022175466838945557,333,412.2854854647211,47.1,44.550000000000004,0.00341796875,1.3299304246902466,0.005076543973192127,-0.02907150527186332,8.217860221862793
3088384,685.8352381029981,0.11725388449718316,0.5552124381065369,,,,,,,,0.004638671875,1.3925942182540894,0.004323780638405661,-0.013330245099279237,8.640839576721191
3096576,688.107318028,0.08939774689536034,0.530810534954071,,,,,,,,0.0025634765625,1.3020224571228027,0.004327874139379739,-0.02963672918574875,7.250002384185791
3104768,690.588378020002,0.07994435724952267,0.506054699420929,,,,,,,,0.0030517578125,1.4004778861999512,0.00490021523592854,-0.0273686322599245,8.289629936218262
3112960,693.0743392380027,0.10447677807525067,0.5455566644668579,,,,,,,,0.0037841796875,1.347812533378601,0.0036319041597872026,-0.023290807680504916,6.437798976898193
3121152,695.5469768059993,0.08385218891518112,0.512072741985321,,,,,,,,0.0042724609375,1.443500280380249,0.006071431188017118,-0.025176210733116208,8.031742095947266
3129344,697.8695321839987,0.0913279712529237,0.530383288860321,,,,,,,,0.00341796875,1.384940266609192,0.002967049612291439,-0.02859529616485745,8.40506649017334
3137536,700.177237443997,0.10273557788592523,0.533862292766571,,,,,,,,0.0035400390625,1.3838245868682861,0.003073453434002449,-0.024023085908241454,7.823359966278076
3145728,702.4926492829982,0.08850162500497309,0.5245727896690369,0.017349996573745807,0.01823051966003697,0.013012497430309411,333,450.17210468805115,48.150000000000006,47.1,0.00341796875,1.3755018711090088,0.0021650299117360605,-0.02985857942314705,7.832554817199707
3153920,705.183797867001,0.09698926128704263,0.5337158441543579,,,,,,,,0.003662109375,1.365653395652771,0.004835612337683148,-0.025901500846821107,7.911750316619873
3162112,707.4532043630024,0.0950221064765485,0.524243175983429,,,,,,,,0.0035400390625,1.3478606939315796,0.005848516218425193,-0.02224581193497778,7.551539897918701
3170304,709.8779776149968,0.08686887420810589,0.519775390625,,,,,,,,0.0040283203125,1.3822171688079834,0.00416539991809084,-0.03024166342511102,7.759452819824219
3178496,712.3459212189991,0.09294709642161103,0.53082275390625,,,,,,,,0.0029296875,1.3225008249282837,0.007879559052636376,-0.02793241354129916,6.975398540496826
3186688,714.7246874459961,0.11566927047013319,0.5625244379043579,,,,,,,,0.004150390625,1.4233455657958984,0.005062122274241299,-0.018488431621206548,6.707035064697266
3194880,717.297550821997,0.1035119294171031,0.5481811761856079,,,,,,,,0.00390625,1.3069552183151245,0.0027900547382271323,-0.023350836699113666,7.062307834625244
3203072,719.7499721200002,0.0959264700572094,0.526318371295929,,,,,,,,0.002685546875,1.3656007051467896,0.004839771486949029,-0.026156678858951156,7.817352294921875
3211264,722.0842161210021,0.11128109679117887,0.5569214224815369,0.04826122020338908,0.08856508489150605,0.0792792667140606,89,54.57979534484915,12.450000000000001,nan,0.0037841796875,1.3241376876831055,0.004924353931304415,-0.021794652016078206,6.531271457672119
3219456,724.9548199209967,0.09849247616492159,0.539318859577179,,,,,,,,0.003662109375,1.2777096033096313,0.0034795682133498262,-0.02310254341467532,7.530162811279297
3227648,727.1656500789977,0.10834510359357663,0.54248046875,,,,,,,,0.003173828125,1.438021183013916,0.00393615541522907,-0.019741611566720278,7.103122234344482
3235840,729.7211160730003,0.10763799263597247,0.552355945110321,,,,,,,,0.0042724609375,1.2881108522415161,0.004003064161867131,-0.02255249489290736,6.111038684844971
3244032,732.2358630800009,0.09431628919824797,0.530444324016571,,,,,,,,0.0018310546875,1.3118921518325806,0.0032562744457603765,-0.022670283181604314,7.883219242095947
3252224,734.4998894469973,0.09185871533206942,0.526806652545929,,,,,,,,0.0042724609375,1.3666342496871948,0.004673204836944667,-0.030920764136336154,7.0535712242126465
3260416,736.7251193030024,0.0805415605444804,0.5063720941543579,,,,,,,,0.0032958984375,1.2309101819992065,0.006700059802229097,-0.02935558698861316,6.758842468261719
3268608,739.0926338080026,0.09546974551098886,0.535937488079071,,,,,,,,0.002685546875,1.4307057857513428,0.0037761920896444146,-0.026257032009803408,7.939937591552734
3276800,741.5257399339971,0.11880962798139512,0.552929699420929,0.012397901245508658,0.015576906686316061,0.011088658650247663,333,466.0467323605261,45.900000000000006,nan,0.004150390625,1.3350330591201782,0.0044718394247625914,-0.024609859002171414,6.588019847869873
3284992,744.3060529259965,0.07926969554363981,0.4988647401332855,,,,,,,,0.0032958984375,1.3782347440719604,0.0034234091487304052,-0.028185826464829575,8.705255508422852
3293184,746.4353628699973,0.09923366068183827,0.5419921875,,,,,,,,0.0035400390625,1.3430566787719727,0.0024614264244706696,-0.03052504088026339,6.107255458831787
3301376,748.7807383569962,0.0888263016160103,0.517346203327179,,,,,,,,0.00341796875,1.2891653776168823,0.0038978563142061384,-0.024149839782598936,6.97369384765625
3309568,751.1583283309956,0.09958167101206153,0.5462646484375,,,,,,,,0.002685546875,1.369553804397583,0.0039659699100578205,-0.028436888453332216,7.883996486663818
3317760,753.6757065779966,0.0905063562827117,0.5268310904502869,,,,,,,,0.004150390625,1.3019286394119263,0.0027445403312424954,-0.02857272917833097,8.38524055480957
3325952,756.0455190389985,0.08621443248112814,0.5196167230606079,,,,,,,,0.0025634765625,1.3356012105941772,0.004982812006765647,-0.029565079895008995,8.666943550109863
3334144,758.5402001830007,0.09148372647368336,0.527355968952179,,,,,,,,0.00390625,1.33970046043396,0.00436627880695295,-0.03605082898748598,7.714226722717285
3342336,760.9119151699997,0.09487964206281883,0.531909167766571,0.05358147708596783,0.04414774869008231,0.041566990496817446,333,350.7951650803517,48.6,nan,0.003173828125,1.2648555040359497,0.00495918285034902,-0.0246398775278021,8.165562629699707
3350528,763.8424688649975,0.08727166612653248,0.5176147818565369,,,,,,,,0.002685546875,1.4143327474594116,0.0040398576536768704,-0.030200231272051264,7.8084330558776855
3358720,766.1290502909978,0.09157788168203783,0.52777099609375,,,,,,,,0.0037841796875,1.316704511642456,0.003184713662541916,-0.0276090239422636,8.18431568145752
3366912,768.4483656969969,0.10345592413672917,0.542529284954071,,,,,,,,0.0030517578125,1.3518502712249756,0.005892455069914981,-0.02214373570419282,9.758247375488281
3375104,770.8517480200026,0.09319344940566976,0.5307861566543579,,,,,,,,0.003662109375,1.3307186365127563,0.004691805859175946,-0.02609230292939518,6.43783712387085
3383296,773.402042335998,0.0941414092707024,0.5323242545127869,,,,,,,,0.00341796875,1.3041765689849854,0.005299923815942131,-0.031173250133433757,8.127375602722168
3391488,775.7126361080009,0.09535957048925493,0.536389172077179,,,,,,,,0.002685546875,1.4030219316482544,0.005083140259764418,-0.0314926464135784,9.195191383361816
3399680,777.9602723709977,0.09238523055376449,0.5207763910293579,,,,,,,,0.00439453125,1.3279426097869873,0.003370808113898005,-0.028166111034521293,8.472551345825195
3407872,780.3620644219991,0.0875409799064127,0.5146850943565369,0.048627503267720806,0.04649385846649401,0.0364707806066491,333,378.61926403886645,49.2,48.300000000000004,0.00244140625,1.3697203397750854,0.0030005406579614036,-0.03190069918482004,9.433588027954102
3416064,783.1497635139967,0.12407685682424173,0.5624756217002869,,,,,,,,0.0040283203125,1.3639329671859741,0.005481859280682344,-0.018154374452467977,7.362054347991943
3424256,785.5164160269997,0.08323113331504539,0.5051636099815369,,,,,,,,0.00341796875,1.2822052240371704,0.00458889348160052,-0.028483276960291848,10.23953914642334
3432448,787.7601226069964,0.0898559485021977,0.51715087890625,,,,,,,,0.0028076171875,1.3766000270843506,0.0033254194429780393,-0.026365791445983635,9.542154312133789
3440640,790.1389684570022,0.11017923472639579,0.547656238079071,,,,,,,,0.00439453125,1.331160306930542,0.0036541159873839657,-0.01723551617394371,8.019698143005371
3448832,792.6170823520006,0.09647179690218753,0.530651867389679,,,,,,,,0.0028076171875,1.302513599395752,0.00589785445317037,-0.02796452514037058,9.402551651000977
3457024,795.1448063630014,0.11916669702949823,0.563854992389679,,,,,,,,0.003662109375,1.2860110998153687,0.006107636692527452,-0.021372767346334157,6.972178936004639
3465216,797.736685363001,0.10360730638058602,0.54351806640625,,,,,,,,0.003173828125,1.3087527751922607,0.0043169539435370385,-0.024567607287788007,7.780633449554443
3473408,800.3661003270026,0.09363232186279562,0.51934814453125,0.014049070518429074,0.012682607116175415,0.010599558244090423,333,483.23676229769626,49.800000000000004,nan,0.00390625,1.4109876155853271,0.0035211632123530734,-0.02619881959316361,8.860071182250977
3481600,803.1049636909956,0.1181818814225753,0.56915283203125,,,,,,,,0.0032958984375,1.3261497020721436,0.004565049098595564,-0.022759162587192804,6.955234050750732
3489792,805.5075914370027,0.09828856628767894,0.5375732779502869,,,,,,,,0.00341796875,1.3762507438659668,0.00470013108659828,-0.028071781613194575,7.86208963394165
3497984,807.543751266996,0.11274565754360506,0.553942859172821,,,,,,,,0.00341796875,1.2905691862106323,0.0024715449101657683,-0.025452738472224387,8.69593334197998
3506176,809.8256950979994,0.09896273734625421,0.539306640625,,,,,,,,0.0035400390625,1.2801369428634644,0.002149279426650108,-0.03195889286706207,9.825790405273438
3514368,812.4988716259977,0.10569431897741613,0.548571765422821,,,,,,,,0.00341796875,1.3342000246047974,0.0058917398168398805,-0.02452276528296207,9.053495407104492
3522560,815.1564622340011,0.11132706511243616,0.557141125202179,,,,,,,,0.00341796875,1.3278177976608276,0.004977215919807376,-0.0258403037141094,9.300604820251465
3530752,817.6364185709972,0.1134272421501795,0.56927490234375,,,,,,,,0.003173828125,1.3144365549087524,0.004115690020425555,-0.0281430651222501,7.704675197601318
3538944,820.1902122640022,0.12016548552632832,0.565075695514679,0.0182198141476424,0.01782578605398799,0.016328214976711886,333,414.3498935185048,49.800000000000004,nan,0.0035400390625,1.3608899116516113,0.0052954636568294244,-0.019138771241372917,6.511693000793457
3547136,823.0669807599988,0.10868567639670444,0.5593017935752869,,,,,,,,0.0037841796875,1.2838841676712036,0.005975161894464787,-0.02846037066968407,7.320308208465576
3555328,825.6166868200016,0.10132558608830683,0.5442871451377869,,,,,,,,0.0028076171875,1.3332220315933228,0.007139013253595894,-0.02639969918109866,6.018510341644287
3563520,827.7000349049995,0.12103160943711551,0.554089367389679,,,,,,,,0.0037841796875,1.3447617292404175,0.006594020343142604,-0.02725049021397834,6.976895332336426
3571712,830.0212005599969,0.10967853413095437,0.55767822265625,,,,,,,,0.0040283203125,1.355913519859314,0.004865349795889484,-0.023891922651791686,8.311909675598145
3579904,832.6044971079973,0.12226877021204574,0.571276843547821,,,,,,,,0.0028076171875,1.3307818174362183,0.005584149223418433,-0.025969329393843988,7.392144680023193
3588096,835.3685152510006,0.11921438142959723,0.5616699457168579,,,,,,,,0.0040283203125,1.3640666007995605,0.006026523556938557,-0.020459837064831468,6.403083801269531
3596288,838.2612193550012,0.11381596612067463,0.566821277141571,,,,,,,,0.0029296875,1.3547085523605347,0.005381283579801832,-0.023811499419463283,6.51863431930542
3604480,840.6506402469968,0.15124381697145323,0.587512195110321,0.05740019706119204,0.12319077868059658,0.11928333782898659,55,19.697208094704216,8.1,nan,0.0037841796875,1.3870664834976196,0.006681471518153126,-0.016773162086817096,7.112956523895264
3612672,843.0886881179977,0.10540287906875573,0.5398803949356079,,,,,,,,0.0054931640625,1.4407660961151123,0.005482401514468216,-0.026437921004155825,11.543952941894531
3620864,845.7346474049991,0.10355692906368517,0.548266589641571,,,,,,,,0.0025634765625,1.3157011270523071,0.004529326113610566,-0.022762513233273402,8.552054405212402
3629056,848.5981831949975,0.11054564042779678,0.5550537109375,,,,,,,,0.0050048828125,1.4811301231384277,0.003061272929172243,-0.023085940299626677,8.169379234313965
3637248,851.2473809809962,0.10684115891632794,0.5555786490440369,,,,,,,,0.00390625,1.2510401010513306,0.00290948840475147,-0.02354329728578594,9.298209190368652
3645440,853.8071398289976,0.1063576413945398,0.553149402141571,,,,,,,,0.002685546875,1.4317145347595215,0.006448571450448415,-0.025775602099175794,9.063566207885742
3653632,856.1994254750025,0.11731752488753461,0.5672363638877869,,,,,,,,0.00439453125,1.4160783290863037,0.003913003613295496,-0.02105463318536511,7.6525774002075195
3661824,858.726315934,0.11684492833323873,0.5658813714981079,,,,,,,,0.0037841796875,1.3376890420913696,0.003251427668669482,-0.02429780282950368,9.386796951293945
3670016,861.1255488730021,0.11155794003224734,0.5566040277481079,0.007315245679019311,0.01305181428492963,0.006919732999530637,191,236.59967727701664,24.0,nan,0.0037841796875,1.435326099395752,0.0056760396115257405,-0.025029436432479898,8.935870170593262
3678208,863.8981753769986,0.111114680786918,0.550537109375,,,,,,,,0.004638671875,1.3725403547286987,0.0034026347985083305,-0.018308682025241392,9.306095123291016
3686400,866.3989950409959,0.11063404406943918,0.558215320110321,,,,,,,,0.003662109375,1.3658456802368164,0.0045499877652621645,-0.021682232189270623,9.409318923950195
3694592,868.9292983269988,0.1162081793543059,0.5679077506065369,,,,,,,,0.0032958984375,1.384515643119812,0.004265174362128588,-0.02598573420212537,8.543883323669434
3702784,871.3329250989991,0.1104676950491764,0.5514160394668579,,,,,,,,0.0037841796875,1.4005681276321411,0.005444474414245226,-0.025243873621365872,8.271336555480957
3710976,873.6569666880023,0.09692367622873294,0.5384277701377869,,,,,,,,0.0035400390625,1.3243978023529053,0.004920563310935933,-0.026144704911774386,9.668703079223633
3719168,875.9181503049986,0.10607221722191174,0.545336902141571,,,,,,,,0.0037841796875,1.4340856075286865,0.004330398216205178,-0.024139220928124934,9.450545310974121
3727360,878.4150717579978,0.10182204323939913,0.5468506217002869,,,,,,,,0.00390625,1.4071732759475708,0.004593345496101464,-0.02543957662977744,7.923099040985107
3735552,880.9399272450028,0.10831532028849007,0.548510730266571,0.03547021756560764,0.042518484329351236,0.031616823651955506,333,376.40187223003517,43.5,nan,0.003173828125,1.3888612985610962,0.0033122304849360074,-0.026988017107673103,9.193227767944336
3743744,883.7738610559973,0.12017561476401323,0.5724243521690369,,,,,,,,0.004150390625,1.4407622814178467,0.00474294198294245,-0.028640208098228433,8.80235481262207
3751936,886.2673047639983,0.09633527485691196,0.5320678949356079,,,,,,,,0.004638671875,1.4108731746673584,0.004603126893430232,-0.02783650325553119,11.583566665649414
3760128,888.6213653750019,0.1097101854439455,0.554516613483429,,,,,,,,0.00341796875,1.3874316215515137,0.0033581309732764186,-0.03004395983125038,9.965399742126465
3768320,890.935521915002,0.11414745435784096,0.564624011516571,,,,,,,,0.003662109375,1.4014666080474854,0.004344570187586383,-0.02517880837534922,8.491704940795898
3776512,893.2957492400019,0.11421613797763593,0.5626465082168579,,,,,,,,0.0040283203125,1.3450753688812256,0.0041064172562972345,-0.021062342519898136,9.839235305786133
3784704,895.7290097419973,0.11535213649204855,0.566113293170929,,,,,,,,0.00390625,1.4083011150360107,0.00495125070336111,-0.02101446942650463,8.0415620803833
3792896,898.3040128889988,0.10490121762399757,0.54766845703125,,,,,,,,0.0037841796875,1.4060335159301758,0.0038284488178977893,-0.024224356276627335,9.770401000976562
3801088,900.6819062180002,0.12197558770708161,0.5771728754043579,0.020742490071611108,0.021256713918646697,0.01789489802440869,333,433.6700553359965,47.400000000000006,nan,0.0030517578125,1.3720502853393555,0.0032555062143053703,-0.021891649945930815,9.171684265136719
3809280,903.5167535410001,0.1131357520390166,0.56219482421875,,,,,,,,0.00390625,1.382220983505249,0.004413854062333078,-0.022908833215348527,7.89281702041626
3817472,905.9048654470025,0.10186335778613337,0.5471435785293579,,,,,,,,0.0030517578125,1.3209502696990967,0.0031931383124614854,-0.029479411647822962,8.550869941711426
3825664,908.1668995189975,0.10536158655708859,0.546032726764679,,,,,,,,0.00341796875,1.4208093881607056,0.0029427689289958092,-0.028228050343126993,9.058257102966309
3833856,910.2731202419964,0.13063379676358008,0.581408679485321,,,,,,,,0.0045166015625,1.3717461824417114,0.003263793467373266,-0.02434669622111232,7.269578456878662
3842048,912.6598270749964,0.12050554844076039,0.57049560546875,,,,,,,,0.0030517578125,1.3230082988739014,0.004788027381128601,-0.01898343083761584,8.88916301727295
3850240,914.9307493020024,0.116706980450613,0.56591796875,,,,,,,,0.0032958984375,1.3981178998947144,0.0028865589583714213,-0.026152767511174492,6.787449836730957
3858432,917.5058361650008,0.11569802428806227,0.563891589641571,,,,,,,,0.00390625,1.3175292015075684,0.007370849291244763,-0.02921959764549773,6.8033766746521
3866624,920.0348606179978,0.1107277104124038,0.557482898235321,0.02790512119543198,0.03378594252013323,0.027101314214939,333,387.68207769711705,39.150000000000006,nan,0.0025634765625,1.299894094467163,0.007876008227121534,-0.027680982095308296,7.08547830581665
3874816,923.0307529589991,0.10741144112851134,0.551745593547821,,,,,,,,0.0035400390625,1.4128084182739258,0.0031074158601960278,-0.02977691125226761,6.903506755828857
3883008,925.6614519239956,0.1032672272806051,0.542346179485321,,,,,,,,0.00439453125,1.2921855449676514,0.002540028494685709,-0.025325475006193778,7.7053446769714355
3891200,927.9179228540015,0.10364045750793541,0.548828125,,,,,,,,0.002197265625,1.3747068643569946,0.0061430714359385075,-0.029076078759681774,7.8976287841796875
3899392,929.9346049439991,0.11601621019429831,0.560742199420929,,,,,,,,0.004150390625,1.3800058364868164,0.004521563403285134,-0.02471788502259778,7.179159641265869
3907584,932.2703280049973,0.10177291189432916,0.5418701171875,,,,,,,,0.0040283203125,1.3565142154693604,0.006481303656702853,-0.02530733991829906,8.935132026672363
3915776,934.6560762139998,0.10632723057716392,0.555419921875,,,,,,,,0.00341796875,1.3878118991851807,0.00687993352434102,-0.030508467157962862,8.219093322753906
3923968,937.0579678159993,0.12194547671578626,0.5752319693565369,,,,,,,,0.0037841796875,1.3156766891479492,0.005118656801020638,-0.022245334935033292,7.059566020965576
3932160,939.4743952429999,0.09833654604669384,0.5404419302940369,0.013556788871624703,0.01608506128728182,0.011819815223872987,333,459.03996708066984,48.300000000000004,nan,0.0028076171875,1.4113430976867676,0.004746250285441733,-0.03054109508158013,8.289820671081543
3940352,942.4029276540023,0.12154682423715901,0.5727173089981079,,,,,,,,0.003662109375,1.3651995658874512,0.0035092375081245963,-0.02413861079438025,6.233251571655273
3948544,944.7253738849977,0.09691574783016094,0.53057861328125,,,,,,,,0.0037841796875,1.3581911325454712,0.003880757481064978,-0.025752590174070757,7.316995143890381
3956736,947.2735685739972,0.09405775606112386,0.5378784537315369,,,,,,,,0.003662109375,1.3967748880386353,0.004123299933864399,-0.03125282750302854,9.250284194946289
3964928,949.4900419620026,0.11258679123413665,0.5667480826377869,,,,,,,,0.0032958984375,1.3668748140335083,0.00404367090778468,-0.025524469565275716,6.751815319061279
3973120,951.718069745999,0.09937993056794797,0.54547119140625,,,,,,,,0.0030517578125,1.334723711013794,0.0011757591334476958,-0.024506006312639356,9.775050163269043
3981312,953.9848533129989,0.10363935024246512,0.5443115234375,,,,,,,,0.0035400390625,1.4113638401031494,0.0016759595791572268,-0.029334100076581972,8.533123016357422
3989504,956.4710693640009,0.11110510607889722,0.564404308795929,,,,,,,,0.003662109375,1.3392213582992554,0.00508367048200542,-0.03000314893632927,6.6864237785339355
3997696,958.8886199639965,0.11835519153092731,0.5704712271690369,0.017462775750448634,0.017377502416198287,0.013683036142187466,333,460.5097776611408,47.25,nan,0.0032958984375,1.3795819282531738,0.005881093918259306,-0.023173772791675984,9.137129783630371
4005888,961.6514910929982,0.12439976955173374,0.562023937702179,,,,,,,,0.003173828125,1.3237944841384888,0.0024735866666509843,-0.026030110749489188,6.885726451873779
4014080,964.1183098179972,0.1033139148292393,0.538195788860321,,,,,,,,0.00439453125,1.4320669174194336,0.002185102110813242,-0.027282083429406113,7.936025142669678
4022272,966.5805189289968,0.11719382303550784,0.5677246451377869,,,,,,,,0.002685546875,1.298138976097107,0.00603402288899102,-0.02917681807823684,7.180391788482666
4030464,968.964376017997,0.11190282416876429,0.5672607421875,,,,,,,,0.0029296875,1.3198354244232178,0.0026164134036739117,-0.028219072769149395,6.6173553466796875
4038656,971.4576241449977,0.10572733230863317,0.55224609375,,,,,,,,0.0035400390625,1.268801212310791,0.003264502072735098,-0.02790621333663708,6.851675510406494
4046848,974.0975074599992,0.09766721166532616,0.5377563834190369,,,,,,,,0.0029296875,1.4052923917770386,0.0027341826097604383,-0.03211142120567042,8.03876781463623
4055040,976.5323765979992,0.12205303937681322,0.568530261516571,,,,,,,,0.0042724609375,1.3948168754577637,0.002103592016748923,-0.024007975845067354,6.791467189788818
4063232,978.9959122950022,0.11042055258181534,0.5616211295127869,0.017214557031681732,0.020026244785268155,0.01439783872291256,333,440.62666041693114,49.2,nan,0.003173828125,1.303008794784546,0.0044970045057197705,-0.02573289017888021,6.86372709274292
4071424,981.6729879740014,0.10383000703408898,0.543347179889679,,,,,,,,0.003173828125,1.4105075597763062,0.0044975114988451415,-0.026656572861800367,7.323214054107666
4079616,983.7802970670018,0.10924972558718578,0.5606689453125,,,,,,,,0.0047607421875,1.3998671770095825,0.001968691358956054,-0.02792677372028046,8.57275676727295
4087808,986.0558686820004,0.11070971781177491,0.565563976764679,,,,,,,,0.0025634765625,1.3612505197525024,0.0019022397504888655,-0.026462360007459447,7.482970714569092
4096000,988.4183455309976,0.10886017525627163,0.533447265625,,,,,,,,0.00439453125,1.5134028196334839,0.004839826618257437,-0.026811521619198905,10.388534545898438
4104192,990.6530480579968,0.12189025518958137,0.57061767578125,,,,,,,,0.00390625,1.3045871257781982,0.004800391446408203,-0.02256341691827083,8.019424438476562
4112384,993.1574449649997,0.0981713697493156,0.5445801019668579,,,,,,,,0.0028076171875,1.4592163562774658,0.0034155450477291183,-0.02911043567992589,9.822989463806152
4120576,995.8169411159979,0.1366113523401133,0.58880615234375,,,,,,,,0.0045166015625,1.4159289598464966,0.003667047153487313,-0.015732900832265452,7.488917827606201
4128768,998.39825423,0.10551285004439581,0.5521484613418579,0.008833035477470386,0.010990863910056103,0.006823760717646898,333,511.9842541339515,22.8,26.25,0.0035400390625,1.317582607269287,0.00383806346089155,-0.024998756330362762,9.601343154907227
4136960,1001.8257278079982,0.11121356955395112,0.556469738483429,,,,,,,,0.003662109375,1.4817434549331665,0.003683893665398341,-0.0269426710579055,10.150288581848145
4145152,1004.6168437279994,0.12385115709632517,0.57318115234375,,,,,,,,0.0045166015625,1.3254120349884033,0.0035519607984613177,-0.02628596899124206,6.9680070877075195
4153344,1007.4720024760027,0.11945782158901733,0.565686047077179,,,,,,,,0.0029296875,1.4158878326416016,0.005601990905172549,-0.022849742894135498,9.826417922973633
4161536,1010.0062221330008,0.1601602096078663,0.5848144888877869,,,,,,,,0.0035400390625,1.390852451324463,0.004513378992349382,-0.0205982072817014,8.996699333190918
4169728,1012.3740764339964,0.10616515203489048,0.5475097894668579,,,,,,,,0.0045166015625,1.311296820640564,0.004043070060828713,-0.023345787490997225,8.466251373291016
4177920,1014.8757191499972,0.11256106909871777,0.560473620891571,,,,,,,,0.0029296875,1.3892662525177002,0.005968782340015855,-0.023267827048715023,10.463886260986328
4186112,1017.4210286419984,0.11010879947209691,0.55926513671875,,,,,,,,0.0045166015625,1.460113286972046,0.0035907023973416052,-0.029056669989774103,9.916280746459961
4194304,1020.7552875859983,0.12824594216766025,0.57415771484375,0.005854320497890142,0.005264073889779786,0.004390740373417579,333,543.2626371051631,47.25,42.6,0.0029296875,1.331318736076355,0.003719508764901902,-0.022319829586718905,10.596537590026855
4202496,1024.543242640997,0.10621173464118949,0.549670398235321,,,,,,,,0.003662109375,1.4455839395523071,0.004013160144007433,-0.03134726904588379,11.452528953552246
4210688,1027.3439703909971,0.11420197297173368,0.5591675043106079,,,,,,,,0.00439453125,1.3604918718338013,0.0035747492873523523,-0.026036868091340617,10.780471801757812
4218880,1030.7620216200012,0.11239065708230843,0.559680163860321,,,,,,,,0.0030517578125,1.3227397203445435,0.004211719889915644,-0.029358736155812512,10.554597854614258
4227072,1033.2766161990003,0.11863536824228907,0.5694824457168579,,,,,,,,0.0032958984375,1.3883380889892578,0.0053531809212246095,-0.025313740633307165,8.867881774902344
4235264,1035.4974729980022,0.12064047128432705,0.5764404535293579,,,,,,,,0.004150390625,1.387804388999939,0.005437108038859884,-0.024786481672764524,10.314566612243652
4243456,1038.3423448579997,0.11479683420759178,0.5614990592002869,,,,,,,,0.00244140625,1.3707743883132935,0.004734424677180549,-0.027271837094768766,8.671881675720215
4251648,1041.1448846019994,0.12109181602205317,0.573193371295929,,,,,,,,0.0045166015625,1.439310073852539,0.004996877336097771,-0.02689591058080758,7.5375871658325195
4259840,1044.2342677049965,0.09755321264033333,0.542553722858429,0.07493269976108818,0.14012900942338857,0.1337013631246533,57,21.3239559316535,8.1,nan,0.005126953125,1.4137721061706543,0.005487802152541965,-0.026828974364380028,11.328383445739746
4268032,1047.3866578239977,0.10505479070342352,0.548266589641571,,,,,,,,0.0028076171875,1.3774259090423584,0.0020811443876017632,-0.03312789543032897,10.910916328430176
4276224,1049.9211401130015,0.12141763231740586,0.5633789300918579,,,,,,,,0.0048828125,1.4552942514419556,0.001920211242920411,-0.022292789030499374,10.732340812683105
4284416,1052.6285869759959,0.14605703223345542,0.585949718952179,,,,,,,,0.0030517578125,1.4158607721328735,0.002245172826084274,-0.016385810542248903,11.801117897033691
4292608,1054.8761656679999,0.16535933028585134,0.6143555045127869,,,,,,,,0.0035400390625,1.4834131002426147,0.00368253900104909,-0.012546627191946306,6.544516086578369
4300800,1057.3169240569987,0.12405890718458204,0.5723510980606079,,,,,,,,0.0045166015625,1.327608346939087,0.0035611164990830835,-0.019352672278806462,8.468461990356445
4308992,1059.7763169820028,0.12007055527263165,0.566394031047821,,,,,,,,0.00244140625,1.4326540231704712,0.0036346223878802597,-0.020655370286469795,8.5208101272583
4317184,1062.2045863239982,0.1395800853472768,0.5906616449356079,,,,,,,,0.0035400390625,1.4288513660430908,0.003372860674264455,-0.021063067581647374,6.0235748291015625
4325376,1064.532600104998,0.11285386157423445,0.5561890006065369,0.00960223109682301,0.009004024078251072,0.007867109558731156,319,440.7884332050576,47.1,nan,0.0037841796875,1.377025842666626,0.0054784629677449015,-0.022586562633676883,8.112120628356934
4333568,1067.5004964429972,0.1250611177995744,0.5758423209190369,,,,,,,,0.0030517578125,1.4511810541152954,0.004663750190734728,-0.022046042366852415,5.982981204986572
4341760,1069.7283128010022,0.11664024396482936,0.5643554925918579,,,,,,,,0.0042724609375,1.3745276927947998,0.0032532795936195402,-0.028623689666138874,7.029988765716553
4349952,1072.0368604979958,0.1111133682287303,0.5576171875,,,,,,,,0.003173828125,1.3788162469863892,0.005583067621560467,-0.027658642435120576,8.56493854522705
4358144,1074.5463054619977,0.12791330717664437,0.582165539264679,,,,,,,,0.0037841796875,1.4245872497558594,0.002633876078879438,-0.022994361636740967,6.434866428375244
4366336,1076.9789827700006,0.11466285117244301,0.5590454339981079,,,,,,,,0.0045166015625,1.4078134298324585,0.0046578076681716984,-0.02415167545574866,8.725990295410156
4374528,1079.3381694339987,0.12067914326117762,0.5711303949356079,,,,,,,,0.0028076171875,1.3513256311416626,0.005303692515457481,-0.026981770810677454,8.651334762573242
4382720,1081.6291455719984,0.12759417306081333,0.57904052734375,,,,,,,,0.00390625,1.42851722240448,0.0051758295269414,-0.024622253496003832,7.703930854797363
4390912,1083.9314630980007,0.13528424563982452,0.579150378704071,0.050099354585250055,0.12607346658012286,0.12182989776541775,56,20.628787623618596,7.800000000000001,nan,0.0040283203125,1.3105618953704834,0.005084906863181526,-0.019023052578551317,7.976773738861084
4399104,1086.7261843140004,0.19615158291076015,0.617053210735321,,,,,,,,0.0035400390625,1.4585440158843994,0.006471698629679334,-0.002918727099186063,8.536386489868164
4407296,1088.8908078239983,0.13651562272344334,0.586254894733429,,,,,,,,0.004150390625,1.277247428894043,0.00717549283104868,-0.017837870752019154,6.230309963226318
4415488,1091.2220509129984,0.11529752276654842,0.559863269329071,,,,,,,,0.002685546875,1.3556238412857056,0.004320987692687628,-0.02610808079976793,7.813308238983154
4423680,1093.6311449569985,0.11972303563062905,0.5617431998252869,,,,,,,,0.0040283203125,1.3394877910614014,0.004433637424063885,-0.026100955494892206,6.804408550262451
4431872,1096.0077333989975,0.1137822243073144,0.556591808795929,,,,,,,,0.0040283203125,1.4022256135940552,0.0051816283553060005,-0.026352747891853958,9.35128116607666
4440064,1098.2956387020022,0.13018982172038884,0.579968273639679,,,,,,,,0.00390625,1.4042201042175293,0.005539019956527835,-0.021785737191879862,7.475531101226807
4448256,1100.950539972997,0.10598675249508722,0.5562744140625,,,,,,,,0.003662109375,1.3879424333572388,0.004557872728987222,-0.026521041614758767,7.404629707336426
4456448,1103.7110480810006,0.1103598112535398,0.55548095703125,0.026390776828368767,0.07574606843812759,0.07574606843812759,79,45.48423892574723,11.850000000000001,nan,0.004638671875,1.4486757516860962,0.0061253003854755406,-0.022930040170621814,9.728863716125488
4464640,1106.5071909899998,0.11963666108493576,0.570544421672821,,,,,,,,0.00341796875,1.3453572988510132,0.004797767537420894,-0.028260608802577986,7.7184295654296875
4472832,1108.8260348319964,0.13405562323848605,0.579272449016571,,,,,,,,0.0032958984375,1.4116878509521484,0.006130406581228098,-0.016207072495257265,6.708543300628662
4481024,1111.0918387189959,0.1537513699192487,0.595263659954071,,,,,,,,0.0035400390625,1.3710166215896606,0.004000731349010467,-0.012683531538370194,7.21948766708374
4489216,1113.436010641999,0.10983349714625668,0.55877685546875,,,,,,,,0.0032958984375,1.341342806816101,0.003645158867981335,-0.026895868053791745,7.4079909324646
4497408,1115.8300929519974,0.1269891956959655,0.574267566204071,,,,,,,,0.003662109375,1.3725254535675049,0.0046262817068010165,-0.02264637704258443,6.345264911651611
4505600,1118.140557038998,0.11519229508198232,0.563342273235321,,,,,,,,0.0037841796875,1.3873203992843628,0.005655184297666649,-0.02864671876149036,6.90249490737915
4513792,1120.7049832429984,0.11858956906587417,0.561816394329071,,,,,,,,0.0025634765625,1.3416577577590942,0.006141438329403837,-0.025044290889801327,6.551870822906494
4521984,1122.8394865980008,0.12119495370382737,0.5685791373252869,0.024410242236445057,0.01922929832061282,0.01872279315139569,316,393.8449886298763,46.800000000000004,nan,0.003662109375,1.4252164363861084,0.005843036723440553,-0.021427773894557592,6.923384189605713
4530176,1125.454043478996,0.11044280510034901,0.556323230266571,,,,,,,,0.004150390625,1.3747496604919434,0.003429895649218473,-0.02589430231199351,7.452846527099609
4538368,1127.8679400190013,0.11639473388485358,0.572509765625,,,,,,,,0.0028076171875,1.3621852397918701,0.003356415756136988,-0.0227397225601028,5.530558109283447
4546560,1130.1294360469983,0.11797167446080908,0.567944347858429,,,,,,,,0.0042724609375,1.384531855583191,0.006763352812939272,-0.01977618585503595,7.448446750640869
4554752,1132.2999612330023,0.11568216854099123,0.5610107779502869,,,,,,,,0.0040283203125,1.428281545639038,0.0037914350849241885,-0.025293753393889652,8.683626174926758
4562944,1134.6436101220024,0.11196809256464345,0.5564819574356079,,,,,,,,0.002685546875,1.4135704040527344,0.0034075283907231135,-0.03013224744403649,6.557309627532959
4571136,1136.9503182209955,0.12129583563199967,0.565417468547821,,,,,,,,0.00439453125,1.445935606956482,0.004466812123357977,-0.024722897518515835,7.665258884429932
4579328,1139.390865002999,0.11692564047027068,0.5549682974815369,,,,,,,,0.0035400390625,1.4080942869186401,0.0040956428125790145,-0.02554353047576451,7.235914707183838
4587520,1141.8251307480023,0.12025029150936005,0.56182861328125,0.07797898672006243,0.0726508290755874,0.07259611938572785,118,86.52207156875944,17.1,nan,0.003662109375,1.4325166940689087,0.004393590003218595,-0.02657735103475427,5.545754432678223
4595712,1144.6968671790019,0.1464206983063884,0.5932861566543579,,,,,,,,0.003662109375,1.3978204727172852,0.006237657434899235,-0.015880678190029848,6.871823787689209
4603904,1147.0373261259956,0.12384642441353333,0.5692383050918579,,,,,,,,0.00341796875,1.3886359930038452,0.006427051446673104,-0.02477989916934,7.2222185134887695
4612096,1149.4219415510015,0.11903209299498424,0.564099133014679,,,,,,,,0.0030517578125,1.4142550230026245,0.0031089079649974094,-0.029333189126937817,7.982205390930176
4620288,1151.8190830179956,0.1119209724470947,0.553295910358429,,,,,,,,0.0035400390625,1.395677089691162,0.0033717316718083756,-0.02981242911093365,7.546138286590576
4628480,1154.0772376050008,0.12437239958183387,0.576342761516571,,,,,,,,0.0035400390625,1.3299922943115234,0.0020268754943482126,-0.023906870302760355,6.827799320220947
4636672,1156.233481946998,0.151599688584228,0.6081787347793579,,,,,,,,0.002685546875,1.3978337049484253,0.002024509068943914,-0.01982753315503432,6.475477695465088
4644864,1158.6154527800027,0.12527469941358202,0.5771484375,,,,,,,,0.0040283203125,1.3325031995773315,0.006833462856860373,-0.023421911084575572,5.270425319671631
4653056,1161.0965724449998,0.11191241446541836,0.559191882610321,0.014232076666079951,0.01207951919380823,0.011412858928670944,333,469.616298654489,48.900000000000006,nan,0.0030517578125,1.3587702512741089,0.005838544140160051,-0.02851272287832209,5.895510673522949
4661248,1164.0386326599983,0.1283961018989211,0.5797485709190369,,,,,,,,0.0032958984375,1.3907395601272583,0.0033401746692647283,-0.029265501926320738,5.6950836181640625
4669440,1166.5695510229998,0.11480710721870997,0.546630859375,,,,,,,,0.0040283203125,1.3980638980865479,0.004636330978433079,-0.02701480242407789,7.724417209625244
4677632,1169.901458923996,0.1136239633143851,0.5608764886856079,,,,,,,,0.003662109375,1.3621454238891602,0.00464491157891711,-0.027792826249833272,6.107350826263428
4685824,1173.6362557539978,0.1170702381168355,0.563244640827179,,,,,,,,0.003173828125,1.3555618524551392,0.004622593015673249,-0.026396882930212775,6.171524524688721
4694016,1177.0734445249982,0.12076514843381801,0.574719250202179,,,,,,,,0.00341796875,1.3972567319869995,0.003000368681452148,-0.02277268182588406,5.867381572723389
4702208,1180.5596691980027,0.13092214178142791,0.5819091796875,,,,,,,,0.0035400390625,1.3498344421386719,0.0022835269894008192,-0.020517018503921555,6.560718059539795
4710400,1183.8762848400002,0.11865815921686505,0.5586914420127869,,,,,,,,0.002685546875,1.3944032192230225,0.002370495149274676,-0.02506195656560334,6.914975166320801
4718592,1187.5947052409974,0.11968029223798271,0.565808117389679,0.017698711803871392,0.015165216047650087,0.013797319306207534,333,474.58528318291303,49.35,nan,0.0040283203125,1.4213215112686157,0.0046024844744918525,-0.024745265834425982,7.573899745941162
4726784,1190.7501138799998,0.13818000386628237,0.578417956829071,,,,,,,,0.00341796875,1.328813076019287,0.004384489650069878,-0.02335601832599525,6.151211738586426
4734976,1193.3496252879995,0.11328339491273823,0.560546875,,,,,,,,0.0025634765625,1.4079070091247559,0.0041236750269970646,-0.02584638028070556,6.7455267906188965
4743168,1196.1359674499981,0.11545216216970988,0.5700927972793579,,,,,,,,0.0040283203125,1.3563838005065918,0.0035951280068518,-0.026895460038572395,5.197377681732178
4751360,1198.9295412540014,0.1115874310363295,0.550769031047821,,,,,,,,0.0030517578125,1.3618495464324951,0.004298847549862539,-0.028619889401462675,8.022446632385254
4759552,1202.318718609,0.1150806319017244,0.561450183391571,,,,,,,,0.0035400390625,1.4209682941436768,0.004590118975738133,-0.026975667655541415,6.9616241455078125
4767744,1206.150773071,0.1081010850553426,0.5500854849815369,,,,,,,,0.003662109375,1.3993438482284546,0.0033884922993125954,-0.02724386289336338,8.059493064880371
4775936,1210.0099838780006,0.11574575712787738,0.562939465045929,,,,,,,,0.0025634765625,1.3636858463287354,0.003599806649816517,-0.029209715750230292,7.3327484130859375
4784128,1213.9012078969972,0.12064761648646422,0.5711303949356079,0.028118462027818758,0.023167524765059788,0.022248063894524606,333,423.1189174190689,47.1,nan,0.0040283203125,1.3743098974227905,0.00458763910193527,-0.02556222056716974,6.40260648727417
4792320,1217.8036968710003,0.12607655734696097,0.57696533203125,,,,,,,,0.003662109375,1.302220344543457,0.003657000066744187,-0.026386917931526588,6.293811321258545
4800512,1221.4230069559999,0.10793802300567341,0.551025390625,,,,,,,,0.0029296875,1.4030646085739136,0.0051908184380194955,-0.032081754008200895,8.220696449279785
4808704,1224.2158701549997,0.11849430187475521,0.568603515625,,,,,,,,0.0037841796875,1.3083622455596924,0.0042930121929212195,-0.025041843328278107,7.828761577606201
4816896,1226.7946098449975,0.11753159388010888,0.568493664264679,,,,,,,,0.002197265625,1.3080835342407227,0.0032282100249596546,-0.030398431019100315,6.904362678527832
4825088,1229.108296323,0.14386318861719802,0.57415771484375,,,,,,,,0.0042724609375,1.4231568574905396,0.0028707067554488708,-0.017612638847459488,8.460380554199219
4833280,1231.7805082299965,0.13399904683422748,0.571826159954071,,,,,,,,0.003662109375,1.3341844081878662,0.005658200805621849,-0.021394762846199303,6.820878505706787
4841472,1234.4377998249984,0.1114620387453394,0.55767822265625,,,,,,,,0.0025634765625,1.432699203491211,0.006891038255715465,-0.02951888975812411,8.1560697555542
4849664,1237.1941896569988,0.1393288231195549,0.5892578363418579,0.005181666447050426,0.0046467503164865365,0.003917579687810369,333,547.2592331444993,49.35,nan,0.00390625,1.3766019344329834,0.004864469409920025,-0.017375359050572498,6.667974948883057
4857856,1240.1381216070004,0.11468846300888398,0.56109619140625,,,,,,,,0.00341796875,1.374934196472168,0.003957790154973773,-0.023361761402513833,7.046185493469238
4866048,1242.6453694009979,0.11476436118594946,0.5597900748252869,,,,,,,,0.0040283203125,1.4345697164535522,0.004346905474721718,-0.032611884118324067,8.419496536254883
4874240,1245.3430672149989,0.12847421996381475,0.582141101360321,,,,,,,,0.0040283203125,1.368646264076233,0.006833191158301277,-0.022361741885565212,8.398468017578125
4882432,1247.9066355890027,0.13756917414073153,0.588391125202179,,,,,,,,0.0025634765625,1.3287757635116577,0.003293255028787856,-0.021051397007763185,8.174118041992188
4890624,1250.512733304,0.13132271132272677,0.587084949016571,,,,,,,,0.003662109375,1.3741858005523682,0.0033315269897750133,-0.02233520289983692,6.960971355438232
4898816,1253.3308054879963,0.13125775895184724,0.584057629108429,,,,,,,,0.0035400390625,1.3047428131103516,0.0026589299958544865,-0.023024919972477943,6.277480602264404
4907008,1255.8925621570015,0.11615089972613149,0.557202160358429,,,,,,,,0.0025634765625,1.360124111175537,0.00777351385606706,-0.02886763743829364,6.4395270347595215
4915200,1258.3133219289957,0.1417522093670872,0.588366687297821,0.014731036559440303,0.011576933967613057,0.011048277419580255,333,493.4182148265383,48.6,34.2,0.00341796875,1.341552495956421,0.008624648132462331,-0.017485643067449142,6.080162048339844
4923392,1261.1519119040022,0.11570560255940972,0.5655273795127869,,,,,,,,0.0035400390625,1.2872921228408813,0.007145132837572676,-0.031273165734679996,6.529271125793457
4931584,1263.9573201239982,0.1243847914243123,0.577221691608429,,,,,,,,0.003173828125,1.452528715133667,0.004300805369320759,-0.02538335032498031,6.90578556060791
4939776,1266.767321116,0.12347912650704347,0.5757080316543579,,,,,,,,0.00439453125,1.3564759492874146,0.006504517096033502,-0.023244941543830416,6.665374279022217
4947968,1269.4307766400016,0.14682764043994243,0.5911621451377869,,,,,,,,0.002685546875,1.3659859895706177,0.005931946542598765,-0.017695534520243753,7.458288669586182
4956160,1272.012068334996,0.13043452859583274,0.5716919302940369,,,,,,,,0.0037841796875,1.4415158033370972,0.004919726695041926,-0.024778810186285024,7.2167649269104
4964352,1274.4764392729994,0.10406330109129003,0.5401367545127869,,,,,,,,0.0035400390625,1.3353275060653687,0.005539863327913341,-0.027755993255860523,9.557631492614746
4972544,1276.9765182839983,0.11205061198104556,0.5582641959190369,,,,,,,,0.00244140625,1.3705321550369263,0.0043580431749997706,-0.03376102599091104,8.465370178222656
4980736,1279.5810783959969,0.15944548706967032,0.6025635004043579,0.015570262031031068,0.01920164125891577,0.012451848638190488,333,477.5170196982057,42.0,nan,0.00439453125,1.3587639331817627,0.0033630157698515406,-0.019461959801131714,6.506232738494873
4988928,1283.0133271599989,0.11597094915253883,0.5605713129043579,,,,,,,,0.00341796875,1.3346911668777466,0.006756649368380718,-0.028100227501524296,9.233844757080078
4997120,1285.8579720650014,0.13627914962189985,0.59228515625,,,,,,,,0.0035400390625,1.4531395435333252,0.006435108674324952,-0.02419983364451784,6.705277442932129
5005312,1288.577628416002,0.11942682086879836,0.5678955316543579,,,,,,,,0.003662109375,1.329027533531189,0.004698047261975313,-0.024910351299079873,9.127603530883789
5013504,1290.9882762019988,0.1348820672329781,0.5714111328125,,,,,,,,0.0032958984375,1.3948562145233154,0.005377550567734257,-0.025156659743313728,8.07233715057373
5021696,1293.6038933399977,0.1301719654292983,0.584460437297821,,,,,,,,0.0040283203125,1.357706069946289,0.0038333823002685286,-0.030205169699062853,7.385237216949463
5029888,1295.971744536997,0.1409099740950661,0.5947632193565369,,,,,,,,0.0029296875,1.3635398149490356,0.006768086132898921,-0.01974377786188309,8.250737190246582
5038080,1298.6173090439988,0.12465094615005466,0.5643066763877869,,,,,,,,0.0032958984375,1.372823715209961,0.005180399386641943,-0.02274428310602697,8.247644424438477
5046272,1302.1482047969985,0.11394541450263701,0.5628662109375,0.08847593011105037,0.13215751807800669,0.13215751807800669,52,16.173611115321208,7.800000000000001,nan,0.003662109375,1.3385422229766846,0.0043627851358272185,-0.025802426444188634,9.936040878295898
5054464,1307.1244696509966,0.10568706173062742,0.5439453125,,,,,,,,0.0032958984375,1.3872438669204712,0.004274526766652964,-0.029480147984477525,12.42616081237793
5062656,1310.1476214590002,0.10277315685594966,0.544677734375,,,,,,,,0.004638671875,1.3522300720214844,0.00305875722467408,-0.0269213261289782,10.414243698120117
5070848,1313.4120289529965,0.11474643640275756,0.5658325552940369,,,,,,,,0.003173828125,1.3661643266677856,0.0028652621290961022,-0.026866456955265034,11.65762710571289
5079040,1316.9949428039981,0.132665879841981,0.5796875357627869,,,,,,,,0.003662109375,1.4322792291641235,0.00460545068758722,-0.018779560861606676,8.417521476745605
5087232,1320.4306370330014,0.15676597233141812,0.60382080078125,,,,,,,,0.0030517578125,1.2764910459518433,0.005467565780291506,-0.020098650623042766,8.997970581054688
5095424,1323.7745052760001,0.12278293282344795,0.575695812702179,,,,,,,,0.0037841796875,1.412824034690857,0.005440397417429521,-0.02149578353143409,10.269661903381348
5103616,1327.2765014899996,0.1277115620463296,0.575793445110321,,,,,,,,0.004150390625,1.3907119035720825,0.006588705686790153,-0.02415108246466801,10.133929252624512
5111808,1332.0929516920005,0.13041385526014732,0.578808605670929,0.011396348301898285,0.009397956617710257,0.008569917366921587,333,487.9480545682479,39.0,40.050000000000004,0.0037841796875,1.437292456626892,0.004842039703568224,-0.024012322213018626,9.775369644165039
5120000,1336.150807428996,0.12291330248108828,0.5689941644668579,,,,,,,,0.0037841796875,1.3918869495391846,0.00355407669729646,-0.024988120147530223,9.295483589172363
5128192,1339.177437393002,0.14706168249590318,0.598583996295929,,,,,,,,0.0030517578125,1.3580774068832397,0.004342230783519141,-0.019529184914246444,8.754780769348145
5136384,1342.0693846110007,0.13867613735483905,0.5914306640625,,,,,,,,0.0035400390625,1.3357806205749512,0.0071659165333639585,-0.02217681290764074,7.41650390625
5144576,1344.9186748209977,0.15412209879051658,0.600598156452179,,,,,,,,0.004150390625,1.3667048215866089,0.006571841016906443,-0.01648949316165399,9.480033874511719
5152768,1347.7758897480016,0.14744613616945354,0.5961059927940369,,,,,,,,0.0025634765625,1.4038736820220947,0.003710902271342187,-0.018583943051954356,7.721803188323975
5160960,1350.756128449997,0.1308216496174322,0.58502197265625,,,,,,,,0.0035400390625,1.3405086994171143,0.004392054823143421,-0.021787626135027015,7.3450608253479
5169152,1353.6270599869968,0.12117222354838089,0.5674194693565369,,,,,,,,0.0032958984375,1.348689079284668,0.006160159142149402,-0.02769717934955981,8.231951713562012
5177344,1356.2522010839966,0.14682072425464177,0.5888671875,0.007710398606808111,0.007911421701840449,0.005883171949635169,226,311.6822286359339,25.200000000000003,28.5,0.0032958984375,1.3465615510940552,0.005923488228628981,-0.022139704711818364,8.245697975158691
5185536,1359.887899483998,0.13768333742329916,0.5941406488418579,,,,,,,,0.00341796875,1.3256943225860596,0.004222030796798726,-0.026828144686739996,8.329486846923828
5193728,1362.8107542910002,0.12666672138718563,0.5803467035293579,,,,,,,,0.0029296875,1.3875386714935303,0.003079347269038246,-0.02828227292432625,10.118617057800293
5201920,1366.0120204080013,0.1260419705235465,0.572399914264679,,,,,,,,0.0040283203125,1.3910303115844727,0.0025673982972049814,-0.02632163997235223,9.934113502502441
5210112,1370.2491575189997,0.13493047814120235,0.5832275748252869,,,,,,,,0.003173828125,1.3273086547851562,0.0028500817652254984,-0.025669560101765188,9.53003215789795
5218304,1375.5382748830016,0.12386417380769049,0.5779785513877869,,,,,,,,0.0035400390625,1.4060710668563843,0.0029237140421876084,-0.03055292158838335,10.207925796508789
5226496,1381.3614784980018,0.11965545635314237,0.5655761957168579,,,,,,,,0.0037841796875,1.3265424966812134,0.003297892249931822,-0.023405471639409564,11.093229293823242
5234688,1384.3590555150004,0.1282784818818806,0.5814208984375,,,,,,,,0.002685546875,1.407405138015747,0.0029618043379247005,-0.024307525432989936,9.932706832885742
5242880,1387.6015120149968,0.16422333227340946,0.603320300579071,0.007601381995396728,0.010362065209875593,0.005701036496547518,333,518.3850070616415,48.0,33.45,0.0037841796875,1.4063668251037598,0.0027770031373546278,-0.019560563211536916,9.388826370239258
5251072,1394.5034371180009,0.11771127809326674,0.5673584342002869,,,,,,,,0.0032958984375,1.391075849533081,0.004610289904834142,-0.027824986070805025,10.760100364685059
5259264,1398.2233219909976,0.11496356130817716,0.5563721060752869,,,,,,,,0.00341796875,1.4468852281570435,0.0019104224414019377,-0.023541168691014785,12.194220542907715
5267456,1402.1491875389984,0.13718105592890648,0.589184582233429,,,,,,,,0.0037841796875,1.3764091730117798,0.002153452803207223,-0.023883385860501736,8.82812786102295
5275648,1405.5452792189972,0.13836349448322824,0.586621105670929,,,,,,,,0.0030517578125,1.3799500465393066,0.005916995652511026,-0.02223740805727904,10.209672927856445
5283840,1410.1202472399964,0.12653935661232948,0.5696655511856079,,,,,,,,0.0032958984375,1.4196052551269531,0.003992921878750999,-0.030197937016247407,8.996585845947266
5292032,1414.9010582949995,0.12983689456743425,0.57879638671875,,,,,,,,0.0030517578125,1.3279801607131958,0.004769631749060643,-0.018418064287348684,8.843442916870117
5300224,1419.369559603998,0.12876993104878612,0.5903686881065369,,,,,,,,0.0035400390625,1.4413446187973022,0.0034123399251803077,-0.026465630135139362,8.481901168823242
5308416,1422.960040494996,0.14040610287877273,0.586657702922821,0.004897108451149879,0.003672831338362381,0.003672831338362381,333,553.8541753038048,49.95,39.0,0.0040283203125,1.4125041961669922,0.004058543513885793,-0.020123929398320015,9.86913776397705
5316608,1427.2749076799955,0.16445165797309053,0.597485363483429,,,,,,,,0.0029296875,1.4232991933822632,0.004940335266338303,-0.020052901596230965,10.141868591308594
5324800,1430.7200469699965,0.18186935935847465,0.6230224967002869,,,,,,,,0.0035400390625,1.3573873043060303,0.006550415739404514,-0.012760241828094404,7.542117595672607
5332992,1433.8526063710015,0.12996528942678404,0.577075183391571,,,,,,,,0.003662109375,1.3388363122940063,0.004788998389280041,-0.023930536211514378,9.248148918151855
5341184,1437.113228217997,0.13990726471727755,0.589245617389679,,,,,,,,0.0032958984375,1.4301049709320068,0.005295324924388445,-0.0224377186082195,7.96825647354126
5349376,1439.8640174999964,0.10995867426031547,0.560620129108429,,,,,,,,0.00341796875,1.4038562774658203,0.003630634982648817,-0.027605004068232526,9.980406761169434
5357568,1442.2702272269962,0.10173313221751881,0.5458618402481079,,,,,,,,0.00341796875,1.434765338897705,0.0024678361689127737,-0.03357447891936325,11.820137023925781
5365760,1444.5474617149957,0.1444084302728252,0.593920886516571,,,,,,,,0.004150390625,1.4135775566101074,0.0023183426091749615,-0.020793377324285246,9.763916015625
5373952,1449.6116723840023,0.12365677134144151,0.57647705078125,0.006957640812583876,0.007740492851111447,0.005218230609437935,333,547.7627401498256,46.35,30.75,0.00341796875,1.397716760635376,0.003166222696163623,-0.025706926954420492,9.594771385192871
5382144,1457.4068209710022,0.1234282575246612,0.5755615234375,,,,,,,,0.0025634765625,1.4502555131912231,0.0027184528607274716,-0.028228820638912706,9.804811477661133
5390336,1461.4083486590025,0.13689130822127565,0.5884643793106079,,,,,,,,0.00439453125,1.4780749082565308,0.00418943492853785,-0.02147022821712201,9.320974349975586
5398528,1464.8842072039988,0.16027124507649648,0.6007080078125,,,,,,,,0.00341796875,1.381332278251648,0.0034410733697649576,-0.010152931188808634,9.672567367553711
5406720,1468.6201156199968,0.12347458970478309,0.5732788443565369,,,,,,,,0.0035400390625,1.4625285863876343,0.0029944958989837067,-0.028262737451647164,9.1203031539917
5414912,1472.0455455619958,0.17758572075212797,0.5895141959190369,,,,,,,,0.004150390625,1.3669508695602417,0.004374564710707407,-0.01921099042806543,9.860267639160156
5423104,1474.7326197059956,0.12986542062185413,0.568737804889679,,,,,,,,0.0030517578125,1.4793227910995483,0.0020178657040061942,-0.027759628924312676,11.916186332702637
5431296,1477.173907641998,0.16807894110362767,0.6010498404502869,,,,,,,,0.003662109375,1.4446637630462646,0.0021916962240805526,-0.014331358252671473,8.957733154296875
5439488,1479.8018347710022,0.11672768566197195,0.563977062702179,0.009174982760154493,0.01673368476206305,0.006881237070115898,333,527.2276140074558,32.1,27.0,0.003662109375,1.381524682044983,0.0038838073761631176,-0.02680329995752988,12.00810718536377
5447680,1483.3289817530022,0.14936253472011124,0.5948486328125,,,,,,,,0.00341796875,1.526365876197815,0.003802955463025448,-0.018270570882723602,9.996256828308105
5455872,1486.9949813290004,0.11554791284427034,0.562243640422821,,,,,,,,0.0035400390625,1.3617196083068848,0.0036146942151412675,-0.02995288149669882,10.365694046020508
5464064,1496.5879579569955,0.11653929046185259,0.559069812297821,,,,,,,,0.003173828125,1.408125638961792,0.0034757804588603225,-0.02455995209145972,12.373442649841309
5472256,1502.9364040950022,0.15061257171585918,0.5946289300918579,,,,,,,,0.00390625,1.398751139640808,0.003271543210122352,-0.0212252882791273,8.910014152526855
5480448,1509.2678375859978,0.14636853260168478,0.597155749797821,,,,,,,,0.0040283203125,1.3831534385681152,0.004705367353962875,-0.018203009523711764,11.088518142700195
5488640,1513.5459932789963,0.10097602242519302,0.5418457388877869,,,,,,,,0.00341796875,1.4848008155822754,0.002813509835040806,-0.030977196599205392,13.915488243103027
5496832,1517.3673199589975,0.12048463970369615,0.5689453482627869,,,,,,,,0.0035400390625,1.3721280097961426,0.001886801565603058,-0.02630573489145236,9.651593208312988
5505024,1521.4795865999986,0.11259199922080848,0.5580200552940369,0.03797013412965078,0.028495229862385285,0.028495229862385285,112,86.1425677109171,16.8,nan,0.00341796875,1.4389923810958862,0.002286025695413918,-0.026803311179210212,12.916510581970215
5513216,1525.8799053900002,0.12789555678992257,0.5708252191543579,,,,,,,,0.0030517578125,1.4285813570022583,0.0011244802712075952,-0.02508910870023596,12.01007080078125
5521408,1528.8790448309956,0.13914815253522989,0.5895630121231079,,,,,,,,0.0037841796875,1.3782551288604736,0.0024385612627977338,-0.02601377029143236,9.704150199890137
5529600,1531.2754441869984,0.1277089163307181,0.5806640982627869,,,,,,,,0.003662109375,1.415623664855957,0.0028757928699012503,-0.022360949068544037,10.372179985046387
5537792,1533.479151448999,0.11710247480887769,0.5609497427940369,,,,,,,,0.00341796875,1.4220397472381592,0.0024848083059781922,-0.029259898667954223,11.770347595214844
5545984,1535.8051436250025,0.12566117427717147,0.5639282464981079,,,,,,,,0.0029296875,1.4074103832244873,0.004246000803503569,-0.025167489875649558,11.538947105407715
5554176,1537.910140341999,0.15183790146208453,0.5924438834190369,,,,,,,,0.0037841796875,1.3926069736480713,0.0031598404886761244,-0.013288916644754699,10.7267484664917
5562368,1540.3498542769958,0.10778252409745202,0.5542846918106079,,,,,,,,0.0029296875,1.4111833572387695,0.0041938175232800745,-0.028488793337057505,11.734782218933105
5570560,1543.3993036140018,0.17340811859160843,0.6066650748252869,0.026452618861909305,0.024648524395090465,0.020383527627142906,333,419.98854422725185,47.1,nan,0.004150390625,1.4694288969039917,0.0037607354400479576,-0.011976872724243344,10.236342430114746
5578752,1546.4758251929961,0.12004048358310467,0.5645508170127869,,,,,,,,0.00341796875,1.416013240814209,0.0029119670296735567,-0.02459343558878979,10.516963005065918
5586944,1548.6895339019975,0.1608307707893566,0.5849365592002869,,,,,,,,0.0035400390625,1.455579400062561,0.004505375099102982,-0.021061720454108437,10.30640697479248
5595136,1551.0465997790016,0.1314744374064652,0.585766613483429,,,,,,,,0.00390625,1.3932390213012695,0.003716215620928498,-0.020251584983361926,9.542938232421875
5603328,1553.0784954789997,0.13922065372414724,0.581738293170929,,,,,,,,0.003173828125,1.4028563499450684,0.004132268035097253,-0.021468788232646745,10.664712905883789
5611520,1555.2710275509962,0.143493610493619,0.5860840082168579,,,,,,,,0.004150390625,1.464772343635559,0.0035345576216863073,-0.019486507170471463,10.776628494262695
5619712,1558.4153061089964,0.14369754388484762,0.596630871295929,,,,,,,,0.003173828125,1.4413716793060303,0.0031880206004230027,-0.01929489319420637,9.096186637878418
5627904,1561.1101803959973,0.12130774500333802,0.5697388052940369,,,,,,,,0.003662109375,1.4213978052139282,0.0034778443095563327,-0.0266702515786511,9.993542671203613
5636096,1564.1397310780012,0.13272392086981846,0.581860363483429,0.005399383013638626,0.004760571419621051,0.0040495372602289414,333,552.4132880195514,49.800000000000004,31.950000000000003,0.003173828125,1.408892273902893,0.0036066381086090615,-0.023414003591666194,11.516515731811523
5644288,1567.6549393339956,0.1306098351539776,0.5727173089981079,,,,,,,,0.003662109375,1.4781254529953003,0.003908319238573155,-0.02513672926222212,10.597332954406738
5652480,1573.8781213229959,0.1369077034989515,0.583605945110321,,,,,,,,0.0032958984375,1.3700919151306152,0.003485746272242518,-0.025014020658732275,10.736075401306152
5660672,1582.0875315309968,0.13259177211572268,0.575451672077179,,,,,,,,0.0029296875,1.4078580141067505,0.00364787668851696,-0.02478837559468417,9.266093254089355
5668864,1584.4671041140027,0.1532338180895724,0.5987182855606079,,,,,,,,0.0045166015625,1.4011415243148804,0.0038975467990636226,-0.01801668266210171,11.057345390319824
5677056,1587.8370308599988,0.1417209830109711,0.5874878168106079,,,,,,,,0.0029296875,1.40224027633667,0.00460585629368182,-0.023518481996411413,10.35368824005127
5685248,1593.6413269339973,0.1244098895567703,0.568835437297821,,,,,,,,0.004150390625,1.45572829246521,0.0029793123610355465,-0.026662678866491093,10.792281150817871
5693440,1597.4484647229983,0.23781536807535208,0.5956787467002869,,,,,,,,0.004150390625,1.4318989515304565,0.004529781168076119,-0.016344650033818246,12.8768310546875
5701632,1601.5313046890005,0.13035585813656056,0.577624499797821,0.017647920425247543,0.014212863799675457,0.013235940318935713,333,471.7683567559005,48.300000000000004,22.650000000000002,0.0032958984375,1.4443508386611938,0.004139692002519291,-0.026647212303275214,9.686674118041992
5709824,1606.6893437280014,0.3023899710436167,0.613781750202179,,,,,,,,0.00537109375,1.484847068786621,0.003975552191508358,-0.00035074546689618135,14.42315673828125
5718016,1612.5026221539956,0.1444824705483204,0.557177722454071,,,,,,,,0.00439453125,1.4676133394241333,0.003369130550518573,-0.020775960334429643,14.9510498046875
5726208,1615.799586137,0.2487026915122116,0.604199230670929,,,,,,,,0.005615234375,1.557967185974121,0.004920903284376332,0.004751852406909659,13.765765190124512
5734400,1619.1595139939964,0.11727257620316396,0.565417468547821,,,,,,,,0.00439453125,1.3410142660140991,0.006451448395371151,-0.024184633509809393,15.868408203125
5742592,1622.3793688719961,0.14992862535589155,0.594311535358429,,,,,,,,0.0032958984375,1.4851266145706177,0.005223283718378435,-0.01590643021607777,12.520750045776367
5750784,1625.2199855220024,0.14009620273134668,0.5838623046875,,,,,,,,0.005615234375,1.3849141597747803,0.005095800427976971,-0.019387310109032455,11.864848136901855
5758976,1628.6352778360015,0.14255985097594054,0.588732898235321,,,,,,,,0.0029296875,1.4050978422164917,0.004279231279595619,-0.02251278125566704,11.878024101257324
5767168,1632.4992051549998,0.13396290399461264,0.5845581293106079,0.0046814956091313364,0.00684252977909261,0.00351112170684853,333,548.6818765346799,40.35,35.25,0.0030517578125,1.4440007209777832,0.0037097420996412556,-0.02411802122301808,9.651025772094727
5775360,1636.7115584209969,0.14770072882520766,0.586413562297821,,,,,,,,0.00439453125,1.3984713554382324,0.004750658217264836,-0.018711611539597158,11.098844528198242
5783552,1640.7522138130007,0.12648366879155806,0.5725464224815369,,,,,,,,0.0035400390625,1.3912891149520874,0.004159186289881989,-0.02198069936706241,12.136439323425293
5791744,1644.853699845,0.13581831223793808,0.577990710735321,,,,,,,,0.0032958984375,1.334676742553711,0.004237572362736586,-0.03092371427822554,10.173225402832031
5799936,1648.5502243869996,0.11865180220343202,0.5596680045127869,,,,,,,,0.004150390625,1.3576207160949707,0.004838472840378971,-0.026873759017026894,10.20643138885498
5808128,1652.0277081099994,0.1292525885142242,0.5721069574356079,,,,,,,,0.0030517578125,1.3903615474700928,0.0036362058387868768,-0.02532831089686102,9.966307640075684
5816320,1655.3219944669981,0.1124796943439948,0.5477661490440369,,,,,,,,0.0050048828125,1.4720598459243774,0.0022741507926247184,-0.026969149113585,12.213851928710938
5824512,1658.3266753169955,0.10682173217803058,0.545117199420929,,,,,,,,0.004638671875,1.431742787361145,0.0015178330560088327,-0.030742918196023247,12.614229202270508
5832704,1662.2344796640027,0.12478440454877598,0.5551514029502869,0.020489421449449985,0.0252024157923586,0.017101902059254326,333,449.9140327400917,37.95,nan,0.0028076171875,1.4177712202072144,0.006148109056509754,-0.032486817686656205,11.863266944885254
5840896,1667.1363734869956,0.12867855151854998,0.5829223990440369,,,,,,,,0.0037841796875,1.373327374458313,0.0052448037759897925,-0.023367902765851815,8.375205993652344
5849088,1671.5708081609991,0.13193548962352475,0.5843505859375,,,,,,,,0.003173828125,1.3221393823623657,0.003916228599091021,-0.02114879695444339,10.588160514831543
5857280,1679.8378875810013,0.11972465110121376,0.5555419921875,,,,,,,,0.0032958984375,1.4571255445480347,0.0016749789240719792,-0.028996227970214363,12.305371284484863
5865472,1684.010109472998,0.1632314686623981,0.6065307855606079,,,,,,,,0.004150390625,1.4331247806549072,0.0022024750326373743,-0.012266496713237218,9.525208473205566
5873664,1688.4514924640025,0.13115510528747648,0.5757080316543579,,,,,,,,0.00390625,1.3730156421661377,0.004262939898491691,-0.025815561623553,11.094789505004883
5881856,1692.729076620999,0.17982505970578572,0.6007446646690369,,,,,,,,0.003173828125,1.503556728363037,0.004597734070108883,-0.013286010359956083,11.39854907989502
5890048,1697.3018634440014,0.14156734031923884,0.5752930045127869,,,,,,,,0.004638671875,1.361619234085083,0.004325470822656774,-0.01931462411063717,10.775931358337402
5898240,1702.3317319310008,0.14845149345259054,0.586987316608429,0.03134629060436256,0.025734369647798738,0.023785913001024728,333,420.61617272432864,43.35,nan,0.0029296875,1.3862628936767578,0.0025873149170939636,-0.021723097346632823,10.73162841796875
5906432,1708.7449042459994,0.13396725052824152,0.586779773235321,,,,,,,,0.0042724609375,1.484615445137024,0.0024449551555771887,-0.02401955735598433,9.492215156555176
5914624,1711.987446004001,0.1312908302741633,0.5745605826377869,,,,,,,,0.00390625,1.4164791107177734,0.0035168570774503083,-0.024308178083418657,11.530023574829102
5922816,1715.4315951780009,0.13492898166892114,0.571057140827179,,,,,,,,0.0029296875,1.4427943229675293,0.0032485450168479035,-0.019471035314787014,11.147207260131836
5931008,1718.8742982490003,0.125282368793766,0.576733410358429,,,,,,,,0.0042724609375,1.380380392074585,0.004340870418120701,-0.02691551608158237,8.588099479675293
5939200,1723.4000290429976,0.14238390217504812,0.576708972454071,,,,,,,,0.003173828125,1.4089709520339966,0.005410043505711504,-0.018330521045902323,9.562013626098633
5947392,1726.6373847369978,0.2864136674878281,0.597058117389679,,,,,,,,0.004150390625,1.479003667831421,0.005278195514733963,-0.008144843425154962,10.064804077148438
5955584,1729.8514242609963,2.010117859251501,0.6331421136856079,,,,,,,,0.0115966796875,1.9748656749725342,0.00583277236874169,0.08629832748431113,18.571178436279297
5963776,1733.9065373350022,0.26303863497355,0.577160656452179,0.03880819000359936,0.029598240183051794,0.029333331947988817,333,396.76880438403373,49.35,nan,0.0086669921875,1.667278528213501,0.004496993646066927,0.011507106598076683,20.716405868530273
5971968,1738.2752151789973,0.10420617713807867,0.5301147699356079,,,,,,,,0.006103515625,1.5248286724090576,0.004676220250094287,-0.014863780370797733,21.280498504638672
5980160,1741.6842504079978,0.15209175635318317,0.5779663324356079,,,,,,,,0.006103515625,1.4727994203567505,0.004487125109435164,0.0005669524178489205,15.620599746704102
5988352,1746.8245388669966,0.10814142592334003,0.5534912347793579,,,,,,,,0.00634765625,1.3962376117706299,0.004858771517861626,-0.018317370486336842,15.653656005859375
5996544,1751.6751230189984,0.12334646634314424,0.57110595703125,,,,,,,,0.0035400390625,1.2759535312652588,0.004366217126571703,-0.026298294573986553,14.02734661102295
6004736,1755.4234442119996,0.12631492013591186,0.579821765422821,,,,,,,,0.004150390625,1.3290455341339111,0.003759317895148717,-0.026963557626829972,10.789314270019531
6012928,1759.4073726470015,0.1277937756564713,0.5697021484375,,,,,,,,0.0054931640625,1.3094931840896606,0.006628819718218049,-0.02496308083894036,14.749661445617676
6021120,1763.056908669998,0.1310517953350965,0.5829223990440369,,,,,,,,0.002685546875,1.2533512115478516,0.003945707479051541,-0.029097684146256644,12.387019157409668
6029312,1766.5889943399961,0.13408818442501086,0.584240734577179,0.04257650414639502,0.03578107962744326,0.031942065741271786,333,397.23365731208264,45.6,43.5,0.004150390625,1.3211358785629272,0.0036010164356412577,-0.028621394994264738,10.724701881408691
6037504,1771.0187342319987,0.11107617836948142,0.55364990234375,,,,,,,,0.005615234375,1.355177640914917,0.00500082091212295,-0.02325259294767988,12.89826488494873
6045696,1773.9776410630002,0.12935589341541923,0.580151379108429,,,,,,,,0.0037841796875,1.3678615093231201,0.00489190178264054,-0.025128393984036358,10.51862621307373
6053888,1777.4943591569972,0.14130638116412897,0.592785656452179,,,,,,,,0.0035400390625,1.3250973224639893,0.005598020067300702,-0.023341559944618822,9.791299819946289
6062080,1781.089400263998,0.11627752445823032,0.556384265422821,,,,,,,,0.0047607421875,1.3763595819473267,0.004823863903309467,-0.027035093629582854,12.2493896484375
6070272,1784.726623319002,0.14549948338397484,0.5895019769668579,,,,,,,,0.0029296875,1.303696632385254,0.004861154850362981,-0.02183368535419873,8.28503704071045
6078464,1788.346625954,0.12047587575105068,0.567272961139679,,,,,,,,0.00390625,1.3565928936004639,0.004011274336420345,-0.0282238112083332,10.668299674987793
6086656,1791.7269126480023,0.14026136447507606,0.582531750202179,,,,,,,,0.004638671875,1.3221338987350464,0.003910176801033227,-0.02256255256723921,10.3361234664917
6094848,1795.2778559779981,0.15017337601197625,0.591381847858429,0.050507134142386834,0.06276817573926785,0.06276817573926785,88,54.81946037972353,13.200000000000001,nan,0.0028076171875,1.3060908317565918,0.0089813917557644,-0.019334115064049216,11.118773460388184
6103040,1799.346481572,0.12304699422480801,0.56854248046875,,,,,,,,0.0047607421875,1.3566774129867554,0.006507527687429349,-0.02644257023055152,10.168405532836914
6111232,1802.7917006339994,0.11461755077602508,0.5506225824356079,,,,,,,,0.0029296875,1.254386067390442,0.006085502714859303,-0.03348645101485951,12.705310821533203
6119424,1806.4938447169989,0.12332188830845753,0.568530261516571,,,,,,,,0.00341796875,1.4438490867614746,0.003365401860384143,-0.030910360060555316,9.74383544921875
6127616,1810.2894015499987,0.12169171692708299,0.5606689453125,,,,,,,,0.0048828125,1.3660000562667847,0.003838471572688018,-0.02671955299617064,11.224794387817383
6135808,1813.852967781997,0.10796471080882736,0.545910656452179,,,,,,,,0.0035400390625,1.3932321071624756,0.005503866804222657,-0.029686132489651018,10.670199394226074
6144000,1817.2584162959974,0.12082058880513752,0.571118175983429,,,,,,,,0.0030517578125,1.4142460823059082,0.004306142604746821,-0.030175839904100735,7.905555725097656
6152192,1820.8708082199955,0.12555055913945853,0.5737549066543579,,,,,,,,0.0047607421875,1.3949785232543945,0.004059762282951684,-0.025978108169681425,8.993410110473633
6160384,1824.157827092,0.11875195523410219,0.565014660358429,0.002659021085482993,0.0028231629415066406,0.001994265814112217,333,585.3547875430277,40.5,30.75,0.002197265625,1.3651119470596313,0.006893620610241125,-0.028105166102638652,9.490897178649902
6168576,1828.1316997559989,0.13072024036752902,0.577563464641571,,,,,,,,0.0042724609375,1.4534889459609985,0.005919715812976012,-0.024332788050435233,8.980912208557129
6176768,1831.5959912969993,0.12310506671397903,0.572253406047821,,,,,,,,0.004150390625,1.3570175170898438,0.006646972714630217,-0.026188641700195005,11.461926460266113
6184960,1835.4324892149962,0.11814639099331946,0.5577026605606079,,,,,,,,0.0032958984375,1.4870222806930542,0.005336477217888103,-0.032219501634377125,9.984049797058105
6193152,1838.9831827769958,0.13939169475700855,0.584765613079071,,,,,,,,0.00439453125,1.394193410873413,0.0041775170235665016,-0.027619425727065595,7.679571628570557
6201344,1842.664571153,0.10267323802717088,0.540820300579071,,,,,,,,0.0029296875,1.3796429634094238,0.005102394339504768,-0.03197019047561654,11.679744720458984
6209536,1846.544715832999,0.14129520843891744,0.584765613079071,,,,,,,,0.0040283203125,1.4111217260360718,0.0030718211397108286,-0.02725421282309386,7.669434547424316
6217728,1850.1872393169979,0.1324954645076478,0.590624988079071,,,,,,,,0.0028076171875,1.3319764137268066,0.005000426994849927,-0.028372691058285573,8.239632606506348
6225920,1853.426751854,0.19030115583615692,0.584118664264679,0.016474695247343574,0.013577595787627628,0.012356021435507625,333,473.8317587179381,49.050000000000004,42.300000000000004,0.004150390625,1.381921648979187,0.005009065754774,-0.02185090136866051,10.060876846313477
6234112,1857.2112589940007,0.11810754271373665,0.5646118521690369,,,,,,,,0.0045166015625,1.3956587314605713,0.003939400839764184,-0.02891204689915802,10.635409355163574
6242304,1859.9704050649962,0.11825302450240899,0.56982421875,,,,,,,,0.00341796875,1.3686292171478271,0.0028956393876036213,-0.03071577513635712,10.292105674743652
6250496,1864.0367056059986,0.13350614937106747,0.584362804889679,,,,,,,,0.0030517578125,1.3712272644042969,0.003154303068351849,-0.02976424523877115,8.048114776611328
6258688,1867.8738523020002,0.1120953246084323,0.5567626953125,,,,,,,,0.0035400390625,1.342807650566101,0.005121635816199732,-0.03201260250158549,9.522856712341309
6266880,1870.9999733820005,0.13018986960018997,0.5769897699356079,,,,,,,,0.0045166015625,1.3795733451843262,0.004484861736878676,-0.021173217710533345,9.073783874511719
6275072,1874.102353987997,0.10533592823469165,0.537304699420929,,,,,,,,0.00390625,1.431086540222168,0.004713028971106148,-0.03308291687710623,12.305262565612793
6283264,1877.204450803998,0.13299901379788,0.573413074016571,,,,,,,,0.0042724609375,1.4184777736663818,0.0035910381075612285,-0.02742228565872694,9.882719993591309
6291456,1879.972261613002,0.10709623131472903,0.5545898675918579,0.0460431060499904,0.08461222123510104,0.08461222123510104,58,22.185253397574122,8.700000000000001,nan,0.00390625,1.4135246276855469,0.003333752727327388,-0.028803317453201395,10.27302074432373
6299648,1883.4247105489994,0.11754815877269272,0.561083972454071,,,,,,,,0.003173828125,1.4296915531158447,0.00655982018114587,-0.026182379943989805,9.8838472366333
6307840,1886.1028808999981,0.13407501353000167,0.590258777141571,,,,,,,,0.0035400390625,1.3355292081832886,0.004540129351844557,-0.02085146882358099,8.862149238586426
6316032,1888.853139027,0.1256290491816509,0.575183093547821,,,,,,,,0.0035400390625,1.3788228034973145,0.0027244466161655545,-0.024605023130478857,9.52695369720459
6324224,1892.2934119919955,0.13329180113310873,0.583251953125,,,,,,,,0.0037841796875,1.404437780380249,0.0028828436267347435,-0.026896671865412794,8.452193260192871
6332416,1897.4890784000017,0.12458662653073826,0.568115234375,,,,,,,,0.0037841796875,1.4183940887451172,0.004220985897570584,-0.026859678158701984,9.602080345153809
6340608,1902.761559671002,0.1314674492005445,0.5860840082168579,,,,,,,,0.00341796875,1.4518355131149292,0.0038344976646347284,-0.024106302238803272,7.505537509918213
6348800,1907.5307039079999,0.11829088694281337,0.5661377310752869,,,,,,,,0.003173828125,1.4762743711471558,0.003972768117498804,-0.030541195536541055,8.184819221496582
6356992,1911.7426337439974,0.11518176799464647,0.5606933832168579,0.007678566827933331,0.008912443155643324,0.005758925120949998,333,532.9657911738673,40.5,27.3,0.0042724609375,1.4979679584503174,0.004582129282058256,-0.02521993513043306,8.446975708007812
6365184,1916.5975392129985,0.15391655869113277,0.5929199457168579,,,,,,,,0.0037841796875,1.4808212518692017,0.0051010102410866676,-0.02472886443078969,8.9644193649292
6373376,1920.6096594159972,0.11576961462168184,0.557543933391571,,,,,,,,0.0045166015625,1.4780492782592773,0.004264133778620893,-0.030672086772606327,9.575980186462402
6381568,1925.781642914997,0.13513019284239225,0.58837890625,,,,,,,,0.002685546875,1.3813495635986328,0.0020055791670170464,-0.024609215354233337,8.154272079467773
6389760,1931.2840539600002,0.14567946808441132,0.5814208984375,,,,,,,,0.0032958984375,1.473312258720398,0.002269774433493077,-0.022945146455839605,8.594645500183105
6397952,1936.6132124950018,0.1197663784359198,0.5698486566543579,,,,,,,,0.004638671875,1.4610824584960938,0.003743887960277137,-0.02649623161083537,8.223475456237793
6406144,1943.48274847,0.12425691436215952,0.5660766959190369,,,,,,,,0.0028076171875,1.4358227252960205,0.0036982351184184914,-0.024487818018681315,8.771101951599121
6414336,1956.1274436410022,0.14358142735918497,0.5809570550918579,,,,,,,,0.0037841796875,1.4896175861358643,0.004532395398314404,-0.02073258462092266,8.866283416748047
6422528,1965.5113387219972,0.13141277918207625,0.575427234172821,0.004125522489715205,0.004090357029745029,0.003094141867286404,333,568.4219194429985,46.95,35.4,0.0037841796875,1.3673243522644043,0.004164945226395544,-0.025569350433074102,9.438685417175293
6430720,1972.5608387510001,0.11206681546822084,0.5565552115440369,,,,,,,,0.00390625,1.4529409408569336,0.0026822551056278066,-0.026923431123397193,10.842127799987793
6438912,1978.4865726759963,0.133099972732088,0.5645751953125,,,,,,,,0.0029296875,1.4074023962020874,0.001340358226899152,-0.02509686625599708,8.291529655456543
6447104,1984.8337062630017,0.112789387697089,0.557788074016571,,,,,,,,0.0037841796875,1.4310585260391235,0.0016110991885471826,-0.029091734796401147,9.320198059082031
6455296,1991.5254507229984,0.13103704634665467,0.578259289264679,,,,,,,,0.0032958984375,1.4086225032806396,0.003509086649638782,-0.024722701433132162,8.905450820922852
6463488,1998.3104080060002,0.12151588892993526,0.564013659954071,,,,,,,,0.0030517578125,1.446406602859497,0.002978333647492226,-0.030704243788570493,7.724922180175781
6471680,2004.119233931,0.11644885191852122,0.5600952506065369,,,,,,,,0.0050048828125,1.4266102313995361,0.0036662571261353305,-0.028607565721414437,9.058737754821777
6479872,2010.792688636997,0.11372521133891499,0.561328113079071,,,,,,,,0.002685546875,1.4400688409805298,0.004351579336938638,-0.030624620333623915,10.30229663848877
6488064,2017.3738878149961,0.1557585335916,0.601855456829071,0.018942008557136902,0.026825678212561987,0.015306237537665024,333,456.14577306512126,39.300000000000004,nan,0.003662109375,1.4838523864746094,0.0030471413122290514,-0.01631497639296814,8.43717098236084
6496256,2023.6129035199992,0.11454377751196615,0.556079089641571,,,,,,,,0.0048828125,1.4433751106262207,0.0030695547061839745,-0.020701271706865254,10.728113174438477
6504448,2029.8116635659972,0.12662148195451045,0.5796753168106079,,,,,,,,0.0025634765625,1.436192512512207,0.00369033931998497,-0.02570629634055149,8.518359184265137
6512640,2036.3364801869975,0.12444144245689276,0.572192370891571,,,,,,,,0.0042724609375,1.4665604829788208,0.0026355372887985062,-0.027407344895034325,7.695367336273193
6520832,2043.0995072869991,0.1147828679954846,0.5574097037315369,,,,,,,,0.0037841796875,1.3703975677490234,0.005635771656477329,-0.023409095913358904,9.605391502380371
6529024,2049.1673415839978,0.12510110198291047,0.573535144329071,,,,,,,,0.0028076171875,1.471848487854004,0.004386777773274009,-0.03014473008987216,8.606368064880371
6537216,2055.2706471939964,0.14419943555708234,0.588757336139679,,,,,,,,0.00390625,1.4311423301696777,0.0036370308096385084,-0.018460346362312717,7.701533794403076
6545408,2060.8476155710014,0.11025515519959664,0.5542236566543579,,,,,,,,0.0032958984375,1.48673415184021,0.004153347637694149,-0.031932026880300626,10.683451652526855
6553600,2066.689422917996,0.14464437103002412,0.590991199016571,0.042452605749102035,0.08587397961506393,0.08587397961506393,58,22.303715793039068,8.700000000000001,nan,0.003662109375,1.4542642831802368,0.002703575350636034,-0.019758876126260077,7.980659484863281
6561792,2074.0354494779967,0.11665762439754919,0.558093249797821,,,,,,,,0.004150390625,1.4683984518051147,0.0039114453930299,-0.01532545482012717,9.872299194335938
6569984,2080.320004656998,0.13997853318909628,0.598864734172821,,,,,,,,0.002685546875,1.412113904953003,0.004879715688319131,-0.020741552228005004,6.816369533538818
6578176,2086.790733570997,0.12023597099154185,0.5687622427940369,,,,,,,,0.003662109375,1.4565773010253906,0.002939976372549835,-0.029270859487253012,8.173462867736816
6586368,2092.9280325049986,0.16526903726073489,0.6039673089981079,,,,,,,,0.0029296875,1.484724521636963,0.0032897916815303185,-0.015237021840261794,7.78914213180542
6594560,2099.3709757769975,0.12391409473934006,0.5789428949356079,,,,,,,,0.0032958984375,1.45490562915802,0.0034894894462855763,-0.024655136299256353,6.99948263168335
6602752,2106.283579709001,0.10975770429797627,0.5572509765625,,,,,,,,0.0037841796875,1.4295032024383545,0.0028965281300650236,-0.032008637865737426,7.19960355758667
6610944,2113.197682197002,0.11347288396922042,0.56365966796875,,,,,,,,0.003173828125,1.4494298696517944,0.003185362536554881,-0.031015754382914526,7.450318336486816
6619136,2119.8189264489993,0.12128232083716953,0.5648193359375,0.006100225017938166,0.011174382028975804,0.004575168763453652,333,551.0907116717033,31.200000000000003,23.700000000000003,0.00390625,1.4685208797454834,0.0032739680931324067,-0.02701166250099757,8.715161323547363
6627328,2128.319132384,0.13437188378806417,0.57855224609375,,,,,,,,0.003662109375,1.4392421245574951,0.0041519632748110435,-0.02224598691371385,8.987319946289062
6635520,2134.9395881969976,0.15903734196453329,0.593981921672821,,,,,,,,0.00341796875,1.4659041166305542,0.0032401067721085086,-0.017806042340730074,8.087530136108398
6643712,2141.4434155249983,0.13009794936806948,0.5785889029502869,,,,,,,,0.0040283203125,1.4914792776107788,0.003901003362486888,-0.02400155522380716,8.383877754211426
6651904,2148.2935401299983,0.13719250518725754,0.583203136920929,,,,,,,,0.0045166015625,1.4637603759765625,0.005378586699728349,-0.017424944709308953,9.971667289733887
6660096,2154.772347582002,0.13825481117791974,0.590710461139679,,,,,,,,0.003662109375,1.5003286600112915,0.004697121738967525,-0.023955887342214006,7.995216369628906
6668288,2160.721858858,0.14649365280296733,0.5897583365440369,,,,,,,,0.0040283203125,1.449023962020874,0.003770830463217467,-0.022211260036185416,8.537810325622559
6676480,2166.598396428002,0.12263643141621244,0.575610339641571,,,,,,,,0.0028076171875,1.4359209537506104,0.004071645063560281,-0.026081754533969482,8.876333236694336
6684672,2172.5210266389986,0.12952630501559081,0.575634777545929,0.01126239779605831,0.014166346902888427,0.008480202814937776,333,510.4433154752219,28.950000000000003,28.35,0.004638671875,1.5293744802474976,0.0037823552618514444,-0.02382119423773863,9.139704704284668
6692864,2179.126050072002,0.14264019843722017,0.586535632610321,,,,,,,,0.003173828125,1.3816654682159424,0.006549380308835007,-0.025295823634759452,7.854833126068115
6701056,2185.095416778,0.11617224942563667,0.5655884146690369,,,,,,,,0.0030517578125,1.4910192489624023,0.004156161952524551,-0.0286881238101669,7.4002838134765625
6709248,2190.698896998001,0.13171943266816097,0.5812622308731079,,,,,,,,0.00439453125,1.4515823125839233,0.0023076163649982107,-0.016224884898542315,8.48588752746582
6717440,2195.5733734820024,0.12257970667477128,0.5701538324356079,,,,,,,,0.0037841796875,1.4635615348815918,0.0020787675856002163,-0.029356393289199596,9.118514060974121
6725632,2200.755080928,0.12512709701739563,0.580249011516571,,,,,,,,0.0030517578125,1.4363863468170166,0.004932040221218181,-0.030360842809560824,7.482542514801025
6733824,2206.7387367720003,0.14239669394783636,0.583996593952179,,,,,,,,0.0042724609375,1.4294508695602417,0.004203565473935411,-0.02483782739074541,8.09909725189209
6742016,2212.8003846650026,0.12799399127753253,0.571118175983429,,,,,,,,0.0032958984375,1.3505668640136719,0.0033459528370021197,-0.023633723342541754,9.632868766784668
6750208,2218.385505475999,0.16536956570814282,0.6072143912315369,0.017676055332481733,0.016321916583132312,0.013257041499361355,333,473.2531503668405,32.85,27.3,0.0029296875,1.4752511978149414,0.002269050555992802,-0.016962669370111157,8.029040336608887
6758400,2225.630033360001,0.13208343643156928,0.574389636516571,,,,,,,,0.0045166015625,1.4433658123016357,0.0027923804038079147,-0.020894066000368045,7.950738430023193
6766592,2231.2845921659973,0.12336937288675263,0.5677490234375,,,,,,,,0.0030517578125,1.4241451025009155,0.004201265277272825,-0.02908948351281615,8.994397163391113
6774784,2237.0421248919956,0.13061362758434958,0.577282726764679,,,,,,,,0.00390625,1.4936630725860596,0.0035638159357263,-0.023975494468668583,7.2278056144714355
6782976,2243.1529511370027,0.12716436909798298,0.5779663324356079,,,,,,,,0.004150390625,1.4199790954589844,0.005493069421242169,-0.024994906708756884,7.778622627258301
6791168,2248.8764432499956,0.11954544359510402,0.5601440668106079,,,,,,,,0.0029296875,1.4513297080993652,0.004147994117337905,-0.024449128059350067,9.500994682312012
6799360,2254.911315956,0.1538297892106614,0.596972644329071,,,,,,,,0.00390625,1.4435553550720215,0.004314303687173893,-0.014173956678970449,8.28565502166748
6807552,2262.278020553,0.10010549596453373,0.53106689453125,,,,,,,,0.0045166015625,1.4674091339111328,0.00539658981382618,-0.032041832346934085,9.42954158782959
6815744,2269.9124587650003,0.12956468852098882,0.579602062702179,0.017604248179299065,0.013974764236994064,0.013203186134474354,333,476.14418207058986,48.150000000000006,41.1,0.0030517578125,1.4856691360473633,0.004974076050736409,-0.028368617984773133,7.655011177062988
6823936,2277.199713809001,0.1400757561726286,0.5926880240440369,,,,,,,,0.003662109375,1.4110944271087646,0.004527559468916809,-0.02299227785395435,6.645233154296875
6832128,2283.3121028090027,0.12766662124288236,0.572460949420929,,,,,,,,0.00341796875,1.446512222290039,0.004943817927755001,-0.026051075244283673,7.9369215965271
6840320,2288.9475001070023,0.11536542393222865,0.55902099609375,,,,,,,,0.00390625,1.4786604642868042,0.00386133788721299,-0.028774449275852754,8.16366958618164
6848512,2294.924166054996,0.14621860603613276,0.59771728515625,,,,,,,,0.0029296875,1.465074896812439,0.003989640609675216,-0.021907437886237727,8.008700370788574
6856704,2300.6587098129967,0.12647369061026292,0.5783325433731079,,,,,,,,0.00439453125,1.5149961709976196,0.0045974126350971645,-0.023243603445457103,8.118278503417969
6864896,2306.348625876002,0.11555484467774368,0.5552978515625,,,,,,,,0.004150390625,1.4381649494171143,0.0051210056376095325,-0.030060231843006015,8.337882041931152
6873088,2312.504327632996,0.11376128041554807,0.56011962890625,,,,,,,,0.0030517578125,1.4679505825042725,0.003938881060140509,-0.02719681539692044,9.721977233886719
6881280,2318.4366474350027,0.1385848500885732,0.589855968952179,0.010397989982546374,0.009973204938101832,0.007799212404143496,333,525.1142932240336,35.7,35.4,0.003662109375,1.4550931453704834,0.002923983298708688,-0.024824124529026076,8.285319328308105
6889472,2325.501120996996,0.12533531244493903,0.5813843011856079,,,,,,,,0.0029296875,1.4975440502166748,0.003075605453575103,-0.02716034535807147,6.781948089599609
6897664,2331.243013389998,0.1514996291625313,0.5880493521690369,,,,,,,,0.0042724609375,1.5364102125167847,0.004520449915759173,-0.015762943466506082,7.1491379737854
6905856,2336.6905044239975,0.12815483679023107,0.5718140006065369,,,,,,,,0.00390625,1.482531189918518,0.004012940170283863,-0.0210106018551183,7.938551425933838
6914048,2343.331356335002,0.12865785448659445,0.5766357779502869,,,,,,,,0.002685546875,1.4540390968322754,0.004774443344936374,-0.026454913462719276,6.904627323150635
6922240,2349.0342085619995,0.1518373696692113,0.5710205435752869,,,,,,,,0.0047607421875,1.5003223419189453,0.004969956486247318,-0.027167323917084464,8.460139274597168
6930432,2355.2760104629997,0.12982860320282663,0.572265625,,,,,,,,0.00341796875,1.3912372589111328,0.003897677226379237,-0.026995974569691602,8.763575553894043
6938624,2361.0806622149976,0.14374239293842087,0.5845703482627869,,,,,,,,0.00390625,1.444313883781433,0.0035719396831687122,-0.022167951784761178,8.620387077331543
6946816,2366.587937832999,0.1404030966931524,0.591931164264679,0.023329724906887117,0.0199670489224979,0.01863144546812001,333,451.7911472639747,42.150000000000006,nan,0.003662109375,1.4235996007919312,0.003481021572957932,-0.023778057609999945,8.222412109375
6955008,2374.157590130002,0.1266865526035769,0.571154773235321,,,,,,,,0.0037841796875,1.4291516542434692,0.0030833872119621075,-0.024904337133612096,9.707392692565918
6963200,2379.4148781170006,0.12948688754902812,0.5815063714981079,,,,,,,,0.003173828125,1.4318801164627075,0.002336910531098191,-0.02675611595008789,7.0854172706604
6971392,2384.8776154180014,0.1325068627060933,0.5788208246231079,,,,,,,,0.0040283203125,1.3887362480163574,0.0028269003243625024,-0.022159434138239245,9.101861000061035
6979584,2390.4425283969977,0.12792328721512397,0.5762695670127869,,,,,,,,0.003173828125,1.5020005702972412,0.002836036052241364,-0.028316899851332747,8.61864948272705
6987776,2396.391041310999,0.1459277415293376,0.600048840045929,,,,,,,,0.00439453125,1.4680942296981812,0.004449790089875227,-0.021010653984988793,6.639143466949463
6995968,2402.0801294190023,0.1127968860845213,0.5625244379043579,,,,,,,,0.0028076171875,1.4780919551849365,0.00556002786437737,-0.02478187285829509,8.545713424682617
7004160,2407.723850550996,0.11591287814039437,0.5656982660293579,,,,,,,,0.003662109375,1.4905997514724731,0.0036377576382145005,-0.0252044535962318,7.933201789855957
7012352,2413.9534972859983,0.13862775476285363,0.5814453363418579,0.009047129191167236,0.007866967040008332,0.007093760553199213,333,515.210887781837,44.85,nan,0.00439453125,1.4401129484176636,0.0036140303424756492,-0.023124662244066493,8.328333854675293
7020544,2421.2450888660023,0.1502884323540956,0.590075671672821,,,,,,,,0.003173828125,1.4286437034606934,0.0042541547581734784,-0.021285639725078225,7.906589508056641
7028736,2426.9512059120025,0.1361948556914193,0.587634265422821,,,,,,,,0.00341796875,1.4363940954208374,0.005583709254025626,-0.027722614040893434,7.661444187164307
7036928,2432.5818448499995,0.13848318602177218,0.5847534537315369,,,,,,,,0.00341796875,1.4609370231628418,0.0049322016301069915,-0.023120041348245742,7.808597087860107
7045120,2438.5189016229997,0.12911644745886006,0.581225574016571,,,,,,,,0.0037841796875,1.4098520278930664,0.006415417629763498,-0.028718547733050027,7.430976867675781
7053312,2443.8076559019974,0.13359051985264667,0.5828003287315369,,,,,,,,0.0025634765625,1.445486307144165,0.004070792653293354,-0.0285674588960967,7.31161642074585
7061504,2449.1453190989996,0.15350265193608503,0.6029052734375,,,,,,,,0.0035400390625,1.413931965827942,0.003632234972179238,-0.014929486187636148,6.245347023010254
7069696,2454.970251644001,0.12694299374579976,0.573620617389679,,,,,,,,0.003662109375,1.4608790874481201,0.005471438129734607,-0.022694714779615682,7.9667205810546875
7077888,2460.537192825999,0.1614429331509297,0.58740234375,0.018909854779639912,0.0156830312236641,0.014381475462260651,333,465.5694987407247,45.0,nan,0.00341796875,1.4584307670593262,0.004513909182854214,-0.01653031203459763,7.849264621734619
7086080,2467.0186111239964,0.13952881916956658,0.5926513671875,,,,,,,,0.0030517578125,1.4338308572769165,0.003334541841642502,-0.024010470679743028,7.165720462799072
7094272,2473.049232726,0.1177272835773564,0.569262683391571,,,,,,,,0.003662109375,1.4812614917755127,0.0033456968024905276,-0.024512436669053964,8.825088500976562
7102464,2478.306545458996,0.13517949629849033,0.58251953125,,,,,,,,0.00390625,1.482158899307251,0.0030921991439287755,-0.023778164797919707,8.809187889099121
7110656,2484.2433006270003,0.12022119348827119,0.5650268793106079,,,,,,,,0.00341796875,1.4785475730895996,0.004591880629552403,-0.02657950063913482,8.100966453552246
7118848,2490.1025703740015,0.12190527711966968,0.563159167766571,,,,,,,,0.0032958984375,1.5107476711273193,0.0027049765402680226,-0.029981108022878324,7.874548435211182
7127040,2495.714902665997,0.12532114308930403,0.5719848871231079,,,,,,,,0.0030517578125,1.4471006393432617,0.0029901083272323437,-0.02878043622409074,7.479846954345703
7135232,2501.235440448996,0.14645278857464136,0.5929931998252869,,,,,,,,0.0035400390625,1.4125486612319946,0.004329083193848504,-0.024117881581252235,6.931178569793701
7143424,2506.8889431869975,0.12503377590103662,0.5737671256065369,0.038895189018542164,0.0784638980622645,0.0784638980622645,58,22.665747589846152,8.700000000000001,nan,0.003173828125,1.4601081609725952,0.005139203498243261,-0.025551257182153397,6.990052700042725
7151616,2513.6401668960025,0.12060060204763655,0.5600830316543579,,,,,,,,0.004150390625,1.488913655281067,0.003772036163824155,-0.023660386863650032,7.438645839691162
7159808,2519.693672565001,0.13368506289288215,0.5809082388877869,,,,,,,,0.0028076171875,1.4507999420166016,0.0028557863045993725,-0.022312504396118343,7.4260711669921875
7168000,2525.4422487839984,0.12673087324091284,0.570690929889679,,,,,,,,0.00341796875,1.5167940855026245,0.003221494535456171,-0.027712007526154703,8.85693359375
7176192,2531.7251853639973,0.12078082358681207,0.5696777701377869,,,,,,,,0.0037841796875,1.4846410751342773,0.0023602928919315147,-0.025699110037811286,8.559500694274902
7184384,2536.8555456839968,0.12321752049512945,0.5723633170127869,,,,,,,,0.00341796875,1.471356749534607,0.0030344941095556965,-0.02589333742034149,8.836620330810547
7192576,2541.9016014459994,0.14109347087211774,0.585864245891571,,,,,,,,0.003662109375,1.5186198949813843,0.0031508845042831357,-0.024080755097984543,8.38686752319336
7200768,2547.683539343001,0.1281708102644561,0.580761730670929,,,,,,,,0.003662109375,1.4473049640655518,0.003907588415447472,-0.026673197445313313,8.224615097045898
7208960,2554.7819450250026,0.1414461586622208,0.594653308391571,0.007447317208697513,0.005782355441921627,0.005595851667931306,333,542.8726207123188,47.1,nan,0.0028076171875,1.494110345840454,0.0033055810119810847,-0.028140813851945803,6.856742858886719
7217152,2561.876854839,0.168056456668275,0.6122192740440369,,,,,,,,0.0040283203125,1.4922082424163818,0.004424817122466562,-0.015301013377477286,6.149232387542725
7225344,2566.6384730319987,0.12114508042291734,0.5661987662315369,,,,,,,,0.0032958984375,1.4775499105453491,0.005453853605282721,-0.02848712315142792,8.325050354003906
7233536,2571.453434463001,0.1238023074827721,0.575671374797821,,,,,,,,0.003173828125,1.5102382898330688,0.004589344098782533,-0.030538509003685654,7.2336320877075195
7241728,2576.3379155820003,0.14972636027261066,0.591503918170929,,,,,,,,0.0045166015625,1.449023962020874,0.003986601796001521,-0.023044027729605985,7.703575134277344
7249920,2581.1681610020023,0.12910581031187193,0.577404797077179,,,,,,,,0.002685546875,1.4506592750549316,0.002595389451803043,-0.02320184195678862,8.699795722961426
7258112,2585.7383479380005,0.15506178701922554,0.603466808795929,,,,,,,,0.003662109375,1.4869729280471802,0.00230106925296103,-0.01918288414262153,5.990133762359619
7266304,2590.4901988100028,0.13118663534510064,0.580126941204071,,,,,,,,0.0035400390625,1.4786888360977173,0.0019414226800609224,-0.024825404433477916,8.014203071594238
7274496,2595.269931748997,0.13229550248285704,0.57867431640625,0.014519127012026178,0.017858687725960776,0.012612345393722024,333,462.7513600704256,43.650000000000006,nan,0.0029296875,1.4883439540863037,0.001359076344817245,-0.027419770341272243,8.806289672851562
7282688,2601.291305947998,0.17669379761044557,0.5940918326377869,,,,,,,,0.004150390625,1.4383513927459717,0.004069007985247675,-0.016943612176726422,7.76833963394165
7290880,2606.0546889889956,0.15172194370456255,0.596301257610321,,,,,,,,0.00341796875,1.4020891189575195,0.0037590307330654937,-0.02082039971286539,8.157130241394043
7299072,2611.043673193002,0.12030424121649363,0.571667492389679,,,,,,,,0.0029296875,1.4893815517425537,0.002226331168327711,-0.029875065977716733,7.082984924316406
7307264,2616.023639913001,0.1511346701265337,0.60150146484375,,,,,,,,0.004150390625,1.449212670326233,0.0028578628139833695,-0.020145037635250898,6.277341365814209
7315456,2620.6750497070025,0.12449167147359935,0.567126452922821,,,,,,,,0.0032958984375,1.4852111339569092,0.00399152677775394,-0.02807171794306278,8.171173095703125
7323648,2625.7844443249996,0.1268032225280214,0.578601062297821,,,,,,,,0.00341796875,1.5007174015045166,0.00309277886158954,-0.02657554892615026,6.703881740570068
7331840,2631.0748481280025,0.12920108362518465,0.578991711139679,,,,,,,,0.004150390625,1.4283862113952637,0.0037340672942718367,-0.022218517423932455,6.8047709465026855
7340032,2636.840088302997,0.127934360734178,0.56951904296875,0.0027483065306782573,0.006446568744555847,0.0021198266100055374,333,574.2424025155183,49.800000000000004,nan,0.00244140625,1.4784502983093262,0.004488782434932004,-0.025679876598526177,6.812807559967041
7348224,2645.0162203110012,0.1387279462559989,0.5864014029502869,,,,,,,,0.0037841796875,1.453606128692627,0.0032430405489063396,-0.02199926394656017,6.083258628845215
7356416,2651.0350019199977,0.12138155848373613,0.5644897818565369,,,,,,,,0.0032958984375,1.406662940979004,0.005324441168054195,-0.02180867724712269,7.348064422607422
7364608,2657.7630942179967,0.1374478103812402,0.5877441763877869,,,,,,,,0.0035400390625,1.4617711305618286,0.004294344315227905,-0.026858421870053363,7.09999418258667
7372800,2664.1646441529956,0.12142138003860614,0.563977062702179,,,,,,,,0.00341796875,1.4468516111373901,0.001820464090542151,-0.02452579520488664,7.1327738761901855
7380992,2670.443201121001,0.15876123780383758,0.58453369140625,,,,,,,,0.0029296875,1.476081371307373,0.0017628458998085739,-0.015413354399090504,6.764599800109863
7389184,2676.937697786998,0.140822595618095,0.5866455435752869,,,,,,,,0.0037841796875,1.4576432704925537,0.002492537015588492,-0.020198959593049386,6.230165958404541
7397376,2683.797575507,0.14873537590271826,0.598986804485321,,,,,,,,0.00341796875,1.444252610206604,0.0034391263847847187,-0.017323731221629567,6.758164405822754
7405568,2689.7092565260027,0.14113489610911414,0.59332275390625,0.010201051081330959,0.009944296774550332,0.007752398833891783,333,500.23090534839605,47.400000000000006,nan,0.0032958984375,1.5357997417449951,0.003901164315855521,-0.02370344859318978,6.881085395812988
7413760,2696.6482349709986,0.12927193940080858,0.5750488638877869,,,,,,,,0.003662109375,1.4834609031677246,0.003857296781149433,-0.021431124056739304,6.709887981414795
7421952,2703.159331290997,0.1436317223366346,0.597363293170929,,,,,,,,0.003173828125,1.5162850618362427,0.00429325694300009,-0.022271545833860706,5.5989885330200195
7430144,2709.8848877650016,0.12169917318447859,0.573132336139679,,,,,,,,0.0032958984375,1.4659745693206787,0.0026607663153910277,-0.027072836985488177,5.161988735198975
7438336,2717.903346207,0.13052918183383053,0.583483874797821,,,,,,,,0.003662109375,1.5769529342651367,0.0019409510657455442,-0.02537152081884177,6.066583156585693
7446528,2724.306039570998,0.12474786160967942,0.5780029296875,,,,,,,,0.0037841796875,1.53841233253479,0.003587980690789916,-0.030828357036063927,5.849278926849365
7454720,2730.9581947709958,0.12614697611031297,0.5763306021690369,,,,,,,,0.0032958984375,1.503568410873413,0.0035963686761490976,-0.028152696818602788,6.561061382293701
7462912,2736.914444326001,0.10810999837699696,0.5454468131065369,,,,,,,,0.0037841796875,1.5793368816375732,0.002862889168503302,-0.02990752116598272,8.306756973266602
7471104,2743.1126873070025,0.1497202423260943,0.594067394733429,0.024165413992686124,0.08757234961494464,0.07553461455450039,69,35.72405357276547,9.15,nan,0.0037841796875,1.4993563890457153,0.0028313699353528232,-0.0142745459736773,6.945582866668701
7479296,2750.830900077999,0.13185159906313274,0.5848755240440369,,,,,,,,0.003662109375,1.5870882272720337,0.003361428492705376,-0.02183838170497153,6.137645244598389
7487488,2757.890292461998,0.13990466522052297,0.591479480266571,,,,,,,,0.0032958984375,1.4911022186279297,0.0035716774177193544,-0.027198358491607247,6.115883827209473
7495680,2764.017647863002,0.12268870175789484,0.567980945110321,,,,,,,,0.0029296875,1.4548293352127075,0.004743164378146814,-0.02822432180125254,7.050811767578125
7503872,2769.932707519998,0.16477926228616765,0.6164184808731079,,,,,,,,0.003662109375,1.4749428033828735,0.00445790920752509,-0.015816546627710645,5.491250038146973
7512064,2776.534891853,0.13643892810120886,0.579357922077179,,,,,,,,0.003662109375,1.4563169479370117,0.003999427100950248,-0.017936993369826303,6.409379005432129
7520256,2785.311093229997,0.13349432731262365,0.5891357660293579,,,,,,,,0.00244140625,1.4504084587097168,0.0033066920711182224,-0.027487128430886576,5.404331207275391
7528448,2792.2249172449956,0.12837401929919498,0.5806030631065369,,,,,,,,0.003173828125,1.4990397691726685,0.0037957811866436986,-0.022064515398274174,5.3517913818359375
7536640,2800.3443848099996,0.13749999618499056,0.5784546136856079,0.006510724291066139,0.009840786997774909,0.006190843619993558,333,504.683792741718,48.75,nan,0.00341796875,1.4830387830734253,0.003935097724012349,-0.01923801465323531,6.358222484588623
7544832,2811.3105254300026,0.13006781593374658,0.5764404535293579,,,,,,,,0.003173828125,1.5021694898605347,0.003309166607257885,-0.02553952488557882,5.555823802947998
7553024,2817.6389173060015,0.13991565817954563,0.57904052734375,,,,,,,,0.0032958984375,1.4943808317184448,0.0031363887444402216,-0.027262904117024422,5.262502193450928
7561216,2824.198921023999,0.11095168441962784,0.5528808832168579,,,,,,,,0.0030517578125,1.4545847177505493,0.002440220377105229,-0.030992639224735687,5.873837947845459
7569408,2830.2280535019963,0.1421551753113146,0.581225574016571,,,,,,,,0.0035400390625,1.4809294939041138,0.0032788281637066152,-0.023523216297298758,5.65930700302124
7577600,2836.7340195049983,0.12659729779481016,0.575939953327179,,,,,,,,0.003662109375,1.4766755104064941,0.0036991319384418464,-0.023934820931109543,5.859457015991211
7585792,2842.877719693999,0.136430141092645,0.5703491568565369,,,,,,,,0.0029296875,1.5079305171966553,0.0038982958970550374,-0.029785329077441327,5.8832807540893555
7593984,2849.041575999996,0.12178823878408612,0.5658935904502869,,,,,,,,0.0032958984375,1.4989126920700073,0.003856924365231218,-0.026930953872885084,6.4408769607543945
7602176,2855.7601385460002,0.1334495438307454,0.579479992389679,0.010075572033952596,0.010477288975350607,0.008999156353147963,333,510.09845715248747,45.0,nan,0.0037841796875,1.469069480895996,0.0036164967799124925,-0.022174382832450112,6.289711952209473
7610368,2863.897005250001,0.13665966224111634,0.5854248404502869,,,,,,,,0.002685546875,1.458278775215149,0.004029322823219328,-0.025014297735536213,5.718636512756348
7618560,2869.9238969310027,0.12659785416255,0.571765124797821,,,,,,,,0.0037841796875,1.4955867528915405,0.003435647117819851,-0.022256906651206748,5.642009735107422
7626752,2877.3688241380005,0.12653841879326164,0.569628894329071,,,,,,,,0.00341796875,1.4571782350540161,0.004466354240426851,-0.019329930232215728,7.563431739807129
7634944,2883.0674065429994,0.13345940296671338,0.576171875,,,,,,,,0.003173828125,1.5509841442108154,0.0032678817480691347,-0.023023272762512922,7.411931037902832
7643136,2888.6742793239973,0.11546283134671138,0.5482422113418579,,,,,,,,0.0042724609375,1.5477896928787231,0.0028188795532128053,-0.02766128255733588,7.5965895652771
7651328,2895.084579483002,0.12631221904210724,0.573486328125,,,,,,,,0.0030517578125,1.454721212387085,0.0025253117635406497,-0.02621144728849242,7.773602485656738
7659520,2901.8166995229985,0.13742738467670432,0.5934082269668579,,,,,,,,0.0025634765625,1.5513885021209717,0.0018521905014168283,-0.024645571396167153,5.4623026847839355
7667712,2908.541425028001,0.11751281729842789,0.564953625202179,0.017835269441939694,0.01713872643228409,0.014009059891233688,333,468.71313932260085,32.1,40.050000000000004,0.0042724609375,1.471909999847412,0.0019740298522387123,-0.030897253550501894,6.361276149749756
7675904,2916.5282294220015,0.1285949141237865,0.5540405511856079,,,,,,,,0.003173828125,1.533080816268921,0.004363055958321871,-0.024988888599010623,8.966132164001465
7684096,2922.8176905380024,0.11661655448863194,0.564868152141571,,,,,,,,0.004150390625,1.5000879764556885,0.0037790421844366984,-0.03036348803840467,8.295269012451172
7692288,2928.581701103998,0.1320240757992619,0.5723510980606079,,,,,,,,0.0035400390625,1.4722514152526855,0.0030479741922186943,-0.02134315956191854,8.826419830322266
7700480,2936.1115758949963,0.1479148527628104,0.5946289300918579,,,,,,,,0.00244140625,1.4364771842956543,0.0030078238034174642,-0.020762626639789467,7.297673225402832
7708672,2943.049830377997,0.12930991121045662,0.565417468547821,,,,,,,,0.0040283203125,1.4937106370925903,0.0030242113660490233,-0.028373580687535052,8.983757019042969
7716864,2949.5573368600017,0.11702824198135264,0.552075207233429,,,,,,,,0.004638671875,1.4425327777862549,0.0028043637413288636,-0.02483878116455294,12.104220390319824
7725056,2955.603870275998,0.15436241388937694,0.597827136516571,,,,,,,,0.003173828125,1.5059208869934082,0.003690849033344823,-0.016260146940061473,9.952966690063477
7733248,2961.6933634939996,0.14762644789620274,0.592822253704071,0.005038037311955179,0.0064746335859019455,0.003780583911589863,333,549.6502004778189,49.5,nan,0.00390625,1.5161089897155762,0.003813040931696765,-0.015364362737251456,9.299476623535156
7741440,2968.6847524879995,0.1384940137922077,0.584460437297821,,,,,,,,0.0037841796875,1.4721767902374268,0.003998377033781697,-0.016638504333818336,10.027162551879883
7749632,2973.531774985997,0.1293606519364135,0.572399914264679,,,,,,,,0.003662109375,1.5568616390228271,0.003252176947113772,-0.026372918500198985,9.740684509277344
7757824,2978.3821573079986,0.1296620744038542,0.5786499381065369,,,,,,,,0.0042724609375,1.434393286705017,0.002601986560515135,-0.01886185133700849,9.966036796569824
7766016,2983.9488653570006,0.1388561400419079,0.5915771722793579,,,,,,,,0.0028076171875,1.4601035118103027,0.00253822568687867,-0.019996334481910735,8.166120529174805
7774208,2989.194609168997,0.15632853718221032,0.592944324016571,,,,,,,,0.0040283203125,1.4954365491867065,0.004081069974489204,-0.012391487529489834,8.59836483001709
7782400,2995.1071422509995,0.1217753843301151,0.5619873404502869,,,,,,,,0.004638671875,1.5063680410385132,0.004206155632352937,-0.021876490303836926,10.98746395111084
7790592,3000.949464445999,0.1378788951172612,0.587756335735321,,,,,,,,0.0025634765625,1.4809739589691162,0.0023465342230040154,-0.02110013337760519,8.601652145385742
7798784,3006.682966704,0.1160761242176896,0.563220202922821,0.014085619700395346,0.01901476896085974,0.010639753543574715,333,487.2064023355891,42.300000000000004,49.35,0.004638671875,1.5673143863677979,0.002035005009101143,-0.02473375155139646,9.480162620544434
7806976,3013.752114666997,0.1271948676872231,0.579211413860321,,,,,,,,0.0040283203125,1.490855097770691,0.003851776158696252,-0.020926339542138808,8.938117027282715
7815168,3019.011545369998,0.12226983927928799,0.575549304485321,,,,,,,,0.0029296875,1.538514494895935,0.0035253952725783355,-0.025982565683153682,8.800826072692871
7823360,3024.6985830280028,0.12566317131511648,0.5793823599815369,,,,,,,,0.00439453125,1.4756499528884888,0.0022326152064320315,-0.021808990756719042,8.350253105163574
7831552,3029.734212809002,0.1359449590704248,0.581250011920929,,,,,,,,0.003173828125,1.4474949836730957,0.002793285465381823,-0.016468412068662643,8.191764831542969
7839744,3035.444177136,0.1968723491822837,0.607104480266571,,,,,,,,0.0032958984375,1.5390433073043823,0.003918372660687508,-0.014621188670938569,6.777787685394287
7847936,3041.2929353479994,0.12848850908045747,0.575183093547821,,,,,,,,0.0035400390625,1.4653923511505127,0.003775366840874317,-0.021274640591513266,8.028407096862793
7856128,3047.3980818830023,0.10807658186650665,0.5555176138877869,,,,,,,,0.0025634765625,1.4935046434402466,0.004005551432120669,-0.026758903160982284,8.606086730957031
7864320,3053.121485980002,0.1534711311009486,0.5954223871231079,0.008111758149946913,0.007703887453950786,0.006089753169063905,333,532.6912411056551,38.7,38.85,0.0035400390625,1.525251865386963,0.002380340723219687,-0.01313463106475869,6.689850807189941
7872512,3059.4622346230026,0.11450929595862691,0.547607421875,,,,,,,,0.003662109375,1.4907875061035156,0.0027517146843144547,-0.023965672885974343,9.210375785827637
7880704,3064.9523584670023,0.11126424001064952,0.545825183391571,,,,,,,,0.0040283203125,1.5953656435012817,0.003445249628025837,-0.02414620871627092,9.727007865905762
7888896,3070.9176400689976,0.12052576842278642,0.564208984375,,,,,,,,0.003662109375,1.4892712831497192,0.002370829278484088,-0.02652156687412102,9.186408042907715
7897088,3076.809884271999,0.1156020465869238,0.5532593131065369,,,,,,,,0.002685546875,1.51847243309021,0.004341366768332522,-0.02692927756811013,11.442091941833496
7905280,3082.7744549950003,0.13737358716547288,0.581616222858429,,,,,,,,0.00390625,1.442112684249878,0.004527845771846839,-0.024866106078023083,9.932480812072754
7913472,3088.072452939996,0.1329717251453821,0.5791260004043579,,,,,,,,0.0037841796875,1.461835265159607,0.004237079586927317,-0.01927231827346598,9.352932929992676
7921664,3093.868267207996,0.1262552839287912,0.578320324420929,,,,,,,,0.003173828125,1.5624516010284424,0.0033500376244063323,-0.020473978035442788,8.475412368774414
7929856,3099.2551646360007,0.13299750237772545,0.57305908203125,0.010508335473613406,0.008827946023732602,0.007896703129132043,333,532.1006721891405,44.7,48.150000000000006,0.0040283203125,1.5018043518066406,0.0027475775772172195,-0.02103640512542314,9.728073120117188
7938048,3105.934318998996,0.12474630420546107,0.553149402141571,,,,,,,,0.0029296875,1.5013841390609741,0.0034698702954329974,-0.019671684890856703,12.177183151245117
7946240,3111.8368110910014,0.12926946568785175,0.570324718952179,,,,,,,,0.0035400390625,1.516520619392395,0.002240215593756534,-0.02167581251096419,10.197086334228516
7954432,3117.5004132159956,0.11679229811099208,0.567187488079071,,,,,,,,0.003662109375,1.469915747642517,0.0018004191138714098,-0.02386051025234421,9.2269287109375
7962624,3124.7276775459977,0.1254131568482683,0.57232666015625,,,,,,,,0.0030517578125,1.588692307472229,0.0032264653259500564,-0.023571631597470572,9.1573486328125
7970816,3130.7101951930017,0.13264524434064193,0.5824951529502869,,,,,,,,0.00390625,1.4566476345062256,0.004565863582624563,-0.024876441529169447,7.501811981201172
7979008,3136.613715227002,0.12480930454269759,0.5639404654502869,,,,,,,,0.003173828125,1.5070210695266724,0.004413193190926146,-0.02673821867980516,8.73497200012207
7987200,3141.56590347,0.12775527537021011,0.583239734172821,,,,,,,,0.003662109375,1.5099904537200928,0.004009654178388611,-0.024783197959339906,6.4859514236450195
7995392,3146.5283752760006,0.12981437740299173,0.573352038860321,0.011706146943612827,0.010864211464908236,0.008859779396241496,333,511.9155968553475,46.35,nan,0.0032958984375,1.5032624006271362,0.0037551925705494593,-0.02056687660066408,6.723337650299072
8003584,3153.582371354998,0.12234688524789628,0.5734497308731079,,,,,,,,0.0030517578125,1.5439176559448242,0.003859250997965691,-0.02286372295323116,7.3876237869262695
8011776,3159.2423296459965,0.12310290113425876,0.5672241449356079,,,,,,,,0.00390625,1.4783483743667603,0.0039480259706849985,-0.024516807187503584,9.52984619140625
8019968,3164.8390004169996,0.12707379013988593,0.545764148235321,,,,,,,,0.003662109375,1.495003342628479,0.0038858877631120503,-0.023274421107951023,9.444930076599121
8028160,3170.599728396999,0.11475910729254823,0.5555786490440369,,,,,,,,0.0030517578125,1.477455973625183,0.004328988650168064,-0.029191790594711532,9.313739776611328
8036352,3175.9926464289965,0.12496389089253804,0.5745605826377869,,,,,,,,0.0035400390625,1.4615154266357422,0.005248556592120535,-0.024307441209547323,8.848017692565918
8044544,3181.364181480996,0.11562030509406465,0.562390148639679,,,,,,,,0.00341796875,1.5130001306533813,0.0036744339439085394,-0.02622105739947288,8.425918579101562
8052736,3187.075494808996,0.12396591978669345,0.5674194693565369,,,,,,,,0.003662109375,1.4903331995010376,0.0034892613029151587,-0.02250690911068724,7.5665483474731445
8060928,3192.8006448930028,0.13181755045445115,0.5726562738418579,0.012966243948366984,0.013662744004683924,0.009724682961275266,333,517.2854143413626,42.45,36.6,0.003173828125,1.563665747642517,0.004943502047384696,-0.019120078885484285,8.185747146606445
8069120,3200.084744077998,0.12273985879537769,0.572399914264679,,,,,,,,0.00341796875,1.5030450820922852,0.003946176713452543,-0.024092750727372415,7.3593058586120605
8077312,3205.531246890998,0.1328992584879017,0.58026123046875,,,,,,,,0.00341796875,1.5145782232284546,0.004344500069123569,-0.022675102498408924,7.56068754196167
8085504,3211.5024750939992,0.11930471978237574,0.5628418326377869,,,,,,,,0.003173828125,1.4978269338607788,0.004588181747048337,-0.03059908373112065,7.45497989654541
8093696,3216.929450675998,0.11549630092830482,0.566149890422821,,,,,,,,0.00390625,1.4886953830718994,0.00425969425674666,-0.02690992017777609,7.205506324768066
8101888,3222.2092710849975,0.14162934663274596,0.576062023639679,,,,,,,,0.003173828125,1.5380311012268066,0.0034840399518476506,-0.01903376682305174,8.807168960571289
8110080,3227.7758648460003,0.14535859722212877,0.57666015625,,,,,,,,0.0045166015625,1.596985101699829,0.002433236597346067,-0.01961112336983055,8.058748245239258
8118272,3233.3706085739977,0.12266876842246144,0.569287121295929,,,,,,,,0.003173828125,1.4939123392105103,0.00310579613789963,-0.026580019716567052,8.73862361907959
8126464,3238.887137204001,0.11639048820785552,0.5657715201377869,0.011680912108208097,0.008964663095818892,0.00879146184430557,333,510.478905344889,46.800000000000004,49.650000000000006,0.003173828125,1.5358905792236328,0.004390849602712743,-0.02669613613875388,7.816432476043701
8134656,3245.779187191998,0.11525039855481395,0.5527099967002869,,,,,,,,0.00439453125,1.5541324615478516,0.002736120144455123,-0.02174599030798084,9.65025806427002
8142848,3250.8235177550014,0.1285468960225029,0.5797485709190369,,,,,,,,0.00341796875,1.468298077583313,0.0022832066641356175,-0.02471183405004663,8.05729866027832
8151040,3256.5397005049963,0.14069217349364313,0.5875610709190369,,,,,,,,0.0032958984375,1.5600093603134155,0.004721663441694779,-0.025537115083115014,6.442454814910889
8159232,3262.3642097690026,0.12837700921662348,0.5759521722793579,,,,,,,,0.003662109375,1.4736621379852295,0.0036062656588561337,-0.02120640916392975,6.068477630615234
8167424,3268.08068852,0.12392374492391851,0.570385754108429,,,,,,,,0.002685546875,1.5595077276229858,0.0033699030187989143,-0.024878030309639823,6.235754013061523
8175616,3274.0101992339987,0.12893630681304047,0.541979968547821,,,,,,,,0.0040283203125,1.5458086729049683,0.0019215756714939802,-0.029486483476327464,7.635022163391113
8183808,3279.335759540001,0.11480108482858445,0.549731433391571,,,,,,,,0.0040283203125,1.5102771520614624,0.0021449757675826575,-0.032950118418062,9.237321853637695
8192000,3284.8475619320016,0.14935638581674035,0.573291003704071,0.011716988505679038,0.009374491848134658,0.008907755841358167,333,510.14287703315205,48.300000000000004,nan,0.0028076171875,1.519909143447876,0.003342834935028405,-0.02432590100961113,7.396862983703613
8200192,3292.311656195001,0.1365891063019178,0.592297375202179,,,,,,,,0.0040283203125,1.5039160251617432,0.005009925204375487,-0.022953205386130028,6.832530498504639
8208384,3297.7491614739993,0.13267510826673254,0.5720581412315369,,,,,,,,0.00390625,1.551273226737976,0.0037148172720753436,-0.018194720896842417,9.189459800720215
8216576,3303.248082797996,0.12371015976794593,0.5579590201377869,,,,,,,,0.003173828125,1.5049852132797241,0.004266530271539559,-0.02638256240420156,8.036242485046387
8224768,3308.6023467569976,0.11203610997438425,0.548327624797821,,,,,,,,0.0037841796875,1.534203052520752,0.003596108055442193,-0.028394550181990705,9.253623008728027
8232960,3314.104579122999,0.12606024762522777,0.5697265863418579,,,,,,,,0.0035400390625,1.4530420303344727,0.0034107266586390628,-0.0273284900265216,9.55185604095459
8241152,3318.9363332409994,0.12885537283733442,0.574230968952179,,,,,,,,0.004150390625,1.5613176822662354,0.00230187956935346,-0.03323633110176006,9.031977653503418
8249344,3323.8763689179978,0.13503773801565874,0.586669921875,,,,,,,,0.003173828125,1.4712331295013428,0.0018995091108356954,-0.02135467391428385,8.803109169006348
8257536,3329.841210917002,0.12833820974358737,0.571533203125,0.0071478257083980035,0.013210085900253965,0.0054595528316110364,333,541.9719861038112,38.1,42.45,0.003662109375,1.5465024709701538,0.0024961771475067174,-0.02084603107686237,7.950685977935791
8265728,3337.2568829469965,0.148433474892356,0.5868896842002869,,,,,,,,0.00390625,1.479259967803955,0.003590679890517756,-0.01932239091669483,6.847630500793457
8273920,3343.686649422998,0.11030203169324278,0.551562488079071,,,,,,,,0.003173828125,1.5773541927337646,0.003835350049674169,-0.028654941787003688,8.180268287658691
8282112,3349.7037501020022,0.1163839998876875,0.548657238483429,,,,,,,,0.00390625,1.526889443397522,0.004330842492105469,-0.029314074320147623,11.50683879852295
8290304,3355.2229810579956,0.12193482244316685,0.5690551996231079,,,,,,,,0.003173828125,1.4748820066452026,0.003900627214173613,-0.02739257229110112,8.077705383300781
8298496,3360.8129765529957,0.14532979472622426,0.586047351360321,,,,,,,,0.003662109375,1.582400918006897,0.003329244641697926,-0.020219650197092362,7.950714111328125
8306688,3366.408323666001,0.1342396710509581,0.57012939453125,,,,,,,,0.0040283203125,1.491145372390747,0.004972034877673948,-0.019522749734672756,7.465644836425781
8314880,3372.1956299759986,0.13277893480675784,0.5646606683731079,,,,,,,,0.0030517578125,1.498631477355957,0.00411920208058747,-0.023084170506488533,9.368111610412598
8323072,3377.876276281997,0.11049783185339518,0.548083484172821,0.00591801541726833,0.008524327793952624,0.004438511562951275,333,553.3392128511584,40.35,31.950000000000003,0.0028076171875,1.491970419883728,0.0038354939549011258,-0.03354596162639728,9.991217613220215
8331264,3384.8948474599965,0.13495874067917377,0.574999988079071,,,,,,,,0.00439453125,1.4751296043395996,0.003954604976348586,-0.0238614199034284,8.610638618469238
8339456,3390.387025657001,0.15293018783487053,0.6018310785293579,,,,,,,,0.00341796875,1.5308648347854614,0.0043736659880438955,-0.016786915538396268,7.966818332672119
8347648,3395.791480043001,0.11572231328932886,0.5529419183731079,,,,,,,,0.0042724609375,1.6268662214279175,0.0035753993324565414,-0.020929559464401174,9.655136108398438
8355840,3400.992367785002,0.2582088992354163,0.634631335735321,,,,,,,,0.003662109375,1.4491426944732666,0.0034927342805298744,0.007299257256199757,8.977004051208496
8364032,3406.5970151110014,0.16051411202454313,0.594372570514679,,,,,,,,0.00244140625,1.5625361204147339,0.003571384059160687,-0.018871110080819903,8.623971939086914
8372224,3412.482483275002,0.14915522527564584,0.595141589641571,,,,,,,,0.004638671875,1.5788429975509644,0.0030762583834785806,-0.02065082730578568,7.653039455413818
8380416,3418.2680762460004,0.130886185101575,0.5755371451377869,,,,,,,,0.004150390625,1.4944796562194824,0.0022525801059922745,-0.018597655295849343,8.338177680969238
8388608,3424.213317998001,0.14432337711117924,0.5917114615440369,0.007392324654168614,0.008075006906237858,0.005544243490626433,333,540.2971160316042,40.650000000000006,30.75,0.0023193359375,1.6258207559585571,0.0036415767720675563,-0.02159026064536263,7.104580879211426
8396800,3431.184851416998,0.16161930794836166,0.56378173828125,,,,,,,,0.005859375,1.632892370223999,0.003336937115162142,-0.015010418698201716,10.50167465209961
8404992,3436.715315581998,0.11140843368306777,0.544177234172821,,,,,,,,0.0030517578125,1.4551231861114502,0.003216474078675202,-0.02564534658026012,11.233972549438477
8413184,3442.0852784539966,0.12405180959188651,0.556811511516571,,,,,,,,0.0030517578125,1.658568263053894,0.0031642126482470667,-0.027019285845379284,8.783147811889648
8421376,3447.7082344360024,0.1456692623813338,0.5833984613418579,,,,,,,,0.0057373046875,1.542943000793457,0.003536249237588218,-0.01668321076727614,9.62585163116455
8429568,3453.3633060939974,0.11969309393094357,0.562817394733429,,,,,,,,0.002685546875,1.5692098140716553,0.0033278552982719534,-0.027227597386991445,8.930355072021484
8437760,3459.0002725250015,0.13765531691411753,0.59259033203125,,,,,,,,0.0032958984375,1.577652931213379,0.0029489569508366342,-0.023895034257895076,6.511292457580566
8445952,3464.608933356998,0.15558572032570211,0.5801635980606079,,,,,,,,0.0054931640625,1.6002253293991089,0.0029130664833048048,-0.0128058249705801,9.917798042297363
8454144,3470.716057357,0.13750057978338814,0.590380847454071,0.011279150629964652,0.010540850325841955,0.008459362972473516,333,527.8584730104516,49.5,39.900000000000006,0.0025634765625,1.5853831768035889,0.002991122798440715,-0.02195343795890493,7.352658748626709
8462336,3477.661807468001,0.11858286321517016,0.5634399652481079,,,,,,,,0.0035400390625,1.5811476707458496,0.003058468355303434,-0.030189298014699523,8.17437744140625
8470528,3482.4701169870023,0.11738043822953602,0.559069812297821,,,,,,,,0.00390625,1.5140327215194702,0.003562092820972751,-0.024809653323693035,10.064815521240234
8478720,3487.7205750279973,0.13354024714307877,0.5807129144668579,,,,,,,,0.003173828125,1.5577267408370972,0.0031133730057990583,-0.027640990148911984,8.770341873168945
8486912,3493.616619048,0.12213965587728821,0.5584716796875,,,,,,,,0.0035400390625,1.5727401971817017,0.002570987741513764,-0.028667730295315642,9.003684043884277
8495104,3499.316151348001,0.12535349407800583,0.56005859375,,,,,,,,0.00439453125,1.594247579574585,0.0025635582214001973,-0.022747491096722056,8.996882438659668
8503296,3504.7130416610016,0.11942627936590565,0.550158679485321,,,,,,,,0.004638671875,1.589698076248169,0.0040027898513606,-0.026813752822612686,11.183435440063477
8511488,3510.2895639909984,0.139830336867054,0.58343505859375,,,,,,,,0.00341796875,1.5653407573699951,0.00324217237186597,-0.021297061880131432,7.608397006988525
8519680,3516.6858980899997,0.13419214095647466,0.57177734375,0.008406636049908767,0.0075045351579187125,0.006304977037431603,333,542.1514888027224,49.5,31.8,0.0040283203125,1.5894272327423096,0.003401893295183922,-0.017992339151935863,8.648836135864258
8527872,3524.1084096279956,0.13928882225668549,0.585583508014679,,,,,,,,0.002685546875,1.5382485389709473,0.003363231315084425,-0.01923519927410275,8.387697219848633
8536064,3529.903375089998,0.12822859246362392,0.577404797077179,,,,,,,,0.00390625,1.609595537185669,0.002619321751641257,-0.024567561183638138,8.948142051696777
8544256,3535.5785824139966,0.15164565681935807,0.588134765625,,,,,,,,0.0042724609375,1.5371400117874146,0.002396904965727087,-0.011126559860499811,11.446311950683594
8552448,3541.3329414409964,0.16540685823789256,0.566149890422821,,,,,,,,0.003662109375,1.5904380083084106,0.003085239120898975,-0.01811747563720567,11.767729759216309
8560640,3546.8884529490024,0.12972288552192143,0.5780273675918579,,,,,,,,0.0037841796875,1.5868244171142578,0.0029790017242221634,-0.019599332196990806,9.338960647583008
8568832,3553.360988806002,0.11000763475422047,0.547656238079071,,,,,,,,0.003662109375,1.502951979637146,0.0027976204891375644,-0.022421227390440564,10.996199607849121
8577024,3559.196750862,0.1289169194824528,0.568554699420929,,,,,,,,0.0040283203125,1.6225206851959229,0.003466247550695023,-0.0199467033656215,9.7179536819458
8585216,3564.9456057060015,0.12714134240615624,0.56207275390625,0.006628024210448835,0.004971018157836626,0.004971018157836626,333,561.7638105961038,49.95,29.700000000000003,0.0045166015625,1.5432538986206055,0.004285703430987553,-0.02074834958111281,11.031517028808594
8593408,3572.386745399999,0.12451882004893361,0.5700927972793579,,,,,,,,0.00244140625,1.476559042930603,0.0037963190856066253,-0.026801881301033805,10.350229263305664
8601600,3578.6657057970006,0.20546339991083085,0.5912231802940369,,,,,,,,0.0040283203125,1.6137545108795166,0.003686226161821904,-0.013097252835810997,9.655922889709473
8609792,3584.8217216129997,0.20392366771102705,0.5807739496231079,,,,,,,,0.007080078125,1.727538824081421,0.0030177359117462554,-0.0063903574869518575,13.332913398742676
8617984,3590.169487815001,0.1475788782209104,0.5794311761856079,,,,,,,,0.003173828125,1.5742906332015991,0.002321449271405318,-0.017858626145187628,10.94642162322998
8626176,3595.5514621559996,0.1691492628784142,0.602783203125,,,,,,,,0.0037841796875,1.623765468597412,0.00270674063035925,-0.011668221186519234,10.539108276367188
8634368,3601.145794318996,0.15087545504267552,0.5752930045127869,,,,,,,,0.004150390625,1.5522992610931396,0.00270314488568113,-0.00977070012735781,10.863838195800781
8642560,3606.4462609830007,0.14282854029923198,0.5790649652481079,,,,,,,,0.00390625,1.628741979598999,0.0035096937105669745,-0.015111732229269231,9.591336250305176
8650752,3612.470867172,0.13128424197981473,0.575207531452179,0.007740889935159867,0.008683676774984161,0.005961974644842827,333,527.459026091904,47.1,nan,0.0035400390625,1.5426489114761353,0.003416267052534838,-0.02344309448777452,8.58493709564209
8658944,3619.1582500649965,0.1615352956827414,0.6166015863418579,,,,,,,,0.003173828125,1.529634952545166,0.005524688772009068,-0.017429400193621852,7.519880771636963
8667136,3624.9774132059974,0.15375934913270464,0.5916382074356079,,,,,,,,0.00341796875,1.6081349849700928,0.0038710074793175675,-0.019191442658143296,7.892245769500732
8675328,3630.3973670839987,0.14147436469141425,0.5874390006065369,,,,,,,,0.0045166015625,1.5108227729797363,0.0031130302542452526,-0.01656540580057411,9.231536865234375
8683520,3635.7131401549996,0.12262986539448228,0.56500244140625,,,,,,,,0.003173828125,1.5714306831359863,0.0033052331913392408,-0.02514448594857976,7.432010650634766
8691712,3640.7358538209955,0.1536397031149854,0.6037842035293579,,,,,,,,0.003173828125,1.5753021240234375,0.003909621476494318,-0.020562001556280646,5.751809597015381
8699904,3646.3057148000007,0.12361488739974752,0.568530261516571,,,,,,,,0.0035400390625,1.472076654434204,0.003814567975521599,-0.02754208317031939,8.244451522827148
8708096,3651.177738307997,0.132732898770727,0.5729614496231079,,,,,,,,0.0028076171875,1.5251550674438477,0.002230171210963805,-0.024754097306425128,7.274833679199219
8716288,3656.0146220929964,0.13969612292626676,0.582714855670929,0.009561606792236721,0.011730428517157776,0.007469271283880752,333,530.599154619107,40.2,nan,0.00390625,1.5551772117614746,0.004119196114472534,-0.024846475731059355,5.8848466873168945
8724480,3663.060464739996,0.11435987246474069,0.56414794921875,,,,,,,,0.0030517578125,1.5093404054641724,0.0038743383096460082,-0.027393026560703956,6.609906196594238
8732672,3668.705090935997,0.13996837832071388,0.5860351920127869,,,,,,,,0.0028076171875,1.5657652616500854,0.0032356881631093737,-0.02129796451882117,4.783262729644775
8740864,3674.441530924996,0.1418750499141988,0.5669311881065369,,,,,,,,0.00439453125,1.6017708778381348,0.002710528443909954,-0.024751378559846535,6.173614978790283
8749056,3680.102701869,0.1347090217236998,0.5703125,,,,,,,,0.0030517578125,1.4918979406356812,0.0032896421074394278,-0.022697860997334004,7.470750331878662
8757248,3685.358359086,0.12924111000799007,0.5764526724815369,,,,,,,,0.003173828125,1.5754512548446655,0.004361279467665735,-0.025849583278943912,6.395102500915527
8765440,3690.502659466998,0.12213907686475851,0.5625854730606079,,,,,,,,0.004150390625,1.478044033050537,0.0036721807480156743,-0.020478195875405857,8.880290985107422
8773632,3695.071176174002,0.12481930987137378,0.55377197265625,,,,,,,,0.002685546875,1.5643280744552612,0.004830311494089301,-0.024770903215813128,8.240845680236816
8781824,3699.8728706809998,0.16256904783658357,0.59527587890625,0.011476215502553622,0.010437227549912054,0.008607161626915216,333,514.9619032691671,49.650000000000006,39.900000000000006,0.003662109375,1.5451836585998535,0.002598813750987583,-0.013673826141850046,5.5903754234313965
8790016,3705.8974324890005,0.1345138414031832,0.565478503704071,,,,,,,,0.0035400390625,1.4971086978912354,0.0027081625566459655,-0.01604490371041074,6.7026190757751465
8798208,3710.7766522090023,0.12826224425034635,0.565747082233429,,,,,,,,0.0032958984375,1.626619815826416,0.003943691146158446,-0.03042425803286345,5.818139553070068
8806400,3715.966904048997,0.14661994896187433,0.5828003287315369,,,,,,,,0.0037841796875,1.4917771816253662,0.004225690864869236,-0.014416984747229578,7.034544467926025
8814592,3720.960312242998,0.12033705647962574,0.5616455078125,,,,,,,,0.002685546875,1.5202560424804688,0.00481042864950032,-0.023764857093211092,6.346278667449951
8822784,3726.1576673570016,0.11534650333305121,0.5570312738418579,,,,,,,,0.00341796875,1.5347809791564941,0.003826726147326709,-0.026418281996928573,6.160027980804443
8830976,3733.141597891001,0.13138872958760314,0.5736450552940369,,,,,,,,0.0037841796875,1.4878332614898682,0.0046799898165955645,-0.021802797497416163,6.838353157043457
8839168,3739.4946473439995,0.10717352065267055,0.538769543170929,,,,,,,,0.003173828125,1.5771188735961914,0.003244380527140378,-0.02392060245889903,7.362533092498779
8847360,3746.3919157790006,0.12569160060836954,0.5499023795127869,0.013998463541907369,0.013532699973952678,0.010518425080014326,333,499.92635772460164,47.1,nan,0.004150390625,1.535093903541565,0.004483178330548121,-0.02001360475012587,7.982196807861328
8855552,3753.438148221998,0.14229089780739024,0.5667724609375,,,,,,,,0.004150390625,1.5107851028442383,0.0036568933911906853,-0.016317988383332722,9.921401023864746
8863744,3758.696005177,0.12410767993758216,0.570324718952179,,,,,,,,0.002685546875,1.5362436771392822,0.0045058620892178824,-0.02844544997585176,6.274819374084473
8871936,3764.6013373899987,0.14286343265976995,0.5909668207168579,,,,,,,,0.0042724609375,1.5178743600845337,0.004619623848023058,-0.02317141816963418,6.282406330108643
8880128,3770.2531256329967,0.1126953731988914,0.551928699016571,,,,,,,,0.0030517578125,1.4753906726837158,0.004515191720192435,-0.02835644017261534,8.079590797424316
8888320,3776.1832554380017,0.14041148674075687,0.587268054485321,,,,,,,,0.003662109375,1.5275564193725586,0.004702106879553192,-0.025118857099993425,5.315946102142334
8896512,3781.870929922996,0.13283716979824256,0.58294677734375,,,,,,,,0.0032958984375,1.5378339290618896,0.002386499086939553,-0.02361092793917017,5.530171871185303
8904704,3788.053010769996,0.12734651209922718,0.569042980670929,,,,,,,,0.003173828125,1.5704774856567383,0.003666086157657178,-0.02536244651400002,6.329616546630859
8912896,3795.596491053002,0.11141872799763737,0.543505847454071,0.005647365875093957,0.008687876946705697,0.004713628136195913,333,534.8520137822994,48.900000000000006,nan,0.0037841796875,1.5791783332824707,0.0029573940770089013,-0.02672863875710559,8.172825813293457
8921088,3804.5482377590015,0.11427653979060326,0.556811511516571,,,,,,,,0.0032958984375,1.5069999694824219,0.0033300008165980666,-0.02825012127240587,7.447331428527832
8929280,3811.121252678,0.1268155732787838,0.55401611328125,,,,,,,,0.0030517578125,1.5697193145751953,0.0029371054717123313,-0.03290610024293205,7.972021579742432
8937472,3817.3286440029988,0.1140377662568592,0.552844226360321,,,,,,,,0.00390625,1.425804853439331,0.0028559278240849473,-0.02993484354883972,6.904548168182373
8945664,3823.252076810997,0.13048197629671013,0.571887195110321,,,,,,,,0.0029296875,1.5504759550094604,0.004138594094233894,-0.02690311488332612,7.075931072235107
8953856,3829.4537182549975,0.15693356638466194,0.5871216058731079,,,,,,,,0.0042724609375,1.5484462976455688,0.00428903880541831,-0.016477058159485525,7.4208550453186035
8962048,3836.2621058399964,0.1303812438017934,0.5833740234375,,,,,,,,0.0029296875,1.4899424314498901,0.003053281051393242,-0.026969215355575383,7.799400329589844
8970240,3842.862557141001,0.1343517836076272,0.561291515827179,,,,,,,,0.0028076171875,1.5751631259918213,0.0030483464150752315,-0.026741069868946938,7.6421356201171875
8978432,3850.4916394480024,0.1160687137458663,0.551257312297821,0.007296712955185858,0.0067930556132344,0.005853486778763406,333,561.0548793054182,31.8,44.85,0.0042724609375,1.441724181175232,0.00346364590369741,-0.02733338067538249,9.290340423583984
8986624,3859.2083221700013,0.11557253284177167,0.555188000202179,,,,,,,,0.003173828125,1.4973360300064087,0.0037454015920217465,-0.02687651413540324,10.751876831054688
8994816,3865.406454582,0.1409472339257852,0.564685046672821,,,,,,,,0.004150390625,1.5366207361221313,0.00349881416734954,-0.022384124786707968,10.725830078125
9003008,3870.9011916519958,0.13320247169455082,0.581774890422821,,,,,,,,0.00390625,1.5117943286895752,0.0037988352036174566,-0.02176959422969249,9.372288703918457
9011200,3877.6689929849963,0.12232590055639601,0.565991222858429,,,,,,,,0.00341796875,1.5142347812652588,0.0028464388192002144,-0.02649305298466477,9.008443832397461
9019392,3885.033937039996,0.13025252004350474,0.5771484375,,,,,,,,0.00341796875,1.4525059461593628,0.004376447422274166,-0.023020035001900335,7.618424415588379
9027584,3891.8443871799973,0.12486027644894818,0.570629894733429,,,,,,,,0.0035400390625,1.5505741834640503,0.004287999272168719,-0.02894039079166515,9.484521865844727
9035776,3898.2492813499994,0.22558895651320096,0.608654797077179,,,,,,,,0.0037841796875,1.584097146987915,0.00349833225900098,-0.009899890446816304,8.1462984085083
9043968,3904.832420384999,0.1416607714961753,0.56292724609375,0.015268207713409088,0.01496380411894127,0.011496883857997187,333,502.034778876269,48.150000000000006,49.050000000000004,0.00390625,1.5515193939208984,0.004349414857540479,-0.015332868240660897,10.550179481506348
9052160,3913.2830603449984,0.11728021697111153,0.543713390827179,,,,,,,,0.0035400390625,1.5754741430282593,0.0041447537517123045,-0.02685245075440981,9.3117036819458
9060352,3919.9113402059957,0.13948336476858283,0.573803722858429,,,,,,,,0.0042724609375,1.5932377576828003,0.00415456274198811,-0.018949289898889894,9.295738220214844
9068544,3927.315898836998,0.16734988535371448,0.58905029296875,,,,,,,,0.0030517578125,1.5446077585220337,0.003917955205248291,-0.016483372565525494,7.864804744720459
9076736,3934.2651906570027,0.1686926635563312,0.5994507074356079,,,,,,,,0.0030517578125,1.5511748790740967,0.004065998894005607,-0.012657183140641355,7.0485453605651855
9084928,3940.3897370409977,0.13359666853667596,0.576062023639679,,,,,,,,0.004150390625,1.4710711240768433,0.004452667377302433,-0.021464186520135663,7.560008525848389
9093120,3947.887834319001,0.12152837488078522,0.555310070514679,,,,,,,,0.00390625,1.5921047925949097,0.004496262530299666,-0.02237364751487707,9.675275802612305
9101312,3953.877193032,0.14750946183557753,0.581066906452179,,,,,,,,0.00390625,1.5250135660171509,0.0027516506095850435,-0.02698928009147446,7.6805243492126465
9109504,3960.430021123997,0.12820651891456514,0.574719250202179,0.007866079239789103,0.007935513545818784,0.006047544808657435,333,539.246400501069,45.900000000000006,nan,0.003173828125,1.5482121706008911,0.0028545348104415114,-0.022110087262134044,7.976036071777344
9117696,3968.996836681996,0.11063420677286238,0.5525757074356079,,,,,,,,0.0035400390625,1.557642936706543,0.004288742568960058,-0.026855436000869072,9.864105224609375
9125888,3975.614623855996,0.12314132990508604,0.5653930902481079,,,,,,,,0.0037841796875,1.5298051834106445,0.0031029450561931293,-0.025955212076308888,9.851912498474121
9134080,3982.654427743997,0.13219335573984134,0.5753540396690369,,,,,,,,0.0040283203125,1.5853363275527954,0.003285401709873237,-0.020513093285230367,9.349913597106934
9142272,3989.278613025999,0.14787651285079126,0.5721802115440369,,,,,,,,0.0042724609375,1.5153826475143433,0.004480797413105808,-0.014839148090755518,10.364498138427734
9150464,3995.346712405997,0.1429659450784738,0.5772705078125,,,,,,,,0.00341796875,1.5405433177947998,0.003604032549127445,-0.020845340283572943,9.975096702575684
9158656,4001.776660192998,0.12938788005287322,0.5772949457168579,,,,,,,,0.00439453125,1.5344856977462769,0.0038139929714547938,-0.01865210870328012,9.296332359313965
9166848,4008.966714918999,0.11827428561111485,0.5486816763877869,,,,,,,,0.0042724609375,1.5037541389465332,0.003477718269704999,-0.01714460174165866,12.642578125
9175040,4015.4443866049987,0.13479081353124742,0.583813488483429,0.011038350535175767,0.011487125706316048,0.008278762901381853,333,511.8774449955238,37.35,35.25,0.0028076171875,1.5714751482009888,0.0036039551240500955,-0.020514232465395497,9.798415184020996
9183232,4023.9987599660017,0.14856301121567234,0.589648425579071,,,,,,,,0.004150390625,1.5416874885559082,0.004619297250527343,-0.02006782949207333,9.059659957885742
9191424,4030.263084542996,0.14057137334088088,0.568652331829071,,,,,,,,0.0035400390625,1.5221892595291138,0.0038585786313648507,-0.018052136546249854,10.057319641113281
9199616,4037.705114817996,0.14840611912447213,0.5948120355606079,,,,,,,,0.0035400390625,1.5624815225601196,0.003412460897874281,-0.021482274006762243,8.28434944152832
9207808,4044.1920657779992,0.11532703944366623,0.556994616985321,,,,,,,,0.00341796875,1.4529916048049927,0.0032998699914765783,-0.024897729540398327,8.26957893371582
9216000,4050.981803096998,0.1191333541913205,0.558056652545929,,,,,,,,0.00341796875,1.5300002098083496,0.0031591439090092877,-0.02547961223406824,9.103754997253418
9224192,4057.5722440280006,0.14196581331323183,0.590466320514679,,,,,,,,0.0032958984375,1.5558505058288574,0.002694119960106822,-0.020582851852668282,7.0500078201293945
9232384,4063.792873917999,0.12433423643402511,0.559399425983429,,,,,,,,0.0037841796875,1.5384422540664673,0.004193601500714683,-0.022732411092377582,8.158663749694824
9240576,4071.8590217149977,0.18247064156083173,0.569580078125,0.01076904287063185,0.04496297601878507,0.03432403205504331,85,56.874867114149986,11.700000000000001,nan,0.00390625,1.6074447631835938,0.0038161553214985933,-0.01765577145825529,10.037723541259766
9248768,4079.8283727419985,0.11992964198794132,0.551501452922821,,,,,,,,0.00341796875,1.5891711711883545,0.003384906383609998,-0.024016215531686758,9.924493789672852
9256960,4086.1500831449957,0.12371932475685213,0.561267077922821,,,,,,,,0.00390625,1.567007064819336,0.0025254277593523833,-0.028731474694004236,9.506680488586426
9265152,4092.841920560997,0.21237151284659303,0.595043957233429,,,,,,,,0.0037841796875,1.5843734741210938,0.0035746516449890464,-0.01413439827083021,8.304402351379395
9273344,4099.321089644,0.13223758627877463,0.570751965045929,,,,,,,,0.0040283203125,1.5469194650650024,0.004687166206116866,-0.01951146836248695,8.93095588684082
9281536,4104.878097380002,0.12012709914891165,0.557629406452179,,,,,,,,0.00341796875,1.5674033164978027,0.004198569645455619,-0.0270298519031574,10.662455558776855
9289728,4110.6707766949985,0.11727635699094399,0.553637683391571,,,,,,,,0.0042724609375,1.5578598976135254,0.003945308377344192,-0.024590962759832094,11.045851707458496
9297920,4117.205488293002,0.14319720282584436,0.5844970941543579,,,,,,,,0.0030517578125,1.5750157833099365,0.003533481202902089,-0.026611610043836654,9.445662498474121
9306112,4122.892369148001,0.11783631237799375,0.560070812702179,0.01567782974383658,0.03331780625709557,0.03331780625709557,85,57.434743963658875,12.75,nan,0.0045166015625,1.5890203714370728,0.003345848014605135,-0.024684372040141407,9.385467529296875
9314304,4130.576568807002,0.11937715289509117,0.5655517578125,,,,,,,,0.00341796875,1.5181995630264282,0.004574376627556775,-0.022357830480446445,8.596782684326172
9322496,4136.023373425996,0.13453574396505075,0.5783447623252869,,,,,,,,0.00341796875,1.6141575574874878,0.0032812225143222795,-0.01677049194100183,7.810559272766113
9330688,4141.640884611996,0.11062067169412973,0.550646960735321,,,,,,,,0.0037841796875,1.4830093383789062,0.003022685812449688,-0.026890271824724546,8.751566886901855
9338880,4147.441366861,0.11659702935628863,0.5578369498252869,,,,,,,,0.0028076171875,1.5853147506713867,0.003939070373677245,-0.030257104755081733,7.787303447723389
9347072,4152.709004653996,0.13103070464388128,0.578051745891571,,,,,,,,0.00390625,1.545519471168518,0.0037017700540116216,-0.019930173023342164,7.868635654449463
9355264,4158.388803916001,0.11110553110118931,0.548962414264679,,,,,,,,0.0040283203125,1.5507713556289673,0.00384759903039511,-0.01984571552593174,9.731236457824707
9363456,4164.196128978998,0.1099502722701669,0.5484375357627869,,,,,,,,0.0030517578125,1.558480143547058,0.003222582342516267,-0.026363238088639454,8.582625389099121
9371648,4169.973116285,0.1248868219995631,0.55853271484375,0.012055241457883392,0.010226613526250317,0.0090414310934126,333,533.4199635774094,44.85,27.0,0.004150390625,1.596953272819519,0.0022460160221700054,-0.021582833961775294,10.282393455505371
9379840,4177.558399027999,0.11618631526618067,0.5538330078125,,,,,,,,0.00341796875,1.533243179321289,0.001945167590227781,-0.026235854569017933,11.297927856445312
9388032,4183.1951296920015,0.12830999031380305,0.5757812857627869,,,,,,,,0.002685546875,1.5162811279296875,0.004308449994195995,-0.026866507772330645,7.692180156707764
9396224,4188.935112180996,0.14249845158258295,0.58050537109375,,,,,,,,0.0048828125,1.5988116264343262,0.004535399369582138,-0.016109226902289442,8.924209594726562
9404416,4194.651527388996,0.12799453680344428,0.55645751953125,,,,,,,,0.0035400390625,1.544760823249817,0.00383730537479654,-0.025941504461897504,11.116044998168945
9412608,4200.225889205998,0.14893621907820928,0.595690906047821,,,,,,,,0.0037841796875,1.6052982807159424,0.003019949849970338,-0.021955441871439774,9.081890106201172
9420800,4205.646941913001,0.12279088822435127,0.565869152545929,,,,,,,,0.003662109375,1.4999626874923706,0.0027045029972561085,-0.024838642573850808,9.105528831481934
9428992,4211.507156227999,0.12198133397389106,0.570019543170929,,,,,,,,0.0032958984375,1.6343414783477783,0.00273165021238031,-0.02881779582136812,9.281949996948242
9437184,4217.360525251002,0.12510014172961811,0.568835437297821,0.007491334660483462,0.007795967577444496,0.005753235282637048,333,546.3189365025758,42.300000000000004,nan,0.00439453125,1.5931928157806396,0.002898939794952815,-0.025073842272179,9.311701774597168
9445376,4224.512001707,0.15749317381438652,0.5750976800918579,,,,,,,,0.00439453125,1.590401291847229,0.0033149451714646894,-0.012457767383917531,11.852319717407227
9453568,4230.306554770003,0.1257824031932986,0.566943347454071,,,,,,,,0.002685546875,1.6084954738616943,0.00318839109269331,-0.0229599037594396,9.680986404418945
9461760,4235.749314636996,0.15058199964301772,0.5821533203125,,,,,,,,0.0048828125,1.6104259490966797,0.0026236032478667015,-0.016734840839208398,9.171427726745605
9469952,4241.766592225002,0.13340209639388598,0.57843017578125,,,,,,,,0.003662109375,1.5730738639831543,0.003263056269370068,-0.015791896990780558,9.003539085388184
9478144,4247.567687363,0.13024993783468783,0.5718750357627869,,,,,,,,0.0037841796875,1.665103554725647,0.0017165453622679516,-0.021716811144602565,8.708641052246094
9486336,4253.271649492002,0.15768673924601315,0.558728039264679,,,,,,,,0.004638671875,1.5737528800964355,0.0020427806073591848,-0.019608598553452178,10.035661697387695
9494528,4258.805604918998,0.12598685276864277,0.564343273639679,,,,,,,,0.0032958984375,1.5739011764526367,0.002013537156120848,-0.023545698870073375,9.987768173217773
9502720,4264.748904339998,0.14137670733660868,0.574658215045929,0.018277267493260863,0.015020689548468025,0.013707950619945675,333,482.8579285259573,46.35,35.4,0.00390625,1.6446316242218018,0.002649170127936862,-0.02351880357913527,9.385993957519531
9510912,4271.952069991996,0.1083721691456069,0.5343872308731079,,,,,,,,0.00390625,1.5625029802322388,0.003853100252586894,-0.02428545756291671,13.167973518371582
9519104,4276.692231027002,0.1290331501828986,0.5777344107627869,,,,,,,,0.00341796875,1.5438002347946167,0.003768579519842996,-0.026660918450506978,8.898085594177246
9527296,4282.664259935002,0.12189953610940055,0.56488037109375,,,,,,,,0.0040283203125,1.5901869535446167,0.003012488975394856,-0.027388662700676247,9.271246910095215
9535488,4289.145389434998,0.134724035274412,0.5707153677940369,,,,,,,,0.0040283203125,1.4618985652923584,0.0035063127922165815,-0.01963488893271883,9.622232437133789
9543680,4294.9993163109975,0.12668280759779488,0.574145495891571,,,,,,,,0.0028076171875,1.5673513412475586,0.0018510380039484797,-0.028593206226015022,8.771628379821777
9551872,4301.095455005001,0.13362305170692154,0.574999988079071,,,,,,,,0.0042724609375,1.5288046598434448,0.0019335939255769041,-0.021462217706727724,8.458870887756348
9560064,4307.063173584997,0.13951459446930703,0.567517101764679,,,,,,,,0.0035400390625,1.5706833600997925,0.0032446946459281367,-0.020563802577794582,11.290388107299805
9568256,4312.808819346996,0.17689310259562063,0.584948718547821,0.007029104136087927,0.009510350147144075,0.005322692181968458,333,553.171569736822,48.75,nan,0.0035400390625,1.5895203351974487,0.003572968267104737,-0.019608409800099272,9.297175407409668
9576448,4320.108584000998,0.13534494782448822,0.58184814453125,,,,,,,,0.004150390625,1.483452558517456,0.0027200620389581376,-0.01963347090622436,9.352078437805176
9584640,4325.615864801999,0.1053056767667773,0.531176745891571,,,,,,,,0.004150390625,1.629624843597412,0.0039394308595877,-0.029777888175816704,10.61545467376709
9592832,4331.020216500998,0.1252091232302194,0.5688843131065369,,,,,,,,0.00439453125,1.5674386024475098,0.0034139009573532775,-0.023276685474199678,9.421324729919434
9601024,4337.121243779999,0.13485673961610797,0.5794922113418579,,,,,,,,0.0035400390625,1.5724222660064697,0.0027878795273037493,-0.010544611484924079,11.510986328125
9609216,4343.259145265998,0.1226339293474704,0.561767578125,,,,,,,,0.003662109375,1.6120762825012207,0.002958324173859772,-0.023340353038958216,8.952783584594727
9617408,4348.688333175,0.1380779256099036,0.5729736685752869,,,,,,,,0.004638671875,1.561524510383606,0.0036527315016987583,-0.018199418004112372,9.243243217468262
9625600,4354.596142866998,0.10124713236953929,0.536730945110321,,,,,,,,0.00341796875,1.5527642965316772,0.003652536355731373,-0.023862045965467274,11.330804824829102
9633792,4359.948734129997,0.1272704901320881,0.5700927972793579,0.011130341540874888,0.011888880189989237,0.008487062586602034,333,516.8563210832249,47.7,nan,0.00341796875,1.535604476928711,0.002893995948565875,-0.023542339913756264,8.735452651977539
9641984,4367.318993071996,0.12656708963902888,0.56939697265625,,,,,,,,0.0037841796875,1.5758057832717896,0.004301814697063033,-0.019400394718209688,9.438621520996094
9650176,4373.075024698002,0.12741203161681067,0.56805419921875,,,,,,,,0.00341796875,1.5652086734771729,0.004477416869120399,-0.01790059023716129,9.964694023132324
9658368,4379.181880983997,0.11941736214282948,0.5620361566543579,,,,,,,,0.004150390625,1.5843265056610107,0.0031986434651612994,-0.023059422941485646,10.153094291687012
9666560,4385.070945482003,0.1373388719059447,0.574169933795929,,,,,,,,0.0042724609375,1.5185662508010864,0.003867465430125616,-0.022674134109786193,10.08470344543457
9674752,4390.760062724999,0.11163437024748082,0.552685558795929,,,,,,,,0.0025634765625,1.5435714721679688,0.0035475077080333595,-0.02673874303403613,8.722250938415527
9682944,4396.397506128,0.13123085420017203,0.557666003704071,,,,,,,,0.005126953125,1.607894778251648,0.0026908782076091597,-0.01986326615461372,10.353793144226074
9691136,4401.610846238,0.1580893861519113,0.58599853515625,,,,,,,,0.004150390625,1.5236127376556396,0.002486718406526034,-0.014437863604460541,10.462799072265625
9699328,4407.019064469998,0.11863451626521722,0.564990222454071,0.01014971402512077,0.00912665861582973,0.0076122855188405225,333,548.5397923326393,48.45,31.650000000000002,0.0029296875,1.5557291507720947,0.004196419245917071,-0.02802198369157921,8.885470390319824
9707520,4413.913638831,0.14521311143551438,0.59063720703125,,,,,,,,0.0042724609375,1.5206971168518066,0.003230202080761746,-0.017089646624403945,9.350969314575195
9715712,4419.710226862997,0.10906843827577087,0.543530285358429,,,,,,,,0.0029296875,1.4689712524414062,0.004353360586394461,-0.028623054023921863,10.460992813110352
9723904,4425.48908621,0.239295306488136,0.57464599609375,,,,,,,,0.0045166015625,1.6879032850265503,0.0034675760932919575,-0.016230893338547697,9.845046043395996
9732096,4430.947864506998,0.1748580978451555,0.523681640625,,,,,,,,0.0096435546875,1.8808882236480713,0.00348189765297946,-0.0069716397991167025,17.315778732299805
9740288,4436.4777726050015,0.12179181270829638,0.566235363483429,,,,,,,,0.00341796875,1.6095563173294067,0.003693912122234577,-0.023077176079561112,12.014810562133789
9748480,4441.628304992999,0.14962364318689245,0.5913452506065369,,,,,,,,0.0037841796875,1.5912507772445679,0.003549371376728949,-0.01793543567599953,8.80323314666748
9756672,4446.722954525001,0.11293116163874928,0.538623034954071,,,,,,,,0.005126953125,1.5175471305847168,0.0035385700827986755,-0.022475750817053813,11.83251667022705
9764864,4452.652928434996,0.11749806954593306,0.552929699420929,0.0042582767719512304,0.004773543321674678,0.003365472447350748,333,563.2079490236295,49.650000000000006,nan,0.0030517578125,1.597547173500061,0.003159125050325562,-0.02321859063974703,11.123905181884766
9773056,4459.938461851001,0.137370122485365,0.577258288860321,,,,,,,,0.0042724609375,1.5820770263671875,0.0015709080330246206,-0.020997555897477923,10.744796752929688
9781248,4465.595001314003,0.10734455430041226,0.54168701171875,,,,,,,,0.0045166015625,1.5397645235061646,0.003304907484038333,-0.023723073943266983,13.8824462890625
9789440,4471.651322731996,0.1437200831528335,0.5876098871231079,,,,,,,,0.0030517578125,1.5550733804702759,0.004718024235544016,-0.028556429155481212,8.768332481384277
9797632,4477.454582874001,0.12796439172903948,0.552563488483429,,,,,,,,0.00537109375,1.6046010255813599,0.004345924707356841,-0.020950013803519567,12.434393882751465
9805824,4482.859157061001,0.1604397276836148,0.5836426019668579,,,,,,,,0.003662109375,1.5973527431488037,0.0024982435793592384,-0.0133440166378795,11.22238540649414
9814016,4488.233875988997,0.13146703818619465,0.57073974609375,,,,,,,,0.00439453125,1.621675968170166,0.001524780953057192,-0.027439746061559963,9.889164924621582
9822208,4493.830098671999,0.1413520491017369,0.58856201171875,,,,,,,,0.00390625,1.4711480140686035,0.0028414570949762963,-0.02097482983239846,9.240598678588867
9830400,4499.939110911,0.13898172916678594,0.5755981802940369,0.007297963426706855,0.008493290033177336,0.005473472570030169,333,564.2582412611121,49.050000000000004,35.4,0.002685546875,1.5766139030456543,0.0047926598098329,-0.026307859434482675,8.658148765563965
9838592,4507.492503715999,0.14133053691285155,0.5741333365440369,,,,,,,,0.0042724609375,1.5444273948669434,0.004245796816753966,-0.022100558718748237,8.475573539733887
9846784,4513.422639971999,0.1152840615324394,0.55029296875,,,,,,,,0.0042724609375,1.5957993268966675,0.0036616616837904514,-0.024037075667236313,9.849137306213379
9854976,4519.128179066,0.11983516020771022,0.564770519733429,,,,,,,,0.0032958984375,1.5621172189712524,0.002565845782232068,-0.02843069612050621,8.187858581542969
9863168,4525.133443874001,0.12366648656841928,0.5729614496231079,,,,,,,,0.003662109375,1.5276694297790527,0.0021879725948494855,-0.025657234414892663,6.593467712402344
9871360,4530.738660729003,0.14594800250542597,0.580334484577179,,,,,,,,0.0029296875,1.5521399974822998,0.0023764119470078837,-0.025077268655149965,7.349922180175781
9879552,4536.545077388997,0.1560554802255001,0.5924072265625,,,,,,,,0.0032958984375,1.556655764579773,0.0038216941700348617,-0.017296445369391417,6.653123378753662
9887744,4543.719406345997,0.10699534727543117,0.5383667349815369,,,,,,,,0.004150390625,1.5590553283691406,0.0032611852649260253,-0.02773895644296693,10.288416862487793
9895936,4549.789890932996,0.1516451849263512,0.59161376953125,0.005923805517923153,0.008762007869322908,0.004442854138442365,333,568.2011010569595,48.150000000000006,37.800000000000004,0.00341796875,1.5999330282211304,0.002597284628207186,-0.022329797773203264,7.629980564117432
9904128,4557.680811997001,0.1251367651075071,0.553417980670929,,,,,,,,0.0035400390625,1.6377307176589966,0.0019882576202953084,-0.022496867786858717,7.832901954650879
9912320,4563.711025488999,0.13189989277953207,0.5740112662315369,,,,,,,,0.0032958984375,1.5763494968414307,0.002964844676154099,-0.020921082492337477,7.686546325683594
9920512,4570.001611227002,0.10900459614654374,0.54815673828125,,,,,,,,0.0032958984375,1.5406262874603271,0.00323435583274867,-0.029094430585640253,7.290000915527344
9928704,4575.906051899998,0.12172657256675289,0.5686401724815369,,,,,,,,0.0030517578125,1.54934561252594,0.003856918958241806,-0.03277139454259379,6.67921781539917
9936896,4581.455942419001,0.09010764276385777,0.49921876192092896,,,,,,,,0.0048828125,1.656299114227295,0.005109122183127202,-0.0354250328930005,11.558951377868652
9945088,4587.224387096998,0.12755685073351883,0.55804443359375,,,,,,,,0.0035400390625,1.5560988187789917,0.004187266768084008,-0.023829129833463095,9.614665031433105
9953280,4593.641506146996,0.16185482300283466,0.5893799066543579,,,,,,,,0.004150390625,1.5767090320587158,0.0031743287038183965,-0.01844933548493496,8.681306838989258
9961472,4599.820297214996,0.11267972465803407,0.5484375357627869,0.004748626201685036,0.006344737033728398,0.0035614696512638044,333,578.1821925651234,44.85,35.4,0.00341796875,1.550541639328003,0.002973650674822803,-0.02473355391355124,8.951703071594238
9969664,4607.332434062999,0.11050388457500902,0.539416491985321,,,,,,,,0.0042724609375,1.5959491729736328,0.0037589036870868675,-0.027711530747698988,11.280348777770996
9977856,4612.963209082001,0.14602330708750721,0.562243640422821,,,,,,,,0.0045166015625,1.5764484405517578,0.004731100312871828,-0.01955093130091607,10.480278015136719
9986048,4617.933720084002,0.13266520839038173,0.5739380121231079,,,,,,,,0.0032958984375,1.4807250499725342,0.005060699579445993,-0.024867595450331834,8.140334129333496
9994240,4623.831657868999,0.12652895178307944,0.571093738079071,,,,,,,,0.004150390625,1.5876436233520508,0.00489857584681741,-0.025482521838704742,9.582427024841309
10002432,4629.459552722998,0.13659495954749531,0.5705810785293579,,,,,,,,0.003173828125,1.513175368309021,0.0045389160245444815,-0.022925538001576998,9.728128433227539
10010624,4635.400713385003,0.1452686839203711,0.573229968547821,,,,,,,,0.0030517578125,1.5696663856506348,0.002966963088230967,-0.02305791666112272,9.105586051940918
10018816,4641.528000496997,0.10759457488916682,0.5361328125,,,,,,,,0.0048828125,1.570184350013733,0.0026340440821208677,-0.01942839212181917,12.937655448913574
10027008,4647.559185927996,0.14247094219671452,0.581982433795929,0.0144557547134877,0.014334602171909294,0.011459958330759301,268,385.10014323320075,40.050000000000004,nan,0.0028076171875,1.486552119255066,0.0042743778223532924,-0.02554483390809701,8.771880149841309
10035200,4655.732471834999,0.12286795470312845,0.55377197265625,,,,,,,,0.00439453125,1.5660345554351807,0.005185998857068164,-0.022758895387668995,9.213643074035645
10043392,4661.6098145020005,0.1429538181250631,0.590380847454071,,,,,,,,0.0035400390625,1.506627082824707,0.005160867932675006,-0.02250028984842698,9.26129150390625
10051584,4667.532640491998,0.13753668459602886,0.58135986328125,,,,,,,,0.0032958984375,1.581650972366333,0.003470988902754324,-0.022565346288187738,8.79120922088623
10059776,4673.0007761519955,0.1382554398591352,0.5854858756065369,,,,,,,,0.003662109375,1.5094393491744995,0.002769114471125156,-0.0217552024914979,7.5093841552734375
10067968,4678.422235869002,0.11992697871805019,0.55731201171875,,,,,,,,0.0030517578125,1.5821822881698608,0.0046724753621875115,-0.029969296426519416,9.704228401184082
10076160,4684.187522057997,0.12441169155224233,0.566479504108429,,,,,,,,0.0045166015625,1.607016921043396,0.002618019832152707,-0.022145286281176423,9.76042652130127
10084352,4690.070422040997,0.14959381087179963,0.59393310546875,,,,,,,,0.0030517578125,1.4993289709091187,0.0031255392420768136,-0.019122798091969026,7.228660583496094
10092544,4695.986319570999,0.1140318387139919,0.535412609577179,0.005797001222231368,0.0063948212504771895,0.004577549542168491,333,564.2125303633554,49.650000000000006,nan,0.0037841796875,1.6566214561462402,0.004390762007199345,-0.027051620182547278,10.715028762817383
10100736,4703.902529863,0.11176935566482349,0.5494384765625,,,,,,,,0.004638671875,1.5177993774414062,0.005469775526561249,-0.0257825770198731,8.74216079711914
10108928,4709.974579552996,0.1485998303414546,0.5998901724815369,,,,,,,,0.0028076171875,1.5699071884155273,0.004651490371515021,-0.02301892166675098,6.227054119110107
10117120,4715.774752714999,0.14631744139914077,0.584228515625,,,,,,,,0.003173828125,1.5549379587173462,0.0028978422328254094,-0.027593758853720764,6.419796943664551
10125312,4721.504325791,0.12648547229000226,0.567675769329071,,,,,,,,0.004150390625,1.577933430671692,0.0023817342138090503,-0.025376881528917206,7.629958629608154
10133504,4727.030957242998,0.13256155452882318,0.5796265006065369,,,,,,,,0.003173828125,1.5937148332595825,0.0034556111009310664,-0.024372339201682743,6.525880336761475
10141696,4732.848260926003,0.1469148614931497,0.58404541015625,,,,,,,,0.003173828125,1.5333806276321411,0.003262924702643444,-0.02305186798937983,6.316436767578125
10149888,4738.754633830002,0.1271044836984688,0.5581421256065369,,,,,,,,0.004150390625,1.5604146718978882,0.0031004055266492525,-0.0242428183573519,9.6240234375
10158080,4744.983384801999,0.1249374373697429,0.5676025748252869,0.012142569383187918,0.017134622153720858,0.009364243817051143,333,508.9243249546764,37.2,48.150000000000006,0.003662109375,1.5612398386001587,0.003151067473618374,-0.026237251226244984,8.503913879394531
10166272,4752.215705574003,0.12728173778025922,0.5735107660293579,,,,,,,,0.002685546875,1.523999571800232,0.0021510482614393034,-0.030328922821860834,7.033888339996338
10174464,4758.019281702,0.14145033959251493,0.5718017816543579,,,,,,,,0.003662109375,1.526538610458374,0.003309219604970437,-0.02264206292459995,8.385979652404785
10182656,4763.755876643001,0.1330573152923524,0.5695434808731079,,,,,,,,0.0040283203125,1.5013922452926636,0.004615626357586722,-0.015903389147189827,9.511323928833008
10190848,4769.189320503996,0.12746751239694248,0.5654541254043579,,,,,,,,0.00390625,1.64726722240448,0.003498092322443358,-0.022353299858099845,8.064021110534668
10199040,4775.13690623,0.14630557774886463,0.593066394329071,,,,,,,,0.003662109375,1.517829179763794,0.002549785749050182,-0.020301835679753952,5.791287422180176
10207232,4780.931957355999,0.11891076690702654,0.555529773235321,,,,,,,,0.00341796875,1.6132960319519043,0.004458648629919404,-0.0275891607939673,7.359550476074219
10215424,4786.559507257996,0.11014002304322063,0.521411120891571,,,,,,,,0.004638671875,1.6649724245071411,0.002603032085711554,-0.02733039527716526,10.39936351776123
10223616,4791.501740476997,0.12461468161024808,0.550183117389679,0.007432246840947121,0.0068505520198933745,0.005574185130710285,333,546.7046483903102,40.35,39.900000000000006,0.004150390625,1.5240482091903687,0.002190185914314635,-0.022177594706970002,10.276766777038574
10231808,4798.922389892003,0.129484937305701,0.574755847454071,,,,,,,,0.003173828125,1.5837218761444092,0.003455352643133569,-0.027753753683142847,8.392740249633789
10240000,4805.114116889999,0.13502977518557563,0.5800415277481079,,,,,,,,0.0047607421875,1.5818616151809692,0.0032264775522132805,-0.021102819834036654,7.623569011688232
10248192,4810.435926974002,0.12906036816753508,0.5601806640625,,,,,,,,0.00341796875,1.5799837112426758,0.0028139778820617245,-0.025506221569520506,9.222552299499512
10256384,4815.875887312999,0.137475153698822,0.5818237662315369,,,,,,,,0.003173828125,1.6285802125930786,0.002774449135142465,-0.022058425187250277,7.344419002532959
10264576,4821.682621503001,0.1478566038781338,0.5764526724815369,,,,,,,,0.004150390625,1.5704697370529175,0.002418544629860242,-0.02156629381990184,7.511987209320068
10272768,4827.506178641997,0.11359778399342293,0.554028332233429,,,,,,,,0.00390625,1.599666714668274,0.0019863989899415735,-0.028749132425276155,8.69050121307373
10280960,4833.475391483,0.1614384044177705,0.585803210735321,,,,,,,,0.003173828125,1.630455732345581,0.0032688249477937914,-0.017682981015292747,8.00981330871582
10289152,4839.413426391999,0.1376835841714383,0.566113293170929,0.004359607333988547,0.005253012308932936,0.0033696565664856903,333,571.9030484548199,49.800000000000004,nan,0.0047607421875,1.588684320449829,0.002982806328508225,-0.01906842803451635,9.126787185668945
10297344,4846.885979250001,0.13326071979459372,0.56939697265625,,,,,,,,0.0037841796875,1.6124346256256104,0.0029654945548833744,-0.0195121317915006,9.89056396484375
10305536,4852.067028266996,0.12437107946787936,0.57403564453125,,,,,,,,0.002685546875,1.5749328136444092,0.003032673994079582,-0.027536690396679966,6.506637096405029
10313728,4856.974229018997,0.15060888645142445,0.5771484375,,,,,,,,0.005126953125,1.5857867002487183,0.001760539021754659,-0.015742232125619426,9.225502014160156
10321920,4861.694898754999,0.11052405712271128,0.556640625,,,,,,,,0.0032958984375,1.5583751201629639,0.001518417765336011,-0.02690325394571165,7.750893592834473
10330112,4866.572098119999,0.11313683731898466,0.550830066204071,,,,,,,,0.0040283203125,1.6772395372390747,0.002975508001559324,-0.026894240677375433,8.666742324829102
10338304,4871.252250885002,0.15044810923058477,0.5628296136856079,,,,,,,,0.0047607421875,1.5627517700195312,0.0025279090970545814,-0.018844451827604778,9.035045623779297
10346496,4876.035478924998,0.12707176876712753,0.549243152141571,,,,,,,,0.0029296875,1.5596922636032104,0.003282009835528843,-0.027192316778309297,9.108311653137207
10354688,4880.880839247999,0.13349458463586372,0.58331298828125,0.015719003857743385,0.03275403429736723,0.03239893992503029,86,59.81985853375538,12.450000000000001,nan,0.00341796875,1.6185649633407593,0.004205656774579292,-0.02533266635311724,7.236657619476318
10362880,4887.438929420998,0.14074483367792043,0.5842041373252869,,,,,,,,0.0037841796875,1.5169181823730469,0.003926872599870013,-0.017963820891763807,7.938415050506592
10371072,4892.355447531001,0.12470856435026825,0.572399914264679,,,,,,,,0.00341796875,1.5919809341430664,0.002952229308883836,-0.02785193629830667,6.489932537078857
10379264,4897.134285357999,0.12710155258403774,0.5602051019668579,,,,,,,,0.0047607421875,1.6343036890029907,0.0036179290476050507,-0.017073875076612826,8.081759452819824
10387456,4902.087320034996,0.11218956767396644,0.552441418170929,,,,,,,,0.0029296875,1.4989674091339111,0.0037257902169887114,-0.030803412251112872,8.166391372680664
10395648,4906.834678476,0.1284678765930406,0.566638171672821,,,,,,,,0.002685546875,1.6171607971191406,0.003737073492833143,-0.025874234555924826,6.810471534729004
10403840,4911.8152200179975,0.09228213520117912,0.506945788860321,,,,,,,,0.0052490234375,1.5544308423995972,0.0033556781857608797,-0.027576198393364722,10.446619033813477
10412032,4916.395616461996,0.13830424235262948,0.583972156047821,,,,,,,,0.00341796875,1.6155450344085693,0.0028403158093881498,-0.02321437271247399,8.618793487548828
10420224,4921.549059630001,0.1130764045524406,0.546521008014679,0.01562680787226689,0.015723232624256123,0.01172010590420014,333,494.3345460311512,48.6,44.7,0.004150390625,1.5963332653045654,0.0026941311713273297,-0.027133415871296175,9.66611385345459
10428416,4928.199331837997,0.16137270194234232,0.6008667349815369,,,,,,,,0.0029296875,1.5789690017700195,0.002693576307137291,-0.019760733839499015,7.242127895355225
10436608,4933.173577048001,0.136581812153151,0.5744873285293579,,,,,,,,0.004150390625,1.6470725536346436,0.003266584027115327,-0.02318368100274286,6.909388065338135
10444800,4937.993123439999,0.14157792078499823,0.5719848871231079,,,,,,,,0.0042724609375,1.5869160890579224,0.004180739121974253,-0.015138461372779044,6.884644985198975
10452992,4943.080386586997,0.12403227019831037,0.549206554889679,,,,,,,,0.0029296875,1.6179646253585815,0.0038673411377776468,-0.023166336927711056,8.145848274230957
10461184,4949.044015731,0.12429622373791722,0.5666137933731079,,,,,,,,0.00390625,1.6210472583770752,0.0035652109208369476,-0.020898955568634248,7.810550212860107
10469376,4954.275759529999,0.12346187891585247,0.5472412109375,,,,,,,,0.0047607421875,1.6468544006347656,0.0037785629996500703,-0.020855809002293335,9.624160766601562
10477568,4960.209848425002,0.14022923495836695,0.5788818597793579,,,,,,,,0.0037841796875,1.6311880350112915,0.0027739783208856617,-0.017891726745962344,7.7308783531188965
10485760,4966.394084480002,0.11358732350860512,0.5514892935752869,0.01075513996025923,0.008221814192108212,0.00808103758529688,333,530.2629252194113,47.25,nan,0.003173828125,1.5898631811141968,0.0030664407258397253,-0.025698129296064444,8.07608699798584
10493952,4973.971944386001,0.14267808239112081,0.58154296875,,,,,,,,0.004150390625,1.5889896154403687,0.003905081960312029,-0.015028564927167955,7.893975257873535
10502144,4980.045036506999,0.11951322891845367,0.5585083365440369,,,,,,,,0.0035400390625,1.5442330837249756,0.0038500257368930813,-0.01945786551122233,6.608872413635254
10510336,4985.9784675690025,0.11895030676343286,0.556567370891571,,,,,,,,0.003173828125,1.57729172706604,0.004357949425196628,-0.02283899808080458,7.372851848602295
10518528,4992.020974822,0.1356044737349563,0.578320324420929,,,,,,,,0.0035400390625,1.561437964439392,0.004856752566380185,-0.018500899671288453,7.440229892730713
10526720,4997.884048314001,0.13046307549809288,0.575244128704071,,,,,,,,0.0037841796875,1.5687377452850342,0.0036791708291376013,-0.023192294914967562,7.897614479064941
10534912,5003.453895826999,0.13526193268175077,0.5618042349815369,,,,,,,,0.004150390625,1.6853508949279785,0.0033269970915954516,-0.01969345747003107,7.737312316894531
10543104,5008.846988076999,0.12222569248505213,0.5490478873252869,,,,,,,,0.0040283203125,1.5391132831573486,0.0032670565081436287,-0.023616331424474862,9.476572036743164
10551296,5014.769961708997,0.15156959677324258,0.5904175043106079,0.011550222774578511,0.013476782343355476,0.009569257577477841,333,523.1946913027432,36.75,nan,0.0030517578125,1.624650239944458,0.0039860601118909544,-0.022876421688734667,6.258494853973389
10559488,5022.287251009999,0.11032847454670996,0.5479736328125,,,,,,,,0.004150390625,1.5427229404449463,0.003794045479317276,-0.024297225808421596,8.954569816589355
10567680,5028.4909412869965,0.10469807858765497,0.54425048828125,,,,,,,,0.0030517578125,1.5790859460830688,0.004315704149500221,-0.02985169490848609,8.495494842529297
10575872,5033.942188214001,0.14241021232582313,0.570910632610321,,,,,,,,0.004150390625,1.5878300666809082,0.003247175192124807,-0.01972148307582224,8.122391700744629
10584064,5039.498547008996,0.13278062308334598,0.5699096918106079,,,,,,,,0.0035400390625,1.5056456327438354,0.004011134967529806,-0.02493816948946137,8.890251159667969
10592256,5045.6700587270025,0.14137101150823778,0.591625988483429,,,,,,,,0.0030517578125,1.5608494281768799,0.0038115674270515765,-0.02967775155513543,6.346709728240967
10600448,5051.5156274559995,0.12369475313085508,0.55682373046875,,,,,,,,0.0037841796875,1.592901349067688,0.002465455995527055,-0.028399528900223587,8.368870735168457
10608640,5056.326275073996,0.15204058596132197,0.5841431021690369,,,,,,,,0.0037841796875,1.5826667547225952,0.0019897105906523382,-0.014357904086290035,7.747684001922607
10616832,5061.80371244,0.11486685620990161,0.5533203482627869,0.0054516649330333955,0.005508045201366052,0.005378489362671046,333,544.3419957432973,46.2,nan,0.0048828125,1.6589655876159668,0.004304201390151197,-0.023331960599307863,8.35053825378418
10625024,5069.870595526998,0.1564232188538981,0.579479992389679,,,,,,,,0.0032958984375,1.5797792673110962,0.0031792499880852754,-0.021801338111860843,7.776817321777344
10633216,5075.522852003996,0.13795875581107028,0.5791015625,,,,,,,,0.00341796875,1.60698664188385,0.002103283453972704,-0.023869350751980812,6.742655277252197
10641408,5081.0647423659975,0.13197321961880717,0.580456554889679,,,,,,,,0.0042724609375,1.5369635820388794,0.004370021435848859,-0.024767942043552885,6.438972473144531
10649600,5086.962658935998,0.12332081260435875,0.5699829459190369,,,,,,,,0.0025634765625,1.5564600229263306,0.0021487293830537713,-0.027976133327027378,5.737178325653076
10657792,5092.784832516001,0.11351313800163228,0.5425171256065369,,,,,,,,0.00390625,1.5623232126235962,0.002187239226123072,-0.026564999067512397,6.643861293792725
10665984,5098.976884866999,0.12486667949736363,0.561047375202179,,,,,,,,0.00341796875,1.514589548110962,0.0039091291511470505,-0.021980503728056978,7.231072902679443
10674176,5104.1899893610025,0.1210930137666738,0.5589966177940369,,,,,,,,0.00341796875,1.5831336975097656,0.005302534947704385,-0.029539583022655715,7.235907077789307
10682368,5110.268985709998,0.1039229802001658,0.533740222454071,0.006944286076922879,0.009945349773442191,0.006790114080574505,268,398.4032738484333,38.7,nan,0.003662109375,1.5378646850585938,0.004402759377921894,-0.032897741356728405,7.884188175201416
10690560,5117.58200432,0.12190197017375022,0.56158447265625,,,,,,,,0.0035400390625,1.5663363933563232,0.0034590331360542237,-0.03087985537967275,7.6839189529418945
10698752,5123.398808514001,0.12260497943044274,0.559985339641571,,,,,,,,0.0032958984375,1.4913320541381836,0.0021112047047775473,-0.023341322394059383,8.495504379272461
10706944,5129.203142812999,0.15310461026733604,0.582873523235321,,,,,,,,0.0040283203125,1.5345107316970825,0.0020385415247481387,-0.02026836042371816,6.54229736328125
10715136,5134.916107792997,0.12335703122135631,0.5478149652481079,,,,,,,,0.0042724609375,1.5677587985992432,0.0039010588992507422,-0.018109983936369537,9.966423988342285
10723328,5140.226149763999,0.11217399349370046,0.5360962152481079,,,,,,,,0.0030517578125,1.574354648590088,0.0038176191187964115,-0.022480045782742247,9.736403465270996
10731520,5145.935172195997,0.1193592280917335,0.5632690787315369,,,,,,,,0.0040283203125,1.536680817604065,0.0025577677554454725,-0.023104371577346523,7.561254978179932
10739712,5151.785954024002,0.13142181154050178,0.5697388052940369,,,,,,,,0.0030517578125,1.5486587285995483,0.0025019161876354,-0.018121030707679835,7.902014255523682
10747904,5157.838360907997,0.1279361648942924,0.5707641839981079,0.006990276921376326,0.011585541312063574,0.006195601514728533,333,534.6196140892358,46.35,nan,0.0037841796875,1.6293275356292725,0.00371191752025668,-0.022305433057638924,7.1127610206604
10756096,5165.4715130620025,0.16293309010423998,0.6021362543106079,,,,,,,,0.0040283203125,1.4934561252593994,0.0045094077165313,-0.013620941750386355,7.466909885406494
10764288,5171.741084465,0.11444850281684,0.5469726920127869,,,,,,,,0.00341796875,1.5926159620285034,0.0037195794310517227,-0.021496818041237493,8.554405212402344
10772480,5177.625886344002,0.13480498895769288,0.5704590082168579,,,,,,,,0.00341796875,1.5172607898712158,0.0035672136157101075,-0.022813382634962322,7.702423095703125
10780672,5183.338207048,0.128676896109053,0.574816882610321,,,,,,,,0.00341796875,1.4939607381820679,0.002008346914020187,-0.02225158103025275,6.356557846069336
10788864,5188.926937177996,0.12620874523672518,0.5673828125,,,,,,,,0.00390625,1.6209204196929932,0.001914024825179217,-0.026107758286341255,7.637927532196045
10797056,5194.914271520996,0.11868628368927508,0.562365710735321,,,,,,,,0.0032958984375,1.4967225790023804,0.0037843175881877578,-0.025722397474678395,6.219661712646484
10805248,5200.4872356589985,0.12820936733897295,0.572802722454071,,,,,,,,0.003173828125,1.572830319404602,0.003361453266881087,-0.03086402981353071,6.22127628326416
10813440,5206.490131872997,0.11946875224303999,0.5515991449356079,0.005269551007164974,0.005441114012577408,0.004235720421735478,333,571.3629798093,49.800000000000004,nan,0.00390625,1.5337039232254028,0.0028938519867460766,-0.02508598492614438,7.381756782531738
10821632,5214.527028944998,0.13510255467180185,0.5817016959190369,,,,,,,,0.002685546875,1.4682445526123047,0.0035068625092458117,-0.021234915472018508,6.243205547332764
10829824,5220.129192699998,0.15950385478919749,0.604248046875,,,,,,,,0.0035400390625,1.623289942741394,0.0026720159903623752,-0.01859511181308407,5.575187683105469
10838016,5225.04676089,0.123258601392563,0.55670166015625,,,,,,,,0.00439453125,1.4899587631225586,0.004013377647129834,-0.023884438175792527,6.3751444816589355
10846208,5230.251975330997,0.12484996301034544,0.573620617389679,,,,,,,,0.002197265625,1.6236509084701538,0.0037696915684213295,-0.03308680449439019,5.959665775299072
10854400,5235.464696916002,0.12322617511664916,0.5541015863418579,,,,,,,,0.004150390625,1.5643038749694824,0.004895471047720257,-0.021200909394928472,6.063401699066162
10862592,5240.969183891997,0.11006777149291068,0.547192394733429,,,,,,,,0.003173828125,1.4953042268753052,0.0048867036793304175,-0.02376011322171071,6.67318058013916
10870784,5246.262942333997,0.13455174898908157,0.5777832269668579,,,,,,,,0.0030517578125,1.6363670825958252,0.005375722823861118,-0.024921487774528666,5.387545108795166
10878976,5251.462755793997,0.12459128156782434,0.562731921672821,0.009341022641547903,0.011185412016696206,0.007005766981160955,333,540.118366490657,46.95,39.900000000000006,0.0045166015625,1.5022563934326172,0.004461825711831069,-0.02250977271903796,5.323975086212158
10887168,5258.339704197999,0.1341603135158252,0.554003894329071,,,,,,,,0.0023193359375,1.6046748161315918,0.004243337384312484,-0.02287093375685445,7.429093360900879
10895360,5263.622353744999,0.12707163136568564,0.5618530511856079,,,,,,,,0.0042724609375,1.5662727355957031,0.005137949502135752,-0.028102472131129264,6.649832248687744
10903552,5269.1198630610015,0.133658844738643,0.5796265006065369,,,,,,,,0.0032958984375,1.4982366561889648,0.00448220598878879,-0.025680405457046092,6.477488994598389
10911744,5274.561988895999,0.12970099048898903,0.5636841058731079,,,,,,,,0.0028076171875,1.589479923248291,0.0025566010224687963,-0.02323865785107926,6.095691204071045
10919936,5280.116927716001,0.1481477713238868,0.5770508050918579,,,,,,,,0.00537109375,1.5834120512008667,0.004655162255577494,-0.009646621523031286,8.902743339538574
10928128,5285.476581422998,0.11520675781028494,0.555615246295929,,,,,,,,0.0032958984375,1.580517292022705,0.003843779270775838,-0.03017516516654103,8.36500358581543
10936320,5290.628116827,0.15866348455942617,0.590893566608429,,,,,,,,0.0037841796875,1.5860556364059448,0.00391801307328099,-0.013466342314463309,6.486657619476318
10944512,5296.077909412001,0.1608522466470541,0.5782715082168579,0.007330831568891472,0.010118222153199574,0.005498123676668576,333,545.1868145345386,38.7,37.65,0.00341796875,1.4410597085952759,0.004353051951873965,-0.01055926092723255,8.473091125488281
10952704,5303.094879924996,0.14519175050708283,0.585070788860321,,,,,,,,0.0035400390625,1.6062121391296387,0.005907455896369873,-0.013332712742431408,7.147149562835693
10960896,5308.492566668996,0.13355852129602985,0.5772461295127869,,,,,,,,0.00341796875,1.463853359222412,0.0044901121559940416,-0.025396999470534615,6.49794340133667
10969088,5313.719444625996,0.1276290421603405,0.57421875,,,,,,,,0.0035400390625,1.5651694536209106,0.003740116601481547,-0.023373630575247037,8.256514549255371
10977280,5318.726853032997,0.17199128804939676,0.603747546672821,,,,,,,,0.00341796875,1.5350922346115112,0.00395642140896213,-0.012810116879889652,5.897429943084717
10985472,5324.4228554759975,0.1295158665632851,0.57708740234375,,,,,,,,0.00341796875,1.4735631942749023,0.003988524242952596,-0.025103031384606025,6.698520183563232
10993664,5329.118835847999,0.1296082888360432,0.568798840045929,,,,,,,,0.0030517578125,1.5735372304916382,0.0033414547854303533,-0.02052818584970528,6.224929332733154
11001856,5334.794849967999,0.11186015585579422,0.5542358756065369,,,,,,,,0.0037841796875,1.5350903272628784,0.004054746444275281,-0.02692454982727187,7.053334712982178
11010048,5340.429340511,0.12562342717557293,0.5732421875,0.012515501324135259,0.012085364466711601,0.009398331254635184,333,535.6554992510913,37.2,35.550000000000004,0.0030517578125,1.535949468612671,0.004648254192604506,-0.028478854236737672,5.566720962524414
11018240,5347.421303231997,0.12444760780231004,0.5544189810752869,,,,,,,,0.0037841796875,1.5711668729782104,0.005381130716292537,-0.02850537238411869,7.380912780761719
11026432,5352.369249871001,0.1188553728324979,0.548571765422821,,,,,,,,0.0045166015625,1.5272700786590576,0.005789414654252645,-0.023662269994267838,9.429290771484375
11034624,5357.664576381001,0.1217214142886972,0.563769519329071,,,,,,,,0.0030517578125,1.601078987121582,0.005741920625612851,-0.023387507363475266,8.322672843933105
11042816,5363.073661249997,0.13691990483957375,0.5752930045127869,,,,,,,,0.0042724609375,1.5963284969329834,0.0044674607235853925,-0.022728855269480985,7.510962009429932
11051008,5368.701029129996,0.11868513741568057,0.5608764886856079,,,,,,,,0.0032958984375,1.5493569374084473,0.0029006415864848423,-0.027977159219453842,7.15997314453125
11059200,5374.172125142999,0.12569826736222955,0.56842041015625,,,,,,,,0.00341796875,1.6270179748535156,0.0025841693660778597,-0.02386577581011095,6.3679938316345215
11067392,5379.286911695999,0.1374546941956045,0.551513671875,,,,,,,,0.0047607421875,1.5740128755569458,0.004904242625589861,-0.014269373103647003,9.545531272888184
11075584,5383.9385520569995,0.12568449605726909,0.565173327922821,0.007180634727390056,0.008250598266870912,0.006525116412955612,333,530.2392503833239,45.0,nan,0.00341796875,1.5631263256072998,0.0033248490922064278,-0.024691414758721348,7.804783821105957
11083776,5390.791804488996,0.12176631672499116,0.564526379108429,,,,,,,,0.0028076171875,1.5683072805404663,0.0030135975813294635,-0.025640565160162616,7.872861385345459
11091968,5396.046860308001,0.14738209351010162,0.573596179485321,,,,,,,,0.00439453125,1.5831286907196045,0.0025629185176235803,-0.01596118399494206,9.052250862121582
11100160,5401.180381906997,0.15381652179942704,0.599438488483429,,,,,,,,0.00341796875,1.511824131011963,0.003768904671874962,-0.02001191430518534,6.140162944793701
11108352,5406.199309728996,0.137408734953386,0.58648681640625,,,,,,,,0.003173828125,1.5666375160217285,0.003412028015427726,-0.023172822007945196,6.018248081207275
11116544,5411.701240550996,0.10707377941482268,0.5509277582168579,,,,,,,,0.003662109375,1.5336804389953613,0.004030931002955818,-0.026610066156818154,6.886168003082275
11124736,5417.2518344260025,0.12140586361854522,0.54931640625,,,,,,,,0.0042724609375,1.6143649816513062,0.004374980544916918,-0.02202148925063818,9.33078670501709
11132928,5422.765920122998,0.12881681808285503,0.57586669921875,,,,,,,,0.0037841796875,1.5795831680297852,0.00512778852818585,-0.02429496345135815,6.618246555328369
11141120,5427.670329832996,0.16027767284112407,0.608654797077179,0.009600745788115317,0.013162934831009387,0.007225422036386986,333,541.467055690604,45.6,49.35,0.0035400390625,1.5605807304382324,0.0046503431635641634,-0.01528070246581308,5.7583088874816895
11149312,5434.419636851002,0.1260935586650485,0.56915283203125,,,,,,,,0.003173828125,1.5653434991836548,0.002470782120755022,-0.025638007756557415,7.5969977378845215
11157504,5439.326847974,0.132483222497363,0.575695812702179,,,,,,,,0.0042724609375,1.5590964555740356,0.0020871396156408872,-0.018293899616232567,6.0644731521606445
11165696,5444.097680797,0.12806820903550495,0.569689929485321,,,,,,,,0.0032958984375,1.5335992574691772,0.005999708549513594,-0.024390361968179758,6.4832587242126465
11173888,5449.060821487998,0.11459457301046867,0.552478015422821,,,,,,,,0.00341796875,1.5601489543914795,0.0045625165455824845,-0.02739986792203444,7.304086208343506
11182080,5454.548073514001,0.13180930758083761,0.575305163860321,,,,,,,,0.003662109375,1.5127264261245728,0.003495762336193531,-0.025641470707884098,7.683477878570557
11190272,5460.351466317996,0.12212145257432293,0.568469226360321,,,,,,,,0.0030517578125,1.5563855171203613,0.004183225591044115,-0.027137071175347995,7.36483907699585
11198464,5465.844032305999,0.11664099118551784,0.544189453125,,,,,,,,0.00439453125,1.5690069198608398,0.004384028417318331,-0.02021594730562061,8.096293449401855
11206656,5470.657809748998,0.1405868079430983,0.576708972454071,0.011652074469111096,0.011311679589984358,0.008746176745314305,333,523.6553038020868,44.85,46.95,0.0037841796875,1.5663703680038452,0.00471427160458171,-0.01859661736387565,7.949788570404053
11214848,5477.411735700996,0.1431346972572218,0.5610595941543579,,,,,,,,0.0032958984375,1.6392138004302979,0.005072179122707188,-0.02247794076554841,7.570060729980469
11223040,5482.228939993998,0.18537521096776635,0.587573230266571,,,,,,,,0.00537109375,1.6298911571502686,0.004584357019461915,-0.008337147390208646,7.567066192626953
11231232,5487.299231849,0.16409049276472554,0.58856201171875,,,,,,,,0.0032958984375,1.6051840782165527,0.004854310924073069,-0.019183455648281503,6.438407897949219
11239424,5492.416712737002,0.13716439592797408,0.5595947504043579,,,,,,,,0.00439453125,1.6149369478225708,0.0035923943919485835,-0.021443478919915618,7.519536018371582
11247616,5497.987094623,0.17113398549579675,0.58154296875,,,,,,,,0.003662109375,1.5277655124664307,0.004108192080543693,-0.02157811010168429,8.366368293762207
11255808,5503.365701816998,0.127799120115036,0.578747570514679,,,,,,,,0.0032958984375,1.5520873069763184,0.004866395990973049,-0.020492183443088827,7.719827175140381
11264000,5508.580970322,0.1560512961677342,0.5752197504043579,,,,,,,,0.0045166015625,1.5457894802093506,0.004090921100902589,-0.01336088438182938,9.06315803527832
11272192,5513.903717194,0.12386738793742265,0.568554699420929,0.009570105884588731,0.009108644099017904,0.007177579413441548,333,535.3577539612565,48.0,41.25,0.0042724609375,1.612674355506897,0.0036503432064058927,-0.023798138993708223,8.445596694946289
11280384,5521.243375305996,0.14797899516134422,0.591381847858429,,,,,,,,0.0029296875,1.6033049821853638,0.003605437822422286,-0.021596770518323732,7.011984348297119
11288576,5526.491841967996,0.20147489992421846,0.5731567740440369,,,,,,,,0.005126953125,1.5825996398925781,0.0027506981910113693,-0.01025450620585504,10.4686279296875
11296768,5532.021477752998,0.11702521987369288,0.5578979849815369,,,,,,,,0.0028076171875,1.4661458730697632,0.0067539255925895825,-0.02291280465828495,8.29934310913086
11304960,5537.839928408001,0.14096758403887746,0.5942016839981079,,,,,,,,0.0029296875,1.5639568567276,0.005079317273313122,-0.029610783637426932,6.159542083740234
11313152,5542.631105982997,0.1067390245354754,0.5413574576377869,,,,,,,,0.0052490234375,1.5455338954925537,0.004471957356557588,-0.02721964046417305,9.877517700195312
11321344,5547.165109781003,0.15153413240663235,0.5943970084190369,,,,,,,,0.0025634765625,1.5173227787017822,0.003925978823921983,-0.025428148882878445,7.343025207519531
11329536,5552.665361073996,0.1614631587476783,0.586926281452179,,,,,,,,0.0042724609375,1.6032514572143555,0.004030923882550885,-0.02055040281462155,6.948422431945801
11337728,5557.666238418002,0.1206496231873187,0.5657958984375,0.009129995659094559,0.007348400831980517,0.006883619431542254,333,540.12880409116,48.900000000000006,nan,0.0040283203125,1.4452760219573975,0.005885398260910946,-0.01610301577588891,7.765397548675537
11345920,5564.558764848996,0.10675623836442838,0.5428466796875,,,,,,,,0.00341796875,1.618844985961914,0.005803642722687186,-0.03175494135156597,8.103375434875488
11354112,5569.718043886001,0.11849278958970329,0.5420898795127869,,,,,,,,0.0040283203125,1.5313997268676758,0.004998039230635909,-0.022911025341263713,7.912144660949707
11362304,5575.036613696,0.12171664002889218,0.55279541015625,,,,,,,,0.00341796875,1.5019898414611816,0.004937508926401768,-0.026592434593511682,9.94084644317627
11370496,5580.382665322999,0.12507212540197227,0.5633544921875,,,,,,,,0.003662109375,1.5314582586288452,0.005184382621017947,-0.02267409672818566,9.160415649414062
11378688,5586.014076517997,0.11397294976591113,0.5558227896690369,,,,,,,,0.00390625,1.4478492736816406,0.004192091673770104,-0.026531595040220582,10.61190414428711
11386880,5591.573175409998,0.12121317544965936,0.561572253704071,,,,,,,,0.0029296875,1.5547497272491455,0.005232267415816061,-0.025728754245973057,10.237349510192871
11395072,5597.092673341998,0.1341742047378793,0.582714855670929,,,,,,,,0.003662109375,1.444300889968872,0.006291293508302376,-0.023139132680135035,8.224108695983887
11403264,5602.304093227998,0.16753475461304446,0.619738757610321,0.01562343243318387,0.013369657370651988,0.011717574324887847,333,504.12930944886773,46.650000000000006,35.4,0.0032958984375,1.5304206609725952,0.005126757009748628,-0.011973374567596793,6.0811991691589355
11411456,5609.077449359,0.15044233295443432,0.5953735709190369,,,,,,,,0.00341796875,1.6002731323242188,0.004762239111786859,-0.02438021140045679,5.902774333953857
11419648,5613.899859753001,0.14253033249910738,0.578857421875,,,,,,,,0.0045166015625,1.5966501235961914,0.004247531511915481,-0.013449533775795537,6.950406074523926
11427840,5618.714770635001,0.1152587502519284,0.553967297077179,,,,,,,,0.00341796875,1.5850509405136108,0.0044949745084190695,-0.028543804159451427,7.450842380523682
11436032,5624.131294407998,0.15376867897261198,0.58612060546875,,,,,,,,0.0045166015625,1.6571255922317505,0.0041166464844291095,-0.014535776939397924,7.767892360687256
11444224,5629.430200789,0.1272176286212357,0.5549072623252869,,,,,,,,0.0042724609375,1.5326132774353027,0.006414119359205106,-0.025659722869492668,9.508813858032227
11452416,5634.239328538999,0.12911965162238256,0.573486328125,,,,,,,,0.0032958984375,1.572433590888977,0.0039119013186385,-0.02312811773296268,6.993811130523682
11460608,5639.298766291999,0.14343283492308498,0.5437256097793579,,,,,,,,0.004150390625,1.5862585306167603,0.003959574150813494,-0.026894212962634303,10.31470012664795
11468800,5644.495845525998,0.1497486109510637,0.577282726764679,0.007325193452215939,0.006618595949636319,0.005493895089161982,333,562.3571294374045,46.5,37.800000000000004,0.0035400390625,1.5189257860183716,0.003275182727763948,-0.02340524563481504,9.050047874450684
11476992,5652.426291067997,0.1484604910938798,0.578967273235321,,,,,,,,0.0037841796875,1.5926285982131958,0.0044475319830635796,-0.02155551949319957,8.621626853942871
11485184,5657.616775994997,0.12438473114315614,0.5700317621231079,,,,,,,,0.00390625,1.471842646598816,0.0024366387839365178,-0.026895368327514792,7.929117679595947
11493376,5662.892810206999,0.15457092190417004,0.5953125357627869,,,,,,,,0.0037841796875,1.5754709243774414,0.00132296759067696,-0.017288940233362787,8.792712211608887
11501568,5668.657931064001,0.12356854939695223,0.569287121295929,,,,,,,,0.0040283203125,1.5819661617279053,0.00117847352535827,-0.02321489486891929,8.598649978637695
11509760,5673.530144725999,0.13122278179675914,0.5850464105606079,,,,,,,,0.004638671875,1.627345323562622,0.003487091525332109,-0.020039149390267207,7.903022766113281
11517952,5678.472855127999,0.15443598982666545,0.5973144769668579,,,,,,,,0.0032958984375,1.5852689743041992,0.005281009430391337,-0.01554034987343001,6.8953857421875
11526144,5683.787260721998,0.13190000538627683,0.577502429485321,,,,,,,,0.004150390625,1.5764527320861816,0.004887292478001237,-0.017870162804093297,6.742196559906006
11534336,5688.809690203001,0.13279636587358543,0.5698608756065369,0.005661218748540864,0.005571689739434227,0.004303540842428344,333,577.8190850648195,35.7,40.2,0.003173828125,1.5517661571502686,0.0017262209193237288,-0.0267744512044753,5.767415523529053
11542528,5695.845115942,0.1311278359866875,0.560620129108429,,,,,,,,0.00439453125,1.620463252067566,0.001570240374397569,-0.021810406276281395,8.777963638305664
11550720,5701.315073313999,0.13388776152685902,0.550769031047821,,,,,,,,0.00439453125,1.6300396919250488,0.0021457629221528496,-0.025899835313430642,9.900801658630371
11558912,5706.539890722001,0.1377583534569384,0.58209228515625,,,,,,,,0.0030517578125,1.5492651462554932,0.0022297951577510133,-0.02801277959931634,6.071354389190674
11567104,5711.008175511,0.13858863583888492,0.5821289420127869,,,,,,,,0.0040283203125,1.5811185836791992,0.003662469258411849,-0.019266595776883885,6.856761455535889
11575296,5715.654410297997,0.15244783624059152,0.5939697623252869,,,,,,,,0.0035400390625,1.5385667085647583,0.004926269310212561,-0.01807940651844523,6.251727104187012
11583488,5721.401430865997,0.11174886222469521,0.5560669302940369,,,,,,,,0.0040283203125,1.6532082557678223,0.004317225516356271,-0.02571940160410723,6.456355571746826
11591680,5726.8892173290005,0.12730399602417986,0.578112781047821,,,,,,,,0.003662109375,1.5291330814361572,0.00418092755171362,-0.021391993885323222,6.522351264953613
11599872,5732.360643970002,0.1400986102537891,0.578198254108429,0.004621470432033203,0.004372667612615455,0.003599027150265388,325,555.3202968288317,43.95,nan,0.0030517578125,1.6071925163269043,0.004055409826124956,-0.025740724393819116,5.79718542098999
11608064,5739.550122663,0.10877249656448895,0.551928699016571,,,,,,,,0.004150390625,1.5985628366470337,0.004614333099815848,-0.02127215082741329,7.2774505615234375
11616256,5744.299381188997,0.1380231838138971,0.5689697265625,,,,,,,,0.00341796875,1.5483061075210571,0.0046917088916516025,-0.0268844980758475,8.304553031921387
11624448,5749.342299705,0.1303683387536217,0.5753418207168579,,,,,,,,0.0032958984375,1.5693122148513794,0.0028478846892927567,-0.02722200634777544,6.225889682769775
11632640,5755.056986764001,0.14469899434348252,0.5595337152481079,,,,,,,,0.004150390625,1.5334341526031494,0.003716313081713274,-0.019580640408118497,8.817896842956543
11640832,5760.529438735,0.1334266456832771,0.5759521722793579,,,,,,,,0.0030517578125,1.5777783393859863,0.003959386209070104,-0.02422649866145655,6.355903148651123
11649024,5766.059401125,0.12162172575254178,0.5682129263877869,,,,,,,,0.00439453125,1.564028024673462,0.0031483409162450515,-0.023479207656709782,6.614968776702881
11657216,5771.285866539998,0.12397949360512261,0.5456787347793579,,,,,,,,0.0037841796875,1.5976468324661255,0.0029066085631167526,-0.023165826271673212,8.408804893493652
11665408,5775.998854534999,0.1962365013413656,0.55853271484375,0.006957911435644837,0.006504154988149713,0.005218433576733572,333,560.7853408999451,47.85,41.25,0.0050048828125,1.6989930868148804,0.004649056949371122,-0.016376286153317387,8.142373085021973
11673600,5782.623369938003,0.11619693723972957,0.5660156607627869,,,,,,,,0.00390625,1.5289123058319092,0.0046414623004088496,-0.020854712673071374,7.537893772125244
11681792,5787.636096798997,0.15329130360361837,0.589306652545929,,,,,,,,0.0030517578125,1.613149642944336,0.004023147633637203,-0.018815962464325934,6.557971477508545
11689984,5793.385236791,0.14727998876421583,0.5898071527481079,,,,,,,,0.0040283203125,1.5426045656204224,0.0034739329983104472,-0.026244868248033595,5.647439956665039
11698176,5798.899946945996,0.11988651942970928,0.560864269733429,,,,,,,,0.0042724609375,1.5943955183029175,0.003176610872288599,-0.022293980831890728,7.229957580566406
11706368,5804.168772265999,0.14185321237122278,0.583935558795929,,,,,,,,0.0029296875,1.6376346349716187,0.003557696552734746,-0.023678824053983052,5.7460455894470215
11714560,5809.618359186999,0.11496660642550444,0.5447143912315369,,,,,,,,0.00390625,1.5329222679138184,0.0028797619892930726,-0.024146030058764423,7.346866130828857
11722752,5814.993733472002,0.12203089640357477,0.5525879263877869,,,,,,,,0.0032958984375,1.5802280902862549,0.0017397341991126636,-0.026306828018753215,7.251988410949707
11730944,5819.971366491998,0.14053753642820818,0.591809093952179,0.00832871785909195,0.011527811033676727,0.0063119638913510245,333,544.6537158390731,45.300000000000004,nan,0.0032958984375,1.580307126045227,0.0016749507869460167,-0.030101141506693907,5.3843207359313965
11739136,5827.3985711860005,0.12093429076584533,0.5433716177940369,,,,,,,,0.0035400390625,1.5332391262054443,0.0016051822651361736,-0.028852405194892794,7.805111885070801
11747328,5832.997640736001,0.13174220026104275,0.566149890422821,,,,,,,,0.00390625,1.6299182176589966,0.0018738255123033065,-0.02314718175798254,7.280570983886719
11755520,5838.453477016999,0.12304551813362474,0.563793957233429,,,,,,,,0.0037841796875,1.5307884216308594,0.0017892000001958897,-0.029995460806369018,6.995185852050781
11763712,5843.975827429,0.11769353588881089,0.5389160513877869,,,,,,,,0.003662109375,1.5987178087234497,0.002898330174315733,-0.020774063885327387,9.613615989685059
11771904,5849.056266298998,0.14093306480625292,0.57904052734375,,,,,,,,0.003662109375,1.6007133722305298,0.004447259833150308,-0.02393654480414238,7.793015480041504
11780096,5854.107141387998,0.12383026294785056,0.558361828327179,,,,,,,,0.003662109375,1.574686050415039,0.004245289629243532,-0.023908479154272015,7.2912797927856445
11788288,5858.784740356998,0.13724590026836544,0.5761352777481079,,,,,,,,0.0040283203125,1.5842398405075073,0.0038826466876897836,-0.019352163286087198,8.723213195800781
11796480,5863.568411257002,0.10966063441762211,0.548596203327179,0.00982674144182294,0.013226792078118388,0.007711813571805726,333,532.5057929231084,46.800000000000004,nan,0.0032958984375,1.5739082098007202,0.0029928753049276446,-0.02781572844776724,9.690585136413574
11804672,5870.4456064749975,0.1259484746092459,0.5666870474815369,,,,,,,,0.0040283203125,1.6331251859664917,0.0027788538088785453,-0.027378518923717926,7.672649383544922
11812864,5875.827480137996,0.13130226545998805,0.5637573599815369,,,,,,,,0.00341796875,1.5082118511199951,0.0035577963736299623,-0.024079415304402357,8.504594802856445
11821056,5881.2457438249985,0.11929506102239258,0.5447998046875,,,,,,,,0.003662109375,1.6502439975738525,0.004948145790516056,-0.025444000513332118,8.69490909576416
11829248,5886.701288267002,0.13333507336950132,0.576416015625,,,,,,,,0.004150390625,1.5073384046554565,0.004621445768650867,-0.021827996711384152,6.9809112548828125
11837440,5892.499751215,0.11842018194578562,0.553271472454071,,,,,,,,0.0028076171875,1.5701687335968018,0.004507060889036518,-0.028023059253000505,8.409871101379395
11845632,5897.674080051998,0.19530788311192937,0.579968273639679,,,,,,,,0.00390625,1.622252106666565,0.0038621064525998783,-0.01840655271626328,6.670263767242432
11853824,5902.516963857997,0.0912355845353963,0.4875244200229645,,,,,,,,0.005126953125,1.5116686820983887,0.0035692673908337413,-0.02858986299269874,16.504974365234375
11862016,5907.680776697998,0.10359292802650454,0.5203003287315369,0.013130498618287634,0.011337048713301434,0.00984787396371578,333,519.5968643372734,44.7,38.7,0.00341796875,1.5547784566879272,0.005902921814101569,-0.027063884080380074,15.106131553649902
11870208,5914.826492854998,0.0983357800053517,0.5201416015625,,,,,,,,0.005126953125,1.583775520324707,0.004313291400646624,-0.02221255985933503,15.341214179992676
11878400,5919.965297563998,0.1305479089486196,0.552746593952179,,,,,,,,0.0040283203125,1.487277865409851,0.003900736618264178,-0.01944438079696567,12.27599811553955
11886592,5925.746801506997,0.11558757797939663,0.555798351764679,,,,,,,,0.00390625,1.5765807628631592,0.00371964427560334,-0.02553761469018371,12.009203910827637
11894784,5930.475250839998,0.12503910363107631,0.5716797113418579,,,,,,,,0.00439453125,1.5181622505187988,0.003946126782778947,-0.02571444087396263,9.991943359375
11902976,5934.776887234002,0.12496565894488272,0.5535888671875,,,,,,,,0.003662109375,1.508349061012268,0.004478498467033076,-0.026683535446766573,12.29206371307373
11911168,5939.121603280997,0.14828740204496246,0.5866943597793579,,,,,,,,0.00390625,1.5691280364990234,0.0059674788728724115,-0.021921688052077046,9.882010459899902
11919360,5943.492117795999,0.13499186906505928,0.581164538860321,,,,,,,,0.0045166015625,1.5479404926300049,0.004933468548055764,-0.015667548160073135,10.13440227508545
11927552,5948.149937215996,0.17342710477410656,0.589184582233429,0.005944395764813537,0.0058483747427241495,0.004461776491026637,333,575.1903496127691,49.650000000000006,49.35,0.0032958984375,1.6097829341888428,0.002829069318536659,-0.016725032220142835,8.601943016052246
11935744,5953.798451258997,0.12800132478401705,0.5707641839981079,,,,,,,,0.0045166015625,1.5857815742492676,0.003088328609972435,-0.018769222479147543,8.766085624694824
11943936,5958.317011703002,0.14060549767816632,0.58489990234375,,,,,,,,0.00341796875,1.5634872913360596,0.003389259376239462,-0.02532379706407194,7.7090911865234375
11952128,5962.879404931002,0.1352067254355018,0.563793957233429,,,,,,,,0.00390625,1.6056069135665894,0.0033301739362086025,-0.025926931589424315,8.319204330444336
11960320,5967.231627011999,0.1309752791830264,0.5570434927940369,,,,,,,,0.0042724609375,1.5193718671798706,0.004477320755118974,-0.023188272026947912,9.256280899047852
11968512,5971.275584010997,0.1397641817165234,0.5879883170127869,,,,,,,,0.00341796875,1.543807029724121,0.004395477654910218,-0.020757813955656953,8.200078964233398
11976704,5975.7111508689995,0.14887449208562106,0.577868640422821,,,,,,,,0.00390625,1.5919443368911743,0.004285754746076398,-0.022425752963968155,7.602748394012451
11984896,5980.244298915,0.12290957768699794,0.5638794302940369,,,,,,,,0.0030517578125,1.5333144664764404,0.003614462377556138,-0.016858829773888865,7.627414226531982
11993088,5984.697740465002,0.13287427732349003,0.580126941204071,0.011379642891307329,0.0100776364642029,0.008599726805404106,283,423.5359287376292,42.300000000000004,nan,0.0040283203125,1.5965889692306519,0.0032746371223975057,-0.027421832682808935,6.45038366317749
12001280,5990.628200066996,0.11005466852596467,0.5315307974815369,,,,,,,,0.0042724609375,1.6088271141052246,0.00284217512521312,-0.023204304867349014,8.541275978088379
12009472,5994.959877943002,0.11836817025104147,0.5400146842002869,,,,,,,,0.00341796875,1.5759059190750122,0.004066719795120632,-0.023814548507841024,10.013833999633789
12017664,5999.441383721001,0.1413885917122739,0.5816284418106079,,,,,,,,0.00244140625,1.5898903608322144,0.004133850585604337,-0.022978620683227355,7.355816841125488
12025856,6004.287742276996,0.12778398916145314,0.5474487543106079,,,,,,,,0.005126953125,1.5489286184310913,0.003928435603037572,-0.029052581848379902,11.329278945922852
12034048,6009.486888519001,0.10703380764952511,0.548144519329071,,,,,,,,0.0035400390625,1.5898455381393433,0.00387457213646325,-0.0338825644013477,10.286460876464844
12042240,6014.981022838998,0.12264776123261352,0.57110595703125,,,,,,,,0.0030517578125,1.5990179777145386,0.004144719614602499,-0.026414091305982542,7.399670600891113
12050432,6020.242604441002,0.14096626239176357,0.583728015422821,,,,,,,,0.0042724609375,1.5847604274749756,0.004044182823645492,-0.021181042610001605,8.370599746704102
12058624,6025.154491007997,0.13494712014520072,0.578869640827179,0.02112550050856099,0.020116614096154728,0.01584788598322029,333,481.9651040529592,46.650000000000006,44.550000000000004,0.002685546875,1.5424189567565918,0.003372811904853168,-0.028187476680886826,6.448101997375488
12066816,6031.982662322,0.13009502015081745,0.5780395865440369,,,,,,,,0.0045166015625,1.5898001194000244,0.003551391902258172,-0.02584630469036452,6.795004367828369
12075008,6037.216066572997,0.13423850677649649,0.579333484172821,,,,,,,,0.0030517578125,1.4832342863082886,0.0037263219007460657,-0.025503473262552364,7.039957523345947
12083200,6042.273336473001,0.13651057143745599,0.590039074420929,,,,,,,,0.0032958984375,1.6176687479019165,0.0033829879210438563,-0.02753982849572465,6.259164333343506
12091392,6047.975059839002,0.139371527709323,0.567578136920929,,,,,,,,0.004150390625,1.5201717615127563,0.0042741037297791,-0.017237448897811265,6.925718784332275
12099584,6053.856810320998,0.10904540904150531,0.54486083984375,,,,,,,,0.0029296875,1.5723234415054321,0.0038330589795333436,-0.0309660245616807,7.107285976409912
12107776,6058.92077474,0.12856079411246868,0.56689453125,,,,,,,,0.0035400390625,1.651656150817871,0.0032526123381136918,-0.023769087208780668,6.1906232833862305
12115968,6063.995559345996,0.1071296877857722,0.52978515625,,,,,,,,0.0048828125,1.4830676317214966,0.003500218386492948,-0.0241507396315464,10.598616600036621
12124160,6068.855720025997,0.12003787596947109,0.5633178949356079,0.009800821205155796,0.008711700566052416,0.007350615903866875,333,546.4193518205598,45.0,30.75,0.0020751953125,1.5951762199401855,0.003492278814869465,-0.02787491995702206,7.405124664306641
12132352,6076.157204602998,0.14198990718645246,0.5821289420127869,,,,,,,,0.0042724609375,1.54679536819458,0.003173180205773729,-0.024925081846815324,5.4910359382629395
12140544,6081.376514290998,0.13291746889328185,0.5809570550918579,,,,,,,,0.0032958984375,1.5044068098068237,0.004675609519229629,-0.023829485961139887,6.325458526611328
12148736,6086.693023047999,0.1398578080224868,0.5827270746231079,,,,,,,,0.0028076171875,1.65971040725708,0.002880457773798417,-0.022476236050523898,6.78755521774292
12156928,6092.082891402002,0.15994173474227188,0.573168933391571,,,,,,,,0.0047607421875,1.567794680595398,0.0021048656651780906,-0.011356285962088729,8.447572708129883
12165120,6096.847645139998,0.12611383524764178,0.564892590045929,,,,,,,,0.002685546875,1.5754696130752563,0.002330592184481617,-0.028042666099703642,7.4295477867126465
12173312,6101.099718457997,0.14246795023633504,0.580126941204071,,,,,,,,0.0040283203125,1.568548560142517,0.004187245183588151,-0.023319190053105447,5.829951763153076
12181504,6106.053829812001,0.12406210525749346,0.569079577922821,,,,,,,,0.0035400390625,1.4646961688995361,0.00396255015790159,-0.023754270646511734,6.234004020690918
12189696,6111.246429307001,0.12764424486527523,0.575085461139679,0.01482531005883847,0.01203896108272895,0.011118982544128908,333,515.412466577425,35.85,31.650000000000002,0.0030517578125,1.6366596221923828,0.0037490937873595476,-0.022698803535666855,6.258798122406006
12197888,6118.168049209002,0.12290664906456494,0.5572143793106079,,,,,,,,0.004150390625,1.557485818862915,0.003376244830598285,-0.021572150144025925,8.274696350097656
12206080,6123.865018222001,0.14755300892416687,0.5732055902481079,,,,,,,,0.0035400390625,1.5536680221557617,0.005183638953587755,-0.021388314008878893,7.319483280181885
12214272,6129.506679371996,0.1365760889542358,0.578845202922821,,,,,,,,0.00390625,1.6224157810211182,0.0025892103829139312,-0.02396005748297659,6.87298583984375
12222464,6134.723631474,0.13531689457563903,0.549389660358429,,,,,,,,0.0040283203125,1.5452572107315063,0.0016934316147685369,-0.029766823329512294,8.238886833190918
12230656,6139.909339072998,0.14986656167243018,0.5951904654502869,,,,,,,,0.00244140625,1.5049641132354736,0.0055534684126223866,-0.027997463986382032,5.267571449279785
12238848,6144.618285582001,0.1172454853622075,0.5429443717002869,,,,,,,,0.004150390625,1.544535756111145,0.004341282518176226,-0.03046679529412523,7.717710971832275
12247040,6149.972168385,0.11769480705655413,0.557482898235321,,,,,,,,0.00390625,1.4888534545898438,0.004407788807201496,-0.022515370298418443,7.615628242492676
12255232,6155.736483219996,0.1536119709733301,0.596203625202179,0.018017932575210116,0.015074899691960186,0.013513449431407532,333,496.61894070801986,28.650000000000002,27.150000000000002,0.0028076171875,1.585089087486267,0.003531082485282333,-0.025677695089398236,5.1246161460876465
12263424,6163.2925850839965,0.1281624619330713,0.566662609577179,,,,,,,,0.00439453125,1.569734811782837,0.003797565547995707,-0.022607192695131686,6.123874187469482
12271616,6168.6256046769995,0.17242971815363636,0.5658935904502869,,,,,,,,0.00439453125,1.655879020690918,0.004287703425485345,-0.016243803473241485,9.308273315429688
12279808,6173.205891664002,0.1438472435395561,0.559985339641571,,,,,,,,0.0037841796875,1.5918338298797607,0.004572809976224446,-0.026768627270878566,7.144845485687256
12288000,6178.604456957,0.15666947159276276,0.589733898639679,,,,,,,,0.0037841796875,1.5586576461791992,0.0033465576693670895,-0.013914053911359098,6.55282735824585
12296192,6184.075464551999,0.12547090861381635,0.558544933795929,,,,,,,,0.003662109375,1.536185622215271,0.005541258553043438,-0.026051401136718572,7.350988864898682
12304384,6189.416065883001,0.12786636130651297,0.5594848990440369,,,,,,,,0.0042724609375,1.5649751424789429,0.004354880189239241,-0.024050988051019993,8.98401165008545
12312576,6194.820678160002,0.1619868102694149,0.55133056640625,,,,,,,,0.003662109375,1.629247784614563,0.0039957924399209865,-0.02133865336435811,8.814349174499512
12320768,6199.9080077260005,0.14332325041191002,0.574450671672821,0.012360150711448692,0.01019779135884702,0.009577270605224175,333,518.7693832672403,45.0,nan,0.004150390625,1.5596187114715576,0.0038022848336640713,-0.025201244924746236,8.555192947387695
12328960,6206.827717685999,0.1297945877356432,0.57159423828125,,,,,,,,0.00390625,1.5930192470550537,0.0053260516124055135,-0.01944604045030159,9.002857208251953
12337152,6211.642010229996,0.11103920690813088,0.5559326410293579,,,,,,,,0.0037841796875,1.561739444732666,0.005592580436862837,-0.02766688263398114,8.886282920837402
12345344,6217.443705170997,0.17176227570709163,0.5957885980606079,,,,,,,,0.004150390625,1.5718958377838135,0.005163874691641146,-0.014359881729650876,7.122075080871582
12353536,6222.753359558003,0.13231955978992718,0.5771850943565369,,,,,,,,0.00390625,1.566314458847046,0.005316108923900997,-0.02391292266200644,6.9213385581970215
12361728,6227.919376749996,0.1582796066030451,0.5938965082168579,,,,,,,,0.003173828125,1.5664160251617432,0.005383084349581235,-0.017131727757943,6.105863094329834
12369920,6233.190397687002,0.15048539522725327,0.595446765422821,,,,,,,,0.00341796875,1.5613282918930054,0.004644903206760143,-0.021893573760757633,5.8740644454956055
12378112,6238.380666926998,0.17286654972053186,0.5925659537315369,,,,,,,,0.00390625,1.545927882194519,0.004529635153478928,-0.020222913098341826,6.734874248504639
12386304,6244.087241558002,0.11219213662114702,0.5470825433731079,0.015419091591177936,0.014531373866615294,0.01156431869338348,333,511.1937836322097,46.5,30.75,0.0035400390625,1.5516692399978638,0.004390672910769333,-0.02660736651450615,7.59149169921875
12394496,6251.525537089001,0.1513060400866193,0.5852905511856079,,,,,,,,0.0030517578125,1.5268224477767944,0.004831317828300263,-0.024323914632550223,6.107100009918213
12402688,6255.8384307820015,0.13012092137264822,0.570568859577179,,,,,,,,0.00341796875,1.5093191862106323,0.00429708440467369,-0.0328879651330536,5.539422512054443
12410880,6261.053194344,0.14481833159020926,0.5837646722793579,,,,,,,,0.00341796875,1.5154776573181152,0.004571243144356307,-0.014148300868408249,6.418078899383545
12419072,6266.414913608998,0.15192766665153026,0.5882812738418579,,,,,,,,0.0032958984375,1.5152019262313843,0.005757232556757419,-0.019844290756345556,6.042731761932373
12427264,6271.394196558998,0.1265294468418546,0.557202160358429,,,,,,,,0.0040283203125,1.534574270248413,0.006510564602704161,-0.02715041399026873,7.127160549163818
12435456,6276.241956835998,0.14949513216880872,0.5566772818565369,,,,,,,,0.0037841796875,1.5230166912078857,0.005053389290013088,-0.028928904721628696,7.479722499847412
12443648,6281.383338731997,0.15551370506098522,0.568493664264679,,,,,,,,0.003662109375,1.5222221612930298,0.006130016003084715,-0.02466142999522107,8.398523330688477
12451840,6287.11795498,0.15002591209562413,0.5693603754043579,0.013749047372518697,0.011747397266597348,0.01031178552938905,333,515.472024784669,40.650000000000006,31.8,0.0032958984375,1.5106759071350098,0.005103921027680869,-0.028423547817194462,7.314006328582764
12460032,6294.584152723997,0.12276228739208368,0.5599121451377869,,,,,,,,0.0040283203125,1.528416395187378,0.004927404046682682,-0.020558859557574728,7.390853404998779
12468224,6300.112898492,0.13621587034923177,0.5845947265625,,,,,,,,0.0028076171875,1.5061548948287964,0.0046928566526074356,-0.02632673755626539,6.563966274261475
12476416,6305.531551829998,0.13656591147146077,0.5846924185752869,,,,,,,,0.0035400390625,1.5367985963821411,0.0031207154900148026,-0.030912689377482018,5.2324652671813965
12484608,6310.603736379999,0.12466701379587515,0.5586914420127869,,,,,,,,0.0037841796875,1.5172473192214966,0.003930396266965452,-0.0213181801444639,7.469476222991943
12492800,6315.782593342003,0.1432134208965029,0.569091796875,,,,,,,,0.0029296875,1.5140308141708374,0.004204306377310396,-0.026168935468236898,5.779050827026367
12500992,6321.003533976997,0.14382770524185112,0.5945068597793579,,,,,,,,0.003173828125,1.5352421998977661,0.004964354371814639,-0.027439706279375267,4.220205783843994
12509184,6326.335276562,0.14168313776718697,0.560131847858429,,,,,,,,0.0040283203125,1.483612298965454,0.006021007125445177,-0.02032537866902204,6.910343170166016
12517376,6331.784331994997,0.1337571886709137,0.579638659954071,0.020544356854717005,0.01718436753140118,0.015408267641037754,312,446.76268364450095,46.050000000000004,44.7,0.0029296875,1.4951170682907104,0.006107189721537343,-0.02926255285819996,4.648004531860352
12525568,6339.357119191001,0.16775925413667717,0.5870727896690369,,,,,,,,0.0035400390625,1.5284204483032227,0.006542605768894538,-0.023729393488068504,5.6353278160095215
12533760,6344.283665215,0.12598382498012492,0.562146008014679,,,,,,,,0.0035400390625,1.5008633136749268,0.004187034987859661,-0.025962044407233265,6.387528896331787
12541952,6349.329868977002,0.11840587051341107,0.5414673089981079,,,,,,,,0.003662109375,1.5611027479171753,0.0034630069817186415,-0.02954408862186403,7.383056163787842
12550144,6355.337466265999,0.12301806604850052,0.5571655631065369,,,,,,,,0.0037841796875,1.5171564817428589,0.0037297670204693434,-0.02819008991167208,7.3853654861450195
12558336,6361.203596293999,0.14833677389374575,0.582165539264679,,,,,,,,0.0032958984375,1.5525782108306885,0.005425715671140474,-0.020040585489606473,6.740513801574707
12566528,6366.337159044997,0.15223364304971088,0.5739990472793579,,,,,,,,0.004150390625,1.4855740070343018,0.0042590763237344564,-0.016610757731091313,6.745077610015869
12574720,6371.754314869002,0.11767549744483873,0.5579833984375,,,,,,,,0.0029296875,1.4945964813232422,0.0037446625539744316,-0.026366638773579122,7.798342227935791
12582912,6376.590101925998,0.13481501743023924,0.5813232660293579,0.013463577912536384,0.013425312544163903,0.010164487007773504,333,505.05576739589014,49.5,nan,0.0035400390625,1.5101532936096191,0.005293016033776854,-0.029207060086541232,6.193741798400879
12591104,6384.343658947997,0.13454052777767506,0.56829833984375,,,,,,,,0.0040283203125,1.5366723537445068,0.00495389463931728,-0.02029761020783541,7.1114373207092285
12599296,6389.121301665997,0.11982986048665041,0.5625244379043579,,,,,,,,0.0030517578125,1.5616945028305054,0.0033513244953992105,-0.0286966681973526,6.578169345855713
12607488,6394.823053918997,0.1543427847045325,0.581677258014679,,,,,,,,0.0032958984375,1.5652092695236206,0.0032042053736676124,-0.022563269062101637,5.612926006317139
12615680,6400.135803434998,0.13600408266039024,0.56890869140625,,,,,,,,0.004150390625,1.5188109874725342,0.003105910842545301,-0.022934164367341244,6.317426681518555
12623872,6406.060181205001,0.13152837736841824,0.5716552734375,,,,,,,,0.0025634765625,1.5219521522521973,0.0030476417311218196,-0.024814065242625336,5.68613862991333
12632064,6411.210518665997,0.1686150589650335,0.5475830435752869,,,,,,,,0.0040283203125,1.6066848039627075,0.004601360282399547,-0.023194676717258958,6.387421131134033
12640256,6415.345768075,0.11120689867046472,0.5398803949356079,,,,,,,,0.00439453125,1.5443155765533447,0.004413145395542939,-0.02718536834248866,8.115031242370605
12648448,6420.1690494560025,0.1217640345776657,0.566088855266571,0.009654078298877988,0.009605515288125921,0.007240558724158519,333,537.9306554597564,39.45,30.6,0.0028076171875,1.5491089820861816,0.004823156089712954,-0.029436955294567066,6.949342250823975
12656640,6428.153335620002,0.1374740467655526,0.5698608756065369,,,,,,,,0.0037841796875,1.526823878288269,0.0056276638731114215,-0.0275967951792239,6.483152866363525
12664832,6432.943734767003,0.11383243236623647,0.557604968547821,,,,,,,,0.00390625,1.5231096744537354,0.005737862264114879,-0.029951658943251677,7.180362224578857
12673024,6438.594654367997,0.1552894315984453,0.597912609577179,,,,,,,,0.0032958984375,1.5745394229888916,0.004904635232918508,-0.019021004792920702,5.1615118980407715
12681216,6444.244493958999,0.14198172165468295,0.5758423209190369,,,,,,,,0.0042724609375,1.558120608329773,0.004776648389651084,-0.016436208554865734,7.135558605194092
12689408,6449.633324472998,0.12015226360832343,0.5652710199356079,,,,,,,,0.0028076171875,1.4932050704956055,0.0049504465210741255,-0.03054648669794213,5.61041784286499
12697600,6455.412092938997,0.12856866280192095,0.563098132610321,,,,,,,,0.0035400390625,1.5437085628509521,0.0046948493889638065,-0.027792712250536325,6.557150363922119
12705792,6461.2030312729985,0.11568877647389338,0.5497803092002869,,,,,,,,0.0040283203125,1.489192008972168,0.0030016347615804406,-0.026430521604076142,7.433560848236084
12713984,6467.027550598999,0.11110543412799832,0.556994616985321,0.0060617212808729,0.008246195733850104,0.004905622542294985,333,563.0735611711491,41.25,nan,0.0035400390625,1.6025111675262451,0.004019079440749751,-0.028554689822953373,7.319884777069092
12722176,6474.720115035001,0.1357822707413374,0.585253894329071,,,,,,,,0.0037841796875,1.5711008310317993,0.0036095689833263167,-0.022791836729313744,5.5918192863464355
12730368,6479.723379039002,0.11197207292372711,0.556164562702179,,,,,,,,0.0029296875,1.5360742807388306,0.0035247425156349488,-0.030304251982022953,5.837485313415527
12738560,6484.824336120997,0.1370806816299713,0.579455554485321,,,,,,,,0.00341796875,1.6536463499069214,0.004436493185902557,-0.02117165381677106,6.449851989746094
12746752,6490.376559796001,0.14265318749152742,0.588391125202179,,,,,,,,0.003662109375,1.4962894916534424,0.0030626891134331036,-0.02810215478168684,5.405766487121582
12754944,6495.319896602996,0.13264919636795433,0.554638683795929,,,,,,,,0.0035400390625,1.6411656141281128,0.00543354632791504,-0.03155401479285745,6.877357482910156
12763136,6500.618419521998,0.13911451207007405,0.5528931021690369,,,,,,,,0.0037841796875,1.5593143701553345,0.0039553632328819255,-0.02592079336166176,7.400423526763916
12771328,6505.930435155002,0.1252396697452811,0.550524890422821,,,,,,,,0.0035400390625,1.545480728149414,0.004846408482293452,-0.02352270335236248,8.74411392211914
12779520,6511.534969312997,0.1373151971265738,0.5760132074356079,0.00811612045122212,0.0076903945886351854,0.006143433689321132,333,546.1875169297508,49.800000000000004,nan,0.0032958984375,1.590121865272522,0.004244915026116347,-0.020769794487026445,6.356982707977295
12787712,6519.525807161997,0.15174343592766076,0.5859131217002869,,,,,,,,0.0037841796875,1.5401992797851562,0.0044146124765593875,-0.02281715690374726,6.598580837249756
12795904,6524.9912393039995,0.15075465595957432,0.5894775390625,,,,,,,,0.0029296875,1.5900182723999023,0.00460306947049427,-0.02581616117117045,6.547669887542725
12804096,6530.651038352,0.1410157895356289,0.584912121295929,,,,,,,,0.0037841796875,1.5244520902633667,0.0034642525713616257,-0.021999702342275353,5.759989261627197
12812288,6536.161452845998,0.10133866925092279,0.5315796136856079,,,,,,,,0.0035400390625,1.5756537914276123,0.0033851627689057695,-0.027387772307777416,8.09997844696045
12820480,6541.002990809,0.1479273992536308,0.587634265422821,,,,,,,,0.003173828125,1.5435516834259033,0.003250531154267655,-0.023665506270960493,5.316210746765137
12828672,6546.412029997002,0.14136296305462165,0.549487292766571,,,,,,,,0.0047607421875,1.6117396354675293,0.00585279944099204,-0.0240220620641611,9.864777565002441
12836864,6551.393998318999,0.10824191740312933,0.543347179889679,,,,,,,,0.002685546875,1.4980764389038086,0.005665333999593014,-0.036752396007378854,8.325121879577637
12845056,6556.8017084210005,0.11615618803987329,0.561108410358429,0.012828459259400349,0.010397068943182486,0.009621344444550317,333,511.41269187191756,49.650000000000006,45.75,0.0040283203125,1.5386576652526855,0.005222759641295482,-0.03066958490550986,8.507838249206543
12853248,6564.027530546002,0.12467049441726184,0.5465942621231079,,,,,,,,0.0037841796875,1.5872046947479248,0.0047566997217805,-0.02465872589723449,10.576786041259766
12861440,6568.825898347997,0.15601634316130764,0.605151355266571,,,,,,,,0.003662109375,1.5191503763198853,0.00446019291005284,-0.021752795816588115,7.197430610656738
12869632,6574.694985021997,0.14972646405790707,0.5824341177940369,,,,,,,,0.003173828125,1.5147490501403809,0.004724745737742397,-0.026553959073912944,7.848086833953857
12877824,6579.947483844,0.15634276250730572,0.59320068359375,,,,,,,,0.00341796875,1.539602279663086,0.004923577409317814,-0.02282010456389888,7.7695465087890625
12886016,6584.442466759996,0.15697523094051757,0.602099597454071,,,,,,,,0.00390625,1.5349172353744507,0.004663134556478932,-0.014232729742133566,6.0867533683776855
12894208,6589.2946977839965,0.11427962544426631,0.548754870891571,,,,,,,,0.003173828125,1.5704059600830078,0.0032158951389652524,-0.029841914632181683,7.8769097328186035
12902400,6594.628772372998,0.12844325277342622,0.558520495891571,,,,,,,,0.0042724609375,1.5936100482940674,0.0018716321552936233,-0.020734649394630673,7.57977294921875
12910592,6600.255621787997,0.14141750449957877,0.572277843952179,0.02472308464928885,0.018542313486966666,0.018542313486966666,333,469.4614074126737,49.95,30.75,0.0032958984375,1.5400773286819458,0.0019524559919475992,-0.025580064629814825,8.439470291137695
12918784,6608.143269879998,0.1820159695599524,0.5762085318565369,,,,,,,,0.0035400390625,1.5683057308197021,0.004068069439612909,-0.024400220104800033,6.463543891906738
12926976,6613.297216489998,0.13354215490735913,0.5724731683731079,,,,,,,,0.0037841796875,1.5171433687210083,0.005346459561539119,-0.02555379710973148,7.299075603485107
12935168,6618.322560724002,0.14588777417147356,0.586987316608429,,,,,,,,0.0028076171875,1.524283766746521,0.0041041744598756535,-0.024394666528119436,6.5320611000061035
12943360,6623.661077896002,0.15284018025264173,0.587963879108429,,,,,,,,0.00390625,1.5773506164550781,0.003372989577216212,-0.01728149302504641,6.989442348480225
12951552,6629.598761201996,0.1297005735213867,0.5562744140625,,,,,,,,0.00390625,1.4966726303100586,0.004175597677437137,-0.02619723884477622,7.415210247039795
12959744,6635.243545580997,0.1287216277523049,0.5620361566543579,,,,,,,,0.0035400390625,1.6140433549880981,0.0029300346383013265,-0.02591782761026286,8.131464958190918
12967936,6640.485409740002,0.14455204005104508,0.585864245891571,,,,,,,,0.00439453125,1.494042158126831,0.004497521496950707,-0.028117222868875802,6.20749044418335
12976128,6645.876695696003,0.1354726372933174,0.586181640625,0.016439160393033392,0.012801797455204267,0.0123293702947751,308,454.1912758758057,45.6,35.25,0.0023193359375,1.5167607069015503,0.006691709565296633,-0.02570918719947335,6.255892753601074
12984320,6652.894216282999,0.1597003499225599,0.607421875,,,,,,,,0.00390625,1.5859415531158447,0.006468912601574228,-0.023877030339207798,4.942461967468262
12992512,6657.945030393996,0.1499202844815926,0.55865478515625,,,,,,,,0.0047607421875,1.5341899394989014,0.006283832461239314,-0.01913499555661929,8.67522144317627
13000704,6663.467621559001,0.13585394932693584,0.566662609577179,,,,,,,,0.00341796875,1.5970901250839233,0.005292042106434636,-0.02331248060021877,7.449830532073975
13008896,6668.323495673001,0.16675098065284144,0.5909057855606079,,,,,,,,0.0047607421875,1.5094468593597412,0.005098271497036011,-0.012634192482834677,6.507412910461426
13017088,6673.037447033996,0.1379129848759095,0.575817883014679,,,,,,,,0.0025634765625,1.4959986209869385,0.006460045195337827,-0.02649931611394346,6.354060173034668
13025280,6677.862638166,0.1407690587633704,0.588916003704071,,,,,,,,0.0028076171875,1.5926003456115723,0.006276582416202547,-0.027702840039536172,5.530219078063965
13033472,6682.592589202002,0.20817547563022717,0.583911120891571,,,,,,,,0.0042724609375,1.4550354480743408,0.005202345579142009,-0.0103315555504474,7.429295539855957
13041664,6687.666935854002,0.12655251234339301,0.574206531047821,0.022219345328373108,0.021845967250374354,0.01867426693523999,138,141.36090862643277,19.35,nan,0.0028076171875,1.536706566810608,0.004983028607835838,-0.031041411512878005,7.088444709777832
13049856,6694.642770065002,0.1494690276294086,0.5917114615440369,,,,,,,,0.0040283203125,1.5337365865707397,0.004620686298874244,-0.02604486226781686,4.7932562828063965
13058048,6699.740627487998,0.10945957698072445,0.5230346918106079,,,,,,,,0.0042724609375,1.528863787651062,0.004908067241239822,-0.025080383697224064,10.038725852966309
13066240,6704.859378068002,0.13384012257943376,0.566149890422821,,,,,,,,0.003662109375,1.5960079431533813,0.004411665899563211,-0.025219770672282787,7.6812567710876465
13074432,6710.902052229001,0.13456087977712763,0.578564465045929,,,,,,,,0.0045166015625,1.5228636264801025,0.005846179127770634,-0.020356421505837455,7.730662822723389
13082624,6716.004544577001,0.12959191316258986,0.573742687702179,,,,,,,,0.0032958984375,1.5211470127105713,0.0037676796463497197,-0.02347676446154201,7.5810227394104
13090816,6721.736692776998,0.1293773449518366,0.586291491985321,,,,,,,,0.002685546875,1.5271077156066895,0.003379010986544584,-0.02769089179117846,5.594725131988525
13099008,6727.157602555999,0.13910006507833061,0.5662841796875,,,,,,,,0.0045166015625,1.5287809371948242,0.005428436901316225,-0.017519709047429284,7.865043640136719
13107200,6732.520635658002,0.13923601861138757,0.5622802972793579,0.016384718868246773,0.016289886784177643,0.012319705341801712,316,471.26558029078126,34.050000000000004,37.65,0.0037841796875,1.548781156539917,0.006805559875294187,-0.022006056498925175,7.932750225067139
13115392,6740.402883386996,0.13774179733095046,0.568713366985321,,,,,,,,0.003662109375,1.4804635047912598,0.005876349680446147,-0.029827899608299957,6.674777984619141
13123584,6744.689746131,0.15460205277274477,0.5958496332168579,,,,,,,,0.00341796875,1.5074071884155273,0.0048293841372861745,-0.0235552232695494,6.254814624786377
13131776,6750.169399854996,0.15807305820727424,0.585705578327179,,,,,,,,0.0029296875,1.5248124599456787,0.004006708910932133,-0.023299347953235548,6.2792840003967285
13139968,6755.521601136999,0.11636295882178965,0.563891589641571,,,,,,,,0.00341796875,1.4966402053833008,0.005721341939321167,-0.03174488631944471,6.3387603759765625
13148160,6760.683849740999,0.13682157550560334,0.5690063834190369,,,,,,,,0.0029296875,1.4989845752716064,0.0045816991454346034,-0.026642856447777752,6.533673286437988
13156352,6766.030068530999,0.1371363835775342,0.5854858756065369,,,,,,,,0.0040283203125,1.5651718378067017,0.004095383616599557,-0.025269175604898136,6.2733893394470215
13164544,6771.039903281002,0.13301514544843523,0.5850464105606079,,,,,,,,0.00390625,1.5147346258163452,0.00423654349404623,-0.02558210947616324,6.204859256744385
13172736,6776.230390247998,0.17932901816588218,0.595385730266571,0.02278677854273281,0.019813996823344504,0.017529741852771452,333,470.44243933924383,49.5,nan,0.00244140625,1.572615623474121,0.003899342277638329,-0.024563793995809005,5.426398277282715
13180928,6783.6828557940025,0.12991704031636672,0.581616222858429,,,,,,,,0.003173828125,1.4946460723876953,0.0030708035224353836,-0.027001150477633636,4.950127124786377
13189120,6789.200084534998,0.15019916145014764,0.5912231802940369,,,,,,,,0.003173828125,1.4863412380218506,0.003949541964916148,-0.025002330854849854,5.13300085067749
13197312,6794.017849208998,0.12965852149054458,0.5624145865440369,,,,,,,,0.00390625,1.608476996421814,0.005500441764787478,-0.02772246530975149,6.715071201324463
13205504,6799.400950639996,0.11638341186298756,0.527697741985321,,,,,,,,0.004638671875,1.5419279336929321,0.0044380348928837465,-0.027799985962587134,8.748147964477539
13213696,6804.964613707001,0.13087423052765798,0.5523681640625,,,,,,,,0.00341796875,1.5376434326171875,0.004595142515162354,-0.026475275571598112,8.52847957611084
13221888,6810.225173535,0.19214986899093486,0.5895752310752869,,,,,,,,0.0032958984375,1.5420628786087036,0.006255782911738006,-0.02066973813569306,6.4541168212890625
13230080,6815.028115465,0.12923277241241804,0.5722290277481079,,,,,,,,0.00390625,1.5372369289398193,0.004257075422498868,-0.0221332865060469,7.707028388977051
13238272,6820.509320869998,0.13853286404900675,0.5933837890625,0.009208500076635318,0.010224589296232045,0.007054533412666486,333,537.5499116191438,38.1,nan,0.0030517578125,1.498466968536377,0.0038753620454217153,-0.02416014204328397,5.925204753875732
13246464,6828.280106785001,0.10539779429693673,0.533581554889679,,,,,,,,0.0035400390625,1.589980959892273,0.005670342612622448,-0.02902837154682257,7.7582597732543945
13254656,6833.8988245,0.12992822036811574,0.558825671672821,,,,,,,,0.0047607421875,1.5523109436035156,0.004187155811812504,-0.02300843544811216,9.8040189743042
13262848,6840.160922766001,0.13878418463428607,0.5855957269668579,,,,,,,,0.0032958984375,1.5600377321243286,0.004298645999419315,-0.018051728940151876,7.971615791320801
13271040,6845.955583855997,0.12951930230175931,0.565441906452179,,,,,,,,0.0037841796875,1.5994949340820312,0.0056546921375819625,-0.02788567318653301,7.632318019866943
13279232,6851.160414673002,0.13225190716765697,0.563854992389679,,,,,,,,0.0042724609375,1.5559133291244507,0.004667141799685304,-0.021364671604671287,9.111557960510254
13287424,6856.505138718996,0.16059562757055365,0.60101318359375,,,,,,,,0.0035400390625,1.585505723953247,0.0034209596896638272,-0.018687299700424813,7.106907844543457
13295616,6861.483611793003,0.14294632570862484,0.5758301019668579,,,,,,,,0.00390625,1.5041887760162354,0.006355652686114821,-0.019462569275658897,6.972607612609863
13303808,6866.541480027001,0.13606393818930762,0.57244873046875,0.01134072371298811,0.012699061505812015,0.008509482435485882,333,533.6387877241041,37.95,37.65,0.0030517578125,1.525984764099121,0.0052069119731410485,-0.027112146891510626,7.956736087799072
13312000,6873.614131691,0.13591932283604255,0.571423351764679,,,,,,,,0.004150390625,1.5586923360824585,0.0031178618484251075,-0.023186860771303882,7.60210657119751
13320192,6879.191990993,0.16469955269806258,0.585644543170929,,,,,,,,0.0035400390625,1.4970786571502686,0.0058490440503752295,-0.019750761623356407,8.377593994140625
13328384,6884.457269885999,0.15667574725425507,0.605908215045929,,,,,,,,0.0029296875,1.5542322397232056,0.005578008461745276,-0.023171083282508626,5.334659576416016
13336576,6889.658528435,0.1561133767231403,0.604504406452179,,,,,,,,0.0037841796875,1.5710581541061401,0.0024533799250011645,-0.015640850317664625,6.125298976898193
13344768,6894.714287483002,0.11420072963916122,0.552868664264679,,,,,,,,0.004150390625,1.5762892961502075,0.0023113167023690595,-0.02418354206057759,8.593865394592285
13352960,6899.400258262001,0.1349003212239138,0.571459949016571,,,,,,,,0.0030517578125,1.5774872303009033,0.006095101898251798,-0.03049688948831041,6.248107433319092
13361152,6903.940302900002,0.2793531817931571,0.5875244140625,,,,,,,,0.00439453125,1.5281074047088623,0.005366892231798204,-0.014173950145444964,7.811290264129639
13369344,6908.183289030996,0.12224028193706177,0.55059814453125,0.011385274413869828,0.010489374728687162,0.008538992138638735,333,535.312450600032,35.550000000000004,31.950000000000003,0.004150390625,1.6163361072540283,0.0053436671314555095,-0.026811998283042506,9.821649551391602
13377536,6915.531434060002,0.13799656569166507,0.5714355707168579,,,,,,,,0.0037841796875,1.521022081375122,0.004957165125205609,-0.02755429804988074,9.235878944396973
13385728,6920.903095012996,0.18587316942527946,0.5875488519668579,,,,,,,,0.00439453125,1.597752571105957,0.0038937386899404736,-0.012584047210790953,9.292906761169434
13393920,6925.945445388003,0.1640650708192428,0.6120972037315369,,,,,,,,0.0029296875,1.5079034566879272,0.003428378058310866,-0.016553405992195232,6.62167501449585
13402112,6931.289163663001,0.1506540172987919,0.576550304889679,,,,,,,,0.0037841796875,1.4615139961242676,0.005011759048999531,-0.01696815387553507,7.461203098297119
13410304,6936.671423808002,0.15868598636963904,0.583605945110321,,,,,,,,0.0035400390625,1.5623985528945923,0.004377260785205839,-0.014776545363941802,8.441754341125488
13418496,6941.883707674999,0.1359809309685815,0.5848755240440369,,,,,,,,0.00390625,1.4604281187057495,0.004153071797363239,-0.030213043675876173,6.969343662261963
13426688,6947.222480723998,0.16086293117358358,0.5675415396690369,,,,,,,,0.0032958984375,1.5500528812408447,0.006275004226418357,-0.01610305156872111,10.300963401794434
13434880,6951.977802895999,0.13737934272662058,0.5808349847793579,0.010415485671201652,0.008878329940365859,0.007811614253401267,333,533.0868062594743,25.650000000000002,22.650000000000002,0.003662109375,1.507885217666626,0.0055783144213076286,-0.020080843246740865,7.3844146728515625
13443072,6959.216375156997,0.14563331178172337,0.585925281047821,,,,,,,,0.0035400390625,1.4968774318695068,0.004897736182045587,-0.02004037283445597,9.095885276794434
13451264,6964.048496935,0.1232208951655188,0.555310070514679,,,,,,,,0.00341796875,1.520704984664917,0.004691700458510528,-0.030058852277840456,9.971575736999512
13459456,6969.403353786998,0.16209186191816816,0.601318359375,,,,,,,,0.0035400390625,1.5582940578460693,0.004000811833686835,-0.02519490810150085,6.870490550994873
13467648,6974.825277737,0.12933357521310432,0.569091796875,,,,,,,,0.0032958984375,1.5094093084335327,0.0048254729129441065,-0.025916814754061435,8.02422046661377
13475840,6980.957173331,0.1601955654921944,0.602587878704071,,,,,,,,0.0035400390625,1.4733471870422363,0.005808109107686588,-0.026324284950824152,6.390390872955322
13484032,6986.453333887002,0.14446131891294117,0.58642578125,,,,,,,,0.003662109375,1.5032739639282227,0.005262056699077755,-0.02205368340603825,7.784765720367432
13492224,6992.263328093999,0.11614088108136544,0.5301880240440369,,,,,,,,0.0040283203125,1.5785036087036133,0.003675598834105509,-0.028291863690993443,11.663817405700684
13500416,6996.5485397209995,0.13699503677574618,0.5687012076377869,0.01018576419292505,0.009480846345873872,0.007639323144693844,333,544.144085632566,46.95,22.5,0.00439453125,1.5250486135482788,0.002639879687824198,-0.025213781400585913,10.049775123596191
13508608,7002.740112760002,0.1493739744716383,0.5783325433731079,,,,,,,,0.0035400390625,1.5090137720108032,0.002186035683734211,-0.02328086644732425,10.793421745300293
13516800,7007.284415091999,0.15752529122416675,0.6054931879043579,,,,,,,,0.0030517578125,1.4640529155731201,0.006679757067889147,-0.025585121566363972,8.338650703430176
13524992,7011.738670822,0.13110153627670829,0.57684326171875,,,,,,,,0.00390625,1.4901156425476074,0.005105887953138932,-0.02306724417041768,9.671093940734863
13533184,7016.323055271998,0.11511377072370146,0.544262707233429,,,,,,,,0.005126953125,1.5511248111724854,0.003758384666652459,-0.02692606098745272,12.545302391052246
13541376,7021.329374412002,0.14857173425339984,0.5837158560752869,,,,,,,,0.003173828125,1.4988595247268677,0.004054513050709585,-0.02317244144978961,10.537135124206543
13549568,7025.852416212998,0.17509760679610106,0.6063598990440369,,,,,,,,0.00390625,1.548357367515564,0.003645328319760166,-0.021614792390533825,7.628120422363281
13557760,7030.284876398997,0.14276599721754665,0.572192370891571,,,,,,,,0.00439453125,1.5440866947174072,0.004733877439252021,-0.014894975740533535,10.788619041442871
13565952,7034.722531341999,0.13549661960267997,0.5841431021690369,0.008728021167367706,0.00919606094448111,0.006546015875525724,333,544.8093609092471,45.150000000000006,26.1,0.0037841796875,1.4880399703979492,0.004423943877416736,-0.02151675051935474,8.937828063964844
13574144,7040.911545777999,0.13439794750267456,0.5765014886856079,,,,,,,,0.0032958984375,1.4867463111877441,0.005593290637595949,-0.02657046399175943,8.376198768615723
13582336,7045.273965189001,0.12138442079655816,0.552807629108429,,,,,,,,0.00390625,1.5238423347473145,0.003973991653097864,-0.024453849913696934,10.534576416015625
13590528,7049.588479990001,0.16885727940505488,0.6064087152481079,,,,,,,,0.0035400390625,1.458706259727478,0.0037764783156654103,-0.01859152197293378,9.041072845458984
13598720,7053.660104705996,0.1309861931180159,0.5830444693565369,,,,,,,,0.0030517578125,1.4576901197433472,0.003667763435666438,-0.030230287095821824,9.392610549926758
13606912,7058.115005009,0.09358482325227153,0.5072388052940369,,,,,,,,0.0052490234375,1.6086719036102295,0.004188764470760997,-0.025592248324362535,13.38288402557373
13615104,7062.550215119001,0.12896807816742348,0.564929187297821,,,,,,,,0.00439453125,1.4880790710449219,0.004203473783844003,-0.013209929364817019,11.275967597961426
13623296,7066.9834385409995,0.15027508788683852,0.59002685546875,,,,,,,,0.0028076171875,1.515421986579895,0.0025331216495118047,-0.02316826891313658,9.292922019958496
13631488,7071.205837447997,0.17365445767679324,0.600756824016571,0.028409042179869615,0.02333641863027125,0.021306781634902183,333,455.69156275889895,45.0,29.400000000000002,0.0045166015625,1.587138056755066,0.0017918828468137526,-0.01645271827610321,9.692985534667969
13639680,7078.648273519997,0.1148985424039563,0.5527099967002869,,,,,,,,0.0030517578125,1.41347336769104,0.005645903262658125,-0.027083582187737754,9.787612915039062
13647872,7083.968348126,0.17149700107030114,0.625231921672821,,,,,,,,0.0028076171875,1.5640318393707275,0.004988390323330649,-0.019002639406947013,6.794798374176025
13656064,7089.273707077002,0.14828307420871778,0.592517077922821,,,,,,,,0.003662109375,1.4656288623809814,0.004934739435846436,-0.019160659316177466,8.394991874694824
13664256,7094.01945634,0.1254024627502143,0.56500244140625,,,,,,,,0.0032958984375,1.547117829322815,0.004449034932722973,-0.027370379549396796,9.102234840393066
13672448,7099.558168007003,0.14192313156709047,0.576037585735321,,,,,,,,0.0037841796875,1.5118803977966309,0.003961843391042552,-0.02506487011854054,8.783462524414062
13680640,7105.148856182001,0.18571675887903275,0.574658215045929,,,,,,,,0.00390625,1.4363807439804077,0.005484689904865947,-0.014223557640955826,10.89548110961914
13688832,7111.088271086999,0.1280955295725866,0.56640625,,,,,,,,0.0032958984375,1.5783425569534302,0.0039052805152526293,-0.028088311557576063,10.565688133239746
13697024,7116.361587858002,0.13495180177565994,0.57342529296875,0.008066437767006773,0.007380731746485458,0.0060498283252550245,333,555.8495875037911,48.75,36.300000000000004,0.0045166015625,1.473219633102417,0.003953621643066452,-0.023453794217890015,8.823004722595215
13705216,7123.217845858002,0.1801665571574731,0.5705810785293579,,,,,,,,0.0029296875,1.5171241760253906,0.00537150348794857,-0.021404289703382314,10.719865798950195
13713408,7128.090284234,0.20052670160664113,0.58258056640625,,,,,,,,0.0037841796875,1.559146761894226,0.00580446076129415,-0.02181252583055699,9.55118179321289
13721600,7133.246598231002,0.1248479857523142,0.554516613483429,,,,,,,,0.0050048828125,1.5545599460601807,0.005100910061830444,-0.023908080961103792,12.491602897644043
13729792,7138.458207475,0.18307059111560325,0.620532214641571,,,,,,,,0.0037841796875,1.603920340538025,0.004232974258906674,-0.019445982413564593,9.073561668395996
13737984,7143.985822057999,0.13786353841296878,0.5770630240440369,,,,,,,,0.003662109375,1.5752850770950317,0.00511083546438218,-0.02392657278720664,11.127811431884766
13746176,7149.3279081209985,0.12149615830987869,0.559948742389679,,,,,,,,0.003662109375,1.47519052028656,0.004880131007312216,-0.02308030470125004,9.824305534362793
13754368,7154.878286482002,0.16318087823263358,0.5895630121231079,,,,,,,,0.0037841796875,1.570960521697998,0.004694257359351028,-0.02394777980618663,9.068489074707031
13762560,7159.890344494001,0.18839246708066307,0.59698486328125,0.012308258096127456,0.012267813591740229,0.009231193572095564,333,520.8380246768146,49.800000000000004,29.55,0.0042724609375,1.5395199060440063,0.004326183691786389,-0.015627667285112164,9.000785827636719
13770752,7166.393340456001,0.1491974868170512,0.5538696646690369,,,,,,,,0.0037841796875,1.5980916023254395,0.0035667482537941053,-0.02515983355649755,13.122653007507324
13778944,7171.434506323996,0.13414113464484254,0.5710693597793579,,,,,,,,0.00390625,1.5232470035552979,0.0046536872650555505,-0.025432089110779262,11.74866771697998
13787136,7176.722432333001,0.17353368477054235,0.5799804925918579,,,,,,,,0.004150390625,1.5456565618515015,0.0038305644616436485,-0.02511200048861382,12.055630683898926
13795328,7181.692739904,0.15269039095043038,0.5771850943565369,,,,,,,,0.0047607421875,1.5657436847686768,0.005203182396761097,-0.01691746336973732,11.504669189453125
13803520,7187.103093382997,0.14189663808823055,0.5777221918106079,,,,,,,,0.0047607421875,1.569901704788208,0.0037492604344220304,-0.018918857112686163,13.085649490356445
13811712,7192.328313377002,0.14427900923442577,0.58648681640625,,,,,,,,0.0029296875,1.4979498386383057,0.0033560540778045933,-0.024333438208066462,9.929821968078613
13819904,7197.346360315998,0.15365670473796952,0.597644031047821,,,,,,,,0.004150390625,1.6486040353775024,0.0026057044215311853,-0.023072551716121444,9.395596504211426
13828096,7202.209841514996,0.12995250742576733,0.5654541254043579,0.01365979295729014,0.010709072884600657,0.01027836843566532,254,363.14368683699115,37.2,37.800000000000004,0.0045166015625,1.547023892402649,0.002228000693016874,-0.012165943532610603,12.465764045715332
13836288,7209.562667022001,0.1650309948125503,0.61578369140625,,,,,,,,0.0029296875,1.5920802354812622,0.004527127164694944,-0.01750559219135161,7.772709846496582
13844480,7214.927086907002,0.15617356877312166,0.60382080078125,,,,,,,,0.00341796875,1.5619291067123413,0.004768447735877146,-0.018832587261789584,7.38662576675415
13852672,7220.061446995998,0.12234071939101254,0.557019054889679,,,,,,,,0.0035400390625,1.5340670347213745,0.002917246143418928,-0.0313378919724525,11.058913230895996
13860864,7225.149585398001,0.1402470557330556,0.58056640625,,,,,,,,0.0035400390625,1.6333948373794556,0.002418094873159915,-0.023399656334730415,9.24811840057373
13869056,7230.564339848999,0.119461080030906,0.556079089641571,,,,,,,,0.0050048828125,1.57708740234375,0.0023933161020057714,-0.027674020904060306,12.484354972839355
13877248,7235.675755837998,0.12566355034422128,0.573254406452179,,,,,,,,0.002685546875,1.5340423583984375,0.0034063279017138015,-0.027980130130815174,9.702396392822266
13885440,7241.363472846999,0.1175969820231009,0.5486206412315369,,,,,,,,0.004150390625,1.711689829826355,0.003040801985821906,-0.021144669235361475,10.652152061462402
13893632,7246.655806094001,0.1437684912104357,0.57574462890625,0.00969711270497009,0.008083612558159925,0.007272834528727623,333,539.1600553031606,49.650000000000006,26.1,0.0032958984375,1.482744812965393,0.004170988097145667,-0.021202175982288143,7.740171909332275
13901824,7254.698884646998,0.10565147791871682,0.53173828125,,,,,,,,0.0029296875,1.6746288537979126,0.0026259976155664777,-0.0335518145418013,11.92245864868164
13910016,7259.610358343998,0.15947234699321788,0.5658813714981079,,,,,,,,0.0052490234375,1.5722981691360474,0.002566891559883544,-0.02011213858713201,10.973783493041992
13918208,7264.5168920829965,0.1182813335516551,0.560168445110321,,,,,,,,0.00341796875,1.5769338607788086,0.002958860513705752,-0.029816153180337215,10.674748420715332
13926400,7269.598162272996,0.15316557197575556,0.5828857421875,,,,,,,,0.0037841796875,1.6625194549560547,0.003021289645443126,-0.02022632166536749,9.43226146697998
13934592,7275.048717960999,0.16027419204552373,0.588696300983429,,,,,,,,0.0032958984375,1.5460095405578613,0.002458304110639631,-0.01572932493162581,9.800339698791504
13942784,7280.611233062002,0.16441511370359937,0.5986328125,,,,,,,,0.003662109375,1.5910309553146362,0.0022839074880915966,-0.01533661557429855,7.930999755859375
13950976,7286.169307905999,0.13430532321222263,0.569091796875,,,,,,,,0.0045166015625,1.566746711730957,0.005049841033073821,-0.019690661746885843,9.623839378356934
13959168,7291.370413151999,0.13885892786408358,0.5860962271690369,0.01763960949532284,0.014929699075971525,0.013281968131355182,333,489.5712367510897,48.75,nan,0.002685546875,1.5604190826416016,0.0037835411122348894,-0.027613105870293378,8.498987197875977
13967360,7298.924182951996,0.1496219975961218,0.59442138671875,,,,,,,,0.003173828125,1.5346717834472656,0.0029146575903638006,-0.020671728085131742,7.737681865692139
13975552,7303.494697379996,0.1275202396174465,0.55792236328125,,,,,,,,0.0047607421875,1.5648736953735352,0.005248716347209248,-0.01703465133281043,10.446881294250488
13983744,7308.397647550002,0.14560706690559294,0.590991199016571,,,,,,,,0.0032958984375,1.5537923574447632,0.005896918660892925,-0.027415684613578073,7.619789123535156
13991936,7313.727386188002,0.13031181212001766,0.5410522818565369,,,,,,,,0.003662109375,1.6224157810211182,0.005506417549828058,-0.023759984541159695,11.519892692565918
14000128,7319.254297628002,0.12982483852590543,0.554675281047821,,,,,,,,0.0037841796875,1.4888437986373901,0.0038060909928004927,-0.022948299946133552,12.247564315795898
14008320,7323.805099149999,0.1576693739845464,0.580249011516571,,,,,,,,0.0037841796875,1.6412619352340698,0.0038523239951133714,-0.015277589960256655,10.518112182617188
14016512,7328.632135423002,0.1939061440839163,0.5987793207168579,,,,,,,,0.004638671875,1.62774658203125,0.0025273640594244418,-0.010912228412909373,9.459392547607422
14024704,7334.286700660996,0.1377046208836315,0.580334484577179,0.017591654871924156,0.023542370763302456,0.016467386946547258,138,143.67294185993273,19.950000000000003,nan,0.0029296875,1.5817192792892456,0.002164145669043993,-0.020751644640468456,10.835124015808105
14032896,7342.126284086,0.14808786656337905,0.574597179889679,,,,,,,,0.0037841796875,1.5904980897903442,0.003600063260066899,-0.021811028364579026,9.41636848449707
14041088,7348.342279404002,0.23722797955190755,0.570935070514679,,,,,,,,0.0045166015625,1.591472864151001,0.003033639631492946,-0.010852276315671858,12.348540306091309
14049280,7353.745739664002,0.13532186180780603,0.5675048828125,,,,,,,,0.004638671875,1.545215368270874,0.0046389471014276484,-0.02643754241759255,11.453330039978027
14057472,7359.060760579996,0.11987524196309535,0.562121570110321,,,,,,,,0.0028076171875,1.5769613981246948,0.005091366577421708,-0.031435078255114095,11.187667846679688
14065664,7364.197886230002,0.13106560630122407,0.576916515827179,,,,,,,,0.003662109375,1.5076144933700562,0.004355917328288106,-0.02362132644388835,9.44249439239502
14073856,7369.708117982002,0.16500117021753558,0.599353015422821,,,,,,,,0.003662109375,1.5375192165374756,0.004454404585603533,-0.016863061615950758,9.12621784210205
14082048,7374.828532704996,0.16443228072550167,0.5884155631065369,,,,,,,,0.003662109375,1.515549659729004,0.0046404196977244405,-0.02445726641303467,8.564681053161621
14090240,7380.275219552001,0.1309757818982261,0.5539917349815369,0.006623286290032726,0.006728647918971875,0.0049770296678093295,333,561.934299550122,44.7,49.35,0.0040283203125,1.5539590120315552,0.004709745023623979,-0.026404114673670834,10.456640243530273
14098432,7387.939228862,0.15267578262832748,0.5767456293106079,,,,,,,,0.0025634765625,1.5158718824386597,0.005583845896160788,-0.025488560389844536,9.904120445251465
14106624,7393.459255702997,0.1330725374707164,0.567797839641571,,,,,,,,0.003662109375,1.5083800554275513,0.004782069501099606,-0.02634399261002975,9.23019790649414
14114816,7398.848413414002,0.13783187875503586,0.574023425579071,,,,,,,,0.004150390625,1.5206915140151978,0.004877231621139622,-0.021575812405107232,10.153013229370117
14123008,7403.575019885997,0.12751049240662624,0.5745605826377869,,,,,,,,0.003662109375,1.5534765720367432,0.004759825202083845,-0.026717148740667697,8.861213684082031
14131200,7408.180875801001,0.14382668383715436,0.5497803092002869,,,,,,,,0.00341796875,1.5663862228393555,0.0040907899374545975,-0.02677385368741199,12.072832107543945
14139392,7413.752479941999,0.13581884077459147,0.562023937702179,,,,,,,,0.0047607421875,1.5521214008331299,0.004725818920575442,-0.026343048322103792,11.276946067810059
14147584,7419.277642977002,0.14872237615415457,0.558483898639679,,,,,,,,0.004150390625,1.5990232229232788,0.004491780811871071,-0.02051756448484535,11.448344230651855
14155776,7424.494435925997,0.13127078804622092,0.579577624797821,0.01340814893986575,0.010927304717063713,0.010420081821050697,333,508.4469996004676,49.5,nan,0.00390625,1.5517901182174683,0.004990151944522014,-0.026302238592007584,9.897541999816895
14163968,7431.671862349998,0.13249597013720008,0.571459949016571,,,,,,,,0.0037841796875,1.512840986251831,0.004810393488072773,-0.024095037624582653,11.51209545135498
14172160,7437.140383562997,0.14365271603383487,0.585583508014679,,,,,,,,0.0029296875,1.5446622371673584,0.00472997333029701,-0.01965662795151762,10.566593170166016
14180352,7442.229047818997,0.17937390075779527,0.606274425983429,,,,,,,,0.00390625,1.5355885028839111,0.004155396365819852,-0.013812656059817319,7.336974620819092
14188544,7448.213754281998,0.18133280054635226,0.606640636920929,,,,,,,,0.0037841796875,1.5240181684494019,0.005057753054806824,-0.016895648775230056,8.170130729675293
14196736,7453.637763450002,0.11975430459929709,0.558239758014679,,,,,,,,0.0032958984375,1.5895668268203735,0.004827217159258046,-0.026545932861186772,11.13885498046875
14204928,7459.008899865003,0.1381528747307872,0.5752197504043579,,,,,,,,0.0042724609375,1.5688657760620117,0.0045020103976762815,-0.018718557044559606,9.722841262817383
14213120,7463.948294973998,0.18431002339224412,0.579296886920929,,,,,,,,0.00341796875,1.6008005142211914,0.004742054374117788,-0.015059596631025683,11.098370552062988
14221312,7469.1823942129995,0.1648958813382595,0.579882800579071,0.014105816471796984,0.01462405421752666,0.011184044492385192,333,501.43591874836875,48.75,nan,0.0042724609375,1.5824224948883057,0.0046149552443929265,-0.009929234846199906,9.509814262390137
14229504,7476.650295022002,0.1190250874522141,0.559191882610321,,,,,,,,0.0035400390625,1.5263770818710327,0.003343005762238338,-0.02361052019055175,10.066267013549805
14237696,7481.021718049,0.16489126583089964,0.605151355266571,,,,,,,,0.0025634765625,1.5947315692901611,0.0032391174099598574,-0.025243472614347912,6.649143218994141
14245888,7486.2128863530015,0.13681109349577203,0.57049560546875,,,,,,,,0.00439453125,1.5409455299377441,0.002239935493175138,-0.022574918131847227,8.749856948852539
14254080,7491.581626337,0.16358906948079865,0.5751098990440369,,,,,,,,0.0030517578125,1.563545823097229,0.0031814988310394643,-0.017812070501018653,10.634845733642578
14262272,7496.944658198001,0.40764297939505134,0.509472668170929,,,,,,,,0.009033203125,2.027409315109253,0.004280255908432062,-0.024278616712704305,14.531600952148438
14270464,7502.221003603998,0.1166041054685909,0.52313232421875,,,,,,,,0.0074462890625,1.7488113641738892,0.004078185004545709,-0.004055691368145817,19.259798049926758
14278656,7507.112731859001,0.17516973297033803,0.5784057974815369,,,,,,,,0.0054931640625,1.7948905229568481,0.003377471053149339,-0.005629852738094666,14.76220989227295
14286848,7511.9796424000015,0.17933800059414662,0.6101440787315369,0.008189837230196062,0.008293802249153215,0.006210058355028081,333,556.3087766960604,42.150000000000006,nan,0.003662109375,1.5094647407531738,0.002597152876129716,-0.012524533691467752,8.78198528289795
14295040,7518.974607764998,0.14670052783498422,0.58154296875,,,,,,,,0.0030517578125,1.547531247138977,0.004767279484913067,-0.02127003639677683,10.733813285827637
14303232,7524.600358005999,0.11851211639430403,0.542614758014679,,,,,,,,0.0037841796875,1.6285665035247803,0.0038776660626150816,-0.02357856008449883,12.399368286132812
14311424,7530.408072919003,0.10357195007173109,0.53656005859375,,,,,,,,0.00390625,1.4466972351074219,0.003464919234097197,-0.025184527159389965,14.382529258728027
14319616,7536.076912304001,0.12024877502479892,0.5566040277481079,,,,,,,,0.0029296875,1.6018561124801636,0.0029143912832074736,-0.02639997646037756,13.3518648147583
14327808,7541.072757668997,0.1484865358259945,0.5871216058731079,,,,,,,,0.00537109375,1.6095832586288452,0.0026120235492257393,-0.014289583747627397,12.507425308227539
14336000,7547.011331182002,0.14970967515146932,0.597277820110321,,,,,,,,0.0028076171875,1.483973503112793,0.0048144927961430994,-0.026614083239164477,9.843363761901855
14344192,7552.06475962,0.17943256309383412,0.610278308391571,,,,,,,,0.003173828125,1.6270594596862793,0.005564355551424205,-0.014228694933653514,7.977898597717285
14352384,7557.510225865,0.15274255788437685,0.599963366985321,0.009575220309602561,0.008494744458079073,0.007181415232201949,333,546.6575041845344,45.6,41.1,0.0047607421875,1.5478932857513428,0.0033420594803592607,-0.012226579175820465,8.182802200317383
14360576,7564.733661247999,0.12659673935801613,0.5625854730606079,,,,,,,,0.0028076171875,1.5785807371139526,0.0028945502518050725,-0.027371178861547375,9.60969066619873
14368768,7569.697965266998,0.13401996007020786,0.5675048828125,,,,,,,,0.0040283203125,1.6275056600570679,0.003583243158293281,-0.018886880427290188,8.148816108703613
14376960,7575.057364784996,0.1319432694711242,0.5441650748252869,,,,,,,,0.0047607421875,1.6471372842788696,0.0024779668003731548,-0.02154795435793387,11.909857749938965
14385152,7580.069348085002,0.13035153812918585,0.5180420279502869,,,,,,,,0.005859375,1.7640637159347534,0.0024670545258527188,-0.014693435749796585,15.963220596313477
14393344,7585.195120719996,0.120605454168836,0.540209949016571,,,,,,,,0.005126953125,1.6551889181137085,0.004156543792557255,-0.017013829011494157,14.029840469360352
14401536,7590.482585505,0.11579847128159276,0.5545288324356079,,,,,,,,0.0054931640625,1.7106446027755737,0.004349944734678091,-0.01850895205254214,14.290657043457031
14409728,7595.602101211996,0.1517423569125578,0.5802001953125,,,,,,,,0.0042724609375,1.6746647357940674,0.002738468273353334,-0.018500463472862983,12.15297794342041
14417920,7600.707074343001,0.13986755417928753,0.578808605670929,0.07014825960086701,0.0841830958721903,0.0841830958721903,57,20.607572612666356,8.55,nan,0.00390625,1.651982069015503,0.0018408355680559207,-0.02186998093471978,11.223844528198242
14426112,7607.6127317499995,0.13374919458143078,0.567517101764679,,,,,,,,0.004150390625,1.5627647638320923,0.0038666813763568175,-0.01797413409057652,12.862689018249512
14434304,7612.988661354,0.17039146766344204,0.5989013910293579,,,,,,,,0.0037841796875,1.5691357851028442,0.0026035851287831147,-0.01874962488445055,9.112223625183105
14442496,7617.877598457002,0.21555715402795023,0.565625011920929,,,,,,,,0.0047607421875,1.6663434505462646,0.002568671498532238,-0.002812430429225466,13.25939655303955
14450688,7623.551095844996,0.1131512686085894,0.533923327922821,,,,,,,,0.0048828125,1.6328222751617432,0.003857704075149293,-0.014913911245904288,14.795437812805176
14458880,7628.868366039998,0.15451409908106362,0.5875244140625,,,,,,,,0.0040283203125,1.6244529485702515,0.0036098088510247983,-0.012663832533540018,10.988903999328613
14467072,7633.277801632998,0.10398510205046906,0.534838855266571,,,,,,,,0.00439453125,1.6197576522827148,0.0029361760458892494,-0.025774228309477495,14.05321979522705
14475264,7637.828806701997,0.16764997300740928,0.6088501214981079,,,,,,,,0.003173828125,1.6365164518356323,0.002172713127827297,-0.019370816296041482,8.518754959106445
14483456,7643.234743494002,0.14784108636878673,0.5890136957168579,0.014841235519125529,0.011914945058798088,0.011178321364579302,333,507.7825602210638,48.300000000000004,nan,0.004638671875,1.581406831741333,0.005028123240575888,-0.016991873237550668,9.154702186584473
14491648,7650.305677994998,0.1257243306242685,0.5392700433731079,,,,,,,,0.00390625,1.6727889776229858,0.003561308573556299,-0.024523038700250466,12.70315933227539
14499840,7655.149305706,0.16735448886873053,0.56719970703125,,,,,,,,0.0048828125,1.6381371021270752,0.003535944356028553,-0.011534881814666158,12.135430335998535
14508032,7660.6993873839965,0.1592107313618111,0.5552124381065369,,,,,,,,0.0047607421875,1.644024133682251,0.003110775266945476,-0.023060110088025627,12.242988586425781
14516224,7666.003258006,0.1809682666440413,0.60833740234375,,,,,,,,0.0042724609375,1.6284384727478027,0.0041773109218108395,-0.006766580254189743,9.335698127746582
14524416,7671.032026551002,0.11954060409846579,0.5490356683731079,,,,,,,,0.0040283203125,1.603175401687622,0.004163942689139555,-0.021485507976301527,10.85686206817627
14532608,7676.394891948999,0.15037828221884034,0.604785144329071,,,,,,,,0.003173828125,1.6267905235290527,0.004043026127777627,-0.02227573597426591,7.318850994110107
14540800,7681.682771959997,0.1486157213195448,0.5912109613418579,,,,,,,,0.0037841796875,1.6912819147109985,0.004502226771965989,-0.017277088088730918,7.717498779296875
14548992,7686.761449304002,0.17365813583292192,0.5872558951377869,0.004823817764870286,0.005048587457404996,0.0036774325739590275,198,286.0731634399271,28.650000000000002,nan,0.004150390625,1.5547738075256348,0.00445673988138906,-0.01409045154160251,7.462645053863525
14557184,7693.817551628003,0.12362312399397252,0.5749145746231079,,,,,,,,0.0032958984375,1.6640994548797607,0.0037522946853205674,-0.02161515314907796,7.72291898727417
14565376,7699.199262720002,0.13405581518210463,0.57537841796875,,,,,,,,0.0040283203125,1.584277629852295,0.0039765786260301805,-0.023437291205144983,8.428839683532715
14573568,7704.896078099002,0.1368927572945633,0.5845947265625,,,,,,,,0.003173828125,1.520946979522705,0.004555497676455356,-0.02256819209679436,7.371667385101318
14581760,7710.821071011,0.1371671399519768,0.5588745474815369,,,,,,,,0.004150390625,1.6743502616882324,0.0036979613384041654,-0.025670673044212097,8.72500991821289
14589952,7717.704699141999,0.1391403100787943,0.5782837271690369,,,,,,,,0.003173828125,1.5369867086410522,0.0037412492525894514,-0.027836998220474085,7.310014247894287
14598144,7722.968744207996,0.13400987260788902,0.5754638910293579,,,,,,,,0.0030517578125,1.6159509420394897,0.0029410312446042086,-0.02970415569343107,8.139422416687012
14606336,7728.147571902002,0.10120020177848438,0.507519543170929,,,,,,,,0.0047607421875,1.6783827543258667,0.002720106586553195,-0.02190317098219627,10.895257949829102
14614528,7732.9553874839985,0.1208121728164388,0.562390148639679,0.009102972518432395,0.007185430805141779,0.006827229388824296,307,497.204582491154,41.25,27.3,0.00341796875,1.486307978630066,0.005210412055279723,-0.025290924244297044,9.404069900512695
14622720,7739.759530948999,0.11893364632547315,0.550646960735321,,,,,,,,0.003173828125,1.6637828350067139,0.003701097109831575,-0.02957993086773908,9.290152549743652
14630912,7744.888367973996,0.12652080531803925,0.561938464641571,,,,,,,,0.0045166015625,1.5200860500335693,0.0036200649140187835,-0.02320223134694645,8.941339492797852
14639104,7750.192080496003,0.12262009560079878,0.56109619140625,,,,,,,,0.0030517578125,1.5723007917404175,0.005111961148910549,-0.03066973313077889,9.14887523651123
14647296,7755.184843005001,0.14874021236645082,0.588269054889679,,,,,,,,0.0030517578125,1.6128811836242676,0.003502239636486215,-0.023843088748010444,6.90029764175415
14655488,7760.5701172789995,0.1342743174215201,0.5585693717002869,,,,,,,,0.0045166015625,1.5826324224472046,0.0031422523616176923,-0.025451651519000265,8.532492637634277
14663680,7765.930179007002,0.1404748636438009,0.55889892578125,,,,,,,,0.0030517578125,1.5432782173156738,0.0036871729387181196,-0.02266536931847689,9.909307479858398
14671872,7770.927099872999,0.13365659541660424,0.5710083246231079,,,,,,,,0.0042724609375,1.6558839082717896,0.002392245378991298,-0.02156566366119083,8.795137405395508
14680064,7775.754584506998,0.1292511612588819,0.5664917230606079,0.01498155816972091,0.013898443606402466,0.011273605021251076,333,507.31004977213365,49.800000000000004,nan,0.004150390625,1.5280914306640625,0.0022216084994639562,-0.02497003084995615,8.8316068649292
14688256,7783.036768140999,0.11637841818048385,0.547045886516571,,,,,,,,0.003173828125,1.6062767505645752,0.0023941474300399612,-0.02996747754023754,9.588066101074219
14696448,7787.3659241720015,0.09933676898137028,0.5280395746231079,,,,,,,,0.0040283203125,1.5602469444274902,0.005296344520545837,-0.024029825661007274,9.416616439819336
14704640,7792.828423494997,0.12070468575805414,0.56512451171875,,,,,,,,0.0032958984375,1.5947898626327515,0.004860516065969156,-0.02543972878377389,10.953431129455566
14712832,7798.194271610999,0.18683966992446271,0.5542846918106079,,,,,,,,0.004638671875,1.6490838527679443,0.0029320370537133655,-0.022214634582463373,11.068267822265625
14721024,7803.2110562829985,0.15832915405103704,0.537646472454071,,,,,,,,0.003662109375,1.56272292137146,0.0028637492939640463,-0.021405648437646974,12.19121265411377
14729216,7808.524237560996,0.13391389702348763,0.54779052734375,,,,,,,,0.0029296875,1.6056687831878662,0.00402392807005314,-0.021822725394917936,13.361297607421875
14737408,7814.6362715809955,0.32080637008409874,0.5830322504043579,,,,,,,,0.00439453125,1.5367437601089478,0.004225839117875552,-0.005139077248887748,11.408648490905762
14745600,7820.1320721619995,0.16545966467909265,0.585131824016571,0.011054529723157014,0.010411718567575057,0.00829089729236776,306,478.4273175370918,40.35,26.1,0.003662109375,1.567704439163208,0.0032376870565307136,-0.013270757778835419,11.780110359191895
14753792,7827.157505926996,0.14363818276138376,0.5827881097793579,,,,,,,,0.00390625,1.610046625137329,0.003855738469976333,-0.02039190218817788,10.489323616027832
14761984,7832.4279886389995,0.18603416720571891,0.601916491985321,,,,,,,,0.003173828125,1.5446879863739014,0.0035139674142474764,-0.01477771606425804,8.392813682556152
14770176,7837.885582397001,0.13865215154114516,0.572216808795929,,,,,,,,0.0028076171875,1.5363534688949585,0.005638752248598111,-0.027730027046518082,8.444781303405762
14778368,7842.915345198999,0.1365169075351335,0.566882312297821,,,,,,,,0.004150390625,1.5343173742294312,0.0039004639978350575,-0.019550564823193825,9.052718162536621
14786560,7848.239530961,0.11833509512872141,0.556835949420929,,,,,,,,0.0042724609375,1.6316182613372803,0.0036881757171307594,-0.027357707192182404,11.25279426574707
14794752,7853.215763818,0.14338322250861554,0.5851074457168579,,,,,,,,0.003662109375,1.5854179859161377,0.00434144439196027,-0.020404266443650093,8.168187141418457
14802944,7858.261490432,0.13481261854271126,0.5609497427940369,,,,,,,,0.0040283203125,1.642454743385315,0.0028987303008275456,-0.023013162982459215,10.295910835266113
14811136,7863.582981494001,0.154409279006646,0.53692626953125,0.01772625388287874,0.013844900686306172,0.013482167313961013,333,491.0528880110135,38.550000000000004,nan,0.004150390625,1.5808418989181519,0.0023247217637152318,-0.02038890029693183,14.231515884399414
14819328,7870.693062341998,0.13049340562720282,0.575854480266571,,,,,,,,0.003173828125,1.556257963180542,0.005249188883238665,-0.030517577260209983,7.755361080169678
14827520,7875.880235545999,0.13407382152283198,0.577343761920929,,,,,,,,0.0035400390625,1.5269708633422852,0.004643773758007397,-0.023934147797880438,8.223041534423828
14835712,7880.959470788999,0.10182571420105896,0.52252197265625,,,,,,,,0.0045166015625,1.535570740699768,0.0040500283418920535,-0.026769635176735876,13.790081977844238
14843904,7886.463563942001,0.14019932646954528,0.5709228515625,,,,,,,,0.002197265625,1.5532376766204834,0.004027421551636268,-0.02168095242371955,9.828381538391113
14852096,7891.9014089970005,0.11976523679710445,0.5470215082168579,,,,,,,,0.004150390625,1.5423229932785034,0.003401142103517052,-0.02767705904594017,10.609383583068848
14860288,7897.284252609999,0.1313781829985076,0.5736083984375,,,,,,,,0.003662109375,1.4979075193405151,0.0035317801312970687,-0.018931765387913486,9.343635559082031
14868480,7902.250289003001,0.1343078520812452,0.572436511516571,,,,,,,,0.0030517578125,1.6585129499435425,0.004423392334033882,-0.03272663849653871,7.862379550933838
14876672,7907.706457435001,0.11661818772099541,0.541857898235321,0.01035041472403142,0.00983880456627384,0.007820092997327666,333,530.7055606265085,45.0,nan,0.00439453125,1.559359073638916,0.004627031684846905,-0.021273781624537864,9.98810863494873
14884864,7915.258088304996,0.1403293428527772,0.5736938714981079,,,,,,,,0.00244140625,1.468915581703186,0.005104204586847683,-0.028340799058813145,10.226247787475586
14893056,7920.876734174999,0.1398321539611532,0.582836925983429,,,,,,,,0.0040283203125,1.6132452487945557,0.004437682397212539,-0.02168735202457788,8.8569917678833
14901248,7925.8444795339965,0.14103287677425075,0.567553699016571,,,,,,,,0.0040283203125,1.4983038902282715,0.00426641133907002,-0.013766702812176429,11.70138168334961
14909440,7931.372255804003,0.13006674744120153,0.557934582233429,,,,,,,,0.0040283203125,1.7152979373931885,0.004375594617671674,-0.024990055732551444,10.419822692871094
14917632,7936.650223792996,0.1514308741918415,0.586901843547821,,,,,,,,0.00390625,1.5669639110565186,0.0034035586379622673,-0.018787017302434175,10.104103088378906
14925824,7941.526304811996,0.1274712967707985,0.5731567740440369,,,,,,,,0.0028076171875,1.5248321294784546,0.0032332983232060686,-0.030272481995801,9.727907180786133
14934016,7945.886406997,0.16763922435231662,0.579760730266571,,,,,,,,0.004150390625,1.5692065954208374,0.0038923642254033997,-0.012874951600508572,10.399240493774414
14942208,7951.734136840001,0.11008571952295215,0.5479736328125,0.012973062068820873,0.011258981768407672,0.009847200297288916,333,516.7552705175522,48.6,nan,0.0047607421875,1.5704591274261475,0.003864698738168304,-0.020549126797265765,13.0534029006958
14950400,7959.618489314998,0.13991086979305267,0.587841808795929,,,,,,,,0.002685546875,1.634326696395874,0.003929986367472549,-0.025335455820377717,8.593836784362793
14958592,7965.0492084470025,0.09510948045022777,0.5060181021690369,,,,,,,,0.0052490234375,1.5971336364746094,0.004531252787712603,-0.02737389091050925,13.958813667297363
14966784,7970.369234058999,0.10431502420941736,0.5147339105606079,,,,,,,,0.0040283203125,1.4908831119537354,0.007899362879126404,-0.023966125141564123,18.411441802978516
14974976,7975.573087543002,0.1640581989872453,0.616589367389679,,,,,,,,0.00341796875,1.5816453695297241,0.002523979015221056,-0.028224678925055403,9.28330135345459
14983168,7980.356563857997,0.11551686849734831,0.5375000238418579,,,,,,,,0.005126953125,1.5389267206192017,0.0022822921533465212,-0.018204587767857,16.030927658081055
14991360,7985.363541451996,0.0906394328811438,0.5164428949356079,,,,,,,,0.00390625,1.5655953884124756,0.004520204424489416,-0.029230108560090496,16.834272384643555
14999552,7990.688136803001,0.16772747685812406,0.6049438714981079,,,,,,,,0.0030517578125,1.56928551197052,0.004065906469180702,-0.02031191890294988,10.040982246398926
15007744,7995.906755937001,0.15044834771944174,0.58734130859375,0.014854508240158437,0.013110307445863612,0.0111408811801188,333,505.75863831864444,46.800000000000004,31.650000000000002,0.0047607421875,1.5334969758987427,0.0063758004179401695,-0.019269823942733,9.907809257507324
15015936,8003.567490545,0.13056969550108063,0.5588745474815369,,,,,,,,0.00390625,1.582574486732483,0.004527768098148699,-0.026900555726470515,13.196505546569824
15024128,8008.988117631001,0.16646293427701664,0.5918335318565369,,,,,,,,0.0040283203125,1.536926507949829,0.004625631767602334,-0.015481525572353692,10.553847312927246
15032320,8014.448278295,0.13193600334440772,0.5679077506065369,,,,,,,,0.00341796875,1.5321322679519653,0.00467694325991419,-0.02380392846844782,11.938261985778809
15040512,8019.626356415996,0.1505248677039372,0.595263659954071,,,,,,,,0.00390625,1.638999581336975,0.004234911339108138,-0.022410427031406815,9.031099319458008
15048704,8024.856862410998,0.15536005913616036,0.5701050162315369,,,,,,,,0.0037841796875,1.4603116512298584,0.004195106998560627,-0.017635520857610765,9.354329109191895
15056896,8029.985264789997,0.12143124708106834,0.561718761920929,,,,,,,,0.0029296875,1.5783272981643677,0.005128211141853578,-0.030288749910590662,8.822145462036133
15065088,8035.301298033002,0.10522316616839889,0.5335327386856079,,,,,,,,0.0045166015625,1.5623754262924194,0.0044726846338425386,-0.027442401917082727,12.510632514953613
15073280,8040.476291289,0.11592720740273228,0.5523315668106079,0.008056057134181893,0.009150731383392063,0.007974913920962945,200,265.5312175479942,28.950000000000003,nan,0.003662109375,1.572148084640503,0.003964508897574492,-0.030401515492506262,11.753886222839355
15081472,8047.175549608,0.1386097102817579,0.57049560546875,,,,,,,,0.0040283203125,1.5411732196807861,0.00354682018097352,-0.02677869146320342,9.99802303314209
15089664,8051.043735615,0.0899050411402551,0.505688488483429,,,,,,,,0.005126953125,1.571920394897461,0.003354936377417017,-0.02537176812804537,16.449716567993164
15097856,8056.5208269290015,0.11877486736690646,0.5600830316543579,,,,,,,,0.0029296875,1.5545034408569336,0.0023313547520127376,-0.028261302026507985,13.102493286132812
15106048,8060.926271757999,0.14205013455271887,0.5837646722793579,,,,,,,,0.0030517578125,1.4715964794158936,0.0038531920153878074,-0.028112190219155387,9.363901138305664
15114240,8065.246492806997,0.11793704448452216,0.5601440668106079,,,,,,,,0.004150390625,1.5189120769500732,0.004109866641481719,-0.02437759499025881,10.872593879699707
15122432,8069.669564516,0.12105214295302752,0.549511730670929,,,,,,,,0.00390625,1.5516411066055298,0.004504262810525295,-0.026751368597320704,11.761126518249512
15130624,8074.109561992998,0.11161917257788737,0.546398937702179,,,,,,,,0.00439453125,1.5563163757324219,0.004294566305651948,-0.025915332577982838,11.257172584533691
15138816,8078.141083828996,0.13278651341813572,0.5685669183731079,0.013190079965139656,0.011046537982227544,0.009900921055172818,333,509.88918423650296,48.0,45.6,0.00341796875,1.525888204574585,0.003977467261045531,-0.029557032288088505,10.5134859085083
15147008,8084.583521654,0.1371649880043078,0.5453857779502869,,,,,,,,0.004638671875,1.6314711570739746,0.004838481561154073,-0.022432723373661437,13.015578269958496
15155200,8088.647618855997,0.12100789033078763,0.565197765827179,,,,,,,,0.0030517578125,1.4847569465637207,0.004857797073648307,-0.030492333666606964,10.687772750854492
15163392,8092.845154406001,0.136554186501479,0.565185546875,,,,,,,,0.00341796875,1.5709799528121948,0.0051181918856129105,-0.0210776673410745,12.150120735168457
15171584,8097.284608235001,0.11799037576770269,0.5556274652481079,,,,,,,,0.0042724609375,1.4914391040802002,0.0052331146732125244,-0.026132210485729553,11.970788955688477
15179776,8101.794629354001,0.1483640259111809,0.5682007074356079,,,,,,,,0.003173828125,1.4738423824310303,0.005183686626134887,-0.018472585236493422,11.048521995544434
15187968,8106.294063276,0.17848811455045102,0.5168823599815369,,,,,,,,0.00537109375,1.6715441942214966,0.005891638030477098,-0.009125430818944074,15.517956733703613
15196160,8110.770009088999,0.16816316233858966,0.56610107421875,,,,,,,,0.0042724609375,1.525030493736267,0.00522969412864116,-0.005748368513909224,14.421632766723633
15204352,8115.050701695996,0.16056917575215057,0.588696300983429,0.00943398980028698,0.010432637159871971,0.007085480835311797,333,544.8286645912713,36.9,37.800000000000004,0.0030517578125,1.5215263366699219,0.0036364471505238027,-0.017923942339503566,11.541847229003906
15212544,8121.337100628996,0.14327512920074212,0.5709228515625,,,,,,,,0.00390625,1.5799100399017334,0.002899183031384478,-0.02010684072455958,10.565821647644043
15220736,8125.270309945001,0.11841484636203568,0.552600085735321,,,,,,,,0.0048828125,1.5159742832183838,0.005083426631520727,-0.022223126779906663,14.031145095825195
15228928,8130.960652274996,0.13225291516111684,0.5730224847793579,,,,,,,,0.0028076171875,1.5461684465408325,0.004572194504072313,-0.029857298728054517,10.5736665725708
15237120,8136.114596079002,0.1923831591963142,0.587390124797821,,,,,,,,0.0037841796875,1.5748934745788574,0.00496060012154298,-0.024762493648813323,9.37197494506836
15245312,8142.324356890997,0.15065889961079734,0.558667004108429,,,,,,,,0.003662109375,1.5573455095291138,0.003854857876927187,-0.024778115036754506,10.465805053710938
15253504,8147.452620060998,0.1181841911604949,0.546215832233429,,,,,,,,0.0045166015625,1.5783767700195312,0.005392430538927573,-0.021936684725413946,13.14494800567627
15261696,8153.084979441002,0.20051038810870409,0.5903686881065369,,,,,,,,0.0037841796875,1.5352702140808105,0.004855684894465306,-0.02135382023723629,9.591832160949707
15269888,8158.295735401996,0.1436419884830449,0.592175304889679,0.011088209285904371,0.009502739215394573,0.008317712264227728,333,535.075315891145,42.300000000000004,44.85,0.002685546875,1.577390432357788,0.004456831816303408,-0.028704302436756382,7.218509674072266
15278080,8165.782134187997,0.13886277730734015,0.570690929889679,,,,,,,,0.004150390625,1.5893234014511108,0.0038368362644716214,-0.015301490139424685,9.4757661819458
15286272,8170.598235281002,0.10763008222370724,0.54351806640625,,,,,,,,0.00390625,1.5346931219100952,0.003248950135929629,-0.028814611662143264,9.601515769958496
15294464,8175.5944537339965,0.1393788817536878,0.5723510980606079,,,,,,,,0.0030517578125,1.578366994857788,0.0017093121112479182,-0.025949389604695085,7.845303535461426
15302656,8180.680955661002,0.20914452803535566,0.5502685904502869,,,,,,,,0.004638671875,1.5519386529922485,0.0015106687778271288,-0.016401818745592572,11.46615982055664
15310848,8185.752143204001,0.09526993899065901,0.4760498106479645,,,,,,,,0.005126953125,1.615054726600647,0.004244732812524132,-0.030855582653084104,20.232637405395508
15319040,8190.0613839590005,0.12908057787031296,0.5605713129043579,,,,,,,,0.0032958984375,1.535076379776001,0.003889095184316349,-0.02868480520449908,10.853644371032715
15327232,8194.932222522999,0.1042908576067661,0.5271973013877869,,,,,,,,0.0040283203125,1.4500706195831299,0.003765403521737154,-0.02595672380819358,16.99647331237793
15335424,8200.353048537996,0.10893559222354976,0.54388427734375,0.01788644944964768,0.015351463901315587,0.01389697016448077,201,250.46553877795844,28.650000000000002,nan,0.00439453125,1.5598458051681519,0.005614163422491436,-0.023511992552451545,13.431764602661133
15343616,8208.27921917,0.1095392457564866,0.5380005240440369,,,,,,,,0.0042724609375,1.484778881072998,0.005527442327659671,-0.02659398013529264,14.873433113098145
15351808,8213.469726695002,0.12933254271650801,0.5635010004043579,,,,,,,,0.004150390625,1.5622735023498535,0.003452703870625795,-0.025015450568519806,13.955698013305664
15360000,8218.471163157003,0.11179549775683816,0.55316162109375,,,,,,,,0.0035400390625,1.495951533317566,0.003441681770185223,-0.029668071852701285,12.415390014648438
15368192,8223.548967602997,0.14547507569627852,0.559741199016571,,,,,,,,0.00390625,1.5935219526290894,0.005448911650804855,-0.019111293685151316,13.554957389831543
15376384,8228.355142341003,0.13324299820209742,0.5791992545127869,,,,,,,,0.00439453125,1.4602694511413574,0.006200353361686561,-0.012104868807249626,9.047088623046875
15384576,8233.416184249996,0.1384092698680165,0.583813488483429,,,,,,,,0.00390625,1.5805785655975342,0.0031594487571739993,-0.018908847537285885,10.548788070678711
15392768,8240.073179792998,0.1284660731503474,0.543835461139679,,,,,,,,0.0029296875,1.5709140300750732,0.0021377729460101413,-0.021948616068851526,12.443904876708984
15400960,8245.899021489997,0.1487618573574628,0.5772949457168579,0.01214949291513634,0.01273861917534469,0.009747524694174059,199,264.229267276644,28.650000000000002,nan,0.0048828125,1.6297883987426758,0.0020897523994458655,-0.015454341713601197,10.08159351348877
15409152,8253.495708069997,0.19389007233149635,0.590197741985321,,,,,,,,0.003662109375,1.4961090087890625,0.004051305353947154,-0.007618354791837062,10.325066566467285
15417344,8258.675166939996,0.1366436701047021,0.568713366985321,,,,,,,,0.00341796875,1.5975024700164795,0.004029823755840711,-0.02765955001088844,10.344614028930664
15425536,8264.049643034996,0.11306344142850439,0.5434936881065369,,,,,,,,0.004638671875,1.5326591730117798,0.004757550390453669,-0.0287789917701292,11.972044944763184
15433728,8269.325578548,0.11827158318526215,0.535778820514679,,,,,,,,0.00341796875,1.5489572286605835,0.003512896416008049,-0.0250262382032095,12.17492961883545
15441920,8274.678957605996,0.11438363675659674,0.5459961295127869,,,,,,,,0.0048828125,1.6073193550109863,0.0038563587064963656,-0.02112143796727543,12.006072998046875
15450112,8280.226133026,0.13376887073641372,0.5706543326377869,,,,,,,,0.00390625,1.542634129524231,0.0044743827115297785,-0.021344222491774797,11.676092147827148
15458304,8285.820846602997,0.1537357006377583,0.595141589641571,,,,,,,,0.0035400390625,1.592330813407898,0.003310407027112272,-0.019651162029528452,8.163681030273438
15466496,8290.776355424001,0.1338396411398235,0.562084972858429,0.012580167836123035,0.01197860784779936,0.01020796921989664,333,510.7918624211675,48.6,nan,0.004638671875,1.5240414142608643,0.005052639607084686,-0.019614422353361874,10.516440391540527
15474688,8298.557745468002,0.12682901694919388,0.567614734172821,,,,,,,,0.003173828125,1.529796838760376,0.004138097682076625,-0.028841016279667255,9.943777084350586
15482880,8303.694090933997,0.0973181971060179,0.522814929485321,,,,,,,,0.0035400390625,1.546244502067566,0.004109638736875754,-0.027459979016814542,11.919661521911621
15491072,8308.772109024998,0.11587645900582402,0.536181628704071,,,,,,,,0.0052490234375,1.6081725358963013,0.0034491162037609824,-0.02210263161323434,13.06119441986084
15499264,8313.814422980002,0.1160374124215772,0.5555419921875,,,,,,,,0.0032958984375,1.5828083753585815,0.0034763211990634924,-0.028667234895446883,10.164705276489258
15507456,8319.077262590996,0.1393333090730267,0.554675281047821,,,,,,,,0.0037841796875,1.6021665334701538,0.003438674128200425,-0.02001518964891255,11.8101806640625
15515648,8324.771068640002,0.11459526464984654,0.5486816763877869,,,,,,,,0.0042724609375,1.5076301097869873,0.003948561969170039,-0.023806068454251067,12.12850284576416
15523840,8329.724471636997,0.1627193892053847,0.610546886920929,,,,,,,,0.0028076171875,1.5572429895401,0.005291229133537856,-0.027082809091852796,7.165734767913818
15532032,8334.748995508002,0.11783811757726488,0.558850109577179,0.012462654913882987,0.011709348709861733,0.009424101812503527,264,386.3484852830474,37.050000000000004,nan,0.004638671875,1.5580922365188599,0.004782632603641979,-0.023992600968086523,8.549654006958008
15540224,8341.354419254996,0.11044638525211128,0.54119873046875,,,,,,,,0.003662109375,1.5976603031158447,0.004524340927385184,-0.02634059449083356,10.798775672912598
15548416,8345.721219346997,0.14854599319887693,0.5863891839981079,,,,,,,,0.0035400390625,1.640289545059204,0.004268806908646505,-0.018963082031140503,6.987033367156982
15556608,8351.228609509002,0.12880418056105059,0.5604004263877869,,,,,,,,0.0042724609375,1.5294551849365234,0.004400922851879763,-0.021246912750596758,9.761305809020996
15564800,8356.909161757998,0.12199735738190741,0.545825183391571,,,,,,,,0.0032958984375,1.548250436782837,0.005688686727905012,-0.030597905357167887,10.592622756958008
15572992,8362.59613513,0.14288228061767327,0.5701904296875,,,,,,,,0.004150390625,1.5356159210205078,0.0041864972066867345,-0.027302576542537406,9.63442611694336
15581184,8367.8314388,0.13959029433837608,0.5702148675918579,,,,,,,,0.00390625,1.5830597877502441,0.0046177958495050575,-0.024751946356004587,9.023921012878418
15589376,8373.318101523,0.12780295629962005,0.572338879108429,,,,,,,,0.003173828125,1.5218892097473145,0.004667976223141634,-0.02415294114101286,7.5670366287231445
15597568,8378.539618912,0.11325436782978954,0.553393542766571,0.013097250959707152,0.011000808142721086,0.00988259493816046,333,519.785952292225,47.85,nan,0.0037841796875,1.5354022979736328,0.004065620898881961,-0.02560350891006092,9.177459716796875
15605760,8386.336204271996,0.13666353715341992,0.5812744498252869,,,,,,,,0.00390625,1.556637167930603,0.0032121409953886904,-0.02377891902428407,7.667140960693359
15613952,8392.048262748998,0.11717718528575619,0.559252917766571,,,,,,,,0.0029296875,1.5830509662628174,0.003556399632213103,-0.034200197729272346,6.844811916351318
15622144,8398.330667677,0.10691714218629587,0.5334839224815369,,,,,,,,0.0042724609375,1.5768097639083862,0.0030960389421540446,-0.030522748412455638,9.269185066223145
15630336,8403.516733530996,0.10165108520186102,0.5223755240440369,,,,,,,,0.0030517578125,1.5339336395263672,0.003775687640422687,-0.03217052971454174,10.306231498718262
15638528,8408.478020185,0.09563922563386074,0.5058838129043579,,,,,,,,0.00390625,1.5685210227966309,0.004373116015929379,-0.02931273549077207,13.096976280212402
15646720,8413.476382342,0.12854018002574802,0.56365966796875,,,,,,,,0.004150390625,1.562300682067871,0.0063617035244090125,-0.023725129389554196,9.464211463928223
15654912,8418.671434707998,0.17416682424450222,0.589611828327179,,,,,,,,0.0037841796875,1.5529072284698486,0.005465941056704615,-0.017939093392885352,8.501482009887695
15663104,8423.670829563001,0.1554305019646637,0.5649658441543579,0.01028238863188291,0.009216148080753328,0.007711791473912211,333,545.3075506752047,46.650000000000006,38.85,0.004638671875,1.6011146306991577,0.00532641930479727,-0.023382984272271395,9.907828330993652
15671296,8431.072429722997,0.0955793112883134,0.516101062297821,,,,,,,,0.00341796875,1.5249550342559814,0.0037615451742556427,-0.029060166854109584,12.378477096557617
15679488,8436.436768824999,0.12603135048865005,0.5704590082168579,,,,,,,,0.003662109375,1.533190131187439,0.003885158830725155,-0.032887834781798665,7.720602512359619
15687680,8441.733901045001,0.10781405679513174,0.539965808391571,,,,,,,,0.003662109375,1.5266578197479248,0.00500879445498148,-0.025431401157061023,10.756087303161621
15695872,8446.821652906998,0.15203221109220105,0.573559582233429,,,,,,,,0.0032958984375,1.538589358329773,0.004034430025146807,-0.02494408276241935,9.354859352111816
15704064,8451.951438557997,0.13705268556847586,0.5646728873252869,,,,,,,,0.0037841796875,1.6116033792495728,0.003671888288553249,-0.026817199141743398,8.62274169921875
15712256,8457.243366463,0.16058103003669275,0.585864245891571,,,,,,,,0.0032958984375,1.53835129737854,0.0044243594884099124,-0.025775942620981936,7.525701999664307
15720448,8462.424278072998,0.11147108431761668,0.548449695110321,,,,,,,,0.003662109375,1.6350864171981812,0.004550874251382231,-0.026255851646724806,8.033923149108887
15728640,8467.673660023,0.12642114984311967,0.551440417766571,0.006341361269176282,0.005695779109675336,0.004756020951882212,333,579.151844794254,48.6,36.6,0.0042724609375,1.5327234268188477,0.0034519601838066682,-0.020950260803293114,9.818379402160645
15736832,8475.255258311998,0.109191390103144,0.5532593131065369,,,,,,,,0.0028076171875,1.5206553936004639,0.003423324134619543,-0.035126428455085276,8.691314697265625
15745024,8480.522007984997,0.13810167555846695,0.5646118521690369,,,,,,,,0.0037841796875,1.5597200393676758,0.004718588754867525,-0.025295193771113857,9.408137321472168
15753216,8485.668546287998,0.1338170997422513,0.539868175983429,,,,,,,,0.0045166015625,1.5922807455062866,0.003925581924092092,-0.021646884854601464,12.174891471862793
15761408,8490.081489185002,0.1033796227281004,0.5172485709190369,,,,,,,,0.00341796875,1.571757435798645,0.005059225559728597,-0.03253591312898244,13.367260932922363
15769600,8495.237117634002,0.14179119119930325,0.58154296875,,,,,,,,0.00390625,1.471632719039917,0.005276243223726773,-0.022525770306180748,9.736348152160645
15777792,8500.318520406,0.15667910596035514,0.569958508014679,,,,,,,,0.0037841796875,1.4618219137191772,0.0050936023755903115,-0.01782254835754779,10.396110534667969
15785984,8505.660435589001,0.11332792241622047,0.547619640827179,,,,,,,,0.0037841796875,1.555809736251831,0.005433489402920544,-0.02710233617809571,11.599644660949707
15794176,8510.686646141003,0.14302590544701924,0.54913330078125,0.018094594261216512,0.022086210185409794,0.01400926284135795,333,488.04198851590036,48.0,nan,0.0040283203125,1.500610113143921,0.0056159328260108055,-0.022584972681793998,12.211700439453125
15802368,8518.324488548998,0.12288906284563919,0.5655517578125,,,,,,,,0.002685546875,1.5065730810165405,0.00398670563154313,-0.02782078520243149,11.392468452453613
15810560,8523.370499666002,0.14132150526885848,0.584033191204071,,,,,,,,0.003662109375,1.5132825374603271,0.003795721542721897,-0.02343385259544666,8.14001178741455
15818752,8528.792017148997,0.1174922139252228,0.54248046875,,,,,,,,0.0042724609375,1.5357600450515747,0.003151882314585186,-0.018718749772991882,12.834094047546387
15826944,8534.135558829003,0.13163888890253506,0.5606933832168579,,,,,,,,0.0032958984375,1.4938983917236328,0.003090021809116994,-0.028383812459339852,11.119525909423828
15835136,8539.103503599996,0.15021164669127068,0.5957275629043579,,,,,,,,0.003173828125,1.49448823928833,0.004819643343089375,-0.021652524699045873,7.103734493255615
15843328,8543.965220302001,0.12345443067509526,0.5574097037315369,,,,,,,,0.0045166015625,1.537360429763794,0.0039262829212955985,-0.021558386385675147,10.51089096069336
15851520,8549.380575001,0.13081130329761204,0.5599731802940369,,,,,,,,0.0030517578125,1.5974489450454712,0.004190579074833223,-0.023635624821775687,9.25350284576416
15859712,8554.714594443998,0.13055100829883207,0.573315441608429,0.009180764856801527,0.012324116651995287,0.006885573642601117,333,548.7263939352102,38.7,29.700000000000003,0.00390625,1.529807448387146,0.005067081910499427,-0.02635684342161876,10.158792495727539
15867904,8562.639939037996,0.1023662899002197,0.5352539420127869,,,,,,,,0.00439453125,1.5056490898132324,0.0036930425914918352,-0.029567012508831616,11.415043830871582
15876096,8568.200051189997,0.12759301083904115,0.5660400390625,,,,,,,,0.0029296875,1.4876041412353516,0.0036720410259419856,-0.027040561357766647,9.784029006958008
15884288,8573.402073272999,0.13297214663117088,0.554736316204071,,,,,,,,0.00390625,1.5651544332504272,0.0034646664222420798,-0.023257875519706456,10.402297973632812
15892480,8578.505455280996,0.10893733796526789,0.545910656452179,,,,,,,,0.0032958984375,1.5013984441757202,0.0043197528749057135,-0.0314301177176796,12.083415031433105
15900672,8583.971216083002,0.13866876572669817,0.572314441204071,,,,,,,,0.00341796875,1.5618494749069214,0.003692787145088916,-0.02448874716512061,10.397201538085938
15908864,8589.607894579996,0.13940311866731325,0.589282214641571,,,,,,,,0.0037841796875,1.4761531352996826,0.00358188647306823,-0.024506995235866788,9.02013874053955
15917056,8595.995247724,0.12426027555746995,0.5599731802940369,,,,,,,,0.004150390625,1.5737247467041016,0.007406228830239336,-0.022710163727612975,11.202818870544434
15925248,8601.435543480002,0.1329202354919058,0.54901123046875,0.09867252577015584,0.10522519661417307,0.10522519661417307,57,19.17849312503737,8.55,nan,0.003662109375,1.599002480506897,0.0044242676743123655,-0.026255064532331254,10.9976167678833
15933440,8609.062245975001,0.0973071778715936,0.522204577922821,,,,,,,,0.004150390625,1.555699348449707,0.004538759163637218,-0.02900813356215779,13.757891654968262
15941632,8614.144704437997,0.11492849082681252,0.5443359613418579,,,,,,,,0.0042724609375,1.4924992322921753,0.005447078151333606,-0.023642079850042665,14.898097038269043
15949824,8619.226374976999,0.1320817835830372,0.5732421875,,,,,,,,0.0037841796875,1.5507434606552124,0.0042914448790672965,-0.025942049243434046,11.04951000213623
15958016,8624.224992584,0.15200351551402463,0.592663586139679,,,,,,,,0.003662109375,1.4596366882324219,0.003879438813321645,-0.02262472981551655,9.073616027832031
15966208,8629.586247934,0.15014540341057453,0.553820788860321,,,,,,,,0.0047607421875,1.5768866539001465,0.004563059645898759,-0.0185484149806107,13.480073928833008
15974400,8635.431921905998,0.15359054930357915,0.5753540396690369,,,,,,,,0.0035400390625,1.5652246475219727,0.004523337961642282,-0.024437370272566372,9.668647766113281
15982592,8640.869243018002,0.1515751322173786,0.576525866985321,,,,,,,,0.00439453125,1.5257823467254639,0.006716365631570853,-0.013842179543735553,10.345654487609863
15990784,8645.031634435996,0.14083115361548573,0.58184814453125,0.006268665717808486,0.006873511766431584,0.004701499288356392,333,563.8539029815947,49.800000000000004,37.800000000000004,0.0030517578125,1.4972103834152222,0.005722112179100902,-0.02542225083803884,9.0179443359375
15998976,8652.080639212996,0.1808637462950307,0.617749035358429,,,,,,,,0.0042724609375,1.6020386219024658,0.003449472539215348,-0.0264768262462687,6.663217067718506
16007168,8657.391199562997,0.15883493379794705,0.5976318717002869,,,,,,,,0.00341796875,1.5184352397918701,0.0036478504575636617,-0.018888170805687124,8.858952522277832
16015360,8662.702810582996,0.12618890884326878,0.56829833984375,,,,,,,,0.0037841796875,1.542716383934021,0.0044974470899121766,-0.030963643815156972,9.44182014465332
16023552,8667.663774005996,0.13342127432547043,0.565563976764679,,,,,,,,0.0040283203125,1.502941370010376,0.004261542825086173,-0.026327073668053858,9.346097946166992
16031744,8672.781757413002,0.11522878693675326,0.550549328327179,,,,,,,,0.0030517578125,1.5232683420181274,0.004545194645701023,-0.029343286523112362,10.734881401062012
16039936,8678.181753860998,0.1473499232337489,0.59222412109375,,,,,,,,0.003173828125,1.4987597465515137,0.005118149733529975,-0.027158868940616854,8.358963012695312
16048128,8683.075624372002,0.1194404913406833,0.567614734172821,,,,,,,,0.004150390625,1.4645038843154907,0.005693190802103176,-0.03345855952413198,9.103212356567383
16056320,8688.232471853997,0.12213556565296675,0.53912353515625,0.01737760192469784,0.01480219254483428,0.013033201443523379,333,499.9068809550616,47.85,36.45,0.004638671875,1.6333407163619995,0.005257106042782511,-0.02404925840107365,11.400442123413086
16064512,8696.636948899002,0.15235820867617791,0.5956665277481079,,,,,,,,0.0042724609375,1.494563102722168,0.0049381655251479195,-0.020145735161689708,7.352536678314209
16072704,8701.213956588996,0.14657092907807176,0.5760498046875,,,,,,,,0.0032958984375,1.4868766069412231,0.006349558650964204,-0.022023741263187915,8.54065990447998
16080896,8706.183385247998,0.17648179530443753,0.56109619140625,,,,,,,,0.0035400390625,1.489396572113037,0.005410745028315622,-0.02025813637467603,9.990118980407715
16089088,8711.380252691,0.12907538975458338,0.53173828125,,,,,,,,0.004638671875,1.4957019090652466,0.004626413832510834,-0.032519512005854755,12.693642616271973
16097280,8716.677931138001,0.14955009760849045,0.56817626953125,,,,,,,,0.003662109375,1.4537603855133057,0.004745919830951739,-0.025405738070439828,11.465545654296875
16105472,8721.904030074998,0.157857521326349,0.582141101360321,,,,,,,,0.0050048828125,1.5023913383483887,0.00594403669194965,-0.020220344164494992,10.120956420898438
16113664,8727.152855690998,0.13215185548319897,0.5658325552940369,,,,,,,,0.0035400390625,1.4801130294799805,0.005202148758799208,-0.025219499276211383,11.35567855834961
16121856,8732.425420070002,0.15161002779238647,0.5921875238418579,0.017550347932436927,0.01880063940204657,0.013162760949327668,333,492.00732472806914,45.300000000000004,38.85,0.00341796875,1.521586537361145,0.005750669279186882,-0.022598995682741752,8.635345458984375
16130048,8740.153499624,0.14367410268105565,0.585925281047821,,,,,,,,0.00341796875,1.496559977531433,0.006082355540793616,-0.02197097148531927,8.638018608093262
16138240,8744.791207659997,0.12421699049412756,0.553234875202179,,,,,,,,0.004638671875,1.5319433212280273,0.004333227162238273,-0.025770187317850704,9.901605606079102
16146432,8749.908461384002,0.1651797337295784,0.5828491449356079,,,,,,,,0.00341796875,1.4174728393554688,0.004082122963254942,-0.023919865040560713,9.157074928283691
16154624,8754.974520882999,0.11520998094794042,0.56103515625,,,,,,,,0.003173828125,1.4648780822753906,0.007579741049765554,-0.03131747600753182,9.857001304626465
16162816,8760.333287433,0.15327149254544242,0.587719738483429,,,,,,,,0.0042724609375,1.4544029235839844,0.0073509594160424685,-0.02231523199800932,8.325926780700684
16171008,8765.782673857997,0.13584505425518661,0.5613159537315369,,,,,,,,0.003662109375,1.463846206665039,0.007870489006375214,-0.025904876001091745,9.881731033325195
16179200,8771.150758076998,0.13984699179606505,0.5784546136856079,,,,,,,,0.003173828125,1.4798413515090942,0.0070873978624966805,-0.0287868834537331,9.030619621276855
16187392,8776.526753291,0.22347554553548532,0.5784912109375,0.008248672205985574,0.006739831442213018,0.006536202535385893,333,542.8012061537022,47.400000000000006,nan,0.0045166015625,1.4957079887390137,0.007247494960212819,-0.020468115375699397,8.911201477050781
16195584,8783.989662802,0.14623773730687717,0.568225085735321,,,,,,,,0.0037841796875,1.493521809577942,0.006269269967923208,-0.021831583476298093,9.597739219665527
16203776,8788.966220677998,0.13401922593481536,0.5511230826377869,,,,,,,,0.004150390625,1.5391923189163208,0.006035694823904425,-0.024480183317512207,9.574699401855469
16211968,8793.322454289002,0.13567581593758546,0.556079089641571,,,,,,,,0.004638671875,1.4672021865844727,0.005577861988216082,-0.010457419903585922,11.994346618652344
16220160,8797.664376538996,0.1453818448244372,0.5923828482627869,,,,,,,,0.0032958984375,1.4608741998672485,0.006285446383618276,-0.022003545782217096,8.481761932373047
16228352,8802.405230031,0.17672226213536735,0.581774890422821,,,,,,,,0.004150390625,1.5414886474609375,0.005144304576665482,-0.013491695335953605,8.186380386352539
16236544,8807.364930958,0.15740362267443211,0.5918945670127869,,,,,,,,0.0040283203125,1.4648157358169556,0.007871507951711765,-0.01900499680200184,7.095666408538818
16244736,8812.527911710997,0.11914892062359138,0.5573486685752869,,,,,,,,0.0040283203125,1.5769716501235962,0.007414895871279081,-0.022403533554890637,9.784749031066895
16252928,8817.945925934997,0.14936580078613745,0.545520007610321,0.008825052791791244,0.007178216677411919,0.006618789593843433,333,536.7829255495208,46.35,37.800000000000004,0.004150390625,1.490846037864685,0.007781081569887549,-0.02115657779874458,10.125411033630371
16261120,8825.914721973997,0.12630048412006958,0.557055652141571,,,,,,,,0.0042724609375,1.4834284782409668,0.006355475657301879,-0.027032903793340075,10.106463432312012
16269312,8831.009504342997,0.14858091959429362,0.559460461139679,,,,,,,,0.00439453125,1.5884087085723877,0.005182687461382729,-0.023118039904905907,9.70361042022705
16277504,8836.118313838,0.11858103808081533,0.54937744140625,,,,,,,,0.0045166015625,1.5036571025848389,0.005468182479064332,-0.02192064867176534,10.997468948364258
16285696,8841.773445651997,0.1325823106797803,0.570483386516571,,,,,,,,0.0035400390625,1.5049800872802734,0.0047650012359118366,-0.03145289380450747,10.43466567993164
16293888,8847.284522142,0.12212623962014102,0.5526367425918579,,,,,,,,0.0042724609375,1.5294219255447388,0.005981948909884238,-0.027473753524852942,10.282862663269043
16302080,8853.504556752,0.15442294509338714,0.583691418170929,,,,,,,,0.004150390625,1.4735870361328125,0.0072600280455789035,-0.018244095064094783,10.545248985290527
16310272,8858.724273326,0.17028874534622773,0.5712524652481079,,,,,,,,0.0037841796875,1.5398024320602417,0.007159416783578121,-0.026247858914072487,9.806184768676758
16318464,8863.995520008,0.1552720955662316,0.5981079339981079,0.09249961957577146,0.10637077405134032,0.10637077405134032,56,17.80407622001936,8.4,nan,0.0040283203125,1.4588384628295898,0.00575697632437544,-0.026926342754670332,7.719890117645264
16326656,8872.042191820998,0.15162513764162908,0.583874523639679,,,,,,,,0.003662109375,1.4902719259262085,0.0055473887207638795,-0.023234403347927025,8.738387107849121
16334848,8877.773970242997,0.16847396146910643,0.5960693359375,,,,,,,,0.0048828125,1.5465991497039795,0.005090611139637935,-0.020783162701016985,8.632953643798828
16343040,8882.952125885,0.16591040882160452,0.592456042766571,,,,,,,,0.0032958984375,1.4841792583465576,0.004788432121369146,-0.024078375969399764,7.677955627441406
16351232,8888.141023067,0.121400728210457,0.57232666015625,,,,,,,,0.0035400390625,1.5217039585113525,0.006432621755232182,-0.031355664822715894,8.425418853759766
16359424,8893.393893964,0.14101534095000032,0.571520984172821,,,,,,,,0.0047607421875,1.4879957437515259,0.00724036842680198,-0.022973154888520753,10.001495361328125
16367616,8898.415024994996,0.13767421126942156,0.5757202506065369,,,,,,,,0.0032958984375,1.4739383459091187,0.006380863040644336,-0.024760579258621664,8.514745712280273
16375808,8903.434444669001,0.13078108468771418,0.562915027141571,,,,,,,,0.0040283203125,1.5564343929290771,0.005647075228908061,-0.02635229640892169,9.154129028320312
16384000,8908.500886215996,0.12116931901682787,0.554516613483429,0.019823552067425587,0.016504184196132865,0.015280181819183891,333,484.4008811318324,29.1,36.45,0.00439453125,1.4405696392059326,0.005718563373956265,-0.025663489927990363,10.745818138122559
16392192,8915.852937103002,0.15766756702152612,0.5687012076377869,,,,,,,,0.00390625,1.5565471649169922,0.004753110774762259,-0.023323080594238738,10.278623580932617
16400384,8921.526892504,0.1370318007439094,0.556750476360321,,,,,,,,0.00390625,1.474982500076294,0.0051378015468791505,-0.02712428837742778,11.408601760864258
16408576,8926.956227297,0.16171170788211242,0.6058593988418579,,,,,,,,0.0030517578125,1.3947566747665405,0.0061878504264715195,-0.026651872823858492,7.088886260986328
16416768,8932.034984402002,0.15455841860797875,0.588671863079071,,,,,,,,0.00390625,1.4973894357681274,0.007469401749993776,-0.026829269681417134,8.417784690856934
16424960,8937.806427695003,0.1706406307919055,0.593701183795929,,,,,,,,0.0042724609375,1.4674582481384277,0.00819009547863292,-0.02197584681593684,7.467704772949219
16433152,8943.034182980002,0.1279699877452059,0.5558227896690369,,,,,,,,0.00341796875,1.489480972290039,0.008099428717911028,-0.027239319378213417,9.333781242370605
16441344,8947.773847646997,0.14924260637464995,0.5786987543106079,,,,,,,,0.003173828125,1.4470596313476562,0.006077524894196662,-0.028180568481506896,7.565277099609375
16449536,8953.919742730002,0.1288782337004226,0.553759753704071,0.015763718666265247,0.015580356151265295,0.012108401451752515,333,498.6814767675267,45.300000000000004,nan,0.00439453125,1.4532513618469238,0.005139098996061575,-0.027923567433627727,8.444990158081055
16457728,8960.918151894999,0.12208334563056387,0.571362316608429,,,,,,,,0.00341796875,1.4898179769515991,0.004601005710128558,-0.028151084058237713,7.20842981338501
16465920,8965.406858727001,0.13399530119868244,0.5483032464981079,,,,,,,,0.004150390625,1.5027215480804443,0.005516168110655584,-0.02528022762705754,10.554036140441895
16474112,8970.851074829,0.1336197793583628,0.576098620891571,,,,,,,,0.00341796875,1.4674887657165527,0.005845012546858652,-0.023855711503023232,7.851744174957275
16482304,8975.953070399002,0.12986900439504276,0.56768798828125,,,,,,,,0.0040283203125,1.5206652879714966,0.006956722719578479,-0.023314883004858216,9.612593650817871
16490496,8981.073817614,0.12709671418632262,0.567517101764679,,,,,,,,0.0037841796875,1.4947144985198975,0.006759299408368058,-0.0248877210574974,9.904494285583496
16498688,8986.455496925002,0.12853905305493518,0.5738891959190369,,,,,,,,0.0030517578125,1.5086400508880615,0.006177898718622621,-0.03359426079076786,7.625148773193359
16506880,8991.445947039996,0.14714447680222423,0.5967163443565369,,,,,,,,0.0037841796875,1.4721713066101074,0.00600464705100523,-0.025808697786162717,5.545791149139404
16515072,8996.629424152998,0.12519897356092574,0.5636352896690369,0.012099299778344785,0.010586861995836694,0.009080923791337847,333,523.3796286327606,37.35,36.45,0.00390625,1.5204342603683472,0.005717892495409327,-0.025990054175283633,8.045181274414062
16523264,9004.043940541,0.11392194711614062,0.5443481802940369,,,,,,,,0.0037841796875,1.519636631011963,0.005551552494208689,-0.02385873202092424,9.156943321228027
16531456,9009.179634105996,0.12776124023311333,0.571362316608429,,,,,,,,0.0040283203125,1.4724946022033691,0.00548310551935971,-0.028933782429227853,7.793656826019287
16539648,9014.093206662,0.11150333604951963,0.5334106683731079,,,,,,,,0.0047607421875,1.635015606880188,0.005915455344391307,-0.02896505085819035,10.788092613220215
16547840,9018.914859577002,0.1695386843164103,0.57403564453125,,,,,,,,0.004150390625,1.5209324359893799,0.0035427911665700806,-0.014790111466674203,10.032729148864746
16556032,9023.962261501001,0.1319033273595376,0.5725952386856079,,,,,,,,0.0030517578125,1.477721929550171,0.003459621543549729,-0.025826600592529576,8.602633476257324
16564224,9029.224050596997,0.14054893456992948,0.556958019733429,,,,,,,,0.004150390625,1.556498646736145,0.004760921740855739,-0.0232202433528019,10.3198881149292
16572416,9034.645938101996,0.19219821701497286,0.5759521722793579,,,,,,,,0.005126953125,1.5518651008605957,0.004001279955423653,-0.008756161415011449,11.100401878356934
16580608,9039.860182128003,0.10748556838207471,0.543444812297821,0.012530639546210254,0.010447175246573348,0.00943862744666113,313,481.84820974995705,46.650000000000006,nan,0.0032958984375,1.5219764709472656,0.00474100610933359,-0.025594127368960762,10.852812767028809
16588800,9047.355261455996,0.14326951295146903,0.568103015422821,,,,,,,,0.00439453125,1.55050790309906,0.004510072240942353,-0.02034594680740547,8.620944023132324
16596992,9052.319605869001,0.14030916040860372,0.584765613079071,,,,,,,,0.00341796875,1.546496868133545,0.005562401980772291,-0.026218863766977348,7.545629024505615
16605184,9057.172411606,0.1435739384183294,0.58502197265625,,,,,,,,0.003173828125,1.5497956275939941,0.004001466772014739,-0.02373524547251187,7.608728885650635
16613376,9062.158987210001,0.10908474326353645,0.532458484172821,,,,,,,,0.00439453125,1.5506360530853271,0.003974173387944591,-0.023697982176184795,9.624853134155273
16621568,9067.462033652002,0.11612174511679314,0.558642566204071,,,,,,,,0.0035400390625,1.5499355792999268,0.0047481809414038345,-0.026925672400757262,8.725058555603027
16629760,9073.550404991001,0.14358581586461258,0.5729004144668579,,,,,,,,0.003662109375,1.5613784790039062,0.006464942684014763,-0.021707697642480622,8.473227500915527
16637952,9078.015978885996,0.13410997533931446,0.5845703482627869,,,,,,,,0.003173828125,1.448962688446045,0.00637669492858528,-0.030910548315244164,6.179011344909668
16646144,9082.268140513996,0.13178236105342367,0.5794433951377869,0.008303793062068299,0.010217028718388033,0.006227844796551252,333,555.7657587699864,45.0,21.450000000000003,0.003662109375,1.4812461137771606,0.00628005349697025,-0.030785598611793807,7.271043300628662
16654336,9089.087390738998,0.15472724788165793,0.588134765625,,,,,,,,0.0037841796875,1.4671645164489746,0.0061029119964136624,-0.02103232783250801,6.696582794189453
16662528,9093.194073410996,0.12151149011069205,0.561535656452179,,,,,,,,0.0032958984375,1.5706884860992432,0.004985556052745421,-0.03196152789701436,8.19074535369873
16670720,9097.378615287002,0.14216037304109053,0.5851684808731079,,,,,,,,0.00341796875,1.5315359830856323,0.0041830574779581076,-0.028040086049139903,6.629919528961182
16678912,9101.822072882998,0.14673526847665846,0.568115234375,,,,,,,,0.00390625,1.5284186601638794,0.00614555178643672,-0.027332723459835773,7.644837856292725
16687104,9106.006412529001,0.12507815618965137,0.548876941204071,,,,,,,,0.004150390625,1.6051576137542725,0.005539731080276389,-0.028286942938569218,9.561309814453125
16695296,9110.232088028999,0.13617729785088115,0.584216296672821,,,,,,,,0.00341796875,1.5206866264343262,0.005134753063967712,-0.0251485157849928,6.882987976074219
16703488,9114.368185337,0.1148660435245569,0.540759265422821,,,,,,,,0.004150390625,1.5829650163650513,0.00552195811761802,-0.02992942263816477,8.824508666992188
16711680,9118.948501646002,0.12723747026510754,0.5462646484375,0.017777629184660415,0.020686674372298652,0.013817259215430866,333,484.39941860603653,30.0,38.7,0.0042724609375,1.5162522792816162,0.0052051234727050755,-0.028777891241131455,10.176058769226074
16719872,9125.791837726996,0.14577617826772546,0.572436511516571,,,,,,,,0.0035400390625,1.4886815547943115,0.004899649888785218,-0.03010302472015075,8.543102264404297
16728064,9130.115073834997,0.1465090595246563,0.58013916015625,,,,,,,,0.0040283203125,1.5918128490447998,0.005201675689794127,-0.023880817834680015,8.567194938659668
16736256,9134.568931643997,0.12861227732156602,0.5515381097793579,,,,,,,,0.00439453125,1.5002193450927734,0.007119212172204348,-0.02699261792930642,10.092833518981934
16744448,9139.128129676996,0.13056628712106091,0.5784057974815369,,,,,,,,0.0035400390625,1.5230348110198975,0.00553445746977832,-0.030624936416450223,8.480154991149902
16752640,9143.342150079,0.11525682679794742,0.547314465045929,,,,,,,,0.003662109375,1.4602141380310059,0.005972383549363469,-0.028824259575496215,9.363356590270996
16760832,9147.547576780998,0.1037709824846679,0.534497082233429,,,,,,,,0.0045166015625,1.5101042985916138,0.006862091067261877,-0.02720127354352462,12.784865379333496
16769024,9151.934221917996,0.1468393090945662,0.588122546672821,,,,,,,,0.0030517578125,1.4373410940170288,0.004364738591916439,-0.02301705674058395,7.802744388580322
16777216,9157.880711161997,0.13270068719277464,0.57159423828125,0.012262396042656776,0.009941218796841622,0.00919679703199261,333,531.8600506837322,46.2,36.45,0.0035400390625,1.4749842882156372,0.004222740445793516,-0.028303598915054507,8.904318809509277
16785408,9165.956177237997,0.11401411753349736,0.5409302115440369,,,,,,,,0.0047607421875,1.5840789079666138,0.007099844627440843,-0.024706158895281327,11.346170425415039
16793600,9171.492535370999,0.11815933340865654,0.560864269733429,,,,,,,,0.0035400390625,1.4917850494384766,0.007414724655692373,-0.031298050299174957,10.01854419708252
16801792,9176.910217687,0.11708178134967336,0.5666260123252869,,,,,,,,0.0045166015625,1.547136664390564,0.00629626510439818,-0.026780807169527555,11.634222984313965
16809984,9182.037051710002,0.17509347854603877,0.6164917349815369,,,,,,,,0.0032958984375,1.4964326620101929,0.006560305111059428,-0.014522088978445253,7.019432067871094
16818176,9187.100266584996,0.12889275642670747,0.5732788443565369,,,,,,,,0.004150390625,1.5708324909210205,0.006770769778912333,-0.024232637061499973,8.738880157470703
16826368,9192.290812483996,0.14416111975761262,0.589978039264679,,,,,,,,0.0037841796875,1.4740890264511108,0.0071329868726963674,-0.026376470414707573,8.011064529418945
16834560,9197.602805164002,0.14043018589048678,0.566601574420929,,,,,,,,0.0035400390625,1.5585020780563354,0.0069429798261099185,-0.020227545543296588,8.47387981414795
16842752,9202.247761669001,0.21995565509657436,0.6115356683731079,0.01700562588965404,0.015718616901487792,0.012754219417240531,333,498.7938078685239,37.050000000000004,31.650000000000002,0.0042724609375,1.464506983757019,0.006779321283738149,-0.0068165490129596315,7.0163445472717285
16850944,9209.642466218,0.13358149811143438,0.5787109732627869,,,,,,,,0.003173828125,1.5610233545303345,0.005765851622612339,-0.02860355539485976,9.099959373474121
16859136,9214.695045207001,0.14826735080656409,0.5763306021690369,,,,,,,,0.0047607421875,1.5423202514648438,0.005646127215237939,-0.024141314278639928,9.236136436462402
16867328,9220.058371318999,0.13277910653452737,0.56201171875,,,,,,,,0.0032958984375,1.5116406679153442,0.005571539523002045,-0.025885290047978533,10.842561721801758
16875520,9225.243108989998,0.12856074183763583,0.567395031452179,,,,,,,,0.0037841796875,1.5097745656967163,0.00474020267396813,-0.027214816976464124,8.756507873535156
16883712,9230.554378747998,0.11282009629558656,0.5572876334190369,,,,,,,,0.0037841796875,1.4189860820770264,0.004706609107828497,-0.028159248758240763,10.8341703414917
16891904,9235.852363425001,0.16239769438186463,0.61175537109375,,,,,,,,0.0032958984375,1.4957412481307983,0.006133461109070648,-0.023232344379496533,7.430157661437988
16900096,9241.245031271996,0.14156822605788597,0.5719238519668579,,,,,,,,0.0042724609375,1.5083595514297485,0.0058296430085523765,-0.029248274225656463,10.116476058959961
16908288,9246.367264071,0.14210243921713325,0.5602783560752869,0.012527186013921332,0.013292863501871088,0.00939611479058755,333,517.5354563882543,46.95,41.25,0.00390625,1.485042691230774,0.005743904050645066,-0.02239519264948687,11.621057510375977
16916480,9253.756670864,0.11199233127465208,0.540026843547821,,,,,,,,0.0042724609375,1.4587335586547852,0.004117533735283119,-0.027130315997870448,10.94003963470459
16924672,9258.641017943002,0.1365954880951545,0.575634777545929,,,,,,,,0.0037841796875,1.4153128862380981,0.0033409879825259114,-0.02939656740540534,11.690890312194824
16932864,9263.574044884,0.17166608700455865,0.610058605670929,,,,,,,,0.0035400390625,1.4756019115447998,0.0033198583222566747,-0.013250376385689972,8.115229606628418
16941056,9268.971175179999,0.12906045739452662,0.550793468952179,,,,,,,,0.0048828125,1.497305989265442,0.006737464251311165,-0.02388511059006204,12.838335990905762
16949248,9273.969380506998,0.1377452621434936,0.5815063714981079,,,,,,,,0.003173828125,1.477551817893982,0.006094634947822031,-0.03210906537523456,9.233006477355957
16957440,9279.044731700997,0.13590665561518253,0.577868640422821,,,,,,,,0.00341796875,1.4913132190704346,0.005722609769138076,-0.023709688465566765,8.528251647949219
16965632,9284.428960544996,0.12243634110019919,0.5552978515625,,,,,,,,0.0040283203125,1.4775772094726562,0.005605258735747132,-0.02370641678864316,11.522173881530762
16973824,9289.461426645998,0.14996037948151578,0.5718750357627869,0.00864885812089422,0.007353938300917129,0.006486643590670638,333,558.935702496197,47.1,22.650000000000002,0.0042724609375,1.5283269882202148,0.0068449575133974205,-0.018680592230209566,12.129222869873047
16982016,9296.975606533997,0.1507568841040816,0.59637451171875,,,,,,,,0.0035400390625,1.4673935174942017,0.007046123248659164,-0.027164489889167268,8.591757774353027
16990208,9302.095187213003,0.13669203181706355,0.576403796672821,,,,,,,,0.0035400390625,1.542912244796753,0.004791330134521932,-0.02676058952418636,9.26041316986084
16998400,9307.057187175,0.15215892760929342,0.5884765982627869,,,,,,,,0.003662109375,1.439488172531128,0.004849678115213418,-0.019722113076210742,8.837889671325684
17006592,9312.57244861,0.1415552289833707,0.5791382193565369,,,,,,,,0.0032958984375,1.4829845428466797,0.0031502016166022884,-0.025831255990045116,9.060877799987793
17014784,9318.361030556996,0.12021846943677812,0.556286633014679,,,,,,,,0.00439453125,1.5004329681396484,0.003280083518165555,-0.025768639799349225,11.647040367126465
17022976,9323.623377953998,0.1329892727100352,0.576855480670929,,,,,,,,0.004150390625,1.5154712200164795,0.006099969612297973,-0.024485520155543887,10.114522933959961
17031168,9329.452550461996,0.1764081476577129,0.6089111566543579,,,,,,,,0.002685546875,1.5461342334747314,0.005590621318042666,-0.022012544511457656,7.4032883644104
17039360,9335.233027729002,0.13143656849997895,0.566943347454071,0.014762606632312103,0.013685505590149138,0.011071954974234077,333,488.42403366187756,47.7,23.55,0.0040283203125,1.4454851150512695,0.006102873735650771,-0.026040019292714402,8.688783645629883
17047552,9342.951914352001,0.13817522203140675,0.5832886099815369,,,,,,,,0.003173828125,1.489578366279602,0.006195298864546839,-0.026382284744862983,9.088580131530762
17055744,9348.045888891997,0.1389176161240791,0.5826782584190369,,,,,,,,0.003662109375,1.4743702411651611,0.007632363817200005,-0.027634287230354222,8.10031795501709
17063936,9353.251445900001,0.13784406511601674,0.5859741568565369,,,,,,,,0.00341796875,1.4342433214187622,0.005161672158134567,-0.02946677266744483,7.609653472900391
17072128,9357.976256253001,0.12603033640375214,0.5678467154502869,,,,,,,,0.003662109375,1.5153703689575195,0.004369102722761031,-0.029522771101240682,9.210938453674316
17080320,9361.908030883002,0.13618255178811012,0.58612060546875,,,,,,,,0.003662109375,1.5495169162750244,0.00465358427155782,-0.026960575574730694,6.773139953613281
17088512,9367.190065169001,0.14617351434645962,0.596423327922821,,,,,,,,0.003173828125,1.4465351104736328,0.0060764252888780845,-0.023546525800970282,6.111764430999756
17096704,9372.661885392,0.1830365191135314,0.59295654296875,,,,,,,,0.00341796875,1.5524022579193115,0.00594709822642947,-0.021180355485792456,6.5649943351745605
17104896,9377.939353283,0.1402933778316012,0.569567859172821,0.01269144969699576,0.013267754064004933,0.009521268354221957,333,526.1380062921916,22.8,22.650000000000002,0.0037841796875,1.4686191082000732,0.005551794902140639,-0.020091722646344446,8.58792781829834
17113088,9385.601156507997,0.14970561231315405,0.564135730266571,,,,,,,,0.0032958984375,1.4582046270370483,0.004558107244948206,-0.028512147357235486,8.856101989746094
17121280,9391.065312827996,0.13226633584806963,0.5613159537315369,,,,,,,,0.0037841796875,1.506217360496521,0.00446502225628842,-0.028215933130957705,10.083338737487793
17129472,9396.444119389002,0.1307871567746017,0.572521984577179,,,,,,,,0.0037841796875,1.4457077980041504,0.005393773880878916,-0.026813768730713495,9.003073692321777
17137664,9401.786111159003,0.1370567872315048,0.5828857421875,,,,,,,,0.0029296875,1.5506491661071777,0.004700115248780556,-0.03563966850969282,6.790271282196045
17145856,9406.719445900002,0.14126212005347508,0.5700927972793579,,,,,,,,0.003662109375,1.4298170804977417,0.0038645894032371952,-0.03173090689136079,8.16916561126709
17154048,9411.784979413002,0.13041381762565854,0.5799560546875,,,,,,,,0.0030517578125,1.4998488426208496,0.004725445018511687,-0.025601773952897422,8.290987014770508
17162240,9416.759472851998,0.16752135677530205,0.6125244498252869,,,,,,,,0.00341796875,1.5029804706573486,0.005464366100067619,-0.024217693337473523,5.556518077850342
17170432,9422.003853691996,0.15234737400165457,0.5868164300918579,0.021308166209575763,0.020257393105226007,0.015988578954207244,333,482.37586353860735,25.8,22.5,0.00390625,1.487766146659851,0.005306410737785594,-0.024771910551271176,5.971036434173584
17178624,9430.433683434996,0.11654743617331254,0.5690551996231079,,,,,,,,0.0029296875,1.5325623750686646,0.0056006652052280614,-0.03289679087024115,7.74569845199585
17186816,9435.717374013002,0.12888187721533514,0.553417980670929,,,,,,,,0.0040283203125,1.4991564750671387,0.005954103842846337,-0.027967009839742735,9.397233963012695
17195008,9441.566275500998,0.13749026668189077,0.5605102777481079,,,,,,,,0.003662109375,1.5033454895019531,0.006258368984072726,-0.03077725511068652,9.03726577758789
17203200,9446.902166918,0.13098346639386568,0.5658325552940369,,,,,,,,0.00390625,1.446821928024292,0.005797383816382395,-0.026768691089622945,9.805768013000488
17211392,9452.032945460996,0.1353433775492808,0.562451183795929,,,,,,,,0.0029296875,1.4208245277404785,0.006093803917887719,-0.03174864850314798,9.782916069030762
17219584,9457.403562287996,0.15580131994048588,0.58331298828125,,,,,,,,0.00390625,1.4806063175201416,0.0060035785274399345,-0.025083894637132675,8.515493392944336
17227776,9462.543198289,0.1135297598000133,0.5439453125,,,,,,,,0.00390625,1.4860296249389648,0.003775764012999061,-0.02453381454377317,11.271455764770508
17235968,9467.601832852997,0.12661256657578834,0.547375500202179,0.00946333057848403,0.0106969769126245,0.007097497933863051,333,533.995105455751,37.35,17.7,0.0029296875,1.4239531755447388,0.0034856666200453468,-0.029352841209083626,12.650799751281738
17244160,9475.752043579996,0.13494979815828792,0.5666260123252869,,,,,,,,0.005126953125,1.5162304639816284,0.0063350676360502955,-0.020486221297499753,12.47782039642334
17252352,9480.717476594997,0.1775955188817497,0.5804199576377869,,,,,,,,0.0035400390625,1.431831955909729,0.006137552539857483,-0.01950136346828085,11.65345287322998
17260544,9485.956367243998,0.17493334234510677,0.606738269329071,,,,,,,,0.003173828125,1.506757378578186,0.00556935012354054,-0.019449548734660135,8.515861511230469
17268736,9491.450925354999,0.11757501571427964,0.5498046875,,,,,,,,0.003662109375,1.4538143873214722,0.00498216458173506,-0.027699255234641753,11.126498222351074
17276928,9496.583617379001,0.16269523454219306,0.5876221060752869,,,,,,,,0.003662109375,1.5266683101654053,0.0046638252209878495,-0.021429975901911993,9.47708797454834
17285120,9501.489398386002,0.17696176601233682,0.616101086139679,,,,,,,,0.00390625,1.4696544408798218,0.005411422500420371,-0.01661904291373142,7.996598720550537
17293312,9507.041421536996,0.17503739132559745,0.5738891959190369,,,,,,,,0.00439453125,1.5740387439727783,0.005785185254121861,-0.025516946187132895,10.651443481445312
17301504,9511.830091885,0.13995592032519724,0.577685534954071,0.01717180569081944,0.01661856671056061,0.012879830471792086,333,500.1970417995741,46.5,35.4,0.0037841796875,1.5436691045761108,0.004773638110280087,-0.02281000082040151,10.39699935913086
17309696,9518.896328263,0.1683467646834056,0.586230456829071,,,,,,,,0.00341796875,1.5199275016784668,0.004872738764890472,-0.02225797276052788,9.516715049743652
17317888,9523.631221142998,0.14748865197365343,0.5894775390625,,,,,,,,0.004150390625,1.4740002155303955,0.00660848798504754,-0.020509962209506308,8.094717979431152
17326080,9529.316481900998,0.1681903250977,0.580737292766571,,,,,,,,0.0030517578125,1.5120694637298584,0.004338273036679552,-0.018689992414322742,9.940716743469238
17334272,9534.868526006001,0.14819543263185664,0.58917236328125,,,,,,,,0.0029296875,1.5140352249145508,0.004235426790157315,-0.024193844393992366,7.645352363586426
17342464,9540.014498594996,0.17257643196274053,0.6193603873252869,,,,,,,,0.0032958984375,1.4280674457550049,0.006160784990625334,-0.01985718093138696,6.645150661468506
17350656,9544.971686336998,0.14017719109489538,0.575817883014679,,,,,,,,0.00341796875,1.5727379322052002,0.006475502431074975,-0.02814073930644655,8.16631031036377
17358848,9549.896715379997,0.13671760285040127,0.585461437702179,,,,,,,,0.0040283203125,1.4516315460205078,0.006503867948659536,-0.025233009133701523,7.836078643798828
17367040,9555.180164067002,0.12512080615889376,0.558581531047821,0.014410358334212892,0.010974630471709768,0.010974630471709768,333,509.9524444206345,49.95,nan,0.002685546875,1.476793646812439,0.007959373158231697,-0.03203019508211817,9.509039878845215
17375232,9563.227619158002,0.1359044345294278,0.5622192621231079,,,,,,,,0.00390625,1.5103225708007812,0.006268289505239277,-0.027232655412224673,8.34187126159668
17383424,9568.844047173996,0.11334914840305062,0.5469726920127869,,,,,,,,0.0037841796875,1.4101617336273193,0.006114947263869297,-0.02906292248361681,12.191229820251465
17391616,9575.132911743996,0.1404940384040485,0.578259289264679,,,,,,,,0.0030517578125,1.5257631540298462,0.004960374738111506,-0.030430959186873746,8.328702926635742
17399808,9580.995759912003,0.14692072956101665,0.551281750202179,,,,,,,,0.004638671875,1.487663984298706,0.004630153388785807,-0.029858913795794074,11.102814674377441
17408000,9586.106412729998,0.1339067333729832,0.577807605266571,,,,,,,,0.0028076171875,1.4970736503601074,0.005861030295700509,-0.031391381910570136,10.210217475891113
17416192,9591.066425644,0.1883256675707696,0.60565185546875,,,,,,,,0.003662109375,1.4364633560180664,0.0052031225792812386,-0.018610544549157088,7.375860691070557
17424384,9596.414488417002,0.1425329252929643,0.572338879108429,,,,,,,,0.003662109375,1.367241621017456,0.0056941581918174,-0.022332029161476204,10.005997657775879
17432576,9601.759427564997,0.14486684139804226,0.5874878168106079,0.01155591793207511,0.009448484761618192,0.008675225057470204,333,523.8452851462122,38.7,39.900000000000006,0.0029296875,1.4866302013397217,0.004283432955570321,-0.02837048989163843,9.172965049743652
17440768,9609.643328454003,0.14189336880561387,0.575122058391571,,,,,,,,0.00390625,1.4137953519821167,0.0037564804027488963,-0.031205788649885203,9.238410949707031
17448960,9615.214893467994,0.157248816588299,0.59759521484375,,,,,,,,0.0035400390625,1.4507633447647095,0.006084039118833484,-0.017307066073296483,8.344449043273926
17457152,9620.514586163998,0.11890887208565637,0.5516601800918579,,,,,,,,0.00341796875,1.5054973363876343,0.0071677435531452005,-0.02737390224400872,9.903328895568848
17465344,9625.578074502999,0.14989966815885672,0.5436157584190369,,,,,,,,0.004150390625,1.5021934509277344,0.006661434749487216,-0.02166710912055274,13.117537498474121
17473536,9630.170453021005,0.1257928097554046,0.5558105707168579,,,,,,,,0.003662109375,1.4810073375701904,0.006734973187026205,-0.026777527925169242,11.910650253295898
17481728,9635.378294625996,0.2284099063025516,0.6170898675918579,,,,,,,,0.0040283203125,1.498471975326538,0.0069731102585088856,-0.0026531764835845935,10.34607982635498
17489920,9640.588869695006,0.16790590267640265,0.560412585735321,,,,,,,,0.0059814453125,1.5841840505599976,0.004800259198831869,-0.006921831769515097,14.17248249053955
17498112,9645.640466610006,0.1436126545646213,0.58251953125,0.013337593117357716,0.01069617234044673,0.010003194838018259,333,524.772886676101,43.050000000000004,30.75,0.00341796875,1.5467917919158936,0.00439318885117701,-0.026258216515158608,12.16874885559082
17506304,9653.379882162997,0.11797902189576202,0.55645751953125,,,,,,,,0.0042724609375,1.4833775758743286,0.004803817469879901,-0.028972550442795977,13.113372802734375
17514496,9658.450978454995,0.18039415125522237,0.605236828327179,,,,,,,,0.0035400390625,1.428123950958252,0.006813090507246322,-0.02119411695470602,10.712252616882324
17522688,9663.468617105005,0.19208617737365935,0.6044067740440369,,,,,,,,0.0037841796875,1.5091830492019653,0.0071305553895471,-0.023838077962642108,8.771858215332031
17530880,9668.607886666992,0.16389325225568474,0.58465576171875,,,,,,,,0.0040283203125,1.428637146949768,0.007966034158437885,-0.016405475175466845,12.615386962890625
17539072,9673.763451960993,0.1393178608080449,0.585742175579071,,,,,,,,0.0030517578125,1.514805555343628,0.005341895967930332,-0.030313323990752258,10.438817024230957
17547264,9678.528893991002,0.2055463363875979,0.570874035358429,,,,,,,,0.0047607421875,1.5355865955352783,0.005132433844465156,-0.01629093091564848,13.400164604187012
17555456,9683.068518202992,0.14935500465796103,0.595751941204071,,,,,,,,0.003173828125,1.3697400093078613,0.00501643011560593,-0.02302624669019716,11.056098937988281
17563648,9688.230492324998,0.16979282907200327,0.6085571646690369,0.017248788318847574,0.01587366496895415,0.013046438389435977,333,499.33592392630516,46.800000000000004,nan,0.003662109375,1.5111786127090454,0.006197106832437904,-0.025632930028440904,8.469717025756836
17571840,9696.172169642006,0.11912865103322812,0.546337902545929,,,,,,,,0.00439453125,1.4325261116027832,0.004302084832093156,-0.025720357812907726,14.740211486816406
17580032,9701.638816419996,0.13790062223812893,0.580078125,,,,,,,,0.0025634765625,1.5113226175308228,0.0038986228223625297,-0.026890476897832145,11.430427551269531
17588224,9706.993088873998,0.2503283727931226,0.623730480670929,,,,,,,,0.0050048828125,1.489387035369873,0.0050112051946430425,-0.010610062960957397,9.063197135925293
17596416,9712.391569823994,0.13259864760168272,0.5722290277481079,,,,,,,,0.00390625,1.5553470849990845,0.005691564072703215,-0.028852196334668324,12.267877578735352
17604608,9717.738423992,0.16269634028166716,0.5917724967002869,,,,,,,,0.0042724609375,1.5484050512313843,0.006738116826018659,-0.020606253441163416,10.343965530395508
17612800,9722.912311246,0.13741182196530236,0.5794311761856079,,,,,,,,0.003662109375,1.382451057434082,0.007274325873021903,-0.02594975154026352,11.147961616516113
17620992,9728.334762787992,0.1345150812088777,0.5632690787315369,,,,,,,,0.004150390625,1.514652132987976,0.006146766469701692,-0.028732403688579045,11.968013763427734
17629184,9733.181583204998,0.12936063115018445,0.569689929485321,0.04840046397580178,0.03823018033565495,0.03630034798185133,333,383.1393761708055,49.050000000000004,22.5,0.0042724609375,1.436051607131958,0.005301428122201468,-0.02908004212702724,11.964961051940918
17637376,9741.183025073005,0.13194500628508438,0.577441394329071,,,,,,,,0.00341796875,1.457406759262085,0.005890731278733963,-0.03169872417549785,11.692477226257324
17645568,9746.298906085001,0.14556733334377622,0.5830078125,,,,,,,,0.0047607421875,1.466183066368103,0.007623324048849911,-0.024586077644511924,11.03083324432373
17653760,9751.776190020006,0.15220394659037928,0.58917236328125,,,,,,,,0.0045166015625,1.4728171825408936,0.005847154559516898,-0.021896507789525843,11.616130828857422
17661952,9756.969943796,0.14971210215257855,0.5949951410293579,,,,,,,,0.0030517578125,1.4389758110046387,0.005833920151877781,-0.023825786780276265,9.704840660095215
17670144,9762.144057135003,0.131688800230725,0.564453125,,,,,,,,0.004150390625,1.514207124710083,0.0050813938327138874,-0.02373816823063698,11.695781707763672
17678336,9767.588235848998,0.11499413945281596,0.551281750202179,,,,,,,,0.004150390625,1.4092063903808594,0.005054195329176281,-0.026582493270189824,12.478379249572754
17686528,9772.847248935002,0.14457878514069983,0.587390124797821,,,,,,,,0.003662109375,1.4484517574310303,0.0051484552783900295,-0.031275181840057335,11.24101734161377
17694720,9778.120190052992,0.17724919530977476,0.6064697504043579,0.032794743446581176,0.024596057584935882,0.024596057584935882,333,423.86379363426215,49.95,43.5,0.0037841796875,1.4527602195739746,0.006638128290529233,-0.023569232907781186,10.22711181640625
17702912,9785.942672273995,0.15279456975023542,0.5967773795127869,,,,,,,,0.0045166015625,1.4720234870910645,0.00785992914058986,-0.024652699702944272,10.346534729003906
17711104,9791.377458402996,0.1414437287946016,0.580310046672821,,,,,,,,0.0032958984375,1.4752027988433838,0.007688511610111748,-0.021226906610240355,9.7558012008667
17719296,9796.697315763005,0.16745989157566155,0.611035168170929,,,,,,,,0.0042724609375,1.5039361715316772,0.006680128321222445,-0.020291908874320915,8.882612228393555
17727488,9801.798592757004,0.14600198953901034,0.5934204459190369,,,,,,,,0.0040283203125,1.5113452672958374,0.005824250007275156,-0.025655853777528492,9.646260261535645
17735680,9807.044815946,0.18866470417800796,0.622082531452179,,,,,,,,0.0028076171875,1.5281434059143066,0.005655446297008759,-0.018157341235207337,7.09970235824585
17743872,9811.942736916004,0.15817842718015396,0.579699695110321,,,,,,,,0.004150390625,1.4932239055633545,0.006373628912629714,-0.020972747291738036,8.785812377929688
17752064,9817.402350950993,0.1338128558319847,0.55218505859375,,,,,,,,0.0050048828125,1.5462148189544678,0.0064231768796503275,-0.026620013299548273,10.87503719329834
17760256,9822.788683129002,0.1434489088188124,0.567187488079071,0.0384153607486909,0.029272483278236283,0.029175816115328157,333,408.3097476714413,24.75,45.6,0.0050048828125,1.5634747743606567,0.007131270775823095,-0.02294037592106065,11.575770378112793
17768448,9830.322320386003,0.14726440156253112,0.566332995891571,,,,,,,,0.0040283203125,1.5142722129821777,0.00547833536877218,-0.028900609388564005,10.730498313903809
17776640,9835.39597572,0.13600101534996833,0.574658215045929,,,,,,,,0.003173828125,1.4726948738098145,0.005581060203470045,-0.02771150399961325,10.616592407226562
17784832,9840.732309570994,0.15529611101486224,0.600537121295929,,,,,,,,0.0040283203125,1.468541145324707,0.006930944336783096,-0.021781740489187185,9.335149765014648
17793024,9845.186937197002,0.11203163029911636,0.5408691763877869,,,,,,,,0.0048828125,1.4743317365646362,0.00575241706708951,-0.026267009284088306,11.199755668640137
17801216,9851.819515711999,0.1699496074232129,0.607421875,,,,,,,,0.003662109375,1.5213549137115479,0.005544641132693373,-0.02315365780735001,9.500175476074219
17809408,9856.708620786005,0.1457676643399188,0.5948120355606079,,,,,,,,0.003173828125,1.4165562391281128,0.006814947698582596,-0.02533262991259432,9.273836135864258
17817600,9861.541863743005,0.0988499153867189,0.522656261920929,,,,,,,,0.0047607421875,1.4961135387420654,0.006360468392508145,-0.029574261845819405,14.177728652954102
17825792,9867.035705444003,0.14893985190663347,0.574475109577179,0.032216975010094906,0.030465248062753414,0.02416922904781038,333,434.65412649501116,28.950000000000003,27.150000000000002,0.0050048828125,1.5156521797180176,0.006975376755971929,-0.02458595638732141,11.13158130645752
17833984,9875.143093679995,0.1550247316715604,0.583056628704071,,,,,,,,0.0035400390625,1.459460735321045,0.007671401068064743,-0.03118667745279212,11.969685554504395
17842176,9879.968165399994,0.15546219099493747,0.595471203327179,,,,,,,,0.0035400390625,1.4740879535675049,0.006524550083177205,-0.025947518256235366,9.962839126586914
17850368,9885.044907903,0.1293425778384437,0.580798327922821,,,,,,,,0.0045166015625,1.468476414680481,0.00653354731965905,-0.024829705842606034,10.886286735534668
17858560,9889.890158400005,0.12797010319649985,0.571423351764679,,,,,,,,0.002685546875,1.5385618209838867,0.005582259619074437,-0.03148201153649769,9.819279670715332
17866752,9895.028240420004,0.14421604223887008,0.590258777141571,,,,,,,,0.0042724609375,1.498058557510376,0.00528594226550172,-0.029557497706249766,8.828707695007324
17874944,9899.603072698992,0.13786447502718815,0.5804199576377869,,,,,,,,0.0028076171875,1.416471242904663,0.005302950375663418,-0.028970341953818035,9.918266296386719
17883136,9904.391075711006,0.15909098808366107,0.5942627191543579,,,,,,,,0.00439453125,1.5167515277862549,0.004976101785392872,-0.023364354639938845,9.5231351852417
17891328,9910.138058207995,0.14306255485905073,0.5799804925918579,0.03376243573512483,0.026295112559965306,0.02532182680134365,333,426.19654259113236,48.75,41.1,0.0045166015625,1.462864637374878,0.007329200654646817,-0.027090821476983547,12.38105297088623
17899520,9918.179750463001,0.1447899100283848,0.592529296875,,,,,,,,0.003173828125,1.5314196348190308,0.006705123096269583,-0.028620079476692897,9.800984382629395
17907712,9923.360462467994,0.14944169330284973,0.58734130859375,,,,,,,,0.0050048828125,1.5607328414916992,0.006124350260870992,-0.023638248241295196,9.080985069274902
17915904,9928.703126090993,0.15011522801846117,0.5846191644668579,,,,,,,,0.00341796875,1.4128389358520508,0.006142041185560165,-0.023961583908319446,12.085238456726074
17924096,9933.525834135995,0.13912151029791023,0.5849365592002869,,,,,,,,0.002685546875,1.4649766683578491,0.006102008918102975,-0.033655761842448055,9.931845664978027
17932288,9938.290571390004,0.17653073958009557,0.605273425579071,,,,,,,,0.004150390625,1.410197138786316,0.004868510404212212,-0.016036418528955668,10.232527732849121
17940480,9943.233364685999,0.16448321856644862,0.6183227896690369,,,,,,,,0.0029296875,1.4382444620132446,0.004521092964895779,-0.03019928641957166,7.905551433563232
17948672,9949.087630896996,0.1593953684621656,0.6058716177940369,,,,,,,,0.0037841796875,1.5218933820724487,0.004936854926163581,-0.03531570531701598,6.260762691497803
17956864,9954.820025141998,0.132491205524873,0.572619616985321,0.019401039284251076,0.015402082476284273,0.01455077946318828,333,464.44062780649693,42.6,40.050000000000004,0.00390625,1.4008970260620117,0.00663006893561735,-0.028227301571689123,10.035515785217285
17965056,9962.726696366,0.12448798970259811,0.557055652141571,,,,,,,,0.003173828125,1.5247763395309448,0.006387350536613989,-0.03155097426703062,12.080376625061035
17973248,9968.304355434004,0.15046102018774396,0.5802856683731079,,,,,,,,0.0035400390625,1.4025633335113525,0.005560065149001314,-0.02964157059676216,9.584230422973633
17981440,9973.355600525996,0.12603968856555703,0.5657593011856079,,,,,,,,0.00439453125,1.458770751953125,0.0065064719307512675,-0.030518721473063483,11.802799224853516
17989632,9978.670154807995,0.13714320643075495,0.587780773639679,,,,,,,,0.0037841796875,1.4961036443710327,0.007165931381662993,-0.02609047466155955,9.129538536071777
17997824,9983.590195646997,0.1584788960304452,0.5843262076377869,,,,,,,,0.004150390625,1.5180410146713257,0.006854893321122324,-0.02316630641087485,9.967000007629395
18006016,9988.627018149004,0.14550300384050804,0.579150378704071,,,,,,,,0.00341796875,1.4951547384262085,0.007745642000542063,-0.019984408091652257,10.621190071105957
18014208,9992.798952614998,0.1539757988570582,0.5978027582168579,,,,,,,,0.004150390625,1.4415792226791382,0.008864071521773598,-0.02903663535103912,8.111104011535645
18022400,9997.345300155,0.1541174784264695,0.5978760123252869,0.0135124959896753,0.015284353273747886,0.010987798073322397,333,504.21157429068865,40.2,nan,0.0037841796875,1.5138614177703857,0.008380790691010165,-0.028808892778320244,9.016706466674805
18030592,10005.166496746002,0.1475943773903588,0.574047863483429,,,,,,,,0.0032958984375,1.5196629762649536,0.007994510440012315,-0.02705055551671517,10.893031120300293
18038784,10010.971983877993,0.1607594325548629,0.600048840045929,,,,,,,,0.0042724609375,1.4456650018692017,0.007616960937961492,-0.025236416834127192,8.467172622680664
18046976,10016.233209382997,0.18929575629961676,0.6217407584190369,,,,,,,,0.0040283203125,1.4564777612686157,0.007922821543798753,-0.021089334514039812,6.832728862762451
18055168,10021.406035728003,0.17010158466065894,0.6120849847793579,,,,,,,,0.0030517578125,1.5112532377243042,0.007537003470342807,-0.02868102208224102,6.691594123840332
18063360,10026.807122166,0.1746443990284841,0.57562255859375,,,,,,,,0.004150390625,1.4643076658248901,0.005660813485582672,-0.01819787765172524,9.258356094360352
18071552,10031.942023834003,0.1982779969109688,0.6053833365440369,,,,,,,,0.0030517578125,1.489192008972168,0.00525059427183594,-0.020218395868929318,8.659038543701172
18079744,10037.584381308996,0.3247784135844257,0.5785889029502869,,,,,,,,0.00537109375,1.584247350692749,0.004914086928759165,-0.023024235910977027,10.944487571716309
18087936,10043.016934342995,0.17595434955360517,0.603710949420929,0.027826757201179886,0.02157646648820688,0.020949706943514945,333,461.30490681715463,49.5,nan,0.003662109375,1.555240511894226,0.004821924406675615,-0.02580931574819917,7.889419078826904
18096128,10051.15995886,0.1609176617326904,0.5802368521690369,,,,,,,,0.004150390625,1.5858430862426758,0.005969125759128557,-0.02854637315347306,9.745790481567383
18104320,10056.420162827002,0.11933793881393139,0.548828125,,,,,,,,0.004150390625,1.461918592453003,0.0052622699040043575,-0.032478711111726635,12.529265403747559
18112512,10061.774758317006,0.126131275223103,0.5633544921875,,,,,,,,0.0035400390625,1.5244626998901367,0.006742967213660522,-0.03194370650926198,10.56740665435791
18120704,10067.104578117003,0.1410638842659519,0.5940307974815369,,,,,,,,0.00439453125,1.4473670721054077,0.006375944844975168,-0.025622417104475353,9.002893447875977
18128896,10072.423840304,0.1402595311662442,0.5882812738418579,,,,,,,,0.0028076171875,1.475907325744629,0.005828548906373632,-0.0294269409487423,9.31180477142334
18137088,10077.653143985,0.14742941977114948,0.585803210735321,,,,,,,,0.0040283203125,1.4426425695419312,0.005959050365189178,-0.025110092897370408,8.587190628051758
18145280,10083.009420106995,0.14293569722271768,0.5862671136856079,,,,,,,,0.0045166015625,1.5076674222946167,0.007148029728588301,-0.030901761649120174,10.182690620422363
18153472,10088.527315552994,0.15566002091470932,0.598388671875,0.007521336154165503,0.007744992042187926,0.005650681866559704,333,557.6943817883389,39.0,47.1,0.0030517578125,1.525209665298462,0.006009880150417035,-0.025026030427650028,8.900296211242676
18161664,10097.551378768003,0.15703756482620146,0.593859851360321,,,,,,,,0.0040283203125,1.5122158527374268,0.005454119129358892,-0.025327686688122034,9.121289253234863
18169856,10102.482760066,0.1300521332814292,0.565539538860321,,,,,,,,0.0030517578125,1.453108549118042,0.005241201406573692,-0.029181038486214107,9.230851173400879
18178048,10107.667165781,0.13922243472866597,0.56842041015625,,,,,,,,0.004150390625,1.4928308725357056,0.005087373856153432,-0.026435942350841058,11.088034629821777
18186240,10112.842231145994,0.16540772405576887,0.6095947623252869,,,,,,,,0.0032958984375,1.4271657466888428,0.0047961168071878335,-0.03243188300165798,7.814433574676514
18194432,10118.355120993998,0.18196649628153266,0.6317993402481079,,,,,,,,0.0029296875,1.4751479625701904,0.006456693353165677,-0.022289113716775638,5.63190221786499
18202624,10123.436175642993,0.12888565991010217,0.5716919302940369,,,,,,,,0.0037841796875,1.4862061738967896,0.006944035752207034,-0.02672214275908438,8.441691398620605
18210816,10128.188706238994,0.12565536616522818,0.573498547077179,,,,,,,,0.0037841796875,1.530961036682129,0.005812002860690724,-0.028486933557795736,8.805816650390625
18219008,10132.553854653997,0.14325232313004957,0.5871826410293579,0.023431818075431377,0.025021745880649093,0.017573863556573532,333,458.38419940174964,36.300000000000004,30.900000000000002,0.00341796875,1.5001131296157837,0.0055237605538944745,-0.02875016259237381,7.329844951629639
18227200,10139.712218452005,0.13806791509355693,0.576367199420929,,,,,,,,0.0035400390625,1.5174506902694702,0.005834970337483147,-0.026972172912609706,8.932234764099121
18235392,10143.925855048998,0.14873732058096123,0.5887817740440369,,,,,,,,0.004150390625,1.5851467847824097,0.006290182757459073,-0.02466184136465869,7.909802436828613
18243584,10148.111594814,0.13652007745276593,0.559887707233429,,,,,,,,0.0047607421875,1.5091114044189453,0.005746330290080093,-0.025833263479209514,11.810208320617676
18251776,10152.743209389002,0.16413276635853397,0.6062988638877869,,,,,,,,0.003173828125,1.567002534866333,0.0069542410985967695,-0.027178216571499738,8.591309547424316
18259968,10157.132040470002,0.14976617839062195,0.5812622308731079,,,,,,,,0.004638671875,1.5380611419677734,0.006470921162779808,-0.024969860337248833,8.699112892150879
18268160,10161.530417712005,0.14741914885601629,0.580249011516571,,,,,,,,0.0032958984375,1.4600789546966553,0.005486515251909685,-0.029152218775081506,10.080262184143066
18276352,10165.770583377998,0.13690517589681447,0.56982421875,,,,,,,,0.0040283203125,1.604878306388855,0.0054578053767706525,-0.02864963889236082,9.466390609741211
18284544,10170.268326861995,0.12572317490382123,0.5619751214981079,0.008029258859079902,0.008737927225500153,0.006021944144309899,333,549.2712899327258,44.550000000000004,21.450000000000003,0.006103515625,1.5295696258544922,0.006311144238016597,-0.024647186792624915,13.029776573181152
18292736,10177.321692423,0.135586068113965,0.577709972858429,,,,,,,,0.002685546875,1.516213059425354,0.0067954923160049585,-0.02944877151055757,10.47855281829834
18300928,10181.826628164992,0.2140837320852671,0.6380981802940369,,,,,,,,0.0045166015625,1.4899165630340576,0.007452535458425169,-0.025800558005157504,6.282637596130371
18309120,10186.833863810003,0.14273979938987916,0.5838989615440369,,,,,,,,0.004150390625,1.4666175842285156,0.006728654444723148,-0.022985730583409157,10.55666732788086
18317312,10191.145156427003,0.19279141355866003,0.618908703327179,,,,,,,,0.00341796875,1.599626898765564,0.004747508591763205,-0.02143362213861526,7.837817668914795
18325504,10195.283258272997,0.15228361104236177,0.5970215201377869,,,,,,,,0.0042724609375,1.518203616142273,0.004046872114936262,-0.023221844903662803,8.21515941619873
18333696,10199.718736888004,0.1826711893814819,0.6028076410293579,,,,,,,,0.0030517578125,1.5245124101638794,0.004121281494319784,-0.02279190926882628,7.627588748931885
18341888,10204.006588109994,0.1795392491039967,0.625805675983429,,,,,,,,0.0047607421875,1.5380492210388184,0.007036710876719976,-0.02206596846334276,5.511631965637207
18350080,10208.436145225998,0.13362311115372016,0.5715698599815369,0.011448124645193847,0.012414885290238264,0.008586093483895385,333,519.9792722059881,41.25,19.05,0.00341796875,1.4126965999603271,0.007476791812967232,-0.025908909609440495,9.443526268005371
18358272,10215.432945107,0.13708304283762263,0.5764526724815369,,,,,,,,0.003662109375,1.623538851737976,0.005755083363708335,-0.025787477178461932,8.411320686340332
18366464,10220.353211942005,0.13325388208584654,0.5638061761856079,,,,,,,,0.004638671875,1.5075383186340332,0.005418309374660146,-0.027399811599051284,7.032995700836182
18374656,10225.782128180996,0.14911722433800367,0.590808093547821,,,,,,,,0.003173828125,1.4958173036575317,0.00708511523678812,-0.02969777824834703,7.546899318695068
18382848,10231.463533034002,0.1404411195971281,0.5930542349815369,,,,,,,,0.003662109375,1.5386158227920532,0.00773984232863667,-0.034490244231116775,7.757856845855713
18391040,10236.841650825001,0.1300725724217815,0.5729004144668579,,,,,,,,0.0042724609375,1.4415714740753174,0.007816055104582276,-0.027793388149012124,9.786069869995117
18399232,10242.007242244996,0.16226668834301672,0.59417724609375,,,,,,,,0.002685546875,1.4880001544952393,0.005595299796892661,-0.03125758669343553,8.344964027404785
18407424,10246.643836741998,0.1366811765937227,0.5685791373252869,,,,,,,,0.0050048828125,1.5351742506027222,0.00564891448162963,-0.02747818665826538,11.653903007507324
18415616,10251.118372295,0.17206907141698358,0.611950695514679,0.016229588460483946,0.01349174376531126,0.012195366409461728,330,488.92034204355036,21.0,21.450000000000003,0.004150390625,1.4481927156448364,0.00872107262975308,-0.023045167135446194,8.222548484802246
18423808,10258.759597092001,0.16129791249514078,0.6027588248252869,,,,,,,,0.0032958984375,1.5236607789993286,0.008417521479999301,-0.02650175038884789,7.238688945770264
18432000,10263.686345190996,0.15652338472708766,0.601061999797821,,,,,,,,0.00390625,1.5327669382095337,0.008192000414702583,-0.022864220005772845,7.97381067276001
18440192,10269.237721687,0.14978207949035813,0.5832886099815369,,,,,,,,0.0037841796875,1.4684648513793945,0.007808785399561424,-0.026566703846858494,9.619181632995605
18448384,10274.568457359994,0.17527014248542638,0.6198486685752869,,,,,,,,0.0037841796875,1.5232300758361816,0.004826166434543699,-0.026201007474215526,7.3598313331604
18456576,10279.667878746994,0.15577919596877066,0.5999512076377869,,,,,,,,0.0040283203125,1.4901498556137085,0.005527027233002579,-0.02858089448797222,6.747653484344482
18464768,10284.939901511993,0.1428266972012164,0.583325207233429,,,,,,,,0.0037841796875,1.544158935546875,0.007280626712349081,-0.026638605584057524,7.316990852355957
18472960,10289.449150722001,0.17437541206247698,0.606091320514679,,,,,,,,0.00390625,1.5238063335418701,0.006721133936553159,-0.024534942857062588,7.7775774002075195
18481152,10294.799270726005,0.23585727807433018,0.585400402545929,0.015635037029202214,0.013647207424103303,0.01212320741552253,293,422.8074799497049,24.3,41.1,0.00341796875,1.5422981977462769,0.006274036817477402,-0.02955886136030958,8.563493728637695
18489344,10302.614460810997,0.1465290480358704,0.5867919921875,,,,,,,,0.00439453125,1.5402852296829224,0.008465977649518397,-0.025873293038225227,8.551891326904297
18497536,10308.14106319,0.1410722967028166,0.5880981683731079,,,,,,,,0.0032958984375,1.4867680072784424,0.006199151178802653,-0.03221910368928416,7.227919101715088
18505728,10313.657508807002,0.18065576369783526,0.613879382610321,,,,,,,,0.0035400390625,1.5407272577285767,0.0060480694549083225,-0.022471300372529576,6.609375
18513920,10318.298650299992,0.16479049133550336,0.608288586139679,,,,,,,,0.0040283203125,1.4895055294036865,0.005360599585348069,-0.030290733180972557,5.115730285644531
18522112,10323.697821581001,0.1463060399993235,0.583911120891571,,,,,,,,0.0028076171875,1.4989739656448364,0.006063016006246702,-0.031543497026145007,7.0093889236450195
18530304,10329.294912532998,0.13658460065074238,0.5502563714981079,,,,,,,,0.00341796875,1.5951604843139648,0.006465903903374759,-0.03322227270317314,8.556584358215332
18538496,10334.871594043994,0.1573316114602572,0.5978027582168579,,,,,,,,0.004638671875,1.4427086114883423,0.006720522686362473,-0.025329465627579307,7.546998023986816
18546688,10339.959761992002,0.16163619557870956,0.5850464105606079,0.0071366615459699245,0.007596392289677123,0.005352496159477416,333,556.4056717773719,46.800000000000004,30.75,0.0032958984375,1.5975323915481567,0.004667216672336938,-0.024658798039078736,8.143311500549316
18554880,10348.607663900002,0.15727844704411745,0.599804699420929,,,,,,,,0.0035400390625,1.4783834218978882,0.00434799868518998,-0.02358862052647018,6.256405830383301
18563072,10353.698195694997,0.13848832860528582,0.5707641839981079,,,,,,,,0.0045166015625,1.5698871612548828,0.005289917989584225,-0.01871216697190755,10.582839012145996
18571264,10358.934701604994,0.18491084112140022,0.6291137933731079,,,,,,,,0.0025634765625,1.5523637533187866,0.004091138687656759,-0.024126054288775293,6.105306625366211
18579456,10363.899395043998,0.11195838831599372,0.551281750202179,,,,,,,,0.004638671875,1.5711778402328491,0.004169541635329788,-0.03058690798480286,8.902968406677246
18587648,10368.885398776001,0.1440674694154204,0.5783447623252869,,,,,,,,0.0035400390625,1.5089949369430542,0.005786560959837872,-0.02913665601449186,9.49912166595459
18595840,10374.460774586994,0.14288524817979045,0.591784656047821,,,,,,,,0.0028076171875,1.5376125574111938,0.005722378631793257,-0.03057230652928837,6.810856819152832
18604032,10379.821274422,0.17266861254622,0.5898804068565369,,,,,,,,0.0042724609375,1.4594426155090332,0.006110170642374402,-0.01872951310295228,9.644630432128906
18612224,10384.895939649992,0.15878230150713368,0.5906128287315369,0.012971368392119098,0.01602633665270914,0.009974528808253225,333,514.5791442276634,31.8,nan,0.0035400390625,1.5593304634094238,0.007379124479766408,-0.03228360645865302,8.603555679321289
18620416,10392.791085112003,0.1647672180183089,0.60552978515625,,,,,,,,0.0045166015625,1.6063992977142334,0.005303690205663347,-0.02245798534188976,8.115375518798828
18628608,10397.720997837001,0.15765863494839763,0.602001965045929,,,,,,,,0.0040283203125,1.5596128702163696,0.005125526659947255,-0.020452667482938038,8.262967109680176
18636800,10402.871876607001,0.1389802254585272,0.582165539264679,,,,,,,,0.0035400390625,1.6130174398422241,0.00524729000664903,-0.03083771697968403,7.972403049468994
18644992,10408.024140695,0.14409385608867253,0.5938965082168579,,,,,,,,0.0045166015625,1.569635272026062,0.004237840426287054,-0.02525778078033669,7.158358097076416
18653184,10412.556009977001,0.18790335936111646,0.5946899652481079,,,,,,,,0.0040283203125,1.5504846572875977,0.005537546364543844,-0.02852966214663093,9.681976318359375
18661376,10417.531846303995,0.1456930313144064,0.59423828125,,,,,,,,0.0030517578125,1.577454686164856,0.005480705983163192,-0.02648394168457202,8.567408561706543
18669568,10422.651159416993,0.1826879677327838,0.5977539420127869,,,,,,,,0.004150390625,1.517046570777893,0.004940208620283104,-0.018209548266729766,8.208518028259277
18677760,10427.685603226993,0.15425115138453005,0.601977527141571,0.00806794221947893,0.007837265888804845,0.006051684444151606,333,558.7317222370284,48.150000000000006,49.2,0.00390625,1.533849835395813,0.005978576857443629,-0.0235315642156984,6.77926778793335
18685952,10436.800463290994,0.1621346349711517,0.6038574576377869,,,,,,,,0.00390625,1.5413343906402588,0.0054561487873650005,-0.02665496928776112,7.948973178863525
18694144,10442.147930072002,0.13296916804506673,0.580310046672821,,,,,,,,0.0030517578125,1.5269516706466675,0.005043818886520723,-0.03429610131117868,7.5874223709106445
18702336,10446.846215721998,0.14113070619564497,0.57281494140625,,,,,,,,0.0037841796875,1.4858872890472412,0.003738477215541991,-0.029752511172611976,10.642472267150879
18710528,10452.098329524997,0.17257859719893276,0.6080688834190369,,,,,,,,0.00390625,1.495182752609253,0.0037164959584767843,-0.024975587255958175,8.289837837219238
18718720,10457.229545307004,0.18241578040425416,0.608325183391571,,,,,,,,0.00390625,1.503068208694458,0.004216157353555072,-0.018457785777343496,9.382478713989258
18726912,10462.185231311996,0.2243759477273789,0.619384765625,,,,,,,,0.0040283203125,1.6259374618530273,0.004266264410102805,-0.018675743710057254,9.119880676269531
18735104,10467.620349890996,0.2091527430565459,0.5495239496231079,,,,,,,,0.0040283203125,1.5968149900436401,0.005261809852646349,-0.021832910620153106,14.565226554870605
18743296,10472.954209148993,0.2701265804112511,0.518786609172821,0.028123772810820347,0.026480851119285553,0.025606907333147966,173,187.86281523682018,25.05,nan,0.005859375,1.594010591506958,0.005295753375846202,-0.009576922475044184,25.075639724731445
18751488,10481.309539460002,0.1505753106676949,0.563830554485321,,,,,,,,0.0042724609375,1.4902849197387695,0.0060658801521211725,-0.014627979685096111,15.811858177185059
18759680,10486.863092256994,0.2044052377251256,0.642834484577179,,,,,,,,0.0040283203125,1.4904656410217285,0.005998424972700089,-0.014302238788513173,9.794706344604492
18767872,10491.883886392003,0.21116946598868994,0.6407104730606079,,,,,,,,0.0035400390625,1.460453987121582,0.005362638426393507,-0.014496692148419183,7.409857273101807
18776064,10496.485849929995,0.16634540576723175,0.601818859577179,,,,,,,,0.00390625,1.5818496942520142,0.004536463737674579,-0.018247929704642073,12.111706733703613
18784256,10501.478560173004,0.15088206367231938,0.5850586295127869,,,,,,,,0.0040283203125,1.516732931137085,0.006037350284003762,-0.020319791783803554,11.453237533569336
18792448,10507.019608191993,0.17813785867701865,0.619250476360321,,,,,,,,0.00439453125,1.5445343255996704,0.00726681411090091,-0.024420190791426318,9.18603229522705
18800640,10512.269889662995,0.16482034728920558,0.59375,,,,,,,,0.0037841796875,1.515378713607788,0.005480590615905889,-0.027430902604653515,11.436981201171875
18808832,10517.536301310996,0.15796552884361012,0.5992431640625,0.008562944885384782,0.010480709643884811,0.006422208664038642,294,466.566858734662,39.0,22.5,0.0040283203125,1.5330591201782227,0.004970609596654518,-0.022603001395198132,11.531895637512207
18817024,10525.624976746993,0.15219261873481138,0.600720226764679,,,,,,,,0.004150390625,1.4863735437393188,0.005166755129013323,-0.025735478664321423,11.107213020324707
18825216,10530.574598244995,0.2501811166800642,0.67120361328125,,,,,,,,0.0028076171875,1.480231761932373,0.003918086410630517,-0.0076358756927431895,6.124145030975342
18833408,10535.714277414001,0.18632221815812214,0.62188720703125,,,,,,,,0.00439453125,1.5839149951934814,0.0037400409203778295,-0.017179241863042538,8.163411140441895
18841600,10540.728706771995,0.1658505648021011,0.6042114496231079,,,,,,,,0.00341796875,1.483578085899353,0.006188956693770509,-0.023857201424697806,9.280940055847168
18849792,10546.000280815999,0.1539109491013957,0.6007446646690369,,,,,,,,0.0037841796875,1.5516467094421387,0.005866878509137807,-0.020990101921846083,8.756515502929688
18857984,10550.972606681004,0.15480864226036112,0.6008667349815369,,,,,,,,0.004150390625,1.570625901222229,0.006329052168217775,-0.023844523774241486,9.542044639587402
18866176,10556.163420578996,0.18639796315124993,0.60504150390625,,,,,,,,0.0042724609375,1.6217305660247803,0.0059784237719054945,-0.02142069563537799,7.890815734863281
18874368,10561.002904440997,0.14739835187193293,0.5884765982627869,0.02667537668682185,0.04639093467176347,0.03174091413652602,88,58.62573686036332,11.55,nan,0.0032958984375,1.50565767288208,0.00560937140031581,-0.026457482049930182,11.200918197631836
18882560,10568.733160445998,0.17275638856361436,0.60992431640625,,,,,,,,0.0037841796875,1.5597420930862427,0.004794410373590741,-0.02461415872659421,9.369972229003906
18890752,10574.881425268999,0.14924038991332553,0.56988525390625,,,,,,,,0.0040283203125,1.5635286569595337,0.00578530189687565,-0.02984866980626011,11.345808982849121
18898944,10580.039290616995,0.17674770847551424,0.6203979849815369,,,,,,,,0.00390625,1.5596387386322021,0.006225349724565898,-0.020970871609992968,8.782951354980469
18907136,10586.001683374001,0.14634114081974162,0.5828003287315369,,,,,,,,0.0040283203125,1.585798978805542,0.005595708066385541,-0.02746413820395362,9.37834358215332
18915328,10591.500361456994,0.18649336633933686,0.617236316204071,,,,,,,,0.0035400390625,1.5030344724655151,0.00536010688276245,-0.015018063923559305,8.265111923217773
18923520,10596.935574285999,0.22112876935616246,0.6238037347793579,,,,,,,,0.00390625,1.5482094287872314,0.005198132889212559,-0.026584398783615123,6.894623756408691
18931712,10602.037060192997,0.1709828280093324,0.6178222894668579,,,,,,,,0.0035400390625,1.4910850524902344,0.004754713160104118,-0.022835959986173646,6.365148067474365
18939904,10607.027458778997,0.15672673398413411,0.59857177734375,0.009291990383478055,0.011692135049074515,0.006968992787608541,333,541.6048304038868,31.950000000000003,17.85,0.0032958984375,1.4915317296981812,0.006741823623575782,-0.027213936710315613,8.35767650604248
18948096,10614.917836351997,0.16027521349847715,0.588391125202179,,,,,,,,0.003662109375,1.5032001733779907,0.004770748656393264,-0.0260398486688906,8.428847312927246
18956288,10620.208187453994,0.23229239750335193,0.5909790396690369,,,,,,,,0.0047607421875,1.5437148809432983,0.004813532848665147,-0.019109381583463165,10.073604583740234
18964480,10625.782966064995,0.1669947534097396,0.602954089641571,,,,,,,,0.0030517578125,1.4463165998458862,0.006821842649335608,-0.023348620704222025,8.257472038269043
18972672,10631.293000993006,0.15764293951128794,0.597180187702179,,,,,,,,0.0032958984375,1.5069845914840698,0.006171080023998798,-0.024001945126220958,7.8462748527526855
18980864,10636.519639398997,0.16597526859513145,0.603076159954071,,,,,,,,0.0045166015625,1.5230587720870972,0.004360858401629919,-0.02376256924932335,9.733389854431152
18989056,10641.533898982998,0.16505053027479222,0.6064453125,,,,,,,,0.003662109375,1.558329463005066,0.0039950926982833534,-0.02537906372770741,8.276244163513184
18997248,10646.731077323995,0.13886391334382428,0.5735107660293579,,,,,,,,0.00390625,1.6125062704086304,0.003534444605485465,-0.024446877811358486,10.67987060546875
19005440,10651.709240026998,0.16475820828726295,0.579516589641571,0.01379502474053218,0.012356395864389191,0.010353072825115217,333,518.3108083802769,30.150000000000002,26.25,0.0042724609375,1.5554167032241821,0.004640205107164563,-0.018956174548033757,9.459761619567871
19013632,10659.474498631003,0.14483601511242836,0.594067394733429,,,,,,,,0.0040283203125,1.5242127180099487,0.004882410579180929,-0.02624467108827925,10.193202018737793
19021824,10664.803222141003,0.1638323476374075,0.6073852777481079,,,,,,,,0.0028076171875,1.535804271697998,0.0045002708742543085,-0.028907119565488817,7.644842624664307
19030016,10670.064527561997,0.18580608262954007,0.6314697265625,,,,,,,,0.00390625,1.4410768747329712,0.004099557532863951,-0.019278571595894592,6.291982173919678
19038208,10674.970089864997,0.16894835307526748,0.609387218952179,,,,,,,,0.00341796875,1.5131278038024902,0.00435108880361168,-0.02571756896650558,8.088053703308105
19046400,10680.258430284994,0.15721840300454717,0.596142590045929,,,,,,,,0.003662109375,1.5151444673538208,0.004338626123927325,-0.026920507436173864,7.21644926071167
19054592,10686.324634355005,0.14228650840531093,0.5759033560752869,,,,,,,,0.0035400390625,1.53546941280365,0.005349272996059806,-0.02973605228129289,9.142951965332031
19062784,10691.760476338,0.1484739554469811,0.5838989615440369,,,,,,,,0.004150390625,1.5632572174072266,0.005247586209355393,-0.02113140454706073,9.561854362487793
19070976,10696.872099894004,0.15556553022845537,0.5899902582168579,0.009264896527603206,0.00847806486380609,0.006965348074488453,196,258.69552273377695,20.85,19.05,0.0040283203125,1.5668671131134033,0.0057427248528343355,-0.02857603240812926,9.113378524780273
19079168,10705.188491153,0.16928332449102906,0.596545398235321,,,,,,,,0.004150390625,1.5760424137115479,0.0054910193364057225,-0.011562457888348768,10.264419555664062
19087360,10709.938512995992,0.1892673756767027,0.592395007610321,,,,,,,,0.0040283203125,1.5972976684570312,0.005167648492526711,-0.02262391213395012,10.768839836120605
19095552,10715.262608917,0.13854681472206223,0.579577624797821,,,,,,,,0.0042724609375,1.6504876613616943,0.0053635448550568565,-0.020342334323486557,9.45388412475586
19103744,10720.433740632994,0.12086439785167893,0.5238403677940369,,,,,,,,0.00439453125,1.5862947702407837,0.0035422523072878853,-0.02689498018697857,16.747634887695312
19111936,10724.881392888004,0.17242770926802975,0.61712646484375,,,,,,,,0.0028076171875,1.4683095216751099,0.0034287576141553977,-0.01854493056266186,10.254841804504395
19120128,10729.571108185999,0.17677820058791785,0.6143432855606079,,,,,,,,0.0037841796875,1.551092267036438,0.00617033133817757,-0.022267607102621774,9.182406425476074
19128320,10734.570016405,0.1504025229824092,0.5890869498252869,,,,,,,,0.005126953125,1.544614315032959,0.006075014875464357,-0.021261089524171703,10.907983779907227
19136512,10739.436035750994,0.13933480887063363,0.5747314691543579,0.008975974088604066,0.009415766857818864,0.006731980566453077,333,546.0513754437958,40.35,35.4,0.003662109375,1.5612372159957886,0.005886762024784997,-0.027423627913139594,11.685586929321289
19144704,10747.748006022994,0.17030746062467728,0.61297607421875,,,,,,,,0.003662109375,1.5715868473052979,0.005941106117081096,-0.02261232453010255,8.57557487487793
19152896,10753.303033950993,0.1794716030716595,0.6232666373252869,,,,,,,,0.0035400390625,1.5756489038467407,0.005524321888998429,-0.02544296385435385,8.2185640335083
19161088,10758.152185836,0.14617982217989067,0.552258312702179,,,,,,,,0.0048828125,1.6129670143127441,0.003294816904504616,-0.019217826813919786,12.848543167114258
19169280,10762.991479961995,0.23739963467413291,0.6127563714981079,,,,,,,,0.00439453125,1.58938729763031,0.0033000941337983924,-0.01230897656819211,11.24157428741455
19177472,10768.214181174997,0.15809712251200891,0.580029308795929,,,,,,,,0.0030517578125,1.555641531944275,0.0034792571700821284,-0.029687787669862888,12.03938102722168
19185664,10773.282532081,0.15169052282669362,0.584716796875,,,,,,,,0.004638671875,1.5713059902191162,0.005609107923919887,-0.023543315608322065,12.695245742797852
19193856,10778.583191733,0.16163093417467458,0.570202648639679,,,,,,,,0.00390625,1.4752427339553833,0.00615202986584662,-0.017893191055653665,14.921472549438477
19202048,10783.826155523995,0.1814719650887181,0.6267334222793579,0.00713996565556263,0.0059472126900324,0.0053549742416719726,333,561.8489559552645,48.75,29.55,0.0032958984375,1.4934992790222168,0.005456155551596287,-0.025352498034160034,8.619477272033691
19210240,10791.519045257002,0.16728619876750397,0.614245593547821,,,,,,,,0.0037841796875,1.4657741785049438,0.004796826327787329,-0.020885592192584818,9.596909523010254
19218432,10796.706675046,0.1411287497742618,0.58551025390625,,,,,,,,0.004150390625,1.5681746006011963,0.0044472356073228525,-0.03216258070703714,12.77136516571045
19226624,10801.892051309005,0.26059387200707457,0.6448974609375,,,,,,,,0.0037841796875,1.545157551765442,0.0047611263189230035,-0.012389762196372172,9.13973617553711
19234816,10807.216166998005,0.20821997660278507,0.620166003704071,,,,,,,,0.0040283203125,1.5082628726959229,0.005260040758291229,-0.01647859588014319,9.49499225616455
19243008,10811.977608020992,0.15964971355476132,0.6128296256065369,,,,,,,,0.0025634765625,1.500354290008545,0.005286860189615328,-0.02460838097702378,8.719470024108887
19251200,10817.290294640006,0.14687219388002934,0.575939953327179,,,,,,,,0.0047607421875,1.5443496704101562,0.0052617535211068045,-0.023404649455193705,11.541313171386719
19259392,10822.266583336,0.1768007098126576,0.5535522699356079,,,,,,,,0.0047607421875,1.5936743021011353,0.006145291868427605,-0.026360412671830175,15.270074844360352
19267584,10827.691604852,0.1812454823949754,0.6292724609375,0.013931821701874791,0.01297377694534374,0.010448866276406066,287,419.99585970098184,33.9,23.55,0.0035400390625,1.584084391593933,0.005140008744845659,-0.020449315746046644,8.153268814086914
19275776,10835.489287451004,0.21820378460158563,0.585583508014679,,,,,,,,0.0045166015625,1.5407451391220093,0.0038320171148820137,-0.013535993239072086,13.0613431930542
19283968,10840.531804134,0.20114570813659768,0.563549816608429,,,,,,,,0.0042724609375,1.5543792247772217,0.0037501841208484876,-0.01984510282743211,16.124164581298828
19292160,10846.189008641006,0.22501390807788035,0.548901379108429,,,,,,,,0.0048828125,1.5412871837615967,0.0042928748983468434,-0.006296082022736763,20.733779907226562
19300352,10851.789748789997,0.09908032377738052,0.51934814453125,,,,,,,,0.006591796875,1.6723886728286743,0.006114710677378676,-0.020529747235415605,27.281381607055664
19308544,10858.066061426995,0.2308087796581186,0.645275890827179,,,,,,,,0.0042724609375,1.6137983798980713,0.006076124790127757,-0.003813521314650232,13.680328369140625
19316736,10863.366951811004,0.21651970099169138,0.649609386920929,,,,,,,,0.005859375,1.7013874053955078,0.005733070720834066,-0.007608798267886569,10.563377380371094
19324928,10868.895904815006,0.2543011005454998,0.6687256097793579,,,,,,,,0.00341796875,1.516877293586731,0.006276642575714364,-0.009524543791992773,7.045060634613037
19333120,10873.909698209005,0.17649256429831978,0.5827881097793579,0.008958213929481929,0.007905099517811598,0.006718660447111446,333,551.1476704979641,48.0,22.5,0.0042724609375,1.6120821237564087,0.005013001171206177,-0.026375224065869896,12.750704765319824
19341312,10880.964539828994,0.19650559474834284,0.601794421672821,,,,,,,,0.00439453125,1.5665427446365356,0.004686709065531591,-0.013003302156138956,12.600655555725098
19349504,10886.346201789995,0.14506348190973228,0.573498547077179,,,,,,,,0.0040283203125,1.6074907779693604,0.004308948087068165,-0.01718020653207408,13.742178916931152
19357696,10891.332109185001,0.18189151828777717,0.61865234375,,,,,,,,0.0042724609375,1.5066943168640137,0.007722528756936464,-0.01654679582714319,10.258880615234375
19365888,10896.260059355998,0.2065594414465954,0.638916015625,,,,,,,,0.0035400390625,1.5600156784057617,0.0057663261728010395,-0.011314852196529607,7.7328362464904785
19374080,10901.510999304992,0.1377698645610043,0.5718017816543579,,,,,,,,0.00439453125,1.5945255756378174,0.00553049946882922,-0.02610999247827346,13.470280647277832
19382272,10906.913221475996,0.14164484065805874,0.5736938714981079,,,,,,,,0.00341796875,1.5440335273742676,0.003695611955254474,-0.02938815562501238,11.808122634887695
19390464,10912.177926454002,0.22918993981984803,0.618518054485321,,,,,,,,0.00390625,1.594679594039917,0.0037901581613286606,-0.018671421820092966,8.306200981140137
19398656,10917.002704827006,0.14675044606837415,0.5710815787315369,0.011190198204605983,0.014000189770864813,0.00839264865345446,333,529.8520505982133,36.0,31.8,0.005126953125,1.5802924633026123,0.0050176435138817865,-0.026007797615360706,15.013554573059082
19406848,10925.042379262995,0.16695811677262476,0.587573230266571,,,,,,,,0.0035400390625,1.5220876932144165,0.0054813801186816,-0.020516658828395255,11.689427375793457
19415040,10930.814573663993,0.16064133352372237,0.606005847454071,,,,,,,,0.0028076171875,1.537517786026001,0.005625973257740946,-0.022170125741097998,9.730112075805664
19423232,10936.196340835006,0.1476139601798165,0.57147216796875,,,,,,,,0.0048828125,1.5181243419647217,0.004724579842654508,-0.016639383245258887,14.024386405944824
19431424,10941.711225736995,0.16396589961355562,0.611572265625,,,,,,,,0.0032958984375,1.5144433975219727,0.0037926429247148175,-0.025905563795621967,9.482719421386719
19439616,10946.793606008003,0.20378172084079488,0.6258301138877869,,,,,,,,0.002685546875,1.5327389240264893,0.0038486740870022906,-0.01811225797338173,7.913069248199463
19447808,10951.918521491003,0.2656903817934357,0.6139160394668579,,,,,,,,0.0047607421875,1.5497710704803467,0.0037937604002297176,-0.011196637729161114,11.032022476196289
19456000,10958.308360835996,0.20220516679762152,0.6351684927940369,,,,,,,,0.0035400390625,1.5511692762374878,0.006286161707890425,-0.019818567272682754,6.675338268280029
19464192,10963.658350220001,0.1587045849931926,0.592761218547821,0.020912699894499065,0.018758651578692054,0.016023348511463364,333,482.0557591385326,41.400000000000006,nan,0.00439453125,1.551548719406128,0.004619680668065285,-0.01676653673418765,8.775566101074219
19472384,10970.947903842993,0.16253430799373664,0.59442138671875,,,,,,,,0.0035400390625,1.5347180366516113,0.004465964947149681,-0.018037077869586114,9.955252647399902
19480576,10975.982087193006,0.1560613082127302,0.573596179485321,,,,,,,,0.003662109375,1.6416617631912231,0.004117882480574431,-0.02772995200993372,10.1876859664917
19488768,10981.071449731004,0.148945609746758,0.5856689810752869,,,,,,,,0.003662109375,1.4694825410842896,0.00626905465785077,-0.024721883232521804,10.37216854095459
19496960,10986.350071499,0.19746819425995507,0.634143054485321,,,,,,,,0.0032958984375,1.462267279624939,0.006114416827538771,-0.02200158757025188,6.7910919189453125
19505152,10991.616507260995,0.14463665147889,0.5889892578125,,,,,,,,0.0037841796875,1.5343499183654785,0.006611611748612023,-0.022511342059767757,8.824237823486328
19513344,10996.804708930002,0.14962372156440845,0.5880371332168579,,,,,,,,0.00439453125,1.5326985120773315,0.007519195228007702,-0.022609592891196673,10.780380249023438
19521536,11002.081310495,0.16628803782001167,0.610461413860321,,,,,,,,0.0025634765625,1.468015432357788,0.00666474068814249,-0.02336559428723614,7.358170509338379
19529728,11007.236062571006,0.18848978736810265,0.624621570110321,0.018177037157918186,0.016236174793160973,0.013781377770556658,333,492.9799128692725,46.050000000000004,nan,0.0029296875,1.5195814371109009,0.005839282378273802,-0.022946889746488005,5.637922286987305
19537920,11014.847934911995,0.11526635283482774,0.5271362662315369,,,,,,,,0.0042724609375,1.5305547714233398,0.0054811255822299065,-0.03096994834129393,13.728639602661133
19546112,11019.335791772006,0.11222857694984759,0.545703113079071,,,,,,,,0.00439453125,1.5890387296676636,0.005319356219951832,-0.03000848262042284,14.49472713470459
19554304,11024.184914125995,0.17327920557476909,0.608532726764679,,,,,,,,0.00390625,1.4594080448150635,0.0036785002370116615,-0.023524533773518305,8.035072326660156
19562496,11029.353283800003,0.21050765477383618,0.618298351764679,,,,,,,,0.003662109375,1.560351014137268,0.00690466368821685,-0.014396160869975387,7.968025207519531
19570688,11033.735566757001,0.13312379626857768,0.576831042766571,,,,,,,,0.003662109375,1.53867769241333,0.006555089091265565,-0.02428422011263903,9.403960227966309
19578880,11038.351430841001,0.16818345835486914,0.5981811881065369,,,,,,,,0.003173828125,1.5079383850097656,0.005626789339466587,-0.022710507467143905,8.1760892868042
19587072,11044.018174053992,0.1642493056486472,0.60931396484375,,,,,,,,0.0045166015625,1.5667644739151,0.0060609752210522005,-0.020486396990886432,7.862796783447266
19595264,11049.655408058992,0.16268143157529452,0.5939697623252869,0.015714391893111634,0.013188065177579644,0.01250881441073104,227,298.9562475814762,31.950000000000003,nan,0.003173828125,1.52663254737854,0.004533162049947137,-0.02447565096138121,9.049262046813965
19603456,11057.748095191004,0.147819659905659,0.5748047232627869,,,,,,,,0.003662109375,1.5884308815002441,0.004538120531765832,-0.027337274230362675,10.00348949432373
19611648,11063.114049321004,0.16164553980698915,0.6059936881065369,,,,,,,,0.003173828125,1.4701842069625854,0.0058512890027018205,-0.026623023446598084,7.880947113037109
19619840,11068.231212545004,0.16271636129102243,0.596386730670929,,,,,,,,0.00341796875,1.5854744911193848,0.005600082177937171,-0.0260302604799679,7.980642795562744
19628032,11072.823112870006,0.1389943295266529,0.5799560546875,,,,,,,,0.004150390625,1.5529890060424805,0.0047456490873521995,-0.019117427605702435,9.767961502075195
19636224,11077.794299636,0.16303931205079902,0.600024402141571,,,,,,,,0.0029296875,1.487387776374817,0.003860899804219997,-0.02374461534672387,8.440362930297852
19644416,11083.263816358995,0.18331404628161693,0.6214966177940369,,,,,,,,0.003662109375,1.5664180517196655,0.003933027448861037,-0.02391622442177843,7.3623785972595215
19652608,11088.556499474005,0.11880025321835513,0.53057861328125,,,,,,,,0.0042724609375,1.5398322343826294,0.003981465740690471,-0.02683583695706093,13.490676879882812
19660800,11094.072122955004,0.14300183678510506,0.576611340045929,0.012267123508674427,0.011555887697362488,0.00920034263150582,333,516.4289698567668,42.45,29.55,0.0032958984375,1.5085515975952148,0.005647833295840843,-0.02655697124250246,10.678887367248535
19668992,11102.451482868993,0.22390480504587523,0.602429211139679,,,,,,,,0.00341796875,1.5400869846343994,0.004910701827724351,-0.01662098595158126,9.716265678405762
19677184,11107.715153855002,0.15931669017571093,0.5981689691543579,,,,,,,,0.0042724609375,1.4884991645812988,0.004663867111243558,-0.02409875669343482,9.882109642028809
19685376,11114.103282650998,0.19572433574678638,0.61627197265625,,,,,,,,0.0029296875,1.5275521278381348,0.004735668304684415,-0.019898297149642585,8.752345085144043
19693568,11119.405647554995,0.20170444939582222,0.6435303092002869,,,,,,,,0.0035400390625,1.5007777214050293,0.0048323559740517386,-0.019162237509703004,5.266122341156006
19701760,11124.878948909995,0.132441128422196,0.561206042766571,,,,,,,,0.0037841796875,1.4989051818847656,0.008314759163467578,-0.02079856083505719,9.293477058410645
19709952,11129.855290868996,0.15590500518771067,0.5775390863418579,,,,,,,,0.0042724609375,1.5800039768218994,0.006557676013813518,-0.025373070335345596,9.57599925994873
19718144,11135.142655704003,0.17286267052781149,0.6021728515625,,,,,,,,0.0035400390625,1.5058692693710327,0.0060341829099239686,-0.022005870059674196,8.642691612243652
19726336,11140.439676200003,0.16222807643554493,0.595202624797821,0.010659834262738754,0.010793153649513498,0.008069839864135231,333,538.549130041451,32.25,38.7,0.00390625,1.5104564428329468,0.006665804162746092,-0.02663324486090357,9.904394149780273
19734528,11148.470428267996,0.13705887197994793,0.5683227777481079,,,,,,,,0.0028076171875,1.5228074789047241,0.005734410438494875,-0.031018985675954576,10.912419319152832
19742720,11154.069152531993,0.14805837332852526,0.589001476764679,,,,,,,,0.0045166015625,1.5164783000946045,0.006351673713238082,-0.02036111312120116,8.97265625
19750912,11159.486430747005,0.18311193958604485,0.6136718988418579,,,,,,,,0.0035400390625,1.50960111618042,0.00522960295708863,-0.01742017851257591,8.29822063446045
19759104,11164.571642474002,0.16992975299590662,0.5996460318565369,,,,,,,,0.0030517578125,1.6110395193099976,0.004707262235119858,-0.01829669286933457,8.187857627868652
19767296,11170.071192639,0.1332766669856138,0.5606689453125,,,,,,,,0.0042724609375,1.5076987743377686,0.00657741748189522,-0.026181489231279626,11.02908992767334
19775488,11174.753187942006,0.2137822816555815,0.640368640422821,,,,,,,,0.0025634765625,1.470463514328003,0.006721798067204299,-0.020139928966998434,6.4727091789245605
19783680,11178.849897696993,0.1919182833001785,0.6120972037315369,,,,,,,,0.0042724609375,1.6000158786773682,0.005854266748351766,-0.016883371493476056,7.1527557373046875
19791872,11183.204125997996,0.16594455973666056,0.6039062738418579,0.009598381365346298,0.009892877209699225,0.007284008950049881,294,455.4963226069433,40.5,nan,0.003173828125,1.4034514427185059,0.006095565192929975,-0.023734879182434165,6.132815837860107
19800064,11190.378843524995,0.16546038850190325,0.6098877191543579,,,,,,,,0.0025634765625,1.6066900491714478,0.00513191140080782,-0.025643534391913483,6.839580059051514
19808256,11194.644234254993,0.1512499918195993,0.59124755859375,,,,,,,,0.0042724609375,1.4602470397949219,0.004811335704101527,-0.024315281208144232,7.102733135223389
19816448,11199.047488467993,0.11653876106551193,0.554931640625,,,,,,,,0.00341796875,1.4977705478668213,0.006959042300319296,-0.034761071278783355,9.242513656616211
19824640,11203.522336232003,0.16707752755073277,0.6081909537315369,,,,,,,,0.00244140625,1.570497989654541,0.004284091869159123,-0.027883061879693034,6.7131476402282715
19832832,11208.008250588005,0.16369958122935865,0.5583862662315369,,,,,,,,0.0052490234375,1.4518667459487915,0.0043912978012823345,-0.014971883713877044,11.816469192504883
19841024,11212.115029536995,0.15491181462113335,0.601513683795929,,,,,,,,0.001953125,1.4687402248382568,0.005338446372335159,-0.030344472224925645,6.547890663146973
19849216,11217.344999511006,0.15941350428253048,0.60076904296875,,,,,,,,0.004638671875,1.5428962707519531,0.005302124150696419,-0.025111677906387832,5.8087615966796875
19857408,11221.396497607995,0.13029771446614768,0.564953625202179,0.011729999809604763,0.013203143230391845,0.008827810123780755,333,526.99009476325,46.650000000000006,48.150000000000006,0.0035400390625,1.4845420122146606,0.006214242349765642,-0.02475765877811525,8.752877235412598
19865600,11228.231942160004,0.14717385020314855,0.589770495891571,,,,,,,,0.0023193359375,1.630935788154602,0.005660909057311647,-0.028173741185479096,6.627499580383301
19873792,11232.596692344996,0.12536358167310718,0.537707507610321,,,,,,,,0.0047607421875,1.5182864665985107,0.0051404536704566794,-0.02926024527671032,11.14086627960205
19881984,11236.964818367,0.11478201949542542,0.5218139886856079,,,,,,,,0.003173828125,1.4991002082824707,0.00444732488024191,-0.030849977317174617,15.947280883789062
19890176,11241.172442242001,0.23385685581948518,0.657116711139679,,,,,,,,0.003662109375,1.5514708757400513,0.004330653243689864,-0.015164320591373069,5.702596187591553
19898368,11245.576004234004,0.17470566867660067,0.610400378704071,,,,,,,,0.0035400390625,1.4547948837280273,0.005862252487385922,-0.024828284972207737,7.017579078674316
19906560,11249.801010246003,0.15784382776688385,0.606701672077179,,,,,,,,0.00244140625,1.6066285371780396,0.004180865749684126,-0.026840958629973932,6.681336879730225
19914752,11254.307257970002,0.1524723977474226,0.5849853754043579,,,,,,,,0.0042724609375,1.5103079080581665,0.003885325793182237,-0.019657789241145664,7.565270900726318
19922944,11258.493332303995,0.15919125023146338,0.60675048828125,0.01691693592736465,0.012687701945523489,0.012687701945523489,333,490.2332924229394,49.95,31.950000000000003,0.0029296875,1.5351974964141846,0.005333029300510939,-0.02671520640234261,7.139200687408447
19931136,11265.942875178,0.158920698141194,0.6040405631065369,,,,,,,,0.0032958984375,1.6038246154785156,0.004720587027446821,-0.02510671866143866,5.638012886047363
19939328,11271.595957795005,0.1660348822820884,0.6004638671875,,,,,,,,0.00390625,1.466651439666748,0.005361746276851154,-0.02409336251557767,6.9195427894592285
19947520,11276.417849387995,0.129576803062327,0.5577759146690369,,,,,,,,0.003173828125,1.5638452768325806,0.006318907774595539,-0.03225274631490587,8.305513381958008
19955712,11280.925475645003,0.1509707001694669,0.575268566608429,,,,,,,,0.0042724609375,1.4664968252182007,0.007471740880528488,-0.02654591397860271,9.1840181350708
19963904,11286.201602128996,0.18441189641438727,0.568957507610321,,,,,,,,0.0029296875,1.5006103515625,0.005958737738413711,-0.02762138336465407,10.902556419372559
19972096,11291.273622062996,0.17457120265410264,0.601245105266571,,,,,,,,0.0032958984375,1.5196651220321655,0.006088861152764635,-0.027374402542725607,6.687490940093994
19980288,11296.451491388005,0.17009303023385336,0.5980468988418579,,,,,,,,0.004150390625,1.4787013530731201,0.006744122456637136,-0.019493465344131922,8.082527160644531
19988480,11302.415847377,0.15919466513134076,0.57904052734375,0.0207274230475869,0.020228003570957553,0.015551314479753109,333,485.8553295634477,48.6,40.050000000000004,0.0037841796875,1.5340683460235596,0.006298376287443785,-0.020526246453088,9.972881317138672
19996672,11310.541650834995,0.18954352045375478,0.6298584342002869,0.02585010841230806,0.02146451905981106,0.01968279870790468,333,464.44263194677694,31.950000000000003,41.25,0.0032958984375,1.5576812028884888,0.006459196069812934,-0.02191045945777363,6.080268859863281
