step,wall,approx_kl,clip_frac,eval_1mU_at_best,eval_JT_end,eval_JT_min,eval_len,eval_return,eval_t_JT_min,eval_t_first_PE,frac_done,mean_reward,min_JT,pg_loss,v_loss
8192,6.567512622001232,0.013988617807460468,0.15728759765625,,,,,,,,0.58837890625,-11.69112777709961,0.24675987669382526,-0.021130036889751444,69.42173767089844
16384,8.395691301004263,0.007248168181719365,0.08050537109375,,,,,,,,0.5640869140625,-21.877365112304688,0.24650702446455575,-0.01499684199462126,36.33903503417969
24576,10.116837509005563,0.00803076629037507,0.09276123344898224,,,,,,,,0.538818359375,-30.324312210083008,0.24629897477493246,-0.016844539228168736,29.533361434936523
32768,11.87701200000447,0.008482162514869938,0.10843505710363388,,,,,,,,0.5120849609375,-37.4265022277832,0.24663731753636053,-0.01898563995675011,25.286535263061523
40960,13.4347404250002,0.008474191951435428,0.10959472507238388,,,,,,,,0.492919921875,-43.6820068359375,0.2461835443030278,-0.018213222471589793,26.129566192626953
49152,14.97653448300116,0.009212332519136088,0.12662354111671448,,,,,,,,0.47607421875,-49.31645584106445,0.2462099098031738,-0.020056010770193713,29.15089225769043
57344,16.53661316400394,0.009662705460687697,0.13629150390625,,,,,,,,0.47509765625,-55.839141845703125,0.2460375587882747,-0.02179385121407248,31.280832290649414
65536,18.07870251699933,0.010733251932156393,0.14753417670726776,0.03529661046613908,0.40889103307749153,0.2257319203233199,333,167.8301256393223,10.8,44.7,0.4610595703125,-60.725730895996094,0.2463220670083871,-0.019916763481404712,32.878047943115234
73728,21.033538982999744,0.010032890560040211,0.13850097358226776,,,,,,,,0.435302734375,-63.13505172729492,0.24545457101365042,-0.020882120599879123,33.659061431884766
81920,22.575073218999023,0.011125231877402341,0.15731202065944672,,,,,,,,0.4110107421875,-64.43870544433594,0.24593728242579627,-0.021826244169832587,34.720306396484375
90112,24.105458368001564,0.010824485032362023,0.15163575112819672,,,,,,,,0.390380859375,-66.44249725341797,0.24043029301957453,-0.02143895767393468,35.955657958984375
98304,25.640986149002856,0.010171556547505307,0.14090576767921448,,,,,,,,0.3861083984375,-70.28753662109375,0.24020039919438696,-0.023141035740812787,37.396480560302734
106496,27.140231258999847,0.010461855238834573,0.14075927436351776,,,,,,,,0.3697509765625,-71.56867218017578,0.2462466655731811,-0.020432040465661144,40.03757858276367
114688,28.597252177001792,0.01135572363579613,0.15397949516773224,,,,,,,,0.3638916015625,-74.67085266113281,0.24396441272494918,-0.019773830402359353,39.14078903198242
122880,30.127907369998866,0.009747505414171687,0.12830810248851776,,,,,,,,0.3369140625,-72.76995086669922,0.24193470097285685,-0.021799535768420687,42.050262451171875
131072,31.630046049001976,0.009636065993121059,0.12694092094898224,0.13825376488834762,0.303514732473122,0.23384053044695563,333,160.415541338641,45.75,nan,0.3087158203125,-70.02386474609375,0.24194155598465172,-0.01907458494593072,45.8438606262207
139264,33.24640787800308,0.008365300741203348,0.10665283352136612,,,,,,,,0.2955322265625,-70.14618682861328,0.2461138015386648,-0.015912529984336947,46.721492767333984
147456,34.75864019399887,0.008318228479835372,0.10483398288488388,,,,,,,,0.2794189453125,-68.90792846679688,0.2436926918740865,-0.013436991198601944,53.161537170410156
155648,36.27154166100081,0.01360248118573233,0.15988770127296448,,,,,,,,0.271728515625,-69.5694580078125,0.2260036779491985,-0.010906750496489537,54.35305404663086
163840,37.805415719005396,0.009331071249988554,0.1136474609375,,,,,,,,0.2515869140625,-66.43016052246094,0.23771182780540534,-0.015287447415912984,59.757015228271484
172032,39.33567849500105,0.007599655088467789,0.09040527790784836,,,,,,,,0.2384033203125,-65.09390258789062,0.22866796229941022,-0.01327198924976169,58.72126388549805
180224,40.84170641500532,0.010095957561934966,0.12587891519069672,,,,,,,,0.2081298828125,-58.722938537597656,0.2280596953236934,-0.014319052056016315,70.47059631347656
188416,42.38371629900212,0.008067705666759904,0.09935303032398224,,,,,,,,0.1881103515625,-54.65634536743164,0.22229261357563113,-0.013681478916921348,139.8826446533203
196608,43.93194334000145,0.010758709345448078,0.14248047769069672,0.002951762778237277,0.2817529468946177,0.23224885765993664,37,2.520459144718732,1.6500000000000001,nan,0.1787109375,-53.073272705078125,0.23219854097951886,-0.013698353370098948,176.3848876953125
204800,45.545164904004196,0.00954427241309227,0.12552490830421448,,,,,,,,0.1524658203125,-45.96421813964844,0.22210349355626113,-0.013385270820946777,247.53575134277344
212992,47.13358367100591,0.0075989538625811015,0.092529296875,,,,,,,,0.146484375,-44.23426818847656,0.23153913487410027,-0.014875731458444178,302.36468505859375
221184,48.689392713000416,0.008063588472184502,0.10056152194738388,,,,,,,,0.140380859375,-42.094730377197266,0.23389753194790142,-0.012016706779160764,298.877685546875
229376,50.246075169001415,0.008581826697229714,0.10747070610523224,,,,,,,,0.1201171875,-35.129417419433594,0.23564700718068643,-0.01483033407634838,432.1644592285156
237568,51.83022701799928,0.008794404948220797,0.11302490532398224,,,,,,,,0.10546875,-29.945171356201172,0.2321539619472347,-0.011459860504696074,395.1236572265625
245760,53.29847598999913,0.009117099623004143,0.117919921875,,,,,,,,0.0943603515625,-25.42169952392578,0.22916334986515263,-0.012562048482732827,421.1017150878906
253952,54.83760716600227,0.0097052413469864,0.11929931491613388,,,,,,,,0.0802001953125,-20.289548873901367,0.22917970436878976,-0.011561184748237972,406.0129089355469
262144,56.51256138399913,0.010246780527184092,0.13100586831569672,0.01752691167070375,0.3038131342907211,0.24314519304228244,333,167.17675500368938,5.8500000000000005,nan,0.0740966796875,-17.571680068969727,0.23337795624791613,-0.010623460650892456,405.0701599121094
270336,58.1376437870058,0.014307891078900814,0.16983643174171448,,,,,,,,0.0679931640625,-15.005202293395996,0.22039469431330683,-0.00836310604639423,376.0212707519531
278528,59.66056521000428,0.01161147166158548,0.14884033799171448,,,,,,,,0.0567626953125,-11.580953598022461,0.22202786042101297,-0.008059235844601637,368.94677734375
286720,61.24234574300499,0.014946873943686163,0.18659667670726776,,,,,,,,0.051025390625,-9.484801292419434,0.21575248657586998,-0.008487499542999466,338.9750061035156
294912,62.76426244900358,0.016121360531572978,0.19063721597194672,,,,,,,,0.0435791015625,-7.210134029388428,0.2114166715145923,-0.008876309139378077,294.9173889160156
303104,64.29648213200562,0.012330856555388087,0.16182862222194672,,,,,,,,0.037841796875,-5.619348049163818,0.20117640221871091,-0.009282784038517738,276.2760314941406
311296,65.81240805100242,0.015301702454676568,0.18756103515625,,,,,,,,0.03515625,-4.536703109741211,0.19226716907068808,-0.009143571954275401,227.4980926513672
319488,67.30724081399967,0.014649458431130264,0.18339844048023224,,,,,,,,0.026611328125,-2.9425270557403564,0.21587110976567092,-0.008124041379606678,209.599853515625
327680,68.80645347300015,0.012082502158779297,0.15695801377296448,0.0033131777096193638,0.28949117595207874,0.2470598728729826,333,182.41463432890092,3.75,nan,0.0225830078125,-2.0110247135162354,0.20664902276147334,-0.014767782012733788,166.96290588378906
335872,70.41474332600046,0.01777554859201213,0.21551513671875,,,,,,,,0.0211181640625,-1.5287396907806396,0.20200418317628321,-0.009540824393701353,146.93553161621094
344064,72.03882335300295,0.017458148043850253,0.21791993081569672,,,,,,,,0.017822265625,-0.9612013697624207,0.20659952138021342,-0.010900996924893967,118.34691619873047
352256,73.57711789200403,0.01599352535985018,0.19816894829273224,,,,,,,,0.01416015625,-0.43173789978027344,0.1964144899049154,-0.013397892973996663,90.5912094116211
360448,75.074868169002,0.016460069664389676,0.20571289956569672,,,,,,,,0.0133056640625,-0.1773805171251297,0.15020234578283032,-0.01831741655868865,66.37586975097656
368640,76.61776501900022,0.015413611122290984,0.20024414360523224,,,,,,,,0.013916015625,-0.10147687047719955,0.19884650748879074,-0.01687964124232887,61.75471115112305
376832,78.37938584600488,0.016081049858712806,0.20380859076976776,,,,,,,,0.00927734375,0.18071472644805908,0.19859534716192973,-0.01918413420441821,42.049163818359375
385024,80.09877669500565,0.016129317287667363,0.20017090439796448,,,,,,,,0.010009765625,0.23676380515098572,0.1934200050991357,-0.017139592725851135,40.536312103271484
393216,81.63324364599976,0.016637487661361607,0.20994873344898224,0.023275599158594895,0.30594324871597156,0.23749312738492157,333,187.96185671180174,37.800000000000004,nan,0.0091552734375,0.33740052580833435,0.19365184375943578,-0.019803058485629584,34.57130432128906
401408,83.21145840900135,0.016614086739826756,0.20827637612819672,,,,,,,,0.0064697265625,0.4438341557979584,0.21177786254560704,-0.02022202724730742,21.385040283203125
409600,84.77598419200513,0.019045566159647236,0.23382568359375,,,,,,,,0.0067138671875,0.47356125712394714,0.19150224494510182,-0.020076811664319263,20.53727149963379
417792,86.32593007900141,0.01608057597019417,0.20262451469898224,,,,,,,,0.00732421875,0.5121809244155884,0.16652569212285262,-0.019003436384759733,20.61051368713379
425984,87.87553635200311,0.015678048290242066,0.20216064155101776,,,,,,,,0.00537109375,0.527172863483429,0.1640061936367787,-0.020929983035568617,14.554821968078613
434176,89.45357879600488,0.0156941655888545,0.20455323159694672,,,,,,,,0.00634765625,0.5504618883132935,0.2030638177754347,-0.023280839651983232,14.393651008605957
442368,91.07671606300573,0.01589762690327774,0.20712891221046448,,,,,,,,0.005859375,0.5700496435165405,0.19554242086228846,-0.02375470439156474,12.135954856872559
450560,92.65768367200508,0.016707008956171467,0.20631103217601776,,,,,,,,0.0052490234375,0.5586064457893372,0.19450427524351066,-0.021101109890649415,13.03141975402832
458752,94.24552254000446,0.014498074770496285,0.18488769233226776,0.006960782621213579,0.3076457725445658,0.23424800597469064,333,192.2225091557322,27.150000000000002,nan,0.0072021484375,0.6047924757003784,0.19312547052167006,-0.021316871982262894,15.22209358215332
466944,95.90100484800496,0.01618938409612033,0.20683594048023224,,,,,,,,0.0048828125,0.5815057754516602,0.19587634434870083,-0.023845543740853497,10.200475692749023
475136,97.40872307900281,0.016157052442408455,0.2080078125,,,,,,,,0.005615234375,0.5980588793754578,0.19910833834630082,-0.02215701770687715,11.206297874450684
483328,98.9070496580025,0.01875536176177455,0.22585450112819672,,,,,,,,0.0052490234375,0.5989888906478882,0.18994726831245246,-0.020574664252810237,8.766822814941406
491520,100.45891300600488,0.018071140997987744,0.22902832925319672,,,,,,,,0.0037841796875,0.5810307860374451,0.17894921489011484,-0.020608778137819,5.9160475730896
499712,101.9595371730029,0.017560935003828625,0.22071532905101776,,,,,,,,0.0047607421875,0.6033088564872742,0.1838852222166072,-0.021292963684052327,6.949002265930176
507904,103.490353150999,0.01622982229499329,0.20754395425319672,,,,,,,,0.0047607421875,0.607429027557373,0.17087180080002906,-0.022753899211788275,5.342658042907715
516096,105.00382424300187,0.0170613791480371,0.21370850503444672,,,,,,,,0.0052490234375,0.6425803303718567,0.16323611020551865,-0.020228763130106575,7.745536804199219
524288,106.52621387800173,0.01807774775933631,0.22087402641773224,0.0036783150335278902,0.2384028156947875,0.23316386568214253,333,197.36783440963154,46.050000000000004,nan,0.0050048828125,0.6336296200752258,0.20952648145766017,-0.02204678259772698,5.678247928619385
532480,108.10481495600106,0.01845444095582462,0.23127441108226776,,,,,,,,0.0047607421875,0.6336997151374817,0.21110266864280647,-0.023076230867226998,5.639641761779785
540672,109.67262206099986,0.019069585295296693,0.23404541611671448,,,,,,,,0.004638671875,0.6248195767402649,0.20996602577145507,-0.020982679457677286,3.8817670345306396
548864,111.38908770600392,0.021752496884039896,0.25640869140625,,,,,,,,0.003662109375,0.6218755841255188,0.20807323509622588,-0.017962048341768917,4.3177947998046875
557056,113.24486674800573,0.020693842351090803,0.25147706270217896,,,,,,,,0.004638671875,0.626724898815155,0.19213553438027442,-0.023468921359681223,3.555737257003784
565248,115.09865093900589,0.023385796403120416,0.26878663897514343,,,,,,,,0.00390625,0.6355411410331726,0.15177465455238448,-0.01786633568097389,4.143846035003662
573440,117.19244386799983,0.020525361726830817,0.24445800483226776,,,,,,,,0.0045166015625,0.6254546642303467,0.17961561279117222,-0.02089431024660664,4.608178615570068
581632,119.07330286800425,0.021570032644499162,0.25782471895217896,,,,,,,,0.00537109375,0.6761696338653564,0.1735918585719265,-0.02094533476059419,5.227888584136963
589824,120.93470759800402,0.02259416776500517,0.26634523272514343,0.00413746520195557,0.24644335304067833,0.23331748400064012,333,198.57337502134249,46.95,nan,0.0042724609375,0.648380696773529,0.1691410311206092,-0.018235380116730367,4.990474700927734
598016,123.2389237669995,0.023243354742145436,0.26884767413139343,,,,,,,,0.0047607421875,0.6273215413093567,0.18310926254683202,-0.017309352265676075,3.757098436355591
606208,125.38737299600325,0.020967361462391608,0.24873046576976776,,,,,,,,0.0052490234375,0.6659968495368958,0.19787532447651757,-0.018254084836277357,5.976765155792236
614400,127.33767410300061,0.027195553309769138,0.29639893770217896,,,,,,,,0.00390625,0.6270722150802612,0.19841451475932115,-0.018916083729815077,3.776125431060791
622592,129.78359312999964,0.019841802631006995,0.2388916015625,,,,,,,,0.00390625,0.6237493753433228,0.21266609254709468,-0.01876099468310671,2.739286422729492
630784,131.7536873890058,0.023590631113293056,0.26939699053764343,,,,,,,,0.0040283203125,0.621378481388092,0.20842623079971412,-0.01866494767669932,3.152630567550659
638976,134.2052829230015,0.025913510869804746,0.28331300616264343,,,,,,,,0.00537109375,0.65328049659729,0.19937186510846194,-0.01671869739469208,4.801055908203125
647168,136.16935339000338,0.025792405906965465,0.28004151582717896,,,,,,,,0.0042724609375,0.655995786190033,0.2045101400478564,-0.017190657577858672,4.262294292449951
655360,138.66702161400463,0.02723237288426721,0.2987060546875,0.0010130488224611156,0.24287042514392243,0.23079372614774407,333,198.4130538603071,46.95,nan,0.0028076171875,0.6120844483375549,0.19900721684321632,-0.018467407632875587,1.418257236480713
663552,140.61111509400507,0.02384715397485015,0.2773803770542145,,,,,,,,0.00390625,0.6210036277770996,0.18167767285516812,-0.01949249575593717,1.9600841999053955
671744,142.39683814300224,0.02487872643486004,0.2763671875,,,,,,,,0.004150390625,0.6417927742004395,0.1826619711127485,-0.01656003805550042,3.5662591457366943
679936,143.90418964200217,0.027319019332592655,0.2948974668979645,,,,,,,,0.0040283203125,0.6231299042701721,0.18873834214014162,-0.016382343358124756,1.8000160455703735
688128,145.40275141299935,0.0260085889836573,0.28717041015625,,,,,,,,0.004638671875,0.6456312537193298,0.18615190958733152,-0.016907096951700874,3.8289902210235596
696320,147.06159957300406,0.026504299248664726,0.29345703125,,,,,,,,0.0040283203125,0.6390960812568665,0.19521333604928148,-0.017084716575419625,2.6166131496429443
704512,148.7512328610028,0.024879594151221728,0.2701171934604645,,,,,,,,0.00341796875,0.6510947346687317,0.18858998999048948,-0.015719006278796587,3.128709316253662
712704,150.57096420900052,0.02562498495367818,0.2908935546875,,,,,,,,0.003662109375,0.6259861588478088,0.19568462315166768,-0.018555859952402328,1.8834877014160156
720896,152.08915588400123,0.030654958698533064,0.3150268495082855,0.004032316972102046,0.2248018904211,0.21728447739955326,333,202.30273001471994,47.1,nan,0.0035400390625,0.609647274017334,0.1879074349421117,-0.016290256826825153,0.9549329876899719
729088,153.6709712869997,0.019150801780187094,0.23588867485523224,,,,,,,,0.0048828125,0.6639321446418762,0.19733343859021646,-0.018175835253335337,4.043810844421387
737280,155.16772073700122,0.025977434524815414,0.28692626953125,,,,,,,,0.0040283203125,0.6741306185722351,0.18286635644864013,-0.01892440719599657,3.99420428276062
745472,156.68115675300214,0.028143453337119373,0.30058595538139343,,,,,,,,0.0048828125,0.6799338459968567,0.18138531166711236,-0.016092906853286446,4.385254859924316
753664,158.2244790640034,0.03345078596064446,0.33087158203125,,,,,,,,0.003173828125,0.626492977142334,0.19751948742343273,-0.017292466445083626,1.0495256185531616
761856,159.77522010200482,0.027132908916208256,0.29954835772514343,,,,,,,,0.0029296875,0.6135259866714478,0.19616576310783074,-0.017577855978960326,1.3113893270492554
770048,161.36726880300557,0.026102710984933622,0.28679201006889343,,,,,,,,0.00439453125,0.6232215762138367,0.1953745525552527,-0.019770177960633847,1.483740210533142
778240,163.1231441780037,0.023383803811737637,0.2757568359375,,,,,,,,0.0029296875,0.6172618269920349,0.19192176134418593,-0.01764851782555694,1.527499794960022
786432,164.94571633799933,0.025577022808568262,0.28089600801467896,0.0016158409290700781,0.22127078969170977,0.21208315768089114,333,206.57023453290918,44.7,nan,0.0032958984375,0.6454086899757385,0.18261565008804392,-0.013465183223483702,1.951210856437683
794624,166.57752431500558,0.027210828272721133,0.29176026582717896,,,,,,,,0.0045166015625,0.6393082141876221,0.17487464933680075,-0.01613157228200649,2.2003300189971924
802816,168.0866090970012,0.02975432291527823,0.30821534991264343,,,,,,,,0.002685546875,0.6273007392883301,0.18130234387210298,-0.018473515179584458,0.9797065854072571
811008,169.59559775100206,0.027487734324291104,0.29606935381889343,,,,,,,,0.0042724609375,0.6493205428123474,0.17882514777619918,-0.017930883372775052,1.9674450159072876
819200,171.16177639200032,0.025603932867042913,0.2754760682582855,,,,,,,,0.004638671875,0.6742257475852966,0.17353420973661438,-0.016873166233123637,3.512995958328247
827392,172.7885136870027,0.027020005581576047,0.2958618104457855,,,,,,,,0.003173828125,0.6535837650299072,0.16706863132263017,-0.018579865268252876,1.6089460849761963
835584,174.63455755800533,0.03045655768618949,0.32762452960014343,,,,,,,,0.0032958984375,0.6373232007026672,0.16940547936650885,-0.017898896533519615,1.2120965719223022
843776,176.21391335600492,0.0303420553323284,0.318359375,,,,,,,,0.0032958984375,0.645733118057251,0.15367748282329452,-0.01880583078000668,1.4488943815231323
851968,177.73140907500056,0.02742082398211211,0.2965331971645355,0.0025864183013627473,0.20820775950737302,0.1999104255276809,333,210.4374250652965,47.1,nan,0.00390625,0.6607412695884705,0.15130022628075313,-0.015625399925349264,2.514265775680542
860160,179.25794424900232,0.02709680639320394,0.2893432676792145,,,,,,,,0.0032958984375,0.6344507336616516,0.14849352355058365,-0.018245995926264767,0.9561571478843689
868352,180.79311094500008,0.026947246201177943,0.29216310381889343,,,,,,,,0.004150390625,0.6825053095817566,0.15136492120008893,-0.017376446718395992,2.8329248428344727
876544,182.30926013299904,0.028672361616717837,0.306884765625,,,,,,,,0.003662109375,0.665395975112915,0.14278586448831265,-0.017529662992866835,1.9173306226730347
884736,184.08404993500153,0.03514931409924763,0.33648681640625,,,,,,,,0.00390625,0.6835063099861145,0.13579734792431863,-0.01311511479726944,2.1447083950042725
892928,185.7388483399991,0.032250596578450946,0.326904296875,,,,,,,,0.0042724609375,0.6909322142601013,0.1462760712413953,-0.016440933157757527,2.2245097160339355
901120,187.24998918400524,0.029315742740307262,0.31097412109375,,,,,,,,0.0035400390625,0.677862823009491,0.1430806405212407,-0.016573050297968923,2.0376179218292236
909312,188.77024899700336,0.029477520199026365,0.31110841035842896,,,,,,,,0.003173828125,0.6820670366287231,0.12562325642208383,-0.020083851912482572,1.914378046989441
917504,190.30925501100137,0.026435819937581,0.2919555604457855,0.0041770398885282445,0.1699122488388045,0.155724285271014,333,225.052522353573,49.650000000000006,nan,0.0040283203125,0.6898280382156372,0.12517860857557783,-0.018627345730464373,2.0568408966064453
925696,192.02706635600043,0.027060760580678852,0.29863283038139343,,,,,,,,0.003662109375,0.6835097074508667,0.140126820544624,-0.021886909317640233,1.6366859674453735
933888,193.56283248300315,0.03365590476464108,0.33997803926467896,,,,,,,,0.002685546875,0.6808223724365234,0.09912306229876133,-0.02491066770938604,0.5802575945854187
942080,195.19549183700292,0.025145611049393442,0.2781616151332855,,,,,,,,0.0045166015625,0.7002478241920471,0.12679525336012376,-0.018504360312022235,2.6428654193878174
950272,196.71984904200508,0.026682142420144953,0.28483888506889343,,,,,,,,0.0030517578125,0.6973879337310791,0.1380191248481576,-0.02210655955007967,2.3274219036102295
958464,198.23683568100387,0.02976682539281711,0.31544190645217896,,,,,,,,0.003662109375,0.7126508355140686,0.13113430973068851,-0.022021503542750114,1.3398634195327759
966656,199.75784213800216,0.025134810022713172,0.2865966856479645,,,,,,,,0.00390625,0.7263318300247192,0.1152372353991965,-0.01988317434372523,2.1051738262176514
974848,201.27563486000145,0.025667488155157715,0.28826904296875,,,,,,,,0.00341796875,0.7373501062393188,0.1065271692737424,-0.020581749677558922,2.3739380836486816
983040,202.77111748300376,0.031069055860036623,0.3207031190395355,0.018066668323316604,0.11158356664016278,0.10474639291303012,333,259.5270669323688,49.650000000000006,nan,0.0030517578125,0.7128286361694336,0.09875119386538245,-0.0225256702766687,1.3814603090286255
991232,204.37503369800106,0.027906467923557443,0.300048828125,,,,,,,,0.0042724609375,0.7587519884109497,0.10279459313134853,-0.019675314696184214,2.823798418045044
999424,206.16783403800218,0.028640583422548826,0.29973146319389343,,,,,,,,0.0040283203125,0.7429646849632263,0.09557846271984372,-0.019519650569232595,2.47645902633667
1007616,208.1677768110021,0.03132313500606422,0.3255371153354645,,,,,,,,0.002685546875,0.738936722278595,0.0830116107884209,-0.023189583970670044,1.7904185056686401
1015808,209.9599413640026,0.03110703427993441,0.3162475526332855,,,,,,,,0.0045166015625,0.7490113973617554,0.0830798847394969,-0.021096092426343627,3.339405059814453
1024000,211.54728614700434,0.037853466543284225,0.3566650450229645,,,,,,,,0.0035400390625,0.7404785752296448,0.09727762491227754,-0.02280291311096766,1.713409423828125
1032192,213.36114259700116,0.03121193707334822,0.3212646543979645,,,,,,,,0.0037841796875,0.7753226161003113,0.09658905116996896,-0.023720250409655304,2.2331643104553223
1040384,214.91463928300072,0.033137752279587575,0.3364013731479645,,,,,,,,0.0035400390625,0.7801437377929688,0.07770777064008283,-0.020467126847989618,2.55934739112854
1048576,216.42958006400295,0.03352812254572564,0.3306518495082855,0.01129150364135445,0.09073678665671747,0.08680040301856473,333,262.6959706118781,49.5,nan,0.0032958984375,0.7511215209960938,0.08654104591056244,-0.019856422688300922,1.3739919662475586
1056768,218.03020156700222,0.03488269349035391,0.3384643495082855,,,,,,,,0.004150390625,0.8066123723983765,0.07077547160551512,-0.020235773391632007,2.2957520484924316
1064960,219.54912708399934,0.026720914955875544,0.29438477754592896,,,,,,,,0.0045166015625,0.7883160710334778,0.08609986614255061,-0.021344469705542168,3.210284948348999
1073152,221.10071665000578,0.03214613930202755,0.3305297791957855,,,,,,,,0.00341796875,0.8131033778190613,0.07549568432526121,-0.02036563522589442,2.6997716426849365
1081344,222.63132361500175,0.03191059621604386,0.3228393495082855,,,,,,,,0.00341796875,0.8118506669998169,0.06158463160165728,-0.025218570750623184,1.7098779678344727
1089536,224.32691742000316,0.030044735876475673,0.3164428770542145,,,,,,,,0.00390625,0.8077430129051208,0.06580201561659449,-0.020587975385538068,3.2623441219329834
1097728,225.94915250399936,0.03495372002748439,0.33936768770217896,,,,,,,,0.0045166015625,0.8699050545692444,0.068606262232211,-0.02061576655974103,3.331275224685669
1105920,227.48307289100194,0.032094787765799694,0.3237060606479645,,,,,,,,0.0037841796875,0.8189164996147156,0.06249870949733416,-0.01956249693569717,3.0620179176330566
1114112,229.02386350500456,0.04032400285952162,0.37108156085014343,0.009060841999071312,0.08071454682522405,0.07191218506715058,333,283.49480003688564,49.650000000000006,nan,0.00341796875,0.8109654784202576,0.04565846914327665,-0.022737095516491192,1.7236671447753906
1122304,230.649265344,0.02869004905826964,0.30720216035842896,,,,,,,,0.0042724609375,0.8403549194335938,0.03961553085356162,-0.023479247797078058,3.3602375984191895
1130496,232.11597682600404,0.03236130473779277,0.32770997285842896,,,,,,,,0.004150390625,0.8708069324493408,0.044106632750987806,-0.023235754784945307,3.5800514221191406
1138688,233.63126221800485,0.031319437837051475,0.32615968585014343,,,,,,,,0.003662109375,0.8587506413459778,0.05460948628785145,-0.026035925287964563,2.8192944526672363
1146880,235.16773418900266,0.03462373429724411,0.3389038145542145,,,,,,,,0.0040283203125,0.8730890154838562,0.06417481683036419,-0.02079797575236987,3.4195046424865723
1155072,236.6701111270013,0.04051813277790555,0.3606201112270355,,,,,,,,0.0040283203125,0.8584766387939453,0.05573847562487455,-0.02247392170000512,2.637655258178711
1163264,238.19348820500454,0.0346847124861794,0.34168702363967896,,,,,,,,0.0040283203125,0.9076886177062988,0.04151280971199878,-0.02249865859606315,4.022302150726318
1171456,239.73730991800403,0.03355279432776749,0.3360229432582855,,,,,,,,0.0048828125,0.9127315878868103,0.04803315384828455,-0.021262416752575758,4.519089698791504
1179648,241.24264259100164,0.040975639374321075,0.37017822265625,0.014444568301445138,0.07636566527500932,0.06076827055288769,333,297.2209690369006,48.300000000000004,nan,0.00341796875,0.8640755414962769,0.05393129565397603,-0.022845921770892383,3.335693359375
1187840,242.8809248489997,0.034477757773499554,0.3424438536167145,,,,,,,,0.004638671875,0.922649621963501,0.03446446347288612,-0.021624659070385435,3.631627321243286
1196032,244.39550537500327,0.035180093778255254,0.34172365069389343,,,,,,,,0.00390625,0.8571984171867371,0.030501916989801203,-0.022261959985888244,3.5010604858398438
1204224,245.93793465500494,0.03787989138160375,0.3514404296875,,,,,,,,0.0029296875,0.8724228143692017,0.042889294333923855,-0.02587282941766636,2.4153037071228027
1212416,247.47078920200147,0.03681447333656675,0.34949952363967896,,,,,,,,0.0045166015625,0.913867175579071,0.025205086639412566,-0.025116386207511533,3.1977338790893555
1220608,249.00581520500418,0.03717116882516954,0.35377198457717896,,,,,,,,0.004150390625,0.9376591444015503,0.03168229022992897,-0.02265619065743378,4.643771648406982
1228800,250.55518668100558,0.03188279441930356,0.32655030488967896,,,,,,,,0.004638671875,0.9665055274963379,0.043499495165184365,-0.02683429941735982,5.172757625579834
1236992,252.18289438100328,0.033736186733917775,0.340576171875,,,,,,,,0.004638671875,0.9623436331748962,0.033977423263100937,-0.02716964779087766,5.293604373931885
1245184,253.7525764250022,0.03203791166082443,0.323486328125,0.014655355247617408,0.0679592486974705,0.06262230207526898,333,283.318419152607,49.35,nan,0.0048828125,0.9565893411636353,0.03588889198317646,-0.02550517720490958,6.288088798522949
1253376,255.39503273599985,0.040983743011063146,0.37061768770217896,,,,,,,,0.0037841796875,0.9505655169487,0.042229812036626235,-0.02573862467799942,4.4342498779296875
1261568,256.9486070040002,0.038311673846179735,0.36094972491264343,,,,,,,,0.00390625,0.95041823387146,0.03705407970307595,-0.03174311308093366,3.484426975250244
1269760,258.4547720650007,0.0380369292250316,0.35350343585014343,,,,,,,,0.0048828125,0.9706078171730042,0.0384650978108696,-0.02517440453389934,6.260701656341553
1277952,259.95987926800444,0.03356759182952132,0.3373169004917145,,,,,,,,0.00390625,0.971817135810852,0.03863943220834398,-0.02408024752985012,5.347835063934326
1286144,261.50968341800035,0.03484404256080321,0.33576661348342896,,,,,,,,0.006103515625,0.9950165748596191,0.03131825248845277,-0.028750953147744687,5.880465984344482
1294336,263.06427906500176,0.04069465314662594,0.3671630918979645,,,,,,,,0.003662109375,0.9544893503189087,0.040508323887013864,-0.023841327991658345,5.437910079956055
1302528,264.59779771000467,0.04304469641475184,0.376953125,,,,,,,,0.0035400390625,0.9665141105651855,0.04314771227364367,-0.024511192940382658,4.09052038192749
1310720,266.1428733460052,0.03962402649910879,0.3710571229457855,0.033411679510321424,0.06083628392954854,0.060088347927621744,333,284.7287707568963,49.5,nan,0.00341796875,0.9261809587478638,0.030196501307185875,-0.029047975936719206,4.0653886795043945
1318912,267.8239514590023,0.040710830204572133,0.3742309510707855,,,,,,,,0.004638671875,0.971703827381134,0.03145921961936693,-0.03184826664628214,3.784039258956909
1327104,269.3393021190059,0.04359922454439907,0.3768554627895355,,,,,,,,0.0032958984375,0.9467287659645081,0.03345311982674504,-0.025478646542226348,3.4121010303497314
1335296,270.85191970300366,0.041174411969416486,0.36799317598342896,,,,,,,,0.004150390625,0.980915904045105,0.033863684295595387,-0.022249073698955634,3.7490901947021484
1343488,272.33916390000377,0.04265083934484705,0.3802123963832855,,,,,,,,0.0037841796875,0.9564706087112427,0.028173113186899856,-0.0247313079549763,3.759006977081299
1351680,273.89952095600165,0.04189838069390371,0.38178712129592896,,,,,,,,0.004150390625,0.9722228646278381,0.03050858519331856,-0.023340679631043373,3.4694302082061768
1359872,275.4481684630009,0.03842328854381824,0.36076661944389343,,,,,,,,0.00390625,0.9769793748855591,0.032872594442494574,-0.026872987784349895,4.358221054077148
1368064,276.97025947300426,0.04124470850456131,0.3765502870082855,,,,,,,,0.0045166015625,0.9966461062431335,0.03527569025269983,-0.025322033054122353,4.8805742263793945
1376256,278.4793164690054,0.03675719294761048,0.34501954913139343,0.015150221360364924,0.031461046921499314,0.030565993063764507,333,319.6804736686778,49.5,nan,0.003173828125,0.9570517539978027,0.0297576707010907,-0.024817427366019152,4.065794944763184
1384448,280.13746186299977,0.0398557999759907,0.3651123046875,,,,,,,,0.00537109375,1.0414776802062988,0.03024637731137847,-0.024755092387765396,5.6563029289245605
1392640,281.6875555709994,0.0486454150874225,0.3926025331020355,,,,,,,,0.0042724609375,0.9469578266143799,0.022880268112039803,-0.0226403305370754,4.5340142250061035
1400832,283.147040060001,0.043854682921241804,0.3768310546875,,,,,,,,0.00390625,1.0599737167358398,0.009186055180471997,-0.02585544819185026,4.938045501708984
1409024,284.6902945020047,0.03688805534933131,0.3531494140625,,,,,,,,0.0040283203125,0.9704588055610657,0.0071798920833198165,-0.026526143160452445,5.057586193084717
1417216,286.2889589930055,0.04181260276765685,0.381103515625,,,,,,,,0.003173828125,0.9704862833023071,0.020947596608433927,-0.030781726022069113,3.9622628688812256
1425408,288.11744631500187,0.04613165774791248,0.39561769366264343,,,,,,,,0.003662109375,1.018766164779663,0.03017953855305855,-0.026705931934939777,4.330433368682861
1433600,289.7125237799992,0.04893221462454426,0.39458009600639343,,,,,,,,0.0037841796875,0.9422523975372314,0.026865542698766176,-0.02593253280361354,3.9227235317230225
1441792,291.24727869300114,0.04660925979420072,0.3970947265625,0.017395582807468224,0.03820123009368581,0.035548679889691126,333,349.27685618956855,49.5,nan,0.0035400390625,1.0178534984588623,0.02826667284725226,-0.03115693338266112,4.01609468460083
1449984,292.93725305400585,0.042583763084911824,0.37004396319389343,,,,,,,,0.0048828125,1.0453665256500244,0.02824725775410475,-0.02417783953377552,5.055776596069336
1458176,294.4647603150006,0.03893286190902343,0.3660644590854645,,,,,,,,0.0037841796875,1.0413016080856323,0.027240996011153706,-0.030058758304663258,5.2930827140808105
1466368,296.0444834450027,0.04238122706053837,0.375244140625,,,,,,,,0.0037841796875,1.0710983276367188,0.024004381666498653,-0.03277480419513736,4.705874919891357
1474560,297.7046455460004,0.041215988097075947,0.3709960877895355,,,,,,,,0.005126953125,1.0505614280700684,0.026192381264839693,-0.029000977006174145,6.543748378753662
1482752,299.2464139100048,0.04162786410137004,0.37785646319389343,,,,,,,,0.0037841796875,1.0412825345993042,0.02824313163206682,-0.02721960157671995,6.385274887084961
1490944,300.7968523590025,0.043686304954657584,0.3761230409145355,,,,,,,,0.004150390625,1.0289218425750732,0.019678538028176873,-0.026797585666756076,4.857021808624268
1499136,302.3142306480004,0.04690206087684604,0.39348146319389343,,,,,,,,0.0048828125,1.0604020357131958,0.02572962059219741,-0.02387787605524056,6.46377420425415
1507328,303.85611309000524,0.050881256028660504,0.41412353515625,0.021231137651948062,0.04056547883881234,0.040432374541482186,333,341.7818840251713,49.5,nan,0.00341796875,1.0070592164993286,0.028269400216210716,-0.03218022015033069,4.675205230712891
1515520,305.52485077500023,0.04086200007440845,0.37095949053764343,,,,,,,,0.0037841796875,1.0113941431045532,0.017313227788333885,-0.026878780770244262,5.607313632965088
1523712,307.06049874699966,0.04319922954986806,0.3779052793979645,,,,,,,,0.0047607421875,1.0451964139938354,0.016452690339572085,-0.028814566215335537,7.473147869110107
1531904,308.60817125700123,0.044864286708939424,0.38212892413139343,,,,,,,,0.0037841796875,1.0443280935287476,0.015351945083998064,-0.0255672914027964,6.633203029632568
1540096,310.1414626090045,0.04589030302946673,0.38471680879592896,,,,,,,,0.0048828125,1.0970258712768555,0.033091900654336426,-0.02902590596911943,6.922667026519775
1548288,312.0527322210037,0.05581053719855568,0.41765138506889343,,,,,,,,0.0047607421875,1.0674833059310913,0.024139633534428384,-0.02116539869891095,8.01490306854248
1556480,313.56202126800054,0.04442193818584713,0.38934326171875,,,,,,,,0.0037841796875,1.0748791694641113,0.01872255836989767,-0.029698881228558696,6.4755377769470215
1564672,315.0521351050047,0.04776147150871868,0.4002685546875,,,,,,,,0.0040283203125,1.034503698348999,0.021502639970710558,-0.03142944738205309,5.361393451690674
1572864,316.57504978900397,0.042000467299442394,0.36998292803764343,0.021372530190416517,0.039050837098136615,0.03486898774578795,333,341.528467917186,49.650000000000006,nan,0.0045166015625,1.054429292678833,0.02407316850007346,-0.025226049521941542,8.631525993347168
1581056,318.1915336470047,0.05403108007045648,0.4233764708042145,,,,,,,,0.0040283203125,1.0470393896102905,0.019134906405725127,-0.03133145910884668,6.425840854644775
1589248,319.6841132539994,0.050597926795400185,0.41486817598342896,,,,,,,,0.004638671875,1.0504335165023804,0.021158385905202914,-0.026119710071153712,6.777926921844482
1597440,321.2975287990048,0.0438359086840392,0.3828125,,,,,,,,0.00341796875,1.0569125413894653,0.013215930919614038,-0.030740005511963476,6.447963714599609
1605632,322.8179008350053,0.05486968460555584,0.4278198182582855,,,,,,,,0.0042724609375,1.0474438667297363,0.020032745315224698,-0.029702567221478682,5.954191207885742
1613824,324.43967967600474,0.04819016568675322,0.4099487364292145,,,,,,,,0.0045166015625,1.104252815246582,0.02166949074488911,-0.029956887255807352,6.802631378173828
1622016,326.0285888139988,0.055206242278660556,0.42884522676467896,,,,,,,,0.0030517578125,1.0209370851516724,0.014878372097486325,-0.025662345643830756,6.936326503753662
1630208,327.7335154110042,0.054556850623508325,0.4192260801792145,,,,,,,,0.00390625,1.1093953847885132,0.0070408757525187715,-0.02506163381396131,6.1858649253845215
1638400,329.2882942520009,0.05309982678017682,0.41119384765625,0.0360476987006314,0.06312575830077916,0.059161371884209335,169,136.11525233603038,25.05,nan,0.0042724609375,0.988204300403595,0.006757062289845073,-0.03305885825053794,5.7468156814575195
1646592,330.98306039399904,0.06051891308140094,0.4454345703125,,,,,,,,0.0029296875,1.0793602466583252,0.017027803428563804,-0.027400256054048513,6.391400337219238
1654784,332.518212478004,0.058046232443482663,0.43670654296875,,,,,,,,0.004638671875,1.0867255926132202,0.020051325571588174,-0.023999388744171412,6.214759349822998
1662976,334.00858786400204,0.05398095727874772,0.4205688536167145,,,,,,,,0.003662109375,1.0399271249771118,0.017526623433240074,-0.028590688182132246,5.8712310791015625
1671168,335.49744388000545,0.06061002897544574,0.4425292909145355,,,,,,,,0.003662109375,1.1118316650390625,0.01845693397994619,-0.028755987021117282,5.546845436096191
1679360,336.98757290000503,0.051707689959447245,0.41478273272514343,,,,,,,,0.0040283203125,1.0256075859069824,0.02356400725652552,-0.03283575022039776,5.463047981262207
1687552,338.45319913700223,0.05599518178167914,0.4154296815395355,,,,,,,,0.0032958984375,1.0355807542800903,0.018175418390128484,-0.029613540290555986,4.920490264892578
1695744,339.9399014610026,0.056473347619620154,0.43305665254592896,,,,,,,,0.00390625,1.0447763204574585,0.023445513310083488,-0.027937747917550982,5.721528053283691
1703936,341.4438476639989,0.05963821808542154,0.4395996034145355,0.03559137458958006,0.03909482688257637,0.03320662628009097,333,358.5733779459974,48.300000000000004,nan,0.0037841796875,1.0746837854385376,0.019200404269037574,-0.028099510751960197,4.891471862792969
1712128,343.011616623,0.058986919106019275,0.4326171875,,,,,,,,0.00390625,1.0474761724472046,0.02700524004756444,-0.027858014531548566,5.471247673034668
1720320,344.48783604799974,0.06153232226039031,0.43455812335014343,,,,,,,,0.0045166015625,1.093604326248169,0.020413612394293734,-0.022936646561258486,6.688599586486816
1728512,345.97631209999963,0.051530797714811574,0.4153198301792145,,,,,,,,0.00390625,1.0942356586456299,0.024190927287365382,-0.0341413199364392,6.936350345611572
1736704,347.40519793800195,0.05496031537780214,0.42686769366264343,,,,,,,,0.003662109375,1.1016799211502075,0.019578787387512397,-0.02979977718656178,5.500633239746094
1744896,348.89106401100435,0.06203406969220379,0.44526368379592896,,,,,,,,0.004150390625,1.0773003101348877,0.017257045977244423,-0.02582086569513964,5.976500988006592
1753088,350.3976880350019,0.05343722212919985,0.42097169160842896,,,,,,,,0.004638671875,1.1176373958587646,0.01844203464005978,-0.025391239795270443,7.124351501464844
1761280,351.91756384399923,0.06035372411936675,0.4419311583042145,,,,,,,,0.0032958984375,1.1001309156417847,0.020346139555079135,-0.023887099824103836,5.663669109344482
1769472,353.39017960800265,0.0546240726560665,0.42387697100639343,0.04766203037566141,0.05695196392568591,0.045977847689796736,333,332.91947025834736,49.5,nan,0.00390625,1.091659665107727,0.017274187830552568,-0.028139385303652998,5.014249324798584
1777664,355.0092286520012,0.05934541289663107,0.4359985291957855,,,,,,,,0.003662109375,1.0875086784362793,0.01704471721123646,-0.02508486403008008,5.9054999351501465
1785856,356.4577974269996,0.06220004193540042,0.44659423828125,,,,,,,,0.00341796875,1.083918571472168,0.017085769861229227,-0.026450485630219036,4.968784332275391
1794048,357.9185929670057,0.05628180770617245,0.42486572265625,,,,,,,,0.0042724609375,1.070999264717102,0.015610694441601902,-0.03196264448147636,4.439016342163086
1802240,359.3975048120046,0.0599415335354468,0.4402221739292145,,,,,,,,0.0030517578125,1.0908455848693848,0.01929159188342755,-0.02727578477800003,5.035877227783203
1810432,360.8881279070047,0.06299609528134287,0.4444824159145355,,,,,,,,0.004150390625,1.1298589706420898,0.0192877786189799,-0.027672896751002304,5.202035427093506
1818624,362.3701178180054,0.06564019151503547,0.45006105303764343,,,,,,,,0.0035400390625,1.0518674850463867,0.017462319470755272,-0.024732113432194044,4.4507365226745605
1826816,363.8832132460011,0.06257974685487418,0.45001220703125,,,,,,,,0.00439453125,1.1691317558288574,0.013902728712349433,-0.027608084667013782,5.429760932922363
1835008,365.3778788240015,0.061538822262161924,0.4454589784145355,0.0542067752669223,0.06633812679677287,0.050185363435668706,333,341.77391751918054,46.800000000000004,nan,0.0032958984375,1.0548295974731445,0.02092605914361667,-0.027790704554225817,5.447915077209473
1843200,367.0363380140043,0.05798682103554612,0.43134766817092896,,,,,,,,0.003173828125,1.141160011291504,0.006496731136282907,-0.024483870431248764,5.588143825531006
1851392,368.52544143900013,0.06934217437197923,0.46531984210014343,,,,,,,,0.0037841796875,1.1395059823989868,0.006719411238792494,-0.025599623911327564,4.222225666046143
1859584,370.01150560800306,0.0553239032456804,0.42706298828125,,,,,,,,0.004638671875,1.0891993045806885,0.015110234813665135,-0.030432695172561877,5.185290813446045
1867776,371.53655864900065,0.06304198621539765,0.45380860567092896,,,,,,,,0.0029296875,1.1122757196426392,0.019344913832030297,-0.029566953712175617,4.228343486785889
1875968,373.0167075499994,0.05822125571309975,0.43597412109375,,,,,,,,0.0042724609375,1.1383723020553589,0.01746205868831452,-0.027873278221601624,6.055470943450928
1884160,374.5845750799999,0.06525225491332254,0.4530883729457855,,,,,,,,0.004150390625,1.1306869983673096,0.016049868691669356,-0.024768808086609657,6.974536895751953
1892352,376.1978638810033,0.06536165942914891,0.45219728350639343,,,,,,,,0.0040283203125,1.1411035060882568,0.01676750797367177,-0.029068834010919555,6.230252742767334
1900544,377.8298550190011,0.056884811837943174,0.43146973848342896,0.030688230672856753,0.025892536455760062,0.025844394663425252,333,361.94861931217395,45.900000000000006,nan,0.0028076171875,1.068834900856018,0.015626407518541052,-0.03149937689466944,6.556766033172607
1908736,379.46995457300363,0.06014656452316323,0.4437499940395355,,,,,,,,0.00390625,1.0914583206176758,0.020734969165541406,-0.03432033564908265,6.780513286590576
1916928,381.08673570700194,0.06644509956307497,0.45856934785842896,,,,,,,,0.0042724609375,1.0639550685882568,0.013743657019075428,-0.03053260552011651,5.990053653717041
1925120,382.6466936750003,0.06361397139297853,0.4465087950229645,,,,,,,,0.003662109375,1.1453145742416382,0.019007322386976666,-0.031123588214114425,8.096510887145996
1933312,384.2030334230003,0.061847643503530995,0.4477294981479645,,,,,,,,0.003662109375,1.0853444337844849,0.015424409857439203,-0.03292630758698759,6.433660984039307
1941504,385.7190881600036,0.06272133346268273,0.4465087950229645,,,,,,,,0.0030517578125,1.0762590169906616,0.014966276048643867,-0.03133449597115145,6.6053972244262695
1949696,387.2438798120056,0.06414920306689531,0.45270997285842896,,,,,,,,0.003173828125,1.0739666223526,0.015383922043305631,-0.031018219926227428,6.175664901733398
1957888,388.84843043800356,0.05664455101728353,0.4317993223667145,,,,,,,,0.0047607421875,1.1618632078170776,0.011828372543111088,-0.027835646577106077,8.220937728881836
1966080,390.4374858689989,0.05950576564063198,0.43927001953125,0.055196882070102204,0.04795557162519137,0.04224567555426062,333,337.81748621190434,49.5,nan,0.0037841796875,1.1248606443405151,0.011244819816130569,-0.02973148863281031,7.414900302886963
1974272,392.1310455510029,0.05900626182026994,0.4371581971645355,,,,,,,,0.0040283203125,1.1626615524291992,0.013262739880766539,-0.02972713433416302,7.143362522125244
1982464,393.6503275819996,0.06850513090947892,0.46893310546875,,,,,,,,0.0037841796875,1.1206978559494019,0.010993037420003793,-0.0310554170009694,6.3025407791137695
1990656,395.3009908410022,0.07595966632568957,0.4800170958042145,,,,,,,,0.00341796875,1.1302061080932617,0.013378380256043765,-0.024881676039040766,5.908810138702393
1998848,396.8982335420005,0.06537005266623715,0.45482179522514343,,,,,,,,0.003173828125,1.1090079545974731,0.012333697362990392,-0.02971029715118555,6.365501403808594
2007040,398.45832574100496,0.06607919451232339,0.45294189453125,,,,,,,,0.00390625,1.1249070167541504,0.019648868170165867,-0.031134316714996082,6.203207015991211
2015232,400.01842932300497,0.0777002946077921,0.4874633848667145,,,,,,,,0.0035400390625,1.109194040298462,0.01603869822191828,-0.02466470705381582,6.14980411529541
2023424,401.68823947200144,0.06222973511684615,0.44941407442092896,,,,,,,,0.004638671875,1.2246644496917725,0.014458569264313104,-0.025822152491653982,8.848836898803711
2031616,403.38641520200326,0.06351723561231154,0.4510498046875,0.02761322316918291,0.02285178187464665,0.022743228934727355,333,405.6137183167694,43.800000000000004,nan,0.004150390625,1.1964514255523682,0.015867977791397037,-0.028921284166556368,7.881616115570068
2039808,405.1881234840039,0.06394062932345068,0.4504760801792145,,,,,,,,0.0037841796875,1.15785813331604,0.014355577379725926,-0.028145114656914428,7.706932067871094
2048000,406.81404028100224,0.0715133749265051,0.47126466035842896,,,,,,,,0.0045166015625,1.2032159566879272,0.013994712594799452,-0.024881534373461175,7.848256587982178
2056192,408.4681155979997,0.07490317741077443,0.48039552569389343,,,,,,,,0.003662109375,1.148310899734497,0.010127143846810904,-0.02940732914385565,6.713145732879639
2064384,410.1475745909993,0.06626935300744308,0.46776124835014343,,,,,,,,0.00390625,1.205620527267456,0.014494010224892162,-0.027408793378823716,7.554843425750732
2072576,411.70132779200503,0.06846931586628884,0.4604858458042145,,,,,,,,0.0037841796875,1.1882469654083252,0.008693453920582073,-0.027073716629729086,7.154364109039307
2080768,413.3034130990054,0.07553628025478619,0.48133546113967896,,,,,,,,0.0035400390625,1.1251460313796997,0.007444512708524975,-0.024236350735866774,7.285942077636719
2088960,415.03230949100544,0.08033737794594258,0.49365234375,,,,,,,,0.00341796875,1.1415352821350098,0.013736078827856435,-0.021039018707556388,7.204831123352051
2097152,416.7082608839992,0.06968456997704874,0.4706176817417145,0.020029157751700555,0.020422940416037205,0.020422940416037205,333,399.0992672170272,49.95,nan,0.00439453125,1.1884374618530273,0.011339759318769738,-0.02195708508258169,7.754411220550537
2105344,418.48510470600013,0.07863102289255273,0.4898437559604645,,,,,,,,0.0028076171875,1.1560674905776978,0.01050059249502111,-0.030019900692174813,5.845900058746338
2113536,420.01904801700584,0.07108318393706863,0.47430419921875,,,,,,,,0.003173828125,1.1812057495117188,0.008128650184590414,-0.029394395045707362,6.557074069976807
2121728,421.4929373289997,0.06649151801233757,0.46278077363967896,,,,,,,,0.0045166015625,1.1568515300750732,0.008824426674928443,-0.030121999046112125,6.817178249359131
2129920,423.0872891780018,0.0667979986573596,0.4647460877895355,,,,,,,,0.003173828125,1.1490843296051025,0.00903180447901919,-0.029106759185000372,6.527576446533203
2138112,424.6348325210056,0.06918224682879744,0.469482421875,,,,,,,,0.0035400390625,1.187559723854065,0.011294880744721292,-0.02795632957775185,6.768817901611328
2146304,426.25138526500086,0.07450928587798723,0.48009034991264343,,,,,,,,0.0040283203125,1.1901748180389404,0.008733186885189537,-0.0267561046090268,6.585559368133545
2154496,427.8644756290014,0.06916724986775684,0.46528321504592896,,,,,,,,0.0025634765625,1.1006704568862915,0.012525768517199887,-0.02852143484399737,5.949887752532959
2162688,429.4706535790028,0.08459557032290921,0.4977050721645355,0.024889408515732403,0.03756774332486368,0.03144632256881985,333,371.1689795466573,44.7,nan,0.0032958984375,1.195817232131958,0.011083792514488544,-0.024061531757311124,7.380983829498291
2170880,431.4551392920039,0.06608442452652635,0.45635986328125,,,,,,,,0.0050048828125,1.1959086656570435,0.012027043391579229,-0.027775190049001815,8.198526382446289
2179072,433.02558935400157,0.08093130343314117,0.48695069551467896,,,,,,,,0.0035400390625,1.2004319429397583,0.008153013912247431,-0.023246367061305385,6.5674729347229
2187264,434.5409770210026,0.08782538205473095,0.508190929889679,,,,,,,,0.0030517578125,1.173997163772583,0.00732713416066566,-0.022996197161525882,4.858565807342529
2195456,436.0921055630024,0.07262473765435776,0.47569581866264343,,,,,,,,0.0032958984375,1.1289979219436646,0.012368073566743853,-0.02804424556932176,5.435239315032959
2203648,437.64477699700365,0.07099410463611187,0.4715942442417145,,,,,,,,0.003662109375,1.1836446523666382,0.012231534315202408,-0.02805236926540592,7.6193742752075195
2211840,439.314503941001,0.06828964721967803,0.4651245176792145,,,,,,,,0.00390625,1.2364404201507568,0.01150557240638117,-0.028656321804019058,5.937829494476318
2220032,440.95465826299915,0.0972303859223202,0.523791491985321,,,,,,,,0.0035400390625,1.14195716381073,0.013844698881075979,-0.022409772456710237,5.0385026931762695
2228224,442.63454796800215,0.07087815993174035,0.4688476622104645,0.013092603263773261,0.018829848783921577,0.01413232737852943,333,438.84183334456986,46.2,nan,0.0028076171875,1.1927835941314697,0.013551661259505687,-0.031579855173832015,6.650282382965088
2236416,444.40713204900385,0.07256293679344106,0.4753784239292145,,,,,,,,0.0045166015625,1.2014169692993164,0.006077754029759852,-0.025422288913061426,6.112378120422363
2244608,446.0520843140039,0.07177078548334906,0.4736328125,,,,,,,,0.0037841796875,1.135135531425476,0.008565177957248427,-0.027476572431597797,6.574716091156006
2252800,447.72643027600134,0.07355109169070521,0.48063966631889343,,,,,,,,0.0023193359375,1.2135661840438843,0.009251428044195098,-0.02898941663449622,5.757528781890869
2260992,449.40186978800193,0.07838163435060067,0.48707276582717896,,,,,,,,0.0047607421875,1.1791350841522217,0.01291193360208931,-0.024305498465224312,6.88940954208374
2269184,451.10139234200324,0.0757977752924251,0.492431640625,,,,,,,,0.002685546875,1.1940093040466309,0.009727741779696375,-0.027774961318776256,6.903163433074951
2277376,452.59382950500003,0.07605628399542165,0.4938720762729645,,,,,,,,0.0037841796875,1.2449474334716797,0.0081962095505127,-0.028987748888431777,5.4015984535217285
2285568,454.1378829960013,0.07567167976427952,0.48314210772514343,,,,,,,,0.0037841796875,1.1670079231262207,0.013049723863829632,-0.024929923550007428,6.8700151443481445
2293760,455.62859664900316,0.06933778478464107,0.47657471895217896,0.028947610653036304,0.03488256798529277,0.025351485427891007,333,408.5074431250101,42.75,nan,0.0030517578125,1.2746126651763916,0.010231874716371658,-0.030696215845655718,7.259146213531494
2301952,457.28757141400274,0.06872832614806045,0.4739623963832855,,,,,,,,0.00390625,1.1897962093353271,0.009406011733851471,-0.034475549661620995,7.020651340484619
2310144,458.82635281699913,0.07490300656177946,0.4851928651332855,,,,,,,,0.00390625,1.2181233167648315,0.01423680591729315,-0.02535603894109913,7.221957683563232
2318336,460.74072719200194,0.07302060355026353,0.47593995928764343,,,,,,,,0.0029296875,1.1703481674194336,0.012567348468693895,-0.02835796053703197,5.808189392089844
2326528,462.3934949250033,0.08564941282970653,0.50640869140625,,,,,,,,0.00341796875,1.1992380619049072,0.012108705507622108,-0.025220571023528867,6.558595180511475
2334720,464.1083270290037,0.06713054764440919,0.4638305604457855,,,,,,,,0.00390625,1.1792235374450684,0.009615133501505113,-0.029532631117048038,6.743228912353516
2342912,465.83291536899924,0.07222241956487234,0.4720092713832855,,,,,,,,0.00390625,1.200126051902771,0.008089685530694224,-0.02830900825784757,8.210810661315918
2351104,467.6597898020045,0.07507684793683181,0.48247072100639343,,,,,,,,0.00341796875,1.2151185274124146,0.011634110449333823,-0.03076033601102961,7.637031078338623
2359296,469.4967732590012,0.07495230534942694,0.4791503846645355,0.03561655722742485,0.03128620531353665,0.0301293507994147,333,372.6485259583077,49.650000000000006,nan,0.002685546875,1.1203776597976685,0.009218205226817267,-0.03556226387823323,6.78359317779541
2367488,471.3926151880005,0.08136295334433985,0.4933837950229645,,,,,,,,0.0037841796875,1.2145237922668457,0.010344864396679032,-0.025806175098295372,8.333086967468262
2375680,473.19641336000495,0.07011647055188645,0.46995851397514343,,,,,,,,0.004638671875,1.1391140222549438,0.008914149264102833,-0.0322364141354665,7.44573450088501
2383872,475.2448291500041,0.08210278792359307,0.4988647401332855,,,,,,,,0.00341796875,1.2359832525253296,0.015941876355407003,-0.025754625102887743,7.991070747375488
2392064,477.4294150150017,0.08222091517799851,0.49091798067092896,,,,,,,,0.004638671875,1.234491229057312,0.010906639260611195,-0.022567848148208326,7.97542667388916
2400256,480.01100478399894,0.072247838323577,0.46949464082717896,,,,,,,,0.00244140625,1.1870391368865967,0.01023215513888609,-0.03325652474629766,8.386690139770508
2408448,482.4439562230036,0.07597341652497976,0.48417970538139343,,,,,,,,0.00390625,1.2335165739059448,0.010657986802071528,-0.032621471557676085,7.199040412902832
2416640,485.0526011960028,0.08154549703565434,0.49360352754592896,,,,,,,,0.0047607421875,1.171006202697754,0.008750087492288783,-0.030705319246565978,7.916801452636719
2424832,488.13822804100346,0.0741768597074366,0.4760986268520355,0.016869805872789856,0.013842282539195172,0.013666314720665373,333,448.15583844959764,47.7,nan,0.0025634765625,1.235714316368103,0.0044715145913938326,-0.03293146445112315,8.809779167175293
2433024,491.23312779200205,0.07511664251608093,0.4854736328125,,,,,,,,0.003173828125,1.2079882621765137,0.009284554018829327,-0.031349538601348814,7.341416358947754
2441216,494.15988825400564,0.07542097143866958,0.49049073457717896,,,,,,,,0.00390625,1.153460144996643,0.00937056893131083,-0.03225794677295081,8.149133682250977
2449408,496.36979287000577,0.07526564814786273,0.4800048768520355,,,,,,,,0.00390625,1.2677137851715088,0.005703706539853748,-0.03254345176290176,7.3191375732421875
2457600,498.8115193460035,0.08443065214225326,0.5069946646690369,,,,,,,,0.0028076171875,1.1287459135055542,0.013809022909137436,-0.03205820800025294,6.7118144035339355
2465792,501.32585727699916,0.07869559196981635,0.48956298828125,,,,,,,,0.003173828125,1.1537160873413086,0.012331973580370414,-0.029846531330811294,7.569116115570068
2473984,503.8675671880046,0.07307219168877448,0.4827880859375,,,,,,,,0.0040283203125,1.2249829769134521,0.00611821500285159,-0.030120549168372448,8.493242263793945
2482176,506.3871161700008,0.0819904477307114,0.4933105409145355,,,,,,,,0.0045166015625,1.2551093101501465,0.0033165497432265933,-0.02741534688150874,8.050592422485352
2490368,509.27449485800025,0.07674751827898257,0.4916137754917145,0.027981603719336445,0.026829196364110297,0.024754534338845113,333,421.2387440885672,44.7,nan,0.00244140625,1.1734035015106201,0.010818822129510797,-0.031593263807507654,8.147598266601562
2498560,512.4257688200014,0.0874395441259469,0.5035034418106079,,,,,,,,0.00341796875,1.2375868558883667,0.0075127164420394354,-0.028183897852056262,7.109742164611816
2506752,514.9300514330025,0.08256114594897535,0.501025378704071,,,,,,,,0.0042724609375,1.2096807956695557,0.008436288110058365,-0.03046235054619222,8.358644485473633
2514944,517.4433416930042,0.09168014056128124,0.5134643912315369,,,,,,,,0.0029296875,1.189165472984314,0.009959409607837921,-0.027204401449325788,8.019245147705078
2523136,519.8197991699999,0.09580780355133897,0.5266479849815369,,,,,,,,0.0032958984375,1.245208978652954,0.009675575318403018,-0.02803652091281786,5.887866497039795
2531328,522.3296242030046,0.07999871680025535,0.49226075410842896,,,,,,,,0.0042724609375,1.1872502565383911,0.007529274185441581,-0.02502606660656184,7.256072521209717
2539520,525.3581405980003,0.09063330089256902,0.517102062702179,,,,,,,,0.00244140625,1.2085721492767334,0.009488204688756219,-0.029116293662663363,5.884544372558594
2547712,528.324616320002,0.08232258284484001,0.4948486387729645,,,,,,,,0.0035400390625,1.238896131515503,0.012870915259452942,-0.03022674566211941,6.436778545379639
2555904,531.2458256440004,0.07202701591346594,0.47724610567092896,0.03104195339000826,0.02622163211976103,0.02622163211976103,333,416.88587311012793,49.95,nan,0.0045166015625,1.1928178071975708,0.012962707743952917,-0.03028805293440729,8.566359519958496
2564096,534.4097669210023,0.09021877199082741,0.5159057974815369,,,,,,,,0.0035400390625,1.2700096368789673,0.008507688300561478,-0.030057686797427687,8.483933448791504
2572288,536.6830587190052,0.09224974701731947,0.5171142816543579,,,,,,,,0.003662109375,1.2010424137115479,0.007937473239982284,-0.025946234968564977,7.852448463439941
2580480,539.2141411060002,0.09380058483175381,0.5235229730606079,,,,,,,,0.00341796875,1.1989954710006714,0.0077720083602428325,-0.03150947886837249,6.819845676422119
2588672,542.5195467320009,0.08881360462318405,0.5055176019668579,,,,,,,,0.0032958984375,1.2500919103622437,0.009240015339365248,-0.02939996834673693,6.584391117095947
2596864,545.2367409380022,0.08110520775832142,0.49254152178764343,,,,,,,,0.00439453125,1.2249778509140015,0.011812221706472115,-0.02822971848514331,6.608926296234131
2605056,548.3263340920021,0.09483184329420322,0.5220093131065369,,,,,,,,0.0030517578125,1.2064770460128784,0.012063057253368425,-0.023519703457950996,6.400918483734131
2613248,551.673021224,0.09071527084528326,0.516357421875,,,,,,,,0.0035400390625,1.2491174936294556,0.011676636085682812,-0.028707418744322102,5.891835689544678
2621440,554.7443935449992,0.09471313192489608,0.5216431021690369,0.02710831340872022,0.028888799546955002,0.024052893540503995,333,410.9746234377123,41.400000000000006,nan,0.0037841796875,1.2034677267074585,0.008178100946650169,-0.025378237394337724,6.436078071594238
2629632,557.7725370270055,0.09893224930809558,0.5265747308731079,,,,,,,,0.0037841796875,1.2802691459655762,0.01509113605760004,-0.024517557800773658,6.332528591156006
2637824,560.5305387539993,0.09527006628978384,0.5145019888877869,,,,,,,,0.0040283203125,1.2272655963897705,0.010244039481512757,-0.02680915998018092,6.350682735443115
2646016,563.108396923999,0.09384216548721687,0.5152344107627869,,,,,,,,0.0028076171875,1.2036222219467163,0.010612242713519127,-0.025346883999801548,6.364747047424316
2654208,565.9940723570035,0.0945461417732471,0.528698742389679,,,,,,,,0.00341796875,1.2292335033416748,0.011657875235862813,-0.02465863502944808,4.934824466705322
2662400,568.8056220510043,0.09266524697599886,0.52099609375,,,,,,,,0.0037841796875,1.1954551935195923,0.010440098756536509,-0.022854969646101134,5.317734241485596
2670592,571.8375382270024,0.08948642588320968,0.51611328125,,,,,,,,0.0025634765625,1.230320930480957,0.013994100553069155,-0.029070780280841736,5.753861427307129
2678784,574.3478475540032,0.08704834331387588,0.5166015625,,,,,,,,0.0037841796875,1.212691307067871,0.013420266426316663,-0.03008425914195445,4.883867263793945
2686976,577.4165186050013,0.08822815967166207,0.512341320514679,0.028892198432894145,0.031021798838315684,0.028353298611499156,333,375.0979432717445,48.150000000000006,nan,0.0032958984375,1.1838579177856445,0.009240913258040995,-0.028543145046301222,5.734184265136719
2695168,580.9072504310025,0.0869468967428446,0.5096679925918579,,,,,,,,0.0032958984375,1.2661939859390259,0.010090323770423737,-0.0317489815058923,5.775006294250488
2703360,583.7911940140038,0.09361629614260164,0.49665528535842896,,,,,,,,0.0042724609375,1.2268401384353638,0.012780785978504294,-0.025396371480495606,6.767071723937988
2711552,586.2808419140056,0.10449058129819565,0.518664538860321,,,,,,,,0.0040283203125,1.2415145635604858,0.008168657071983443,-0.023119281433726054,7.4911980628967285
2719744,588.5792604220042,0.08735517944520164,0.5151123404502869,,,,,,,,0.0025634765625,1.1948719024658203,0.013965110901354216,-0.030675803748040045,6.35591983795166
2727936,591.0929267899992,0.09620511306758404,0.514904797077179,,,,,,,,0.004150390625,1.2551661729812622,0.01258257852852529,-0.02548332249827528,6.622250556945801
2736128,593.5557177980008,0.0969069600215704,0.526135265827179,,,,,,,,0.00390625,1.2419548034667969,0.010318944123925644,-0.022485176451729615,5.807532787322998
2744320,596.1392955039992,0.08603487575069801,0.506237804889679,,,,,,,,0.0028076171875,1.2776174545288086,0.00942269298786802,-0.030262651833998545,5.669687747955322
2752512,598.6378396520013,0.07901783696121906,0.48741456866264343,0.019714330889258114,0.01835715889259093,0.01779169742150022,333,439.7621630994978,49.800000000000004,nan,0.004150390625,1.252319097518921,0.010772868100516253,-0.027705225086068874,8.542092323303223
2760704,601.2140937389995,0.08781485298375805,0.505859375,,,,,,,,0.00341796875,1.2204277515411377,0.010886288119155596,-0.02692522204664686,7.174803256988525
2768896,603.4740837350037,0.09233883484920807,0.5194458365440369,,,,,,,,0.0032958984375,1.2690900564193726,0.009829390393419901,-0.02946254937540172,6.425220012664795
2777088,605.8180204240052,0.0799657646048678,0.49420166015625,,,,,,,,0.0037841796875,1.2638723850250244,0.006587654885309546,-0.026693927470116015,6.395352840423584
2785280,608.2473844240012,0.09180846843434332,0.5209594964981079,,,,,,,,0.004150390625,1.2555932998657227,0.0064792015620454,-0.026964070707007903,7.320061683654785
2793472,610.5704491799988,0.09860970529362585,0.5219360589981079,,,,,,,,0.003662109375,1.2291525602340698,0.011739453598086369,-0.026150307494087047,6.356303691864014
2801664,612.9812764550006,0.09747251484892172,0.5331787467002869,,,,,,,,0.0025634765625,1.1829692125320435,0.010988298143363107,-0.0329699908557726,5.916177272796631
2809856,615.261285215005,0.09361550429576931,0.524462878704071,,,,,,,,0.003662109375,1.2209385633468628,0.008508181262904868,-0.027793282905072464,5.516556739807129
2818048,617.5735198930051,0.08005303748653532,0.4957031309604645,0.029646739933235633,0.027874344654694294,0.022755118187383405,333,427.81529237227574,48.150000000000006,nan,0.0037841796875,1.2216455936431885,0.008104395684229049,-0.031403850138617254,6.664780616760254
2826240,620.1276983380012,0.1034325006090548,0.534313976764679,,,,,,,,0.0028076171875,1.2150757312774658,0.012518969743775532,-0.029171972774822766,7.061595439910889
2834432,622.3823326589991,0.09915129318551573,0.529040515422821,,,,,,,,0.003662109375,1.2100725173950195,0.01156453164635396,-0.029282265106960522,6.458400726318359
2842624,624.7000245300005,0.11063614179045081,0.548107922077179,,,,,,,,0.003173828125,1.1611287593841553,0.012088757467933697,-0.020170608588270293,5.486382961273193
2850816,627.1033409520023,0.09591199266566149,0.522326648235321,,,,,,,,0.0032958984375,1.216349720954895,0.012846281613494437,-0.029366529307644607,5.867227554321289
2859008,629.5216862740053,0.08836165135158831,0.5062622427940369,,,,,,,,0.0040283203125,1.2310459613800049,0.01013965317507759,-0.028763167611757345,6.158256530761719
2867200,631.9273993820025,0.10204538341491559,0.530749499797821,,,,,,,,0.0028076171875,1.1729570627212524,0.014546038673014183,-0.031013809737318845,5.06094217300415
2875392,634.371393387999,0.09388946838173655,0.530993640422821,,,,,,,,0.002685546875,1.1990363597869873,0.012395810486540038,-0.033098488931768213,4.935219764709473
2883584,636.612352177006,0.10160991534723951,0.5241455435752869,0.03946717231317287,0.042107475654598825,0.03409276393807015,231,247.90446959121488,32.25,nan,0.0045166015625,1.2383484840393066,0.011201051080856894,-0.02597026598977549,5.955849647521973
2891776,639.358750833002,0.11218599530255147,0.5453247427940369,,,,,,,,0.002685546875,1.2173206806182861,0.013502988168799135,-0.021481258421943414,5.413212299346924
2899968,641.7865965060046,0.09515281543849695,0.525830090045929,,,,,,,,0.0035400390625,1.2528494596481323,0.011614031603620623,-0.03226100804409776,4.926150798797607
2908160,643.956002537001,0.09208821047263684,0.512622058391571,,,,,,,,0.00341796875,1.1884281635284424,0.014145475654450235,-0.029493462060593036,5.682171821594238
2916352,646.0900323150054,0.09928014827433787,0.5354980826377869,,,,,,,,0.002685546875,1.2536715269088745,0.010577118581090783,-0.029591149985682432,5.2072858810424805
2924544,648.4040026060029,0.090292736144023,0.5090698599815369,,,,,,,,0.0047607421875,1.3080661296844482,0.006634948365484505,-0.02272398353208104,6.512126445770264
2932736,650.582332763006,0.09277373452878855,0.52008056640625,,,,,,,,0.0029296875,1.2380573749542236,0.0137087616471806,-0.027348221546165497,6.86470365524292
2940928,652.384421229006,0.11376580702042767,0.5535644888877869,,,,,,,,0.002685546875,1.308301329612732,0.009045196032589242,-0.02546629165558381,4.914400577545166
2949120,653.9206694720051,0.09779631995031074,0.53228759765625,0.019115799832729707,0.022406560653029928,0.018596847317553844,333,431.2819282877613,48.150000000000006,nan,0.00439453125,1.2368055582046509,0.010934560682655081,-0.027686749896063203,4.660381317138672
2957312,655.8896499469993,0.10901176896173131,0.54742431640625,,,,,,,,0.002685546875,1.2921749353408813,0.011918824015382024,-0.02451585616075525,4.37311315536499
2965504,657.5340020100048,0.10030476161996367,0.530285656452179,,,,,,,,0.0037841796875,1.3138474225997925,0.01039936870224989,-0.02538261241154488,4.051957130432129
2973696,659.184551766004,0.08345361422629599,0.5035644769668579,,,,,,,,0.0030517578125,1.2246942520141602,0.010452616991850183,-0.02651748451981577,5.437744140625
2981888,660.8888499530003,0.10463588095981616,0.543200671672821,,,,,,,,0.0028076171875,1.3031022548675537,0.008684169989807367,-0.02716427229145051,4.280550956726074
2990080,662.4905820249987,0.08900646397268548,0.510009765625,,,,,,,,0.0037841796875,1.283091425895691,0.00750600949258462,-0.026957555134746104,5.753676891326904
2998272,664.0519800230031,0.08508425636604697,0.500415027141571,,,,,,,,0.0032958984375,1.2827759981155396,0.005517603674929816,-0.026650401871046323,5.80379056930542
3006464,665.6676777489993,0.10219336371100007,0.53192138671875,,,,,,,,0.003662109375,1.2572014331817627,0.009162760974787076,-0.0225882254833237,5.575164318084717
3014656,667.4091045870009,0.0834270928390568,0.5038086175918579,0.016988465970940392,0.019075796178337212,0.013892354421116027,333,451.0665361402028,46.95,nan,0.004150390625,1.272905707359314,0.009608208589510503,-0.027722745460204402,7.217533111572266
3022848,669.7272616150003,0.0970127346717479,0.527417004108429,,,,,,,,0.0029296875,1.251955270767212,0.012170186288337437,-0.02841650592972054,5.868035793304443
3031040,671.8184012960046,0.09962754321122957,0.5302368402481079,,,,,,,,0.00341796875,1.284196138381958,0.010842149633692344,-0.02549042266683715,5.378354549407959
3039232,674.3046728710033,0.09830978887059788,0.5309082269668579,,,,,,,,0.0029296875,1.2525050640106201,0.01146694692219441,-0.02587693495914375,4.733587265014648
3047424,677.0421006500037,0.10568030531775979,0.54083251953125,,,,,,,,0.0035400390625,1.3136650323867798,0.01181783344253251,-0.023551013204512906,6.663519382476807
3055616,679.981913251002,0.09926420777782066,0.519360363483429,,,,,,,,0.0040283203125,1.2679383754730225,0.010843209555402966,-0.024068802206413446,5.839477062225342
3063808,682.1810558040015,0.09804695972191725,0.5260986685752869,,,,,,,,0.00341796875,1.2730557918548584,0.014920628145696724,-0.02843356853977738,6.726461887359619
3072000,684.4559424340041,0.10642454914217221,0.544543445110321,,,,,,,,0.003173828125,1.220842957496643,0.013689826041670905,-0.026125179230507646,5.932460308074951
3080192,686.5038011799988,0.10521517623909155,0.5392700433731079,0.04010544200056909,0.033271492821293824,0.03303347819388103,333,401.5371228299845,48.300000000000004,nan,0.003173828125,1.2245492935180664,0.010460871685339712,-0.02792735608094431,4.765225410461426
3088384,689.3498003900022,0.09561866944042029,0.5268799066543579,,,,,,,,0.0030517578125,1.251204252243042,0.010023777782309007,-0.027618468361092764,6.202609539031982
3096576,691.8290623300054,0.10302558152729087,0.5204223990440369,,,,,,,,0.0035400390625,1.2564939260482788,0.011221527298130751,-0.030169338046972072,6.208550930023193
3104768,694.2839943880026,0.08143385850244234,0.4917968809604645,,,,,,,,0.0037841796875,1.2463784217834473,0.015165949892996022,-0.026655224514290983,6.848390102386475
3112960,696.7224780360048,0.11185702773829437,0.54559326171875,,,,,,,,0.003173828125,1.2038230895996094,0.015864918037121534,-0.02728100487252061,6.138800621032715
3121152,698.9338743650005,0.08288456531983956,0.49750977754592896,,,,,,,,0.004150390625,1.2895911931991577,0.013660125614548213,-0.025651680875409567,7.233544826507568
3129344,701.2144993530019,0.1049849631601533,0.541455090045929,,,,,,,,0.003662109375,1.2681525945663452,0.013663694508827207,-0.026346496163007833,7.2450151443481445
3137536,703.5567492379996,0.0973871625520509,0.52606201171875,,,,,,,,0.003173828125,1.2790484428405762,0.010569258893138311,-0.0290281042640078,6.451162815093994
3145728,705.8699736330018,0.1141847198782851,0.5570923089981079,0.025422811437413206,0.026704309500749757,0.025193706364711632,333,413.5951937366491,49.800000000000004,nan,0.00341796875,1.2649816274642944,0.007283434720153803,-0.02433418607971326,5.145231246948242
3153920,708.6976514620037,0.11744537156629603,0.5637451410293579,,,,,,,,0.003173828125,1.2508928775787354,0.012167173700512346,-0.02634379311353818,5.13688325881958
3162112,711.1604505140058,0.10925814222534391,0.548876941204071,,,,,,,,0.0030517578125,1.2761844396591187,0.012208702544642902,-0.026269611024772044,4.346423625946045
3170304,713.572637489,0.09884077526497076,0.5342041254043579,,,,,,,,0.0032958984375,1.2493335008621216,0.012682804538863057,-0.02886829987134203,5.410317897796631
3178496,716.0113182200002,0.093817839735993,0.53411865234375,,,,,,,,0.00341796875,1.2735446691513062,0.008736320917342555,-0.02802414042298958,5.988797187805176
3186688,718.5531367830044,0.1183013512408751,0.5403808951377869,,,,,,,,0.0029296875,1.2733756303787231,0.010104524190260644,-0.02396180505418745,5.008397579193115
3194880,720.9214413170048,0.1068487984315191,0.532666027545929,,,,,,,,0.0040283203125,1.2520222663879395,0.008349230031550747,-0.02941079652002094,6.281636714935303
3203072,723.3798239810058,0.09682457248025711,0.5239624381065369,,,,,,,,0.0030517578125,1.2730642557144165,0.008634341546655655,-0.029699340935699425,7.045254707336426
3211264,725.7585316420009,0.11473952999566737,0.5535034537315369,0.02904826846047548,0.028120995198474108,0.02266142001902649,333,422.35235927856075,46.35,nan,0.0030517578125,1.2572135925292969,0.008203959089920443,-0.03136016299804311,5.399823188781738
3219456,728.5658351840029,0.10871134038300226,0.555615246295929,,,,,,,,0.003662109375,1.242411732673645,0.01108152008600638,-0.026794428512208486,5.566234111785889
3227648,731.1092442900044,0.10053701048758552,0.53411865234375,,,,,,,,0.00341796875,1.300564169883728,0.011848395868179873,-0.025932685479822793,5.534336090087891
3235840,733.4496087200023,0.1141598873203179,0.5592285394668579,,,,,,,,0.003662109375,1.3141937255859375,0.01170238818001379,-0.027525968681898463,4.736155986785889
3244032,735.6394219240028,0.08828416502020119,0.5087646842002869,,,,,,,,0.003173828125,1.2726985216140747,0.012684519650303039,-0.03418704253138466,7.03830099105835
3252224,737.9581122010059,0.12683305783197438,0.5728393793106079,,,,,,,,0.003173828125,1.2641040086746216,0.01256457586162707,-0.024054697272082717,5.186814308166504
3260416,740.3487748059997,0.1121653034476857,0.5413818359375,,,,,,,,0.003662109375,1.2974622249603271,0.012829708084845848,-0.028108716239290333,6.570366859436035
3268608,742.782776565,0.11223676832171098,0.554553210735321,,,,,,,,0.0040283203125,1.3274412155151367,0.007640516410227893,-0.027261976442333025,6.605949401855469
3276800,745.1023499940056,0.11399049204091072,0.55902099609375,0.021799446519881638,0.025283438181005202,0.016774014394391634,333,449.2822780078881,42.300000000000004,nan,0.00244140625,1.3003370761871338,0.010504676925037204,-0.028403031332498205,5.694936275482178
3284992,747.6910922120005,0.08898240641845277,0.517346203327179,,,,,,,,0.0042724609375,1.339357614517212,0.00948039506350884,-0.028273257685998587,6.775760173797607
3293184,750.0662720840046,0.1289495050463438,0.5746826529502869,,,,,,,,0.00341796875,1.2724813222885132,0.010186031849480082,-0.020171218624852313,6.017523288726807
3301376,752.5362259070025,0.10903082957396736,0.5469970703125,,,,,,,,0.0030517578125,1.3252639770507812,0.006199716918034226,-0.02969258323248321,6.62725830078125
3309568,754.865765321003,0.10446145416295845,0.540820300579071,,,,,,,,0.0040283203125,1.3330235481262207,0.004733009092967921,-0.028753303536569477,6.114182949066162
3317760,757.3295691849999,0.11433536652649859,0.5570068359375,,,,,,,,0.00341796875,1.3266308307647705,0.005313212425110958,-0.02055959545286965,6.695960998535156
3325952,759.732153034005,0.11384785635985595,0.552600085735321,,,,,,,,0.0032958984375,1.3332933187484741,0.008213386676732992,-0.028549128726125785,6.862095832824707
3334144,762.2900402660016,0.1168724309619374,0.5556396842002869,,,,,,,,0.004150390625,1.2791271209716797,0.007145874707349398,-0.027152151099148328,5.805257320404053
3342336,764.6923477360033,0.11287413865572066,0.5494140982627869,0.01251953843523168,0.016074898464556786,0.011733013284189076,333,485.49116950299043,47.25,nan,0.0035400390625,1.3152179718017578,0.013075324108692055,-0.02406609718911155,6.9685845375061035
3350528,767.1764653950013,0.11029547140146106,0.5462402701377869,,,,,,,,0.0028076171875,1.2974480390548706,0.008272845712435695,-0.03046771899162383,6.430163860321045
3358720,769.5751547830005,0.11267831853374409,0.5470947623252869,,,,,,,,0.0035400390625,1.2873139381408691,0.00989650468282377,-0.026316874927343616,6.184731960296631
3366912,772.0469075690053,0.13582351194343376,0.5650268793106079,,,,,,,,0.0040283203125,1.2854855060577393,0.01078809082724419,-0.011869941104110493,7.506608486175537
3375104,774.3846493930032,0.12481857091491984,0.5710205435752869,,,,,,,,0.0029296875,1.2735495567321777,0.012060514242120068,-0.024231150522564086,4.641347885131836
3383296,776.5848776740022,0.1441155154186303,0.5929199457168579,,,,,,,,0.003662109375,1.2957711219787598,0.008593374909528828,-0.016102305287135413,5.453671932220459
3391488,778.9468443639998,0.11623882765052573,0.5624756217002869,,,,,,,,0.003173828125,1.2201921939849854,0.011057061568996662,-0.022012531797509474,5.702121257781982
3399680,781.367249120005,0.12766561563425374,0.5725342035293579,,,,,,,,0.0028076171875,1.2343668937683105,0.011857472139188974,-0.022695604317659143,4.714210033416748
3407872,783.8411279350039,0.0994386421826354,0.53045654296875,0.014043996794942837,0.01337479952788534,0.011167178770420394,333,489.4192394072906,49.650000000000006,nan,0.00439453125,1.2266819477081299,0.010648288757423963,-0.02671830965779516,5.7336106300354
3416064,786.4081455600026,0.1129796084975428,0.552685558795929,,,,,,,,0.0023193359375,1.2394814491271973,0.014491309584384826,-0.021126448309515752,5.652365207672119
3424256,788.7437911880043,0.11932940319518251,0.5527588129043579,,,,,,,,0.0032958984375,1.2495815753936768,0.008579570749790655,-0.01773825443565867,5.754970550537109
3432448,791.2222873200008,0.10793223504858732,0.54058837890625,,,,,,,,0.00390625,1.1592614650726318,0.014248983734571508,-0.0243870476906275,6.448632717132568
3440640,793.607052145002,0.10412852082230606,0.54937744140625,,,,,,,,0.0029296875,1.240160584449768,0.01641021925594144,-0.02246969884894694,5.3210554122924805
3448832,796.3950311720037,0.12846415132887806,0.56768798828125,,,,,,,,0.004150390625,1.2768933773040771,0.015491216759177195,-0.019051310516550526,5.812839984893799
3457024,798.8775739990015,0.11856205106790974,0.547228991985321,,,,,,,,0.0025634765625,1.2221421003341675,0.014049410540400098,-0.023605082644986317,5.897582530975342
3465216,801.4651770260025,0.11144269424193752,0.552502453327179,,,,,,,,0.003173828125,1.2791829109191895,0.010826690417205631,-0.026700959404855947,5.38710355758667
3473408,803.8220958130041,0.12234281544435209,0.560168445110321,0.021252235556240118,0.03208035665070219,0.026021586865569102,211,242.7096245245532,27.6,nan,0.004638671875,1.2515461444854736,0.0098654804722772,-0.01442096472781746,6.307328224182129
3481600,806.4153065810024,0.1280442463918103,0.5743652582168579,,,,,,,,0.0028076171875,1.299567461013794,0.009438535476124166,-0.02021091818490998,5.412918567657471
3489792,808.5889235990035,0.11083942905593212,0.549572765827179,,,,,,,,0.0030517578125,1.3117094039916992,0.010796879433380369,-0.02566286846560545,5.068521022796631
3497984,811.1425720059997,0.11174622846098313,0.5459350943565369,,,,,,,,0.00390625,1.2567646503448486,0.01202062575787477,-0.020969683396765804,6.3362627029418945
3506176,813.822605333,0.11354209721777263,0.5601562857627869,,,,,,,,0.00341796875,1.3228501081466675,0.01345433678598229,-0.023994683185750848,5.804183483123779
3514368,816.3189328830049,0.09941442191038585,0.534167468547821,,,,,,,,0.0040283203125,1.2364205121994019,0.01103304813738859,-0.03116462173491698,5.8319830894470215
3522560,818.8491939300002,0.1089019749565416,0.55450439453125,,,,,,,,0.00341796875,1.3395886421203613,0.011540563114656899,-0.01942037033524823,6.885054111480713
3530752,821.3995406850008,0.10622088005018855,0.545275866985321,,,,,,,,0.003173828125,1.3045716285705566,0.01042572104458428,-0.03064701306513456,5.662816524505615
3538944,823.9654246300051,0.11488540122948682,0.554211437702179,0.01866249731119629,0.02160135426247234,0.018741421362591604,333,449.3683009794963,49.650000000000006,nan,0.00390625,1.25029456615448,0.009304564081909161,-0.028540055003654252,7.756666660308838
3547136,826.7476706180023,0.10490634071110123,0.548413097858429,,,,,,,,0.0030517578125,1.2428678274154663,0.012400260583559586,-0.027975713853455594,6.58119535446167
3555328,828.9640055500058,0.10724348684738612,0.550915539264679,,,,,,,,0.0037841796875,1.2761783599853516,0.008977617745311028,-0.024800404107668483,7.5302581787109375
3563520,831.5283492070012,0.10339757824118562,0.537768542766571,,,,,,,,0.0047607421875,1.3474185466766357,0.011101162655061003,-0.022346721727016468,9.645442008972168
3571712,834.1087927090048,0.1144277068991365,0.564074695110321,,,,,,,,0.002685546875,1.2892011404037476,0.009540823200870019,-0.029955945971379624,6.566009521484375
3579904,837.0168191420016,0.11796711837757101,0.565380871295929,,,,,,,,0.00341796875,1.2786390781402588,0.010337590296291,-0.02170344848270057,6.546767711639404
3588096,839.649601668003,0.10810169532772629,0.5485473871231079,,,,,,,,0.0040283203125,1.288180947303772,0.006577190377463515,-0.029174112554843736,7.796208381652832
3596288,841.7440021459988,0.1272863255331958,0.57830810546875,,,,,,,,0.00244140625,1.2735446691513062,0.004277308312825245,-0.023867337191911694,5.575804233551025
3604480,843.9891800250043,0.1404054676866368,0.582202136516571,0.015960368955898696,0.025432698724314973,0.013505913353381471,333,477.0888262007862,45.45,nan,0.00439453125,1.2883962392807007,0.009636683790152478,-0.01817668804804645,5.705085277557373
3612672,847.4807862580055,0.10249708273501511,0.5426880121231079,,,,,,,,0.0029296875,1.297336459159851,0.00870343303418275,-0.02590526535160953,6.385079860687256
3620864,850.0812841490042,0.11208090730467016,0.559802234172821,,,,,,,,0.0032958984375,1.3611221313476562,0.010683973386522272,-0.023635067237870983,5.863317966461182
3629056,852.6662510140013,0.12853730575194058,0.571337878704071,,,,,,,,0.0042724609375,1.3150808811187744,0.00794720932399473,-0.013585556453248557,7.770143032073975
3637248,855.0632565929991,0.1231823481943461,0.568127453327179,,,,,,,,0.003173828125,1.3088557720184326,0.006669916263735476,-0.02127042228921213,5.376276969909668
3645440,857.6127684110033,0.1818758779798576,0.5830322504043579,,,,,,,,0.00390625,1.3705395460128784,0.0061166071277996,-0.010932701965357854,6.0013957023620605
3653632,860.0267151160006,0.11458564833942626,0.551867663860321,,,,,,,,0.003662109375,1.2606501579284668,0.0090520010937859,-0.023214105411828823,8.43492603302002
3661824,862.4574445990002,0.11477259456451475,0.563891589641571,,,,,,,,0.003173828125,1.2901962995529175,0.013322820054644358,-0.02941353714038422,6.9572906494140625
3670016,864.8006725660016,0.1215711788201877,0.5747314691543579,0.03327477681194402,0.034111303182407626,0.025224353524982535,333,422.05030260833064,46.650000000000006,nan,0.003662109375,1.2606617212295532,0.010854443868609787,-0.02672210412583922,6.260476589202881
3678208,867.8783172900003,0.09805998419671569,0.5323852896690369,,,,,,,,0.0029296875,1.2545926570892334,0.01027209564404119,-0.029555410375521243,6.464502811431885
3686400,870.1413222580013,0.11087001193501095,0.5477539300918579,,,,,,,,0.0035400390625,1.2723363637924194,0.009893613767719245,-0.02987593793532896,7.24879789352417
3694592,872.4820258430045,0.12037279994494723,0.561291515827179,,,,,,,,0.0042724609375,1.2036211490631104,0.012179306825672698,-0.017812114026457913,8.695319175720215
3702784,874.7432969889996,0.14390924062962593,0.597094714641571,,,,,,,,0.002197265625,1.2310410737991333,0.016902979628478865,-0.01728922359571516,5.395229339599609
3710976,877.093240551003,0.11620921093302838,0.555102527141571,,,,,,,,0.0045166015625,1.2694790363311768,0.013189394649074648,-0.023781893971625896,6.919801235198975
3719168,879.6546881480026,0.12549835636651965,0.571179211139679,,,,,,,,0.0029296875,1.254177451133728,0.009559354187944069,-0.0292611999545573,5.211526870727539
3727360,882.1466871670054,0.10389132945159787,0.5517334342002869,,,,,,,,0.0030517578125,1.292299509048462,0.015420435984216052,-0.03625367860665881,5.615941047668457
3735552,884.6954875369993,0.12570024746080694,0.5694336295127869,0.016418397138112883,0.015265849855764069,0.015265849855764069,333,458.22895255490266,49.95,nan,0.00390625,1.2422785758972168,0.012119272929435043,-0.025813611446846553,5.6629862785339355
3743744,887.558006791005,0.11269320835830135,0.5506591796875,,,,,,,,0.00341796875,1.3283804655075073,0.011201806480590548,-0.0270719168199435,5.786350250244141
3751936,889.6950726310024,0.12226500583560847,0.569836437702179,,,,,,,,0.003662109375,1.2666559219360352,0.010962534761323361,-0.025149136307582733,4.610025882720947
3760128,892.0757137550027,0.1140888176799268,0.5540527701377869,,,,,,,,0.003173828125,1.2319246530532837,0.013534480305139152,-0.020870172464966863,6.122659206390381
3768320,894.4667136870048,0.10984228887184955,0.557690441608429,,,,,,,,0.003173828125,1.276323676109314,0.014486374732030183,-0.026889426189978027,5.576371192932129
3776512,897.0067247059997,0.12597461093116316,0.5676025748252869,,,,,,,,0.00439453125,1.286058783531189,0.010094082736516796,-0.01675694194486869,5.2902445793151855
3784704,899.4254981560007,0.09870964975929997,0.5363525748252869,,,,,,,,0.0032958984375,1.2989927530288696,0.013321330895688432,-0.02661855292412286,5.894789695739746
3792896,901.8353072739992,0.12426413568161887,0.5740112662315369,,,,,,,,0.0029296875,1.3554837703704834,0.012272754343496062,-0.02540514727514692,5.3722381591796875
3801088,904.3176309949995,0.12321047405578325,0.564404308795929,0.028070708258401855,0.025480393857551742,0.02397966659131734,333,418.9948634297963,42.150000000000006,nan,0.0045166015625,1.2438355684280396,0.011772619768255943,-0.01939771986641473,6.676414489746094
3809280,907.1044448750035,0.1054612128807472,0.540148913860321,,,,,,,,0.00341796875,1.324998378753662,0.010852149772804798,-0.029469386333879168,6.374509334564209
3817472,909.1358158990042,0.1132695065470152,0.5524658560752869,,,,,,,,0.0032958984375,1.3049572706222534,0.011491381503605291,-0.029252096815443013,6.166005611419678
3825664,911.5465533230017,0.11041004887112985,0.552441418170929,,,,,,,,0.0030517578125,1.2592425346374512,0.013429167749846371,-0.026898891495407008,5.689423084259033
3833856,913.7822834550025,0.11294767936257566,0.548596203327179,,,,,,,,0.003662109375,1.256752848625183,0.014691134816930962,-0.025567648053399346,7.0968546867370605
3842048,916.2856960580029,0.10410187185890779,0.5428711175918579,,,,,,,,0.00439453125,1.3192886114120483,0.014246425801629603,-0.021403348467073972,6.973987102508545
3850240,918.8497028870042,0.12488668972189557,0.5679687857627869,,,,,,,,0.003662109375,1.2671045064926147,0.013064350084008747,-0.01677234793484068,5.887110233306885
3858432,921.4520843920036,0.12501552685281403,0.577929675579071,,,,,,,,0.0030517578125,1.3195964097976685,0.009225347973723097,-0.031041934257294696,5.253011226654053
3866624,924.009179808003,0.12027143603036249,0.5600830316543579,0.03932686847453448,0.034089587074604855,0.030076919171877603,333,411.36656680628414,42.0,nan,0.0037841796875,1.2560168504714966,0.006675297734324737,-0.020644198948203647,6.953853130340576
3874816,926.855533173999,0.11521798756158817,0.56585693359375,,,,,,,,0.003173828125,1.2812211513519287,0.012522075255971599,-0.027784770731152632,6.250400066375732
3883008,928.9297823689994,0.11592776395416891,0.557446300983429,,,,,,,,0.0035400390625,1.2839562892913818,0.014157226551128055,-0.026014077730609493,5.381202220916748
3891200,931.2796283230055,0.11268938303484598,0.5598511099815369,,,,,,,,0.0030517578125,1.2870078086853027,0.010752188679435948,-0.029111503512544646,6.532956123352051
3899392,933.592721730005,0.10416223065955242,0.546252429485321,,,,,,,,0.0040283203125,1.31702721118927,0.008913210785203796,-0.03343715794754414,7.343423366546631
3907584,936.0519838780019,0.12027757761209579,0.5616089105606079,,,,,,,,0.0032958984375,1.2763824462890625,0.007861407605532,-0.02604098537966766,7.644211769104004
3915776,938.4364939890002,0.1082259883459432,0.551525890827179,,,,,,,,0.0035400390625,1.2887243032455444,0.0038454355857617806,-0.03030445431919317,7.540996551513672
3923968,940.9323228720023,0.12838958823558558,0.5816406607627869,,,,,,,,0.0032958984375,1.2998130321502686,0.012801688193093907,-0.02868072912855521,5.5161614418029785
3932160,943.3160599360053,0.11936733911260307,0.559191882610321,0.03602336526873784,0.03027401510608374,0.027051294809319892,333,413.65489056964725,43.5,45.75,0.00341796875,1.3062103986740112,0.010935937127295237,-0.020801852433165055,6.731517314910889
3940352,946.2880631510052,0.12006125452365689,0.559497058391571,,,,,,,,0.0035400390625,1.3595082759857178,0.011321913248266258,-0.024405809697951933,8.0724515914917
3948544,948.6293815489989,0.11535307693922943,0.56402587890625,,,,,,,,0.00439453125,1.2984141111373901,0.012206820624745651,-0.022193761480977556,6.557926177978516
3956736,950.8074149650056,0.11958193362810804,0.563305675983429,,,,,,,,0.0032958984375,1.3294249773025513,0.010195324430494201,-0.023360623312575567,6.950253486633301
3964928,953.0558205370035,0.15608913276172043,0.6004272699356079,,,,,,,,0.0037841796875,1.313772201538086,0.006753784234434512,-0.016079209576408328,4.942946910858154
3973120,955.5280917359996,0.10965546183470468,0.5529419183731079,,,,,,,,0.0032958984375,1.3036874532699585,0.007839017229035128,-0.027509898747187567,6.528747081756592
3981312,957.9339850079996,0.11308072358726849,0.5472046136856079,,,,,,,,0.003662109375,1.335320234298706,0.011367569011237144,-0.023290523421137643,7.167574405670166
3989504,960.4146908930052,0.11732255858628543,0.5629516839981079,,,,,,,,0.00390625,1.2724931240081787,0.01072838379568486,-0.027398393555176693,6.602046489715576
3997696,962.7488506000009,0.1306010591721997,0.5802368521690369,0.03295082573843022,0.035395874022867924,0.024849547597501798,333,420.786634695982,35.1,36.45,0.0029296875,1.3404182195663452,0.0095291956074115,-0.024690347344180505,6.3700432777404785
4005888,965.7040780400057,0.12488044914593206,0.571215808391571,,,,,,,,0.0040283203125,1.3371644020080566,0.011899578865574578,-0.026022178285266307,5.704803466796875
4014080,968.0811917710016,0.14255290099862417,0.5855469107627869,,,,,,,,0.0028076171875,1.3045897483825684,0.0102484451628293,-0.02133078003293877,6.312129974365234
4022272,970.4454029320041,0.13635811803735268,0.568286120891571,,,,,,,,0.004150390625,1.3691014051437378,0.009430724370679044,-0.019759896611928215,6.397341728210449
4030464,973.0914841160047,0.11594711082451639,0.555407702922821,,,,,,,,0.00390625,1.3348374366760254,0.012089224106239804,-0.02408658049529247,8.574102401733398
4038656,975.5683852910006,0.11536084028979793,0.56561279296875,,,,,,,,0.0023193359375,1.3009657859802246,0.011091255271153067,-0.02383775445563034,6.772274971008301
4046848,978.060170802004,0.12394038732003361,0.56536865234375,,,,,,,,0.0045166015625,1.3485240936279297,0.008457921972363946,-0.026605555799976317,6.279627323150635
4055040,980.3945139080024,0.16460206269124886,0.576672375202179,,,,,,,,0.003662109375,1.324351191520691,0.007102850477363587,-0.020324351884964783,6.723851680755615
4063232,982.5051916800003,0.12279876828732848,0.5801635980606079,0.0052515907313909205,0.009447946710618327,0.007472337217419023,333,506.2922244724055,48.0,nan,0.0029296875,1.3663192987442017,0.007428897872972073,-0.027190657062574054,6.57531213760376
4071424,985.1363067290004,0.10873700887202008,0.5504516959190369,,,,,,,,0.0037841796875,1.2845237255096436,0.006955283826888148,-0.025360137856757094,7.10952615737915
4079616,987.4929401530026,0.1335148990329281,0.5730224847793579,,,,,,,,0.0028076171875,1.3109462261199951,0.008665925058481294,-0.023034918816813844,7.860626220703125
4087808,989.6205275579996,0.13625416745384938,0.5835815668106079,,,,,,,,0.00390625,1.34342622756958,0.008110562619977557,-0.022483899245518975,5.8801164627075195
4096000,992.0456636580057,0.11879611524067848,0.5636841058731079,,,,,,,,0.00390625,1.330047607421875,0.0078448213595107,-0.023770542312170365,7.656802654266357
4104192,994.7329342510056,0.16061332821374755,0.59539794921875,,,,,,,,0.0030517578125,1.3619771003723145,0.008154454154958746,-0.007795719101609296,6.244560718536377
4112384,997.2748460850053,0.11055148646428735,0.553637683391571,,,,,,,,0.004638671875,1.312223196029663,0.007319033268666342,-0.02797485259840203,6.118419647216797
4120576,1000.1772757750005,0.13208447259072795,0.592480480670929,,,,,,,,0.00244140625,1.3312368392944336,0.011336844337526353,-0.02452296868313224,6.362861156463623
4128768,1002.9808871080022,0.12169316083009646,0.568603515625,0.013222692370520317,0.012096305268849639,0.011004082978954721,333,495.2047504647249,49.650000000000006,nan,0.0035400390625,1.4099687337875366,0.00570807779575544,-0.023815941058451043,6.179815292358398
4136960,1006.4886806240029,0.10009062580504297,0.537976086139679,,,,,,,,0.00439453125,1.3621984720230103,0.005173481332006458,-0.029961032457741257,8.634781837463379
4145152,1009.0107541950056,0.13276558986710524,0.582763671875,,,,,,,,0.0028076171875,1.3814101219177246,0.010023675404231436,-0.024247191934762675,6.6326799392700195
4153344,1011.4150095730001,0.14470139334639961,0.562426745891571,,,,,,,,0.004638671875,1.343843698501587,0.008662500643859872,-0.018687783076310156,8.096445083618164
4161536,1013.9427949439996,0.13003403879101536,0.5795654654502869,,,,,,,,0.0025634765625,1.3049302101135254,0.010257780408364447,-0.01929525764596308,6.697177410125732
4169728,1016.4277484220001,0.12150038819393645,0.570385754108429,,,,,,,,0.003173828125,1.448989748954773,0.004407121190595498,-0.03045582772706534,6.428386211395264
4177920,1019.6820336750025,0.12735418078592944,0.5782715082168579,,,,,,,,0.00439453125,1.3438655138015747,0.004137714609401599,-0.023322559391762233,6.523972988128662
4186112,1023.2278355570015,0.13066999789881237,0.587268054485321,,,,,,,,0.002685546875,1.4158999919891357,0.008899712092244716,-0.02265624426302974,5.593268871307373
4194304,1025.9107445980044,0.14143750521098122,0.5718017816543579,0.013483128412755674,0.012651806490417306,0.010743529943613384,333,492.70850118178095,46.650000000000006,nan,0.003662109375,1.358897089958191,0.010804439481430173,-0.02115134751938847,6.042775630950928
4202496,1029.948293444002,0.10314427813507404,0.54315185546875,,,,,,,,0.0037841796875,1.3422354459762573,0.009787950185281336,-0.03084253293617083,8.22044563293457
4210688,1032.551498976005,0.12207706184275312,0.56591796875,,,,,,,,0.0029296875,1.3476948738098145,0.00918324603530385,-0.024272570839398284,6.489526271820068
4218880,1034.7924477460037,0.11222111277090684,0.536145031452179,,,,,,,,0.00390625,1.3365142345428467,0.0088895892347991,-0.02392025188342547,9.100604057312012
4227072,1037.5122644630028,0.11598260078086309,0.559558093547821,,,,,,,,0.0029296875,1.2794629335403442,0.008275733805354735,-0.03364385161570656,7.403604030609131
4235264,1040.467605498001,0.1280535738848699,0.5694946646690369,,,,,,,,0.003173828125,1.3565608263015747,0.006968942924531207,-0.028316255736656016,7.56337308883667
4243456,1043.4133286680008,0.11637369238156994,0.553393542766571,,,,,,,,0.0045166015625,1.2990784645080566,0.007138168020374147,-0.02782815068334926,10.363694190979004
4251648,1046.293412484003,0.14517633865337007,0.600354015827179,,,,,,,,0.003173828125,1.3037803173065186,0.014052175269467226,-0.02082573521796095,6.980934143066406
4259840,1048.712961584999,0.12504216192717102,0.574414074420929,0.026771066947598787,0.024211144702174336,0.020426932163363776,333,448.7625287611158,38.85,nan,0.0037841796875,1.3197741508483887,0.008075879088302651,-0.029432656161324035,6.980449199676514
4268032,1051.9077151419988,0.1372199056694789,0.586376965045929,,,,,,,,0.0035400390625,1.3123643398284912,0.01171462562290504,-0.024085133947025782,7.497219085693359
4276224,1054.2037298950017,0.12389610251186563,0.5796142816543579,,,,,,,,0.0025634765625,1.2679356336593628,0.011518700767548351,-0.02944505656150074,6.396483421325684
4284416,1056.6191313550007,0.13881570737616455,0.5808472037315369,,,,,,,,0.00390625,1.2681928873062134,0.011622150673713305,-0.024687266296442103,6.762880802154541
4292608,1059.0400280910035,0.16748450789640634,0.611926257610321,,,,,,,,0.0032958984375,1.2782819271087646,0.014544945843386836,-0.01984762127449465,5.945468425750732
4300800,1061.4285788620036,0.13142725889740903,0.5749756097793579,,,,,,,,0.0035400390625,1.3299942016601562,0.011123291168528615,-0.029383664217034734,6.097415447235107
4308992,1063.7852385110018,0.10598995856429821,0.5486206412315369,,,,,,,,0.0035400390625,1.2938787937164307,0.009353224526390091,-0.025621144695729476,7.911327362060547
4317184,1066.3548442640022,0.12302535618645637,0.5765380859375,,,,,,,,0.002685546875,1.3202049732208252,0.008530435759167343,-0.027585169045807625,7.368536472320557
4325376,1068.5197204080032,0.10587377550083575,0.5480591058731079,0.01573750482653602,0.015935386981235977,0.012877582119847908,333,489.40286053364156,46.800000000000004,nan,0.0040283203125,1.3134112358093262,0.00872161438321728,-0.029960305190160092,8.587851524353027
4333568,1071.2020332360044,0.14730019231610894,0.5812134146690369,,,,,,,,0.0032958984375,1.301786184310913,0.006030206325266962,-0.01908724380626163,7.468730926513672
4341760,1073.6789990239995,0.15352345958051658,0.6095215082168579,,,,,,,,0.0028076171875,1.3535076379776,0.011545457675194326,-0.02696392973057571,5.852036952972412
4349952,1076.148074386001,0.12367059542035626,0.5533691644668579,,,,,,,,0.0042724609375,1.356034517288208,0.007726269867605495,-0.029859090950965263,8.299084663391113
4358144,1078.3639186760047,0.12377943116976758,0.5742431879043579,,,,,,,,0.002685546875,1.328923225402832,0.010674237575449497,-0.02881165881826239,7.998373508453369
4366336,1080.695994587004,0.13793403035420426,0.5904785394668579,,,,,,,,0.003662109375,1.3340353965759277,0.009351045370389777,-0.02344173857616453,6.306893348693848
4374528,1082.974796606999,0.10587099571165577,0.54364013671875,,,,,,,,0.0045166015625,1.3459657430648804,0.008191027077108504,-0.02142730573784688,9.792980194091797
4382720,1085.3343187140053,0.11223658378830344,0.560791015625,,,,,,,,0.002197265625,1.333796739578247,0.010853956340272308,-0.03202117887967182,9.102824211120605
4390912,1087.5500232580016,0.1651408787627193,0.615612804889679,0.022883053939679265,0.020208142848607835,0.017204005348689044,333,458.0451409318282,49.800000000000004,49.2,0.0040283203125,1.3064969778060913,0.009499273519645302,-0.01868210201308566,5.862062454223633
4399104,1090.274717846005,0.127026089179508,0.578015148639679,,,,,,,,0.003662109375,1.3006566762924194,0.009216077230727038,-0.025564535731739724,7.223278999328613
4407296,1092.6706541090025,0.16378159502298986,0.6215576529502869,,,,,,,,0.001953125,1.3576878309249878,0.005951948286829323,-0.018943102754789193,4.9641242027282715
4415488,1095.0291462189998,0.1295272425776771,0.5721802115440369,,,,,,,,0.004150390625,1.260288953781128,0.009545226575627064,-0.027352333872447083,6.299105167388916
4423680,1097.1914455260048,0.10829941479751462,0.5445801019668579,,,,,,,,0.0029296875,1.334970235824585,0.010997780222871678,-0.029496707116491563,7.190826416015625
4431872,1099.7766623589996,0.14567884456185876,0.6017822623252869,,,,,,,,0.003173828125,1.3660017251968384,0.010444696108040441,-0.025649024383100807,5.675373077392578
4440064,1102.650642585002,0.12416988727186483,0.5723510980606079,,,,,,,,0.00341796875,1.2827491760253906,0.008494050751847282,-0.021315483166705753,7.0965399742126465
4448256,1105.1537078120018,0.1150265595414099,0.563671886920929,,,,,,,,0.00244140625,1.3575336933135986,0.007370944516102984,-0.03249808742534489,6.3455328941345215
4456448,1107.4766677299995,0.13712897355094092,0.590771496295929,0.015640438121073852,0.016155744093823254,0.011795278107575857,333,479.09180414485235,48.900000000000006,43.5,0.0042724609375,1.3227713108062744,0.0073463466166403535,-0.024748700303997395,5.689171314239502
4464640,1110.1918127970057,0.1036962331827575,0.540600597858429,,,,,,,,0.003173828125,1.311165452003479,0.007052735222470186,-0.02857971846813996,7.604796886444092
4472832,1112.5242971360058,0.1143523172092952,0.5600342154502869,,,,,,,,0.0028076171875,1.3957898616790771,0.006420402057824015,-0.029522152438307893,6.751927375793457
4481024,1114.8947167170045,0.14964770519718684,0.592785656452179,,,,,,,,0.00390625,1.2836247682571411,0.008784542720896349,-0.01974634837344756,5.9914350509643555
4489216,1117.2392651699993,0.14256516605717223,0.5719971060752869,,,,,,,,0.0030517578125,1.39898681640625,0.0071485175766855535,-0.022546971142539448,7.749105930328369
4497408,1119.810230490999,0.15883700107552745,0.61260986328125,,,,,,,,0.0035400390625,1.3541926145553589,0.007731295608234934,-0.023057605868480675,4.371530055999756
4505600,1122.060469422002,0.1128346999165594,0.5600952506065369,,,,,,,,0.0032958984375,1.2910221815109253,0.007583699228522978,-0.02862286676731255,6.801379680633545
4513792,1124.1491029390018,0.12158986118557845,0.568249523639679,,,,,,,,0.0020751953125,1.342163324356079,0.009085522647785615,-0.028490706240758862,7.270751953125
4521984,1126.5434358269995,0.12270903106365678,0.574572741985321,0.01611994952494078,0.014915208522070622,0.01316295119791877,333,486.8933285270018,47.400000000000006,nan,0.004638671875,1.3299283981323242,0.006059227197430239,-0.02883211063973909,6.8709564208984375
4530176,1129.3506504370016,0.1462818553736834,0.592541515827179,,,,,,,,0.0035400390625,1.4043824672698975,0.011024937653048572,-0.01844137472965443,6.769898891448975
4538368,1131.4818175730034,0.14917947417194574,0.5977417230606079,,,,,,,,0.0030517578125,1.3777313232421875,0.009880319790410708,-0.02073539649090586,5.512894153594971
4546560,1133.7791282160033,0.11625202635409093,0.558850109577179,,,,,,,,0.00341796875,1.394148826599121,0.008245955444313169,-0.026732127650126482,7.4363627433776855
4554752,1136.1449632310032,0.12909142041278932,0.5744995474815369,,,,,,,,0.0030517578125,1.385115385055542,0.007188442878104162,-0.02415082201571563,6.882080078125
4562944,1138.6065741480052,0.1272046377618593,0.57061767578125,,,,,,,,0.0045166015625,1.3591094017028809,0.006434336019359388,-0.023386389122241932,7.063737392425537
4571136,1141.0473524520057,0.13710845112548084,0.592968761920929,,,,,,,,0.0023193359375,1.3455431461334229,0.006283088445872997,-0.026164445873758005,6.587380886077881
4579328,1143.440595619999,0.11493878728678991,0.5628662109375,,,,,,,,0.0032958984375,1.3444722890853882,0.007843089204636389,-0.028062175868619067,6.646833896636963
4587520,1145.7397633830042,0.11608086510175504,0.566455066204071,0.012663001473791402,0.012098286065631014,0.010138227404601685,333,492.13000188443743,46.050000000000004,nan,0.0037841796875,1.3465098142623901,0.006036901470216405,-0.026800649677688138,7.770394802093506
4595712,1148.668216651,0.1430619855630022,0.598388671875,,,,,,,,0.00341796875,1.3540620803833008,0.00863032321382573,-0.02867900519131828,5.841977596282959
4603904,1151.0036711700013,0.1498657244868042,0.601818859577179,,,,,,,,0.002685546875,1.379096269607544,0.008471562680127387,-0.026162970808189037,5.633533000946045
4612096,1153.2978054370033,0.10292613773943281,0.538684070110321,,,,,,,,0.00390625,1.3466259241104126,0.00837387708783388,-0.028853385185001714,7.760743618011475
4620288,1155.482548292006,0.12737362936513327,0.5638794302940369,,,,,,,,0.0040283203125,1.3669066429138184,0.011610475637991557,-0.02459289385282512,8.489277839660645
4628480,1157.8518420130058,0.18316565532746415,0.619738757610321,,,,,,,,0.003173828125,1.3825445175170898,0.00828671466814157,-0.014948955783804167,6.308048725128174
4636672,1160.3110914760036,0.13580450575626118,0.584667980670929,,,,,,,,0.00390625,1.3939011096954346,0.0077836024693458405,-0.028273244371115565,5.224690914154053
4644864,1162.6834899390014,0.12899813212402397,0.571484386920929,,,,,,,,0.0025634765625,1.3378822803497314,0.008662490516068377,-0.021891720140429328,6.992100715637207
4653056,1165.3005395069995,0.12733361138993884,0.570202648639679,0.010181546430929056,0.012054231876428845,0.010235031942881001,333,504.9310225948552,48.45,nan,0.00390625,1.396817922592163,0.005957302005947351,-0.026206097021275288,7.300314426422119
4661248,1169.0279551530039,0.12557832386757503,0.5621704459190369,,,,,,,,0.0037841796875,1.3183236122131348,0.004703766998551018,-0.020895275335517285,8.184401512145996
4669440,1172.7211643260016,0.12560683173084217,0.575451672077179,,,,,,,,0.0023193359375,1.3430837392807007,0.009346239063586892,-0.028474631481137155,5.9358696937561035
4677632,1175.9280157390021,0.16825503724879018,0.610339343547821,,,,,,,,0.0032958984375,1.3682785034179688,0.006954303769816317,-0.014283592840207325,6.180211067199707
4685824,1179.7698305360027,0.10920106056741595,0.554675281047821,,,,,,,,0.003662109375,1.3434523344039917,0.006386540641387439,-0.027348704977438732,7.633693695068359
4694016,1182.6668639850031,0.15017868656442612,0.602343738079071,,,,,,,,0.0029296875,1.397012710571289,0.006835736865119291,-0.020942885165586515,5.6022047996521
4702208,1186.7408555389993,0.1315103394850719,0.580078125,,,,,,,,0.0037841796875,1.36302649974823,0.005974365637214651,-0.02277866361013955,6.050163745880127
4710400,1189.5471092480002,0.12569075042216124,0.5678955316543579,,,,,,,,0.0029296875,1.3823585510253906,0.00648005593410661,-0.02775533017958215,7.157803535461426
4718592,1192.1037438470012,0.13889741633263997,0.59478759765625,0.02477745551247823,0.023343487197580393,0.01881566943018087,333,460.2823840189845,44.550000000000004,nan,0.0030517578125,1.339369297027588,0.007940511539818562,-0.026589778600298486,5.044315338134766
4726784,1195.4436363230052,0.18349386820194613,0.595568835735321,,,,,,,,0.0040283203125,1.3433055877685547,0.009184135835478169,-0.017602658029475044,6.725884437561035
4734976,1198.2132486379996,0.1360757717314118,0.5899902582168579,,,,,,,,0.002685546875,1.3157352209091187,0.006853546445075409,-0.023158277847054567,5.653650283813477
4743168,1201.3865691090032,0.15764322104498069,0.5937744379043579,,,,,,,,0.00341796875,1.3209342956542969,0.01168031232709732,-0.015681213932373872,6.141269683837891
4751360,1205.3073955020009,0.14065652859891295,0.5910278558731079,,,,,,,,0.0030517578125,1.3024721145629883,0.009686108257010106,-0.026818469309906747,4.7744951248168945
4759552,1209.1296524370046,0.13355167760052286,0.58905029296875,,,,,,,,0.0028076171875,1.3770300149917603,0.00565748853189918,-0.026663752931923624,3.952913761138916
4767744,1213.0019457570015,0.13492987893210398,0.5824951529502869,,,,,,,,0.003662109375,1.3059719800949097,0.011367765159135845,-0.02152827879697093,4.9971466064453125
4775936,1216.4529845710058,0.1131872442098759,0.5583252310752869,,,,,,,,0.0020751953125,1.342407464981079,0.00984337866035978,-0.030113056482722913,5.564460754394531
4784128,1220.0515766400058,0.13368244150191685,0.578906238079071,0.01358395581751004,0.01450141622490364,0.010697674926414047,333,503.8202504674507,49.800000000000004,nan,0.003662109375,1.3815093040466309,0.00893815795945374,-0.026961000909394784,5.171861171722412
4792320,1223.477316894001,0.13443062771857361,0.5828613638877869,,,,,,,,0.0032958984375,1.3522827625274658,0.008763327938066001,-0.024097880117740604,5.5083208084106445
4800512,1226.1344620310047,0.12358483475254547,0.577197253704071,,,,,,,,0.0028076171875,1.3625138998031616,0.009833060445811226,-0.026482378183722323,4.734598636627197
4808704,1228.4970498590046,0.10870848341873476,0.5496460199356079,,,,,,,,0.0037841796875,1.345367670059204,0.007870538100962499,-0.032624645229751656,6.194200038909912
4816896,1231.1660123740003,0.12160299799829422,0.572766125202179,,,,,,,,0.002685546875,1.2998130321502686,0.009298178145221048,-0.027720456042368544,5.840882778167725
4825088,1233.8172958249997,0.1366690273979621,0.584118664264679,,,,,,,,0.0030517578125,1.3470157384872437,0.009574858466885106,-0.025767055871904067,5.38115930557251
4833280,1236.5901163450035,0.13290945957105363,0.592541515827179,,,,,,,,0.00390625,1.2756372690200806,0.008219863119371618,-0.03006648770299916,5.3588480949401855
4841472,1239.0563388330047,0.15200556371761206,0.589770495891571,,,,,,,,0.00244140625,1.3737083673477173,0.009250214190609118,-0.02243887027380855,6.224608421325684
4849664,1241.4289557950033,0.13046655778977534,0.574816882610321,0.018754063608473648,0.017401476023390816,0.01633546324499613,333,474.34179784176274,42.75,nan,0.0040283203125,1.3705474138259888,0.00628389563595122,-0.024461895288118537,5.0561981201171875
4857856,1244.6470909980053,0.14452244564060993,0.58868408203125,,,,,,,,0.0025634765625,1.3375864028930664,0.00939402014475399,-0.021965396590743147,5.315525054931641
4866048,1247.2692418590013,0.1159199333254079,0.5673462152481079,,,,,,,,0.003173828125,1.3855451345443726,0.006153359093126198,-0.028349371861254958,6.013712406158447
4874240,1249.8328590380042,0.12455561760305355,0.575976550579071,,,,,,,,0.003662109375,1.2791799306869507,0.010657663074531087,-0.025618567823982055,5.323191165924072
4882432,1252.743332074002,0.1362911232220185,0.592041015625,,,,,,,,0.002197265625,1.3826467990875244,0.009944741817638603,-0.025390310453185308,4.6719512939453125
4890624,1255.3546857420006,0.11446066037312895,0.5598511099815369,,,,,,,,0.004150390625,1.3314874172210693,0.009019716997013094,-0.02907658460935658,5.311622619628906
4898816,1257.8240963089993,0.1180831200848373,0.5663696527481079,,,,,,,,0.0025634765625,1.3214166164398193,0.00861972366808661,-0.02729785748401678,5.873419284820557
4907008,1260.1561281510003,0.1733818823766714,0.618640124797821,,,,,,,,0.0028076171875,1.352885365486145,0.008836516520074555,-0.0227104111554595,4.1844987869262695
4915200,1262.85185947,0.11933521112393837,0.5659546256065369,0.0157755894963445,0.016027867118888484,0.013058244761091187,333,487.3343272128883,42.45,nan,0.0040283203125,1.2762943506240845,0.006861083525296352,-0.027817398349872426,6.291049480438232
4923392,1266.313024946001,0.13034558653786293,0.577685534954071,,,,,,,,0.0023193359375,1.363804578781128,0.009758291585439505,-0.025055239094380073,6.443946838378906
4931584,1268.929075909,0.13680051589793235,0.596789538860321,,,,,,,,0.0035400390625,1.3688125610351562,0.007441584963882919,-0.022948131799647678,4.26146936416626
4939776,1271.496675651004,0.12214326291295773,0.5557495355606079,,,,,,,,0.0035400390625,1.34812593460083,0.005368964680770416,-0.022418533333531054,6.332589626312256
4947968,1273.9814698300033,0.16323694657803364,0.6167358756065369,,,,,,,,0.0023193359375,1.4267525672912598,0.004225985742782545,-0.025842344337617576,4.139052867889404
4956160,1276.5372236149997,0.1297022251543833,0.5827392935752869,,,,,,,,0.0037841796875,1.3420180082321167,0.004300065014519072,-0.02492141636543368,4.517974376678467
4964352,1279.2046076820043,0.13145901260741177,0.580578625202179,,,,,,,,0.002685546875,1.3295685052871704,0.010249442587911384,-0.025840829974216675,5.012476444244385
4972544,1282.1405518259999,0.14451661006136235,0.597949206829071,,,,,,,,0.003173828125,1.3841273784637451,0.00868270524831738,-0.023175435631123592,3.9925649166107178
4980736,1284.9964679990007,0.12388243794849339,0.5676025748252869,0.012544076372573376,0.017987279392864708,0.01147775517183569,333,499.695447101214,41.400000000000006,nan,0.0037841796875,1.3375245332717896,0.010538702742864836,-0.02693553452291335,5.306361675262451
4988928,1288.1717562460035,0.11000929327563831,0.550976574420929,,,,,,,,0.001953125,1.3768154382705688,0.009342601494653047,-0.03095585874657505,7.016335964202881
4997120,1290.5681551689995,0.145173796207586,0.596386730670929,,,,,,,,0.0037841796875,1.3809230327606201,0.008510571010915013,-0.021492217510760258,4.2201080322265625
5005312,1293.2028190310011,0.13778860435281645,0.58038330078125,,,,,,,,0.0028076171875,1.341754674911499,0.00715706093717472,-0.019750753895634854,6.025839805603027
5013504,1295.5915143340026,0.1826347409091087,0.625744640827179,,,,,,,,0.0029296875,1.3991999626159668,0.006873502328587966,-0.021894014616378004,4.214297294616699
5021696,1298.273426849999,0.1237722793695886,0.571337878704071,,,,,,,,0.003662109375,1.315922498703003,0.00931983298349337,-0.022911458890231426,4.645442485809326
5029888,1301.948807929999,0.126327374166775,0.5755981802940369,,,,,,,,0.00244140625,1.3800077438354492,0.010717455212969962,-0.02886458583122996,5.123368263244629
5038080,1306.3450470720054,0.1428031857764441,0.593505859375,,,,,,,,0.0037841796875,1.3520723581314087,0.008251302260305016,-0.02639901126959129,4.186126232147217
5046272,1309.3863534240008,0.1293904645141603,0.5714477896690369,0.020238890382480057,0.01680864060992271,0.015179167786860015,333,471.4878885219148,46.800000000000004,39.0,0.0035400390625,1.3483319282531738,0.010387601704446303,-0.02541385935662427,6.798064708709717
5054464,1313.2262898850022,0.14364619511156718,0.602856457233429,,,,,,,,0.0023193359375,1.3781121969223022,0.007996773987073436,-0.030958091463969207,4.038241863250732
5062656,1316.884973610002,0.11182367743668553,0.5565552115440369,,,,,,,,0.004150390625,1.31232750415802,0.010336150884995732,-0.03207162280717753,5.264431953430176
5070848,1320.3145397210028,0.13468997205248637,0.5931030511856079,,,,,,,,0.002685546875,1.3328295946121216,0.008598749685101659,-0.024693481622755767,5.325704097747803
5079040,1323.7768115479994,0.1292506519470015,0.5768799185752869,,,,,,,,0.0035400390625,1.3670175075531006,0.007367170412048485,-0.026660731989991082,4.539613246917725
5087232,1327.2269256250001,0.11921934116721847,0.5632568597793579,,,,,,,,0.00341796875,1.3061422109603882,0.009424235227197153,-0.024392002648109402,6.292247772216797
5095424,1332.0960514530016,0.16019701443863718,0.6133789420127869,,,,,,,,0.00244140625,1.397742748260498,0.011139990222708063,-0.021530107807776026,5.303319454193115
5103616,1335.4212651940034,0.12339719053124183,0.5688232779502869,,,,,,,,0.004150390625,1.3740586042404175,0.008580860947554614,-0.02866564073835569,5.563826084136963
5111808,1338.4135763490049,0.15099347566016208,0.583239734172821,0.01657715951830352,0.016084105274913774,0.012432869638727695,333,492.3082977988797,36.45,34.35,0.00244140625,1.3009169101715088,0.008048141988317825,-0.028495268614128356,6.059263229370117
5120000,1342.0177302820011,0.1478726878694215,0.59844970703125,,,,,,,,0.003173828125,1.3900001049041748,0.010835769701747822,-0.021035082045286604,5.512118816375732
5128192,1345.0487603670044,0.10799734426061583,0.543103039264679,,,,,,,,0.0042724609375,1.3428807258605957,0.006600615185645919,-0.02551115058404337,7.696730136871338
5136384,1348.0011556980025,0.14914369667364213,0.606213390827179,,,,,,,,0.002197265625,1.3716137409210205,0.00704017958562464,-0.02655464355130669,4.790589332580566
5144576,1350.9597165980013,0.13443208509896729,0.5821289420127869,,,,,,,,0.0040283203125,1.4300576448440552,0.008406597259398851,-0.02071515332792523,5.60577392578125
5152768,1353.7848799410058,0.11187315766673285,0.548352062702179,,,,,,,,0.00390625,1.352725863456726,0.009021915136044223,-0.030669563663102785,8.35375690460205
5160960,1356.5462784050032,0.13456573130599497,0.58026123046875,,,,,,,,0.0023193359375,1.4309247732162476,0.007001118884056856,-0.028426277615528045,6.78359842300415
5169152,1359.6861529529997,0.1354812849793657,0.585436999797821,,,,,,,,0.00439453125,1.3790210485458374,0.007391429319479448,-0.02519649962129572,6.022414684295654
5177344,1362.643980146,0.12897558054945904,0.587719738483429,0.015238888893536418,0.012583782939348698,0.011467394968064926,333,499.5497983286183,47.85,44.85,0.002685546875,1.4091306924819946,0.004965333038019715,-0.027284305121509735,6.4206719398498535
5185536,1366.4089201970055,0.1599908541424117,0.61627197265625,,,,,,,,0.0037841796875,1.4807735681533813,0.0049064713901960655,-0.017840075478922832,4.415773868560791
5193728,1370.7796163880048,0.1602012208231717,0.59918212890625,,,,,,,,0.004150390625,1.3777406215667725,0.005922319890212746,-0.016339182201759398,7.188596248626709
5201920,1377.7488165060058,0.12440253373389694,0.570849597454071,,,,,,,,0.0020751953125,1.4423866271972656,0.007520750046029923,-0.028780029223616527,6.268237590789795
5210112,1381.8638759370006,0.16889996832236565,0.59686279296875,,,,,,,,0.00390625,1.4231760501861572,0.0054802614923679105,-0.016609614927723598,6.264552593231201
5218304,1384.8241079310028,0.12156161621357833,0.569018542766571,,,,,,,,0.0040283203125,1.3806980848312378,0.005891044403131485,-0.026574424187374185,6.8034987449646
5226496,1388.3935203060028,0.12533241991395472,0.5735107660293579,,,,,,,,0.0032958984375,1.4886537790298462,0.008031153749173514,-0.02881862483373796,6.4156107902526855
5234688,1394.4300983220019,0.12763175327541312,0.577502429485321,,,,,,,,0.003662109375,1.3625054359436035,0.007616857828539936,-0.026601071149919123,5.84396505355835
5242880,1398.2629321030035,0.13510494056872305,0.5765137076377869,0.015539207029380386,0.018371344352609564,0.014092149112563734,168,198.0021884544929,24.0,nan,0.002685546875,1.4288948774337769,0.005732526469048982,-0.020195129851919163,9.187861442565918
5251072,1402.624064581003,0.15666816386351884,0.6028686761856079,,,,,,,,0.0037841796875,1.4325426816940308,0.004676580890298654,-0.020739071981141985,5.246309757232666
5259264,1406.580211307999,0.1235791585162342,0.572558581829071,,,,,,,,0.0037841796875,1.337900996208191,0.006088134313789184,-0.024431984972388056,7.201402187347412
5267456,1411.5314414259992,0.15932605099418934,0.6142212152481079,,,,,,,,0.001708984375,1.4654948711395264,0.0070760486735022,-0.020477746975430932,5.539787292480469
5275648,1416.0367709519996,0.1537305378216191,0.6005493402481079,,,,,,,,0.0042724609375,1.3807717561721802,0.00673129162645858,-0.02279460120818554,4.7276177406311035
5283840,1420.394617044003,0.1479918042639463,0.587231457233429,,,,,,,,0.00244140625,1.3514738082885742,0.0047594825983835465,-0.02231567887067756,5.392737865447998
5292032,1423.6946986280018,0.14833206150139278,0.5965576171875,,,,,,,,0.0032958984375,1.4833638668060303,0.00495017057632241,-0.02388504656990651,4.084238529205322
5300224,1427.2110610330055,0.11487467307918259,0.5610107779502869,,,,,,,,0.00390625,1.3655188083648682,0.006094584722383667,-0.024716525382136253,5.3920392990112305
5308416,1430.6681351970037,0.13714302043808366,0.582446277141571,0.012717536096651827,0.014807455596130836,0.012916358943258377,191,241.57726446083785,27.450000000000003,nan,0.0018310546875,1.4538296461105347,0.00779598491736766,-0.023723027529031035,5.165354251861572
5316608,1434.4691897340017,0.13769757764708884,0.576550304889679,,,,,,,,0.00390625,1.4261983633041382,0.008690586438569237,-0.024080720722798793,5.937126159667969
5324800,1437.6525730110006,0.1296232266923208,0.5885986685752869,,,,,,,,0.0030517578125,1.3814234733581543,0.006591109854561572,-0.026402976896198412,5.162744998931885
5332992,1440.3901209960022,0.1523837980925615,0.6118530631065369,,,,,,,,0.0028076171875,1.496006965637207,0.005471482042469056,-0.02898323670388353,3.991058349609375
5341184,1442.7645130320016,0.13041567328964337,0.5777221918106079,,,,,,,,0.003173828125,1.363765001296997,0.006412340945720185,-0.02754386630250398,4.725793838500977
5349376,1446.5117732240033,0.13972106248272795,0.58892822265625,,,,,,,,0.0023193359375,1.4207203388214111,0.0065138413359910885,-0.029649258162784728,4.733643054962158
5357568,1451.6992167650023,0.12514727931154376,0.543811023235321,,,,,,,,0.00439453125,1.4380403757095337,0.008167585256672605,-0.026107623081812494,6.674522399902344
5365760,1457.8770347669997,0.1015136768608847,0.5355591177940369,,,,,,,,0.0029296875,1.3103114366531372,0.007213027716173159,-0.03067334691007817,7.8427863121032715
5373952,1461.6326683600055,0.11888726540616124,0.564562976360321,0.01859482465288198,0.01394611848966143,0.01394611848966143,333,489.7911762523328,49.95,48.150000000000006,0.0025634765625,1.4064491987228394,0.008859254171899922,-0.03017603581848205,6.093423366546631
5382144,1465.9918939850031,0.12310905812725059,0.5645996332168579,,,,,,,,0.0040283203125,1.3190840482711792,0.00617755593151359,-0.029291136301179667,6.320458889007568
5390336,1469.64263088,0.12511893665406112,0.57684326171875,,,,,,,,0.002685546875,1.3367762565612793,0.009495208929019783,-0.030050305049318,6.99734354019165
5398528,1472.8917313519996,0.14706731571605708,0.6047729849815369,,,,,,,,0.003173828125,1.4151942729949951,0.008459892578642103,-0.0219481500116678,4.7776875495910645
5406720,1475.4098105380035,0.1481111863081686,0.5905395746231079,,,,,,,,0.0040283203125,1.3468286991119385,0.007894669314024716,-0.0226946154055905,5.93434476852417
5414912,1477.9537593179994,0.13212372242043174,0.574536144733429,,,,,,,,0.0020751953125,1.4432423114776611,0.005303025387788152,-0.024556734297664168,6.361138343811035
5423104,1480.466222384006,0.14107959707092352,0.5855712890625,,,,,,,,0.004150390625,1.366544485092163,0.0055092094950552895,-0.0250060692070226,6.588052272796631
5431296,1483.4214101290054,0.12194173119689658,0.568981945514679,,,,,,,,0.003173828125,1.2860671281814575,0.007827057834241091,-0.03016417897803196,7.804303169250488
5439488,1488.8546974250057,0.15961336159862435,0.611010730266571,0.019781596069185725,0.018791597961502315,0.01569056357983134,333,477.03902693783493,35.550000000000004,nan,0.002685546875,1.3625085353851318,0.009648380771413168,-0.031775051372499995,5.609076976776123
5447680,1500.840303967001,0.1521421868231737,0.5960937738418579,,,,,,,,0.0040283203125,1.330672025680542,0.01019376142514905,-0.01588281502709628,6.6291093826293945
5455872,1506.6076619090018,0.1659890841062837,0.6150268912315369,,,,,,,,0.0023193359375,1.353040099143982,0.009397483870391299,-0.022707118004732192,5.958600044250488
5464064,1511.7584203110018,0.1609345837374767,0.618176281452179,,,,,,,,0.0040283203125,1.439768671989441,0.008577588872110908,-0.02004100374488293,4.440547943115234
5472256,1515.6329210719996,0.13346716590400948,0.581066906452179,,,,,,,,0.0029296875,1.3538461923599243,0.007387599342208118,-0.026379764660344585,5.146955966949463
5480448,1519.4392049710004,0.1322257638433487,0.588513195514679,,,,,,,,0.0028076171875,1.4382051229476929,0.00824548946857262,-0.027647138625266493,5.500278472900391
5488640,1523.2124554260008,0.15732865731273,0.60296630859375,,,,,,,,0.00341796875,1.3551170825958252,0.007095429263035524,-0.02197692486547682,5.061388969421387
5496832,1526.9686347390016,0.1484147465145411,0.5994629263877869,,,,,,,,0.0029296875,1.363041877746582,0.009535020244632597,-0.02416545877802126,6.740488529205322
5505024,1529.6528100190044,0.18498827630116638,0.630688488483429,0.028606953158895387,0.026595451024587935,0.02200317555829312,333,447.6059183899748,36.75,49.5,0.003173828125,1.4036897420883179,0.008691306901621898,-0.02234771325910063,4.638492107391357
5513216,1532.3598277630008,0.12135898771813732,0.5660034418106079,,,,,,,,0.0037841796875,1.3415772914886475,0.008626959919416977,-0.026168947741282447,7.011293888092041
5521408,1534.5665102160056,0.13868088111409185,0.587646484375,,,,,,,,0.002197265625,1.384227991104126,0.006970881445147903,-0.02271729286949581,7.135064601898193
5529600,1536.7982359820016,0.156503281005674,0.6083984375,,,,,,,,0.0040283203125,1.372471570968628,0.007315340118878577,-0.020780833198978756,5.4124979972839355
5537792,1539.0550616559995,0.16140654190616238,0.58050537109375,,,,,,,,0.00390625,1.4349865913391113,0.009982031499116917,-0.014006077252280936,6.434573650360107
5545984,1541.9340552130016,0.13741993036861197,0.5802001953125,,,,,,,,0.0032958984375,1.472874402999878,0.006749149049900205,-0.022731112326481066,6.425272464752197
5554176,1544.8720831760002,0.13798973250492916,0.575732409954071,,,,,,,,0.0035400390625,1.4166655540466309,0.006506194746308758,-0.018425815498169195,6.541050910949707
5562368,1546.9476381040004,0.1587257575170599,0.614062488079071,,,,,,,,0.0029296875,1.4075689315795898,0.0066377383644186105,-0.020659671350651217,5.676273345947266
5570560,1549.4077847350054,0.15148545805408095,0.609326183795929,0.017888979264524152,0.014812228499229363,0.01362588766745032,333,489.11876186147464,40.650000000000006,43.650000000000006,0.0035400390625,1.4646012783050537,0.006385488764588443,-0.020333619130052917,4.4309868812561035
5578752,1552.0325149359996,0.17349571747477582,0.612377941608429,,,,,,,,0.003662109375,1.4437966346740723,0.008623364397745248,-0.015524290796981179,5.529999256134033
5586944,1554.119900272999,0.13821595259754313,0.5813965201377869,,,,,,,,0.0035400390625,1.4662835597991943,0.008706475664525204,-0.022041191653062293,6.607527256011963
5595136,1556.6788671540053,0.1261466496651715,0.582629382610321,,,,,,,,0.0035400390625,1.4165685176849365,0.0078406571422307,-0.026735468719164282,6.5198845863342285
5603328,1559.761279025006,0.18014063487524967,0.6300048828125,,,,,,,,0.0035400390625,1.3630461692810059,0.006536749945150744,-0.015615724358300026,4.285614013671875
5611520,1562.6497068579993,0.17150393799656266,0.6216797232627869,,,,,,,,0.0029296875,1.4408159255981445,0.006774986794492177,-0.02031522575234905,4.505776882171631
5619712,1565.5517833910053,0.1346842848278918,0.585131824016571,,,,,,,,0.00341796875,1.3964190483093262,0.005602687366831338,-0.026422320758210372,5.174169063568115
5627904,1569.7919986800043,0.14857354073904114,0.59698486328125,,,,,,,,0.003173828125,1.419689655303955,0.0065416867541068235,-0.021294386142844752,5.267140865325928
5636096,1578.017528000004,0.13249243560262358,0.579882800579071,0.014985025064242263,0.011238768798181642,0.011238768798181642,333,494.5750713287849,49.95,40.050000000000004,0.0032958984375,1.4191696643829346,0.006516142016330551,-0.024751213247417872,4.836785793304443
5644288,1583.2717677360051,0.15172664939593647,0.594165027141571,,,,,,,,0.00341796875,1.3691127300262451,0.007570183161951016,-0.02107499756526819,6.036098003387451
5652480,1586.2862693510033,0.14926145965625626,0.5892333984375,,,,,,,,0.0030517578125,1.361203670501709,0.009153335974303678,-0.024214445810540764,6.259986877441406
5660672,1591.8346434470004,0.15906261078429348,0.6039673089981079,,,,,,,,0.003173828125,1.3881080150604248,0.006423857764196073,-0.02315617453764818,5.387354850769043
5668864,1595.975743531999,0.13407683242776466,0.58831787109375,,,,,,,,0.00341796875,1.4136435985565186,0.006684988436884587,-0.02783894919509533,6.101369380950928
5677056,1599.9619206780044,0.1401404463583668,0.59844970703125,,,,,,,,0.002685546875,1.3956222534179688,0.008720916904310982,-0.027536186581076177,4.364511489868164
5685248,1604.3574165130049,0.15558266819985464,0.6161255240440369,,,,,,,,0.0035400390625,1.4345026016235352,0.005535106668172252,-0.018317556037640997,4.151974678039551
5693440,1610.7371766040014,0.11784534105922842,0.573413074016571,,,,,,,,0.0032958984375,1.3887248039245605,0.0056213848345686435,-0.03065210680494458,5.0995774269104
5701632,1614.1421801290053,0.1298652364356796,0.5848388671875,0.01540240387468339,0.017451633635918062,0.01194283347707581,333,488.69457448358287,48.300000000000004,nan,0.002685546875,1.467700719833374,0.005184514535920615,-0.02678408284448612,5.265676021575928
5709824,1618.1508973310047,0.14701713606528294,0.6022095084190369,,,,,,,,0.003662109375,1.4356083869934082,0.00621438609906011,-0.017305773607067344,4.738955497741699
5718016,1621.550489923,0.11977976023738385,0.5540405511856079,,,,,,,,0.0030517578125,1.4359118938446045,0.006207404511618275,-0.023931302897094858,7.222088813781738
5726208,1624.3497294270055,0.128307349773461,0.5696167349815369,,,,,,,,0.00341796875,1.4626731872558594,0.004451933223294402,-0.02702997587568729,6.6440911293029785
5734400,1627.7049713560045,0.11691205796975096,0.562365710735321,,,,,,,,0.00390625,1.4188168048858643,0.003358330654571584,-0.0307673430242799,5.9994401931762695
5742592,1631.6809359899999,0.12033776970341781,0.56634521484375,,,,,,,,0.0028076171875,1.480703592300415,0.006057692436624129,-0.027664140822673645,6.07083797454834
5750784,1635.4615691590006,0.13156109407223876,0.5807129144668579,,,,,,,,0.003662109375,1.4652378559112549,0.005244148757695299,-0.021928437483851742,5.666584014892578
5758976,1638.8521469039988,0.14997594968358458,0.5881592035293579,,,,,,,,0.003173828125,1.4385735988616943,0.005394721778401168,-0.0178889174245748,5.55593204498291
5767168,1643.0181985080053,0.12418454271068043,0.5755981802940369,0.008705650569136414,0.008113570131914716,0.0072569791484633495,333,517.20212515202,45.150000000000006,nan,0.0029296875,1.4683148860931396,0.004410587747929018,-0.028552107353824442,5.3866753578186035
5775360,1647.7601356529995,0.1339444664808444,0.5854736566543579,,,,,,,,0.0029296875,1.4309829473495483,0.004084009306214886,-0.02746037019251272,5.2005743980407715
5783552,1651.3054542180034,0.11976511658389909,0.558154284954071,,,,,,,,0.003662109375,1.469377040863037,0.006125321304509934,-0.028608226592153424,7.121692657470703
5791744,1654.5784850109994,0.1458896519983179,0.595288097858429,,,,,,,,0.003662109375,1.49428129196167,0.005342164487838641,-0.02011273540756961,5.910632610321045
5799936,1657.6707988690032,0.15181603751490577,0.594677746295929,,,,,,,,0.003173828125,1.43051278591156,0.006917268025307788,-0.019467248101107476,5.593303680419922
5808128,1661.543857097,0.17241590220293768,0.613415539264679,,,,,,,,0.0029296875,1.46427583694458,0.0044955288917324365,-0.018371350215821425,5.458587646484375
5816320,1665.6058854479998,0.15561647239100093,0.6044678092002869,,,,,,,,0.00439453125,1.4582922458648682,0.004587431068910464,-0.02097016296878536,6.318201065063477
5824512,1669.7993181410056,0.12533669144104667,0.56982421875,,,,,,,,0.002685546875,1.4467101097106934,0.007392117501346052,-0.029018058519730494,5.82870626449585
5832704,1676.444631133003,0.17243094755839627,0.616772472858429,0.028342995379309066,0.03027546097216338,0.0217882364864026,333,448.3479178760564,49.650000000000006,nan,0.003173828125,1.4740495681762695,0.005680945498624079,-0.022531005797693515,4.729798793792725
5840896,1682.7471195350008,0.12854302328297412,0.577648937702179,,,,,,,,0.0030517578125,1.4170597791671753,0.005058668052988491,-0.027842628895685808,6.24335241317749
5849088,1687.2430552660007,0.1631987725987916,0.5874878168106079,,,,,,,,0.002685546875,1.4548530578613281,0.0041578807444605514,-0.022482347610854277,6.751095771789551
5857280,1691.705226132006,0.11800188115072699,0.548266589641571,,,,,,,,0.003662109375,1.4027419090270996,0.006649364095955179,-0.027395421945777123,7.598691463470459
5865472,1696.1317352840051,0.1392827072775112,0.5936279296875,,,,,,,,0.00341796875,1.404849886894226,0.00869482536331101,-0.0315005860933908,6.2795257568359375
5873664,1700.9748997010029,0.17858275425991857,0.6296753287315369,,,,,,,,0.0025634765625,1.4200769662857056,0.006847157907978629,-0.020362424458448866,4.581048011779785
5881856,1706.4899722110058,0.15401780254581454,0.6016479730606079,,,,,,,,0.00341796875,1.408097267150879,0.006742122634941561,-0.018366680460993236,4.850081443786621
5890048,1710.091224677999,0.14220989031300565,0.584399402141571,,,,,,,,0.0035400390625,1.4388034343719482,0.007099705583728078,-0.02396275707240461,5.219827651977539
5898240,1713.4595848690005,0.12474504924067725,0.581835925579071,0.013593826438849321,0.011103578818298487,0.010195369829137046,333,508.4598223850654,49.650000000000006,38.85,0.00341796875,1.4362586736679077,0.008818033185421292,-0.025296484323084813,5.652961254119873
5906432,1717.7111279340024,0.1443449542030002,0.596179187297821,,,,,,,,0.00341796875,1.3885539770126343,0.0070061846040170295,-0.023146007447532552,5.299348831176758
5914624,1722.5537277450057,0.16932136725153257,0.617431640625,,,,,,,,0.0023193359375,1.4232896566390991,0.005685377687232984,-0.02253660894133555,4.184350967407227
5922816,1725.8554226199994,0.16133954291562508,0.6056152582168579,,,,,,,,0.0042724609375,1.4218251705169678,0.00683320398906373,-0.022186551982591327,4.891860485076904
5931008,1729.1386455460015,0.11473000916818217,0.5531005859375,,,,,,,,0.0025634765625,1.4255619049072266,0.006561814704987512,-0.030365455300634104,6.789616584777832
5939200,1733.1826305450013,0.12470318166631436,0.570178210735321,,,,,,,,0.0037841796875,1.4918162822723389,0.00681473554723766,-0.029489323298568505,5.980504512786865
5947392,1736.721903149999,0.14629482484375245,0.591796875,,,,,,,,0.0032958984375,1.4001814126968384,0.007319916315091657,-0.02010103356789906,7.398755073547363
5955584,1739.927310029001,0.15468056552654186,0.6091064810752869,,,,,,,,0.0025634765625,1.4646705389022827,0.006224854686882941,-0.027756554059075112,5.15997314453125
5963776,1743.818893677002,0.16117728105522894,0.6097168326377869,0.013376290597182705,0.011907995354468404,0.010175903756699523,333,511.9600510874924,48.45,nan,0.00341796875,1.442164659500122,0.003870311919202285,-0.021029690565551578,4.78023624420166
5971968,1750.5796257700058,0.16628690058204573,0.59765625,,,,,,,,0.00390625,1.4699374437332153,0.007311245730977967,-0.019961750114494317,5.878417015075684
5980160,1754.591451006003,0.1538489921988639,0.5965332388877869,,,,,,,,0.002685546875,1.498008370399475,0.007022650957880683,-0.025728514223537387,5.244123458862305
5988352,1758.6539236980025,0.15424112835497472,0.6038818359375,,,,,,,,0.0037841796875,1.420539379119873,0.007053834053486141,-0.024968448697482187,5.512760639190674
5996544,1762.2304428630014,0.16544243179372975,0.6212402582168579,,,,,,,,0.002685546875,1.4464001655578613,0.006804702941524132,-0.018048280666394086,3.9467504024505615
6004736,1765.8703255229993,0.18522289596422709,0.622790515422821,,,,,,,,0.00390625,1.520068645477295,0.007342373109811007,-0.01224159146216888,4.362951755523682
6012928,1769.512425935005,0.10978363695938947,0.5365234613418579,,,,,,,,0.00341796875,1.4672659635543823,0.0060388039573717744,-0.025512075824796168,7.45454740524292
6021120,1772.6425981920038,0.11567473386372101,0.561474621295929,,,,,,,,0.00244140625,1.5112534761428833,0.00441744533136601,-0.03126030162302398,6.457683086395264
6029312,1776.2626298190007,0.14228570933198306,0.592529296875,0.009072601076086984,0.010027475014262044,0.006804450807065265,333,525.8680803442949,49.5,43.650000000000006,0.00390625,1.4267985820770264,0.005640783023707185,-0.017467735004462383,6.795398235321045
6037504,1780.5042876000007,0.12108121181042607,0.56866455078125,,,,,,,,0.00341796875,1.4232802391052246,0.006059730315536527,-0.022372227249896796,7.995231628417969
6045696,1784.0570476850044,0.15787522969051046,0.613269031047821,,,,,,,,0.0030517578125,1.4634641408920288,0.0039094875023315545,-0.02148037018548198,6.570384502410889
6053888,1787.7030372700028,0.15765345858377558,0.605236828327179,,,,,,,,0.0037841796875,1.4081875085830688,0.005077568440128188,-0.017833450754780437,5.59356164932251
6062080,1791.1256714970004,0.19566189522671665,0.624951183795929,,,,,,,,0.0030517578125,1.480878472328186,0.006545413816537393,-0.009341393746582046,6.0864386558532715
6070272,1794.7638484940035,0.1306803927994097,0.582409679889679,,,,,,,,0.0037841796875,1.4841262102127075,0.006689031611508911,-0.027357470996384727,6.092726230621338
6078464,1798.1276083340053,0.14366299181996034,0.602770984172821,,,,,,,,0.0030517578125,1.3920466899871826,0.00691055938821683,-0.022525736502512734,5.52571964263916
6086656,1801.6536624210057,0.16134073507838353,0.603405773639679,,,,,,,,0.0025634765625,1.5164881944656372,0.00836434622607729,-0.02288739435515881,6.1222243309021
6094848,1805.3517154240035,0.1370416491360567,0.581103503704071,0.02583214828188174,0.021849559430537013,0.01955361821407009,333,456.35093167888226,42.75,44.7,0.0037841796875,1.4042741060256958,0.007719493962021984,-0.02148075252412823,6.2164387702941895
6103040,1809.943080406003,0.13686291484146654,0.574450671672821,,,,,,,,0.0029296875,1.4568544626235962,0.007584979855963292,-0.017041473647764035,8.097074508666992
6111232,1813.459290658,0.18070907305655215,0.627575695514679,,,,,,,,0.004150390625,1.4343907833099365,0.006989648842962826,-0.022563484837929953,4.34989070892334
6119424,1816.8911719300013,0.17290374751770432,0.6266113519668579,,,,,,,,0.0029296875,1.412990689277649,0.0072713912330072406,-0.018031059567531427,5.300209999084473
6127616,1820.5018487820053,0.13767375790366207,0.586779773235321,,,,,,,,0.00244140625,1.4467626810073853,0.006674795101645148,-0.03137101595085308,5.190892696380615
6135808,1823.804083875999,0.14187911875486275,0.5904907584190369,,,,,,,,0.00390625,1.3932582139968872,0.008514286110028801,-0.022935305523329452,5.615296363830566
6144000,1827.1166354870002,0.1606557445279102,0.5889038443565369,,,,,,,,0.002685546875,1.4381555318832397,0.0068656507871860395,-0.016986362924179405,6.338534832000732
6152192,1830.4149740190041,0.1567934809843343,0.60614013671875,,,,,,,,0.003662109375,1.5308310985565186,0.003838847197268125,-0.02156607013915204,5.008521556854248
6160384,1834.0961957149993,0.13419849175577,0.574877917766571,0.02464502257796508,0.025328909673788536,0.020244659902878936,333,462.1895996221847,30.75,nan,0.002685546875,1.4244029521942139,0.003999948494398109,-0.021879263002600013,6.962484836578369
6168576,1838.4621224069997,0.14138157108756486,0.5952392816543579,,,,,,,,0.0032958984375,1.499401569366455,0.005691394528669624,-0.028882185755293967,5.124431610107422
6176768,1842.1635471120026,0.12626163118780362,0.577868640422821,,,,,,,,0.0037841796875,1.4679757356643677,0.004609936007363702,-0.025371782331051945,6.4979753494262695
6184960,1846.1003321050011,0.14722484193108615,0.60174560546875,,,,,,,,0.0028076171875,1.4582056999206543,0.005552615501802194,-0.02704653864866556,5.5718607902526855
6193152,1849.7297989370054,0.1645610801783684,0.6179443597793579,,,,,,,,0.003173828125,1.5080103874206543,0.005610360182204843,-0.017146067554569096,4.80486536026001
6201344,1852.9392180159994,0.15391569555683327,0.5972656607627869,,,,,,,,0.0035400390625,1.4477814435958862,0.006847767948775174,-0.017103640678033296,5.006337642669678
6209536,1855.9925110920012,0.17246045219458897,0.6268310546875,,,,,,,,0.0028076171875,1.5007010698318481,0.004730462631257537,-0.020755428066845875,4.287545204162598
6217728,1858.7317800290039,0.13515898304213914,0.590161144733429,,,,,,,,0.00341796875,1.4718868732452393,0.0035577618079458695,-0.023532587133351136,4.57863187789917
6225920,1862.063875038999,0.1272974601104054,0.5671020746231079,0.015869490317735324,0.01899930861809529,0.01190211773830152,333,497.00280594926636,40.050000000000004,40.050000000000004,0.0035400390625,1.4701403379440308,0.005398160916919803,-0.027835456217654216,6.019053936004639
6234112,1867.1883406960042,0.12716450867048942,0.572705090045929,,,,,,,,0.0032958984375,1.5404127836227417,0.006242171015613862,-0.02945141144177101,6.045004844665527
6242304,1870.365127490004,0.14463293919298087,0.5985107421875,,,,,,,,0.003662109375,1.415666937828064,0.006637492697958547,-0.025595826271701934,5.349586009979248
6250496,1873.4626102440016,0.13805617683857158,0.5610595941543579,,,,,,,,0.0037841796875,1.5522258281707764,0.006757052493666649,-0.023833074804899764,9.170763969421387
6258688,1876.5548143600026,0.1200565153770586,0.5646606683731079,,,,,,,,0.0037841796875,1.4805054664611816,0.004886239610416565,-0.02991178854697434,8.018959045410156
6266880,1879.3351603720002,0.136307334307437,0.5845703482627869,,,,,,,,0.002685546875,1.4460941553115845,0.007437491767955606,-0.02773946327655129,6.67083740234375
6275072,1882.1952082620046,0.1500876230157235,0.574999988079071,,,,,,,,0.0032958984375,1.4854172468185425,0.007031116193387699,-0.0240410544957107,8.227693557739258
6283264,1884.7974085970054,0.11845067752549752,0.56024169921875,,,,,,,,0.0047607421875,1.4616336822509766,0.0051240371951498664,-0.02639778250002578,9.783223152160645
6291456,1887.4764638390043,0.13227761440996108,0.5845093131065369,0.015789096356960797,0.014373770194122781,0.01184182226772057,333,513.1487305245621,49.5,30.75,0.00244140625,1.4069263935089111,0.00421998253686251,-0.027489318769323257,7.990377902984619
6299648,1891.089247351003,0.1737684273165091,0.623461902141571,,,,,,,,0.0029296875,1.4164215326309204,0.007001040016954674,-0.01756849888010454,5.757072448730469
6307840,1896.1450422859998,0.1370147757719398,0.5701660513877869,,,,,,,,0.0047607421875,1.4315474033355713,0.006398393187705298,-0.02195669598153027,10.795992851257324
6316032,1901.601730442002,0.16514565961687983,0.614208996295929,,,,,,,,0.0030517578125,1.440194845199585,0.008682579409959645,-0.025583989690983612,6.611447811126709
6324224,1906.744730008002,0.2028595908715242,0.6380859613418579,,,,,,,,0.002685546875,1.4442660808563232,0.007001531549043261,-0.01274311608789574,5.801606178283691
6332416,1911.0542209320047,0.18531310073633658,0.5866333246231079,,,,,,,,0.00390625,1.3723406791687012,0.007094989917117767,-0.02033331931408813,9.237154006958008
6340608,1915.187761537003,0.18129268535847454,0.605419933795929,,,,,,,,0.00341796875,1.4152225255966187,0.00937497588406866,-0.02062409863579688,8.874284744262695
6348800,1919.0262275050045,0.12558477825813727,0.56463623046875,,,,,,,,0.00341796875,1.409899115562439,0.006984805161611929,-0.031047015837801645,10.952163696289062
6356992,1923.4689958439994,0.14713362022315463,0.594897449016571,0.014954098870991195,0.011215574153243368,0.011215574153243368,333,484.83376046418726,49.95,31.950000000000003,0.00341796875,1.4335384368896484,0.0063769375338393885,-0.023855916123776244,7.966545104980469
6365184,1930.144468178005,0.15529635510600884,0.609814465045929,,,,,,,,0.0035400390625,1.4442189931869507,0.006348625763492821,-0.023951141834803635,7.015754699707031
6373376,1935.8687925870036,0.14777044868343925,0.599682629108429,,,,,,,,0.0032958984375,1.3778483867645264,0.005300643475184885,-0.02277421676531798,6.85760498046875
6381568,1942.874531610003,0.17425754580586572,0.6260010004043579,,,,,,,,0.0029296875,1.4227162599563599,0.006437159631165201,-0.015600976940931722,6.420793056488037
6389760,1955.7734065420009,0.1687575845779205,0.61920166015625,,,,,,,,0.0037841796875,1.4048023223876953,0.008031527703039054,-0.019915777576223915,6.8863844871521
6397952,1965.0250109879998,0.15072362623155233,0.607897937297821,,,,,,,,0.0032958984375,1.4076082706451416,0.006290573527624521,-0.0220059338388329,6.15872859954834
6406144,1971.0437155290056,0.14174494824633999,0.5757812857627869,,,,,,,,0.003173828125,1.4339503049850464,0.007473438994292536,-0.02216811322620895,9.962930679321289
6414336,1976.9510797580006,0.14528696824899565,0.594958484172821,,,,,,,,0.003662109375,1.3837592601776123,0.0061413805827997825,-0.02320939633350738,8.026840209960938
6422528,1983.3759077130017,0.176952211406876,0.62060546875,0.029801312991485474,0.031799491372322186,0.022350984743614077,333,448.3384402686481,42.75,40.050000000000004,0.0032958984375,1.3904972076416016,0.007121788820644959,-0.024622037519586,6.985970973968506
6430720,1991.1834715720033,0.14449549524941313,0.5899414420127869,,,,,,,,0.0035400390625,1.459510326385498,0.0068160395817922215,-0.025597019057225535,8.349595069885254
6438912,1997.964937263001,0.14852327452543948,0.57171630859375,,,,,,,,0.0045166015625,1.4220064878463745,0.008332255055307103,-0.02654797262993759,10.143404960632324
6447104,2003.7404317149994,0.1297673377793855,0.549755871295929,,,,,,,,0.0035400390625,1.4443968534469604,0.0066295457154872395,-0.027269681008748516,13.194816589355469
6455296,2010.7249028430015,0.19777523690938398,0.64227294921875,,,,,,,,0.0032958984375,1.352713704109192,0.006678431574053567,-0.010978462598233735,6.176476955413818
6463488,2017.3190454190044,0.17623666426186813,0.6279663443565369,,,,,,,,0.0032958984375,1.490186095237732,0.0059642499777844415,-0.01737296518129337,6.459968566894531
6471680,2022.6540462140038,0.15416172908048978,0.6085449457168579,,,,,,,,0.0035400390625,1.459807276725769,0.007499774112515345,-0.019821815685106506,5.829532146453857
6479872,2028.583324678999,0.19307457213078427,0.617260754108429,,,,,,,,0.00341796875,1.457544207572937,0.007755736321968909,-0.0049653840218264874,6.315280437469482
6488064,2035.2493074750018,0.16265559218104741,0.6140381097793579,0.015178780854969154,0.015026039824791115,0.011384085641226838,333,488.879934477058,47.550000000000004,40.050000000000004,0.003662109375,1.4725568294525146,0.007056686962684355,-0.02044267769807296,6.069825649261475
6496256,2043.1493178570017,0.14982757815571995,0.5901855826377869,,,,,,,,0.00390625,1.518247127532959,0.006478286722572779,-0.021316285256679376,6.947515964508057
6504448,2049.1236480860025,0.1340304543587004,0.573657214641571,,,,,,,,0.00390625,1.4691334962844849,0.006132812635873952,-0.027281612836732957,8.440832138061523
6512640,2055.2165712600035,0.1850512626685086,0.6195068359375,,,,,,,,0.0028076171875,1.4736073017120361,0.006871679163743427,-0.022152975685802916,6.235385894775391
6520832,2060.9851842089993,0.16035747900741984,0.5990234613418579,,,,,,,,0.00439453125,1.490845799446106,0.0063962244666858625,-0.0205839553489482,6.548278331756592
6529024,2066.646463819001,0.13735395620479368,0.5900635123252869,,,,,,,,0.002685546875,1.432019591331482,0.005699768955503393,-0.019854597866543526,6.44154691696167
6537216,2073.450007285006,0.1654034285634549,0.6089721918106079,,,,,,,,0.00244140625,1.4757838249206543,0.004957548459374239,-0.024341039897052438,5.306265354156494
6545408,2080.039144291004,0.1359481539663431,0.5910278558731079,,,,,,,,0.0040283203125,1.401672601699829,0.0045072306635277615,-0.027819506625210114,5.1371169090271
6553600,2086.550619458001,0.14308892246624627,0.591992199420929,0.009710232874011182,0.010947790732085072,0.007299583002588705,333,526.7303931313037,40.650000000000006,39.0,0.0029296875,1.5008370876312256,0.005409042142587861,-0.025108164361636178,6.575997829437256
6561792,2093.915578562999,0.13084600127756257,0.571728527545929,,,,,,,,0.00390625,1.4943318367004395,0.004685775821226756,-0.021839724903604866,8.163773536682129
6569984,2100.739622743,0.13633314120137294,0.581469714641571,,,,,,,,0.00341796875,1.425951600074768,0.005415288816720487,-0.026990317671067156,7.64400053024292
6578176,2107.7327795890014,0.16207689887502863,0.6116699576377869,,,,,,,,0.0032958984375,1.5192580223083496,0.005409670707479108,-0.022096020405324213,6.338155746459961
6586368,2114.4977434640023,0.15821208675226706,0.6103515625,,,,,,,,0.0040283203125,1.4762121438980103,0.005645731982583335,-0.015076418153206726,6.119330883026123
6594560,2121.425921576003,0.1419714634232828,0.5808472037315369,,,,,,,,0.0030517578125,1.486411452293396,0.006609146040874481,-0.0231547358538161,7.760125637054443
6602752,2128.4172761459995,0.1154176145874186,0.5512451529502869,,,,,,,,0.0032958984375,1.4930238723754883,0.006355812741749345,-0.02534724968851247,9.837602615356445
6610944,2134.9480001870033,0.1324826371781482,0.571948230266571,,,,,,,,0.003662109375,1.3293877840042114,0.0052242215596256525,-0.021326413312618735,9.213520050048828
6619136,2141.5014045190037,0.1964754813652727,0.615429699420929,0.01678268104894598,0.014100900204232714,0.01258701078670943,333,489.4087390373052,33.300000000000004,30.75,0.002685546875,1.453452706336975,0.007539047559696144,-0.011972538798606467,8.563432693481445
6627328,2149.7367238730003,0.17845392587689643,0.6265869140625,,,,,,,,0.00439453125,1.4025499820709229,0.005573893495367299,-0.018309651340025195,5.617146968841553
6635520,2156.3016036780027,0.13613186131122146,0.584277331829071,,,,,,,,0.00244140625,1.372730016708374,0.00779225054748045,-0.026289270037167668,8.771059036254883
6643712,2162.2600930690023,0.18896641245863244,0.626782238483429,,,,,,,,0.0032958984375,1.4923845529556274,0.008244382688800012,-0.0194050268546191,6.021874904632568
6651904,2167.9943778430024,0.1639072984807519,0.612255871295929,,,,,,,,0.0037841796875,1.3541706800460815,0.007723885101472483,-0.010992133012413072,6.192443370819092
6660096,2173.518550067005,0.18074114681824915,0.6291137933731079,,,,,,,,0.00244140625,1.4666855335235596,0.006243415063946656,-0.01751726057752531,5.946483135223389
6668288,2179.3053096290023,0.1516757131143905,0.59930419921875,,,,,,,,0.0029296875,1.4556509256362915,0.005510976662610245,-0.019961217138823314,4.9274420738220215
6676480,2185.765073679002,0.1255490399348514,0.572985827922821,,,,,,,,0.00341796875,1.348926067352295,0.005949231161798352,-0.02116660264431383,7.014026641845703
6684672,2191.573751382006,0.14604543360424346,0.6030517816543579,0.013970889840451362,0.012028111635836725,0.010757352655902164,333,506.5492318386531,49.800000000000004,nan,0.0030517578125,1.4795502424240112,0.008065160090754864,-0.027123221655664522,5.336512088775635
6692864,2197.565008098005,0.13219273091255668,0.5625244379043579,,,,,,,,0.0040283203125,1.423616647720337,0.006768411405816854,-0.023335846144534534,6.705119609832764
6701056,2203.133657901002,0.15789124775410857,0.6079468131065369,,,,,,,,0.0025634765625,1.455562710762024,0.006343949619188938,-0.02352133255787708,6.340518951416016
6709248,2209.2589808560006,0.15569152891694424,0.589062511920929,,,,,,,,0.002685546875,1.4638540744781494,0.008969011116493841,-0.02338979882197741,6.5452752113342285
6717440,2215.283395340004,0.16004157035935945,0.589672863483429,,,,,,,,0.0047607421875,1.3923894166946411,0.00733258736346909,-0.017899183594239067,8.190327644348145
6725632,2221.424690245003,0.1271023099600888,0.569689929485321,,,,,,,,0.0029296875,1.4969218969345093,0.004578576289727687,-0.028224302133347614,8.355690002441406
6733824,2227.426999534,0.23665129636275595,0.639331042766571,,,,,,,,0.0032958984375,1.459780216217041,0.0059940946766867675,-0.013892056015396595,5.700842380523682
6742016,2233.4651343280057,0.14880959858792964,0.589770495891571,,,,,,,,0.003173828125,1.3791242837905884,0.006888971427662316,-0.022465875589107773,7.243199348449707
6750208,2239.3321293080007,0.17118575410213716,0.622814953327179,0.013915364626640447,0.01204097559459505,0.01044111001392689,333,506.78838671189976,47.25,48.300000000000004,0.002685546875,1.4286057949066162,0.005700841195057538,-0.02158437877272898,5.16213846206665
6758400,2246.546981821004,0.12432794347210599,0.571520984172821,,,,,,,,0.00390625,1.4777551889419556,0.0035534285687078837,-0.0268678342911119,6.326988220214844
6766592,2252.902094420002,0.19725763172560767,0.5940185785293579,,,,,,,,0.003173828125,1.4262340068817139,0.003888902669627936,-0.020831544310996226,6.336280822753906
6774784,2259.4420919750046,0.13639393234501768,0.583325207233429,,,,,,,,0.0023193359375,1.5070935487747192,0.005099121696767961,-0.030210299102822413,6.1490702629089355
6782976,2266.874095309002,0.13919230036448343,0.566479504108429,,,,,,,,0.0040283203125,1.39784836769104,0.005105758946910344,-0.025516765961797434,7.4393630027771
6791168,2273.868518137002,0.16348407985918006,0.61212158203125,,,,,,,,0.0028076171875,1.427320122718811,0.005293745137373795,-0.02132298540660156,5.858268737792969
6799360,2279.8999105760013,0.15098692632178287,0.5945801138877869,,,,,,,,0.00341796875,1.5118439197540283,0.006088410155056456,-0.02359550434465071,6.753221035003662
6807552,2285.823848318003,0.13630481302359146,0.5641723871231079,,,,,,,,0.0037841796875,1.416662335395813,0.004449391212792975,-0.022815394084551868,7.36239767074585
6815744,2292.1115177610045,0.17300531743077296,0.6287475824356079,0.009665576082885097,0.007761453578054356,0.007253206468247009,333,535.1058190601013,41.550000000000004,41.400000000000006,0.0020751953125,1.4522619247436523,0.005242693927679731,-0.026133100775335722,4.972872734069824
6823936,2299.402022123999,0.16041897291305224,0.612353503704071,,,,,,,,0.0040283203125,1.4786162376403809,0.006332745185568034,-0.01881702362862085,5.409905910491943
6832128,2304.9978027820034,0.14063234007496525,0.571520984172821,,,,,,,,0.00341796875,1.3987412452697754,0.005009893457785575,-0.02227399867385261,7.972288608551025
6840320,2311.248297336999,0.15629345717379672,0.6112427115440369,,,,,,,,0.00244140625,1.442411184310913,0.00698850514522098,-0.028663104299207882,5.176316261291504
6848512,2316.9729826160037,0.13118322290377102,0.583325207233429,,,,,,,,0.003662109375,1.44057035446167,0.005898140569902344,-0.021021850801660816,6.613335609436035
6856704,2322.9176661740057,0.1524056474415999,0.610644519329071,,,,,,,,0.003173828125,1.413623571395874,0.004566649172276005,-0.02171397560634953,6.491131782531738
6864896,2328.610465212005,0.13366408752327874,0.5760254263877869,,,,,,,,0.0028076171875,1.5127358436584473,0.0052320041565052655,-0.02024491807416238,7.410299777984619
6873088,2334.1927585779995,0.14552603497384137,0.5979370474815369,,,,,,,,0.00439453125,1.4660927057266235,0.0057304327349907425,-0.021666237460840253,6.555405616760254
6881280,2340.9422763740004,0.18295571152889153,0.6375732421875,0.012475378246774471,0.010891687645594894,0.01047599707456126,333,486.7658188152458,49.5,nan,0.0020751953125,1.4669432640075684,0.006408043191446167,-0.016329182121621207,4.625088691711426
6889472,2348.521282337999,0.1545234951586904,0.6075073480606079,,,,,,,,0.00341796875,1.5015532970428467,0.0057349606122069074,-0.02409658372093992,4.5563836097717285
6897664,2354.928547042,0.1679138967855824,0.61688232421875,,,,,,,,0.00341796875,1.3959970474243164,0.005601835502255681,-0.01548755568142809,4.366274833679199
6905856,2360.7239596,0.1816373647730064,0.6331543326377869,,,,,,,,0.002197265625,1.5021737813949585,0.0046355071913946055,-0.025223938978317463,3.4338977336883545
6914048,2366.3247656210006,0.16839561823125704,0.6039184927940369,,,,,,,,0.0042724609375,1.4751358032226562,0.003951552617233678,-0.012044077381628287,3.9868080615997314
6922240,2372.752883043002,0.11481678806896199,0.5576416254043579,,,,,,,,0.002685546875,1.4045581817626953,0.0062108743929814025,-0.03189904821919416,5.605297088623047
6930432,2378.2984030980006,0.1434852714939606,0.5983642935752869,,,,,,,,0.0030517578125,1.5037789344787598,0.005913276992147942,-0.027687020357226977,4.573879718780518
6938624,2383.930344553002,0.16851490454008708,0.6039673089981079,,,,,,,,0.00390625,1.3765974044799805,0.003589593888097209,-0.020009681569778955,5.1323113441467285
6946816,2389.5996396820046,0.15280407680729532,0.5994018912315369,0.016922311584959382,0.01363910309890326,0.012896760117232287,333,490.00813520693964,46.2,nan,0.001953125,1.5031510591506958,0.006269547381495988,-0.025199309601055892,5.061280727386475
6955008,2396.5562425829994,0.14704242765389025,0.5992676019668579,,,,,,,,0.003662109375,1.4853793382644653,0.004923822363181785,-0.022257130450939085,4.735379219055176
6963200,2402.411172802,0.13462165583836233,0.577954113483429,,,,,,,,0.0032958984375,1.388087511062622,0.004994126101705021,-0.024454879783705745,5.34113073348999
6971392,2407.9928624520035,0.15149149856558944,0.58746337890625,,,,,,,,0.002197265625,1.5405561923980713,0.004210576177219094,-0.026704533445330504,5.098698139190674
6979584,2414.141255530005,0.10538330309376831,0.539660632610321,,,,,,,,0.0047607421875,1.412638545036316,0.0059010092373668055,-0.026396755129650364,7.045559883117676
6987776,2420.2273899510037,0.14987890658173192,0.595043957233429,,,,,,,,0.001953125,1.4374380111694336,0.007577641843532712,-0.0264700842011341,5.468511581420898
6995968,2425.698131254001,0.19142321202162926,0.606799304485321,,,,,,,,0.0035400390625,1.573953628540039,0.004683950227087674,-0.019850509844662148,4.856301784515381
7004160,2431.573963312003,0.14150290253101694,0.5750366449356079,,,,,,,,0.004150390625,1.42219078540802,0.003944800091205458,-0.022672814568661367,6.444712162017822
7012352,2437.7252653520045,0.1320519217395217,0.5707641839981079,0.010145418794807015,0.01640787766620333,0.007916938228111459,333,520.9680107796634,48.0,nan,0.0020751953125,1.5319969654083252,0.006415895227603663,-0.027978863191384012,5.8238654136657715
7020544,2444.154319772002,0.1710982054252143,0.600964367389679,,,,,,,,0.0042724609375,1.4436042308807373,0.006390644046369687,-0.021538142454833237,4.2766923904418945
7028736,2449.876382770999,0.11869844118124809,0.5641723871231079,,,,,,,,0.002685546875,1.4163810014724731,0.006819613426024662,-0.027253500731104264,7.829927921295166
7036928,2455.8376824730003,0.14932650127916994,0.6028808951377869,,,,,,,,0.0032958984375,1.517709732055664,0.005855005737214647,-0.02358991788034665,4.319509029388428
7045120,2461.388420745003,0.15811296500060323,0.587756335735321,,,,,,,,0.004638671875,1.4572114944458008,0.006184225203572535,-0.011622881062685504,6.922736644744873
7053312,2467.0396604740017,0.12043552386594447,0.5554443597793579,,,,,,,,0.0020751953125,1.4724442958831787,0.00653646435099331,-0.027313971313638302,7.38156270980835
7061504,2473.090342648,0.16243178886436171,0.595690906047821,,,,,,,,0.00341796875,1.519351840019226,0.005609925183715614,-0.019912790190926802,5.221293926239014
7069696,2478.600911813999,0.13853995585053944,0.586560070514679,,,,,,,,0.0045166015625,1.4138942956924438,0.0063219497329229934,-0.015287406688396829,7.238254070281982
7077888,2484.7603860669988,0.15816270106643382,0.60345458984375,0.007496774288498598,0.01388303012017511,0.005953005335825989,333,540.5291463108013,48.45,nan,0.0025634765625,1.5208816528320312,0.006857477061986472,-0.020900026750902793,5.77979040145874
7086080,2491.9692950009994,0.2562446153547787,0.602673351764679,,,,,,,,0.0052490234375,1.5163694620132446,0.006601551848616882,0.020805001332709308,7.4615797996521
7094272,2497.6417473430047,0.17152945721943988,0.6035522818565369,,,,,,,,0.0029296875,1.413730263710022,0.008934410299253015,-0.011258375569747828,6.967055797576904
7102464,2503.4408695340026,0.20426729582201625,0.630664050579071,,,,,,,,0.0023193359375,1.4972004890441895,0.0070398972514292835,-0.01093529145477351,4.962623596191406
7110656,2509.14769867,0.12432017465871598,0.5554565787315369,,,,,,,,0.005859375,1.5365041494369507,0.007139071182345358,-0.021047762822430167,8.082236289978027
7118848,2514.966182422999,0.14987752501539853,0.5985351800918579,,,,,,,,0.00244140625,1.456362247467041,0.005005727437603191,-0.02211929199870648,6.579030513763428
7127040,2521.098072478999,0.14116087413410938,0.5938354730606079,,,,,,,,0.003662109375,1.5531073808670044,0.004380071248542339,-0.02248941356771001,5.110640048980713
7135232,2526.9116440630023,0.13838798932987068,0.57763671875,,,,,,,,0.00390625,1.4603782892227173,0.004018100860382345,-0.024284086217073033,6.42586088180542
7143424,2533.1291393680003,0.14651508573782973,0.601306140422821,0.007951842189904745,0.005963881642428559,0.005963881642428559,333,546.6935362686805,49.95,36.6,0.00244140625,1.5134786367416382,0.005792377964348283,-0.03089987498084358,5.464663505554199
7151616,2539.2495630990015,0.1709322785157342,0.6067749261856079,,,,,,,,0.0045166015625,1.510392189025879,0.0055285606835822065,-0.017252184422787684,5.33188533782959
7159808,2544.5980653389997,0.2134407482246794,0.612316906452179,,,,,,,,0.0037841796875,1.5251268148422241,0.005344295136456956,-0.00866107330760772,7.3099684715271
7168000,2551.4066756160028,0.11815460696453757,0.5640503168106079,,,,,,,,0.002685546875,1.5698487758636475,0.005194340884802751,-0.02524526757216923,7.056990146636963
7176192,2558.338600930001,0.12985417106028882,0.5665649771690369,,,,,,,,0.004638671875,1.52455472946167,0.0058500484034038625,-0.01971161651203758,7.9127092361450195
7184384,2563.1179769510054,0.15004184775726223,0.6069702506065369,,,,,,,,0.002685546875,1.5152508020401,0.004101264438368557,-0.025136204722328984,5.924322605133057
7192576,2567.885005836004,0.17971644983560695,0.61566162109375,,,,,,,,0.0032958984375,1.5354746580123901,0.005020386707834001,-0.017073206442518418,6.017515659332275
7200768,2572.4357669710007,0.15027870667870064,0.588549792766571,,,,,,,,0.0040283203125,1.441414475440979,0.006051978064127828,-0.019486676396697836,6.566890239715576
7208960,2577.2077466810006,0.15465690949970498,0.6082397699356079,0.009166018192707015,0.010602247346452542,0.007208100882999391,333,533.8837313359988,48.150000000000006,nan,0.0023193359375,1.5323203802108765,0.0046031236621861815,-0.024946402244380717,5.839127540588379
7217152,2583.2375198080044,0.1609013468464239,0.586779773235321,,,,,,,,0.0045166015625,1.535513997077942,0.005885850060208253,-0.018033387194215735,6.312829494476318
7225344,2588.1787387720033,0.2288074365416436,0.6100220084190369,,,,,,,,0.0032958984375,1.4621331691741943,0.0056765507942498905,-0.013695687074257702,6.611260890960693
7233536,2593.222728629,0.1468654722199784,0.572521984577179,,,,,,,,0.0029296875,1.5980260372161865,0.0047916816073091395,-0.028296982680680424,7.098912715911865
7241728,2598.033312682004,0.13546815577689914,0.5650879144668579,,,,,,,,0.0040283203125,1.4454336166381836,0.006324988463411452,-0.022120623154985367,7.814944744110107
7249920,2602.6410614750057,0.1712354659772616,0.6200317740440369,,,,,,,,0.002685546875,1.5150458812713623,0.0038533456644849196,-0.017403992882784363,5.313758850097656
7258112,2607.577035459006,0.1188711351995502,0.5480591058731079,,,,,,,,0.003662109375,1.5841083526611328,0.0021355431392726665,-0.02262403658843906,7.63091516494751
7266304,2612.4243820300035,0.15953001400641487,0.5849609375,,,,,,,,0.0042724609375,1.4353176355361938,0.006381449968987152,-0.01927758797131056,7.652720928192139
7274496,2617.2028547600057,0.1281775368351736,0.5732421875,0.013754564400359603,0.011589951084090555,0.010633321561480114,333,507.6203602165942,46.5,nan,0.00244140625,1.5231009721755981,0.0047163466282353905,-0.02904941036509312,6.840977668762207
7282688,2623.562978648006,0.24698629082788576,0.615283191204071,,,,,,,,0.0040283203125,1.5246789455413818,0.0032613275205060077,0.01080352356351811,6.09881067276001
7290880,2629.023983309002,0.1526844128904383,0.5848144888877869,,,,,,,,0.003662109375,1.4749339818954468,0.005991614624283437,-0.013410201534761962,7.644137859344482
7299072,2634.5095107939997,0.17720360786077138,0.617602527141571,,,,,,,,0.0025634765625,1.6215815544128418,0.003815870451793102,-0.01712972380201558,5.535048961639404
7307264,2641.0580200090044,0.12972905380670072,0.588366687297821,,,,,,,,0.004150390625,1.4514917135238647,0.003862692828260683,-0.02753417870500993,5.528668403625488
7315456,2648.237265255004,0.1325650984703209,0.5824829339981079,,,,,,,,0.00244140625,1.4718151092529297,0.0034409619398994007,-0.02642653123584858,6.497105598449707
7323648,2655.7271428520035,0.17469942730152666,0.625231921672821,,,,,,,,0.0037841796875,1.5323578119277954,0.003998551959384589,-0.018196493961389004,4.542291164398193
7331840,2662.4723384730023,0.11127161291706106,0.558581531047821,,,,,,,,0.0035400390625,1.4416592121124268,0.004977213723976304,-0.026581147495589225,6.7603678703308105
7340032,2668.6461411120035,0.1647128506443922,0.5898804068565369,0.007543699349960908,0.008340636578235583,0.00569095058560265,333,552.6916493178508,46.2,48.300000000000004,0.0025634765625,1.5487234592437744,0.005135769568266779,-0.019906334781273273,5.468238353729248
7348224,2676.535460015002,0.14099074609667742,0.5739990472793579,,,,,,,,0.00390625,1.5096485614776611,0.00437092774822434,-0.026029280866062446,5.64898681640625
7356416,2683.426217238004,0.12831344088727317,0.5658813714981079,,,,,,,,0.00341796875,1.4212065935134888,0.004411520979109684,-0.02389118003458279,7.180447578430176
7364608,2689.8708380980024,0.17889453488520846,0.6129394769668579,,,,,,,,0.0023193359375,1.5889614820480347,0.003984789215676021,-0.02001720772233501,5.607895851135254
7372800,2695.653106452999,0.13843348038080044,0.5878662467002869,,,,,,,,0.004150390625,1.477334976196289,0.003369760258566279,-0.025322911948334293,5.21350622177124
7380992,2702.2352872460033,0.11289426658900631,0.539807140827179,,,,,,,,0.0028076171875,1.4962724447250366,0.006311349414189427,-0.02464989665270026,9.049822807312012
7389184,2708.6049454220047,0.14854941728654167,0.5976196527481079,,,,,,,,0.003173828125,1.5396989583969116,0.0044392026794838335,-0.023397927021740195,5.380346298217773
7397376,2716.4682033530044,0.13549787375598518,0.5690063834190369,,,,,,,,0.004150390625,1.5171791315078735,0.004051100018276799,-0.021490348850233407,8.522000312805176
7405568,2723.3536140860015,0.16195828264794546,0.605334460735321,0.01124103155945999,0.008685566812598355,0.00853778477702316,333,526.5055771188761,49.5,nan,0.002197265625,1.5259358882904053,0.005587264555216964,-0.019473756055386107,5.0703020095825195
7413760,2731.270441230001,0.19464926304933705,0.616931140422821,,,,,,,,0.0035400390625,1.5151058435440063,0.005104570335684899,-0.014276680602660314,4.742730617523193
7421952,2737.559010709003,0.13646842463132625,0.57684326171875,,,,,,,,0.00341796875,1.4913204908370972,0.004655046590286038,-0.023843218739571136,5.252101421356201
7430144,2743.6173361830006,0.14714091292732578,0.60284423828125,,,,,,,,0.0029296875,1.5828627347946167,0.002834045730581436,-0.028747836689854252,4.775613307952881
7438336,2750.1016681890032,0.1605512237335944,0.610705554485321,,,,,,,,0.003173828125,1.4865694046020508,0.004764595051771736,-0.023244395381287804,3.9681918621063232
7446528,2757.1470063369998,0.1337537079394241,0.5671142935752869,,,,,,,,0.0029296875,1.5511504411697388,0.004247186298619976,-0.024971215780841383,6.505655765533447
7454720,2763.498382921003,0.1164541237660167,0.5687622427940369,,,,,,,,0.0035400390625,1.5209511518478394,0.003523261319656079,-0.03146435629609758,5.454928874969482
7462912,2769.6729318370053,0.15348656418122292,0.6025635004043579,,,,,,,,0.003173828125,1.5084283351898193,0.003367659967172365,-0.017903382400366378,4.640321254730225
7471104,2776.2987833549996,0.14639824019098807,0.590075671672821,0.015269208984691751,0.014377933381353847,0.011868969501718896,333,508.22454771953176,28.200000000000003,35.4,0.0028076171875,1.5721125602722168,0.0038861767835758343,-0.02508938207209275,5.375946044921875
7479296,2786.533824488004,0.12334644834069237,0.5601806640625,,,,,,,,0.003173828125,1.4735028743743896,0.00422952855014691,-0.02401739939456185,6.673588752746582
7487488,2794.6530761579997,0.14804389394888604,0.6031738519668579,,,,,,,,0.00341796875,1.5228643417358398,0.005449950968681838,-0.018306687814983427,5.3304948806762695
7495680,2802.223037145006,0.17286249538759857,0.6203369498252869,,,,,,,,0.00341796875,1.5934442281723022,0.004084416955105752,-0.01684436131793196,4.295534610748291
7503872,2812.009057993004,0.12348095449121753,0.574230968952179,,,,,,,,0.0035400390625,1.550102949142456,0.0035312069082394926,-0.02350496225319605,5.154647350311279
7512064,2818.035454748002,0.134678337814794,0.5867676138877869,,,,,,,,0.002197265625,1.6065294742584229,0.0049042416386841925,-0.02818502789689943,5.1791534423828125
7520256,2824.3796431930023,0.14254764005740186,0.5741211175918579,,,,,,,,0.00390625,1.5026140213012695,0.004308438445575158,-0.022983030867989775,6.491697788238525
7528448,2830.6082402190004,0.13470806952981496,0.5835815668106079,,,,,,,,0.0030517578125,1.4618775844573975,0.004697766715888951,-0.03100481975894271,4.955448150634766
7536640,2837.170086197999,0.14086047717792638,0.5922485589981079,0.011665534629799135,0.012201161696244855,0.008808532126806323,333,523.3282111115673,46.5,48.150000000000006,0.0029296875,1.5410351753234863,0.004574270404095193,-0.025826200977242045,5.468771457672119
7544832,2844.893250538,0.10945290415854408,0.5428466796875,,,,,,,,0.0035400390625,1.5383517742156982,0.0028924505879961426,-0.027943359923857193,6.974251747131348
7553024,2851.8584155740027,0.1558083683137888,0.601208508014679,,,,,,,,0.00244140625,1.5731024742126465,0.0034313887499504148,-0.023184913952609465,5.0335187911987305
7561216,2858.733965444,0.13695812328282356,0.589770495891571,,,,,,,,0.0040283203125,1.562164545059204,0.003648793985333465,-0.02304247514291255,4.940093994140625
7569408,2865.116179800003,0.1311727934881531,0.574658215045929,,,,,,,,0.00341796875,1.5417888164520264,0.0032083564961662425,-0.02116848566501165,6.171658039093018
7577600,2871.413541617003,0.10522560142698778,0.5293823480606079,,,,,,,,0.0025634765625,1.5207833051681519,0.003536273868903761,-0.035776217610978545,7.966104030609131
7585792,2878.625053280004,0.1446427623233789,0.5879760980606079,,,,,,,,0.0032958984375,1.454145073890686,0.004619585595185383,-0.024422718834339014,6.472231388092041
7593984,2884.893734792,0.15988519757083988,0.5852905511856079,,,,,,,,0.00341796875,1.5265982151031494,0.0032133835901790864,-0.023881150688154537,6.929932594299316
7602176,2891.0796113260003,0.16542294062931653,0.614941418170929,0.010111535477599465,0.009878723237126241,0.007583651608199626,333,533.8084620989622,49.650000000000006,48.300000000000004,0.0032958984375,1.5898741483688354,0.0033228691881312944,-0.02020885038306322,4.455602645874023
7610368,2899.4035176649995,0.11026687426693665,0.54034423828125,,,,,,,,0.00341796875,1.5665282011032104,0.0026427259899033384,-0.02581091881080492,8.223295211791992
7618560,2906.3859570600034,0.1209348593971259,0.5652832388877869,,,,,,,,0.00244140625,1.5184472799301147,0.003823283410858136,-0.02986466469081633,6.772726535797119
7626752,2913.018715709004,0.1457298702578358,0.563488781452179,,,,,,,,0.00390625,1.4981539249420166,0.0030814651848615204,-0.023612654345646248,7.7823166847229
7634944,2919.7509453050006,0.11086427718478441,0.5409302115440369,,,,,,,,0.003173828125,1.4473069906234741,0.002478149930901341,-0.02904733665605439,9.013208389282227
7643136,2925.748565572001,0.13849892444082235,0.5897583365440369,,,,,,,,0.00244140625,1.4758950471878052,0.004885864909725424,-0.02797627768812604,7.3875322341918945
7651328,2932.554107185999,0.17871232781999652,0.5921387076377869,,,,,,,,0.0035400390625,1.4664874076843262,0.006157014845939557,-0.018382436203234948,7.803536891937256
7659520,2939.676382865,0.1471998864675281,0.593017578125,,,,,,,,0.0029296875,1.4440910816192627,0.004070045076700168,-0.02686113139090203,8.300848960876465
7667712,2945.7651261249994,0.1803105030029571,0.6296142935752869,0.011914031592533458,0.010630863603542928,0.010630863603542928,333,504.3075587386507,49.95,nan,0.00341796875,1.5135079622268677,0.0037343483563437863,-0.021527887998221765,5.16430139541626
7675904,2953.377122003003,0.14503495497876878,0.575817883014679,,,,,,,,0.00390625,1.5021812915802002,0.004928215217067988,-0.019737964564242743,7.050488471984863
7684096,2959.288352718999,0.14245027702773322,0.5862671136856079,,,,,,,,0.002685546875,1.5072342157363892,0.005040987448458933,-0.02367660295830678,8.198406219482422
7692288,2965.110782333002,0.16588776075321912,0.618884265422821,,,,,,,,0.0035400390625,1.5221951007843018,0.0043173952095068024,-0.022401335356522153,5.76674222946167
7700480,2970.6085022370025,0.1587940590420554,0.5924316644668579,,,,,,,,0.0032958984375,1.503467082977295,0.003910396187605025,-0.014108542042491096,6.704051494598389
7708672,2975.515076278003,0.225215986705728,0.6293579339981079,,,,,,,,0.0030517578125,1.5421043634414673,0.004510374075002432,-0.00876350921953267,4.550657749176025
7716864,2980.8589909660004,0.13656253346919342,0.5854248404502869,,,,,,,,0.0032958984375,1.4863653182983398,0.004720011409462321,-0.02452548978434366,5.20801305770874
7725056,2986.2527343140027,0.1728535134449918,0.6141357421875,,,,,,,,0.0029296875,1.512110710144043,0.005350540743217946,-0.01931901621014162,4.800429821014404
7733248,2991.8361621830045,0.1541915925575613,0.601574718952179,0.014053406269621815,0.011654156449609099,0.010573637352107701,333,516.9649090900512,45.0,nan,0.0037841796875,1.518870234489441,0.005172503705791032,-0.018422088803929544,5.567224979400635
7741440,2999.0069924980053,0.11889949024246071,0.538256824016571,,,,,,,,0.0035400390625,1.5003612041473389,0.00631060413938489,-0.028067677889274313,8.317155838012695
7749632,3005.080101615,0.10562635092967816,0.53277587890625,,,,,,,,0.002685546875,1.5014559030532837,0.006409838908448484,-0.032711493712613504,8.4744234085083
7757824,3010.9528775760045,0.17739552769050604,0.608654797077179,,,,,,,,0.0035400390625,1.4607852697372437,0.004577614815158837,-0.024406160451631978,6.3318657875061035
7766016,3016.811302255999,0.18090832729716788,0.6254516839981079,,,,,,,,0.003173828125,1.4768520593643188,0.0047058815055370795,-0.020276211413495657,4.873764991760254
7774208,3022.3294601580055,0.13715380648376327,0.582812488079071,,,,,,,,0.0029296875,1.5295273065567017,0.005070998045769826,-0.01998448277431187,5.90418004989624
7782400,3027.706658191004,0.2068217145958042,0.6019531488418579,,,,,,,,0.003662109375,1.5046403408050537,0.004928764989790446,-0.013134834966019006,6.291451454162598
7790592,3033.625190382001,0.13906119809684042,0.59228515625,,,,,,,,0.0028076171875,1.5453208684921265,0.006060088156173982,-0.023742693206425775,5.63656759262085
7798784,3039.0680114080023,0.16660026889793797,0.605822741985321,0.012575968501692847,0.011344547952271578,0.009736207097514549,333,508.0964349373165,41.550000000000004,nan,0.00341796875,1.506395936012268,0.005512906110662463,-0.024134954662336634,5.2278032302856445
7806976,3046.4193507070013,0.13767174761240472,0.577771008014679,,,,,,,,0.00341796875,1.4555295705795288,0.004940185137042086,-0.022899798969428804,6.989662170410156
7815168,3052.1856606639994,0.17866977533886216,0.6009521484375,,,,,,,,0.002685546875,1.5509427785873413,0.004238406581724474,-0.012879803394008925,6.954664707183838
7823360,3057.7722515640053,0.12037002822272949,0.5460449457168579,,,,,,,,0.004638671875,1.4836373329162598,0.0058646936576502995,-0.0204876702006744,9.570439338684082
7831552,3063.316879596001,0.154316623607546,0.6096557974815369,,,,,,,,0.0025634765625,1.4777677059173584,0.005044078571634025,-0.021192020084039212,6.2837910652160645
7839744,3069.273017481006,0.20137882505398644,0.607495129108429,,,,,,,,0.003662109375,1.5381982326507568,0.005439817192529395,-0.008956066501605492,6.328862190246582
7847936,3075.051952824004,0.1390319000134604,0.5795044302940369,,,,,,,,0.0035400390625,1.3996964693069458,0.006890984960923774,-0.02600811774203516,8.192241668701172
7856128,3080.9980653790044,0.14249955017611812,0.591418445110321,,,,,,,,0.00244140625,1.5102373361587524,0.004750166196941796,-0.027704504448166058,7.352044582366943
7864320,3086.609229808004,0.12816394149417887,0.5591797232627869,0.014040706413870452,0.0137702463298226,0.01055800579686128,333,510.0993726391359,48.45,nan,0.004150390625,1.5041744709014893,0.0036535403903676933,-0.019199811273019025,8.925484657287598
7872512,3093.641693827005,0.17425935962372582,0.60992431640625,,,,,,,,0.0037841796875,1.4923666715621948,0.005744802442424923,-0.0160733613155469,7.165051460266113
7880704,3098.880707328004,0.14442498651468436,0.5764404535293579,,,,,,,,0.0032958984375,1.5441393852233887,0.006959966054974731,-0.017132364618221426,8.210171699523926
7888896,3104.4552676340027,0.15140206487498858,0.598132312297821,,,,,,,,0.0035400390625,1.4489341974258423,0.005877078495347354,-0.020110969522949752,8.163039207458496
7897088,3110.5101528840023,0.145346420005784,0.5821289420127869,,,,,,,,0.0028076171875,1.4664262533187866,0.00565826979338091,-0.024186821262731834,7.655238628387451
7905280,3116.0317217570046,0.17468729648842946,0.602795422077179,,,,,,,,0.0032958984375,1.5077093839645386,0.0056022674994324895,-0.0160555145366312,7.516360759735107
7913472,3123.2471436870037,0.14107298136144847,0.594409167766571,,,,,,,,0.0035400390625,1.405681848526001,0.004577256979408473,-0.018338210209302173,6.244545936584473
7921664,3129.5026298830053,0.14896293058918594,0.5892333984375,,,,,,,,0.00341796875,1.5552822351455688,0.005516023506540124,-0.018198275574994094,7.8873186111450195
7929856,3135.4801573389996,0.14842932764381875,0.587756335735321,0.008680611817686756,0.009150464616198617,0.006555605371085793,333,548.4261462627624,48.75,48.300000000000004,0.003662109375,1.525852084159851,0.005612771613733969,-0.01872652820769761,6.932620525360107
7938048,3142.0553008900024,0.16957022362998606,0.6153320670127869,,,,,,,,0.0030517578125,1.485536813735962,0.0040127855230802645,-0.014541461768523634,7.480908393859863
7946240,3147.310794144003,0.12834776917146934,0.5539184808731079,,,,,,,,0.0030517578125,1.54398512840271,0.005193703897171997,-0.020801807040480905,10.2208890914917
7954432,3153.3269090470058,0.16184547889064865,0.610546886920929,,,,,,,,0.004150390625,1.4745502471923828,0.005292109542602397,-0.015699951359425278,8.383316040039062
7962624,3159.200613630004,0.12253153727492345,0.554125964641571,,,,,,,,0.00244140625,1.5033411979675293,0.005060824863470925,-0.025537395447695562,9.805768966674805
7970816,3164.863323607002,0.17954107815850542,0.630126953125,,,,,,,,0.00341796875,1.4679524898529053,0.004097651102904498,-0.015432463061950341,5.337418556213379
7979008,3170.659707458006,0.18649037378738761,0.6252197623252869,,,,,,,,0.003662109375,1.4973337650299072,0.005428955729029794,-0.011500789946063066,5.417144298553467
7987200,3176.348707211,0.17641904749161053,0.62750244140625,,,,,,,,0.002685546875,1.5352321863174438,0.005731492523277426,-0.015606294147010993,4.833765983581543
7995392,3181.943694006004,0.12312324501469743,0.547680675983429,0.009080599792057775,0.009566719887469932,0.0070058777557732155,333,560.3979402551388,37.35,41.25,0.0035400390625,1.494046926498413,0.006167491544075698,-0.023308063986466232,7.565464019775391
8003584,3188.974918775006,0.14665626816132835,0.5980224609375,,,,,,,,0.002685546875,1.4820092916488647,0.005677535240515952,-0.024318512560179625,6.191745281219482
8011776,3194.695079047,0.15790775469057072,0.6058593988418579,,,,,,,,0.0042724609375,1.5452841520309448,0.005156185181754758,-0.02177607727254323,6.002593040466309
8019968,3200.395547913002,0.17519018984975646,0.6159301996231079,,,,,,,,0.003662109375,1.48800790309906,0.006809410326315324,-0.007198608727055307,6.1681365966796875
8028160,3205.7538128810047,0.2046565653916968,0.6473144888877869,,,,,,,,0.0023193359375,1.5349091291427612,0.006419517973385691,-0.010487036270544607,4.463691711425781
8036352,3211.9248666040003,0.16724865514129272,0.608959972858429,,,,,,,,0.003662109375,1.4883061647415161,0.005913069855553621,-0.01972913275843216,4.763692378997803
8044544,3217.133309224002,0.16168607936613233,0.593066394329071,,,,,,,,0.003173828125,1.447228193283081,0.007241672252219278,-0.024424079200572213,4.901973247528076
8052736,3222.5533282360047,0.16248042569604376,0.6164917349815369,,,,,,,,0.0028076171875,1.5404071807861328,0.006072881721180146,-0.026430754604375464,3.5942885875701904
8060928,3228.1083975220026,0.12987732804092447,0.572375476360321,0.01381791735498561,0.016009929430210068,0.01036343801623918,333,512.3452717748024,46.2,42.6,0.0037841796875,1.4619218111038208,0.006052599892795385,-0.020883663647831154,5.260676860809326
8069120,3235.156600680006,0.11531306028326349,0.5531005859375,,,,,,,,0.00244140625,1.552717924118042,0.005401596831181021,-0.026253377732351004,6.25758695602417
8077312,3240.758053581005,0.16164407099717681,0.531237781047821,,,,,,,,0.00390625,1.541854739189148,0.005229500296124456,-0.02481017583864068,7.422089576721191
8085504,3246.4919909040036,0.10349444376589573,0.534106433391571,,,,,,,,0.00341796875,1.4392249584197998,0.004873859871993957,-0.027974105491371748,7.160849094390869
8093696,3251.9902965200017,0.13307930869498816,0.5726074576377869,,,,,,,,0.0029296875,1.5789390802383423,0.004354640357217443,-0.027490701902190606,7.357570171356201
8101888,3257.710523229005,0.11832526535132365,0.558422863483429,,,,,,,,0.0037841796875,1.4406943321228027,0.004174238546586939,-0.026850932056129997,7.288122653961182
8110080,3263.424761893002,0.12423714578525234,0.571118175983429,,,,,,,,0.00244140625,1.4944024085998535,0.004264061066685199,-0.030051557842320598,8.258842468261719
8118272,3269.1860809770005,0.16520133780151114,0.606555163860321,,,,,,,,0.0037841796875,1.5378223657608032,0.004833332004721802,-0.01808690616428099,5.284488677978516
8126464,3275.110217131005,0.13375471339585962,0.56787109375,0.012170255061303425,0.017832389785300107,0.014857715438707064,162,191.93540662149738,19.35,nan,0.003173828125,1.3872687816619873,0.004973008887419583,-0.02599204094302697,7.071568965911865
8134656,3282.2624021320007,0.21589101102848596,0.638256847858429,,,,,,,,0.001953125,1.5450047254562378,0.005562181456097881,-0.010253335774067932,5.0207109451293945
8142848,3288.319190786002,0.16633729595227154,0.6132446527481079,,,,,,,,0.0047607421875,1.5140249729156494,0.005268828541589166,-0.016184142093337097,5.163009166717529
8151040,3294.228987954004,0.1195197345025003,0.5661377310752869,,,,,,,,0.003173828125,1.4724031686782837,0.006642100708566301,-0.02822965581995613,6.291787624359131
8159232,3299.5885757350043,0.21480394067894562,0.625500500202179,,,,,,,,0.00244140625,1.5637043714523315,0.004975573353477092,-0.020947119075650843,4.419162750244141
8167424,3305.011644516999,0.10337335955662788,0.4992919862270355,,,,,,,,0.00439453125,1.4158427715301514,0.005142093844441087,-0.02850365351059955,10.713801383972168
8175616,3310.505946228004,0.13431882729761888,0.579333484172821,,,,,,,,0.0025634765625,1.5259677171707153,0.006115978724458571,-0.03052557250831694,7.099748134613037
8183808,3315.994873171003,0.15836450555337203,0.603527843952179,,,,,,,,0.00341796875,1.5432955026626587,0.005281902514725267,-0.023754535660818064,4.835143566131592
8192000,3321.0445349220026,0.1350777796122134,0.5700439810752869,0.014026245614762733,0.012328655481333217,0.010519684211072078,333,513.7192840141297,49.650000000000006,39.0,0.003662109375,1.4590741395950317,0.0044847637604078505,-0.02563312966261244,6.308169364929199
8200192,3328.3917323070054,0.14233069545795027,0.594165027141571,,,,,,,,0.0023193359375,1.576134204864502,0.005315614474289854,-0.025466292317459796,5.839109897613525
8208384,3334.332059736,0.12588878893255598,0.5545654296875,,,,,,,,0.003662109375,1.4553415775299072,0.0055942764522335375,-0.02578493647677853,6.731436252593994
8216576,3339.915695169999,0.12717185426581695,0.576770007610321,,,,,,,,0.003173828125,1.4646589756011963,0.003963773078794475,-0.026863146226303782,6.692721843719482
8224768,3345.9887579170027,0.11832987164148362,0.539013683795929,,,,,,,,0.003173828125,1.5583769083023071,0.0038388895836702908,-0.026622061304559665,8.679481506347656
8232960,3351.990128796002,0.15147988430189396,0.5762573480606079,,,,,,,,0.00341796875,1.4753729104995728,0.004719859499152657,-0.02187251687452383,8.805485725402832
8241152,3357.2657863160057,0.12376574002214358,0.5525757074356079,,,,,,,,0.0023193359375,1.479491114616394,0.005061432203716687,-0.026994567594588643,10.198724746704102
8249344,3363.064461588001,0.14717938444593578,0.5903076529502869,,,,,,,,0.0040283203125,1.482198715209961,0.004073933919569117,-0.020147430447000257,8.85211181640625
8257536,3368.896317331004,0.16234994984370976,0.5981201529502869,0.009407241881905448,0.008074492509858144,0.007479287454574157,333,530.7569150135853,49.650000000000006,nan,0.0037841796875,1.4618570804595947,0.004792348539840119,-0.015548195339968086,8.457756042480469
8265728,3375.9570731580025,0.16788936942028865,0.61761474609375,,,,,,,,0.0023193359375,1.5251518487930298,0.004250916144725503,-0.023344775304799902,5.899890899658203
8273920,3381.735903162,0.19057064050152,0.6190185546875,,,,,,,,0.0037841796875,1.5051028728485107,0.00406482621194737,-0.01580136938606044,5.75830078125
8282112,3387.192720002,0.19314796823394365,0.63409423828125,,,,,,,,0.0029296875,1.4748611450195312,0.0036914617588696963,-0.01750180629715525,5.080806732177734
8290304,3392.4836072510006,0.15654553402122603,0.603771984577179,,,,,,,,0.0029296875,1.5326117277145386,0.005489002639210594,-0.023396633854283783,5.438955783843994
8298496,3398.2860979410034,0.1786100815017806,0.5884643793106079,,,,,,,,0.00390625,1.4049577713012695,0.005467083060946454,-0.015318349040345387,7.154613494873047
8306688,3403.538011620003,0.14222843314553577,0.5919556021690369,,,,,,,,0.0025634765625,1.458924412727356,0.005344222890443118,-0.03025784070228705,6.6277995109558105
8314880,3409.169731464004,0.15114187652032346,0.597582995891571,,,,,,,,0.00341796875,1.4758436679840088,0.005084514477847968,-0.024024657492151377,5.333546161651611
8323072,3415.0512920730034,0.21132858665997026,0.6364380121231079,0.019272350479495604,0.020829199659987863,0.014675711771957367,333,483.71093046317725,42.6,nan,0.003173828125,1.4573190212249756,0.005757906389024181,-0.00616156921897663,4.529229640960693
8331264,3422.6367861700055,0.14669483843665038,0.5893799066543579,,,,,,,,0.002685546875,1.5850900411605835,0.00509754068639412,-0.02227861808950798,5.476962566375732
8339456,3428.331644826001,0.12337134268082349,0.568103015422821,,,,,,,,0.0040283203125,1.503007173538208,0.004381180124716555,-0.028587122154184488,5.432523727416992
8347648,3434.038615672005,0.12738693015738498,0.5604492425918579,,,,,,,,0.0029296875,1.5351415872573853,0.003274878085320343,-0.028162890555191084,6.345136642456055
8355840,3439.7875866100003,0.16989058387528969,0.620251476764679,,,,,,,,0.0035400390625,1.5457301139831543,0.003847757680123909,-0.02383394960137124,4.56853723526001
8364032,3445.1564804160007,0.12046613791416712,0.562670886516571,,,,,,,,0.003662109375,1.4914889335632324,0.003626933186744119,-0.02454162956005937,7.967581272125244
8372224,3450.710288418006,0.17154948160612513,0.5973144769668579,,,,,,,,0.0025634765625,1.5370049476623535,0.006029990732308921,-0.022801088269152642,5.136888027191162
8380416,3456.4601194480056,0.14306127329856477,0.579541027545929,,,,,,,,0.00390625,1.52443528175354,0.004828696663961463,-0.024792339497852867,5.831840515136719
8388608,3462.621536427003,0.2131990504683941,0.636279284954071,0.0223609655121515,0.01953666237712859,0.017680339022246527,333,461.1297384987819,47.25,nan,0.0032958984375,1.4842559099197388,0.004733918205126253,-0.008081555081466726,5.093115329742432
8396800,3470.0475867330024,0.1410594523664875,0.589123547077179,,,,,,,,0.002685546875,1.5740747451782227,0.003402265433138263,-0.02777510817103315,5.280789375305176
8404992,3475.9744217400003,0.13272229638165803,0.576062023639679,,,,,,,,0.0040283203125,1.4535077810287476,0.005770451984126401,-0.02224217492931549,5.787830352783203
8413184,3480.7289567780026,0.1326866468141786,0.5839599967002869,,,,,,,,0.0029296875,1.512791395187378,0.005457672516050671,-0.023876264209628056,5.852420806884766
8421376,3486.0047668230036,0.1563266736821557,0.56719970703125,,,,,,,,0.00390625,1.5334199666976929,0.005113567813605169,-0.01400131354223071,6.226386547088623
8429568,3491.8692191049995,0.16841358532350972,0.583203136920929,,,,,,,,0.0032958984375,1.4651706218719482,0.006426318202299108,-0.025464851409186435,5.522515773773193
8437760,3497.5542213890003,0.16277273157176103,0.5970093011856079,,,,,,,,0.002685546875,1.5360848903656006,0.005593196310219595,-0.02873520795772795,5.266170501708984
8445952,3503.204072477005,0.16578579428482776,0.580700695514679,,,,,,,,0.004638671875,1.520696759223938,0.005649868775836953,-0.021779495212020286,6.49498987197876
8454144,3509.0342634960034,0.13081859178286695,0.567309558391571,0.08113702000120782,0.0859088393315407,0.0859088393315407,57,20.491918625209166,8.55,nan,0.0029296875,1.5012954473495483,0.005359954832914626,-0.026244830854274294,7.249818325042725
8462336,3516.839129369,0.15205647331962352,0.578137218952179,,,,,,,,0.00390625,1.5715786218643188,0.006806257496643986,-0.0232780156451439,7.090068340301514
8470528,3522.9838559920026,0.159244568106502,0.6047729849815369,,,,,,,,0.004150390625,1.4031219482421875,0.006939347127663531,-0.018779735995435934,5.615655422210693
8478720,3528.789976975,0.1347483863160217,0.586804211139679,,,,,,,,0.0015869140625,1.4953646659851074,0.006122185741508579,-0.02959798284687385,5.662123203277588
8486912,3534.2898130190006,0.23940024148750455,0.622302234172821,,,,,,,,0.00439453125,1.4603947401046753,0.005571607232144116,-0.02203800473648089,5.211215972900391
8495104,3540.295523163004,0.1150889061781099,0.542590320110321,,,,,,,,0.0035400390625,1.4307911396026611,0.0039002994174545114,-0.027216353273147687,10.387587547302246
8503296,3546.0440421599997,0.19703741244249084,0.611560046672821,,,,,,,,0.0023193359375,1.5371209383010864,0.005562369042529047,-0.016972348532644035,5.980922222137451
8511488,3552.326048035,0.15049087090542246,0.559887707233429,,,,,,,,0.0045166015625,1.366079568862915,0.007600253877592333,-0.018706657976891455,8.875264167785645
8519680,3558.3645541280057,0.1487918190920989,0.588513195514679,0.009523763066734414,0.008803335230148646,0.007683326576928495,333,530.0575441657854,45.0,nan,0.00244140625,1.471938967704773,0.005107113327800006,-0.022858589307943725,7.176414489746094
8527872,3565.7648959889993,0.23189816351569426,0.659411609172821,,,,,,,,0.00390625,1.4633506536483765,0.005452139957460522,-0.0023552915417183675,3.9656715393066406
8536064,3572.4721756040017,0.16441262476738086,0.597302258014679,,,,,,,,0.003173828125,1.4077095985412598,0.0059074503390844635,-0.023358955169714878,6.7122483253479
8544256,3578.781259454001,0.16910588558587614,0.6234985589981079,,,,,,,,0.0023193359375,1.4706909656524658,0.006975866795747576,-0.02133309994892335,3.8870110511779785
8552448,3584.734724548005,0.12873527387910919,0.5569702386856079,,,,,,,,0.0040283203125,1.4305988550186157,0.007450091656330149,-0.02189030765806388,6.969984531402588
8560640,3590.2941985479993,0.137226619922134,0.584545910358429,,,,,,,,0.0029296875,1.4325249195098877,0.0065638697269017054,-0.029100956307877946,6.479760646820068
8568832,3595.690007928999,0.15817943414156577,0.608630359172821,,,,,,,,0.0029296875,1.4764842987060547,0.006789496159358199,-0.027191283621413067,3.8708748817443848
8577024,3601.2701462110053,0.12161855334721049,0.5648559927940369,,,,,,,,0.0037841796875,1.3689666986465454,0.006775212480159443,-0.030066241562497778,6.412606239318848
8585216,3606.743496025003,0.14290739972270672,0.5704101920127869,0.011976698933387264,0.010750229559082003,0.009497097127887377,333,495.5700156746352,47.400000000000006,nan,0.002685546875,1.4924359321594238,0.003595733994751993,-0.02631322562690687,6.617421627044678
8593408,3614.285921517003,0.17358681398646775,0.604382336139679,,,,,,,,0.003662109375,1.493767261505127,0.00299409216447577,-0.02042862934832045,4.895059108734131
8601600,3619.4080583930045,0.14200893237227252,0.5927368402481079,,,,,,,,0.0035400390625,1.4591622352600098,0.0038223345800146857,-0.025245768891642408,5.4112396240234375
8609792,3625.247289113002,0.15446397863338357,0.59814453125,,,,,,,,0.0020751953125,1.5070581436157227,0.004234455218365185,-0.024775686135085857,4.720539093017578
8617984,3630.7284203060044,0.16598480259284065,0.587158203125,,,,,,,,0.0045166015625,1.442578673362732,0.005867565714403278,-0.02218684048337208,4.488807201385498
8626176,3636.451251466002,0.14820349019325202,0.5961670279502869,,,,,,,,0.002685546875,1.4243048429489136,0.00657958533478209,-0.03266023297197712,5.30493688583374
8634368,3641.838622039999,0.12162144196788179,0.535205066204071,,,,,,,,0.0030517578125,1.4907279014587402,0.004837058126982985,-0.019407447653309953,8.736900329589844
8642560,3647.80478133,0.18212103348257508,0.600207507610321,,,,,,,,0.0042724609375,1.439048171043396,0.0036569876951935143,-0.010623102425111556,6.2167067527771
8650752,3652.6162210580005,0.1706706631175048,0.6173095703125,0.010419753895174355,0.011081124299103018,0.007839837872470556,333,526.3000163257955,49.2,48.150000000000006,0.001953125,1.4940507411956787,0.003364940177228437,-0.01944547763424316,4.775180339813232
8658944,3659.4906284960016,0.13856492751925217,0.5854126214981079,,,,,,,,0.0037841796875,1.4534438848495483,0.004858257415552569,-0.020109234653786487,5.511252403259277
8667136,3664.9418604080056,0.12201231712649681,0.5614013671875,,,,,,,,0.00341796875,1.4463024139404297,0.005013893461301211,-0.024624007265304174,6.25758695602417
8675328,3670.7903091780026,0.15157068751976244,0.6023803949356079,,,,,,,,0.0035400390625,1.5324269533157349,0.006446362876772582,-0.02201275736961517,4.794871807098389
8683520,3676.897692450002,0.14341729709637116,0.5827392935752869,,,,,,,,0.0037841796875,1.4426299333572388,0.0067880057810059125,-0.02163746099251479,5.82596492767334
8691712,3682.601782553,0.12689108737077745,0.56707763671875,,,,,,,,0.0028076171875,1.4862266778945923,0.0066846870517962564,-0.027562545804736577,5.951047420501709
8699904,3688.145222115003,0.13200687968881164,0.573107898235321,,,,,,,,0.003662109375,1.5078270435333252,0.006039399089518782,-0.023703863746366724,6.680589199066162
8708096,3692.8204382610056,0.1298114058119049,0.57958984375,,,,,,,,0.0035400390625,1.397261142730713,0.006644560420855372,-0.027157104739168395,7.349362373352051
8716288,3697.5304115700055,0.21369107562632791,0.645312488079071,0.014190992777908473,0.012787866218227806,0.0108333257179557,333,514.0222216408662,37.050000000000004,44.85,0.0023193359375,1.5318500995635986,0.006881798123346328,-0.016522857914869207,4.650282859802246
8724480,3703.629712082002,0.1347399898105008,0.578625500202179,,,,,,,,0.0040283203125,1.4717018604278564,0.00520279750549113,-0.021166824554599208,5.7929887771606445
8732672,3708.295651695,0.13675557989349846,0.5773681998252869,,,,,,,,0.002685546875,1.4480607509613037,0.004912405440596901,-0.029204451589429106,6.666708469390869
8740864,3713.1811626550043,0.13079484176146483,0.574267566204071,,,,,,,,0.0029296875,1.531337022781372,0.00510214675241305,-0.025540454278519698,6.118790626525879
8749056,3718.3024695450003,0.13402399211014623,0.574536144733429,,,,,,,,0.004150390625,1.4135470390319824,0.005160900944672808,-0.022357953426061897,6.728190898895264
8757248,3723.1760226210026,0.1852833239577305,0.633898913860321,,,,,,,,0.00146484375,1.520796298980713,0.005187965679071649,-0.016739553843194085,4.761600494384766
8765440,3730.1170028039996,0.1282532119113452,0.5626465082168579,,,,,,,,0.004150390625,1.5201236009597778,0.004039585338170948,-0.022503948436677645,7.427864074707031
8773632,3736.7835139860035,0.13606548668273782,0.575146496295929,,,,,,,,0.003173828125,1.4721277952194214,0.0033367002493067677,-0.022963509026433796,6.923912048339844
8781824,3743.2866705359993,0.1816135640007117,0.6327148675918579,0.015341903007422553,0.013876880887450871,0.011557575943405451,333,503.97310889436596,48.0,nan,0.0025634765625,1.5779104232788086,0.0051639078529424065,-0.021005747132872152,4.0563836097717285
8790016,3750.8429160980013,0.14658411206844987,0.533203125,,,,,,,,0.0040283203125,1.4546347856521606,0.005631275818901993,-0.025054341798504444,9.48309326171875
8798208,3756.187642128003,0.0994140481083372,0.5316162109375,,,,,,,,0.002685546875,1.4335418939590454,0.005074489720982123,-0.030649443163031267,11.176980972290039
8806400,3761.297073914,0.17001071853472355,0.5934692621231079,,,,,,,,0.003173828125,1.4866845607757568,0.005225743913174208,-0.019272662372819317,7.3464837074279785
8814592,3767.2027511170018,0.13861752269853653,0.57763671875,,,,,,,,0.00341796875,1.37246572971344,0.0034597852855320355,-0.024909876800285426,9.291282653808594
8822784,3773.4548719939994,0.19822171492844642,0.6428467035293579,,,,,,,,0.0025634765625,1.486860990524292,0.004602835909385039,-0.016004275888410767,4.8710784912109375
8830976,3779.294955838006,0.177399366637936,0.608996570110321,,,,,,,,0.00390625,1.4164795875549316,0.004530908926360877,-0.006699023504563731,7.7217559814453125
8839168,3785.406902130002,0.13104187983421278,0.59100341796875,,,,,,,,0.0029296875,1.470273733139038,0.003829025027167754,-0.026054914665366816,6.203984260559082
8847360,3793.206977492002,0.17859493171896323,0.6276489496231079,0.013864051304299685,0.011240881753571852,0.010826556487862238,333,495.89402739024314,49.2,nan,0.002685546875,1.577263355255127,0.0030706254027387248,-0.015604737022931331,4.279840469360352
8855552,3802.1825770030046,0.1606287285873295,0.584228515625,,,,,,,,0.00390625,1.4610952138900757,0.004733922333907348,-0.018471721188343174,5.665558338165283
8863744,3809.345935972,0.12432411064876564,0.5774170160293579,,,,,,,,0.0018310546875,1.5390534400939941,0.004952802423198621,-0.033323601802826244,5.438908576965332
8871936,3815.291730187004,0.16209641037915315,0.6058593988418579,,,,,,,,0.0040283203125,1.499823808670044,0.004801399288704822,-0.01602709355212717,5.589165687561035
8880128,3821.1929763709995,0.15014105057802174,0.595629870891571,,,,,,,,0.003173828125,1.426767110824585,0.005038476520296209,-0.027221676634005123,6.199934959411621
8888320,3827.2447655420037,0.14102773562684676,0.5951782464981079,,,,,,,,0.00244140625,1.5833557844161987,0.005692278319691213,-0.030699624453305475,5.381556987762451
8896512,3834.171334769999,0.14138475421112262,0.5896973013877869,,,,,,,,0.00390625,1.4495179653167725,0.00435796030736757,-0.022106062086261456,5.274134159088135
8904704,3841.2546775350056,0.15716361163559958,0.6117309927940369,,,,,,,,0.0025634765625,1.480647325515747,0.004696001218006396,-0.02595923359051093,4.28473424911499
8912896,3849.0671289349993,0.11135943734465369,0.5473877191543579,0.00947907921757829,0.010950138196041848,0.007146152868297118,333,527.6072541104113,48.0,nan,0.0035400390625,1.5617966651916504,0.0042751964173073365,-0.029570493696983436,6.689175605773926
8921088,3858.2707361659996,0.14389759521213713,0.5968017578125,,,,,,,,0.0035400390625,1.4200972318649292,0.005683179830916707,-0.021284051559344853,5.5464701652526855
8929280,3864.2757290350055,0.1452884036833832,0.5918945670127869,,,,,,,,0.002197265625,1.595134973526001,0.00428782039449449,-0.02666176631313163,5.338229179382324
8937472,3869.887027716999,0.13975142115535988,0.555468738079071,,,,,,,,0.0037841796875,1.458053469657898,0.004186985324001191,-0.025267635817710334,6.35964298248291
8945664,3876.357714167003,0.21302182097022895,0.59246826171875,,,,,,,,0.0032958984375,1.4857800006866455,0.003557885838221697,-0.021078868123884733,6.459211826324463
8953856,3883.992393461005,0.16610340896085912,0.6146606802940369,,,,,,,,0.0032958984375,1.597265362739563,0.00484637119780662,-0.022960207401546254,4.772891521453857
8962048,3891.078979965001,0.16080845005497155,0.6014770865440369,,,,,,,,0.00390625,1.4777839183807373,0.004939789129354111,-0.01305447430273586,6.1782097816467285
8970240,3897.395022864999,0.15744058297582553,0.5985962152481079,,,,,,,,0.001708984375,1.5309128761291504,0.004668013864119747,-0.024305148804628158,5.280791759490967
8978432,3904.0409938490047,0.16750219018544,0.614062488079071,0.021706810612172944,0.019701845052081834,0.016280107959129708,333,480.1502051957358,48.0,41.25,0.0045166015625,1.5210171937942505,0.005068052039129967,-0.021839451913713046,4.0152482986450195
8986624,3912.672310797003,0.15160054966269268,0.5796265006065369,,,,,,,,0.0037841796875,1.4948089122772217,0.0052783155878333154,-0.022748283225181118,7.2238030433654785
8994816,3919.069826952,0.14356024041564205,0.5881714224815369,,,,,,,,0.002685546875,1.5927188396453857,0.0024457823930966738,-0.023000093157878515,5.717183589935303
9003008,3927.1451624550027,0.15623007053618154,0.583117663860321,,,,,,,,0.00390625,1.4195563793182373,0.0031421580948961525,-0.02430824139309073,6.661698818206787
9011200,3934.318220566005,0.11001413582864693,0.5489868521690369,,,,,,,,0.0029296875,1.4915943145751953,0.005924700409409844,-0.030857371837434363,8.068354606628418
9019392,3940.6620850559993,0.21442447732034645,0.6310058832168579,,,,,,,,0.0037841796875,1.5302895307540894,0.005825520348752611,-0.012026472063092552,5.6853413581848145
9027584,3948.2986041490003,0.17389764579559727,0.61334228515625,,,,,,,,0.0030517578125,1.4495713710784912,0.00654577351295671,-0.016966576653253667,5.956897258758545
9035776,3954.7539649750033,0.14669336511250994,0.598437488079071,,,,,,,,0.0030517578125,1.5371216535568237,0.005668500647875607,-0.029910999679719042,4.9727911949157715
9043968,3960.9399665360033,0.12877512840221916,0.5501708984375,0.013836459155357805,0.01256951171015297,0.010377344366518382,333,515.4536403865612,43.800000000000004,22.650000000000002,0.004150390625,1.5283203125,0.005164072722571467,-0.017244743521429108,7.641286373138428
9052160,3969.472876551001,0.14224177689237646,0.5802856683731079,,,,,,,,0.0032958984375,1.533538818359375,0.005655619003095413,-0.022683538418015622,6.703426361083984
9060352,3976.964351636001,0.16462031419178214,0.5975341796875,,,,,,,,0.00341796875,1.5322215557098389,0.005187933021271185,-0.02596213216619835,5.233102321624756
9068544,3983.6153193530045,0.12346191073801951,0.5585571527481079,,,,,,,,0.0029296875,1.4068140983581543,0.006478317941847278,-0.02755793585021442,7.103446960449219
9076736,3990.035770237002,0.18751163550157413,0.622302234172821,,,,,,,,0.0030517578125,1.4623994827270508,0.005368180204968542,-0.022867681467980613,5.168123722076416
9084928,3996.715232927003,0.19099445641067356,0.596911609172821,,,,,,,,0.0045166015625,1.5237126350402832,0.0035040451823853402,-0.018597045352571673,6.0024003982543945
9093120,4003.4074643999993,0.11536635256919336,0.557055652141571,,,,,,,,0.0029296875,1.5031638145446777,0.006385364734971644,-0.033536574693512226,7.441917419433594
9101312,4010.589505419004,0.19400747872526267,0.624804675579071,,,,,,,,0.0025634765625,1.465653657913208,0.005874698410126555,-0.02193230099627295,5.469766139984131
9109504,4017.192524140999,0.14909934632600513,0.589953601360321,0.00793417668119456,0.011494062258726179,0.006128987961887766,333,542.766448675916,49.800000000000004,nan,0.004150390625,1.4510713815689087,0.006874629496712248,-0.012828268763122444,5.9917311668396
9117696,4025.5356456630034,0.13478760151135774,0.571667492389679,,,,,,,,0.003662109375,1.5139613151550293,0.004222192074703868,-0.025851245510581624,6.463554382324219
9125888,4032.357147460003,0.11702335257938322,0.555908203125,,,,,,,,0.00244140625,1.5098962783813477,0.0025927838597654684,-0.02609159637086387,7.475586891174316
9134080,4040.1510706680056,0.1205348219536633,0.561535656452179,,,,,,,,0.003173828125,1.4549764394760132,0.0025531342274253133,-0.029483397321123206,8.416336059570312
9142272,4046.5929052800057,0.17520161784347305,0.61431884765625,,,,,,,,0.0030517578125,1.488601803779602,0.005223159387466092,-0.02004084452322997,5.7529296875
9150464,4053.6226098090046,0.1412955581994114,0.5806030631065369,,,,,,,,0.00390625,1.488832950592041,0.0058394766744205295,-0.023489719581603143,6.546374797821045
9158656,4059.892831918005,0.2170370492471152,0.64398193359375,,,,,,,,0.0030517578125,1.4973593950271606,0.006103151544339047,-0.003500542774404486,4.924550533294678
9166848,4067.077468799005,0.1759258397990943,0.583728015422821,,,,,,,,0.003662109375,1.5779601335525513,0.005149349135882053,-0.024381593411559183,6.295068740844727
9175040,4074.0674362770005,0.1508165532089578,0.5946044921875,0.015764799132686802,0.017552157318348804,0.01239151475494793,333,501.67073738817066,48.900000000000006,nan,0.0032958984375,1.4560596942901611,0.005985450026482986,-0.023556420973460588,5.804494380950928
9183232,4081.7944102690017,0.1863495112761891,0.619616687297821,,,,,,,,0.0035400390625,1.4651979207992554,0.005227124055722232,-0.015074926535802047,5.461385250091553
9191424,4088.5367974580004,0.13157415750149704,0.574938952922821,,,,,,,,0.003662109375,1.4967716932296753,0.0063500443506465665,-0.02393461825285463,6.1363115310668945
9199616,4094.5656306900055,0.15021466778267809,0.610583484172821,,,,,,,,0.0029296875,1.4144909381866455,0.007609422191787063,-0.02339218893570886,5.813912391662598
9207808,4101.393537579999,0.18267281682081363,0.552978515625,,,,,,,,0.002685546875,1.4888428449630737,0.0057444186612841674,-0.023784037414024402,8.672800064086914
9216000,4106.984005877006,0.1863457634129559,0.575122058391571,,,,,,,,0.0045166015625,1.438574194908142,0.004893282844027902,-0.021916232056881903,8.559260368347168
9224192,4113.612084013999,0.1882308545904504,0.640490710735321,,,,,,,,0.0028076171875,1.433071255683899,0.003945166397264055,-0.015347678575751042,4.890197277069092
9232384,4119.580587844001,0.16759977127556558,0.605639636516571,,,,,,,,0.00244140625,1.4932126998901367,0.0065185494053826565,-0.025862037243985433,4.563231468200684
9240576,4125.573261616999,0.17257903907094221,0.60888671875,0.017830723601902743,0.016401368347586542,0.01468053985118567,333,484.96752354303453,28.650000000000002,nan,0.00439453125,1.4769028425216675,0.007168660491351897,-0.016311906118536626,4.733874797821045
9248768,4132.840228578003,0.13505044813123726,0.5864014029502869,,,,,,,,0.0025634765625,1.4844650030136108,0.004647419086419413,-0.02361872551949657,5.104414463043213
9256960,4138.723124537006,0.16382955189026616,0.6177124381065369,,,,,,,,0.003173828125,1.4920125007629395,0.004563702986407181,-0.022085055643418297,3.6000335216522217
9265152,4144.702041545999,0.13755366443275813,0.567456066608429,,,,,,,,0.0040283203125,1.4865972995758057,0.005256246572920897,-0.02017068189251268,6.7903900146484375
9273344,4150.251302470002,0.1561455803023232,0.608691394329071,,,,,,,,0.00244140625,1.5191973447799683,0.004368065856225178,-0.024712205305420183,4.737928867340088
9281536,4155.762696434002,0.1719454058092943,0.622937023639679,,,,,,,,0.0032958984375,1.4928420782089233,0.005768427000112264,-0.018849058549935058,4.1784987449646
9289728,4161.134315178999,0.17359568895581545,0.5796265006065369,,,,,,,,0.0037841796875,1.471684217453003,0.007086693881248163,-0.01949724635753275,4.800248146057129
9297920,4167.267748204002,0.13715441683424656,0.5882202386856079,,,,,,,,0.0029296875,1.5518611669540405,0.006276445609667336,-0.025003000452133207,4.711960315704346
9306112,4173.275390442002,0.1452101216913504,0.571972668170929,0.014439621542294945,0.013456988179978091,0.010829716156721236,333,518.0980366293461,37.35,34.35,0.00390625,1.4743192195892334,0.006329521750538802,-0.026485130386840097,5.11095666885376
9314304,4180.179543847,0.12527380855486867,0.559399425983429,,,,,,,,0.0029296875,1.5260263681411743,0.006478182916459185,-0.02632807118709333,7.006169319152832
9322496,4186.051951186004,0.138469447358778,0.5859131217002869,,,,,,,,0.00390625,1.5191112756729126,0.006212377659255863,-0.02755299396040869,6.023646831512451
9330688,4191.614569152,0.16329723781362993,0.6077880859375,,,,,,,,0.0032958984375,1.382145881652832,0.005698273570471035,-0.02001360698688244,5.265849590301514
9338880,4197.136348638,0.16705398382595352,0.614086925983429,,,,,,,,0.0023193359375,1.5318057537078857,0.004527968356717205,-0.02564840016388388,4.717772006988525
9347072,4202.8193039270045,0.14868186955274093,0.597424328327179,,,,,,,,0.0042724609375,1.4754220247268677,0.005297343098234597,-0.020261773596841566,4.822595596313477
9355264,4208.826922750006,0.12764890937937642,0.576708972454071,,,,,,,,0.003173828125,1.4699174165725708,0.005662196383727114,-0.031015262891093933,5.2852044105529785
9363456,4214.867179833003,0.16557470872974492,0.6131591796875,,,,,,,,0.002685546875,1.5587422847747803,0.004120823350189817,-0.02547654642965166,4.077910900115967
9371648,4220.705035889005,0.13430488952152872,0.584338366985321,0.014466532850358371,0.012470842569984542,0.01209611796553367,287,410.83401122342576,38.7,nan,0.003662109375,1.4670238494873047,0.0027932388209561676,-0.021900829097979194,4.684671878814697
9379840,4227.815026557,0.11814686957866796,0.553540050983429,,,,,,,,0.00244140625,1.5257923603057861,0.005598843489454608,-0.02863202816940268,6.182476997375488
9388032,4233.587451550004,0.16099973067112025,0.57666015625,,,,,,,,0.003662109375,1.5547611713409424,0.005090049202562286,-0.021397987810786157,5.871705532073975
9396224,4239.415452973,0.13190854212019318,0.57574462890625,,,,,,,,0.004150390625,1.4687995910644531,0.0061882000698338935,-0.025380703018940767,6.963898658752441
9404416,4245.246935093004,0.1672847942294353,0.613842785358429,,,,,,,,0.001708984375,1.5276658535003662,0.0059361729124661755,-0.02278548993714477,5.118565082550049
9412608,4250.793189456002,0.14007663245637367,0.587207019329071,,,,,,,,0.004638671875,1.4924440383911133,0.005962400514383015,-0.024805307396459416,5.456724643707275
9420800,4256.618331546,0.16112842123571897,0.6086059808731079,,,,,,,,0.0032958984375,1.4662508964538574,0.004777353552985919,-0.017746094280393702,5.6802215576171875
9428992,4262.367763574999,0.1655361125711195,0.6143555045127869,,,,,,,,0.0028076171875,1.5482971668243408,0.006635741870383405,-0.026908664479694002,4.777116298675537
9437184,4268.300839629002,0.14552873475712108,0.596179187297821,0.013837391092425766,0.012007381079672919,0.01050589331471663,333,508.54659110677477,48.45,nan,0.00341796875,1.480708122253418,0.005995977295064514,-0.025741419355218887,4.543626308441162
9445376,4274.893559647004,0.16882554107202952,0.5780029296875,,,,,,,,0.003173828125,1.5102219581604004,0.0050217229631230875,-0.0228924697041279,6.549018383026123
9453568,4280.297778938002,0.1747684215340186,0.607678234577179,,,,,,,,0.0029296875,1.4903923273086548,0.007676049422030262,-0.02689214898398852,4.49260139465332
9461760,4286.114442472004,0.13139804968830673,0.5642334222793579,,,,,,,,0.0037841796875,1.4444293975830078,0.007217382424507535,-0.02646947857797463,6.327939510345459
9469952,4292.531733816999,0.12357004455969814,0.544299304485321,,,,,,,,0.0032958984375,1.5009604692459106,0.006777211190945653,-0.029623580797555282,7.488830089569092
9478144,4298.228457915,0.20381782934443568,0.621508777141571,,,,,,,,0.003662109375,1.4658914804458618,0.006058299689694735,-0.014320394028382217,5.760974407196045
9486336,4304.231205772005,0.11644509641311257,0.5593628287315369,,,,,,,,0.00341796875,1.4270365238189697,0.006019932731615385,-0.024944794361772715,7.512925624847412
9494528,4310.156215101,0.20150764471772661,0.638867199420929,,,,,,,,0.002685546875,1.4531561136245728,0.005982308453708951,-0.022634601368750652,3.774876356124878
9502720,4315.846874051,0.1687819809885212,0.6167846918106079,0.012351479783861752,0.012332372874743314,0.009269107479242922,333,520.1705855435719,49.800000000000004,48.150000000000006,0.0037841796875,1.4481050968170166,0.008486372582932944,-0.015414806866156296,4.347080230712891
9510912,4323.358820504,0.12479852928636703,0.55596923828125,,,,,,,,0.002685546875,1.5035275220870972,0.007259880805458696,-0.028151585685218573,6.6460466384887695
9519104,4328.678275211001,0.18238737390746032,0.602673351764679,,,,,,,,0.00341796875,1.4560248851776123,0.005499088575153577,-0.022490445290209358,6.038026332855225
9527296,4334.670044797,0.12374718936099689,0.5604614615440369,,,,,,,,0.00341796875,1.3875547647476196,0.005299994443461409,-0.028403540933385353,8.498580932617188
9535488,4340.821203814005,0.17504227882339185,0.624035656452179,,,,,,,,0.002685546875,1.4104231595993042,0.005391308751386159,-0.02367873225763984,4.708486080169678
9543680,4346.2600813280005,0.14206721787642582,0.5845093131065369,,,,,,,,0.0035400390625,1.4307111501693726,0.006279011916131116,-0.023418503108997592,7.072902679443359
9551872,4352.030151219005,0.1440572122659657,0.587390124797821,,,,,,,,0.0029296875,1.4832749366760254,0.005585351261947702,-0.024648042602645647,6.724768161773682
9560064,4357.814041829006,0.23673224476045462,0.6324707269668579,,,,,,,,0.00341796875,1.4363913536071777,0.006031364483888968,-0.01280910654220002,6.089794635772705
9568256,4363.580977846999,0.16282861792046283,0.611743152141571,0.013983425529102367,0.013274054747764108,0.01065247419386095,333,512.4142374399646,46.5,nan,0.0035400390625,1.4499512910842896,0.005610858826459841,-0.023041548439168183,5.374047756195068
9576448,4370.630026582003,0.13859556011538185,0.591796875,,,,,,,,0.00341796875,1.4929298162460327,0.005377443765784862,-0.02409353212134201,6.407754421234131
9584640,4376.577521105006,0.1586301016142535,0.6119018793106079,,,,,,,,0.0035400390625,1.5148968696594238,0.005521447504386989,-0.01808158656263174,5.641317844390869
9592832,4382.456292344999,0.15287756368687197,0.5959106683731079,,,,,,,,0.0030517578125,1.505462408065796,0.0052168120083598835,-0.026759436401771582,5.322929859161377
9601024,4388.243701485,0.17937147242458717,0.5862793326377869,,,,,,,,0.0029296875,1.4465752840042114,0.004389895686088607,-0.02383468327148369,6.131494045257568
9609216,4394.002379151003,0.1425067069340369,0.57586669921875,,,,,,,,0.003662109375,1.4883853197097778,0.004584156817704521,-0.01960823103553154,6.699089050292969
9617408,4399.850639933,0.15443696062970239,0.5794311761856079,,,,,,,,0.0035400390625,1.511171817779541,0.0057358737428814255,-0.021333180879262215,6.8475494384765625
9625600,4405.546796906005,0.16204442643986905,0.610363781452179,,,,,,,,0.0032958984375,1.4784680604934692,0.00508252972447043,-0.02027971459422171,6.030086040496826
9633792,4410.937744082003,0.20282065918950054,0.629870593547821,0.008266659861541292,0.008933168122590152,0.006598905434448854,333,528.3074592421735,49.800000000000004,nan,0.0028076171875,1.4683105945587158,0.005544432658267984,-0.009975158637769616,5.570710182189941
9641984,4418.180287982999,0.1376212191926882,0.5931152701377869,,,,,,,,0.0037841796875,1.4321798086166382,0.005268605060704368,-0.020799283354683944,6.3368330001831055
9650176,4424.161609946001,0.14903965075223705,0.57672119140625,,,,,,,,0.0032958984375,1.4861291646957397,0.005267589154071217,-0.022610745053659134,7.050450325012207
9658368,4429.361712094003,0.17252138549254728,0.6284546256065369,,,,,,,,0.0029296875,1.4781911373138428,0.005534494239057386,-0.02361108183201705,4.178657531738281
9666560,4434.885996066005,0.16462327642550886,0.612170398235321,,,,,,,,0.0032958984375,1.492228627204895,0.0055591993624144465,-0.0220643258879134,5.211942672729492
9674752,4440.251639546004,0.17200383490576787,0.6160644888877869,,,,,,,,0.0029296875,1.5001873970031738,0.005069791921913702,-0.020542293510436994,4.51542854309082
9682944,4445.083764985,0.16321807744202205,0.596630871295929,,,,,,,,0.0037841796875,1.5088435411453247,0.005779380985936999,-0.019904248711112404,4.741692066192627
9691136,4450.877185776,0.15500036370583448,0.6046997308731079,,,,,,,,0.0029296875,1.475143313407898,0.005483774367495697,-0.028692567285009275,4.8293867111206055
9699328,4456.875829324999,0.15483500097947012,0.601879894733429,0.012733541570582374,0.010468093461394101,0.009790695403068095,333,522.4384866693564,35.550000000000004,45.75,0.0037841796875,1.4816633462905884,0.007072152658182507,-0.024807114196491075,4.616184234619141
9707520,4464.262033702005,0.12899546663601283,0.578417956829071,,,,,,,,0.0028076171875,1.3930736780166626,0.00717205600692572,-0.02829746122797058,4.96179723739624
9715712,4470.513466280005,0.13543776472841204,0.560742199420929,,,,,,,,0.0028076171875,1.485732913017273,0.005517577408163832,-0.0250324289556505,6.139428615570068
9723904,4476.448008300002,0.16658691692118308,0.600207507610321,,,,,,,,0.003662109375,1.4012832641601562,0.004902709835072683,-0.025899458577246584,5.484853267669678
9732096,4481.8924740670045,0.13662233785041544,0.58709716796875,,,,,,,,0.002685546875,1.4273561239242554,0.008785754212872532,-0.025819269568894545,6.011112689971924
9740288,4487.333054048999,0.14015272577875543,0.5723510980606079,,,,,,,,0.0037841796875,1.432715892791748,0.006203929515378626,-0.025712448138894863,6.979933261871338
9748480,4492.899040895005,0.19185151116573917,0.584057629108429,,,,,,,,0.003173828125,1.3742419481277466,0.0056073099684217365,-0.012690720939777633,7.525554180145264
9756672,4499.299944545004,0.16213179523006782,0.6152588129043579,,,,,,,,0.0029296875,1.4590016603469849,0.006687685329165083,-0.02451070163583742,4.579132080078125
9764864,4505.375274695005,0.1641311158787578,0.605603039264679,0.01964037532880092,0.016129762280892024,0.014819880579905131,333,488.04540231749553,49.35,nan,0.0032958984375,1.494133710861206,0.005417943915547063,-0.014677694681144833,5.506565093994141
9773056,4512.8034590700045,0.1315217640012837,0.577832043170929,,,,,,,,0.0035400390625,1.4703142642974854,0.005471965193600825,-0.028317956341587954,6.027425289154053
9781248,4518.595921445005,0.18464522101935787,0.62310791015625,,,,,,,,0.003173828125,1.5135276317596436,0.005273477440975505,-0.018815423643466694,5.071913719177246
9789440,4524.440268745006,0.14956498331002507,0.605419933795929,,,,,,,,0.003662109375,1.4583401679992676,0.00581165489573332,-0.025406803766647258,5.744236469268799
9797632,4529.950875000999,0.1660573581688165,0.614245593547821,,,,,,,,0.002685546875,1.477522611618042,0.005665552626603398,-0.02181873733198872,5.823661804199219
9805824,4536.1711163,0.155319389483163,0.6099487543106079,,,,,,,,0.0032958984375,1.500362515449524,0.0033205157235127736,-0.02288605672533564,4.989991664886475
9814016,4543.2073490309995,0.15158371758326283,0.576428234577179,,,,,,,,0.004638671875,1.5213419198989868,0.0032726371201878823,-0.0203570449338831,6.684140205383301
9822208,4549.210764408002,0.14616393796526553,0.5794677734375,,,,,,,,0.003173828125,1.531124234199524,0.004645121640367567,-0.023350526715612024,6.971301555633545
9830400,4556.003030396001,0.13165105312346378,0.5830444693565369,0.01805417002638754,0.01552745139742917,0.013540627519790682,333,483.9801205385245,45.150000000000006,35.4,0.003173828125,1.53790283203125,0.005286163265771915,-0.026042266328096655,6.26387357711792
9838592,4563.649418230001,0.15145182558283463,0.599682629108429,,,,,,,,0.0037841796875,1.5032882690429688,0.005625839050954928,-0.016904355540017152,6.339258193969727
9846784,4570.181273265,0.16689305557411666,0.6120849847793579,,,,,,,,0.0030517578125,1.516680359840393,0.0059034627058321965,-0.015034888097201049,5.881612300872803
9854976,4575.947673237999,0.1644266176275497,0.6188721060752869,,,,,,,,0.003662109375,1.4802509546279907,0.004932494549279243,-0.026219595742353687,4.555458068847656
9863168,4581.5455197010015,0.16585450268841898,0.6079956293106079,,,,,,,,0.0029296875,1.4771997928619385,0.004909999535375076,-0.024654129592000106,5.2581071853637695
9871360,4587.288568570999,0.14703532710178682,0.6043457388877869,,,,,,,,0.0028076171875,1.4727442264556885,0.00868673557943933,-0.029265641487012318,4.502427577972412
9879552,4593.423963071,0.2509437773515277,0.613391101360321,,,,,,,,0.0040283203125,1.4491713047027588,0.004341655140692291,-0.01518621530429974,5.741563320159912
9887744,4599.726159821999,0.16756312047804234,0.6240478754043579,,,,,,,,0.003173828125,1.5158952474594116,0.004304067126881028,-0.01992201941221365,4.671708583831787
9895936,4605.5667249260005,0.1487887446056657,0.600268542766571,0.01754746894577619,0.016187958731929353,0.013160601709332198,333,493.03340782103817,38.550000000000004,30.75,0.003173828125,1.5158191919326782,0.005907951939391198,-0.025271452581173273,5.129125118255615
9904128,4613.267415844006,0.14384706390743282,0.5921264886856079,,,,,,,,0.003173828125,1.481195330619812,0.005272245823187638,-0.02576835431945867,5.261353969573975
9912320,4618.242704210003,0.17531172256644798,0.627697765827179,,,,,,,,0.0029296875,1.470369815826416,0.00470571537213027,-0.021663575896141637,4.016397953033447
9920512,4624.176895769,0.1579959982777535,0.5981079339981079,,,,,,,,0.0040283203125,1.5013773441314697,0.005293784195190332,-0.02773773699995201,4.982411861419678
9928704,4629.7490639000025,0.15440595439816063,0.5956177115440369,,,,,,,,0.0032958984375,1.5428178310394287,0.00583206766682709,-0.023306963792100215,4.727395057678223
9936896,4635.498395306,0.1508295729072253,0.6106811761856079,,,,,,,,0.002685546875,1.4988125562667847,0.0054713615984618436,-0.02866214685458144,4.189723491668701
9945088,4641.710039919002,0.15438420071096925,0.593249499797821,,,,,,,,0.003173828125,1.491288661956787,0.004508180560878761,-0.025683049772331157,5.131790637969971
9953280,4647.679335770001,0.1651042193812524,0.60137939453125,,,,,,,,0.003662109375,1.4725160598754883,0.004788625100845434,-0.021277032806226653,4.917300701141357
9961472,4653.891193233001,0.1479225557267596,0.5918335318565369,0.013115468227292149,0.010514754953741212,0.009864437897783684,333,513.8087477680933,45.6,47.1,0.0029296875,1.49862539768219,0.005183770409116328,-0.024692403514696013,4.519710063934326
9969664,4661.535929928999,0.1754522225836892,0.633166491985321,,,,,,,,0.0028076171875,1.5232328176498413,0.004785501821440219,-0.01791162558879063,3.4975128173828125
9977856,4667.453053457,0.13083724069986857,0.57281494140625,,,,,,,,0.0030517578125,1.511946678161621,0.004622648133540852,-0.029419401682481635,5.0690016746521
9986048,4673.068087189,0.10401781680574143,0.536791980266571,,,,,,,,0.0037841796875,1.5226166248321533,0.004808477417392543,-0.029434529042578483,7.146396160125732
9994240,4678.647801543004,0.1391701646693981,0.581591784954071,,,,,,,,0.00341796875,1.5164899826049805,0.005844419302885595,-0.0243267226110584,5.917311191558838
10002432,4684.680663538005,0.1903642860392878,0.6031128168106079,,,,,,,,0.0030517578125,1.5693702697753906,0.00453783483951975,-0.021556514008904803,5.407468318939209
10010624,4690.656211106005,0.15752644514598108,0.59478759765625,,,,,,,,0.003662109375,1.5036379098892212,0.0025515822644280872,-0.021518681604211318,6.315814971923828
10018816,4696.552252898,0.14105215559621387,0.5951782464981079,,,,,,,,0.0025634765625,1.4962034225463867,0.003336564489735183,-0.030415815750851734,6.0230326652526855
10027008,4703.030103766003,0.15163205736156166,0.6015259027481079,0.010642179671902507,0.010541553231231737,0.008003064513293134,333,526.3691328722562,48.150000000000006,nan,0.0037841796875,1.5733064413070679,0.002642271787347772,-0.017780770284659398,4.734532356262207
10035200,4710.58239761,0.1632564547006495,0.6076416373252869,,,,,,,,0.0035400390625,1.523763656616211,0.0022869153124310815,-0.013466412966175224,5.119052410125732
10043392,4716.448758519,0.15863002467160559,0.6004272699356079,,,,,,,,0.002685546875,1.5892901420593262,0.003149938591139545,-0.024539550180557822,5.6068596839904785
10051584,4722.160962761001,0.15246670435819232,0.5794922113418579,,,,,,,,0.0035400390625,1.5061367750167847,0.0031833016185398577,-0.021787582655755113,6.409001350402832
10059776,4727.690999972001,0.1366395810924872,0.579907238483429,,,,,,,,0.00390625,1.5124183893203735,0.005406784216204108,-0.027936253708708083,6.332069396972656
10067968,4733.731752505999,0.1753480550967106,0.622753918170929,,,,,,,,0.0025634765625,1.535686731338501,0.004879766003210828,-0.020149491659038482,4.335267543792725
10076160,4739.725671224005,0.1773337692119222,0.6223388910293579,,,,,,,,0.00341796875,1.5037307739257812,0.004008202179955012,-0.02159295021874787,4.484705448150635
10084352,4746.2055883280045,0.19987747317521384,0.6092773675918579,,,,,,,,0.0030517578125,1.5615848302841187,0.0031249299718780765,-0.011718372820454515,4.6085052490234375
10092544,4752.021253258004,0.14395892461722398,0.603808581829071,0.008046396309633108,0.006639878833016533,0.006037601922463165,333,543.882387751009,43.95,43.5,0.0028076171875,1.5295672416687012,0.004494366658102322,-0.026712611869576255,4.161358833312988
10100736,4759.292131127004,0.13966032633400446,0.5677856802940369,,,,,,,,0.00341796875,1.5100173950195312,0.004065533417994649,-0.024919772847935708,5.620301723480225
10108928,4764.797487627002,0.14200441258422924,0.592236340045929,,,,,,,,0.0030517578125,1.552583932876587,0.004676118946771446,-0.025069618411986478,4.743824005126953
10117120,4770.339660593003,0.15315875573481216,0.60211181640625,,,,,,,,0.003662109375,1.5175724029541016,0.0035911101586645344,-0.023444977641101213,3.7662601470947266
10125312,4776.6222106050045,0.1366417246148124,0.559826672077179,,,,,,,,0.0030517578125,1.5321769714355469,0.0047545296480489,-0.022448551316775686,6.082891941070557
10133504,4782.4672697190035,0.191248483545983,0.61517333984375,,,,,,,,0.003662109375,1.5586923360824585,0.004417355072345308,-0.013138000393650241,3.711170196533203
10141696,4787.892097823002,0.12713659399062266,0.5567871332168579,,,,,,,,0.0029296875,1.4969767332077026,0.004976279524885774,-0.02591428696661968,6.722302436828613
10149888,4792.858900261002,0.14829011196587008,0.597668468952179,,,,,,,,0.0030517578125,1.5771679878234863,0.003598888534989131,-0.022299588503191897,5.186140060424805
10158080,4798.592101207003,0.14281848740278894,0.5889038443565369,0.01822223196737638,0.017423405373706013,0.013817284775851313,333,490.98874607619393,48.900000000000006,nan,0.003662109375,1.5149959325790405,0.0036782286027515765,-0.0268932240628205,5.005396366119385
10166272,4806.552489936999,0.13288461180194647,0.58392333984375,,,,,,,,0.003173828125,1.4992809295654297,0.0035856022595232018,-0.02336693850671677,5.120290279388428
10174464,4812.1367958830015,0.1555096883248227,0.5904175043106079,,,,,,,,0.0032958984375,1.540751338005066,0.003675493132013097,-0.018837502895741782,5.172879695892334
10182656,4817.660430640004,0.1600181937797581,0.603588879108429,,,,,,,,0.003662109375,1.4887325763702393,0.0052450269751538325,-0.02363218917458433,4.680755138397217
10190848,4823.615762708003,0.15191528784712835,0.597607433795929,,,,,,,,0.00244140625,1.5497121810913086,0.0032560120216853505,-0.02123621825290721,4.450531959533691
10199040,4829.656155159006,0.25086868728373773,0.581530749797821,,,,,,,,0.0035400390625,1.5255002975463867,0.0029791006369359607,-0.012096965940936143,7.389207363128662
10207232,4835.949794988002,0.1507090044261572,0.6026245355606079,,,,,,,,0.0030517578125,1.4789918661117554,0.006729652015123544,-0.027886485342502154,5.219810485839844
10215424,4841.8392445360005,0.18829126021704848,0.638903796672821,,,,,,,,0.0030517578125,1.4823827743530273,0.006645832773587768,-0.01694103121941496,3.523157835006714
10223616,4847.457091827004,0.1256560995555736,0.579028308391571,0.016031026255377778,0.01953145438651993,0.01628379843815031,123,124.69311710312118,18.3,nan,0.00390625,1.5145437717437744,0.006079593932704963,-0.027396737037795972,4.8417582511901855
10231808,4854.161201091003,0.14499603364277422,0.5952392816543579,,,,,,,,0.0029296875,1.5256671905517578,0.004624768060053852,-0.021693838876636215,4.7594218254089355
10240000,4858.938207397005,0.1279029243726309,0.55419921875,,,,,,,,0.003173828125,1.5769497156143188,0.004236764065763232,-0.03377872434842984,6.045247554779053
10248192,4864.026783004003,0.12420181903806515,0.5785278677940369,,,,,,,,0.0035400390625,1.4980173110961914,0.005192652059723968,-0.02816291332561785,5.67212438583374
10256384,4868.929845814004,0.15076551481327197,0.564282238483429,,,,,,,,0.0029296875,1.5525106191635132,0.003171903318482383,-0.026394151754076934,7.030894756317139
10264576,4873.669796159003,0.13631847920284276,0.572644054889679,,,,,,,,0.00390625,1.5850516557693481,0.0027010216598613024,-0.021361344608194072,7.016179084777832
10272768,4878.640965193001,0.15351667065852623,0.588452160358429,,,,,,,,0.00341796875,1.505981683731079,0.006279556247635321,-0.017112473600610644,5.74011754989624
10280960,4883.577015755,0.17576214557895203,0.6145386099815369,,,,,,,,0.003662109375,1.6161388158798218,0.004340748100165603,-0.012657436539625814,5.2188239097595215
10289152,4888.341072080002,0.14003391174789717,0.5876709222793579,0.0041739019414551715,0.005471702804476397,0.0037581267438835386,333,570.9828994735251,45.0,nan,0.00390625,1.521830677986145,0.0054593101497812935,-0.02156668814636925,5.835866451263428
10297344,4894.767516713,0.1473550562830627,0.584973156452179,,,,,,,,0.0029296875,1.6354361772537231,0.005052343415322236,-0.01653674886747368,7.010659217834473
10305536,4899.817508560001,0.13692534900489434,0.569775402545929,,,,,,,,0.0037841796875,1.5718529224395752,0.00447561878555558,-0.015856742582497002,7.934774875640869
10313728,4904.865933636,0.16497279633109493,0.591235339641571,,,,,,,,0.0032958984375,1.4972202777862549,0.0035538624115263318,-0.015200477877821326,7.370723247528076
10321920,4909.719984709001,0.20774631862661852,0.626220703125,,,,,,,,0.0028076171875,1.5714033842086792,0.004032236588412119,-0.01422682454099465,5.2425665855407715
10330112,4914.414648842001,0.14069506420574546,0.585888683795929,,,,,,,,0.00439453125,1.5075116157531738,0.00465769119741366,-0.015597849926721408,6.676541805267334
10338304,4919.529830943,0.1726077849496475,0.6222778558731079,,,,,,,,0.002685546875,1.5643447637557983,0.0030455784836777022,-0.019205573339805323,4.603587627410889
10346496,4924.552634801003,0.14364400517492146,0.5914306640625,,,,,,,,0.0035400390625,1.5650935173034668,0.0024200272664939293,-0.023296875840898908,5.604747295379639
10354688,4929.357898483002,0.1286456325430204,0.5557007193565369,0.04537192378893795,0.055097245691798524,0.055097245691798524,58,22.091197914899936,8.700000000000001,nan,0.0037841796875,1.5346813201904297,0.0037608768364366663,-0.018403094481750534,8.403765678405762
10362880,4935.660023501005,0.1493281773194691,0.59564208984375,,,,,,,,0.0028076171875,1.5927865505218506,0.0033651254355944182,-0.03026005018293907,5.246888637542725
10371072,4940.437083980003,0.1952038911493249,0.626782238483429,,,,,,,,0.003662109375,1.5016589164733887,0.0047659939488304826,-0.011633048356980522,5.48468542098999
10379264,4946.277623671005,0.12814697759674104,0.5654663443565369,,,,,,,,0.0028076171875,1.563761830329895,0.004411878383141721,-0.024350941235790888,7.4082183837890625
10387456,4951.996496724001,0.19475937585998404,0.625317394733429,,,,,,,,0.00341796875,1.5673232078552246,0.003977257818079227,-0.021741670968089263,3.9605491161346436
10395648,4957.763909305002,0.12109511308662363,0.556042492389679,,,,,,,,0.0042724609375,1.5797630548477173,0.0032377938437272435,-0.02312291714806603,8.514331817626953
10403840,4963.862483795005,0.17838944592504252,0.613354504108429,,,,,,,,0.001953125,1.5762357711791992,0.0039925969393717065,-0.020782916331817967,4.716176509857178
10412032,4969.751865550999,0.1840014179193479,0.612866222858429,,,,,,,,0.0037841796875,1.5555766820907593,0.004682753964279529,-0.009867112619055424,5.1335272789001465
10420224,4975.615617005002,0.15112846050175768,0.600903332233429,0.009078629371385483,0.012500639584982043,0.006988282090050202,333,543.942096850422,40.2,48.300000000000004,0.0032958984375,1.5139960050582886,0.004555282443388431,-0.025569089228041877,4.376431941986084
10428416,4983.164539231999,0.14645107093830145,0.5865845084190369,,,,,,,,0.0028076171875,1.5934338569641113,0.004137051224780253,-0.02428023724138221,6.035100936889648
10436608,4989.045569721005,0.17215916881450538,0.6108032464981079,,,,,,,,0.003662109375,1.5168132781982422,0.002583765982186903,-0.017610962005120752,5.071409702301025
10444800,4994.750057978003,0.14920856295637905,0.6020264029502869,,,,,,,,0.002685546875,1.5276583433151245,0.004664412342829327,-0.027922052271462074,4.785290718078613
10452992,5000.652160801001,0.13416519227120335,0.5787597894668579,,,,,,,,0.0037841796875,1.5708448886871338,0.004390973234369766,-0.020308485528743113,5.719094753265381
10461184,5006.909187393001,0.13322702618839008,0.5652099847793579,,,,,,,,0.003662109375,1.5178545713424683,0.005609502929804,-0.026791904319779927,6.61166524887085
10469376,5013.019843330003,0.15707160981418783,0.591442883014679,,,,,,,,0.0030517578125,1.584872841835022,0.00555081564998372,-0.025651425124185653,5.759027481079102
10477568,5018.851482656006,0.19701440877520515,0.5652222037315369,,,,,,,,0.00341796875,1.5360987186431885,0.004906413526111875,-0.01902276603436385,7.660775661468506
10485760,5024.620063873001,0.11857790614569837,0.5572143793106079,0.00934670567202256,0.008723917146961857,0.0070309745579666405,333,545.097246772935,45.45,44.85,0.0028076171875,1.493545651435852,0.004410425352081027,-0.027150257298814803,8.462214469909668
10493952,5032.090751253003,0.1774294270124802,0.5931152701377869,,,,,,,,0.003662109375,1.5559988021850586,0.0047432506570042055,-0.018162412002424213,6.562475681304932
10502144,5037.701458372001,0.14192416248785472,0.5698608756065369,,,,,,,,0.0040283203125,1.4827022552490234,0.00562243140669394,-0.023855854204473836,8.16716194152832
10510336,5043.413471330001,0.1747609877827384,0.593676745891571,,,,,,,,0.00341796875,1.5435343980789185,0.005385029243761608,-0.019432337015776593,8.214999198913574
10518528,5049.571683836999,0.30868330476395345,0.663500964641571,,,,,,,,0.003173828125,1.507646083831787,0.004664327249945477,0.011471756962235843,5.437727451324463
10526720,5054.72203035,0.1684101381691215,0.6151489615440369,,,,,,,,0.00341796875,1.5125129222869873,0.004076723231986379,-0.012354350570906836,5.469366550445557
10534912,5060.095864529001,0.12818547917333042,0.569836437702179,,,,,,,,0.0037841796875,1.5289210081100464,0.005765804200501656,-0.024896261504137054,7.48345947265625
10543104,5066.415505848003,0.15240767743975756,0.604687511920929,,,,,,,,0.0028076171875,1.4692896604537964,0.004116986438099324,-0.025123944259146033,5.20522403717041
10551296,5072.278215477003,0.17580948291640225,0.610302746295929,0.00878354032479356,0.00795356302612471,0.006661705222774206,333,539.3834098535089,48.300000000000004,nan,0.0032958984375,1.521996021270752,0.004564890278153211,-0.014809132126076013,5.953968048095703
10559488,5079.539242936,0.12136708463600054,0.56304931640625,,,,,,,,0.003662109375,1.480426549911499,0.005607412067717532,-0.026498459004942677,8.230219841003418
10567680,5085.086008960003,0.13265857171533005,0.58477783203125,,,,,,,,0.0030517578125,1.4743661880493164,0.005310787739594591,-0.027657626542433356,6.039100646972656
10575872,5091.004547611003,0.15146348894997153,0.5992798209190369,,,,,,,,0.003173828125,1.4534351825714111,0.003983764237400433,-0.025021780738147884,6.459439277648926
10584064,5097.031510136003,0.19362951411768556,0.6091675162315369,,,,,,,,0.0028076171875,1.4733327627182007,0.0036028184808208907,-0.014926602730001097,5.82308292388916
10592256,5102.7355915180015,0.14429288713365668,0.57940673828125,,,,,,,,0.003173828125,1.5146266222000122,0.005212268801760289,-0.023083312452640965,6.233071804046631
10600448,5108.784889754999,0.15656044709741043,0.608471691608429,,,,,,,,0.0035400390625,1.5362313985824585,0.005010350507960615,-0.02597712559362475,5.323373794555664
10608640,5114.885465055006,0.1397857048139131,0.5841431021690369,,,,,,,,0.0029296875,1.537535309791565,0.005627054542505894,-0.026505206084601957,5.895898342132568
10616832,5120.730876177004,0.1388435153206678,0.594226062297821,0.01409711289617277,0.010762198112425736,0.010762198112425736,333,510.3978020436357,49.95,nan,0.0028076171875,1.5307670831680298,0.005093402008847447,-0.02349187395581565,6.0333452224731445
10625024,5128.208347496002,0.17293134615885838,0.616381824016571,,,,,,,,0.0030517578125,1.4787441492080688,0.004067455028594957,-0.020271715625884673,4.876838684082031
10633216,5133.940796796,0.14821937103135194,0.5822998285293579,,,,,,,,0.003173828125,1.5389821529388428,0.004747116916213212,-0.023450610874952184,5.494155406951904
10641408,5139.617200929999,0.16278623573040846,0.61328125,,,,,,,,0.0040283203125,1.5301685333251953,0.005116047129492984,-0.019885667817854065,4.624909400939941
10649600,5145.433981020004,0.14034439066183668,0.594470202922821,,,,,,,,0.002197265625,1.5341790914535522,0.005266642408502165,-0.028473921499876077,5.124366283416748
10657792,5151.299937636999,0.14570229845397792,0.598925769329071,,,,,,,,0.003173828125,1.5448591709136963,0.003647417780153317,-0.030023027383151702,4.066005229949951
10665984,5157.3710092850015,0.15524670782574568,0.5943603515625,,,,,,,,0.00390625,1.5049123764038086,0.0038534351161554348,-0.026639113145270954,4.436889171600342
10674176,5163.582322115006,0.16520811434410598,0.6207031607627869,,,,,,,,0.00244140625,1.563475251197815,0.005707163362547396,-0.0281661722706837,3.5527350902557373
10682368,5169.827260168,0.1440881879491593,0.56097412109375,0.007908538527762854,0.013701182092588748,0.005952144340941712,333,552.4148713840183,46.650000000000006,44.85,0.00390625,1.595125675201416,0.004592970088461934,-0.0225003572297529,6.023488521575928
10690560,5177.322694542003,0.14479938164716488,0.576037585735321,,,,,,,,0.00341796875,1.5167715549468994,0.004114860071502191,-0.0244962761124999,5.315548419952393
10698752,5183.084716139005,0.1474533858968273,0.575305163860321,,,,,,,,0.002685546875,1.5779012441635132,0.00486389095004458,-0.024153938918114806,5.070410251617432
10706944,5188.705888699005,0.1626063266825768,0.6120239496231079,,,,,,,,0.0037841796875,1.514510154724121,0.004817621995498289,-0.02475308952903283,4.102429389953613
10715136,5194.553068787005,0.13360137262563684,0.578991711139679,,,,,,,,0.0029296875,1.5204944610595703,0.0035853601089264053,-0.024427559180759437,5.69484281539917
10723328,5200.179894657005,0.16720601849406955,0.610791027545929,,,,,,,,0.0032958984375,1.5293900966644287,0.003945670445904104,-0.02168839099967894,3.999723196029663
10731520,5206.0614273320025,0.1589640834438799,0.5988403558731079,,,,,,,,0.0030517578125,1.477563738822937,0.006222931696372447,-0.021095672426194506,4.628174781799316
10739712,5212.392462611002,0.165904361017983,0.617504894733429,,,,,,,,0.0029296875,1.5712178945541382,0.004592657915708731,-0.024730783054018626,3.777040958404541
10747904,5217.968756733004,0.12007889392871876,0.5671753287315369,0.011699786453848504,0.0107202882335663,0.008774839840386406,333,529.9744567350511,41.85,35.25,0.003662109375,1.5351736545562744,0.0035264401339200058,-0.025730947204651546,4.777763366699219
10756096,5224.892138567004,0.16096067868039984,0.5992798209190369,,,,,,,,0.002685546875,1.5158350467681885,0.003137978077003223,-0.029081621793785484,4.6631879806518555
10764288,5230.135513436006,0.17420630551167293,0.57012939453125,,,,,,,,0.0035400390625,1.5865590572357178,0.004645787282705038,-0.020346574552194754,4.886343479156494
10772480,5235.530991227999,0.1558297525549071,0.5972046256065369,,,,,,,,0.003662109375,1.458043098449707,0.004693259031006036,-0.01968618780712929,4.331733226776123
10780672,5241.166737623003,0.14725925475192173,0.594226062297821,,,,,,,,0.0020751953125,1.5504070520401,0.004683149049554913,-0.027579845601035536,4.304049015045166
10788864,5246.374315511006,0.12982390445517336,0.5567871332168579,,,,,,,,0.0040283203125,1.5511857271194458,0.004353552069058297,-0.023690310246233953,6.130837440490723
10797056,5251.610929774004,0.12054174160408704,0.566357433795929,,,,,,,,0.0028076171875,1.4896584749221802,0.00391582884647923,-0.027760763893068665,5.334400177001953
10805248,5257.017143130004,0.15532944052482434,0.605480968952179,,,,,,,,0.0029296875,1.5491000413894653,0.006679008206373238,-0.02273828644961843,4.072185039520264
10813440,5262.485302455003,0.11907114473234251,0.557873547077179,0.017957310073351107,0.016922741423097576,0.01389505295153981,333,490.90351638856146,48.6,nan,0.00390625,1.4782085418701172,0.0062056811575667,-0.027680985453880192,5.487040042877197
10821632,5269.819721685002,0.14575198715455726,0.5990356802940369,,,,,,,,0.002685546875,1.5194059610366821,0.0073890342759568295,-0.02804098046202971,3.8842060565948486
10829824,5275.353071149999,0.13821487815545458,0.5749145746231079,,,,,,,,0.0032958984375,1.5305955410003662,0.004609345209948823,-0.022619395461403135,5.000374794006348
10838016,5280.966503071999,0.1294439100120711,0.57781982421875,,,,,,,,0.003173828125,1.4846872091293335,0.007054079264512403,-0.023840661519548854,5.587636470794678
10846208,5286.343510637002,0.13406584913373787,0.5582275390625,,,,,,,,0.0029296875,1.5546014308929443,0.00529611150331788,-0.023493663076069368,6.735387325286865
10854400,5291.810685592005,0.16554811760514782,0.6057373285293579,,,,,,,,0.00390625,1.484596848487854,0.005264099027907143,-0.021510466240542276,5.679379463195801
10862592,5297.048066000003,0.1624134551499828,0.613513171672821,,,,,,,,0.002685546875,1.5001569986343384,0.007089038139707293,-0.019710049520616515,4.519986152648926
10870784,5302.414279845005,0.1655072296222743,0.6225219964981079,,,,,,,,0.00341796875,1.5306975841522217,0.00413317030661331,-0.018910336661491445,3.731525182723999
10878976,5307.979908875001,0.12927618005562458,0.5725952386856079,0.009048146879277796,0.007673660905459512,0.0076189874627449194,287,436.034091996773,42.6,nan,0.00390625,1.4718525409698486,0.004502084282175356,-0.024780445611125298,5.02508020401001
10887168,5314.749739507999,0.14330471621655994,0.5882934927940369,,,,,,,,0.0025634765625,1.551914095878601,0.0045659467269942855,-0.024714669012526974,4.9559807777404785
10895360,5320.089827117001,0.14205604998145277,0.59429931640625,,,,,,,,0.0032958984375,1.501798152923584,0.004601809989696615,-0.029100782097720924,4.5576019287109375
10903552,5325.669345464004,0.16537157530607033,0.6160034537315369,,,,,,,,0.0029296875,1.457674264907837,0.006847593948688502,-0.021719012669846435,4.3190131187438965
10911744,5331.175120952001,0.1762994532790396,0.6158447265625,,,,,,,,0.0029296875,1.574860692024231,0.005353003016799751,-0.01604357814526011,3.7906882762908936
10919936,5336.737096175006,0.1577910369923252,0.6077026724815369,,,,,,,,0.0037841796875,1.4846515655517578,0.0054423829006555735,-0.022540944886073434,3.7058074474334717
10928128,5342.101920367,0.1271616056647876,0.5740600824356079,,,,,,,,0.0030517578125,1.5506006479263306,0.006044842867040323,-0.02972816708217457,4.415441989898682
10936320,5347.346828837006,0.11986389270311229,0.5622192621231079,,,,,,,,0.003662109375,1.5773208141326904,0.005777856298569972,-0.02517183459633787,5.100218296051025
10944512,5352.364868986006,0.14485292192113894,0.571911633014679,0.016636073087262226,0.015584760895283156,0.012964011892019567,333,502.09460908477087,41.7,nan,0.0032958984375,1.4789212942123413,0.006026503356327595,-0.017347975032280534,5.818497657775879
10952704,5359.501287984,0.13602198641432742,0.573840320110321,,,,,,,,0.0030517578125,1.5556845664978027,0.005914904098802909,-0.0204383769895458,6.055912017822266
10960896,5365.297975664005,0.14890534629909014,0.5690551996231079,,,,,,,,0.0040283203125,1.5223829746246338,0.0059709912880958615,-0.022146793370517923,5.557091236114502
10969088,5371.028392903005,0.16729579594617977,0.6039184927940369,,,,,,,,0.002685546875,1.4921976327896118,0.0043915282872106776,-0.021025583515742075,5.310847759246826
10977280,5376.727662037003,0.15419009134345463,0.593127429485321,,,,,,,,0.0030517578125,1.537550687789917,0.006025874427147082,-0.018482037546789187,5.10854959487915
10985472,5380.957574908003,0.14154278059950395,0.5958618521690369,,,,,,,,0.004150390625,1.4684758186340332,0.00633993137703559,-0.027382532429555802,4.719004154205322
10993664,5385.870020907001,0.18601879774021826,0.601184070110321,,,,,,,,0.002197265625,1.5189671516418457,0.006774190359560617,-0.02359402985180081,4.793739318847656
11001856,5390.907689393003,0.12429372684139524,0.5632080435752869,,,,,,,,0.003662109375,1.481384515762329,0.006952222273427733,-0.026263547225783047,5.586854934692383
11010048,5396.116883353003,0.1238214707584539,0.569079577922821,0.008937160521615861,0.011030057834115148,0.006959746319949001,333,555.5533007907302,43.650000000000006,nan,0.00341796875,1.4282031059265137,0.005760608472270112,-0.02869984590804562,7.052224159240723
11018240,5402.847785607999,0.17731863777692392,0.60858154296875,,,,,,,,0.002685546875,1.547135591506958,0.004710612254764213,-0.023816266538838088,4.781396865844727
11026432,5408.561395114004,0.12065093717942661,0.5477661490440369,,,,,,,,0.00439453125,1.4962232112884521,0.004704262072265708,-0.01880474098655803,8.26954460144043
11034624,5413.814143663003,0.146443632026194,0.5940796136856079,,,,,,,,0.0028076171875,1.5249195098876953,0.005074657179635622,-0.026875896754764435,5.897337436676025
11042816,5419.310208652001,0.16233860509326478,0.596057116985321,,,,,,,,0.002685546875,1.5332926511764526,0.005807735376912815,-0.02086568801445315,5.479605674743652
11051008,5424.4497082170055,0.1381716894571381,0.58349609375,,,,,,,,0.003662109375,1.4270737171173096,0.004721278148501096,-0.024879832414076552,7.169265270233154
11059200,5429.720331048004,0.16995867882414759,0.609973132610321,,,,,,,,0.0035400390625,1.5454974174499512,0.006378589185513817,-0.021467308800906665,6.087212085723877
11067392,5434.970129195004,0.20497511398748355,0.623461902141571,,,,,,,,0.00341796875,1.4930450916290283,0.00560919328408227,-0.012706741143573702,5.640956401824951
11075584,5440.041994506006,0.20782216047206764,0.5938354730606079,0.008458532258480367,0.007384918498681725,0.006392911989401062,333,555.9352955569306,43.2,40.2,0.0029296875,1.5237771272659302,0.004880905335067798,-0.01783275372030894,7.97505521774292
11083776,5446.587606568006,0.182974167122737,0.6025390625,,,,,,,,0.003173828125,1.5215638875961304,0.0049066511572726235,-0.0179927759370871,6.970984935760498
11091968,5452.058139618006,0.17975041463375474,0.6142578125,,,,,,,,0.00390625,1.4437909126281738,0.006537959987646835,-0.02073967175438014,5.372310161590576
11100160,5457.349933650999,0.12988404615908442,0.5761963129043579,,,,,,,,0.00341796875,1.5475776195526123,0.006422361197559567,-0.025812809924242754,8.12449836730957
11108352,5462.975336690004,0.16370466766593522,0.6087646484375,,,,,,,,0.00341796875,1.5284526348114014,0.004191074172540721,-0.02287320403407214,5.325325012207031
11116544,5468.552383542999,0.18293391162861017,0.6316772699356079,,,,,,,,0.0035400390625,1.4794328212738037,0.0036737213916471223,-0.016926840578668282,4.991138458251953
11124736,5473.932848283002,0.16239280519471944,0.6184448599815369,,,,,,,,0.002685546875,1.5023261308670044,0.005066762516737988,-0.027781731765793318,4.067837238311768
11132928,5479.110195685003,0.15081503401326876,0.606201171875,,,,,,,,0.00341796875,1.525936484336853,0.004949534382629017,-0.020580985356778783,4.297913551330566
11141120,5484.077134047002,0.12284797209966203,0.5598511099815369,0.05498195709164322,0.05838997048374095,0.05838997048374095,58,21.299391209490324,8.700000000000001,nan,0.0035400390625,1.5499763488769531,0.005398868862118156,-0.02561743954024638,6.460553169250488
11149312,5490.792836259003,0.15770410052633327,0.617565929889679,,,,,,,,0.0032958984375,1.5321283340454102,0.004859114103660134,-0.02628938751898173,3.9321961402893066
11157504,5495.910821165002,0.167299034111957,0.6124634146690369,,,,,,,,0.0029296875,1.5003061294555664,0.00526789203988165,-0.024246362187851575,4.270773887634277
11165696,5501.579869339999,0.12042748880744168,0.5610107779502869,,,,,,,,0.0037841796875,1.53630530834198,0.005297859311469866,-0.031638569429741706,5.148297309875488
11173888,5506.739486843006,0.16716384157388534,0.610729992389679,,,,,,,,0.00244140625,1.5246036052703857,0.005069281343793475,-0.01834866146210122,4.173191070556641
11182080,5512.419029794,0.16791605247190414,0.61956787109375,,,,,,,,0.003173828125,1.4990251064300537,0.005308404778820219,-0.020507268333366635,3.645179033279419
11190272,5518.151418973001,0.10330772791723142,0.5361572504043579,,,,,,,,0.0040283203125,1.5733342170715332,0.004548086969679455,-0.027918912544644948,6.2425856590271
11198464,5523.326598607004,0.15697854520180973,0.6084839105606079,,,,,,,,0.002685546875,1.5254545211791992,0.006083650085008552,-0.023850050608758173,4.311788082122803
11206656,5528.535862618999,0.19279953612890222,0.614880383014679,0.01672394789728837,0.014042565105892524,0.01293905663049666,333,507.05540602111375,37.050000000000004,48.300000000000004,0.0030517578125,1.524641752243042,0.006888914320365425,-0.026044193906202898,3.8328328132629395
11214848,5536.024256469005,0.1265756410350127,0.5763794183731079,,,,,,,,0.0032958984375,1.469660997390747,0.005112273293503611,-0.02796366715174794,4.544498920440674
11223040,5541.119206224001,0.14470057848140103,0.575085461139679,,,,,,,,0.0037841796875,1.5673410892486572,0.005741217711348279,-0.017927436803877112,5.82673978805542
11231232,5545.856622019004,0.12642009021832776,0.559680163860321,,,,,,,,0.0035400390625,1.5092878341674805,0.0062400924922604295,-0.020185660928014784,6.787158489227295
11239424,5551.258743594,0.14940406095185857,0.6000732779502869,,,,,,,,0.002685546875,1.483953595161438,0.006786370542325226,-0.028076427970829078,4.6215081214904785
11247616,5556.584461538005,0.1358428367798004,0.5833496451377869,,,,,,,,0.00341796875,1.5448267459869385,0.00581834893101596,-0.025334444089894603,5.4188127517700195
11255808,5561.762272172004,0.18138184868627072,0.6244263052940369,,,,,,,,0.003662109375,1.4719762802124023,0.0052660241860649215,-0.017481152734563334,4.178799152374268
11264000,5566.872007997001,0.17490199741959234,0.622082531452179,,,,,,,,0.00244140625,1.5097423791885376,0.005018931345149857,-0.0245195549005028,4.1683878898620605
11272192,5572.205486588005,0.12579112962770364,0.5491577386856079,0.012706864420566344,0.009719586393881485,0.009530148315424758,333,529.8168863979668,46.800000000000004,42.300000000000004,0.00390625,1.5381567478179932,0.0060345662815974865,-0.025489808790504432,6.497877597808838
11280384,5579.5937531029995,0.13472059574944312,0.58660888671875,,,,,,,,0.0030517578125,1.4669936895370483,0.006614458076501739,-0.026955693342259803,5.117030620574951
11288576,5585.158029570004,0.14293826351667427,0.5782715082168579,,,,,,,,0.00341796875,1.526418685913086,0.006493060542601792,-0.023340189175576592,5.3237528800964355
11296768,5590.667215280002,0.13096433442484298,0.542773425579071,,,,,,,,0.0032958984375,1.4547901153564453,0.00562914390973579,-0.022808360413543942,7.782054424285889
11304960,5595.974060671004,0.18372480321986673,0.630297839641571,,,,,,,,0.0029296875,1.4756442308425903,0.005808899979228843,-0.018351505214672714,4.692074298858643
11313152,5601.431231505005,0.16446547688045302,0.6149658560752869,,,,,,,,0.0030517578125,1.5031421184539795,0.005263819094780464,-0.01925966741860934,4.331113338470459
11321344,5606.600311170005,0.1217183350065779,0.5506836175918579,,,,,,,,0.0030517578125,1.4707486629486084,0.0046657513213193,-0.031788878235960015,7.623565673828125
11329536,5611.868088249001,0.16684724577988772,0.6147827506065369,,,,,,,,0.0030517578125,1.5315042734146118,0.005412079127552816,-0.024555621790090378,5.305574893951416
11337728,5617.190057428001,0.1477685662553118,0.5921997427940369,0.012321975075161529,0.0171259129154524,0.009967872182594206,333,521.5915493265561,40.5,nan,0.003662109375,1.470101237297058,0.004495131617987647,-0.02215709071509049,4.744999408721924
11345920,5624.375483305004,0.169069349492731,0.597729504108429,,,,,,,,0.0029296875,1.5216704607009888,0.003611398081436734,-0.017324956820560466,4.894935131072998
11354112,5630.051529958,0.13280838909468126,0.5607666373252869,,,,,,,,0.00341796875,1.5370441675186157,0.0038632620629075465,-0.023646346985764732,7.296447277069092
11362304,5635.350158112,0.14838417932680042,0.578112781047821,,,,,,,,0.0035400390625,1.5022481679916382,0.004494120988289607,-0.0240386566083293,6.249826431274414
11370496,5640.720672711999,0.15767328647428852,0.59857177734375,,,,,,,,0.0025634765625,1.5738039016723633,0.003544698272956004,-0.025378995833243653,6.134774684906006
11378688,5646.197031283002,0.13173784651942017,0.5658813714981079,,,,,,,,0.0037841796875,1.539473533630371,0.0025626211561611267,-0.021570103830732705,8.35382080078125
11386880,5651.564038811004,0.15400537683484256,0.60443115234375,,,,,,,,0.0030517578125,1.4856250286102295,0.005245612688683732,-0.01992412082598423,7.501513957977295
11395072,5656.783791327005,0.15616081012037553,0.606201171875,,,,,,,,0.003173828125,1.5294266939163208,0.004667766146089658,-0.02157645352323361,5.289912700653076
11403264,5662.223586569002,0.1402854990293505,0.586718738079071,0.013192824381272117,0.01992700604517439,0.010125156166132854,333,528.0396274844859,32.25,38.85,0.0035400390625,1.510411024093628,0.004155015751727054,-0.02366752514952743,6.753957271575928
11411456,5669.563257253001,0.14758969436668698,0.6027466058731079,,,,,,,,0.0025634765625,1.5545637607574463,0.003991803635480795,-0.023537941965483207,5.691610336303711
11419648,5674.670666627004,0.19281047903173526,0.638354480266571,,,,,,,,0.0032958984375,1.5525178909301758,0.004296376142622904,-0.015923317380459975,4.128501892089844
11427840,5680.188195319002,0.1621793590579241,0.607373058795929,,,,,,,,0.003173828125,1.509048342704773,0.004156083513519704,-0.020921997127778362,4.098249435424805
11436032,5685.464869159005,0.17675214976003747,0.6087280511856079,,,,,,,,0.0032958984375,1.6010797023773193,0.0043175825892295405,-0.027622605751427498,4.816936016082764
11444224,5690.516817937001,0.20279871130642413,0.57672119140625,,,,,,,,0.0035400390625,1.5226088762283325,0.004438380332365766,-0.02323213430368189,7.1501970291137695
11452416,5695.618076686005,0.13395466335769843,0.565600574016571,,,,,,,,0.003173828125,1.508854866027832,0.007383240949448755,-0.027821115894582665,7.7718658447265625
11460608,5701.08368679,0.20042281716174257,0.62982177734375,,,,,,,,0.0029296875,1.4972652196884155,0.007095713779523449,-0.02144037083829191,4.336181163787842
11468800,5706.289248200999,0.1645418290525961,0.582080066204071,0.012149059100652337,0.011326395172434722,0.009111794325489253,333,526.6221739226569,46.5,43.5,0.00390625,1.535714864730835,0.005938402909442031,-0.020069451735490414,6.072040557861328
11476992,5712.588576596005,0.23007347849331847,0.6391235589981079,,,,,,,,0.0029296875,1.5260632038116455,0.005220324759951489,-0.016436695259581944,4.151009559631348
11485184,5717.705636487,0.14864813699984786,0.5535522699356079,,,,,,,,0.00341796875,1.5528370141983032,0.003561269535197309,-0.024408145819443547,7.82466459274292
11493376,5723.346333588001,0.13001032988096883,0.577771008014679,,,,,,,,0.003173828125,1.4980213642120361,0.0034027330050675486,-0.022144164006302758,7.096498012542725
11501568,5729.084064732,0.15954050310507575,0.588696300983429,,,,,,,,0.0035400390625,1.5686599016189575,0.0036848209396294074,-0.01894737298522277,7.7221221923828125
11509760,5734.649235457,0.16260842723677166,0.5869140625,,,,,,,,0.00390625,1.5529612302780151,0.004805233065318548,-0.020444583197814066,8.114652633666992
11517952,5739.9129100909995,0.1799090891512702,0.6169677972793579,,,,,,,,0.003173828125,1.5426108837127686,0.004777473183050662,-0.01455182460875226,6.573774814605713
11526144,5744.84543501,0.18469490855266768,0.616748034954071,,,,,,,,0.00341796875,1.5523357391357422,0.004575992780849969,-0.013406299333546208,5.982253551483154
11534336,5749.798280836003,0.1280464733980081,0.567309558391571,0.013023652244540163,0.011862000403306316,0.010482883134036225,333,520.214507108009,38.25,nan,0.0030517578125,1.5118035078048706,0.0036417176798564377,-0.02686726467910057,7.331414699554443
11542528,5756.988955096,0.15407271297914568,0.613024890422821,,,,,,,,0.003662109375,1.5562503337860107,0.0034364352987774627,-0.02776900926737827,5.233303070068359
11550720,5762.299338821002,0.17920048422588952,0.6317383050918579,,,,,,,,0.00244140625,1.539840817451477,0.005281361746507285,-0.022973086851285247,4.891047954559326
11558912,5767.990617252006,0.16020802041822607,0.6015625,,,,,,,,0.00341796875,1.5491857528686523,0.004239997908777049,-0.02315110597589735,5.745293617248535
11567104,5773.4941281670035,0.12653676769620878,0.5611572265625,,,,,,,,0.00341796875,1.4911466836929321,0.0053039254299738214,-0.023280224671961766,6.151443004608154
11575296,5778.321123712005,0.17273021831534272,0.62396240234375,,,,,,,,0.003173828125,1.5087782144546509,0.005678383336853665,-0.02576445117147057,4.674480438232422
11583488,5782.950044515004,0.1211875977874482,0.551159679889679,,,,,,,,0.00390625,1.5019110441207886,0.005762710756608946,-0.02875303018542963,6.073455333709717
11591680,5787.932165473001,0.17390573278261107,0.6236328482627869,,,,,,,,0.002685546875,1.505286693572998,0.0062434102929882496,-0.024543151996466,4.450048446655273
11599872,5793.503678527006,0.13596499253107305,0.5763183832168579,0.011062424945109672,0.010662715628259933,0.008525024271844761,333,536.3182445534161,41.550000000000004,48.150000000000006,0.0028076171875,1.5033488273620605,0.004801248955358384,-0.023113826592807626,5.948955535888672
11608064,5801.316073716,0.1838501732030316,0.566174328327179,,,,,,,,0.00390625,1.5014907121658325,0.005305614785669599,-0.0148389263719006,8.278770446777344
11616256,5806.872253154004,0.16285795811995332,0.610791027545929,,,,,,,,0.002685546875,1.493828296661377,0.005074094259280293,-0.02240360085503575,5.814423561096191
11624448,5812.633569687001,0.13350634309248358,0.5657104849815369,,,,,,,,0.0030517578125,1.5038896799087524,0.005487879576448029,-0.026654030180467927,7.355259895324707
11632640,5817.720279339999,0.13320936469325004,0.5494018793106079,,,,,,,,0.003662109375,1.4608304500579834,0.0032503397854074523,-0.023695784265477922,8.570642471313477
11640832,5822.760460346006,0.20577952795400745,0.552380383014679,,,,,,,,0.00341796875,1.495486855506897,0.0030867938005197937,-0.017578689713755865,12.046745300292969
11649024,5828.125529349003,0.16832513456407394,0.604260265827179,,,,,,,,0.0035400390625,1.5252829790115356,0.0022880162250136227,-0.022760328613292975,7.055886745452881
11657216,5833.5874147150025,0.20606676795263912,0.6347412467002869,,,,,,,,0.0028076171875,1.50823175907135,0.002521654923136829,-0.01567992437646425,5.306654930114746
11665408,5839.315031030004,0.1844999379384119,0.620922863483429,0.009107135609997319,0.009779379354912021,0.0074447122233245455,264,399.20698401979735,36.75,nan,0.0029296875,1.5261248350143433,0.003273978715988557,-0.011063983454753241,6.074417591094971
11673600,5846.879924806002,0.16390559919213965,0.600354015827179,,,,,,,,0.0032958984375,1.5471385717391968,0.0028522221766170697,-0.01580630393930682,5.401534557342529
11681792,5852.339451912005,0.1750583116988582,0.593273937702179,,,,,,,,0.0037841796875,1.546170949935913,0.004087626622670371,-0.020647846211484633,6.52462911605835
11689984,5857.0588346560035,0.12736523286145635,0.5633178949356079,,,,,,,,0.0030517578125,1.548229455947876,0.0048752766720591145,-0.029000507914522845,7.063579559326172
11698176,5861.651505275004,0.1647821822012586,0.58624267578125,,,,,,,,0.0030517578125,1.5144168138504028,0.004063881658951662,-0.026337468051750114,6.12311315536499
11706368,5866.630450728,0.11142088262888056,0.543896496295929,,,,,,,,0.003173828125,1.4835010766983032,0.0030337448801333045,-0.031009073120439375,8.300047874450684
11714560,5871.946554220005,0.1260569399971516,0.544079601764679,,,,,,,,0.0029296875,1.4969301223754883,0.005874370482252145,-0.023951252182715186,9.80016803741455
11722752,5877.544157225006,0.18400574284350368,0.621630847454071,,,,,,,,0.00341796875,1.5170257091522217,0.005375739707075278,-0.017708171041805235,6.904634952545166
11730944,5883.0577708000055,0.1477592596785355,0.584973156452179,0.007977470345016613,0.008109672920548094,0.006308765185811138,333,558.1402367512889,40.2,nan,0.003662109375,1.5476740598678589,0.005500060459591949,-0.018591604282726992,7.877571105957031
11739136,5890.978299208,0.1702625291074259,0.616686999797821,,,,,,,,0.0030517578125,1.5004249811172485,0.005731989129289405,-0.018737733971667028,6.2378082275390625
11747328,5896.069427505005,0.16982420857436398,0.60943603515625,,,,,,,,0.0032958984375,1.5910652875900269,0.005187332697506708,-0.015220052031504,6.76474142074585
11755520,5901.029896156004,0.1377625884196626,0.5799927115440369,,,,,,,,0.0035400390625,1.4930014610290527,0.004374003536049553,-0.024697169597201318,6.5733537673950195
11763712,5906.191719472001,0.19130522747131878,0.6158203482627869,,,,,,,,0.002685546875,1.528264045715332,0.003499613460927975,-0.02453522571320991,5.296525478363037
11771904,5911.478532542002,0.194138205350468,0.594042956829071,,,,,,,,0.0035400390625,1.5446346998214722,0.005134573665290798,-0.007243819843985245,7.084159851074219
11780096,5917.034264372,0.15727605641246525,0.590087890625,,,,,,,,0.0032958984375,1.5128778219223022,0.0050451686936423545,-0.015810870493233677,6.588929653167725
11788288,5922.798840620999,0.17033238172887938,0.613293468952179,,,,,,,,0.0028076171875,1.5747747421264648,0.005028769965781499,-0.02142563571305863,5.931335926055908
11796480,5927.459079186003,0.147823430833028,0.579235851764679,0.009044330516492671,0.009665864043048922,0.006976604159002586,333,540.6583732796312,49.650000000000006,nan,0.0042724609375,1.5364493131637573,0.005255068351171732,-0.021052136860660875,6.601188659667969
11804672,5933.820131944005,0.16975861075262388,0.616772472858429,,,,,,,,0.00244140625,1.4999802112579346,0.004766078052566791,-0.01910911064829955,5.5636982917785645
11812864,5938.238508369999,0.1698804899558589,0.6114135980606079,,,,,,,,0.00390625,1.6023977994918823,0.0050559932768986515,-0.022361575927843717,6.105687618255615
11821056,5942.685711615006,0.12831827502911547,0.55596923828125,,,,,,,,0.0037841796875,1.479197382926941,0.0031056890805380988,-0.019628035471225838,7.664010524749756
11829248,5947.381826706005,0.14316010132952295,0.594677746295929,,,,,,,,0.0023193359375,1.5684139728546143,0.0030466413484234733,-0.02434780746128055,5.653359413146973
11837440,5951.726974031,0.20082557790568104,0.62432861328125,,,,,,,,0.0037841796875,1.5177029371261597,0.004735642759442937,-0.016052851406792808,4.514481544494629
11845632,5955.902874131003,0.18450188352716299,0.5772339105606079,,,,,,,,0.0035400390625,1.498772144317627,0.0057947476836428535,-0.021282350017816636,7.111512660980225
11853824,5960.2420512570025,0.14559285141081763,0.584912121295929,,,,,,,,0.0030517578125,1.5623184442520142,0.005111322231290849,-0.028070471466536618,5.469596862792969
11862016,5964.552109124001,0.1398411305719471,0.5802368521690369,0.013206600687194703,0.013736868618968168,0.009905162068868378,333,518.4059263362042,48.300000000000004,nan,0.0037841796875,1.4803380966186523,0.0044437991008375866,-0.02643202515029673,6.215071201324463
11870208,5970.652957824001,0.13925272488304555,0.5819336175918579,,,,,,,,0.0030517578125,1.4807672500610352,0.004271599870537157,-0.024652513884724187,5.856025695800781
11878400,5975.274385236,0.13326725944267542,0.576416015625,,,,,,,,0.00341796875,1.4602880477905273,0.006533976237647732,-0.030242415767398695,6.540174961090088
11886592,5979.940741181999,0.16941042933715217,0.5925049185752869,,,,,,,,0.003173828125,1.4640226364135742,0.005263909035117642,-0.02170377895878111,6.4228034019470215
11894784,5984.372704435002,0.14576453790182545,0.5959717035293579,,,,,,,,0.002685546875,1.486185073852539,0.004410355878228245,-0.025028762753838665,5.837120056152344
11902976,5988.698408713004,0.16687685286419063,0.5859009027481079,,,,,,,,0.003662109375,1.4706194400787354,0.005508922037277819,-0.023197339153332216,6.243747711181641
11911168,5993.028850032002,0.19794168813604457,0.6195923089981079,,,,,,,,0.0029296875,1.4923934936523438,0.006229805132108468,-0.0207292088979707,4.670392036437988
11919360,5997.4707551169995,0.14202449196827674,0.593762218952179,,,,,,,,0.0035400390625,1.5350449085235596,0.006787145195724986,-0.026711352484872816,4.680466651916504
11927552,6002.135339710003,0.1373851115933271,0.548352062702179,0.01673219560577499,0.015318559720149283,0.01305916861264067,333,501.5751473257954,42.75,nan,0.0035400390625,1.511156439781189,0.006416112038422406,-0.02350467833001696,8.239562034606934
11935744,6009.513163264004,0.16492279694272938,0.6119384765625,,,,,,,,0.0025634765625,1.5165308713912964,0.005370927468327125,-0.025525446140389485,4.961646556854248
11943936,6015.15822166,0.10695186270220419,0.520373523235321,,,,,,,,0.00341796875,1.4938180446624756,0.005277592559138733,-0.025987008874894947,8.46605110168457
11952128,6020.570886960006,0.11048347417120055,0.526745617389679,,,,,,,,0.003662109375,1.4726808071136475,0.006632697432971124,-0.025637329552111555,11.539139747619629
11960320,6025.710603866006,0.1913852181689448,0.6369995474815369,,,,,,,,0.0028076171875,1.475928783416748,0.0050179454816061675,-0.023090077847169613,4.627876281738281
11968512,6030.751061602001,0.12777531195491668,0.552563488483429,,,,,,,,0.003662109375,1.4890763759613037,0.005908470830154666,-0.028183191881286953,8.332680702209473
11976704,6036.059353896002,0.1332073662528852,0.5775146484375,,,,,,,,0.0028076171875,1.489837408065796,0.004767056176899653,-0.02313766705337224,7.042360782623291
11984896,6041.413160652999,0.19277531679228652,0.637219250202179,,,,,,,,0.00341796875,1.5056895017623901,0.004150542502756482,-0.017998965874981884,4.7478837966918945
11993088,6047.183648934006,0.18651514867315738,0.615771472454071,0.011877812521495446,0.011770770893067661,0.008908746362423337,333,529.9707377962368,41.7,41.25,0.0030517578125,1.5067139863967896,0.0034823094128914045,-0.01942819053275505,6.026648044586182
12001280,6054.821014086003,0.1543186808658768,0.5973266959190369,,,,,,,,0.0028076171875,1.5343282222747803,0.004817038425583675,-0.02444776602905578,5.3976359367370605
12009472,6060.533877951006,0.15212390607065976,0.598828136920929,,,,,,,,0.0032958984375,1.478884220123291,0.005061734469331114,-0.020743851506657644,5.469881057739258
12017664,6065.774336233,0.15613202435612838,0.59515380859375,,,,,,,,0.0029296875,1.4904463291168213,0.004875950990142375,-0.02179922044666141,5.886128902435303
12025856,6071.016933724,0.1542095253002751,0.587268054485321,,,,,,,,0.0030517578125,1.495884895324707,0.004890517047252185,-0.024212138452021966,5.641404151916504
12034048,6075.647180158005,0.17584703078512487,0.5956054925918579,,,,,,,,0.0032958984375,1.4458361864089966,0.004844330420628928,-0.023413519190876052,6.017301082611084
12042240,6080.911905246001,0.14514452565785166,0.585131824016571,,,,,,,,0.002685546875,1.482214093208313,0.0048725765308529345,-0.023188213279553463,5.881608486175537
12050432,6086.271065890003,0.16461847382727324,0.5889526605606079,,,,,,,,0.0040283203125,1.5742990970611572,0.005828260083660219,-0.016088336287854135,6.675172328948975
12058624,6091.711073584003,0.14183338265995174,0.587414562702179,0.009856624214081178,0.012519951305047794,0.007392468160560828,333,545.4593426535388,46.650000000000006,35.4,0.0029296875,1.5135780572891235,0.003793319035208742,-0.02956310575915652,5.455447196960449
12066816,6098.375055413002,0.1527328366298308,0.605700671672821,,,,,,,,0.0030517578125,1.5864169597625732,0.0036905827329999363,-0.02489790433146691,4.944173812866211
12075008,6103.314654885005,0.15289589346298513,0.58819580078125,,,,,,,,0.00390625,1.5202360153198242,0.004585796179920276,-0.024421580137230947,4.691153049468994
12083200,6108.7979284480025,0.1188336160684747,0.5418701171875,,,,,,,,0.0028076171875,1.516357421875,0.005681714251859482,-0.025289741549053214,7.3750433921813965
12091392,6113.9918318120035,0.22184983816027126,0.6001831293106079,,,,,,,,0.003662109375,1.538106918334961,0.004078150364327904,-0.01184396722810589,6.202092170715332
12099584,6118.5511280940045,0.13942948128092064,0.5848144888877869,,,,,,,,0.0029296875,1.515974760055542,0.004430119981732039,-0.025936003126616883,5.60625696182251
12107776,6124.305482504002,0.11531896374557782,0.5516723990440369,,,,,,,,0.003173828125,1.561561107635498,0.004923865148275808,-0.027217665280018555,6.369771480560303
12115968,6129.746206698001,0.17211932579912673,0.6201538443565369,,,,,,,,0.0030517578125,1.4716567993164062,0.004479397881663849,-0.024461928473478424,4.851880073547363
12124160,6135.015061350001,0.15741661847938926,0.591418445110321,0.01068377322809766,0.009691234916306968,0.00885232323580698,333,528.8234762284436,45.0,nan,0.002685546875,1.5197323560714722,0.004616601689060751,-0.033462662779073025,5.129226207733154
12132352,6141.956974514003,0.15680100517625398,0.581103503704071,,,,,,,,0.0040283203125,1.5156344175338745,0.0056155481678008545,-0.02031126059860393,6.334754467010498
12140544,6146.975707649006,0.18149972034100684,0.618884265422821,,,,,,,,0.002685546875,1.4927936792373657,0.006492200001653403,-0.02185420921731266,4.430720806121826
12148736,6152.550442892003,0.162385827179805,0.5832275748252869,,,,,,,,0.0032958984375,1.5980994701385498,0.005820720562468074,-0.01766356394673417,5.239189147949219
12156928,6158.323296975999,0.2161116049015035,0.5947632193565369,,,,,,,,0.0035400390625,1.4895745515823364,0.005072848137629871,-0.012777538096128012,7.02337121963501
12165120,6164.203565502001,0.1392866470369714,0.551989734172821,,,,,,,,0.0029296875,1.5722525119781494,0.005357667433538826,-0.02875033255457616,6.66006326675415
12173312,6169.541054266003,0.14588407764459796,0.5880126953125,,,,,,,,0.0035400390625,1.541123867034912,0.005216542600318674,-0.022013388636186796,6.296006679534912
12181504,6174.785191173003,0.1333269521631534,0.580273449420929,,,,,,,,0.0035400390625,1.4779529571533203,0.004886215597646237,-0.020236544371816868,7.100685119628906
12189696,6179.855308915001,0.15179857152273002,0.596484363079071,0.009016710654199955,0.011454090765786629,0.006955925706823574,333,540.2123243117644,46.2,nan,0.0020751953125,1.5605844259262085,0.00410214337021475,-0.024258792201338385,5.5355224609375
12197888,6187.113929229003,0.21669612977606426,0.61224365234375,,,,,,,,0.0047607421875,1.4857333898544312,0.003667545478709733,-0.01239435723257592,5.6756720542907715
12206080,6192.494277345002,0.13808716416569194,0.551831066608429,,,,,,,,0.0025634765625,1.5362433195114136,0.005778635593055803,-0.02160485344832421,7.722892761230469
12214272,6197.954828041002,0.1740177490361291,0.606213390827179,,,,,,,,0.003173828125,1.618093490600586,0.003632480239195046,-0.019314711341045163,5.624627113342285
12222464,6203.351472369002,0.15587699576959668,0.6080688834190369,,,,,,,,0.0035400390625,1.4948455095291138,0.004296459955580367,-0.02268180320357848,4.861484050750732
12230656,6208.517393219001,0.16805788563916338,0.6125122308731079,,,,,,,,0.0029296875,1.5955090522766113,0.004555072076266153,-0.01938148337036602,4.773897647857666
12238848,6213.994565199006,0.18539169196403787,0.618395984172821,,,,,,,,0.003662109375,1.5436404943466187,0.0038251428378528463,-0.02061768304029399,3.5083935260772705
12247040,6219.125349460999,0.1395871500433567,0.590893566608429,,,,,,,,0.0028076171875,1.5650337934494019,0.003778370147857313,-0.02691538526644003,5.1692214012146
12255232,6224.359311706001,0.14426395967945058,0.593066394329071,0.011201705659136807,0.017039334676862805,0.008416990844690275,333,530.3611139334456,49.650000000000006,nan,0.0029296875,1.6079474687576294,0.0033779533928675054,-0.02533879083132337,4.647675037384033
12263424,6231.722574087005,0.10991493312502541,0.509753406047821,,,,,,,,0.00390625,1.522052526473999,0.0037133069154676734,-0.023030974555952457,9.525796890258789
12271616,6237.035579702002,0.10370462837680172,0.4691406190395355,,,,,,,,0.003662109375,1.6040754318237305,0.0035509590945839165,-0.02940163187778925,11.418228149414062
12279808,6242.882029318003,0.11248778155623601,0.5511718988418579,,,,,,,,0.0029296875,1.545961856842041,0.004073974179639839,-0.023933901443435338,8.07890510559082
12288000,6248.770478412,0.15766020568418385,0.59429931640625,,,,,,,,0.0032958984375,1.4978008270263672,0.0025660280631868426,-0.02339461211024246,7.556176662445068
12296192,6253.048878606001,0.17750983630073003,0.61712646484375,,,,,,,,0.0028076171875,1.5720003843307495,0.004666299678601549,-0.02432264781175803,4.448861598968506
12304384,6258.072311382006,0.15284123049972526,0.5987305045127869,,,,,,,,0.0040283203125,1.5689479112625122,0.003773309332767427,-0.01746418188544338,5.682751178741455
12312576,6263.213814387003,0.18160040395358357,0.622607409954071,,,,,,,,0.002685546875,1.5466442108154297,0.004144393584452732,-0.018737404672115952,3.8268051147460938
12320768,6268.4576632430035,0.14566881605635415,0.576342761516571,0.01419369107046331,0.011136404200496663,0.01064526830284751,333,526.1858936020126,45.0,38.85,0.003173828125,1.6314574480056763,0.005431107654302547,-0.0201247919975847,5.404109477996826
12328960,6275.139187114,0.1367651612739628,0.5843872427940369,,,,,,,,0.0035400390625,1.4879424571990967,0.005600104276055395,-0.02862101089416691,4.881991863250732
12337152,6280.716636699006,0.1445676335164605,0.58917236328125,,,,,,,,0.0028076171875,1.5228420495986938,0.0071558934391009466,-0.026883909402202956,5.112319469451904
12345344,6286.485741454002,0.16958085570809003,0.59814453125,,,,,,,,0.00390625,1.5520775318145752,0.006638330775290857,-0.029368198342361092,4.261638641357422
12353536,6292.050397296,0.1331713712699847,0.5822387933731079,,,,,,,,0.0028076171875,1.5233937501907349,0.0051352340367006866,-0.0248717358310198,4.959563732147217
12361728,6297.444953639002,0.14256065084838618,0.5918945670127869,,,,,,,,0.0029296875,1.578593373298645,0.004971963106996546,-0.023950112289922457,4.384626865386963
12369920,6302.879183497003,0.16307229923298508,0.614147961139679,,,,,,,,0.0032958984375,1.5176303386688232,0.00464445609446873,-0.024977843898412313,3.4418628215789795
12378112,6308.180952333001,0.1658479245324425,0.5863403677940369,,,,,,,,0.0028076171875,1.5459672212600708,0.005420719048926825,-0.02528645302736241,4.81082010269165
12386304,6313.584223646001,0.13593849731481927,0.5785278677940369,0.012125297337415186,0.010523032405720278,0.009436479711008472,333,527.9101184449254,33.9,40.050000000000004,0.00341796875,1.532426357269287,0.005644245663892766,-0.03030840561788254,4.244654655456543
12394496,6320.7751073809995,0.14759231976236092,0.5989746451377869,,,,,,,,0.0032958984375,1.4873528480529785,0.005572665462564963,-0.029582432101761924,3.765209913253784
12402688,6326.263070715002,0.12273812587586606,0.564379870891571,,,,,,,,0.0029296875,1.5443159341812134,0.004978423413756872,-0.030059697810544617,4.767282009124756
12410880,6331.603949549004,0.17930367631569302,0.589221179485321,,,,,,,,0.0040283203125,1.5026241540908813,0.005721754740105389,-0.021766645890142527,4.404156684875488
12419072,6337.023937647005,0.11383265303314678,0.5223022699356079,,,,,,,,0.0025634765625,1.511944055557251,0.004629503991101069,-0.028565393402391528,8.14155101776123
12427264,6341.737160058001,0.16059826426067753,0.565173327922821,,,,,,,,0.00341796875,1.548414945602417,0.004947184013375683,-0.020751094911084275,6.945401191711426
12435456,6347.027097686005,0.14966381816288396,0.58465576171875,,,,,,,,0.00439453125,1.4615910053253174,0.007667826589361382,-0.020902912205843067,5.736703395843506
12443648,6353.174940832003,0.16456720695975263,0.6072754263877869,,,,,,,,0.001953125,1.5392979383468628,0.007300233141831369,-0.02087760368921967,5.009175777435303
12451840,6359.340548347005,0.18943446206502598,0.593701183795929,0.011806264897922802,0.00972545188417473,0.00885469867344213,333,524.131346611777,46.050000000000004,39.0,0.004638671875,1.5025851726531982,0.0054679753814375065,-0.014630597038818785,5.891717433929443
12460032,6366.685036758005,0.14937280921272444,0.581433117389679,,,,,,,,0.0029296875,1.5049428939819336,0.005485315771055932,-0.022680012399207243,5.573779582977295
12468224,6371.875936144999,0.19470392799060887,0.59332275390625,,,,,,,,0.00244140625,1.5741804838180542,0.005724346964871785,-0.017553611631317773,5.8900041580200195
12476416,6377.031141740001,0.18712414044215137,0.5241333246231079,,,,,,,,0.0045166015625,1.428816318511963,0.004891666108562287,-0.011455324432269815,11.90574836730957
12484608,6382.861681359005,0.1404518442727579,0.591870129108429,,,,,,,,0.00244140625,1.4902069568634033,0.003581197275693837,-0.02610173875131959,6.673581123352051
12492800,6387.750503791001,0.19918555249757786,0.6245483756065369,,,,,,,,0.004150390625,1.6041316986083984,0.0041882395608150436,-0.013745342385825138,4.839137077331543
12500992,6393.430433806003,0.12972629078756845,0.5653076171875,,,,,,,,0.0037841796875,1.4720687866210938,0.004622297299337386,-0.02051535879405215,8.31950569152832
12509184,6398.955090424999,0.1491416311427349,0.60491943359375,,,,,,,,0.0020751953125,1.6118106842041016,0.004452507292437402,-0.024096226850447187,5.6230387687683105
12517376,6405.012592623003,0.22841546324361495,0.628955066204071,0.010244696592497715,0.00927537219487573,0.008373092304308605,333,523.8407552358699,46.650000000000006,nan,0.0047607421875,1.5583852529525757,0.0036996571916099175,-0.011370908558318805,4.711957931518555
12525568,6412.033527791005,0.14171189923541086,0.588000476360321,,,,,,,,0.0028076171875,1.5050325393676758,0.003590022592041664,-0.023101150894197786,6.623546123504639
12533760,6416.692570178006,0.1527314752404199,0.610180675983429,,,,,,,,0.00244140625,1.6090648174285889,0.0030188241869335553,-0.026393881478023896,4.4512200355529785
12541952,6421.920480232002,0.1476183821898763,0.5388427972793579,,,,,,,,0.0045166015625,1.5047190189361572,0.003106086429327082,-0.02040283656204823,8.885835647583008
12550144,6427.154980874002,0.1552220126950611,0.58148193359375,,,,,,,,0.002685546875,1.5666810274124146,0.003858805262308751,-0.02389630831249472,6.489584445953369
12558336,6432.044688257003,0.16209815558331706,0.5710083246231079,,,,,,,,0.0045166015625,1.5763531923294067,0.004198312475437005,-0.017098478263793095,8.716212272644043
12566528,6437.659077518001,0.1540354827835023,0.604077160358429,,,,,,,,0.0032958984375,1.4358309507369995,0.0046352966360605485,-0.025777788543947234,5.031276226043701
12574720,6443.181213109005,0.16660023396942125,0.625195324420929,,,,,,,,0.002197265625,1.5802959203720093,0.006712449468964876,-0.018565202695687556,4.671933174133301
12582912,6448.586407665003,0.11249465342143457,0.49573975801467896,0.01627968423545001,0.016951890827609506,0.012339780644821108,333,514.186543174701,37.35,39.0,0.004150390625,1.4614464044570923,0.003500357422461464,-0.02593863671144611,12.211904525756836
12591104,6456.487732213005,0.17423590886890056,0.546252429485321,,,,,,,,0.0029296875,1.5701038837432861,0.0030745526866130524,-0.021556614979870593,9.530817031860352
12599296,6462.337182474999,0.18392399158167305,0.5877929925918579,,,,,,,,0.00341796875,1.5560213327407837,0.004845537813560341,-0.015254590810037045,7.076455593109131
12607488,6467.948813405004,0.16191776615203557,0.5882934927940369,,,,,,,,0.0040283203125,1.4592894315719604,0.005128426980921752,-0.01599278499254647,8.077610969543457
12615680,6473.507505439004,0.1420342410264289,0.5893799066543579,,,,,,,,0.002197265625,1.5536472797393799,0.004786049918533264,-0.026743408783773362,6.925224304199219
12623872,6478.487163834005,0.2149365119813604,0.585095226764679,,,,,,,,0.005126953125,1.5736571550369263,0.0034739726162339446,-0.009300945781816203,8.205525398254395
12632064,6483.691084905004,0.13436645721375792,0.571948230266571,,,,,,,,0.0030517578125,1.4980710744857788,0.0038485637232201775,-0.021050367766227887,9.623465538024902
12640256,6489.3885055499995,0.20297544799417255,0.6278930902481079,,,,,,,,0.0029296875,1.593022346496582,0.0028867932682581365,-0.01224764764400852,6.573567867279053
12648448,6494.528332909002,0.14615018609389993,0.583117663860321,0.010295110085712822,0.009692826540006694,0.007742153007592845,333,542.6301867004072,40.050000000000004,41.400000000000006,0.00390625,1.5006294250488281,0.003233727067679548,-0.018155551227074348,7.108745098114014
12656640,6502.0644807749995,0.1803302809864448,0.6315063834190369,,,,,,,,0.0028076171875,1.6099927425384521,0.0036758800208058773,-0.018817012803723734,5.259375095367432
12664832,6507.130067021004,0.14449349326288763,0.58135986328125,,,,,,,,0.003662109375,1.5640051364898682,0.003394481626368795,-0.020715793734491804,6.970045566558838
12673024,6513.027112459,0.16730594016090122,0.6106323599815369,,,,,,,,0.003173828125,1.4964848756790161,0.004069065364130875,-0.02008750571301078,5.743438720703125
12681216,6518.750140096003,0.12818096773995677,0.56097412109375,,,,,,,,0.0032958984375,1.5948715209960938,0.004624541150271555,-0.022474654136869315,7.35009241104126
12689408,6524.285107107004,0.17880797893691508,0.601696789264679,,,,,,,,0.0040283203125,1.4813663959503174,0.004116841733430299,-0.01728834155330871,5.437831878662109
12697600,6530.024926161001,0.15541851012525632,0.60150146484375,,,,,,,,0.0028076171875,1.5264736413955688,0.003915800841920003,-0.02644987685467214,5.621335506439209
12705792,6535.492511083001,0.1370150563310619,0.5723510980606079,,,,,,,,0.0032958984375,1.5714623928070068,0.0038381658830237697,-0.021986601095590575,5.686264514923096
12713984,6540.375628162001,0.12443083994229531,0.5518555045127869,0.007910955377714912,0.008810818663851583,0.005933216533286156,333,557.404221041949,42.0,29.85,0.0042724609375,1.5597470998764038,0.004378909177757961,-0.024354535726115248,8.307138442993164
12722176,6547.702826777,0.17768233684613452,0.6217041015625,,,,,,,,0.0028076171875,1.5647072792053223,0.004094599927996656,-0.026324238352505983,5.044602870941162
12730368,6552.791250624003,0.19981475527386872,0.6095947623252869,,,,,,,,0.003662109375,1.5732585191726685,0.003902419681172997,-0.015637520198261583,5.319965362548828
12738560,6558.299714163004,0.12870506154968503,0.565234363079071,,,,,,,,0.003662109375,1.5270252227783203,0.0031946502376746233,-0.02381296863127373,5.792312145233154
12746752,6563.654588233003,0.1209862298827169,0.547436535358429,,,,,,,,0.0028076171875,1.586122751235962,0.002705128399302925,-0.02472162951763261,8.363146781921387
12754944,6568.683231695002,0.15299983229691438,0.5914062857627869,,,,,,,,0.003662109375,1.4950159788131714,0.0029917748365355656,-0.014633348258157467,6.870662689208984
12763136,6574.555836006999,0.1846092760020612,0.599475085735321,,,,,,,,0.0030517578125,1.460144281387329,0.0033666386006860893,-0.018059864997559273,6.538751125335693
12771328,6579.806313395005,0.1704968972215064,0.603991687297821,,,,,,,,0.003173828125,1.5433149337768555,0.005404941715819622,-0.02822459760208126,4.745163440704346
12779520,6584.389040621005,0.14635045138878136,0.595288097858429,0.01743535349232539,0.014344486105581256,0.013698548230907437,333,478.09412557665246,40.050000000000004,nan,0.0030517578125,1.4965131282806396,0.004670977695613976,-0.024339218976579417,4.4718499183654785
12787712,6591.617566742003,0.1591923416567121,0.609118640422821,,,,,,,,0.0030517578125,1.5589097738265991,0.004444037090026498,-0.03010342703286791,4.790071964263916
12795904,6597.197468037004,0.13545840842954313,0.5609130859375,,,,,,,,0.003662109375,1.525118350982666,0.004232970761147925,-0.024239448269659146,7.168854713439941
12804096,6602.7711884320015,0.12157492851259383,0.554980456829071,,,,,,,,0.003662109375,1.5226094722747803,0.0031278075291869545,-0.025895708655381273,6.981278896331787
12812288,6608.268769681003,0.13626917638628375,0.5926758050918579,,,,,,,,0.0030517578125,1.5298925638198853,0.00493016317935735,-0.02975663352986172,5.567537784576416
12820480,6613.607703845002,0.1999220136198008,0.607678234577179,,,,,,,,0.0035400390625,1.5151197910308838,0.0044897234631555705,-0.019401706115796516,4.855381011962891
12828672,6618.814936839,0.16673531367545552,0.6086670160293579,,,,,,,,0.0030517578125,1.5574121475219727,0.0031956636450017895,-0.021072682366172907,5.9186248779296875
12836864,6624.199642470005,0.1579820797963587,0.5862060785293579,,,,,,,,0.003662109375,1.568813681602478,0.002740841940024885,-0.020950443544885185,6.006675720214844
12845056,6630.088883684999,0.1271926067976324,0.5556396842002869,0.0173064617801848,0.019754667575228257,0.013556478327236277,333,485.36710086058486,49.650000000000006,nan,0.0037841796875,1.5581743717193604,0.003260346685683202,-0.021437612606144654,8.296576499938965
12853248,6637.344722370006,0.16257079235941374,0.56854248046875,,,,,,,,0.0035400390625,1.6149214506149292,0.004856295835285129,-0.019341345824866824,6.9188079833984375
12861440,6642.820467739999,0.1432061180126589,0.578417956829071,,,,,,,,0.0030517578125,1.4813177585601807,0.006265032100549184,-0.016922721457157452,6.3642706871032715
12869632,6648.399925705002,0.15325614689961126,0.6051391959190369,,,,,,,,0.0032958984375,1.5715030431747437,0.006551275089471842,-0.016295091990647225,5.0326972007751465
12877824,6653.652009343001,0.17971674054843947,0.630139172077179,,,,,,,,0.0035400390625,1.5404428243637085,0.006022943997218255,-0.018012104370462325,3.527022123336792
12886016,6658.647081536001,0.14326324804945342,0.5516601800918579,,,,,,,,0.0029296875,1.5630658864974976,0.0039741774788532025,-0.004250735868507636,7.4216814041137695
12894208,6664.011194568004,0.11857906866230708,0.543042004108429,,,,,,,,0.0035400390625,1.5569394826889038,0.0029765551626523834,-0.026675022914392478,7.339959621429443
12902400,6669.187199104999,0.11525720488232737,0.5497192740440369,,,,,,,,0.0035400390625,1.4989594221115112,0.003212884528465354,-0.026108920127565927,7.9106903076171875
12910592,6674.088077719003,0.18124710598369645,0.561279296875,0.010346957532228473,0.01126585632522914,0.007760218149171383,333,535.3573151730373,49.650000000000006,48.300000000000004,0.0035400390625,1.5733181238174438,0.004410720925528633,-0.019121124434008957,9.107535362243652
12918784,6681.062513401004,0.16923547020552177,0.6096435785293579,,,,,,,,0.003662109375,1.5182909965515137,0.0033054724742299646,-0.013374425564763679,5.768957614898682
12926976,6685.871829100004,0.1846679416146566,0.6194214224815369,,,,,,,,0.002685546875,1.5206658840179443,0.003837175470055354,-0.019064760693444607,4.935425758361816
12935168,6690.857164740999,0.1405176699518717,0.542712390422821,,,,,,,,0.0040283203125,1.5782458782196045,0.002660631099692834,-0.016748965500354703,8.436675071716309
12943360,6696.048125997004,0.19328123730266863,0.6167358756065369,,,,,,,,0.003662109375,1.5132066011428833,0.0025610096541049954,-0.013112901509722361,5.050236225128174
12951552,6701.381351229,0.16542229189194746,0.61181640625,,,,,,,,0.002685546875,1.5420726537704468,0.005755967818988017,-0.021449987434081053,4.658893585205078
12959744,6707.062644447004,0.1384721124828951,0.57440185546875,,,,,,,,0.00390625,1.5358108282089233,0.0035547438805869636,-0.018663551221185844,7.14935302734375
12967936,6712.862072324999,0.1871533096650728,0.613635241985321,,,,,,,,0.0028076171875,1.4822853803634644,0.0032992289634614647,-0.020913435730333305,4.818732738494873
12976128,6718.492149395999,0.14786917604559413,0.59747314453125,0.01228927383318712,0.011926133909300751,0.009394340421478797,333,526.0457753465845,45.0,nan,0.0030517578125,1.5835299491882324,0.0036740912950193882,-0.02769883494520986,4.888555526733398
12984320,6726.121352244001,0.13387627312736905,0.586438000202179,,,,,,,,0.0040283203125,1.4671581983566284,0.0045054790284424495,-0.027014116192323787,5.325762748718262
12992512,6731.402431167,0.10120121247569687,0.5018554925918579,,,,,,,,0.002685546875,1.554743766784668,0.005895526561302877,-0.03125603204386261,10.858250617980957
13000704,6737.654354143,0.1444288590520217,0.5601440668106079,,,,,,,,0.003662109375,1.4835177659988403,0.0035687028619357797,-0.021249559695948963,9.324555397033691
13008896,6741.931204938002,0.19501503311800106,0.620129406452179,,,,,,,,0.0030517578125,1.4098548889160156,0.004272081635668057,-0.02194660790217779,6.184516429901123
13017088,6746.959692864999,0.1583387080814876,0.599414050579071,,,,,,,,0.0030517578125,1.5542758703231812,0.00455673155761771,-0.022220654590211476,5.586742401123047
13025280,6752.251415265004,0.1550156266244719,0.6004638671875,,,,,,,,0.0037841796875,1.544514536857605,0.004080003247097785,-0.021403451179464458,5.3139238357543945
13033472,6757.409556097002,0.16789999347060555,0.61376953125,,,,,,,,0.0028076171875,1.5391709804534912,0.0047152931661453845,-0.01608484848784411,4.966119289398193
13041664,6762.691905095002,0.14882733107003024,0.604504406452179,0.013690136182318846,0.010267602136739162,0.010267602136739162,333,511.0489476786588,49.95,40.2,0.003173828125,1.5345920324325562,0.0034216687097911036,-0.0234213557300917,5.423042297363281
13049856,6770.317246776001,0.128260924305412,0.555188000202179,,,,,,,,0.0040283203125,1.5192927122116089,0.004282268975139614,-0.0286728958930089,7.3108134269714355
13058048,6775.8750605250025,0.135096490477378,0.57342529296875,,,,,,,,0.00390625,1.5946900844573975,0.004944007085331492,-0.02806062345315929,7.3329291343688965
13066240,6781.626709911005,0.15201133922975385,0.570544421672821,,,,,,,,0.0029296875,1.511242389678955,0.004889540972751183,-0.021873471980399135,7.292511940002441
13074432,6786.823164374,0.15177601347642838,0.601245105266571,,,,,,,,0.0029296875,1.48716402053833,0.006383594616203969,-0.025095422155314646,5.724269390106201
13082624,6791.883203522004,0.14525068419993836,0.57745361328125,,,,,,,,0.0032958984375,1.5759730339050293,0.003986671178453194,-0.018935450465332113,7.0052490234375
13090816,6796.972324573006,0.18226400747715285,0.6186767816543579,,,,,,,,0.00341796875,1.5393701791763306,0.0041378554266688905,-0.016650432304871843,5.753660678863525
13099008,6802.544600976005,0.16705391213094828,0.6048950552940369,,,,,,,,0.003173828125,1.5479919910430908,0.003986058285055161,-0.02560231109819738,5.0503458976745605
13107200,6807.887172294002,0.17377780519499877,0.5852295160293579,0.008387997751231335,0.0076328099261017135,0.006323251482302172,333,553.2205471225469,49.650000000000006,nan,0.00341796875,1.5622379779815674,0.0032055490946203413,-0.01683442525698638,6.674920558929443
13115392,6815.032015012999,0.17346975289384525,0.623730480670929,,,,,,,,0.0030517578125,1.5123794078826904,0.004109734603956916,-0.01681546727985248,5.043612003326416
13123584,6820.579749995006,0.10202418402409491,0.5302978754043579,,,,,,,,0.003173828125,1.6196532249450684,0.004604564347828077,-0.026390571251447316,8.323705673217773
13131776,6826.362478666,0.15026237706908963,0.5552978515625,,,,,,,,0.00341796875,1.5418773889541626,0.004442766074423954,-0.015028911667163884,10.628157615661621
13139968,6831.657274632002,0.1425223371703118,0.583789050579071,,,,,,,,0.0030517578125,1.567643642425537,0.0036928074676456646,-0.020082934888835252,6.377284049987793
13148160,6837.715795281001,0.16864007186838256,0.5989746451377869,,,,,,,,0.00341796875,1.565938949584961,0.0048978089004234615,-0.02000564981916675,5.969820499420166
13156352,6843.261188030003,0.15222764166335442,0.5980591177940369,,,,,,,,0.0032958984375,1.556227207183838,0.0040234200878013215,-0.021381824267642558,5.4814133644104
13164544,6848.297000842002,0.17067742312529838,0.6224121451377869,,,,,,,,0.0029296875,1.5755900144577026,0.004561024809786818,-0.0220671253097585,4.550326824188232
13172736,6853.603543139005,0.1375283205683093,0.5721435546875,0.011175624572341558,0.019090474526088475,0.01855637142517108,101,88.43760602293074,12.600000000000001,nan,0.003662109375,1.590308427810669,0.0033203797739856933,-0.02248701266190897,6.6919708251953125
13180928,6860.628993354003,0.1441874737866422,0.585253894329071,,,,,,,,0.00341796875,1.579787254333496,0.0029678664272172472,-0.017308077665403158,5.4466776847839355
13189120,6865.982101499001,0.11437093199388115,0.5433716177940369,,,,,,,,0.0030517578125,1.574434518814087,0.004326435628700609,-0.027879835701487193,8.040781021118164
13197312,6871.453424656,0.1757215278174853,0.5972046256065369,,,,,,,,0.003173828125,1.539175271987915,0.003302671319994732,-0.020569556659370786,6.231685638427734
13205504,6876.819099171,0.22549277467459172,0.6000732779502869,,,,,,,,0.00341796875,1.5707846879959106,0.0030646030694791992,-0.012449288076819536,6.465582370758057
13213696,6882.556427374002,0.13285017935452667,0.556042492389679,,,,,,,,0.0042724609375,1.5985759496688843,0.0035005814804720536,-0.015621225660564767,7.785533905029297
13221888,6887.799998777002,0.1328095101947587,0.58099365234375,,,,,,,,0.003173828125,1.5243773460388184,0.004324542359002814,-0.024547668910170004,6.871246337890625
13230080,6892.921422158004,0.1496064130467551,0.601733386516571,,,,,,,,0.00244140625,1.5608885288238525,0.0035590275372388014,-0.023855827230233245,5.610881328582764
13238272,6897.992192694001,0.23402415372313456,0.6217041015625,0.014510049579756878,0.01210032234370284,0.011288921746144931,333,510.1568706627954,38.1,48.150000000000006,0.004150390625,1.5562076568603516,0.004462606210322906,-0.009175851281469263,5.630460262298584
13246464,6904.519228388002,0.12184540914252558,0.5439697504043579,,,,,,,,0.0035400390625,1.5798144340515137,0.004798026767298458,-0.023722397702485964,9.090705871582031
13254656,6909.129407632005,0.16890764246612153,0.6194092035293579,,,,,,,,0.0025634765625,1.6241984367370605,0.004930072590691115,-0.027805127590786384,5.302463054656982
13262848,6914.190652707002,0.1464512665165677,0.563793957233429,,,,,,,,0.0040283203125,1.519829273223877,0.004341057218615441,-0.020645366900734943,8.592588424682617
13271040,6919.712486577002,0.1543599953985503,0.569409191608429,,,,,,,,0.0025634765625,1.4936578273773193,0.004629514743855978,-0.024674576074133675,9.182364463806152
13279232,6925.1043476740015,0.16188359016532905,0.6036376953125,,,,,,,,0.0037841796875,1.5346261262893677,0.004379614605592108,-0.017610424006896802,5.960061073303223
13287424,6930.451720493002,0.13727514693652343,0.537585437297821,,,,,,,,0.0050048828125,1.5957821607589722,0.004715803417165487,-0.016964547214599956,12.225502014160156
13295616,6936.225793773003,0.17387509566487555,0.6085449457168579,,,,,,,,0.002685546875,1.6089171171188354,0.004873869610248938,-0.021467407888104098,7.27022123336792
13303808,6941.4662227330045,0.1345707885596116,0.573986828327179,0.010801257382200835,0.009097637791290136,0.008658540798894943,333,528.6043062621203,44.550000000000004,nan,0.003173828125,1.5509792566299438,0.0022558107606334143,-0.01801540162579431,8.0076265335083
13312000,6948.704544224005,0.15037165893276216,0.5915161371231079,,,,,,,,0.003662109375,1.458419680595398,0.0024442565360179858,-0.017624818430564976,8.404762268066406
13320192,6953.876239661004,0.1474308099053372,0.588061511516571,,,,,,,,0.0032958984375,1.5850269794464111,0.003898843557667675,-0.023739575837742524,7.259095668792725
13328384,6959.078973978001,0.20595569016124912,0.5856079459190369,,,,,,,,0.004638671875,1.5100743770599365,0.005530031312524719,-0.01309108061209987,8.490836143493652
13336576,6964.079987037003,0.1727499115492943,0.6053466796875,,,,,,,,0.0018310546875,1.572460651397705,0.004830022123509581,-0.019230142917002313,6.7947564125061035
13344768,6969.355087533004,0.15414369070191924,0.5950683951377869,,,,,,,,0.0035400390625,1.6137382984161377,0.003550010659791436,-0.017165131014460305,6.764972686767578
13352960,6974.839438646006,0.10158537873986445,0.517822265625,,,,,,,,0.004150390625,1.492209553718567,0.0025121478643531647,-0.02488213985136353,13.169989585876465
13361152,6981.045441797003,0.15799250659069589,0.6070923209190369,,,,,,,,0.0025634765625,1.5776443481445312,0.0023314971281596097,-0.021767685565387593,7.922152996063232
13369344,6986.776123264004,0.1723193716284734,0.6166748404502869,0.1310687426432281,0.1621841493952898,0.1621841493952898,46,9.917235612914332,6.9,nan,0.003662109375,1.5454223155975342,0.00450456267932986,-0.02074426648756757,6.626542568206787
13377536,6994.59007708,0.17966051449490472,0.603344738483429,,,,,,,,0.0030517578125,1.4834494590759277,0.006252355670319343,-0.01896451108686958,7.322747230529785
13385728,6999.031750430004,0.10578397212288371,0.515148937702179,,,,,,,,0.0035400390625,1.5738184452056885,0.003454830181933821,-0.028679579213261586,10.571832656860352
13393920,7002.8249973980055,0.19967741990771995,0.603442370891571,,,,,,,,0.0040283203125,1.4972580671310425,0.002866428997094772,-0.016667188357644417,7.480884075164795
13402112,7007.379709106004,0.1902610123518095,0.6373535394668579,,,,,,,,0.0023193359375,1.5677028894424438,0.003797966779895079,-0.015719169211833472,6.322967052459717
13410304,7011.6911530040015,0.14032650540917038,0.59228515625,,,,,,,,0.003173828125,1.5411031246185303,0.0029276599808397696,-0.019945542670198338,6.482322692871094
13418496,7016.276803458,0.14763429271014458,0.590869128704071,,,,,,,,0.0035400390625,1.4897898435592651,0.0037350936740714324,-0.019166538807462583,7.079245090484619
13426688,7021.366619159002,0.1489694422804241,0.602038562297821,,,,,,,,0.002685546875,1.6488252878189087,0.0029950643155000067,-0.022012772818236256,5.512637138366699
13434880,7025.920833682001,0.12459813603059251,0.569506824016571,0.013997318766800548,0.01079698474402313,0.010545047352180759,333,498.1484302338145,49.2,nan,0.00390625,1.5429842472076416,0.002894845301724347,-0.02745260345110583,6.691379070281982
13443072,7032.69815145,0.14335608818136863,0.555859386920929,,,,,,,,0.0028076171875,1.6326755285263062,0.0030382970097193596,-0.02248167875651098,10.26123046875
13451264,7037.1340467840055,0.14201429041795474,0.573742687702179,,,,,,,,0.0042724609375,1.591101050376892,0.0034375771094941054,-0.022214648517719822,7.106767177581787
13459456,7041.391179031001,0.12748478147108921,0.559252917766571,,,,,,,,0.00341796875,1.5238211154937744,0.004224175003761377,-0.02907470156106311,8.640604972839355
13467648,7045.660936609005,0.13765621720310908,0.5904785394668579,,,,,,,,0.0032958984375,1.5762054920196533,0.004586677630811442,-0.029184637410072198,6.665286540985107
13475840,7050.077449144999,0.16631461881910836,0.577587902545929,,,,,,,,0.0037841796875,1.5590993165969849,0.004463470356810051,-0.018153928895962953,8.260945320129395
13484032,7054.225249162999,0.15868203958750543,0.565686047077179,,,,,,,,0.00390625,1.5905585289001465,0.0038069187959270945,-0.02393496486605992,11.078722953796387
13492224,7058.625050982002,0.257159132765149,0.644030749797821,,,,,,,,0.003662109375,1.5552473068237305,0.0021397406221090876,-0.002228083670283177,6.946624279022217
13500416,7063.0973547620015,0.15877220778137544,0.585693359375,0.006509887952427462,0.005453407227318352,0.005176605537919432,286,448.31412031809583,42.75,nan,0.0029296875,1.5464200973510742,0.004707422478066103,-0.022290114593132234,7.334857940673828
13508608,7069.573441701999,0.19305766298682178,0.629772961139679,,,,,,,,0.0029296875,1.5788490772247314,0.0020924910844036804,-0.01879648830626872,6.508805751800537
13516800,7074.035066092001,0.15364356410731653,0.580334484577179,,,,,,,,0.0037841796875,1.4900081157684326,0.0020816485224186554,-0.018601153429752944,7.992228984832764
13524992,7079.808822311999,0.19152104887135674,0.615161120891571,,,,,,,,0.0029296875,1.5589408874511719,0.003932490924325904,-0.02593600457994065,4.834043025970459
13533184,7085.153782751004,0.19430939896034582,0.5854248404502869,,,,,,,,0.0037841796875,1.6238329410552979,0.004651408143207858,-0.013461430973559696,7.692659854888916
13541376,7090.441662666002,0.16987310766360003,0.55828857421875,,,,,,,,0.0035400390625,1.5743821859359741,0.004353202433102221,-0.01765953174588834,9.077954292297363
13549568,7095.772237571,0.1392998111872774,0.581066906452179,,,,,,,,0.002685546875,1.587796926498413,0.0035959443519631984,-0.021848883457673635,7.5456223487854
13557760,7101.264129373005,0.21034292589433934,0.595202624797821,,,,,,,,0.00439453125,1.6041598320007324,0.0025596952020023878,-0.0073715672580097515,7.728631019592285
13565952,7106.609469070005,0.15458018973024742,0.5887451171875,0.007764279372267979,0.007223882063557174,0.005874316602715202,333,542.9553055290133,48.6,49.650000000000006,0.0029296875,1.5736119747161865,0.002867324022782003,-0.01749638203813376,7.861194610595703
13574144,7114.429440221,0.17770260273032815,0.5934204459190369,,,,,,,,0.0040283203125,1.6031559705734253,0.0026022851227140986,-0.022898599063589056,7.197068691253662
13582336,7119.424828207004,0.1891607273965695,0.5777221918106079,,,,,,,,0.0037841796875,1.5635385513305664,0.0041555486004105635,-0.017524632342669925,9.055055618286133
13590528,7124.272804676999,0.1560782070500987,0.6024169921875,,,,,,,,0.0028076171875,1.5736994743347168,0.00446033709378324,-0.02570272318191974,6.256709575653076
13598720,7129.527794068003,0.1639277813817291,0.607836902141571,,,,,,,,0.0035400390625,1.5362954139709473,0.0038440396127729093,-0.02062139697405583,5.019403457641602
13606912,7135.049009413,0.14634970857980972,0.554858386516571,,,,,,,,0.0037841796875,1.5955398082733154,0.00481390131274817,-0.018022219683550538,9.98688793182373
13615104,7140.474291038001,0.10451259664667761,0.520068347454071,,,,,,,,0.0037841796875,1.618261456489563,0.00302417015076617,-0.02616481015831027,11.790685653686523
13623296,7145.767992000001,0.1117037304508447,0.5271240472793579,,,,,,,,0.00390625,1.5367625951766968,0.004871596818681434,-0.027961785148572088,12.66404914855957
13631488,7151.3305555370025,0.1734054887932033,0.616455078125,0.011335186226115512,0.009593910399200878,0.00850138966958669,333,540.4100744170623,48.300000000000004,27.150000000000002,0.003173828125,1.5537151098251343,0.003935465002084637,-0.02420572160882198,7.832202911376953
13639680,7159.131490120002,0.16171205035500352,0.600537121295929,,,,,,,,0.0040283203125,1.5526899099349976,0.003446319383561325,-0.01692011545014363,7.634472846984863
13647872,7163.688533822002,0.22457334024378253,0.629809558391571,,,,,,,,0.0032958984375,1.5589282512664795,0.0037491575059643845,-0.007125088058359293,6.953321933746338
13656064,7168.323442640001,0.1929443679637235,0.6272217035293579,,,,,,,,0.002685546875,1.5865402221679688,0.004218801504048186,-0.019378958378208754,5.789361000061035
13664256,7173.8160037220005,0.1402230937191559,0.5443115234375,,,,,,,,0.0042724609375,1.526882290840149,0.003361532363016062,-0.02233507702897491,9.443610191345215
13672448,7178.986480195999,0.128148240988123,0.563830554485321,,,,,,,,0.00341796875,1.592792272567749,0.0026515654116118226,-0.02267106956377403,8.608176231384277
13680640,7184.312637461,0.16962939477762695,0.619738757610321,,,,,,,,0.00341796875,1.573565125465393,0.0033906929943631203,-0.01724999400892085,5.235702037811279
13688832,7189.536601691005,0.16040376373522097,0.60516357421875,,,,,,,,0.0029296875,1.5494697093963623,0.0030925580819984866,-0.02170021246722781,6.152735710144043
13697024,7194.990570335001,0.13863868321289205,0.5759521722793579,0.010335968947822294,0.008743228398114034,0.007819823174161522,333,529.8483806388083,40.35,44.550000000000004,0.0035400390625,1.578925609588623,0.0045111852516782625,-0.02516646718708663,6.720410346984863
13705216,7202.214825360003,0.1841109976271746,0.6039795279502869,,,,,,,,0.00390625,1.5660523176193237,0.005117238706094707,-0.014499539391889832,6.334347248077393
13713408,7207.587241045003,0.171602135354328,0.6129516959190369,,,,,,,,0.00341796875,1.5216509103775024,0.0049464756932839915,-0.011401626639546468,5.243361949920654
13721600,7213.043456791005,0.10960056357180532,0.533581554889679,,,,,,,,0.0030517578125,1.5719012022018433,0.004308698807854006,-0.025838425400254918,8.721896171569824
13729792,7218.247133643999,0.16243572630707961,0.562390148639679,,,,,,,,0.0037841796875,1.5976835489273071,0.0034081857688667005,-0.021295671619554545,7.768866062164307
13737984,7223.354481424001,0.16668861090630135,0.608654797077179,,,,,,,,0.0032958984375,1.6023235321044922,0.004093282227676021,-0.023642059983598803,5.771759986877441
13746176,7228.758603141003,0.1696633512674467,0.609301745891571,,,,,,,,0.0030517578125,1.6284396648406982,0.0039289386282472805,-0.019279920633253317,5.6034111976623535
13754368,7234.075576980002,0.16338142857046736,0.5721802115440369,,,,,,,,0.0037841796875,1.545264720916748,0.003694387011637157,-0.025444077857475746,7.941162109375
13762560,7239.399198926003,0.15081574466561665,0.604077160358429,0.01061172472421501,0.010561710457695161,0.007963341253586997,333,541.5081597469126,41.7,39.0,0.003173828125,1.5283818244934082,0.004130817401948095,-0.02594308628339766,5.658069133758545
13770752,7247.472138603,0.17369415965584004,0.570483386516571,,,,,,,,0.00390625,1.5690606832504272,0.005720059429189628,-0.012991117573566958,7.545570373535156
13778944,7253.578596863001,0.14672214668893604,0.58880615234375,,,,,,,,0.0030517578125,1.5406936407089233,0.005273169096516428,-0.022644051022178625,6.754502773284912
13787136,7258.510293810999,0.1640689651318616,0.6153198480606079,,,,,,,,0.002685546875,1.5541467666625977,0.004382060107416708,-0.01964270309341378,4.317782402038574
13795328,7263.221303021004,0.1740271637002404,0.529309093952179,,,,,,,,0.0040283203125,1.5645071268081665,0.004119689551553174,-0.02447749051544708,9.91845989227295
13803520,7268.2990805350055,0.1250086614538468,0.55743408203125,,,,,,,,0.0035400390625,1.5085012912750244,0.004907249217996901,-0.027470723722951625,8.860807418823242
13811712,7273.899780249005,0.21374170794691755,0.5973877310752869,,,,,,,,0.0029296875,1.5381156206130981,0.005491865528329032,-0.020619056971675723,5.917327880859375
13819904,7279.575387191006,0.22615865421151435,0.5832275748252869,,,,,,,,0.0037841796875,1.5580453872680664,0.003917385968574161,-0.016724186498359068,7.429948329925537
13828096,7284.811275332002,0.15068917420357558,0.5666260123252869,0.016588841876916005,0.013232003603829923,0.012492542708613108,333,504.7877198464397,44.7,48.150000000000006,0.003662109375,1.5747737884521484,0.004089100981539806,-0.019854074572721234,8.039504051208496
13836288,7291.854322013001,0.1526973941622897,0.577990710735321,,,,,,,,0.0035400390625,1.5560715198516846,0.0035305089151336233,-0.02141512217315893,8.69942855834961
13844480,7297.3372911110055,0.14117157347740467,0.5712646842002869,,,,,,,,0.00390625,1.5637120008468628,0.0033714637458556185,-0.020610379964480903,8.6944580078125
13852672,7302.021291525001,0.16652968400880744,0.5876221060752869,,,,,,,,0.00341796875,1.4972898960113525,0.004226281054377612,-0.019196988814983537,7.702767372131348
13860864,7307.167861448004,0.1886336624684776,0.5997558832168579,,,,,,,,0.0032958984375,1.533247947692871,0.004799422262103836,-0.012215687618023538,8.17685604095459
13869056,7312.791109432001,0.15418129118957757,0.5906006097793579,,,,,,,,0.003662109375,1.5567413568496704,0.0045613851782015935,-0.015566630450056202,6.538133144378662
13877248,7318.412145547001,0.19203366414675138,0.5621704459190369,,,,,,,,0.0047607421875,1.63826322555542,0.004398165666178899,-0.016066849637731275,10.220010757446289
13885440,7323.065493858005,0.16007848594801,0.6009888052940369,,,,,,,,0.0030517578125,1.5001347064971924,0.005121571053755991,-0.018000845882483338,7.714486598968506
13893632,7327.659601796004,0.18370802255267302,0.6146240234375,0.015585266940699727,0.01168895020552485,0.01168895020552485,333,510.05576311061594,49.95,36.6,0.0035400390625,1.583226203918457,0.004500197202288447,-0.017599677491998453,6.6136674880981445
13901824,7335.149992479004,0.13209567627064614,0.56365966796875,,,,,,,,0.0040283203125,1.4983625411987305,0.0039046850502599817,-0.020691797056493953,8.784242630004883
13910016,7341.045024433006,0.15988266589501823,0.607189953327179,,,,,,,,0.0025634765625,1.5574501752853394,0.0047366932615133805,-0.021412049792869498,7.119639873504639
13918208,7346.5405554419995,0.1946019697085249,0.6371704339981079,,,,,,,,0.0037841796875,1.5394752025604248,0.004596622820468577,-0.01852049474036942,4.489421844482422
13926400,7352.670639857999,0.15765794675781952,0.5838379263877869,,,,,,,,0.0032958984375,1.4851536750793457,0.00529090918350672,-0.024587254516642648,6.95526123046875
13934592,7357.863403403004,0.15916392511518374,0.60498046875,,,,,,,,0.0025634765625,1.5340267419815063,0.0052966971969936605,-0.026982421839218725,4.663989543914795
13942784,7362.896086143002,0.1505197096870874,0.587536633014679,,,,,,,,0.0040283203125,1.4971556663513184,0.004941557019064291,-0.02269163872020477,5.36996603012085
13950976,7368.381677372003,0.1229441378696885,0.554797351360321,,,,,,,,0.0030517578125,1.534122109413147,0.005781358071373255,-0.02578220108281311,6.813424587249756
13959168,7373.778456479005,0.15195171915457914,0.5936279296875,0.011002540254124504,0.008251905190593378,0.008251905190593378,333,521.4910242376986,49.95,44.550000000000004,0.0030517578125,1.5661307573318481,0.004169543862066916,-0.026875067342123107,5.174263000488281
13967360,7381.481727331004,0.16528465121966426,0.5566772818565369,,,,,,,,0.004150390625,1.5383414030075073,0.00420345948482026,-0.01756342092941729,8.999789237976074
13975552,7386.9520016270035,0.15702580143911385,0.574023425579071,,,,,,,,0.0035400390625,1.560593843460083,0.004996521106837237,-0.02697632561927167,7.237804412841797
13983744,7392.505469816999,0.13531386612108642,0.562268078327179,,,,,,,,0.0040283203125,1.5316671133041382,0.00474722122320026,-0.020041713710949902,8.435989379882812
13991936,7397.696173668002,0.12161669792341737,0.532116711139679,,,,,,,,0.0032958984375,1.493605375289917,0.0039979808105520265,-0.02965389545702063,9.828516960144043
14000128,7402.4300249330045,0.13367463098359822,0.5836426019668579,,,,,,,,0.0023193359375,1.5059670209884644,0.003835790383519,-0.02700336179948756,6.415867805480957
14008320,7407.180015701,0.16115989291664146,0.571789562702179,,,,,,,,0.003662109375,1.4751025438308716,0.0038203457106046335,-0.023354106206516696,7.963977336883545
14016512,7412.973008820001,0.14138739611795378,0.565844714641571,,,,,,,,0.0042724609375,1.559732437133789,0.005643838225967368,-0.019275448269645425,9.016063690185547
14024704,7418.537864562,0.15537934238683082,0.5976196527481079,0.013037499247780748,0.009846082187698113,0.009846082187698113,333,509.6503912222785,49.95,49.5,0.00341796875,1.5676352977752686,0.004798569276444065,-0.018057408472453046,6.203225135803223
14032896,7426.016518995006,0.16412901488935816,0.605700671672821,,,,,,,,0.0032958984375,1.563943862915039,0.005327197206339562,-0.01684577457880205,5.2330851554870605
14041088,7431.604827878,0.169362967152055,0.6006836295127869,,,,,,,,0.00390625,1.5749056339263916,0.005447825102673831,-0.01888209709085218,5.9032745361328125
14049280,7437.291852526003,0.17798927523464625,0.561755359172821,,,,,,,,0.00390625,1.5371980667114258,0.005287597733117266,-0.024026204380262175,7.657736301422119
14057472,7442.407009789,0.16045100246431804,0.5949341058731079,,,,,,,,0.003173828125,1.531772255897522,0.004658456937267852,-0.025003085554632626,5.473453044891357
14065664,7448.5699917599995,0.15403136744907384,0.602294921875,,,,,,,,0.0032958984375,1.5629336833953857,0.0042729080601187075,-0.024175500404158112,4.036413669586182
14073856,7453.740447128002,0.14633341199211533,0.581530749797821,,,,,,,,0.003662109375,1.5770719051361084,0.00395564955398886,-0.023302345464839946,5.431288242340088
14082048,7459.246956534,0.13562094870514865,0.571582019329071,,,,,,,,0.0029296875,1.5534687042236328,0.003580758958961261,-0.02537400301373445,6.424145698547363
14090240,7464.5309157100055,0.1681387999514759,0.5665527582168579,0.008545455469411323,0.013555566216009729,0.0068583270207093205,333,542.0456353336808,40.2,nan,0.0042724609375,1.6090205907821655,0.004741859041483276,-0.018224174604772426,6.693532466888428
14098432,7472.088999521002,0.15161812827031645,0.603991687297821,,,,,,,,0.00390625,1.5442569255828857,0.003212824658832547,-0.019024253927091256,4.437571048736572
14106624,7476.672828089002,0.11399636844704442,0.539538562297821,,,,,,,,0.0029296875,1.6270475387573242,0.0033712527602157705,-0.023398195608617164,7.978573799133301
14114816,7481.150448762004,0.1405672939559533,0.534497082233429,,,,,,,,0.00439453125,1.6518845558166504,0.0035289433953409333,-0.022152467397430573,9.312106132507324
14123008,7486.402751639005,0.10757918822048972,0.5307861566543579,,,,,,,,0.0042724609375,1.599156379699707,0.005101257731211284,-0.02602928237222331,11.167815208435059
14131200,7491.722075001002,0.19706398610630646,0.62457275390625,,,,,,,,0.003173828125,1.550836205482483,0.004688538248128427,-0.01714829993584906,6.433250427246094
14139392,7497.155698268005,0.16438594487317754,0.5822998285293579,,,,,,,,0.0042724609375,1.604812502861023,0.00455946836370269,-0.022130443937944562,7.181822299957275
14147584,7502.202618312003,0.1545881313487123,0.5813965201377869,,,,,,,,0.00390625,1.561347484588623,0.003777633331852881,-0.012615907627600016,7.650647163391113
14155776,7507.146541951006,0.15414638607007713,0.600659191608429,0.012740957576703571,0.00955571818252765,0.00955571818252765,333,527.8890781843284,49.95,31.8,0.0029296875,1.5278211832046509,0.005046983670416116,-0.02171084430463871,6.185239315032959
14163968,7513.889217914999,0.16519381082217124,0.6015625,,,,,,,,0.0037841796875,1.5639102458953857,0.004828569822616924,-0.015944367158771892,6.436241149902344
14172160,7519.006980915001,0.1326194323817673,0.577404797077179,,,,,,,,0.004150390625,1.5326902866363525,0.003130818973771432,-0.02238961369068626,7.868737697601318
14180352,7524.772268300003,0.15440454313663787,0.5784546136856079,,,,,,,,0.003662109375,1.5750887393951416,0.0031123161153325807,-0.02127924218315366,8.548789978027344
14188544,7530.639723250999,0.16312111415133176,0.5854736566543579,,,,,,,,0.003662109375,1.458980917930603,0.0066173577971124775,-0.023471137013860666,7.418251991271973
14196736,7536.210087821004,0.1471100354478345,0.595324695110321,,,,,,,,0.003173828125,1.5073301792144775,0.007062274100273047,-0.025915230912936394,7.209728240966797
14204928,7541.457638047999,0.12482625175125295,0.5618652701377869,,,,,,,,0.0035400390625,1.5428054332733154,0.00633433736496003,-0.024699509124522012,7.786398410797119
14213120,7547.610197154005,0.16920091755242256,0.614270031452179,,,,,,,,0.003662109375,1.4974346160888672,0.004254803906085236,-0.017355753759909987,5.9301371574401855
14221312,7552.360160636003,0.1636200681769018,0.601306140422821,0.014876564725111341,0.017619233417228375,0.011531262937798381,333,499.63636701357865,46.35,nan,0.0035400390625,1.5808578729629517,0.004169244806496053,-0.01771475571445153,6.424191951751709
14229504,7560.322039835002,0.15913212434042967,0.596020519733429,,,,,,,,0.00341796875,1.5504932403564453,0.0033274956415663137,-0.025116445675041496,5.228540897369385
14237696,7565.065858001006,0.21633629561268597,0.5933594107627869,,,,,,,,0.0032958984375,1.5381848812103271,0.003633877478467773,-0.01267576606893693,6.712609767913818
14245888,7570.412174495999,0.15083306137217345,0.6090454459190369,,,,,,,,0.00341796875,1.5284628868103027,0.004312145526985334,-0.023753074800751756,4.985316753387451
14254080,7575.662719610002,0.16619687020501928,0.61175537109375,,,,,,,,0.0032958984375,1.4980751276016235,0.00542561989333934,-0.02208491924937336,4.234341621398926
14262272,7580.925929005003,0.12281205881798858,0.5604248046875,,,,,,,,0.0028076171875,1.5521676540374756,0.004546958961051506,-0.02713140836195891,6.310100078582764
14270464,7585.714832086,0.1495964112273714,0.5866333246231079,,,,,,,,0.0035400390625,1.5211764574050903,0.00467877424441665,-0.021814742244136882,5.288905620574951
14278656,7591.291136503001,0.137814897022939,0.5735840201377869,,,,,,,,0.003662109375,1.5156975984573364,0.005753436871779205,-0.019607233658537605,6.7350358963012695
14286848,7596.475300226004,0.1393131210623287,0.5781006217002869,0.01831398860901301,0.014152731940985874,0.013906407973975354,333,497.09478590810323,31.950000000000003,40.050000000000004,0.0032958984375,1.573885202407837,0.005298612968499539,-0.030059387181940334,5.576772212982178
14295040,7603.649097841,0.15296889253323398,0.582141101360321,,,,,,,,0.00390625,1.5909082889556885,0.004117622633133755,-0.022103575424999893,6.248460292816162
14303232,7608.910171736003,0.16428396804497114,0.5958251953125,,,,,,,,0.00390625,1.5833065509796143,0.003566658407221146,-0.012318833409171776,6.352972507476807
14311424,7614.224466277003,0.1342444224062743,0.5657104849815369,,,,,,,,0.0035400390625,1.5909663438796997,0.003588760421338155,-0.03126966764487892,6.7076616287231445
14319616,7619.600046467,0.11879635456637239,0.5524536371231079,,,,,,,,0.0040283203125,1.5894044637680054,0.004575354212906668,-0.02579305178183591,8.21153736114502
14327808,7625.155064786006,0.14250256172242096,0.5833496451377869,,,,,,,,0.003173828125,1.5300391912460327,0.005100948031674157,-0.023368485777582944,6.4234466552734375
14336000,7630.1725505409995,0.20289938532842466,0.6221680045127869,,,,,,,,0.003662109375,1.5766363143920898,0.005870335822063755,-0.015743361880161906,5.2597832679748535
14344192,7634.764859016999,0.15069077752602214,0.6026855707168579,,,,,,,,0.00390625,1.4595295190811157,0.006814627509377891,-0.02073369346493764,4.724972724914551
14352384,7639.917478813004,0.13785400604647458,0.586840808391571,0.015722773902151377,0.013644895155192183,0.011792080426613505,333,500.9692675659786,47.7,36.75,0.0025634765625,1.5450176000595093,0.005238927906151769,-0.028681450908848147,5.709831714630127
14360576,7647.432221531999,0.1461678296792339,0.5754638910293579,,,,,,,,0.00390625,1.5593186616897583,0.004996620288734821,-0.01905447346674451,6.235846996307373
14368768,7652.0313407270005,0.14375772968822745,0.594653308391571,,,,,,,,0.0035400390625,1.4752994775772095,0.005167132811217279,-0.022605732003153294,6.003560543060303
14376960,7657.011766408003,0.1884106040463212,0.6319946646690369,,,,,,,,0.0029296875,1.5672013759613037,0.006343860873345597,-0.016965711850552012,4.320256233215332
14385152,7662.426638325,0.13325770844939794,0.56597900390625,,,,,,,,0.003173828125,1.4920481443405151,0.0048801185471732955,-0.020447937282753834,6.097721099853516
14393344,7667.739287561999,0.1527898640231981,0.594250500202179,,,,,,,,0.0032958984375,1.5468454360961914,0.004611318687310906,-0.027974219738974817,4.656384468078613
14401536,7673.419334071004,0.18676167926836293,0.57550048828125,,,,,,,,0.0035400390625,1.560764193534851,0.0038024650324403053,-0.02240380708433825,6.101609230041504
14409728,7678.948999098,0.10563514716686884,0.5264038443565369,,,,,,,,0.0037841796875,1.5152475833892822,0.003715718932132628,-0.026584334762752262,8.085989952087402
14417920,7683.803280701002,0.13604052809318498,0.567919909954071,0.017461685865717058,0.014408312818873226,0.013286943115432992,333,489.15672026778276,49.800000000000004,nan,0.0032958984375,1.5579482316970825,0.0050776647076905546,-0.024979893015992526,6.589427471160889
14426112,7690.964757204005,0.1461992550489111,0.589855968952179,,,,,,,,0.003662109375,1.5038665533065796,0.0038749764387475683,-0.024730422268248314,6.474414825439453
14434304,7695.870284841003,0.15976754276227506,0.5995727777481079,,,,,,,,0.00341796875,1.526400089263916,0.004071578907956397,-0.020849246972166943,7.298536777496338
14442496,7700.742446673001,0.14437769353760768,0.5725464224815369,,,,,,,,0.003662109375,1.5517817735671997,0.007692278690828558,-0.02564938315065309,7.607113838195801
14450688,7707.190862413001,0.12719653881503207,0.5743652582168579,,,,,,,,0.0037841796875,1.4863505363464355,0.008199960501268144,-0.024963365375838282,6.851119518280029
14458880,7713.600170821999,0.15323379858023822,0.571520984172821,,,,,,,,0.0040283203125,1.5771267414093018,0.007016571669533955,-0.018673914607097192,8.26624870300293
14467072,7719.847619721004,0.20806541646098806,0.5675048828125,,,,,,,,0.0045166015625,1.574608564376831,0.006830306864707758,-0.012397728525812161,9.163187026977539
14475264,7724.910036443005,0.13496320616307675,0.549328625202179,,,,,,,,0.00439453125,1.5389419794082642,0.005390493256858586,-0.014887547875411862,11.620071411132812
14483456,7729.638121146003,0.13200257273731508,0.576708972454071,0.02963870701157234,0.026237764283903342,0.022229030258679283,333,454.02172666262794,36.9,30.75,0.003173828125,1.4938195943832397,0.003367961741236991,-0.024482468326018175,8.271784782409668
14491648,7736.943850942,0.16711416318104708,0.590563952922821,,,,,,,,0.0045166015625,1.5557363033294678,0.0031925444448314133,-0.012751980127027943,8.45706844329834
14499840,7742.203258346002,0.15258312200364468,0.5795532464981079,,,,,,,,0.0042724609375,1.49935781955719,0.006558788603092447,-0.018416933083949507,8.67228889465332
14508032,7747.669856356006,0.14769010309500097,0.5890259146690369,,,,,,,,0.0032958984375,1.544970154762268,0.005279884636457011,-0.020202152936581955,8.232929229736328
14516224,7752.949443924001,0.14207405526442637,0.5761474967002869,,,,,,,,0.0045166015625,1.5292214155197144,0.0047142597160597655,-0.023188856328083835,8.977648735046387
14524416,7758.317404573005,0.12501281587164903,0.5507568717002869,,,,,,,,0.0037841796875,1.5390335321426392,0.0054639883158627,-0.02453760896838765,10.375663757324219
14532608,7763.878170385004,0.16674681861532514,0.5948852896690369,,,,,,,,0.003662109375,1.4968183040618896,0.005925940483762049,-0.017870910518896447,8.1439208984375
14540800,7768.970290484001,0.14140140461717585,0.5928100943565369,,,,,,,,0.0047607421875,1.5376288890838623,0.00541529703353727,-0.017421636698003312,8.42394733428955
14548992,7773.960450892002,0.13982641471326054,0.5879760980606079,0.010376632461837287,0.008796721150431064,0.007915051140400253,333,535.0806474148411,47.7,nan,0.0032958984375,1.5787595510482788,0.006177637367461686,-0.021793666184418175,7.82039213180542
14557184,7781.40883059,0.2302073916836196,0.6372436881065369,,,,,,,,0.003173828125,1.548017144203186,0.0062657116876743135,-0.01339712130153473,5.791439056396484
14565376,7785.907145793004,0.2200556402908397,0.5937134027481079,,,,,,,,0.0037841796875,1.507906436920166,0.005267257605104714,-0.014574886516340061,7.498240947723389
14573568,7791.135248649,0.15147999405272594,0.5621337890625,,,,,,,,0.0040283203125,1.6327333450317383,0.004270150824781105,-0.023436936818776677,8.144746780395508
14581760,7796.681292364003,0.12501626465830898,0.53387451171875,,,,,,,,0.0042724609375,1.539965033531189,0.0037727431688547863,-0.022417269594642256,10.710495948791504
14589952,7801.613124781004,0.14438608105252165,0.571301281452179,,,,,,,,0.003662109375,1.5244824886322021,0.0034854403064422668,-0.019076378246678113,10.362217903137207
14598144,7806.983882500004,0.21265957709576266,0.5769409537315369,,,,,,,,0.003662109375,1.6053751707077026,0.00483128742276695,-0.014010063722885872,9.573750495910645
14606336,7813.404158256002,0.13484329014070723,0.58868408203125,,,,,,,,0.0050048828125,1.5563753843307495,0.005125920838166653,-0.018785054077051555,8.389277458190918
14614528,7818.888014711003,0.17624065647851334,0.604248046875,0.011979762181617115,0.01001823412886338,0.0089849041514114,333,533.3786665532987,43.35,40.050000000000004,0.0028076171875,1.5613869428634644,0.005003163847162595,-0.01568610244152998,7.863960266113281
14622720,7826.053530160003,0.20296730888185746,0.557482898235321,,,,,,,,0.0045166015625,1.5960686206817627,0.005185452164108151,-0.0129887980491082,11.581160545349121
14630912,7831.114031895006,0.14342322204688546,0.5797363519668579,,,,,,,,0.00439453125,1.517769455909729,0.005136091982125279,-0.021369785298734047,8.997578620910645
14639104,7836.602224029004,0.19442479619765957,0.622302234172821,,,,,,,,0.0032958984375,1.4863379001617432,0.004876175370847391,-0.01571073673915335,7.017009735107422
14647296,7841.725631197005,0.18627769362061064,0.606372058391571,,,,,,,,0.00341796875,1.520875334739685,0.0051020621106036,-0.016293365609708968,7.227233409881592
14655488,7847.192943063004,0.15957921253259416,0.5932373404502869,,,,,,,,0.0040283203125,1.5452054738998413,0.004678581082923072,-0.013290002325273893,7.680946350097656
14663680,7852.3312093720015,0.17881771957888007,0.59478759765625,,,,,,,,0.0040283203125,1.5677618980407715,0.005943654881258809,-0.017651151001277277,6.727191925048828
14671872,7857.533660496003,0.181087088406903,0.585681140422821,,,,,,,,0.00341796875,1.5317559242248535,0.005896632118926326,-0.026171261905790357,6.306407928466797
14680064,7862.765996093003,0.14233672342801143,0.58026123046875,0.01879678036907584,0.01771597078918874,0.014207362598433138,333,489.03852564693136,33.6,35.4,0.0035400390625,1.5289289951324463,0.005679199701703941,-0.017275256801840857,7.531044006347656
14688256,7870.115254339005,0.13183942395513243,0.575268566608429,,,,,,,,0.0029296875,1.53584885597229,0.0059897338181733595,-0.027079717131184452,6.4624924659729
14696448,7875.357525024003,0.16231434862638625,0.569775402545929,,,,,,,,0.00439453125,1.5438544750213623,0.00597301853224641,-0.0171748362837572,8.372164726257324
14704640,7880.200540277001,0.14387011723433468,0.595263659954071,,,,,,,,0.002685546875,1.4772276878356934,0.007380687839314448,-0.028383739927608488,6.078152656555176
14712832,7885.672415779001,0.14581550194445936,0.59222412109375,,,,,,,,0.00341796875,1.5618388652801514,0.006714441018271788,-0.02017252682154466,6.000591278076172
14721024,7891.187388521001,0.16468336302077805,0.5678467154502869,,,,,,,,0.00390625,1.4494264125823975,0.005354045606793978,-0.019360863060152136,8.069040298461914
14729216,7896.650550849001,0.12003079940513495,0.5650634765625,,,,,,,,0.0029296875,1.5500839948654175,0.0040656565225608565,-0.02754568260341833,6.732419013977051
14737408,7901.483294870006,0.1438842339459033,0.559008777141571,,,,,,,,0.004150390625,1.520391583442688,0.0029765429804112786,-0.02687808092802524,8.778910636901855
14745600,7906.891688638003,0.11551738705274449,0.557019054889679,0.016372736083404837,0.01637076521270242,0.014240809671664412,333,486.4531647746803,38.1,nan,0.003173828125,1.4690011739730835,0.006886524216476175,-0.02716573174833093,8.361627578735352
14753792,7914.5058777950035,0.13810551386052589,0.58062744140625,,,,,,,,0.003662109375,1.5788779258728027,0.006244564681406994,-0.02327836470809926,6.159942150115967
14761984,7920.277078122002,0.1465194476554625,0.5994018912315369,,,,,,,,0.003662109375,1.5287742614746094,0.006042835352609965,-0.020637648769164456,5.314001560211182
14770176,7925.2630436399995,0.16888902461023425,0.616259753704071,,,,,,,,0.00341796875,1.544942021369934,0.005806548906685416,-0.02264912110485465,5.02888822555542
14778368,7930.700727493,0.1307598883507603,0.549938976764679,,,,,,,,0.00341796875,1.5590490102767944,0.005440299970359774,-0.02366975423061249,8.182064056396484
14786560,7936.093856453001,0.11280186617940197,0.5484375357627869,,,,,,,,0.003173828125,1.4850592613220215,0.005551673539624047,-0.030514466449367995,8.516308784484863
14794752,7941.015688135005,0.14321133663113156,0.5593017935752869,,,,,,,,0.0030517578125,1.489311933517456,0.004428585731817258,-0.031372836971263286,8.215163230895996
14802944,7945.429158662999,0.1384403422637773,0.5753418207168579,,,,,,,,0.0037841796875,1.5038139820098877,0.003947141597542281,-0.029603758844762042,7.315216064453125
14811136,7951.363813869,0.10743592615800948,0.542724609375,0.008643827730308251,0.009538048252453413,0.006484447837441065,333,559.9100930210685,37.35,30.900000000000002,0.0040283203125,1.4976357221603394,0.004650987514317695,-0.030376301807398927,9.462664604187012
14819328,7959.119282391002,0.14899411712287317,0.5906128287315369,,,,,,,,0.002685546875,1.4569085836410522,0.007076856463395731,-0.022014262803947623,7.536614418029785
14827520,7964.604031729999,0.6272419333803226,0.60650634765625,,,,,,,,0.0042724609375,1.500923752784729,0.007524503887926803,-0.010320002078737713,6.772915840148926
14835712,7970.0958722990035,0.12740863716361123,0.5779052972793579,,,,,,,,0.0032958984375,1.4217028617858887,0.006939081643321021,-0.027535706934338725,6.938620090484619
14843904,7975.342044449004,0.15414966887190445,0.6070923209190369,,,,,,,,0.0029296875,1.5493402481079102,0.005547830240244633,-0.024605144376837376,5.911869525909424
14852096,7980.250344586006,0.11527670116117397,0.5605713129043579,,,,,,,,0.0035400390625,1.486980676651001,0.00555690259154229,-0.026578187437007118,7.257387638092041
14860288,7985.324852170001,0.12037355850826739,0.5579468011856079,,,,,,,,0.00341796875,1.5087954998016357,0.005845257480888488,-0.027002863329212458,7.706119060516357
14868480,7990.650835848006,0.1874325904506896,0.5963501334190369,,,,,,,,0.00341796875,1.498173475265503,0.0056637241545072214,-0.02192041274560332,7.291268348693848
14876672,7995.843681553,0.12258231796868202,0.5635010004043579,0.015339971481352133,0.0134003464050797,0.011506229145895497,287,416.1033001959689,42.6,36.6,0.0037841796875,1.4790464639663696,0.005390691212739607,-0.024513592906632003,7.950874328613281
14884864,8003.739479292002,0.14506746114506763,0.5948486328125,,,,,,,,0.0029296875,1.5113370418548584,0.005846164845469293,-0.023535719411129388,6.767266750335693
14893056,8009.337948168999,0.14179169625632945,0.576416015625,,,,,,,,0.004150390625,1.5425941944122314,0.0048736034429046615,-0.015941456476436033,7.46718168258667
14901248,8014.681816803,0.17767626579891324,0.623889148235321,,,,,,,,0.0032958984375,1.4948127269744873,0.0046222890971980846,-0.015782870287668053,5.1269073486328125
14909440,8019.958408937004,0.16671336223769007,0.6075683832168579,,,,,,,,0.00341796875,1.5619826316833496,0.004490364888133813,-0.019745076527392647,5.061609745025635
14917632,8025.262613431005,0.1543403650810854,0.5390381217002869,,,,,,,,0.0040283203125,1.5165468454360962,0.00534931781407566,-0.02354019042817399,8.423564910888672
14925824,8030.492374033005,0.10997869282100557,0.5450073480606079,,,,,,,,0.002685546875,1.5274574756622314,0.006059117021733118,-0.02925889357224873,7.490329265594482
14934016,8035.753062022006,0.14884759405531595,0.5779663324356079,,,,,,,,0.00390625,1.540832757949829,0.005496286310003318,-0.022263553344457628,5.627509593963623
14942208,8040.867038278004,0.15849621950833243,0.570874035358429,0.007408248357970715,0.008785936702182306,0.0057592526910477115,333,551.2290751482882,46.800000000000004,nan,0.0032958984375,1.4725326299667358,0.006769028433125102,-0.02587926774749151,6.435344219207764
14950400,8047.426019759005,0.18118728950435434,0.6346679925918579,,,,,,,,0.0028076171875,1.5609920024871826,0.005768452724644435,-0.021996950579962177,3.600243330001831
14958592,8051.450970148006,0.11431221822448366,0.54071044921875,,,,,,,,0.0042724609375,1.534211277961731,0.005124911562085943,-0.024477051921530487,7.059278964996338
14966784,8056.627171473003,0.14041876863484914,0.564208984375,,,,,,,,0.0032958984375,1.5209728479385376,0.005275542323511351,-0.02952234737764749,6.8929123878479
14974976,8061.141896219,0.13348776250002234,0.5676025748252869,,,,,,,,0.002685546875,1.587485909461975,0.004792563329676924,-0.02532152310107948,6.751518249511719
14983168,8065.557122004,0.12070415749373647,0.5420288443565369,,,,,,,,0.0045166015625,1.5365684032440186,0.004686365559812278,-0.02408959612802263,8.881171226501465
14991360,8069.934004987001,0.1288383519743086,0.5620361566543579,,,,,,,,0.0032958984375,1.519175410270691,0.004471867143548636,-0.02333305404982924,7.531243324279785
14999552,8074.481872289005,0.18589135160296688,0.62750244140625,,,,,,,,0.0030517578125,1.554844856262207,0.004768951001994481,-0.024033791703578933,4.541533946990967
15007744,8078.657458984999,0.16067189490304118,0.59881591796875,0.014483864210407482,0.011170754083354772,0.010862898157805612,333,507.5137039712078,46.35,43.800000000000004,0.0037841796875,1.484098196029663,0.006464587726801141,-0.018823503922984725,5.200927257537842
15015936,8085.133268026002,0.14858233043107635,0.586010754108429,,,,,,,,0.003173828125,1.5623856782913208,0.0025266630501449283,-0.02104594341111936,6.315622806549072
15024128,8089.344097289999,0.13211841895460746,0.557971179485321,,,,,,,,0.003173828125,1.5529500246047974,0.0019285605231045277,-0.026569634145250688,6.944398403167725
15032320,8093.624313165004,0.1253837833852466,0.571423351764679,,,,,,,,0.0035400390625,1.5529656410217285,0.0019794228980523076,-0.028403153133166853,5.2135186195373535
15040512,8097.913337842001,0.13373937212752463,0.559216320514679,,,,,,,,0.0030517578125,1.6077804565429688,0.003131959099763937,-0.028666092696905232,6.485612392425537
15048704,8102.360459473006,0.14646397020843338,0.594860851764679,,,,,,,,0.0037841796875,1.5384279489517212,0.003573778269996497,-0.023086205992701905,5.429943084716797
15056896,8106.902433837,0.12491249237574314,0.574328601360321,,,,,,,,0.0030517578125,1.5558357238769531,0.003907181140568761,-0.02619037585446933,5.643600940704346
15065088,8111.369969267005,0.18228491470149313,0.6050171256065369,,,,,,,,0.0032958984375,1.5817049741744995,0.005290913362022698,-0.02336814884546474,4.112316608428955
15073280,8115.745877014,0.1442354773679276,0.561450183391571,0.014215720981819224,0.012014180454422485,0.011101293189599404,333,512.8766425214876,36.9,48.300000000000004,0.0040283203125,1.5479941368103027,0.005988097157465511,-0.02628886555555317,5.67301082611084
15081472,8121.856299859006,0.2402915122268194,0.593762218952179,,,,,,,,0.0028076171875,1.5511202812194824,0.0058247151884319726,-0.016504744742194957,5.678483009338379
15089664,8126.398909765005,0.15645826793414053,0.573681652545929,,,,,,,,0.00390625,1.5714986324310303,0.004653663804637831,-0.018951907246329485,6.2614006996154785
15097856,8132.370281711999,0.14400713180834288,0.588146984577179,,,,,,,,0.0029296875,1.498112678527832,0.004316968650299735,-0.027268355984804517,4.667259216308594
15106048,8137.108883281006,0.1281985948958947,0.564453125,,,,,,,,0.0032958984375,1.570469856262207,0.005528497650606923,-0.026924275154220557,5.343449592590332
15114240,8143.069332208004,0.13547857594920154,0.54766845703125,,,,,,,,0.0045166015625,1.584204912185669,0.005540693518354289,-0.020248826615943214,7.6509246826171875
15122432,8148.363893275004,0.16949835435846605,0.577221691608429,,,,,,,,0.0029296875,1.50973641872406,0.0046073209707114815,-0.014355930905113763,8.168614387512207
15130624,8154.1168511460055,0.14373116359495586,0.586743175983429,,,,,,,,0.00341796875,1.5006901025772095,0.004533251340224753,-0.026195596885997336,5.141294002532959
15138816,8159.621299056002,0.15523961571521339,0.535021960735321,0.008246086429568478,0.010530994394814419,0.007429002716718536,333,544.5179478216346,46.95,nan,0.0037841796875,1.531899333000183,0.00575985247216515,-0.01708540795001935,7.961068630218506
15147008,8167.0658841210025,0.15161628092965063,0.60711669921875,,,,,,,,0.0030517578125,1.5498127937316895,0.004825131702565932,-0.022196921280141262,4.36006498336792
15155200,8172.520876035,0.14288830874660693,0.5947632193565369,,,,,,,,0.0029296875,1.5105539560317993,0.004615212699478288,-0.026041239409085405,4.247066020965576
15163392,8177.644968518005,0.12090189939680251,0.5145263671875,,,,,,,,0.003662109375,1.5875911712646484,0.00412128668785916,-0.02635072679892077,7.6399736404418945
15171584,8182.567639744004,0.14131605616272724,0.5603393912315369,,,,,,,,0.0040283203125,1.5300931930541992,0.004958097119258986,-0.01901293362317999,7.980992794036865
15179776,8186.937017519005,0.12232320012391935,0.552844226360321,,,,,,,,0.003173828125,1.607108473777771,0.004361071009242545,-0.027969119661552633,7.739293575286865
15187968,8191.630519041006,0.1342851219029952,0.586596667766571,,,,,,,,0.003173828125,1.5576350688934326,0.0038952833894864147,-0.02454509947117441,5.875563621520996
15196160,8196.926215405001,0.12761395725756475,0.575549304485321,,,,,,,,0.00390625,1.5433876514434814,0.003309589501364285,-0.029794891273479663,5.673186779022217
15204352,8202.659884175002,0.14552082031071498,0.5968994498252869,0.0053659672462818,0.005705937066508238,0.004572792711357687,333,565.9994819480789,41.85,nan,0.0028076171875,1.5413713455200195,0.004165397448167241,-0.026122201304119564,5.003221035003662
15212544,8210.443271875003,0.1401368563478429,0.59197998046875,,,,,,,,0.003173828125,1.589656114578247,0.0033355954226292894,-0.02890882742631022,4.143439292907715
15220736,8215.762941862005,0.1286819783045741,0.5555664300918579,,,,,,,,0.00390625,1.634678602218628,0.004185047993412017,-0.02326179563215536,5.454087734222412
15228928,8220.83095353,0.1328224201926475,0.570935070514679,,,,,,,,0.003662109375,1.5838860273361206,0.0055053138396681245,-0.02372600791262386,5.32806921005249
15237120,8225.731915181,0.1467075575351032,0.5825439691543579,,,,,,,,0.003173828125,1.5688902139663696,0.004821363796883138,-0.028890602862134785,4.536166667938232
15245312,8230.736528263005,0.14675002825014005,0.589550793170929,,,,,,,,0.00390625,1.5594372749328613,0.0049422204165034955,-0.021192953549792087,4.940632343292236
15253504,8237.123937046003,0.13448279906506208,0.587292492389679,,,,,,,,0.002685546875,1.5475881099700928,0.004441771964438179,-0.0338456881454901,4.0270609855651855
15261696,8243.458562172003,0.12907498642091586,0.57537841796875,,,,,,,,0.0029296875,1.5888577699661255,0.00459723857906269,-0.03040852024348807,4.544114112854004
15269888,8249.018633012005,0.14737016741335174,0.580090343952179,0.009363841846596666,0.00896196319867304,0.008398522859769941,333,514.3083376333467,47.400000000000006,nan,0.003662109375,1.5525453090667725,0.004170271181031859,-0.026381881845383627,4.436300277709961
15278080,8256.192819344004,0.10470467024141053,0.5411133170127869,,,,,,,,0.0028076171875,1.5855799913406372,0.003939217404018813,-0.03191708704352008,5.9561381340026855
15286272,8261.859533509,0.15228706207328524,0.5906616449356079,,,,,,,,0.0035400390625,1.5722182989120483,0.0047233682090392914,-0.030496870213905382,4.380166053771973
15294464,8267.122109614,0.12699330775374668,0.56134033203125,,,,,,,,0.003173828125,1.5405741930007935,0.003725037123124997,-0.031173748931078146,6.168270111083984
15302656,8272.770072973006,0.12144851628949892,0.5607544183731079,,,,,,,,0.003173828125,1.5825906991958618,0.00269970662066199,-0.030241822445954625,6.002784252166748
15310848,8278.399527244,0.12402780029030894,0.545971691608429,,,,,,,,0.0040283203125,1.6281402111053467,0.0029353630335116065,-0.022629790002826906,7.353041172027588
15319040,8283.731088892004,0.1401322646459211,0.5575805902481079,,,,,,,,0.00390625,1.6174675226211548,0.003834284679692823,-0.01948452571485791,7.082139492034912
15327232,8288.844046285005,0.13793847734451445,0.5896850824356079,,,,,,,,0.0028076171875,1.5530352592468262,0.004744161293776639,-0.02304856312119952,4.7268781661987305
15335424,8294.454914175003,0.13359003137681028,0.580883800983429,0.007791455199645636,0.008318382705923555,0.006795971480656471,333,544.1840309762615,35.25,nan,0.0029296875,1.565066933631897,0.004351522554377318,-0.02611721014398577,4.162095546722412
15343616,8301.469305117003,0.1897175191945695,0.567614734172821,,,,,,,,0.0037841796875,1.5954310894012451,0.005523592873351912,-0.020615138342402584,6.444521427154541
15351808,8306.904929781005,0.13517004854365886,0.5630859732627869,,,,,,,,0.0035400390625,1.5809434652328491,0.004501752068256204,-0.021559420878333676,6.371968746185303
15360000,8312.046139135004,0.1369726172364992,0.5857177972793579,,,,,,,,0.0035400390625,1.6196179389953613,0.0047797956205732905,-0.030391311451298215,5.461135387420654
15368192,8317.436201206001,0.1482319064374255,0.5928955078125,,,,,,,,0.0032958984375,1.5641138553619385,0.0036086848178107367,-0.024681192502211596,5.222121238708496
15376384,8322.916553299001,0.11754938169811605,0.5601440668106079,,,,,,,,0.0029296875,1.6079281568527222,0.003993737193086155,-0.03450280163050585,5.210517883300781
15384576,8327.977183767005,0.12746409773859468,0.530834972858429,,,,,,,,0.00439453125,1.6217732429504395,0.004386692864158825,-0.018026255684562915,8.687217712402344
15392768,8333.267551101002,0.1869568999221387,0.6098389029502869,,,,,,,,0.0030517578125,1.5615438222885132,0.0036628739679656075,-0.014245120512034465,4.564489364624023
15400960,8338.256717889999,0.14911071094801476,0.591906726360321,0.006275833030874978,0.007208900553374753,0.00648520607474623,333,537.9548014408157,48.6,nan,0.0032958984375,1.6644608974456787,0.0047171318440768495,-0.026889009525797838,4.626388072967529
15409152,8344.93164812,0.13363085278028716,0.5741821527481079,,,,,,,,0.0037841796875,1.5654948949813843,0.004150048049233135,-0.019114518003334104,5.639194011688232
15417344,8350.584606673001,0.12727426193977626,0.553845226764679,,,,,,,,0.003173828125,1.6424120664596558,0.003932635746484725,-0.028974629178594294,5.870572566986084
15425536,8356.575998667002,0.1266344117701701,0.532360851764679,,,,,,,,0.0050048828125,1.6726759672164917,0.004135911545015025,-0.01881118447128011,8.75733470916748
15433728,8362.277916391002,0.12291125711995679,0.557995617389679,,,,,,,,0.003173828125,1.550113320350647,0.004180272296611776,-0.02717716064851258,6.774777412414551
15441920,8367.701326976,0.15795227534839396,0.5865722894668579,,,,,,,,0.0028076171875,1.6661542654037476,0.0038251186610903654,-0.020166004872470503,6.574650764465332
15450112,8373.110797857,0.1596767093726159,0.567309558391571,,,,,,,,0.005126953125,1.5743598937988281,0.0034011717670510144,-0.015434597030553202,7.900567054748535
15458304,8378.324199414004,0.14676582244712025,0.59417724609375,,,,,,,,0.0020751953125,1.5264544486999512,0.0039701637275562085,-0.0210046907898752,5.566810131072998
15466496,8383.597062651002,0.18846811583348969,0.62774658203125,0.013092217699645303,0.0106945056411053,0.009853157049598105,333,500.0467957851721,49.2,nan,0.0032958984375,1.6270034313201904,0.0038862802699276555,-0.015770745164789723,3.6939027309417725
15474688,8392.138470253005,0.13008130179340147,0.567639172077179,,,,,,,,0.004638671875,1.4853633642196655,0.005431328538179403,-0.019476831696449322,5.612924098968506
15482880,8398.434717938006,0.12127749276859603,0.562426745891571,,,,,,,,0.003173828125,1.7133387327194214,0.005999238539259766,-0.02518036484441812,6.9095635414123535
15491072,8403.795205373004,0.17141439924406082,0.545458972454071,,,,,,,,0.0042724609375,1.658450722694397,0.005094462002175337,-0.027606069876605473,7.18384313583374
15499264,8408.681313882,0.12678241142726748,0.565930187702179,,,,,,,,0.0035400390625,1.5980308055877686,0.003674961317639225,-0.022306173414240266,6.387904644012451
15507456,8413.680431200002,0.14645610990671662,0.590624988079071,,,,,,,,0.0032958984375,1.6675820350646973,0.0033627237975746294,-0.018596260179321623,5.412889003753662
15515648,8418.729924675004,0.1505347448385441,0.5760132074356079,,,,,,,,0.00439453125,1.5354087352752686,0.004000321425977393,-0.01679448433276772,6.341032028198242
15523840,8423.764678727006,0.17929685666092726,0.5646118521690369,,,,,,,,0.003173828125,1.6559476852416992,0.004765475802529617,-0.01905762611330423,8.301653861999512
15532032,8429.156877682006,0.12968177315955387,0.5539917349815369,0.02604928445610666,0.037114202851725064,0.037114202851725064,64,28.524517454233774,9.600000000000001,nan,0.00390625,1.6457452774047852,0.0031297887921438727,-0.02014555082349212,8.71444034576416
15540224,8436.583969019004,0.1531619631760943,0.6059814691543579,,,,,,,,0.003662109375,1.5306980609893799,0.0031025389289539573,-0.019575828215961596,5.137909889221191
15548416,8441.910833740003,0.17019567365582422,0.616564929485321,,,,,,,,0.002685546875,1.606760859489441,0.004632684196267167,-0.023054526580001275,4.859713077545166
15556608,8446.941950255,0.10550946128968963,0.53338623046875,,,,,,,,0.00341796875,1.5631725788116455,0.004624223744784217,-0.024356537819953908,8.710758209228516
15564800,8451.828587971999,0.17764171683276953,0.6223511099815369,,,,,,,,0.0029296875,1.5454386472702026,0.003850011752860927,-0.023320965160592677,4.210605144500732
15572992,8457.162698193999,0.1319781225639854,0.5532593131065369,,,,,,,,0.0035400390625,1.6199132204055786,0.003180104651126392,-0.023055162399640165,7.439401149749756
15581184,8462.421630583005,0.1605295081712939,0.5409302115440369,,,,,,,,0.0042724609375,1.5939759016036987,0.003773972353704913,-0.014628716731118064,10.943470001220703
15589376,8467.767685238003,0.1444095680656425,0.5724853873252869,,,,,,,,0.0032958984375,1.5942538976669312,0.003650039455542431,-0.01840724294593211,8.376388549804688
15597568,8472.927955908002,0.13406248000041507,0.5835815668106079,0.007034109386833021,0.007694440500056521,0.005275582040124793,333,572.1442393534427,38.1,33.0,0.0029296875,1.5937888622283936,0.003156595343791757,-0.023890899906160584,6.946800231933594
15605760,8480.388038016004,0.17500677018578814,0.6050049066543579,,,,,,,,0.0040283203125,1.560943841934204,0.003794921367991644,-0.021108876361413523,5.664437294006348
15613952,8485.518382335002,0.14820668305583493,0.59576416015625,,,,,,,,0.0030517578125,1.6537096500396729,0.00360640860578032,-0.01992522495106705,5.113720417022705
15622144,8490.013514131002,0.14723144789808393,0.59027099609375,,,,,,,,0.00341796875,1.6339311599731445,0.003450419746976685,-0.023628460557402295,4.694956302642822
15630336,8495.441737166999,0.1381392888682514,0.5782715082168579,,,,,,,,0.0035400390625,1.6229362487792969,0.00472490614101817,-0.023642204803261704,4.732411861419678
15638528,8500.774005493004,0.1734484669175993,0.58062744140625,,,,,,,,0.0035400390625,1.6379237174987793,0.003675810568172011,-0.023554963310151705,5.161482334136963
15646720,8506.254336505,0.1438570048837605,0.5975708365440369,,,,,,,,0.0035400390625,1.618551254272461,0.0035262768795151223,-0.02414456756778713,4.1215949058532715
15654912,8511.629469033003,0.12988572561639705,0.541369616985321,,,,,,,,0.0030517578125,1.6267344951629639,0.003935770881196121,-0.02477524242036573,7.133488655090332
15663104,8516.804147841001,0.11000854292166379,0.536669909954071,0.0076624522472276135,0.008502996142803032,0.005904122581296245,333,567.3591992401381,36.9,47.25,0.003662109375,1.6248319149017334,0.0030461254306628494,-0.030843849615032105,7.036393642425537
15671296,8524.436551404004,0.1319571891854878,0.555908203125,,,,,,,,0.0035400390625,1.5497968196868896,0.003315969970998589,-0.026881887026716646,6.880667209625244
15679488,8529.801532408004,0.13107903317450892,0.572021484375,,,,,,,,0.00341796875,1.643233299255371,0.0032803540776450424,-0.020225486100863495,6.811561584472656
15687680,8535.056433362006,0.13951932879079965,0.5872558951377869,,,,,,,,0.00341796875,1.5877830982208252,0.0036119235409419748,-0.026833363571274894,4.770249843597412
15695872,8540.239751751003,0.13829969737601597,0.5815796256065369,,,,,,,,0.0029296875,1.6079903841018677,0.003716072205231402,-0.029414451145015275,5.425229072570801
15704064,8545.412619264003,0.16415304099130074,0.599743664264679,,,,,,,,0.0030517578125,1.583895206451416,0.004204547955944715,-0.0191447082001097,4.207388401031494
15712256,8550.676200525006,0.1460293421770704,0.570690929889679,,,,,,,,0.0037841796875,1.5963563919067383,0.00328741867362381,-0.021568014144163147,6.041345119476318
15720448,8556.002009659001,0.12548638834941697,0.582531750202179,,,,,,,,0.0035400390625,1.5666178464889526,0.002772896814748904,-0.030546218592938726,5.349208354949951
15728640,8561.481591491,0.1454139382572836,0.5395141839981079,0.009442520814534672,0.008612630441903635,0.007364064298230999,333,548.0277939260492,48.45,nan,0.0032958984375,1.5917363166809082,0.004490951999353343,-0.027188489886852726,7.8299126625061035
15736832,8569.251326646001,0.13486344674505146,0.585314929485321,,,,,,,,0.0032958984375,1.5920945405960083,0.005202207439766848,-0.02023256161622028,5.833951473236084
15745024,8574.372297584,0.1302559708690414,0.57171630859375,,,,,,,,0.0040283203125,1.5682886838912964,0.006099942290560101,-0.02806771481791346,5.560590744018555
15753216,8579.697056249002,0.1324352225284353,0.552172839641571,,,,,,,,0.0032958984375,1.6134089231491089,0.004043168632287042,-0.02706734793620709,8.269599914550781
15761408,8585.187760740002,0.12600911165450884,0.563610851764679,,,,,,,,0.003173828125,1.571243405342102,0.004006092054943844,-0.02758838482638102,6.886877536773682
15769600,8590.413536256005,0.13825025365024135,0.57122802734375,,,,,,,,0.0037841796875,1.5945810079574585,0.0030413709143451984,-0.020073621683790593,7.611728191375732
15777792,8596.988478195999,0.1477258220745857,0.57781982421875,,,,,,,,0.0035400390625,1.54103422164917,0.003610336091495192,-0.019277111258798964,7.87599515914917
15785984,8602.567637478001,0.12980000438464862,0.5500732660293579,,,,,,,,0.0028076171875,1.5918339490890503,0.00493845372285362,-0.026519607710215966,8.865198135375977
15794176,8608.182825013006,0.17363387152854254,0.613574206829071,0.010509913835362594,0.009660352846989406,0.008134835357734738,333,534.7014261402494,41.1,nan,0.0032958984375,1.5216479301452637,0.004089068155001208,-0.013969989624867741,5.830492973327637
15802368,8615.530671958004,0.15362354191051453,0.5937134027481079,,,,,,,,0.0032958984375,1.5339469909667969,0.004384070655952477,-0.012954478474622883,7.33419942855835
15810560,8621.126048868005,0.1379714522011803,0.570324718952179,,,,,,,,0.003662109375,1.6380422115325928,0.004294537808492205,-0.02457359622870127,8.087288856506348
15818752,8626.30197049,0.13612665748078143,0.5751098990440369,,,,,,,,0.0040283203125,1.6056870222091675,0.0030762333934637454,-0.023525449857733395,7.379701137542725
15826944,8631.719546510001,0.11811891715926966,0.5538574457168579,,,,,,,,0.002685546875,1.6207127571105957,0.002848590711112653,-0.027206052461299216,7.8555498123168945
15835136,8637.334630846002,0.15078822251496882,0.6101318597793579,,,,,,,,0.0032958984375,1.555328130722046,0.0034542386653538815,-0.025252455781654345,5.623483180999756
15843328,8642.317192536,0.12057931854490025,0.5614990592002869,,,,,,,,0.003662109375,1.5628345012664795,0.004562430209294033,-0.029308624274882275,7.916416168212891
15851520,8646.612198031005,0.16568219857025934,0.58197021484375,,,,,,,,0.0032958984375,1.5829963684082031,0.0038929298021932457,-0.021654527641565093,6.575325012207031
15859712,8651.882591876005,0.14906872978288085,0.59063720703125,0.014311533371209384,0.014621090293410854,0.011611804925122149,333,504.6752222437191,42.300000000000004,nan,0.003173828125,1.5609490871429443,0.004329377897141162,-0.02085801066834737,6.781874179840088
15867904,8659.829222881002,0.12987247189839343,0.5640869140625,,,,,,,,0.0035400390625,1.6411240100860596,0.0030624235251768273,-0.019451313097779973,8.50728988647461
15876096,8665.067959808002,0.11665224574497118,0.524157702922821,,,,,,,,0.004150390625,1.5995099544525146,0.0027566484125670643,-0.021258601290357563,12.101724624633789
15884288,8670.169890358004,0.16334537405064703,0.60601806640625,,,,,,,,0.003173828125,1.5845147371292114,0.004636772486193097,-0.023866715420777392,5.791172981262207
15892480,8675.454916005001,0.16113607285363862,0.598461925983429,,,,,,,,0.0030517578125,1.609662652015686,0.0031425024053644,-0.019111679371353475,5.86604642868042
15900672,8680.645301131,0.15041496516612418,0.57208251953125,,,,,,,,0.0035400390625,1.5653477907180786,0.004380498749661732,-0.013966003086324187,8.337539672851562
15908864,8686.020964300005,0.17867045220459718,0.614025890827179,,,,,,,,0.0032958984375,1.620531678199768,0.004662010475121492,-0.014041397037667208,6.0443243980407715
15917056,8691.502521814,0.10311669602572703,0.5065674185752869,,,,,,,,0.0035400390625,1.5893357992172241,0.0034641233023611218,-0.029218224075757505,11.288114547729492
15925248,8697.017206639,0.14108714408316933,0.570239245891571,0.00656248959761474,0.005057167734557888,0.005057167734557888,333,564.9055240563708,49.95,nan,0.00341796875,1.5566749572753906,0.003504488426602337,-0.017946452098405185,7.760462284088135
15933440,8704.041741392,0.13487033175234706,0.570068359375,,,,,,,,0.0029296875,1.5842763185501099,0.00463812308124012,-0.026022638365069017,9.08090591430664
15941632,8709.426895691002,0.153270022116842,0.5525879263877869,,,,,,,,0.0037841796875,1.5210806131362915,0.005120325253134772,-0.021573418141061534,10.726332664489746
15949824,8714.712511452999,0.14746432174594537,0.5695434808731079,,,,,,,,0.0035400390625,1.5108565092086792,0.004026200916246392,-0.026367909356136476,11.053275108337402
15958016,8720.072763314005,0.17823827626356967,0.6217895746231079,,,,,,,,0.0032958984375,1.5823359489440918,0.004283367695763096,-0.0168509474213387,6.783544063568115
15966208,8725.464395722003,0.16503124272751676,0.5562988519668579,,,,,,,,0.00341796875,1.5729719400405884,0.0034727993708165705,-0.021025680659328097,9.33188247680664
15974400,8730.899847983004,0.20983196774642981,0.639880359172821,,,,,,,,0.0029296875,1.593315839767456,0.004415780249046541,-0.013438540601413536,4.593908309936523
15982592,8736.301255710001,0.15387265051121057,0.574475109577179,,,,,,,,0.0042724609375,1.640497088432312,0.0029899705583298353,-0.010651445065790821,7.877783298492432
15990784,8741.247466154004,0.18744263043295992,0.55963134765625,0.009694045562071207,0.010184116816904343,0.007755561703573832,333,523.2534259441184,48.45,nan,0.0042724609375,1.6571787595748901,0.0048599018446569,-0.012260598818967775,8.678483009338379
15998976,8748.374151986005,0.14060133127532196,0.590502917766571,,,,,,,,0.002685546875,1.5842798948287964,0.004256165638845344,-0.019059484931465052,6.144752502441406
16007168,8753.405586178,0.10939863391157667,0.5134033560752869,,,,,,,,0.00390625,1.5911507606506348,0.0032243616232919825,-0.01972425157407187,11.478228569030762
16015360,8758.960316753,0.1363031786789338,0.5816406607627869,,,,,,,,0.0032958984375,1.520653247833252,0.0039820825216085876,-0.026134207941223588,7.185554504394531
16023552,8764.779742668004,0.14690904069442384,0.5536743402481079,,,,,,,,0.0032958984375,1.6384899616241455,0.005212145696160242,-0.01724493319606275,8.932075500488281
16031744,8770.343853302002,0.14496043620995702,0.5673828125,,,,,,,,0.0042724609375,1.5657353401184082,0.004819619091602778,-0.013966169679010237,10.974369049072266
16039936,8775.505651179003,0.16249419594930092,0.619213879108429,,,,,,,,0.0032958984375,1.546530842781067,0.004707863183133099,-0.02356079870540809,5.459878921508789
16048128,8780.733558040003,0.18035762466998131,0.597705066204071,,,,,,,,0.0028076171875,1.603308916091919,0.004469552172853164,-0.013943572166926155,6.587510585784912
16056320,8785.658510678004,0.2423908504743153,0.546765148639679,0.008477823462860301,0.007958489754127718,0.006575666501879018,333,555.0367390937784,45.150000000000006,nan,0.0054931640625,1.6509690284729004,0.0034408786593208562,-0.019726703605483942,10.587546348571777
16064512,8793.258003721,0.15787854553932956,0.5796875357627869,,,,,,,,0.003173828125,1.6191871166229248,0.0036947832369228495,-0.019176855347766055,8.631442070007324
16072704,8797.670451937003,0.151769199381282,0.5976806879043579,,,,,,,,0.002685546875,1.5957887172698975,0.0035264398058078017,-0.015852889146948424,8.249613761901855
16080896,8802.463844135003,0.19530889502989393,0.615124523639679,,,,,,,,0.004150390625,1.5701028108596802,0.0034209083868624868,-0.011124372341325676,6.48193883895874
16089088,8807.505764368005,0.17228965552137596,0.6000610589981079,,,,,,,,0.003662109375,1.6942590475082397,0.0033198222778683117,-0.017506707850531416,6.830087184906006
16097280,8812.868608828001,0.11647019053320895,0.55938720703125,,,,,,,,0.00439453125,1.6319650411605835,0.0034673061518319948,-0.023315271070957436,8.131525039672852
16105472,8818.299663589001,0.13877845385520987,0.5846801996231079,,,,,,,,0.002685546875,1.6038621664047241,0.004234351386926627,-0.018900463304683857,6.913115978240967
16113664,8823.943556072001,0.17773589321744507,0.588977038860321,,,,,,,,0.003662109375,1.704128384590149,0.0032061337015951707,-0.019703263297604384,7.077262878417969
16121856,8829.18262983,0.16260450757952294,0.5997681021690369,0.008555682343922788,0.013437628816477143,0.006710507359713458,333,551.6030989332849,36.6,nan,0.0040283203125,1.5907849073410034,0.003096278743982328,-0.017351248021013923,6.0901055335998535
16130048,8837.018893333,0.16629024611203122,0.5503784418106079,,,,,,,,0.00244140625,1.6824203729629517,0.003876939301657445,-0.02032110803744494,8.428561210632324
16138240,8842.750060326005,0.1318061035437281,0.5219482779502869,,,,,,,,0.004150390625,1.5955253839492798,0.003330105085478041,-0.018454036145751473,11.120567321777344
16146432,8848.346766605006,0.16558088078681654,0.611071765422821,,,,,,,,0.00341796875,1.5152848958969116,0.004151065877140203,-0.01849407362147462,6.327662944793701
16154624,8854.599102250999,0.17120374760083412,0.599841296672821,,,,,,,,0.00341796875,1.6627485752105713,0.005336523065905152,-0.01446739044867251,5.983272075653076
16162816,8860.031903859002,0.1703158303157301,0.606555163860321,,,,,,,,0.0042724609375,1.604137897491455,0.004310124660631964,-0.013915866169916686,5.777706623077393
16171008,8865.219090242004,0.1444985807244759,0.59820556640625,,,,,,,,0.0023193359375,1.6688740253448486,0.004031553827041678,-0.022666188892464734,5.494728088378906
16179200,8870.960065708001,0.10237395652528321,0.5181640982627869,,,,,,,,0.0035400390625,1.5939675569534302,0.003866854336166181,-0.026294298851899746,8.603128433227539
16187392,8876.464621350002,0.17364541686321708,0.6207519769668579,0.008144329158187968,0.008608810379735599,0.006108246868640976,333,569.0226696698769,36.300000000000004,30.75,0.00341796875,1.5479648113250732,0.004376624987049271,-0.024874789695235492,4.005407333374023
16195584,8884.156647012001,0.14028919068475618,0.577099621295929,,,,,,,,0.003662109375,1.7237969636917114,0.0034603165304061267,-0.02836278605482964,5.17876672744751
16203776,8889.687347693005,0.11753593240441228,0.5550293326377869,,,,,,,,0.0042724609375,1.6345051527023315,0.004360013638276539,-0.02573128635278843,5.7012038230896
16211968,8894.769812153005,0.1717576004777926,0.606945812702179,,,,,,,,0.00244140625,1.6095327138900757,0.003673151595558921,-0.016653172089811527,5.065840244293213
16220160,8900.394764344004,0.14593124060344415,0.5754028558731079,,,,,,,,0.0040283203125,1.6661595106124878,0.0038103392724567753,-0.02343498705533787,5.3162455558776855
16228352,8905.679134354003,0.14423088553276228,0.602282702922821,,,,,,,,0.0032958984375,1.5196284055709839,0.004189155478535711,-0.024659717030668354,4.096836566925049
16236544,8910.562816247002,0.13489860658302022,0.57305908203125,,,,,,,,0.002685546875,1.6981253623962402,0.004002410868123918,-0.030716462712613014,4.52922248840332
16244736,8915.910979329004,0.10484429693032118,0.4914917051792145,,,,,,,,0.00439453125,1.6475520133972168,0.00432964387518564,-0.015762081037141436,11.68383502960205
16252928,8921.672142084004,0.10761638441242956,0.537707507610321,0.008092010312787279,0.007806859204534389,0.006428895179691918,333,552.2113224655325,46.2,nan,0.0030517578125,1.5283151865005493,0.003743411924134632,-0.030844048919403545,7.365074157714844
16261120,8929.782488094002,0.1478879080468711,0.595593273639679,,,,,,,,0.0032958984375,1.6864362955093384,0.003311863797941461,-0.018021624581242308,5.115086078643799
16269312,8935.421626611002,0.13668362982667717,0.58740234375,,,,,,,,0.00439453125,1.5289078950881958,0.005450865294105989,-0.021454375121542243,4.827949047088623
16277504,8940.260924341004,0.144571830539069,0.585742175579071,,,,,,,,0.0020751953125,1.6573712825775146,0.005227769605376187,-0.03270943782873335,4.885263442993164
16285696,8944.925253597,0.13627857070392985,0.5644775629043579,,,,,,,,0.00439453125,1.5978577136993408,0.004132196377002573,-0.022978726556062718,5.385585308074951
16293888,8950.104684735,0.14873277148992467,0.596911609172821,,,,,,,,0.0028076171875,1.5334150791168213,0.004485349691418117,-0.026031053721300913,5.183628082275391
16302080,8956.621758195004,0.12792940347307177,0.5713257193565369,,,,,,,,0.003173828125,1.6597769260406494,0.005052265339844375,-0.027860786604675294,5.251880168914795
16310272,8960.856185962999,0.14397710659760518,0.579150378704071,,,,,,,,0.00439453125,1.642913818359375,0.003916479010302787,-0.015236487896083348,5.586257457733154
16318464,8965.622024311,0.12550690784548096,0.561389148235321,0.006319196865574028,0.010017922153965575,0.0052990135657204895,333,566.1187687255431,46.650000000000006,nan,0.0030517578125,1.5648133754730225,0.004592111738680127,-0.026472976202143596,5.825917720794678
16326656,8973.553140271004,0.15569342408682862,0.591845691204071,,,,,,,,0.0030517578125,1.6650280952453613,0.0046248454547686,-0.02342636571041529,4.583982944488525
16334848,8978.664791754003,0.11355225849864033,0.5577392578125,,,,,,,,0.0042724609375,1.5823140144348145,0.0030560457644572825,-0.025365730425279856,6.569295406341553
16343040,8983.932075998004,0.1773125626130667,0.6304077506065369,,,,,,,,0.0023193359375,1.6175334453582764,0.003688160714769406,-0.023700805699332122,4.194718837738037
16351232,8989.261511983,0.27641929615351435,0.5849365592002869,,,,,,,,0.0040283203125,1.6742925643920898,0.0023150736496597712,-0.012714745679571551,4.747653484344482
16359424,8994.679906929,0.1361763543639228,0.580798327922821,,,,,,,,0.0030517578125,1.5521589517593384,0.003174226088894061,-0.02693036312820607,3.8582241535186768
16367616,8999.917149716006,0.13120242705252094,0.5591675043106079,,,,,,,,0.0028076171875,1.6873314380645752,0.003881763636269908,-0.026016906188642386,4.798578262329102
16375808,9004.873325708999,0.13595202939307469,0.572131335735321,,,,,,,,0.005126953125,1.6396127939224243,0.003930607572541489,-0.01950720818400971,5.411671161651611
16384000,9010.076731015004,0.10312049537810726,0.53375244140625,0.007230681306007902,0.0068253612005859665,0.005881226109673676,333,559.2584902005801,49.2,nan,0.0030517578125,1.6712387800216675,0.0034541038719805295,-0.031248233918895488,6.775866985321045
16392192,9017.472571772,0.14511744314690497,0.592846691608429,,,,,,,,0.0032958984375,1.6423166990280151,0.0040237740017894374,-0.02785879046243498,4.714767932891846
16400384,9022.788777170004,0.13890530476952354,0.5644287467002869,,,,,,,,0.0037841796875,1.4983235597610474,0.004309913794554476,-0.02638321115873682,6.290894508361816
16408576,9028.370723569002,0.1563133301226729,0.609484851360321,,,,,,,,0.002685546875,1.6310582160949707,0.003016923802977578,-0.02869145738961595,4.270434856414795
16416768,9033.452732056001,0.15711757127394163,0.5885864496231079,,,,,,,,0.003662109375,1.5643259286880493,0.0028466730991284495,-0.022886866481738006,4.274648189544678
16424960,9038.612193534005,0.13139362055717682,0.5735107660293579,,,,,,,,0.0032958984375,1.5877833366394043,0.003106642473551413,-0.02709692458280874,5.352508544921875
16433152,9043.511869848,0.1351040040176216,0.582385241985321,,,,,,,,0.0035400390625,1.644425392150879,0.00273291920328278,-0.02769065369192162,4.713751316070557
16441344,9048.323438588006,0.12564924346629427,0.5674194693565369,,,,,,,,0.003662109375,1.599692940711975,0.0038143848641134515,-0.029519968302113026,5.268276214599609
16449536,9053.700271040005,0.14381116411782832,0.587353527545929,0.01013289879363466,0.009433272196096354,0.00810127893211876,333,537.4112993705236,48.45,nan,0.0035400390625,1.644995927810669,0.00302453881010023,-0.025931373372376717,4.758707523345947
16457728,9062.015437463,0.12692223358397522,0.5438232421875,,,,,,,,0.003662109375,1.6320672035217285,0.004351409824976948,-0.027464699392259536,6.869004726409912
16465920,9067.438312042003,0.14483677922718372,0.57843017578125,,,,,,,,0.00341796875,1.6539952754974365,0.004458591188619465,-0.021527021125704985,5.644430160522461
16474112,9073.52474154,0.13937190136805483,0.587719738483429,,,,,,,,0.003662109375,1.6430829763412476,0.0035032389904318118,-0.02082159989522672,5.07265567779541
16482304,9077.891836668,0.14544278360518842,0.58514404296875,,,,,,,,0.0045166015625,1.669700264930725,0.0035833066366173227,-0.027735936495607412,5.743504524230957
16490496,9082.122326251003,0.13194932978034543,0.5875488519668579,,,,,,,,0.0030517578125,1.6600710153579712,0.003306648953974589,-0.027841694018021747,4.797665119171143
16498688,9086.54119797,0.1756162274151314,0.6015625,,,,,,,,0.0028076171875,1.6035062074661255,0.003786849245154489,-0.021131304794752743,3.838749647140503
16506880,9090.741547483005,0.13763436117506403,0.573229968547821,,,,,,,,0.0032958984375,1.6012229919433594,0.003081542340677923,-0.03020600146004572,4.811490535736084
16515072,9095.298446740002,0.12539230744948698,0.567395031452179,0.006912415995460219,0.006300822833308017,0.005185314360232618,333,551.3264176380277,48.300000000000004,49.35,0.0040283203125,1.6317888498306274,0.002226189773614884,-0.027710718720956953,5.4018449783325195
16523264,9102.017819270004,0.12994681041400377,0.5791870355606079,,,,,,,,0.0030517578125,1.572868824005127,0.002319665629042067,-0.032269071757073955,5.18222188949585
16531456,9106.531193433002,0.13179535960365757,0.570446789264679,,,,,,,,0.0030517578125,1.6066056489944458,0.0020587201335713345,-0.026321799543170477,5.176228046417236
16539648,9110.869904217005,0.11751920576536322,0.560791015625,,,,,,,,0.00341796875,1.5872905254364014,0.003050398271755572,-0.0272498881180859,5.5663323402404785
16547840,9115.013252978999,0.16602807912378803,0.602294921875,,,,,,,,0.003173828125,1.5999250411987305,0.0024282266537399844,-0.022418191740859104,4.303491115570068
16556032,9119.550191524002,0.13613286298325902,0.580883800983429,,,,,,,,0.00390625,1.5905450582504272,0.0041650520431772975,-0.02899179990203954,4.682332515716553
16564224,9124.146665201006,0.12429501342352872,0.5566650629043579,,,,,,,,0.00341796875,1.6067686080932617,0.004697850195918285,-0.024819643169104202,6.156548500061035
16572416,9128.416580319004,0.1515989759061175,0.604724109172821,,,,,,,,0.0029296875,1.5641956329345703,0.00552139172149968,-0.028081176934905996,4.255256652832031
16580608,9132.465633876003,0.21355359150583253,0.58001708984375,0.007653789025703794,0.00827168025859959,0.006687758699604807,333,542.1225337418036,47.25,nan,0.0032958984375,1.5854772329330444,0.00413553863673477,-0.020603644348886216,4.755868911743164
16588800,9139.517954922005,0.13644399106775326,0.570971667766571,,,,,,,,0.0037841796875,1.6968798637390137,0.004043440730064463,-0.021061810295472085,5.678684711456299
16596992,9143.859503350002,0.12775698025776794,0.5488647818565369,,,,,,,,0.004150390625,1.6047126054763794,0.004013900370949841,-0.018893948875861752,6.56683349609375
16605184,9148.102916157004,0.16733290302532053,0.568859875202179,,,,,,,,0.0035400390625,1.5959678888320923,0.003593571524491468,-0.02505446609897465,5.373107433319092
16613376,9152.336267270999,0.13788430935884408,0.540173351764679,,,,,,,,0.0032958984375,1.5770264863967896,0.005801307271409817,-0.023787020288358485,8.302558898925781
16621568,9158.550746942004,0.15411206233919275,0.585095226764679,,,,,,,,0.003662109375,1.4991755485534668,0.005033205530012408,-0.02788301211630716,5.635627746582031
16629760,9164.217566509004,0.15596426660028148,0.6062256097793579,,,,,,,,0.003173828125,1.5432082414627075,0.004919889823692403,-0.028654297544941365,4.697590351104736
16637952,9169.662016671005,0.16136984387224163,0.5939087271690369,,,,,,,,0.00390625,1.5920196771621704,0.004870973659677702,-0.020976830512805713,5.357536792755127
16646144,9174.641499950005,0.14444629924291527,0.5880493521690369,0.007385250798803589,0.011857838122792508,0.0061344931292488525,333,543.2973668386678,48.900000000000006,nan,0.003173828125,1.5484215021133423,0.005053986756824447,-0.028394426962512088,5.463318347930908
16654336,9182.514405714006,0.18128751677969068,0.56036376953125,,,,,,,,0.0040283203125,1.6294580698013306,0.0051869519100647965,-0.02269437401275827,6.495978832244873
16662528,9187.783286165999,0.17453878026376796,0.621997058391571,,,,,,,,0.00341796875,1.5026236772537231,0.003690467610719117,-0.018039710324687683,3.719324827194214
16670720,9192.759943967001,0.15770927572307228,0.6145996451377869,,,,,,,,0.0025634765625,1.5723050832748413,0.0030565811968930046,-0.02608893662397395,3.8403403759002686
16678912,9197.906178224002,0.12987673571988992,0.5756592154502869,,,,,,,,0.00390625,1.5785847902297974,0.004914244605375817,-0.02619043235210507,4.033604621887207
16687104,9202.694012104002,0.13079705917391402,0.5646118521690369,,,,,,,,0.0032958984375,1.5872535705566406,0.004625820112854728,-0.023568410033282246,5.216196537017822
16695296,9207.734724066002,0.14448445100511784,0.54254150390625,,,,,,,,0.003173828125,1.6113016605377197,0.0036568594240885544,-0.022592791360114432,6.622875213623047
16703488,9212.218836266002,0.12033854980691978,0.5470825433731079,,,,,,,,0.00439453125,1.5646902322769165,0.003652319811447313,-0.02273637965498339,7.217210292816162
16711680,9217.598400950003,0.13493179871115238,0.5848022699356079,0.010983935390139088,0.0160480778703882,0.011254320932892803,333,494.1298380810234,46.95,nan,0.0028076171875,1.5870693922042847,0.004281139222628072,-0.025055372994214033,4.913276195526123
16719872,9225.829849023,0.16208856563387464,0.603259265422821,,,,,,,,0.00341796875,1.5824650526046753,0.004561570684480376,-0.01413776977608022,4.286299705505371
16728064,9230.889957206004,0.17226033577306263,0.589917004108429,,,,,,,,0.00341796875,1.567234754562378,0.004721857092060411,-0.022195160565514335,4.363555431365967
16736256,9236.083947484003,0.12435526698180616,0.558361828327179,,,,,,,,0.0032958984375,1.6170527935028076,0.004184537258634102,-0.022372982558323498,5.539129734039307
16744448,9241.54875039,0.16211375727532096,0.5771484375,,,,,,,,0.00341796875,1.565268874168396,0.0032603566387507943,-0.024302099999024367,5.525407791137695
16752640,9246.648510760002,0.15752172679227738,0.610668957233429,,,,,,,,0.003173828125,1.60139799118042,0.003082595549494749,-0.027726053492912985,3.4019386768341064
16760832,9251.549336156,0.14785134374724926,0.596057116985321,,,,,,,,0.0040283203125,1.5935059785842896,0.0039143213161848545,-0.024418479147132247,4.132526874542236
16769024,9256.785321811003,0.1273138673095307,0.56890869140625,,,,,,,,0.002685546875,1.5926307439804077,0.004081802603219553,-0.02831176703762814,4.561018466949463
16777216,9261.842889789004,0.14046245176542255,0.581787109375,0.00387137338346355,0.004435766484009562,0.0032576081779447374,333,594.1396423118877,40.5,nan,0.00341796875,1.628725528717041,0.004844678872810926,-0.02396467787638453,4.540520668029785
16785408,9269.694282965,0.16146893121843003,0.5989136099815369,,,,,,,,0.003173828125,1.5653722286224365,0.004484806299473676,-0.02680603346528039,3.528801441192627
16793600,9275.164806963003,0.10470248974233282,0.514880359172821,,,,,,,,0.0030517578125,1.6488251686096191,0.0034824402095907647,-0.029491911111957442,6.317966938018799
16801792,9280.702735191,0.126363283900826,0.577709972858429,,,,,,,,0.00341796875,1.6098768711090088,0.003197702192876073,-0.02862853088017825,4.7324538230896
16809984,9286.090970600002,0.15982154423000697,0.5940796136856079,,,,,,,,0.00341796875,1.552149772644043,0.0035331216900023055,-0.0199990466292976,4.022508144378662
16818176,9291.066998385002,0.148410714854444,0.596997082233429,,,,,,,,0.003173828125,1.7169784307479858,0.0032867188050007545,-0.02821985086222554,4.246631622314453
16826368,9296.073308712002,0.11374604869875314,0.537097156047821,,,,,,,,0.00439453125,1.5933940410614014,0.0034690038387144018,-0.02616124649520636,6.552525997161865
16834560,9301.232843476006,0.1572391158010909,0.6036010980606079,,,,,,,,0.001953125,1.5925711393356323,0.00440470694650319,-0.02776125239516383,3.9710488319396973
16842752,9306.366882019,0.14091838158568862,0.5570068359375,0.008869851366001269,0.009949958490769628,0.006652388524500896,333,558.0180777882201,49.650000000000006,43.650000000000006,0.0030517578125,1.6355961561203003,0.004152219655431555,-0.026355952529074363,5.4907379150390625
16850944,9314.116796839,0.12732186037762863,0.5647339224815369,,,,,,,,0.0040283203125,1.5601903200149536,0.0037537328189685137,-0.02528340392361258,6.558358669281006
16859136,9320.760762322003,0.12171223250368897,0.5631103515625,,,,,,,,0.0028076171875,1.639201283454895,0.0032460413502729546,-0.03281177168733657,5.691211700439453
16867328,9327.010921092005,0.13272524957207482,0.577624499797821,,,,,,,,0.0035400390625,1.5920263528823853,0.00260850698331605,-0.031939472232320944,4.096938610076904
16875520,9332.441748639001,0.15009510705258244,0.551159679889679,,,,,,,,0.0040283203125,1.5833598375320435,0.00425852767221957,-0.025484762156553778,7.174778938293457
16883712,9337.802417548002,0.13827665111908757,0.59368896484375,,,,,,,,0.0028076171875,1.5889394283294678,0.005258608045025981,-0.025863181874726304,5.192836761474609
16891904,9342.453628087002,0.194832531809926,0.5983032584190369,,,,,,,,0.0037841796875,1.6021023988723755,0.003960329278173136,-0.015078576182246149,4.883788108825684
16900096,9347.743597903005,0.1419518571072463,0.590624988079071,,,,,,,,0.003173828125,1.616989254951477,0.0036099303102467006,-0.026270186838753012,4.830496311187744
16908288,9353.176166019999,0.11768500535987486,0.5572265982627869,0.003836711030475781,0.0057139031164350484,0.0035966136806580007,333,590.7009754597339,47.85,nan,0.002685546875,1.6292117834091187,0.0026263661443236552,-0.03201071890409474,6.156487941741943
16916480,9360.251538556004,0.1422006671288176,0.555285632610321,,,,,,,,0.0040283203125,1.570855736732483,0.003376391361226694,-0.024827483866760137,7.6038970947265625
16924672,9365.576540249,0.12333923507046084,0.5699829459190369,,,,,,,,0.002685546875,1.619551420211792,0.00328995672590926,-0.03152342877663267,6.368826389312744
16932864,9371.126068203004,0.1363632111147786,0.593737781047821,,,,,,,,0.00390625,1.6099141836166382,0.003835401918485304,-0.02972176649636359,5.064434051513672
16941056,9376.370463006999,0.1393472359096217,0.5942016839981079,,,,,,,,0.0030517578125,1.6183476448059082,0.003750160929770985,-0.024107451907522497,5.11604642868042
16949248,9381.403818907005,0.16161997620476143,0.596972644329071,,,,,,,,0.003173828125,1.6518502235412598,0.0035336561151878554,-0.021238129115094668,5.450090408325195
16957440,9386.181104192001,0.1229649371872297,0.546948254108429,,,,,,,,0.0035400390625,1.5863789319992065,0.0034792547734887602,-0.027224779794864706,8.498316764831543
16965632,9391.779593674,0.114725122919208,0.554516613483429,,,,,,,,0.00244140625,1.6118212938308716,0.003239105277848209,-0.03249855123836416,7.5616960525512695
16973824,9397.374869263003,0.17641400764967613,0.6077880859375,0.007929899282965835,0.01046467658616479,0.005947424462224404,333,570.1123441588321,46.5,36.6,0.0037841796875,1.6708301305770874,0.003633255769931565,-0.016827788996547927,5.6089301109313965
16982016,9405.002041265005,0.15331174706985587,0.5784057974815369,,,,,,,,0.00390625,1.629634976387024,0.0030380217369928575,-0.021749048792543375,6.7446794509887695
16990208,9410.238867458,0.12742279954566796,0.544726550579071,,,,,,,,0.0029296875,1.6403520107269287,0.003535730702399542,-0.024195676750477135,9.605452537536621
16998400,9415.232320510004,0.16343578260834468,0.6077514886856079,,,,,,,,0.0037841796875,1.6417632102966309,0.0031076719849965073,-0.02275533183391136,5.667932033538818
17006592,9420.299329214002,0.1509458750999007,0.592236340045929,,,,,,,,0.0032958984375,1.647554636001587,0.002900580460703961,-0.029160692650106047,6.003742218017578
17014784,9426.884748907003,0.14593016974778988,0.590161144733429,,,,,,,,0.0030517578125,1.6342792510986328,0.0023562875727678456,-0.028027851645907445,5.672645092010498
17022976,9432.048515418006,0.14633541542704728,0.606579601764679,,,,,,,,0.003662109375,1.5384210348129272,0.0026630419779294368,-0.026636375823469918,4.819730281829834
17031168,9437.622306466,0.120863831192702,0.545886218547821,,,,,,,,0.0030517578125,1.6196283102035522,0.0037961533893768884,-0.029909653739370552,6.811676025390625
17039360,9442.779751651004,0.1378277978315263,0.5802978873252869,0.006130293208991389,0.00472183359134859,0.004597719906743514,333,568.1177350118795,46.650000000000006,41.25,0.00390625,1.5674703121185303,0.004854038896422219,-0.025429895408966875,6.0623087882995605
17047552,9450.902814711,0.14881186239540667,0.584423840045929,,,,,,,,0.003662109375,1.6492488384246826,0.003244988329691778,-0.023580897941102408,7.262711524963379
17055744,9456.294569225,0.1524573603391856,0.5961059927940369,,,,,,,,0.0030517578125,1.6059627532958984,0.0032719885658489822,-0.02419169708938596,6.35114049911499
17063936,9461.197267384,0.12705699077580915,0.57403564453125,,,,,,,,0.0035400390625,1.556408405303955,0.004473931540453724,-0.021674326224780483,6.76747465133667
17072128,9466.704731896003,0.16607328891632855,0.6192626953125,,,,,,,,0.0029296875,1.5823931694030762,0.00323939186968214,-0.02201715917978674,4.100626468658447
17080320,9472.170123009004,0.13940776610595637,0.584216296672821,,,,,,,,0.00390625,1.6250648498535156,0.0045060737088798986,-0.02583424450691569,5.636671543121338
17088512,9477.619826403003,0.1288923636676896,0.5669189691543579,,,,,,,,0.0028076171875,1.5874334573745728,0.004254261683382832,-0.025875127679407386,5.917234897613525
17096704,9482.340532905,0.151798267491762,0.5439087152481079,,,,,,,,0.004150390625,1.6314464807510376,0.004597173844897218,-0.02287506149888718,8.268826484680176
17104896,9487.832463413004,0.15457125339083216,0.5986694693565369,0.011630886637235105,0.016305434675819463,0.008844047265359367,333,541.9573120213452,28.8,30.75,0.0028076171875,1.5271577835083008,0.003403021588009425,-0.026544218644606155,4.374161720275879
17113088,9495.972981758001,0.14196828239548825,0.5845947265625,,,,,,,,0.003173828125,1.6116626262664795,0.0042232971106606065,-0.02236912854271956,5.64055061340332
17121280,9501.000223121002,0.153061472629353,0.5721679925918579,,,,,,,,0.0029296875,1.5297319889068604,0.003826653118308432,-0.021560091425754532,7.0257887840271
17129472,9506.513322077,0.16532209193226877,0.587390124797821,,,,,,,,0.0035400390625,1.6551845073699951,0.004219419149471215,-0.027504865197018082,6.851545810699463
17137664,9511.387938032,0.13989460866123868,0.580554187297821,,,,,,,,0.003662109375,1.6395220756530762,0.0036467191866624837,-0.024424458973057436,6.059383869171143
17145856,9516.032228075004,0.14474730286083792,0.578784167766571,,,,,,,,0.0032958984375,1.6229825019836426,0.0036588029040443004,-0.02839262929724079,6.042300701141357
17154048,9520.914772900003,0.12033092165181435,0.567492663860321,,,,,,,,0.0029296875,1.6818246841430664,0.0028957515862632066,-0.029790791113748428,6.486288547515869
17162240,9526.271542843002,0.1846041586976038,0.605822741985321,,,,,,,,0.00390625,1.587568759918213,0.002473379525605446,-0.012963618198125585,6.3836894035339355
17170432,9531.837598123006,0.1489507634406497,0.59368896484375,0.005981787081284051,0.00647291385365667,0.004951048081397791,333,570.3774268501147,46.650000000000006,nan,0.003173828125,1.6250622272491455,0.004635628648074652,-0.025831320082759214,5.955720901489258
17178624,9539.880285821004,0.13418912078090822,0.5865478515625,,,,,,,,0.0028076171875,1.6347424983978271,0.005159179279265125,-0.02795190607151626,4.945399284362793
17186816,9544.916963837,0.18660046532606578,0.6239868402481079,,,,,,,,0.0035400390625,1.559857726097107,0.003910160440169452,-0.016750638959883348,3.798625946044922
17195008,9550.012931192003,0.12082864977234516,0.5632080435752869,,,,,,,,0.0032958984375,1.6474937200546265,0.003790859223952614,-0.02720868333683087,6.116838455200195
17203200,9555.299404185003,0.14006419999669434,0.59405517578125,,,,,,,,0.0037841796875,1.6149001121520996,0.0038137483226364788,-0.02668915853501872,4.9677276611328125
17211392,9560.856756243003,0.11910896312278596,0.535595715045929,,,,,,,,0.00341796875,1.6798734664916992,0.0036953242083505033,-0.02605381849263505,8.513815879821777
17219584,9566.014722630003,0.14971378204524025,0.5810546875,,,,,,,,0.002685546875,1.6439564228057861,0.003736390902377651,-0.02537031625683724,5.698528289794922
17227776,9572.228475894008,0.12136506226216613,0.5608154535293579,,,,,,,,0.0035400390625,1.6030055284500122,0.0039022379319619827,-0.025790777778402114,6.398930072784424
17235968,9577.558156347004,0.1366808398451784,0.5804077386856079,0.01000722505918461,0.010380915338704,0.008064599917691373,333,543.5745023375306,32.4,nan,0.0030517578125,1.5635781288146973,0.0032840140144886343,-0.023042813701747756,7.285659313201904
17244160,9586.287743470995,0.15068060155292695,0.55340576171875,,,,,,,,0.00341796875,1.609566330909729,0.0037218419569294836,-0.028154022097338527,8.616218566894531
17252352,9591.585002409003,0.1524956671488914,0.595324695110321,,,,,,,,0.0035400390625,1.5159586668014526,0.005161854381075193,-0.02383976567080453,6.292887210845947
17260544,9597.211173470001,0.14495750255195214,0.5614258050918579,,,,,,,,0.0028076171875,1.6721476316452026,0.004137139472162765,-0.027624039968012527,8.183603286743164
17268736,9602.501269948,0.1685048331145521,0.6105102896690369,,,,,,,,0.004638671875,1.601763129234314,0.004570115864720448,-0.01712971214083452,5.68295431137085
17276928,9607.956339887998,0.15392574896102262,0.6009155511856079,,,,,,,,0.002685546875,1.5890648365020752,0.004605249010270596,-0.027324346698511227,5.256606578826904
17285120,9613.482321906005,0.19162375735950624,0.64056396484375,,,,,,,,0.00341796875,1.675188422203064,0.002803962618410205,-0.01870315276226217,3.494114637374878
17293312,9618.732154623009,0.181792778119998,0.5959839224815369,,,,,,,,0.0037841796875,1.551728367805481,0.001978382073058893,-0.018087711709119506,4.88450813293457
17301504,9623.945095057003,0.14897829782424368,0.5989990234375,0.007446267538080753,0.006834655975117787,0.005650090939653518,333,571.1596734043051,48.45,nan,0.0020751953125,1.6647944450378418,0.005040144405150659,-0.027841471371646144,4.963990688323975
17309696,9631.192677972998,0.1476200819418805,0.5856689810752869,,,,,,,,0.0042724609375,1.6417782306671143,0.004767303395650568,-0.021972511200579508,4.958984375
17317888,9636.347759035008,0.14896241772256458,0.5908569693565369,,,,,,,,0.0035400390625,1.5294642448425293,0.00592381681405485,-0.026815678030903574,4.963191509246826
17326080,9641.512141669009,0.15744038277226338,0.609997570514679,,,,,,,,0.00244140625,1.6592328548431396,0.00435771400465812,-0.029621389487140704,3.823983907699585
17334272,9646.882127685007,0.12834735678967185,0.571545422077179,,,,,,,,0.00390625,1.5128469467163086,0.004290816155072541,-0.0250792737414141,5.207405090332031
17342464,9651.901132701008,0.12910186874989638,0.5644165277481079,,,,,,,,0.0025634765625,1.569075345993042,0.004350889745753372,-0.021573369196483352,6.0320868492126465
17350656,9657.088284487996,0.14391454211362942,0.5904785394668579,,,,,,,,0.0035400390625,1.661881923675537,0.0029010396454558496,-0.029225075044895424,4.819011688232422
17358848,9662.156499253004,0.12325634230367388,0.545275866985321,,,,,,,,0.00341796875,1.5325325727462769,0.0026876481159106014,-0.02226259303857378,6.882749080657959
17367040,9667.628254598007,0.1371817607849378,0.5736328363418579,0.009318162336595437,0.008890424868525426,0.007008698481521414,333,555.1837128287114,48.0,44.7,0.002685546875,1.6199421882629395,0.004826473818867583,-0.02611629060388363,5.575891017913818
17375232,9675.350835424004,0.1545971994040583,0.5846801996231079,,,,,,,,0.0035400390625,1.5617177486419678,0.0033413585973440796,-0.020334254572292352,5.6165690422058105
17383424,9680.411437832008,0.1358476676661157,0.580920398235321,,,,,,,,0.0042724609375,1.6818288564682007,0.0034536644341777167,-0.017435990180959565,6.659857273101807
17391616,9685.550968035997,0.13370488907316214,0.5734619498252869,,,,,,,,0.0029296875,1.7081793546676636,0.0024603577530279974,-0.023160970264564026,6.523814678192139
17399808,9690.761728455007,0.1447224123187752,0.5922485589981079,,,,,,,,0.0035400390625,1.62453031539917,0.002334363194576472,-0.026245585777383496,5.157973289489746
17408000,9695.98052944601,0.12721334214129215,0.555615246295929,,,,,,,,0.0030517578125,1.6217976808547974,0.004019820174159694,-0.020750513085529443,8.360881805419922
17416192,9701.487381159008,0.1377449171135568,0.587939441204071,,,,,,,,0.0035400390625,1.6243553161621094,0.0029511485620927758,-0.023709632502974056,5.6767683029174805
17424384,9706.861985320997,0.15181545731311197,0.6059936881065369,,,,,,,,0.0029296875,1.5844122171401978,0.0028882240831726858,-0.024174268258960508,4.368056774139404
17432576,9712.491329422002,0.14772839404770186,0.5846191644668579,0.008782778171927852,0.006816081459338874,0.006590780488317516,333,559.1358189974488,48.0,48.45,0.003662109375,1.6726595163345337,0.004276734332598897,-0.030574867191735057,5.491633892059326
17440768,9720.833575808007,0.14569558815240474,0.591296374797821,,,,,,,,0.0035400390625,1.6135668754577637,0.003029465192137426,-0.025640748940711434,5.144294261932373
17448960,9726.69474033,0.16618385838242974,0.559765636920929,,,,,,,,0.0029296875,1.620728850364685,0.0023819840363230593,-0.020803989377037896,8.04159164428711
17457152,9731.735535232001,0.125372156846798,0.5640869140625,,,,,,,,0.003662109375,1.631203055381775,0.0026429192194526996,-0.031968093440942445,6.551704406738281
17465344,9736.652204133003,0.13015277023268676,0.5510498285293579,,,,,,,,0.003662109375,1.5627957582473755,0.004406603708879464,-0.022793330514116382,10.068100929260254
17473536,9742.091171089996,0.1753049840466326,0.611279308795929,,,,,,,,0.0030517578125,1.6183557510375977,0.004112197228028469,-0.020237371106778115,5.2968573570251465
17481728,9747.476717451005,0.18018629258597607,0.623608410358429,,,,,,,,0.0030517578125,1.625569462776184,0.003554924386316549,-0.013652098678072547,4.613840579986572
17489920,9752.916991502003,0.11793638187479667,0.5506958365440369,,,,,,,,0.0040283203125,1.6263434886932373,0.0031916108542642263,-0.021528477820699627,8.163589477539062
17498112,9758.004030569005,0.12952367249296984,0.5608764886856079,0.0058874307159089145,0.0066110074493564985,0.004424091193769186,333,587.2812401191682,38.25,36.6,0.0029296875,1.5717766284942627,0.0034133767908652857,-0.029684309251241926,8.598638534545898
17506304,9766.292430725007,0.1417988262706154,0.56512451171875,,,,,,,,0.0032958984375,1.6528723239898682,0.003029196680544133,-0.024995050210148334,7.534913539886475
17514496,9771.508758210999,0.1984879327405472,0.640209972858429,,,,,,,,0.00341796875,1.5835074186325073,0.0028870804794765004,-0.013305338322522512,5.42316198348999
17522688,9776.879058534003,0.16170849744122345,0.6137939691543579,,,,,,,,0.0032958984375,1.653347373008728,0.0031438262678477047,-0.02154874172128475,5.073586463928223
17530880,9782.062903031008,0.1897157962118986,0.6338135004043579,,,,,,,,0.0032958984375,1.6342235803604126,0.003082919769209158,-0.021387744917015766,3.830413579940796
17539072,9787.266424686997,0.14954413172826203,0.56341552734375,,,,,,,,0.0035400390625,1.6553810834884644,0.0035502663112060295,-0.024093715331403465,5.188761234283447
17547264,9792.531950445002,0.16081351525143459,0.6086059808731079,,,,,,,,0.0032958984375,1.6543529033660889,0.0026339472172531853,-0.022871170212451056,4.290670394897461
17555456,9797.908698849002,0.15641208294487352,0.578540027141571,,,,,,,,0.003173828125,1.5957447290420532,0.002547984274063997,-0.023837906956524005,5.785027503967285
17563648,9803.273131736001,0.16534691059262122,0.6116943359375,0.0069824170089407556,0.007331457354628368,0.00537905225904578,333,577.6667559933663,48.45,nan,0.0025634765625,1.6124107837677002,0.004232453687128657,-0.024375782869666643,3.6083526611328125
17571840,9811.469574311006,0.14659524367282226,0.5988403558731079,,,,,,,,0.0035400390625,1.5706861019134521,0.0038080155984596686,-0.0277782049092997,3.3956544399261475
17580032,9816.931201997999,0.1270664806207268,0.5649048089981079,,,,,,,,0.00341796875,1.606580138206482,0.003962395097466764,-0.02614388524294946,4.894418239593506
17588224,9822.298429645001,0.17288310901950768,0.537121593952179,,,,,,,,0.003173828125,1.5786775350570679,0.00501401636494514,-0.030570625458034708,6.50160551071167
17596416,9827.240176068997,0.12836703747275777,0.5691772699356079,,,,,,,,0.00341796875,1.5942964553833008,0.0049257606189396785,-0.030776378794903136,6.0335540771484375
17604608,9831.727846761001,0.17245358886737003,0.604357898235321,,,,,,,,0.0032958984375,1.5571075677871704,0.005031478873672723,-0.030957253650522345,4.44336462020874
17612800,9837.379561483001,0.1442019675976133,0.5951172113418579,,,,,,,,0.003173828125,1.6363277435302734,0.004253791403326379,-0.027324925741703667,4.359158992767334
17620992,9842.413767592996,0.15285130157824897,0.569836437702179,,,,,,,,0.003662109375,1.6829030513763428,0.0038537843132251393,-0.024880388153762367,5.581177711486816
17629184,9847.336004009005,0.1510934352104658,0.5700439810752869,0.009488332150660361,0.007306455584918048,0.007164422031678885,333,547.0020419674622,38.1,42.45,0.0032958984375,1.5997214317321777,0.004215837363546582,-0.023693518629875416,5.675541877746582
17637376,9856.162873693,0.15462096929093788,0.6097656488418579,,,,,,,,0.00244140625,1.6394426822662354,0.003969916108652605,-0.026832448835568925,3.5910890102386475
17645568,9861.237277870998,0.13923909674046386,0.5708374381065369,,,,,,,,0.004638671875,1.5896592140197754,0.0046927945317633,-0.02500493690307311,4.318019390106201
17653760,9866.67702401201,0.11952676755565102,0.553601086139679,,,,,,,,0.0030517578125,1.596250295639038,0.005224920170836311,-0.029138228065088412,5.2540130615234375
17661952,9872.38673879701,0.15297052464851618,0.607006847858429,,,,,,,,0.0029296875,1.6413452625274658,0.005151385762225624,-0.026952198013943787,3.771130084991455
17670144,9877.54067436501,0.143977224633777,0.595324695110321,,,,,,,,0.00390625,1.5951982736587524,0.0038166843370112113,-0.02691684195331865,4.540238380432129
17678336,9882.513912909999,0.13231052379251804,0.5775390863418579,,,,,,,,0.002685546875,1.6395854949951172,0.0036131599951925164,-0.032191750856275424,4.620649814605713
17686528,9887.502529853999,0.23393696684767873,0.5907837152481079,,,,,,,,0.00341796875,1.6744651794433594,0.004059532332574389,-0.028124552403377336,4.191312313079834
17694720,9892.451865755997,0.1507012512292139,0.599108874797821,0.009087228480399334,0.00808712858803462,0.007456840633771056,333,541.3161083949516,46.35,nan,0.003662109375,1.4828897714614868,0.004177859430914865,-0.030674413019888148,4.142635345458984
17702912,9900.277417253004,0.15143273961138362,0.6091064810752869,,,,,,,,0.0023193359375,1.6441773176193237,0.0030164662231282335,-0.0292598864453914,3.907052755355835
17711104,9905.324299615997,0.14715394644017415,0.5735718011856079,,,,,,,,0.00439453125,1.5643866062164307,0.0029093669978910164,-0.02269353269613264,4.7099928855896
17719296,9910.972792239001,0.18306809705664484,0.595019519329071,,,,,,,,0.0023193359375,1.5585014820098877,0.004665957125332465,-0.026945946215551343,4.081794261932373
17727488,9916.517347993999,0.1236287810163081,0.5588623285293579,,,,,,,,0.0028076171875,1.6384063959121704,0.003916927850680874,-0.02531186115383174,5.179253578186035
17735680,9921.700873388996,0.14853930770590212,0.5780029296875,,,,,,,,0.004638671875,1.5448193550109863,0.0035346774450620844,-0.025513757988549282,4.82586669921875
17743872,9927.202201323002,0.15453538081403528,0.6043945550918579,,,,,,,,0.00244140625,1.6330820322036743,0.003936687631808988,-0.02679110053975564,4.260721683502197
17752064,9932.102435144,0.1604941696565217,0.595593273639679,,,,,,,,0.003662109375,1.623035192489624,0.0046525834017074885,-0.024335771552816854,3.516272783279419
17760256,9937.05052045401,0.13057898493595746,0.5520996451377869,0.009831182220552681,0.009267656172243677,0.0077075436048461565,333,547.0258204766476,41.1,nan,0.0028076171875,1.488795518875122,0.005240338628748287,-0.02962997109329681,5.618478298187256
17768448,9944.717989712997,0.13779569226376004,0.5831665396690369,,,,,,,,0.0028076171875,1.6117624044418335,0.0051489876396700884,-0.035665159098428115,4.619966983795166
17776640,9950.727884086009,0.10422185152440255,0.5204223990440369,,,,,,,,0.004150390625,1.5425918102264404,0.004686104687535275,-0.02446933174315299,7.881219387054443
17784832,9956.710310629001,0.15714121165280562,0.615649402141571,,,,,,,,0.0028076171875,1.596472144126892,0.004665889793407096,-0.027003516272971224,4.615312099456787
17793024,9961.806832700007,0.13762787070931748,0.581591784954071,,,,,,,,0.0030517578125,1.621941089630127,0.0046459947071979535,-0.02891467810322842,4.047888278961182
17801216,9967.447390652,0.14199205058011044,0.5716186761856079,,,,,,,,0.0042724609375,1.5851303339004517,0.005194601980561542,-0.02334659795071093,5.7674760818481445
17809408,9972.633451611007,0.12387401118187534,0.504223644733429,,,,,,,,0.0030517578125,1.639391541481018,0.003991769189418015,-0.025233054377655564,9.096346855163574
17817600,9977.669180780009,0.12967967876297437,0.5522705316543579,,,,,,,,0.0035400390625,1.6129387617111206,0.0036215250108940777,-0.02031144523487029,7.422671794891357
17825792,9982.751775708006,0.1383460251926679,0.594921886920929,0.010409344432692591,0.008627280837657403,0.008249109330224713,333,541.1625943188135,48.75,nan,0.00341796875,1.6038994789123535,0.0037990801348491976,-0.03094225409743734,5.366240978240967
17833984,9990.498465270997,0.17689783876298834,0.626416027545929,,,,,,,,0.00244140625,1.6329084634780884,0.003135726201936029,-0.02538453055605675,4.165950775146484
17842176,9994.916842003004,0.12881356322519313,0.575427234172821,,,,,,,,0.003662109375,1.633063793182373,0.004097398691689014,-0.022488795095225538,5.003507614135742
17850368,9999.499307104008,0.18617993424943047,0.632189929485321,,,,,,,,0.003173828125,1.6337260007858276,0.003686692693777305,-0.02129300559239136,3.9889206886291504
17858560,10004.698901065,0.16889791974032264,0.617919921875,,,,,,,,0.00341796875,1.666365146636963,0.0034444415769183667,-0.025618820866643174,3.6714141368865967
17866752,10010.526961413008,0.12263181220273325,0.570849597454071,,,,,,,,0.0035400390625,1.6495682001113892,0.003892776869561465,-0.031347669897423776,5.443946361541748
17874944,10016.027878887005,0.14650042175837416,0.586987316608429,,,,,,,,0.0028076171875,1.6051088571548462,0.0029955274236903584,-0.024218765665086166,4.870795726776123
17883136,10021.147496467005,0.1401090240475815,0.5755249261856079,,,,,,,,0.003662109375,1.6191312074661255,0.002984357493381662,-0.02429525304833255,4.672271251678467
17891328,10026.759213861005,0.16158196934434157,0.5873779654502869,0.005244827196883017,0.004922916885864881,0.00419141406295509,333,585.5973785432857,39.45,48.150000000000006,0.00341796875,1.62715744972229,0.003951455045643093,-0.02398209722168573,4.954830169677734
17899520,10034.418876940996,0.14064475588876144,0.5790039300918579,,,,,,,,0.002685546875,1.6454789638519287,0.0021982863959938426,-0.03286730955374197,4.817737579345703
17907712,10040.507141638009,0.15951264872780468,0.6104492545127869,,,,,,,,0.0037841796875,1.6286967992782593,0.0020641632521654074,-0.025736612478025625,4.86435079574585
17915904,10045.554216778008,0.12681750856767168,0.557543933391571,,,,,,,,0.0030517578125,1.5779948234558105,0.0035572540509866135,-0.027350622838632432,6.344933032989502
17924096,10051.084011145009,0.14677356583598453,0.591320812702179,,,,,,,,0.0032958984375,1.6593488454818726,0.0032076469354080928,-0.026368777029649362,4.7832350730896
17932288,10056.249917000998,0.14817540283897876,0.5856079459190369,,,,,,,,0.004150390625,1.6189124584197998,0.002488122973100082,-0.023239513597931,6.169620990753174
17940480,10061.494464725009,0.123768765505615,0.561877429485321,,,,,,,,0.002685546875,1.6486268043518066,0.003942252337463259,-0.02825289017197808,6.4706010818481445
17948672,10067.048701132007,0.14129316808312511,0.5658203363418579,,,,,,,,0.0028076171875,1.6185396909713745,0.00444337231721359,-0.030400133651577812,6.143611907958984
17956864,10072.455943845998,0.17672499457120902,0.615917980670929,0.008356039162018325,0.007646550239842287,0.006393554244700228,333,558.9689409408932,41.7,46.050000000000004,0.0040283203125,1.5398454666137695,0.004096489302055861,-0.015681584227354963,4.229725360870361
17965056,10080.461499949,0.12241609851222986,0.563061535358429,,,,,,,,0.0028076171875,1.6252665519714355,0.0035330429927218354,-0.02737929199669269,6.3629536628723145
17973248,10086.187072992005,0.1439342145924905,0.5894409418106079,,,,,,,,0.00390625,1.6290395259857178,0.003072374552400725,-0.028243361995436325,5.381091594696045
17981440,10091.480444861998,0.18570957071600905,0.577258288860321,,,,,,,,0.003173828125,1.6270742416381836,0.0040239755074552574,-0.02302491526487714,5.815673351287842
17989632,10097.454291725997,0.17609906467444256,0.607592761516571,,,,,,,,0.0030517578125,1.6331887245178223,0.0033795648556853575,-0.02805785684548991,4.830817699432373
17997824,10102.645484519002,0.15666908587640568,0.60028076171875,,,,,,,,0.0032958984375,1.6148778200149536,0.002785950486005495,-0.023181072908965265,5.179256916046143
18006016,10107.741067518,0.1522382938197529,0.61004638671875,,,,,,,,0.0030517578125,1.5843394994735718,0.0032519478735149043,-0.028725514984234764,4.445592403411865
18014208,10113.035183978005,0.14756729213383044,0.5981689691543579,,,,,,,,0.003173828125,1.6233268976211548,0.003230656368614193,-0.024919678964024986,4.754010200500488
18022400,10118.436131861003,0.140628790158359,0.571179211139679,0.010019091759255305,0.010987746906687024,0.0075143188194415345,333,540.8129791378457,46.35,37.800000000000004,0.003662109375,1.5657927989959717,0.003908412106313541,-0.026043375782300322,5.103526592254639
18030592,10126.502570263998,0.15640790090027168,0.6064697504043579,,,,,,,,0.0025634765625,1.6593610048294067,0.0021006757717636493,-0.033677937571802034,4.3161540031433105
18038784,10131.401596719996,0.13801274854631904,0.587048351764679,,,,,,,,0.00341796875,1.6102079153060913,0.0015021758619031544,-0.03170417803014712,4.783440589904785
18046976,10135.886932522,0.1363440673100203,0.589343249797821,,,,,,,,0.003173828125,1.5859277248382568,0.0015012649935388644,-0.02435082199205399,5.09136962890625
18055168,10140.132568465007,0.16605625616206943,0.6028076410293579,,,,,,,,0.0028076171875,1.6668803691864014,0.0032604693481019797,-0.023825644023859255,3.9757466316223145
18063360,10144.280382658995,0.15649939502764723,0.60009765625,,,,,,,,0.00439453125,1.6374300718307495,0.003625735582805989,-0.02419600721769751,4.152896881103516
18071552,10148.472338171996,0.11521335563541873,0.54241943359375,,,,,,,,0.0030517578125,1.7074509859085083,0.00499367040942611,-0.03226334485954675,6.9803786277771
18079744,10152.981835562998,0.12821148376203087,0.57275390625,,,,,,,,0.0035400390625,1.6249637603759766,0.005172719991218266,-0.02454600069490199,5.566232204437256
18087936,10157.392030286996,0.1754183765938612,0.6005615592002869,0.010373616122541396,0.008787598595008994,0.007923533910029645,333,532.8349185320228,49.2,nan,0.0030517578125,1.636821985244751,0.004115309862273708,-0.01940774496022553,4.998376846313477
18096128,10164.397600515003,0.12967414223198256,0.5514892935752869,,,,,,,,0.003173828125,1.6550801992416382,0.004090501767894272,-0.028444721199262887,6.590638637542725
18104320,10168.981776253,0.13680553908408674,0.5766968131065369,,,,,,,,0.0029296875,1.5468329191207886,0.003775770941957024,-0.02080710555135199,6.57283353805542
18112512,10173.709095801009,0.1823620376384792,0.6333862543106079,,,,,,,,0.00341796875,1.612796425819397,0.002870776542890363,-0.023955116727993775,3.811069965362549
18120704,10177.709788838998,0.16806258262978374,0.620007336139679,,,,,,,,0.0029296875,1.6171551942825317,0.004094641186829451,-0.020921666698356198,3.7795627117156982
18128896,10182.907991095999,0.1474351281150025,0.5737671256065369,,,,,,,,0.003173828125,1.5922863483428955,0.0033185623823257515,-0.024491360532827314,5.543499946594238
18137088,10187.354507430005,0.1651072129828099,0.6141723990440369,,,,,,,,0.0029296875,1.6105804443359375,0.0036889216023867633,-0.020873372007827042,3.735769033432007
18145280,10191.610428027998,0.15649722322065307,0.60980224609375,,,,,,,,0.0030517578125,1.6193658113479614,0.004103974195547089,-0.026526716442855994,4.086955547332764
18153472,10195.746940835,0.14874245546025816,0.58221435546875,0.015902839565690385,0.01316410533905421,0.011936613864285683,333,508.78080956135545,46.2,48.300000000000004,0.0035400390625,1.650673747062683,0.003345201024257616,-0.020663847073380235,4.966966152191162
18161664,10202.822183716009,0.1602247114955176,0.5870117545127869,,,,,,,,0.0030517578125,1.626213550567627,0.0031622457579738583,-0.027631514088634845,4.741706848144531
18169856,10207.209085776005,0.15015295312534896,0.603625476360321,,,,,,,,0.00341796875,1.62982177734375,0.0036648319781090732,-0.02961508183321896,3.861191987991333
18178048,10211.641245056002,0.12735201851806408,0.567639172077179,,,,,,,,0.003173828125,1.6556192636489868,0.003448816580033931,-0.032251610939570165,4.5983476638793945
18186240,10215.697724972008,0.19251672436869532,0.54412841796875,,,,,,,,0.003662109375,1.6089305877685547,0.004015093389736046,-0.03150664505910764,5.882950305938721
18194432,10221.015810017998,0.1353200172749625,0.578540027141571,,,,,,,,0.002685546875,1.5858896970748901,0.0049633029223949965,-0.027673129169374908,4.186465740203857
18202624,10226.355016215006,0.16697280096806907,0.5995727777481079,,,,,,,,0.0030517578125,1.5807005167007446,0.004854643322362406,-0.03095555894571672,4.074490547180176
18210816,10231.987237288005,0.21137401263861944,0.6156005859375,,,,,,,,0.003173828125,1.6145801544189453,0.0046656486360590055,-0.025122790524149754,4.272707462310791
18219008,10237.304422322006,0.1693400562696139,0.60614013671875,0.006439551413051747,0.00611310300295953,0.0048714252381800716,333,573.9032645974924,38.1,39.0,0.00390625,1.6650993824005127,0.0032098346085223106,-0.024194792298358248,4.377150058746338
18227200,10245.150154824005,0.12390501872765942,0.559436023235321,,,,,,,,0.002685546875,1.6213700771331787,0.002861829755895884,-0.0265345428149335,6.049673557281494
18235392,10249.714832034006,0.12908388527933568,0.568310558795929,,,,,,,,0.00341796875,1.6112682819366455,0.003798196763107553,-0.028548552495712712,5.455098628997803
18243584,10254.552439185005,0.2019216388219466,0.6116699576377869,,,,,,,,0.0032958984375,1.645445466041565,0.0031219899297243447,-0.023438418674005757,4.915956020355225
18251776,10259.278835321005,0.15166697533233117,0.590441882610321,,,,,,,,0.0032958984375,1.634741187095642,0.0027653545009918012,-0.02764090426879666,4.781856536865234
18259968,10264.453694990007,0.09877725020976526,0.5246948599815369,,,,,,,,0.0032958984375,1.6527776718139648,0.002810413144745283,-0.02706485447052478,8.649611473083496
18268160,10270.117954681002,0.15881359359897523,0.61285400390625,,,,,,,,0.002685546875,1.587894320487976,0.00343861756439956,-0.02509294263859121,4.154234409332275
18276352,10275.441585049004,0.14732778020177648,0.5697998404502869,,,,,,,,0.00390625,1.677725076675415,0.004302213384353548,-0.02591016852783103,6.371273994445801
18284544,10280.782061242004,0.15398269178725418,0.604077160358429,0.0064826305569307685,0.00660147062958627,0.004862086751408978,333,566.0966977117969,47.25,48.300000000000004,0.00341796875,1.57008695602417,0.00433250118668127,-0.023376425940438005,4.832690715789795
18292736,10288.438679548999,0.152994876601522,0.606738269329071,,,,,,,,0.0023193359375,1.692643642425537,0.0032011196341161785,-0.02850833739594423,4.244133949279785
18300928,10293.674352115995,0.17369857112818396,0.6099853515625,,,,,,,,0.00341796875,1.6220425367355347,0.002135682925914595,-0.021419559783011646,4.565564155578613
18309120,10298.837465682998,0.13139004084005915,0.5724243521690369,,,,,,,,0.0028076171875,1.570763111114502,0.0035589602354251237,-0.02879138771979379,6.011360168457031
18317312,10304.104105307997,0.2617059941187094,0.573315441608429,,,,,,,,0.003173828125,1.6867461204528809,0.0031779712270186833,-0.021615890082226627,6.46234130859375
18325504,10309.458200510999,0.2063087189663323,0.599011242389679,,,,,,,,0.00439453125,1.6222134828567505,0.002664148650057485,-0.016474652939158507,6.89882755279541
18333696,10315.135218990006,0.16805444715445217,0.59027099609375,,,,,,,,0.0023193359375,1.663107991218567,0.003431508499752711,-0.018152255392222583,7.03542423248291
18341888,10320.782921029007,0.1518265359517797,0.5960937738418579,,,,,,,,0.003662109375,1.6596906185150146,0.0027094145725058416,-0.0269464904365853,5.2194132804870605
18350080,10325.62739929001,0.14441569336202265,0.587756335735321,0.006089688728357023,0.005143200353410204,0.004567266546267712,333,568.1661831239329,47.25,43.5,0.0040283203125,1.5642383098602295,0.0029711620135479677,-0.021952504133191983,5.819571495056152
18358272,10334.475097039001,0.19405114988076722,0.6373047232627869,,,,,,,,0.001953125,1.6744710206985474,0.0030197562931574273,-0.023228632688386996,3.788989305496216
18366464,10339.608851372002,0.14760645052649365,0.60552978515625,,,,,,,,0.0035400390625,1.6410698890686035,0.0025583876258475913,-0.029876600873352768,3.506368398666382
18374656,10345.451111025002,0.13332889922557845,0.5768188834190369,,,,,,,,0.0035400390625,1.612684726715088,0.0026872236831170238,-0.026111002217608925,4.677901744842529
18382848,10350.241050829005,0.17062486245787098,0.6188721060752869,,,,,,,,0.0030517578125,1.6981452703475952,0.004165976056128673,-0.025321291649195766,3.5394246578216553
18391040,10355.370424754,0.1273936856977893,0.5626465082168579,,,,,,,,0.0037841796875,1.6015443801879883,0.00503640931905569,-0.026967696565934188,5.027632236480713
18399232,10360.936208371,0.13860983161518112,0.573046863079071,,,,,,,,0.003173828125,1.6744740009307861,0.004153039364590105,-0.018665066450036023,6.498298645019531
18407424,10366.29207664801,0.16622406043604637,0.612109363079071,,,,,,,,0.0032958984375,1.6461756229400635,0.003612310999204338,-0.027311229498848295,3.747382402420044
18415616,10371.214306488997,0.1735554886459379,0.6196533441543579,0.004193843273004649,0.005850863300865483,0.003145382454753487,333,595.174038700613,38.25,27.150000000000002,0.003173828125,1.6115614175796509,0.00329856207378465,-0.021231093788294256,3.68719482421875
18423808,10379.535565127997,0.14973371589741216,0.589550793170929,,,,,,,,0.0028076171875,1.6676092147827148,0.004826367849128377,-0.025324345373283087,4.296560764312744
18432000,10384.517130580003,0.12730858265703016,0.57159423828125,,,,,,,,0.0040283203125,1.6310218572616577,0.003844028518387277,-0.028938937544286843,5.167549133300781
18440192,10389.927293283996,0.1674704666769299,0.5985962152481079,,,,,,,,0.0030517578125,1.6472570896148682,0.003347994199906612,-0.02359190296206364,4.296855926513672
18448384,10394.83230404,0.21294727013312087,0.6070556640625,,,,,,,,0.0035400390625,1.6564304828643799,0.0032343701293831018,-0.017979468914605046,5.0171332359313965
18456576,10400.040729290005,0.12827257437852616,0.537097156047821,,,,,,,,0.00341796875,1.5708969831466675,0.003991178262353512,-0.02604059375850696,7.8954176902771
18464768,10405.195212753999,0.12303099172761767,0.557727038860321,,,,,,,,0.002685546875,1.5818506479263306,0.00458209670235088,-0.028238597323829013,7.486432075500488
18472960,10409.635682431996,0.16154076940001638,0.607177734375,,,,,,,,0.003662109375,1.6071858406066895,0.003994901964426756,-0.02157280603834949,4.3614044189453125
18481152,10414.397863385006,0.13713022625213278,0.5838379263877869,0.006452311344238293,0.006716841068993951,0.00483923350817872,333,582.2964428536391,49.5,44.7,0.003173828125,1.6173378229141235,0.0029770026858021437,-0.026829968786391285,5.214171886444092
18489344,10422.318605221997,0.1858269977571451,0.641003429889679,,,,,,,,0.0028076171875,1.6437420845031738,0.003181352246825475,-0.019160334985165367,3.2336788177490234
18497536,10427.310301553007,0.2051414741474912,0.6046142578125,,,,,,,,0.004150390625,1.6012517213821411,0.0034101686604030013,-0.014604074510716186,4.927271366119385
18505728,10432.782612454,0.16073376632868067,0.5819946527481079,,,,,,,,0.0029296875,1.6442914009094238,0.0037133428548742353,-0.028259887834245618,4.879029750823975
18513920,10439.251274174996,0.23026059834755755,0.606518566608429,,,,,,,,0.003173828125,1.614390254020691,0.002943148936069284,-0.02365391140409559,4.64734411239624
18522112,10444.257072093998,0.1524636288862654,0.6046386957168579,,,,,,,,0.003173828125,1.581396460533142,0.0016165464918520556,-0.023321587009267314,4.724003791809082
18530304,10449.010762848004,0.15434827392992517,0.601550281047821,,,,,,,,0.0028076171875,1.6790708303451538,0.001953894082969976,-0.029322327920115788,4.72450590133667
18538496,10454.507440119996,0.17433215809846073,0.5525268912315369,,,,,,,,0.0047607421875,1.6155154705047607,0.004356409107285519,-0.02001722513556676,6.531729221343994
18546688,10459.942545950005,0.1716600116977705,0.614880383014679,0.010060956251994768,0.008841359356488998,0.007603956686999647,333,552.8960454971966,47.550000000000004,49.35,0.00244140625,1.6027472019195557,0.0032331640454259514,-0.021888077314241992,4.320315837860107
18554880,10468.075101119,0.16198317842684187,0.5937744379043579,,,,,,,,0.003173828125,1.6270874738693237,0.00295209223798798,-0.02748756966414237,4.477775573730469
18563072,10473.598999445006,0.16263012641538666,0.6105102896690369,,,,,,,,0.00341796875,1.535990834236145,0.004706555101358978,-0.030337424270426044,3.7637710571289062
18571264,10479.082409926996,0.12102196521207179,0.5522094964981079,,,,,,,,0.0029296875,1.6531600952148438,0.002933191935741264,-0.03195661546336858,6.432847499847412
18579456,10484.703831474006,0.175971395451454,0.613574206829071,,,,,,,,0.0032958984375,1.6097952127456665,0.0030807512201161957,-0.024224343234624992,3.5952179431915283
18587648,10489.887582771,0.1319056311038442,0.5626220703125,,,,,,,,0.003173828125,1.6283177137374878,0.005416265615422744,-0.027315862554152373,6.581151008605957
18595840,10494.647040823998,0.15074479344526096,0.6031738519668579,,,,,,,,0.0028076171875,1.6070375442504883,0.0033703673030953674,-0.025361195107657466,4.5431294441223145
18604032,10499.665764190999,0.14187023500713547,0.589770495891571,,,,,,,,0.00341796875,1.583672046661377,0.0031026538532129555,-0.026734213302704504,5.149538516998291
18612224,10505.142474155,0.1626817698641917,0.604077160358429,0.00959206545716973,0.008611567629959072,0.007554707033566865,333,544.2303049701837,47.7,nan,0.00341796875,1.5971572399139404,0.002968039383697385,-0.02551979922350194,4.5215744972229
18620416,10513.407134284003,0.16307019829293923,0.6181396842002869,,,,,,,,0.0028076171875,1.6590378284454346,0.003466317734524438,-0.022837889979615913,4.0101776123046875
18628608,10518.663778051006,0.1536040994411384,0.6008667349815369,,,,,,,,0.0035400390625,1.6395756006240845,0.003939652217844758,-0.02553708119066367,4.187497615814209
18636800,10524.146459882002,0.1296262131999049,0.5541748404502869,,,,,,,,0.0030517578125,1.6627357006072998,0.003926267858963772,-0.027963129853795038,6.453701019287109
18644992,10529.051008879003,0.1569686084091093,0.601672351360321,,,,,,,,0.0037841796875,1.6222010850906372,0.0033194879743660977,-0.028137212930558514,4.132119178771973
18653184,10533.798577916008,0.15661632544756912,0.6052612662315369,,,,,,,,0.0035400390625,1.6525598764419556,0.0033947963059305364,-0.022089896171976844,4.881345272064209
18661376,10538.664073570995,0.14979648241943064,0.5977539420127869,,,,,,,,0.0030517578125,1.625279188156128,0.002918239900021602,-0.027319546618426224,4.429802894592285
18669568,10544.044658950996,0.165290217268377,0.611193835735321,,,,,,,,0.0029296875,1.6254253387451172,0.0027848472209301978,-0.024792248571037425,4.413773536682129
18677760,10549.071469882998,0.17153561590664732,0.593859851360321,0.007804611183232835,0.009647443097300257,0.0058534583874245705,333,568.3829636151714,47.7,30.75,0.00341796875,1.601731300354004,0.0030574722709962865,-0.03031593880770216,4.682765960693359
18685952,10557.149322287005,0.1527565600835712,0.612048327922821,,,,,,,,0.003173828125,1.622492790222168,0.0030505795422726134,-0.03230784572936217,3.7537686824798584
18694144,10561.863150945996,0.16279326341542133,0.606701672077179,,,,,,,,0.0030517578125,1.6807217597961426,0.002662913988063176,-0.02216920075220464,3.737701416015625
18702336,10567.228815226,0.1425261952250588,0.564990222454071,,,,,,,,0.002685546875,1.621447205543518,0.003882128646438332,-0.02698221699343147,5.906891345977783
18710528,10572.81384237,0.12537587770672895,0.56671142578125,,,,,,,,0.00390625,1.6123502254486084,0.0035964275786346533,-0.02138580812857417,6.443533420562744
18718720,10578.083328301,0.13283836578210925,0.5598999261856079,,,,,,,,0.003173828125,1.6306174993515015,0.0035270848223986073,-0.030423306406615065,6.682217597961426
18726912,10584.336908790006,0.22283839227151958,0.616455078125,,,,,,,,0.0032958984375,1.6963906288146973,0.0022112982221639266,-0.02837293952122289,4.062501430511475
18735104,10589.92205053501,0.1816697493286955,0.625744640827179,,,,,,,,0.00341796875,1.5912353992462158,0.003219641451787547,-0.019031289094757733,4.121654987335205
18743296,10595.501378978006,0.1747543663497939,0.6221680045127869,0.014627719544029083,0.020439007444529977,0.01900112762152406,101,90.47668755584387,14.850000000000001,nan,0.0025634765625,1.656745433807373,0.0036835054944244217,-0.02163173728444727,3.870506763458252
18751488,10603.460529486008,0.23436609780024514,0.5782470703125,,,,,,,,0.0040283203125,1.6356749534606934,0.003130948540163603,-0.0249188686189238,4.7821879386901855
18759680,10608.626289649008,0.12818829357498515,0.5619751214981079,,,,,,,,0.0042724609375,1.637616515159607,0.004593194938666834,-0.02836065533619907,6.299551010131836
18767872,10613.719501333006,0.1834635054592683,0.6342529654502869,,,,,,,,0.002685546875,1.6531492471694946,0.0034815427641916585,-0.02444315114955018,3.849285840988159
18776064,10619.130080611998,0.14553226932909355,0.582873523235321,,,,,,,,0.0030517578125,1.6324222087860107,0.00339107655246762,-0.02466226820722664,5.671375274658203
18784256,10624.933777739003,0.163340490857496,0.5950561761856079,,,,,,,,0.003173828125,1.605939507484436,0.0029075450844765482,-0.022871183932040205,4.734113693237305
18792448,10630.264613359002,0.1841682610938559,0.6030029654502869,,,,,,,,0.00341796875,1.6366914510726929,0.0030547324775542783,-0.02123028110625359,4.809062957763672
18800640,10635.698823400002,0.14620455038728075,0.57806396484375,,,,,,,,0.00390625,1.6367892026901245,0.003731726442196215,-0.025106026410735005,5.443535327911377
18808832,10640.953773443005,0.14356539642242297,0.5705200433731079,0.007642356714884557,0.005932680982967065,0.005731767536163446,333,566.8039046683929,47.7,38.85,0.0030517578125,1.6525726318359375,0.003925916190715362,-0.02567546263170492,6.6098313331604
18817024,10649.391348613004,0.15856587298206812,0.6109863519668579,,,,,,,,0.0030517578125,1.588459849357605,0.004493307295712956,-0.025691665908138595,4.01738166809082
18825216,10654.382179522,0.20336037002020665,0.5887085199356079,,,,,,,,0.0032958984375,1.6082035303115845,0.004292982347142038,-0.013364591085989159,6.4163055419921875
18833408,10659.557258779998,0.17131406894160256,0.61968994140625,,,,,,,,0.00341796875,1.572031855583191,0.004242830869826353,-0.022572097705452942,4.072620868682861
18841600,10665.18164173601,0.18596103279450565,0.628710925579071,,,,,,,,0.0029296875,1.6144182682037354,0.0026432407990628626,-0.02223122310904589,4.507348537445068
18849792,10670.488611125998,0.1501326879074579,0.5889648795127869,,,,,,,,0.0030517578125,1.6111650466918945,0.0025334620069921154,-0.024734711020215742,5.515181064605713
18857984,10675.684116550008,0.13573073601176358,0.569201648235321,,,,,,,,0.0032958984375,1.595934271812439,0.0025670557465182764,-0.02843899578767317,6.150156497955322
18866176,10681.036026550995,0.19120741781986145,0.581555187702179,,,,,,,,0.0037841796875,1.577588677406311,0.002510490745347038,-0.021039221591312843,6.089994430541992
18874368,10687.080213634996,0.1544679798666823,0.61114501953125,0.007282420425512193,0.007980769719488356,0.0054618153191341445,333,563.7452828365588,48.6,40.050000000000004,0.003173828125,1.6085309982299805,0.0038076286620987165,-0.027285175665299144,4.7222418785095215
18882560,10695.412081900999,0.15698647453919903,0.5965332388877869,,,,,,,,0.0028076171875,1.631302833557129,0.003561731381898081,-0.018264219848803175,5.49246072769165
18890752,10701.139775933,0.1774837449824482,0.5960693359375,,,,,,,,0.00341796875,1.6187200546264648,0.0026448865875685623,-0.027438422508223193,5.382920265197754
18898944,10706.108869949006,0.15607590626258805,0.5975341796875,,,,,,,,0.003662109375,1.6290717124938965,0.0024545387889980397,-0.02287658554850392,5.0813751220703125
18907136,10711.250714107999,0.1356447909292263,0.5570434927940369,,,,,,,,0.003173828125,1.6317734718322754,0.0018904541520530227,-0.023978536618301186,6.506938457489014
18915328,10716.318770475002,0.1776211970192222,0.623400866985321,,,,,,,,0.0029296875,1.6643614768981934,0.003002280873022567,-0.016279753974152985,5.295353889465332
18923520,10721.165089136004,0.14828116143569012,0.5807861685752869,,,,,,,,0.0037841796875,1.572113275527954,0.002927599630215605,-0.02290554657431531,6.339023113250732
18931712,10725.85366994601,0.1284140750251211,0.570507824420929,,,,,,,,0.0025634765625,1.65449857711792,0.003979071221196451,-0.025898541069634753,8.113489151000977
18939904,10730.684658088998,0.17312964604389583,0.607226550579071,0.008809177048727745,0.009172960252506357,0.00660792114156139,333,555.5574675035692,37.800000000000004,38.85,0.0042724609375,1.6344071626663208,0.0038216615273176657,-0.015141006712667139,5.299480438232422
18948096,10739.026560237005,0.1954739911485533,0.6325317621231079,,,,,,,,0.002685546875,1.5864777565002441,0.0037602239528727877,-0.021694462602296006,4.368451118469238
18956288,10744.571129165008,0.19969418244798706,0.6313843131065369,,,,,,,,0.002685546875,1.6885099411010742,0.003288319510458937,-0.02206089607461081,3.928680419921875
18964480,10749.824513810003,0.1278869365554471,0.581799328327179,,,,,,,,0.0035400390625,1.5558404922485352,0.0031932449181797384,-0.024519049753795805,5.148822784423828
18972672,10755.405633518007,0.13514456049550036,0.5784057974815369,,,,,,,,0.003173828125,1.657562494277954,0.0034579853481802036,-0.02713405193512938,6.269258499145508
18980864,10760.108427838,0.1638403713989726,0.6046386957168579,,,,,,,,0.003662109375,1.6199464797973633,0.0033262999195654563,-0.027825654566207964,5.25213098526001
18989056,10765.093121113008,0.15806654380018595,0.5909423828125,,,,,,,,0.0028076171875,1.6020684242248535,0.0030941687608269097,-0.023692784604791274,6.031020164489746
18997248,10769.938015512002,0.1533240255508424,0.6002197265625,,,,,,,,0.0030517578125,1.6375501155853271,0.003085718768399026,-0.02842937642025626,5.073472499847412
19005440,10775.309022818998,0.18692269348800342,0.62725830078125,0.008631726803180806,0.008751069760479346,0.00647379510238566,333,560.0201062998694,46.800000000000004,40.050000000000004,0.0040283203125,1.5329856872558594,0.004622837202229446,-0.01924329391655001,3.7480008602142334
19013632,10783.860717652002,0.16245563043573752,0.5916504263877869,,,,,,,,0.0029296875,1.662229061126709,0.0046399105920778005,-0.0249414408709776,4.977156639099121
19021824,10788.869220510998,0.18606769407467477,0.630114734172821,,,,,,,,0.002685546875,1.6357704401016235,0.004741501872135179,-0.026736751118931458,3.746968984603882
19030016,10794.403446687997,0.15895082581321973,0.6053100824356079,,,,,,,,0.003662109375,1.5424718856811523,0.004799362994077683,-0.02931066560510799,3.900597095489502
19038208,10799.617747512006,0.1631868360736761,0.6114746332168579,,,,,,,,0.002685546875,1.6471418142318726,0.004446260555420856,-0.023126109165459024,4.116673946380615
19046400,10804.857768211004,0.15080405667128594,0.6134033203125,,,,,,,,0.0040283203125,1.577653169631958,0.004196431925373112,-0.028248062628451323,3.1001813411712646
19054592,10809.74396365801,0.11729193947163395,0.5262451171875,,,,,,,,0.00244140625,1.641740322113037,0.004391736829788329,-0.026862612644568858,7.411304473876953
19062784,10814.845495340007,0.18779055469647668,0.604736328125,,,,,,,,0.0032958984375,1.6415122747421265,0.00500565713765555,-0.019584718858280566,4.426553726196289
19070976,10820.107486113004,0.16580516344800222,0.600415050983429,0.00856492688419308,0.00981315779842229,0.006499792510578417,333,564.0256227949765,38.1,45.900000000000006,0.00341796875,1.600748896598816,0.0034429294066947724,-0.023605136640860502,3.968135118484497
19079168,10828.256691333008,0.18041610787798132,0.627307116985321,,,,,,,,0.0030517578125,1.6538909673690796,0.003522483888301786,-0.025364701181791197,2.818207263946533
19087360,10833.537459193001,0.11787643556581227,0.5609375238418579,,,,,,,,0.0040283203125,1.6517821550369263,0.003543389904620553,-0.026320028915951355,4.96741247177124
19095552,10838.528684140998,0.15112657839218838,0.5655151605606079,,,,,,,,0.00244140625,1.6163899898529053,0.0032894554478236637,-0.024884850887475767,6.142051696777344
19103744,10843.758271979998,0.1428832499481677,0.4762939512729645,,,,,,,,0.0035400390625,1.6388849020004272,0.004054130905842723,-0.027027756814654372,12.145691871643066
19111936,10849.467945876007,0.16729920375558072,0.572070300579071,,,,,,,,0.0032958984375,1.5300796031951904,0.0038502570575736916,-0.023840349518289294,8.034387588500977
19120128,10854.902811282009,0.1734915743368658,0.6221923828125,,,,,,,,0.003662109375,1.6768791675567627,0.0033088840125402585,-0.020486469785823108,4.862194538116455
19128320,10861.20315473,0.18060374219365494,0.62335205078125,,,,,,,,0.003662109375,1.6494596004486084,0.0029111954313824073,-0.02055977010240001,5.149405002593994
19136512,10866.299605779,0.2076439786334195,0.610217273235321,0.007284943373174646,0.010699655787926532,0.0055153655314281735,333,565.9234144511956,43.5,48.300000000000004,0.0030517578125,1.6697200536727905,0.003454947004392306,-0.019843845753660324,5.252083778381348
19144704,10874.970888605007,0.18221663615626849,0.62615966796875,,,,,,,,0.0029296875,1.6466456651687622,0.003712696640228441,-0.01920124487328638,3.718320608139038
19152896,10879.496411686006,0.19705839734721645,0.635021984577179,,,,,,,,0.003662109375,1.5869653224945068,0.003916872075802935,-0.010463229981409566,3.9662301540374756
19161088,10884.768452065997,0.16839873072339465,0.5868164300918579,,,,,,,,0.0032958984375,1.7000471353530884,0.003948983006445972,-0.027041720752348744,4.205684661865234
19169280,10889.980916372995,0.17932957903846636,0.612719714641571,,,,,,,,0.0035400390625,1.6039739847183228,0.00497501549818935,-0.018774091042458613,3.5457398891448975
19177472,10894.982110393,0.13810402968571958,0.5862060785293579,,,,,,,,0.0035400390625,1.6669436693191528,0.004648750859090112,-0.023698569907681447,5.241680145263672
19185664,10900.563730498005,0.15073173287389824,0.5905517935752869,,,,,,,,0.0032958984375,1.6344969272613525,0.0048979862702208665,-0.020741530359727145,4.60794734954834
19193856,10905.970422241997,0.18219923099408614,0.620922863483429,,,,,,,,0.00341796875,1.5726759433746338,0.003935505168730646,-0.028337419528507712,3.1207656860351562
19202048,10911.295142311006,0.1831763399871944,0.552197277545929,0.011941450092485262,0.011456671896227122,0.008956087569363946,333,530.4074559994344,46.050000000000004,39.150000000000006,0.0025634765625,1.675676941871643,0.0028194226300711778,-0.023458511872555553,6.0164103507995605
19210240,10918.949959161007,0.09767572946477823,0.5257568359375,,,,,,,,0.00439453125,1.6308176517486572,0.0027499463641755817,-0.028641490901050226,7.973599910736084
19218432,10924.420935756003,0.09823850263958483,0.527722179889679,,,,,,,,0.002685546875,1.5853393077850342,0.004936178873220287,-0.034168771677743015,9.742103576660156
19226624,10930.278982873002,0.1559266551749343,0.605175793170929,,,,,,,,0.0032958984375,1.6263244152069092,0.003911993597121133,-0.027751454746431054,5.325194835662842
19234816,10935.581326581,0.13974796812263515,0.575488269329071,,,,,,,,0.00390625,1.5870918035507202,0.004034796173016164,-0.025878882586890285,6.682370185852051
19243008,10941.365760080007,0.16024726013027554,0.607128918170929,,,,,,,,0.0029296875,1.6079020500183105,0.00503264682071658,-0.02641635486008922,5.320847988128662
19251200,10946.451968017005,0.14687683172056648,0.58282470703125,,,,,,,,0.0030517578125,1.6185839176177979,0.004440847187147989,-0.023485702895116787,6.243575572967529
19259392,10951.77670858,0.16662943192132118,0.61566162109375,,,,,,,,0.0035400390625,1.5751659870147705,0.003859767656617996,-0.019996083917676873,5.263355255126953
19267584,10958.167739095006,0.19529779013287604,0.6257568597793579,0.004484735658867756,0.004898941217173491,0.0033635517441508167,333,604.1094369589266,46.650000000000006,38.85,0.0029296875,1.6415574550628662,0.002221356002084285,-0.023664454359225453,5.3124895095825195
19275776,10966.25600167,0.1246693870131439,0.563305675983429,,,,,,,,0.00341796875,1.5615757703781128,0.002349274397222212,-0.026179939603574044,7.165138244628906
19283968,10970.597591118,0.19642512077340218,0.631237804889679,,,,,,,,0.0032958984375,1.6682806015014648,0.003541860335067648,-0.01782629623479333,5.206655979156494
19292160,10975.671422832005,0.16632891706953418,0.618273913860321,,,,,,,,0.0035400390625,1.675683617591858,0.0032647900775978345,-0.024514193901970745,4.371389389038086
19300352,10980.908045546006,0.15492526362048087,0.6011596918106079,,,,,,,,0.0035400390625,1.6515849828720093,0.003913592050812764,-0.02080259898836935,4.563003063201904
19308544,10986.252722514997,0.17346691971124384,0.6100097894668579,,,,,,,,0.0030517578125,1.7044496536254883,0.004348338912248062,-0.015062829114610744,4.651462554931641
19316736,10991.505175530998,0.17213408173535374,0.5942749381065369,,,,,,,,0.0037841796875,1.6394004821777344,0.003924618955538417,-0.021253927111452436,4.77330207824707
19324928,10996.770927738005,0.1557203304663382,0.592028796672821,,,,,,,,0.0030517578125,1.6804664134979248,0.0035960964300300047,-0.027476484018313235,4.67133092880249
19333120,11001.975281325009,0.17017958968242425,0.610827624797821,0.010689685982390507,0.009940390112850195,0.00815600261963978,333,536.5244286490382,36.300000000000004,43.650000000000006,0.003173828125,1.5997854471206665,0.0038889481824598837,-0.021203426420420474,4.207284450531006
19341312,11010.230968277,0.15562596504460693,0.6110473871231079,,,,,,,,0.003662109375,1.5870537757873535,0.003882502583064662,-0.021755659715173792,4.1442179679870605
19349504,11014.959016114997,0.18736393234639026,0.561840832233429,,,,,,,,0.00341796875,1.6575708389282227,0.00392599979464392,-0.024085230508849743,5.825404644012451
19357696,11019.280427723003,0.14341622252280478,0.5705932974815369,,,,,,,,0.00390625,1.6265496015548706,0.004863132944458393,-0.02397281456927279,6.545856475830078
19365888,11024.404165403,0.1554652182592783,0.5973266959190369,,,,,,,,0.003173828125,1.680596113204956,0.004030304121079076,-0.019841178576387994,5.737453937530518
19374080,11029.785130649005,0.20019807082563254,0.628552258014679,,,,,,,,0.0032958984375,1.6354560852050781,0.003600928034915407,-0.020208775478089757,3.853842258453369
19382272,11034.236631893,0.14816451905904576,0.59197998046875,,,,,,,,0.0035400390625,1.649680256843567,0.0044388750860413495,-0.02501174011242925,4.64705228805542
19390464,11039.066195681007,0.17841147866480342,0.6058593988418579,,,,,,,,0.00341796875,1.6190035343170166,0.0048638488286743,-0.019796411974499772,5.002367973327637
19398656,11044.309505835,0.18578424968683657,0.6126343011856079,0.010589908651735036,0.014248760211931222,0.00794243148880125,333,540.634401166843,44.7,39.150000000000006,0.0028076171875,1.5918446779251099,0.004631460258833764,-0.021108448615166392,4.930629730224609
19406848,11052.900689300004,0.1498498332744714,0.5788330435752869,,,,,,,,0.0035400390625,1.5897083282470703,0.0037048100772569814,-0.02682666174910341,5.089932918548584
19415040,11058.006124054009,0.18995391372521242,0.6219726800918579,,,,,,,,0.0032958984375,1.5765868425369263,0.003897945213316323,-0.02756982031248319,4.281713008880615
19423232,11063.530125115998,0.15114514073489885,0.602038562297821,,,,,,,,0.00244140625,1.6057357788085938,0.0038625093489066398,-0.03197667248608083,3.4660298824310303
19431424,11068.697149026004,0.1565455434027231,0.60711669921875,,,,,,,,0.0037841796875,1.5758963823318481,0.005053807435124735,-0.02371351880694891,3.5931479930877686
19439616,11073.588267068,0.17077427574848159,0.607800304889679,,,,,,,,0.0032958984375,1.633608341217041,0.004472440671861699,-0.024170774991928032,3.9614334106445312
19447808,11078.581683804005,0.14266775244163407,0.5882202386856079,,,,,,,,0.0032958984375,1.6641063690185547,0.0038026170562921457,-0.02471274451424034,4.416233062744141
19456000,11084.034847912,0.13735341509384033,0.5775513052940369,,,,,,,,0.0037841796875,1.6501953601837158,0.0031818176806057696,-0.024681612578121685,5.38175630569458
19464192,11089.319633139006,0.19575714006471578,0.551989734172821,0.013023652936428376,0.01221373479144372,0.01000268832511042,333,519.2592936798771,28.35,35.550000000000004,0.00341796875,1.6213487386703491,0.002047809669821321,-0.01953795353824835,7.441131591796875
19472384,11097.438925693,0.153299543312994,0.6010986566543579,,,,,,,,0.00244140625,1.6250137090682983,0.002105503736197778,-0.02295694342833321,4.663512706756592
19480576,11102.39302863901,0.1353654161385629,0.5450683832168579,,,,,,,,0.00390625,1.5679947137832642,0.002490597524721805,-0.02605992107098376,6.5349440574646
19488768,11107.697230353995,0.15846398779616894,0.6011108756065369,,,,,,,,0.0028076171875,1.5851294994354248,0.004729281889501724,-0.019974950579419393,5.650462627410889
19496960,11114.109472002005,0.1467543787041169,0.5884643793106079,,,,,,,,0.0037841796875,1.6024495363235474,0.003685383215286331,-0.02335120674483853,5.265262126922607
19505152,11119.867744541,0.1664909892984649,0.60186767578125,,,,,,,,0.0029296875,1.575419306755066,0.0037877611010985746,-0.021813529958165486,5.234101295471191
19513344,11125.012466645,0.16941201646504342,0.611376941204071,,,,,,,,0.0032958984375,1.6337615251541138,0.003952218885121095,-0.021520052623666082,4.485097885131836
19521536,11130.175259951007,0.21024689171495445,0.62646484375,,,,,,,,0.00341796875,1.5976547002792358,0.003245499911245342,-0.0229869754268871,4.068467617034912
19529728,11135.257284410996,0.18008943272262534,0.584460437297821,0.009755976853201731,0.011825254103940197,0.007316982639901326,333,562.8864836084745,38.400000000000006,21.450000000000003,0.0032958984375,1.6214096546173096,0.0036454955085251095,-0.030435704425075913,4.742241859436035
19537920,11143.29325781,0.17544501950884095,0.623913586139679,,,,,,,,0.003173828125,1.6344043016433716,0.004677969799957382,-0.022161562358295233,3.6091766357421875
19546112,11148.840447233,0.1520423392481839,0.558703601360321,,,,,,,,0.00341796875,1.6109691858291626,0.003659644821639496,-0.022110161267468283,7.060044765472412
19554304,11154.397630780004,0.17962835923241882,0.625537097454071,,,,,,,,0.0028076171875,1.6381827592849731,0.004050299615242503,-0.022803163075656004,3.3717377185821533
19562496,11159.789942314004,0.14096788668500104,0.5797485709190369,,,,,,,,0.0035400390625,1.6221699714660645,0.0033577030087029724,-0.027496280682068996,4.914942264556885
19570688,11164.945280133004,0.17338384205176866,0.6184936761856079,,,,,,,,0.0037841796875,1.652870535850525,0.0033957579634052992,-0.024754522977559413,4.053135871887207
19578880,11170.362687339002,0.15733399693326053,0.590087890625,,,,,,,,0.0025634765625,1.6398911476135254,0.0034721885134822994,-0.026029122811051256,4.480605125427246
19587072,11175.123041807004,0.13921535461420084,0.592944324016571,,,,,,,,0.00341796875,1.594797134399414,0.003953801093694809,-0.032352669770418084,3.88733172416687
19595264,11179.320535637002,0.16873739013543376,0.61383056640625,0.012198939121250474,0.013070716302888918,0.009222626404128631,333,539.3890301062459,26.700000000000003,27.150000000000002,0.00341796875,1.5672019720077515,0.0037757180930053647,-0.025438408469300733,3.4059035778045654
19603456,11186.542108605005,0.1596747134276885,0.607836902141571,,,,,,,,0.0025634765625,1.6124283075332642,0.0033665278287113853,-0.029522133439063195,3.3099849224090576
19611648,11190.761681065997,0.14529385144035936,0.598559558391571,,,,,,,,0.0028076171875,1.6047405004501343,0.0031599640241435356,-0.02603730860606698,3.699455976486206
19619840,11195.327680481001,0.17570596508447456,0.590087890625,,,,,,,,0.00390625,1.6363240480422974,0.00303541909810523,-0.021947056053727865,4.561104774475098
19628032,11199.786329948998,0.15197272826941036,0.604687511920929,,,,,,,,0.0029296875,1.619633674621582,0.002487892360326205,-0.028240487890574307,3.924168825149536
19636224,11204.14710554501,0.1473074215514263,0.60064697265625,,,,,,,,0.0029296875,1.6220027208328247,0.002909890932008663,-0.03153561827812403,3.3007524013519287
19644416,11208.551531623001,0.19387010626392687,0.6187744140625,,,,,,,,0.0032958984375,1.5928306579589844,0.004504216747770906,-0.022851041931148466,3.142955780029297
19652608,11212.747716529004,0.13908529571478362,0.579272449016571,,,,,,,,0.00341796875,1.6204794645309448,0.00411831854378053,-0.029067129449322313,4.627259254455566
19660800,11218.003233031995,0.10559133040513174,0.516955554485321,0.008999571958888564,0.010934848965415855,0.006828839024187405,333,551.5267164314085,27.75,34.35,0.0032958984375,1.6097830533981323,0.003854868258248656,-0.030306189540708385,8.091971397399902
19668992,11225.044948759009,0.1518344046811535,0.60308837890625,,,,,,,,0.0030517578125,1.6087257862091064,0.004288714195587406,-0.028823898755674895,3.9285964965820312
19677184,11229.227473653998,0.17438743612463492,0.6275879144668579,,,,,,,,0.0035400390625,1.6248588562011719,0.0038262726412084946,-0.024464378785092587,3.392413377761841
19685376,11233.835226918003,0.14558463331915186,0.585888683795929,,,,,,,,0.0025634765625,1.5962995290756226,0.0038980459370488996,-0.03105552490045245,3.6907143592834473
19693568,11238.27775670201,0.14404932517309899,0.5917114615440369,,,,,,,,0.0030517578125,1.6721246242523193,0.0033665273579901456,-0.030418218488156658,3.5778520107269287
19701760,11242.661431193002,0.16094527057070765,0.590527355670929,,,,,,,,0.004150390625,1.5846478939056396,0.0038327995593450126,-0.023843860569501663,4.455058574676514
19709952,11247.120836850008,0.1391487140583695,0.57781982421875,,,,,,,,0.0025634765625,1.6199727058410645,0.004675541496842239,-0.02575407228693949,4.798882007598877
19718144,11251.475041076003,0.1723095450042873,0.605639636516571,,,,,,,,0.0028076171875,1.6318328380584717,0.004027980998625003,-0.03341534724643171,3.137838840484619
19726336,11255.760242653007,0.12911661011860018,0.5737060904502869,0.010618280984101003,0.008880022981651137,0.00796371073807578,333,538.992122932148,49.2,36.45,0.0040283203125,1.5496256351470947,0.0034414698648117525,-0.02548099477467601,5.318068981170654
19734528,11262.965297172006,0.1458021015622201,0.590563952922821,,,,,,,,0.0028076171875,1.6696537733078003,0.0027453866892267476,-0.025962556630967734,4.792608737945557
19742720,11267.715939158006,0.17907275773544779,0.6244140863418579,,,,,,,,0.003662109375,1.6309010982513428,0.0029851319316638314,-0.018942591249478138,3.932141065597534
19750912,11273.204333090005,0.15572334815178338,0.5954346060752869,,,,,,,,0.003662109375,1.6563304662704468,0.0027496176774438608,-0.02576386382801762,4.3075270652771
19759104,11277.791990318,0.15593454283601194,0.5988525748252869,,,,,,,,0.0028076171875,1.66490638256073,0.0051529434600272594,-0.025411506628803145,4.3915934562683105
19767296,11282.904144888002,0.22768766667131973,0.60003662109375,,,,,,,,0.0040283203125,1.5837621688842773,0.005277164934198719,-0.015549109970695418,5.016154766082764
19775488,11288.214607315007,0.15576368608799226,0.6084350943565369,,,,,,,,0.0028076171875,1.6339279413223267,0.0038977978534291413,-0.022911118616530165,3.6104397773742676
19783680,11293.704116986002,0.1602801007617964,0.609204113483429,,,,,,,,0.0040283203125,1.6299418210983276,0.0027453269198554064,-0.03191065529675069,3.6315574645996094
19791872,11298.975473717,0.15038726584735995,0.56903076171875,0.12373729785679399,0.11663208484194476,0.11663208484194476,51,14.56043195894457,7.65,nan,0.0023193359375,1.5892276763916016,0.003951154908408472,-0.02136624409109324,5.703707695007324
19800064,11307.634125031007,0.17003712076441524,0.619311511516571,,,,,,,,0.0029296875,1.6040194034576416,0.005206874392069238,-0.03088754088557262,3.450511932373047
19808256,11312.999294031004,0.15119366859923905,0.599902331829071,,,,,,,,0.0045166015625,1.5710505247116089,0.004917540548257993,-0.021270495242219703,4.175777435302734
19816448,11318.250200819995,0.18009482420674866,0.6189819574356079,,,,,,,,0.0029296875,1.6405117511749268,0.004668230925670036,-0.02691180778717224,3.8832733631134033
19824640,11323.278831336007,0.11656061928971906,0.554638683795929,,,,,,,,0.0032958984375,1.6783307790756226,0.004398215109275849,-0.029472769509821313,5.7792649269104
19832832,11328.715116249004,0.1889982304678696,0.617907702922821,,,,,,,,0.003173828125,1.5502458810806274,0.004859269730395299,-0.019521745166088747,4.287948131561279
19841024,11333.276852285999,0.18323860125017052,0.62060546875,,,,,,,,0.0029296875,1.6006736755371094,0.0037539256086775996,-0.024834500572094364,3.2253220081329346
19849216,11338.053453724002,0.14628892324520745,0.5959839224815369,,,,,,,,0.00341796875,1.6311882734298706,0.0029763002384467496,-0.025029900534955088,3.955566167831421
19857408,11343.458259321007,0.1493218142708348,0.601977527141571,0.014779742234737991,0.013396407814310618,0.011510414498914101,333,513.617527865496,28.650000000000002,36.6,0.00341796875,1.633607029914856,0.003187837671223659,-0.0272189042708757,3.8594653606414795
19865600,11351.027754780007,0.12877715883218865,0.573864758014679,,,,,,,,0.0030517578125,1.6390377283096313,0.00389305063694223,-0.0302875975372451,4.498956680297852
19873792,11355.983615046003,0.15544311288915658,0.5575805902481079,,,,,,,,0.004150390625,1.6141771078109741,0.004735430264087959,-0.021096470933545823,6.386120319366455
19881984,11361.070608080001,0.16406962922959212,0.613940417766571,,,,,,,,0.0030517578125,1.641178011894226,0.005013139116297971,-0.026433555029484124,3.70548415184021
19890176,11366.080519673997,0.16456392036565848,0.608752429485321,,,,,,,,0.003662109375,1.6641680002212524,0.0025538049325551926,-0.024731992393120173,4.085607051849365
19898368,11370.578996361,0.20809885554853974,0.574633777141571,,,,,,,,0.00341796875,1.6546403169631958,0.0015894273367231815,-0.02606202501720822,6.577052593231201
19906560,11375.556804965003,0.17507269814780427,0.6256958246231079,,,,,,,,0.002685546875,1.629841923713684,0.0017872827846184824,-0.022342795445812177,3.884709119796753
19914752,11380.420125709003,0.19284119861902355,0.6011108756065369,,,,,,,,0.0040283203125,1.5980641841888428,0.004494611694080275,-0.019370257204865883,4.043605804443359
19922944,11385.373503176,0.18947602769545313,0.6309570670127869,0.010317021708129981,0.008832261140799602,0.007764058991105105,333,535.8111682728277,38.400000000000006,40.050000000000004,0.002685546875,1.6179054975509644,0.0038172056640224383,-0.023446399384183067,3.3502235412597656
19931136,11393.477187173004,0.17144653452959027,0.612780749797821,,,,,,,,0.0030517578125,1.6648412942886353,0.005261320372795919,-0.023355628519302812,3.6658380031585693
19939328,11398.157291440002,0.15707097441055465,0.601757824420929,,,,,,,,0.003662109375,1.5779802799224854,0.0047648498819203855,-0.02249431673899226,4.044543266296387
19947520,11402.775333995,0.1715562917025537,0.6233764886856079,,,,,,,,0.0028076171875,1.6349482536315918,0.004284195943199842,-0.025577904445897293,3.2895162105560303
19955712,11407.464751460997,0.2242950122843469,0.607434093952179,,,,,,,,0.0035400390625,1.6250795125961304,0.0029055315257744407,-0.02346096915875199,3.9377400875091553
19963904,11411.688320971996,0.14440010996404898,0.58526611328125,,,,,,,,0.003173828125,1.6471893787384033,0.0027432282379579176,-0.032239790923058335,4.523404598236084
19972096,11415.905823788999,0.13369830469618313,0.563366711139679,,,,,,,,0.0035400390625,1.6564230918884277,0.003380208581168276,-0.024429575988431537,5.910531044006348
19980288,11420.912529790003,0.16119045777559296,0.5960327386856079,,,,,,,,0.0030517578125,1.6003992557525635,0.0033718666517221774,-0.028725090680276094,4.741393566131592
19988480,11425.728671343997,0.16551518162929713,0.61480712890625,0.008939361768362297,0.009309864220121034,0.006704521326271751,333,559.7479053454472,49.800000000000004,28.35,0.0032958984375,1.5922023057937622,0.0028739023928908702,-0.03326498834281412,3.5566277503967285
19996672,11433.179566302002,0.19112763718705786,0.6003051996231079,0.016649202896584336,0.013075291204711847,0.012585806059585147,333,508.81414528808574,47.550000000000004,nan,0.0032958984375,1.67757248878479,0.0033314297495335987,-0.021560717374110104,4.633953094482422
