step,wall,approx_kl,clip_frac,eval_1mU_at_best,eval_JT_end,eval_JT_min,eval_len,eval_return,eval_t_JT_min,eval_t_first_PE,frac_done,mean_reward,min_JT,pg_loss,v_loss
8192,12.236356026987778,0.004378909516514975,0.04166259989142418,,,,,,,,0.0078125,0.6439154744148254,0.1078951473323785,-0.004682012478541342,17.401426315307617
16384,27.377115515992045,0.0034100232061320974,0.02998046949505806,,,,,,,,0.015625,0.6508502960205078,0.10487985653912868,-0.0037788760993643956,4.1529388427734375
24576,43.110341814986896,0.002765551230091811,0.02037353627383709,,,,,,,,0.015625,0.6610387563705444,0.11409155582875291,-0.0031648162254862356,1.0210723876953125
32768,52.707883249007864,0.003886807230576131,0.03516845777630806,0.0021805977788054154,0.2164607561981089,0.21501278967275783,66,43.511071131584195,0.75,nan,0.015625,0.660975456237793,0.13209064073766483,-0.004609722407246096,0.8375856280326843
40960,61.677923552982975,0.004605751078759577,0.04810791090130806,,,,,,,,0.015625,0.6676070690155029,0.0963016127821104,-0.00426442277899425,0.15613333880901337
49152,75.22781549900537,0.006343028551183423,0.07868652790784836,,,,,,,,0.015625,0.6672750115394592,0.08738322277899306,-0.006865625635288736,0.13401725888252258
57344,90.95913354400545,0.005646551457011395,0.06658935546875,,,,,,,,0.015625,0.667921245098114,0.11884527080287444,-0.006078981860865855,0.07196356356143951
65536,105.72504546298296,0.005111805540971334,0.05943603441119194,0.002203084500561059,0.21580422204379396,0.21498660435621955,66,43.521630495080295,0.75,nan,0.015625,0.6655160188674927,0.16656547630119536,-0.007674789839158949,0.130085751414299
73728,120.99797742799274,0.006790364794870682,0.08502197265625,,,,,,,,0.015625,0.66834956407547,0.17102177952482775,-0.006255024002131345,0.04319615289568901
81920,136.2584545300051,0.00638777744122394,0.07770996540784836,,,,,,,,0.015625,0.6735371351242065,0.1048272426987157,-0.006989884899920282,0.07766997069120407
90112,151.14508217500406,0.008071958169590585,0.11229248344898224,,,,,,,,0.015625,0.674267590045929,0.12712433565567785,-0.008920935229355362,0.07602354139089584
98304,167.20844081498217,0.004696285844450898,0.04909668117761612,0.0036991309409704076,0.17953479798224,0.17953479798224,66,45.446739393348814,49.5,nan,0.015625,0.6747471690177917,0.13131207511962315,-0.003952208187495954,0.18045595288276672
106496,183.38020686298842,0.005391802361767912,0.06430663913488388,,,,,,,,0.015625,0.6813635230064392,0.10547031494454795,-0.004766761301364918,0.21492262184619904
114688,199.28243684000336,0.005780636944516146,0.06988525390625,,,,,,,,0.015625,0.676155686378479,0.0973799769184223,-0.005567111755168057,0.3879484236240387
122880,214.894994650007,0.007860292695830348,0.10546875,,,,,,,,0.015625,0.6797245144844055,0.13262800851953105,-0.005724119493350777,0.15898504853248596
131072,230.12242740899092,0.006765367746465816,0.08541259914636612,0.004127485762395744,0.1669243308125697,0.16514577683083487,66,46.29574704919595,45.0,nan,0.015625,0.6832853555679321,0.11350753136316132,-0.007190934214953832,0.40775638818740845
139264,246.05947389098583,0.005847807538083699,0.068359375,,,,,,,,0.0078125,0.6866910457611084,0.1262264284763073,-0.00410096134221443,0.19260838627815247
147456,253.7544416919991,0.005825446533081931,0.0709228515625,,,,,,,,0.015625,0.6819901466369629,0.09805935728975092,-0.005300932245500396,0.4675593376159668
155648,259.41472057500505,0.0061005062382144554,0.07501220703125,,,,,,,,0.015625,0.6812112331390381,0.10594931781999661,-0.00684403227047223,0.45042654871940613
163840,264.6879991010064,0.006026821434915161,0.07193603366613388,0.011899342680800618,0.17770363281528812,0.17770363281528812,66,44.951221841686696,49.5,nan,0.015625,0.6884355545043945,0.11576863228875278,-0.004601291148178431,0.13845539093017578
172032,269.80705808699713,0.00547600339012084,0.06534423679113388,,,,,,,,0.015625,0.6867104768753052,0.10158013076252898,-0.003527315300155245,0.16395647823810577
180224,274.8815823729965,0.006827516728476701,0.08811035007238388,,,,,,,,0.015625,0.6832155585289001,0.13740340195574272,-0.005960504728606709,0.1556992083787918
188416,279.8563315150095,0.00735712511129823,0.09288330376148224,,,,,,,,0.015625,0.6870144605636597,0.1394959957497457,-0.006102886786953594,0.08312059938907623
196608,284.9109272689966,0.007630736004133222,0.10025634616613388,0.0044622510524524595,0.1700949896731568,0.1671969911801463,66,46.11355744718924,43.5,nan,0.015625,0.6872706413269043,0.14216803634306543,-0.005288565691396948,0.07356832921504974
204800,289.9215454279911,0.006864065633452679,0.08834228664636612,,,,,,,,0.015625,0.690615177154541,0.13879496642440362,-0.005244147764796188,0.18576546013355255
212992,294.9273671139963,0.00683203320544262,0.0872802734375,,,,,,,,0.015625,0.6963814496994019,0.11609338408690663,-0.0048990134742998145,0.21671850979328156
221184,299.9395511499897,0.006100324107638803,0.07098388671875,,,,,,,,0.015625,0.7006508111953735,0.11357928996306277,-0.00405374813135198,0.17286399006843567
229376,304.97935160898487,0.006939956833127256,0.087890625,0.0085715806085771,0.15867619217690526,0.15867619217690526,66,46.69727686236596,49.5,nan,0.015625,0.7023804187774658,0.10748270094511904,-0.005196180615753264,0.16237960755825043
237568,309.98721753800055,0.006912206228976242,0.08861084282398224,,,,,,,,0.015625,0.6997618079185486,0.10774492665897681,-0.0049173810288304035,0.10620063543319702
245760,315.00622214601026,0.007168020263214165,0.09083252400159836,,,,,,,,0.015625,0.7007960677146912,0.1357655892943574,-0.005681681085928013,0.08719176054000854
253952,320.00516900999355,0.008128071048625566,0.10703124850988388,,,,,,,,0.015625,0.7074589729309082,0.12899226329692878,-0.005831685633954805,0.09822934120893478
262144,324.9891991390032,0.007966941044274273,0.10646972805261612,0.001297599574946684,0.14321039766820642,0.1407299652429168,66,48.60115989857248,47.25,nan,0.015625,0.705592930316925,0.10118053278170289,-0.005795802456477862,0.1540144979953766
270336,330.0352809189935,0.00696695180664515,0.08807373046875,,,,,,,,0.015625,0.7113785743713379,0.11886965264355615,-0.0055430449315963,0.14175806939601898
278528,335.0490218210034,0.00716534804840424,0.09165038913488388,,,,,,,,0.0078125,0.7076214551925659,0.12071682690592342,-0.003912680175879478,0.2014007866382599
286720,340.02040785498684,0.00822959517243591,0.1097412109375,,,,,,,,0.015625,0.7057176232337952,0.1209079098208146,-0.005025612088043988,0.17324689030647278
294912,345.0059792009997,0.008268582175059944,0.11026611179113388,0.002442784505688911,0.1349899682489313,0.13381556169978145,66,49.590222195766636,47.25,nan,0.015625,0.7118157148361206,0.09155086054906447,-0.005650514299107231,0.16598816215991974
303104,350.0070056929835,0.007515236464726242,0.09691162407398224,,,,,,,,0.015625,0.7135331630706787,0.10872029738491729,-0.0051588447418184375,0.2590857446193695
311296,354.99629097399884,0.007850824113468515,0.10225830227136612,,,,,,,,0.015625,0.7183915972709656,0.1145402197443372,-0.00472484035501238,0.31663185358047485
319488,359.9385456859891,0.006414171166021366,0.07819824665784836,,,,,,,,0.015625,0.7291606068611145,0.084421346182383,-0.0037955940518178584,0.2819674611091614
327680,364.9570316039899,0.009137126592969187,0.12305908650159836,0.0035564621473824776,0.1194768620457315,0.11888626413275438,66,50.97644772107294,47.25,nan,0.015625,0.7263904213905334,0.10252748756431304,-0.006063819199251826,0.2245631068944931
335872,370.0296592520026,0.00800094017890714,0.10390625149011612,,,,,,,,0.015625,0.7294607162475586,0.11093777412193115,-0.005157851488744517,0.20863603055477142
344064,375.01417850499274,0.007330511747289873,0.09353027492761612,,,,,,,,0.015625,0.7343776822090149,0.0870868052837467,-0.004056937839702668,0.2287898063659668
352256,379.9973061049823,0.008080505306666498,0.10987549275159836,,,,,,,,0.015625,0.7355309724807739,0.09187916798788484,-0.004136654192732729,0.301798939704895
360448,384.9833014780015,0.008063954179770834,0.10615234822034836,0.0006727414972018675,0.10789591132970808,0.10748442680013331,66,51.86078618682164,48.75,nan,0.015625,0.7421512007713318,0.09206570899811689,-0.00334938342747584,0.288250207901001
368640,389.9907813720056,0.008952220488830431,0.11881103366613388,,,,,,,,0.015625,0.746148407459259,0.08718954685987151,-0.005642547226380189,0.2354990690946579
376832,395.00059477300965,0.008564303460754591,0.11540527641773224,,,,,,,,0.015625,0.7485896348953247,0.08752615353504213,-0.00673500149599771,0.32697024941444397
385024,400.01185508898925,0.010438014492230592,0.14124755561351776,,,,,,,,0.015625,0.7566529512405396,0.07911771371908638,-0.005724856904895784,0.4472599923610687
393216,405.1283860359981,0.008240409639191792,0.10673828423023224,0.0022162918044142943,0.09208540661592628,0.08492736501030022,66,54.506659859997676,48.75,nan,0.015625,0.7694447040557861,0.07104021198529485,-0.0056381613742099235,0.41200026869773865
401408,410.19625207199715,0.008301785010800172,0.11175537109375,,,,,,,,0.015625,0.7694374918937683,0.06738409715969182,-0.005840549694113239,0.45057401061058044
409600,415.353764022002,0.00744191776509868,0.09598388522863388,,,,,,,,0.0078125,0.763160765171051,0.06138332092471005,-0.003525162538983451,0.5549947619438171
417792,420.4232779539889,0.007482699753733831,0.0950927734375,,,,,,,,0.015625,0.7683061957359314,0.05447032263713408,-0.004572969366062163,0.693423330783844
425984,425.5599084100104,0.008306011699609794,0.10845947265625,0.006272066721694336,0.06843342961128011,0.06843342961128011,66,56.94706885692658,49.5,nan,0.015625,0.7730916738510132,0.05441022220032833,-0.0053438397534355695,0.8385030031204224
434176,430.63621697900817,0.00858076754879239,0.11429443210363388,,,,,,,,0.015625,0.7738096117973328,0.05757910967785106,-0.002628600389647375,0.9401329159736633
442368,435.66335483599687,0.009513457290573535,0.12239990383386612,,,,,,,,0.015625,0.77774578332901,0.05306946826910911,-0.003546123202235907,0.8024471402168274
450560,440.71336722999695,0.008052917393870445,0.10865478962659836,,,,,,,,0.015625,0.7767860889434814,0.0644624940663371,-0.0035308427981953702,0.8674234747886658
458752,445.7006121700106,0.008314439357659707,0.107177734375,0.016777424716604816,0.06782217877111445,0.06686916387793533,66,57.11184900713233,47.25,nan,0.015625,0.789592981338501,0.05731662229211695,-0.0032987793961232765,0.8153170943260193
466944,450.7601016240078,0.008546294195230715,0.11098632961511612,,,,,,,,0.015625,0.7835127115249634,0.04238475215773571,-0.004225484532395705,1.3086992502212524
475136,455.7754207169928,0.009874672589298262,0.12956543266773224,,,,,,,,0.015625,0.7844961881637573,0.04855738347609803,-0.0038120009388483626,1.1391006708145142
483328,460.7745011209918,0.009354405503899297,0.12397461384534836,,,,,,,,0.015625,0.7934596538543701,0.03808764324604835,-0.004256804778407423,1.252557396888733
491520,465.8621042849845,0.008943174651791947,0.11955566704273224,0.021140320641223065,0.08196384851339746,0.07099377978946779,66,56.718782898958295,46.5,nan,0.015625,0.7962396144866943,0.053009995899606234,-0.003719529703643426,0.7127165794372559
499712,470.9375927159854,0.010180498709197707,0.13779297471046448,,,,,,,,0.015625,0.798509955406189,0.0523814285969125,-0.0030654190148582347,1.061446189880371
507904,475.9607178150036,0.010670986599135013,0.14338378608226776,,,,,,,,0.015625,0.7930243015289307,0.05795230878456645,-0.004903119786212388,1.2993881702423096
516096,480.9548826729879,0.010188455066703565,0.1341552734375,,,,,,,,0.015625,0.7934969067573547,0.04647148577599593,-0.004748250808677562,1.4017574787139893
524288,485.9872276340029,0.01028230454222602,0.13603515923023224,0.002176575173067241,0.06352138691408798,0.05882831415632536,66,58.786778366760295,46.5,nan,0.015625,0.8050954341888428,0.03774798122925182,-0.005139250974838472,1.6104058027267456
532480,491.11547863998567,0.010590406874289466,0.14141845703125,,,,,,,,0.015625,0.8097869157791138,0.054195816563785595,-0.002852973171038701,0.871923565864563
540672,496.16652773998794,0.009119359108669402,0.12100829929113388,,,,,,,,0.015625,0.8164668083190918,0.04116461733910958,-0.0026951212575404364,1.1865215301513672
548864,501.14597370199044,0.010055749096378902,0.13480225205421448,,,,,,,,0.0078125,0.8016150593757629,0.04155212047029421,-0.003842752501933897,1.0757607221603394
557056,506.16141919299844,0.010099032010924755,0.13884277641773224,0.009946316849365866,0.06811499095773263,0.05537574638682083,66,60.438743781432656,48.75,nan,0.015625,0.8071766495704651,0.0490795230572702,-0.00454770608019168,1.1430981159210205
565248,511.20091421698453,0.008054829301253391,0.10283203423023224,,,,,,,,0.015625,0.8070035576820374,0.040757280806878474,-0.0060693823305353264,1.0980989933013916
573440,516.2193866549933,0.009450135860131272,0.12587891519069672,,,,,,,,0.015625,0.8166022300720215,0.043041051964066435,-0.004363833306719218,1.53886878490448
581632,521.2471225879854,0.009074428893897802,0.11954345554113388,,,,,,,,0.015625,0.8155248761177063,0.029548274762948468,-0.004099646203820822,1.3398805856704712
589824,526.265783846,0.010614881550565142,0.13908691704273224,0.011594679664649443,0.06317692063085469,0.05318269922095057,66,60.49503672316031,46.5,nan,0.015625,0.8212191462516785,0.035603582452758555,-0.002244070196792422,1.018621802330017
598016,531.3293996889843,0.01012868918206572,0.13787841796875,,,,,,,,0.015625,0.8189992308616638,0.03341802866655191,-0.003072516224246858,1.070320725440979
606208,536.4183471339929,0.010914107652317906,0.14801025390625,,,,,,,,0.015625,0.8201373815536499,0.0329076007189172,-0.00463236933125846,1.2907577753067017
614400,541.4514554909838,0.010826565198565147,0.14533691108226776,,,,,,,,0.015625,0.8287210464477539,0.026351531569476574,-0.003750125752689207,1.3568922281265259
622592,546.4620341809932,0.009636208216603223,0.12653808295726776,0.00409006473563156,0.04442514618510062,0.043513437885976405,66,62.277237945453905,48.75,nan,0.015625,0.8232665657997131,0.03411821013092927,-0.003867022819491302,1.0284820795059204
630784,551.5875822810049,0.011068232152562243,0.14826659858226776,,,,,,,,0.015625,0.8311936855316162,0.03218137440918389,-0.004073559645957063,1.1311858892440796
638976,556.5785814539995,0.01074791434183682,0.14678955078125,,,,,,,,0.015625,0.836391270160675,0.035279958944505675,-0.004830420953187437,1.0506641864776611
647168,561.5916985629883,0.009509778819390222,0.12635497748851776,,,,,,,,0.015625,0.8347135782241821,0.043327264449583805,-0.005052319291284481,1.4290552139282227
655360,566.6396838199871,0.008911508456277957,0.11834716796875,0.0058486721373927075,0.04142116848583827,0.03534250196822194,66,65.1904561570218,48.75,nan,0.015625,0.8411341905593872,0.030986062195027076,-0.004545329315892399,2.4182679653167725
663552,571.7382490019954,0.011936775584216859,0.16416016221046448,,,,,,,,0.015625,0.8422476649284363,0.02834261365441572,-0.004967648053690635,2.577996015548706
671744,576.7400888649863,0.011645774682842953,0.15640869736671448,,,,,,,,0.015625,0.8421974778175354,0.03297243972132419,-0.003288057993687815,1.9700729846954346
679936,581.829349378997,0.01082970960387013,0.14315186440944672,,,,,,,,0.0078125,0.8457935452461243,0.03437402032117939,-0.002512370646115581,1.6447467803955078
688128,586.7808008329885,0.010429618847643915,0.13775634765625,0.014825354999175588,0.054609904233396504,0.04545118189512744,66,62.48863803571144,48.0,nan,0.015625,0.8467967510223389,0.031135197588718223,-0.004378128050163169,1.5321290493011475
696320,591.7800647490076,0.00945765333506085,0.12510986626148224,,,,,,,,0.015625,0.8455972671508789,0.02499294148955199,-0.004309643752754464,1.607092261314392
704512,596.8453480479948,0.010748059496857119,0.14532470703125,,,,,,,,0.015625,0.8548083305358887,0.022617856979872765,-0.004807359273899062,1.6270149946212769
712704,601.8494206389878,0.011354913075081316,0.15273438394069672,,,,,,,,0.015625,0.855431318283081,0.027473359558074097,-0.004290604325821606,1.0901159048080444
720896,606.9286606849928,0.012754705531621922,0.17269288003444672,0.007247048178597892,0.03588995303445243,0.03588995303445243,66,64.52053963501544,49.5,nan,0.015625,0.8627150654792786,0.02811353125804507,-0.003457953395288113,1.5812968015670776
729088,612.042130707996,0.012408283639214045,0.16872559487819672,,,,,,,,0.015625,0.8585091829299927,0.03164759332495914,-0.002854335606923605,1.524399995803833
737280,617.1045520489861,0.011543560973927142,0.15552978217601776,,,,,,,,0.015625,0.8611446022987366,0.02620782618350942,-0.005385848364333075,1.0799063444137573
745472,622.1277192650014,0.010723616789206657,0.14536133408546448,,,,,,,,0.015625,0.8766961097717285,0.026258603208260158,-0.002421340678782798,0.8545305132865906
753664,627.0917872689897,0.010983584655436019,0.1502685546875,0.009246471154992442,0.03517562601049059,0.03517562601049059,66,64.2567149387189,49.5,nan,0.015625,0.8709368705749512,0.028182027963623513,-0.004320944281930444,1.0048189163208008
761856,632.1683091390005,0.012036630783100292,0.16232910752296448,,,,,,,,0.015625,0.8771881461143494,0.02493015287262791,-0.0016533447194335242,0.8567776083946228
770048,637.2363030319975,0.01059496143588417,0.14114990830421448,,,,,,,,0.015625,0.8868001103401184,0.027867478699701333,-0.00504773284211122,0.9485796093940735
778240,642.3036037499842,0.012431958268278101,0.16141358017921448,,,,,,,,0.015625,0.8837607502937317,0.02399586218754836,-0.0035901762239767725,1.2133172750473022
786432,647.279504072998,0.012073893249918578,0.16042481362819672,0.007586083256139298,0.03178634119706162,0.02974225257285882,66,66.73085073748861,48.75,nan,0.015625,0.8820517063140869,0.02717920084208364,-0.004065038834806409,1.3488003015518188
794624,652.3047032970062,0.009579928341214367,0.12858887016773224,,,,,,,,0.015625,0.8875333070755005,0.01625719276792589,-0.003285442918304269,1.5727570056915283
802816,657.347500148986,0.010160231998958564,0.13364258408546448,,,,,,,,0.015625,0.905066967010498,0.013776679360259381,-0.0028119194727275385,1.84038507938385
811008,662.3973018070101,0.011915413017849735,0.16091309487819672,,,,,,,,0.015625,0.8958742022514343,0.023830257840490122,-0.0023690202572156783,1.2766298055648804
819200,667.3893773079908,0.010263839082057614,0.13776855170726776,0.004345607756977454,0.028187842945807284,0.02154467559162837,66,68.99172606936636,48.75,nan,0.0078125,0.897200345993042,0.016656091523829575,-0.0032458469731001874,1.6384270191192627
827392,672.5025157289929,0.011600805853359082,0.15556640923023224,,,,,,,,0.015625,0.8946065902709961,0.018656943555791318,-0.0004615031769255436,1.5535863637924194
835584,677.5436581109825,0.010025209107265648,0.13402099907398224,,,,,,,,0.015625,0.8974733948707581,0.01822294537942847,-0.0031686892969946313,1.653372049331665
843776,682.6072697379859,0.012287458028978866,0.163818359375,,,,,,,,0.015625,0.8956912159919739,0.013767173307439274,-0.00565525751626168,1.9930025339126587
851968,687.6725055949937,0.009413674700659867,0.12813721597194672,0.0076093937021817215,0.0270996885856737,0.020412169172875617,66,70.4468286035339,48.75,nan,0.015625,0.9040098786354065,0.01584763892233129,-0.003359189451385282,1.6084438562393188
860160,692.7612090480106,0.013362217156980633,0.17711181938648224,,,,,,,,0.015625,0.9024753570556641,0.016314486649559912,-0.0022871133581711107,2.382779359817505
868352,697.7906826169929,0.013429302601111377,0.17597655951976776,,,,,,,,0.015625,0.9094344973564148,0.01626878531878523,-0.0016852705841863963,2.3211870193481445
876544,702.8646790729836,0.013794678951995463,0.18004150688648224,,,,,,,,0.015625,0.9080847501754761,0.015915341011172347,0.0011345891505101368,1.7435206174850464
884736,707.9120176619908,0.011398071844893456,0.1524658203125,0.004009738000216867,0.019059965336319297,0.019059965336319297,66,71.14862956518927,49.5,nan,0.015625,0.9190731048583984,0.006787881669698359,-0.004358119414960679,1.9571380615234375
892928,713.0406967879971,0.01179529299481614,0.15913085639476776,,,,,,,,0.015625,0.9070316553115845,0.017022100560188613,-0.0028592522004921815,2.3233489990234375
901120,718.0926635900105,0.010910594732520335,0.14743652939796448,,,,,,,,0.015625,0.9107860326766968,0.023391388378791456,-0.0036594584231987876,1.2980917692184448
909312,723.0727305219916,0.012264704671651075,0.16523437201976776,,,,,,,,0.015625,0.9123571515083313,0.017825558751420566,-0.0030660076206188444,1.3219317197799683
917504,728.1254062759981,0.011580441265401163,0.15587158501148224,0.010095159912144158,0.042743896155162754,0.02867665877591973,66,68.74590135388598,45.75,nan,0.015625,0.9162676930427551,0.01912989730876612,-0.007233180259780746,2.8802688121795654
925696,733.2804794549884,0.01210829623427545,0.15745849907398224,,,,,,,,0.015625,0.9208986163139343,0.016379821787883966,-0.0017427433726644429,1.8040026426315308
933888,738.2215319829993,0.012379761351619195,0.16251221299171448,,,,,,,,0.015625,0.9212106466293335,0.019710621081006376,-0.0031472666868232165,2.3298470973968506
942080,743.2980258419993,0.012532986340867148,0.1629638671875,,,,,,,,0.015625,0.9353898763656616,0.01469637269146874,-0.0024889850080403314,1.687782645225525
950272,748.3908070290054,0.011466328277669344,0.1544189453125,0.00626631397272015,0.03225100777600639,0.024577288562272006,66,68.04826751636084,48.0,nan,0.0078125,0.9297432899475098,0.021393997335739403,-0.0016300446015374268,1.5400073528289795
958464,753.4676918449986,0.011911017449992962,0.15629883110523224,,,,,,,,0.015625,0.9133392572402954,0.02069429184009669,-0.0006519038098896622,1.6440356969833374
966656,758.4671717119927,0.01042571156890858,0.13735352456569672,,,,,,,,0.015625,0.9179995059967041,0.015296826586652068,-0.003082212914928264,2.3791258335113525
974848,763.530231140001,0.011274510710749988,0.15435791015625,,,,,,,,0.015625,0.9230614900588989,0.016277785959427804,-0.003779063242354107,1.4595640897750854
983040,768.5242435940017,0.011266600458290761,0.15223388373851776,0.005952182819328189,0.019701487597635695,0.019701487597635695,66,69.82065869180208,49.5,nan,0.015625,0.9052373766899109,0.01745739161879717,-0.003726646964503197,1.183168888092041
991232,773.5933190140058,0.009740774739733392,0.13010254502296448,,,,,,,,0.015625,0.9303116798400879,0.014688337494598736,-0.0030583994614258626,1.3984501361846924
999424,778.6322278559965,0.011203731019132536,0.14793701469898224,,,,,,,,0.015625,0.9272262454032898,0.01812540707283995,-0.004240140737395424,1.287528395652771
1007616,783.6283385239949,0.01034618843302807,0.13841553032398224,,,,,,,,0.015625,0.940891683101654,0.016112039080441266,-0.0034894221226322492,1.2641210556030273
1015808,788.6578041480097,0.013015885084185226,0.17204590141773224,0.004168213598687687,0.021011051828301444,0.021011051828301444,66,68.8134955124324,49.5,nan,0.015625,0.9543138146400452,0.014611304509740408,-0.003777044970721777,1.4176777601242065
1024000,793.8026344729878,0.012320432633485149,0.16197510063648224,,,,,,,,0.015625,0.9332398176193237,0.01337133645296612,-0.0021556457924578657,1.3948971033096313
1032192,798.8644698949938,0.012850006382313685,0.17398682236671448,,,,,,,,0.015625,0.9316890835762024,0.01738481010812473,-0.0037268380331138204,1.185759425163269
1040384,803.8721246880013,0.01018495908767415,0.13431397080421448,,,,,,,,0.015625,0.9462352395057678,0.015380670356434523,-0.0033477302406024175,1.12649405002594
1048576,808.8821230980102,0.012114324634611102,0.16258545219898224,0.004772625756403692,0.02088138796496496,0.02088138796496496,66,68.67122059713093,49.5,nan,0.015625,0.9373661279678345,0.013794607687504568,-0.003421866190952276,1.191872239112854
1056768,813.9415466919891,0.011612312211818325,0.15416260063648224,,,,,,,,0.015625,0.9524599313735962,0.016773630297971333,-0.004455493501348545,1.2731714248657227
1064960,818.9888613089861,0.011451377788478085,0.15552978217601776,,,,,,,,0.015625,0.9706639051437378,0.008765502843497808,-0.0028343692650559743,1.4825395345687866
1073152,824.0025218630035,0.012817194248383963,0.16781006753444672,,,,,,,,0.015625,0.966968834400177,0.01038381672706782,-0.0029089795927308092,2.283426284790039
1081344,829.0304771749943,0.011867640929885933,0.15858153998851776,0.005051461182820294,0.018701781513092663,0.018701781513092663,66,70.53551214655896,49.5,nan,0.015625,0.9571617245674133,0.009791145300654891,-0.0035689604117503286,1.8839807510375977
1089536,834.087648619985,0.011331859646792373,0.15335693955421448,,,,,,,,0.0078125,0.944674015045166,0.015484665779376117,-0.002607933004659828,1.472625494003296
1097728,839.1107380870089,0.012268339731002796,0.1641845703125,,,,,,,,0.015625,0.9431331753730774,0.01487429883315693,-0.003377451555532549,2.329725742340088
1105920,844.114644849993,0.012541347678621268,0.16691894829273224,,,,,,,,0.015625,0.9458850622177124,0.012357417780406388,-0.0028698459216792366,1.5155975818634033
1114112,849.1719113950094,0.012059337561460392,0.16146241128444672,0.0070456641782828955,0.019710906630158165,0.019350044733979867,66,70.6411699371484,47.25,nan,0.015625,0.9477087259292603,0.011059287201180846,-0.0019382466608179987,1.6027530431747437
1122304,854.2906553799985,0.012206788578087073,0.16075439751148224,,,,,,,,0.015625,0.9430918097496033,0.015698418875555953,-0.004188156650856421,1.9955635070800781
1130496,859.3778311089845,0.012837872704218562,0.16973876953125,,,,,,,,0.015625,0.9621959924697876,0.011526668692292519,-0.0017491113126244526,1.8674112558364868
1138688,864.3990613849892,0.012333238743605167,0.16041259467601776,,,,,,,,0.015625,0.9661368727684021,0.01250615042888542,-0.003948011440665495,1.4638017416000366
1146880,869.4413717130083,0.012754404130650982,0.16759033501148224,0.007274113146013894,0.02175939752289663,0.01842154500866483,66,71.14466768619579,47.25,nan,0.015625,0.9641026258468628,0.00756386234447598,-0.003229707355589888,1.5385868549346924
1155072,874.5102174489875,0.013522778993771146,0.17862549424171448,,,,,,,,0.015625,0.9730665683746338,0.006686772591867596,-0.0033184011489136435,1.6827939748764038
1163264,879.5214318970102,0.012388680507359204,0.16278076171875,,,,,,,,0.015625,0.9756633639335632,0.00793446141217563,-0.0028526337872788834,1.9671070575714111
1171456,884.5291366559977,0.013208853639229643,0.17418213188648224,,,,,,,,0.015625,0.9767125248908997,0.009573784367761407,-0.0026973313833606005,1.7004032135009766
1179648,889.5371158889902,0.015439042135849313,0.19365234673023224,0.004387966396705911,0.017595158772992416,0.01644835966999162,66,73.41144537134018,46.5,nan,0.015625,0.9947337508201599,0.009141757310486066,-0.0029616077630565027,1.457208514213562
1187840,894.6571787569846,0.013152927314182683,0.17600098252296448,,,,,,,,0.015625,0.9919908046722412,0.007695481617801059,-0.004677482945454718,1.733618140220642
1196032,899.6493355319835,0.013915490857252242,0.18648682534694672,,,,,,,,0.015625,0.9996672868728638,0.008527987055764309,-0.0024446005743577037,1.8590065240859985
1204224,904.6659502699913,0.014270407075789355,0.18215332925319672,,,,,,,,0.015625,0.9933203458786011,0.010000186904336007,-0.0018754220307995635,1.9652729034423828
1212416,909.7099739169935,0.01262486757419034,0.16751709580421448,0.004201438755269682,0.013629069060282661,0.01176698674415201,66,75.3766650022675,47.25,nan,0.015625,0.9892796277999878,0.009724584498202427,-0.002505068414910799,1.7363159656524658
1220608,914.8334191800095,0.013120353847491557,0.17012940347194672,,,,,,,,0.0078125,0.9733414649963379,0.012419234087277376,-0.002753095749210597,2.069751739501953
1228800,919.8863331580069,0.014072701367517638,0.18171386420726776,,,,,,,,0.015625,0.9767155647277832,0.008027421361277421,-0.0022561561944536893,2.287222385406494
1236992,924.9362655770092,0.013623048678269786,0.18057861924171448,,,,,,,,0.015625,0.9762985110282898,0.0066352879361717305,-0.002130890559561407,2.4184043407440186
1245184,929.9408921090071,0.01174979463879313,0.15552978217601776,0.00675323508471215,0.01009934111463936,0.01009934111463936,66,76.24318488872827,49.5,nan,0.015625,0.983457088470459,0.01099882292778668,-0.0028581838455478633,2.1622512340545654
1253376,935.0005204860063,0.012716576307239453,0.16971436142921448,,,,,,,,0.015625,0.9945030212402344,0.0027069261258080403,-0.003091231704491368,2.127164602279663
1261568,940.0647916469898,0.012125938272881113,0.16015625,,,,,,,,0.015625,0.9978505373001099,0.00652047348292294,-0.0017760244882356413,1.9696863889694214
1269760,945.104663687991,0.012733132051377664,0.16752929985523224,,,,,,,,0.015625,0.9889384508132935,0.006226179603937377,-0.0033308872166769293,2.254220962524414
1277952,950.1311449880013,0.012021354206138705,0.16258545219898224,0.006528035168004598,0.01366860805089386,0.011464490433706355,66,76.67501288095,47.25,nan,0.015625,1.0108764171600342,0.007502355447153997,-0.003809540955448089,2.020829916000366
1286144,955.2376309210085,0.011870782477149152,0.15900878608226776,,,,,,,,0.015625,1.003373146057129,0.005320741885575709,-0.004299475480235355,2.752967357635498
1294336,960.2022923099867,0.014457022066629452,0.18824462592601776,,,,,,,,0.015625,1.0111693143844604,0.004974024705025693,-0.004711297879370086,2.077383041381836
1302528,965.2430250860052,0.013806571248085903,0.17830811440944672,,,,,,,,0.015625,1.0213209390640259,0.004384412331026455,-0.002999814282316394,2.0917537212371826
1310720,970.2356807249889,0.016847127820055735,0.21802978217601776,0.0037295011369232745,0.013352352252394208,0.009752272882882574,66,78.48643298935005,46.5,nan,0.015625,1.0298409461975098,0.008622163940624662,-0.0037004036514111053,1.908047080039978
1318912,975.2977339619829,0.012899744522002056,0.17250977456569672,,,,,,,,0.015625,1.0335437059402466,0.007984823594055201,-0.00429333272297557,1.7274852991104126
1327104,980.3323235359858,0.011793264704505457,0.1573486328125,,,,,,,,0.015625,1.0395228862762451,0.005283348314255976,-0.004716013294551924,1.9549477100372314
1335296,985.3436019229994,0.013947592535577806,0.18356934189796448,,,,,,,,0.015625,1.0435086488723755,0.003674717872167699,-0.004056984091846534,2.2088449001312256
1343488,990.3205492020061,0.013700633265602575,0.18260498344898224,0.0062375908630528665,0.01231359702245628,0.010308431643173977,66,78.02484633837673,48.75,nan,0.015625,1.0288478136062622,0.0074029283870453155,-0.002427576506293354,2.167738676071167
1351680,995.3987586339936,0.014046618095535727,0.1796875,,,,,,,,0.015625,1.0387492179870605,0.005285558456635132,-0.0008201109133682737,2.5149879455566406
1359872,1000.4339327949856,0.013055664847958155,0.17288818955421448,,,,,,,,0.0078125,1.015018105506897,0.005284366101581506,-0.0022005581288764386,2.6929643154144287
1368064,1005.4500209229882,0.014231451437879156,0.18405762314796448,,,,,,,,0.015625,1.0212388038635254,0.003716592088090154,-0.0018752432344946225,3.1574466228485107
1376256,1010.5117578729987,0.014630532985210321,0.19174805283546448,0.009972593785193218,0.01866970332522916,0.01315405278888887,66,75.48776177778446,47.25,nan,0.015625,1.0251290798187256,0.004693468190301909,-0.0017632272858037216,2.2756564617156982
1384448,1015.5419031799829,0.01604865088544778,0.1929931640625,,,,,,,,0.015625,1.0197325944900513,0.003215725783714818,-0.0028354815097698938,2.45495867729187
1392640,1020.5307695489901,0.014890003095247191,0.19072265923023224,,,,,,,,0.015625,1.0313899517059326,0.007387322111023432,-0.0037361416169040154,1.7592480182647705
1400832,1025.5582509189844,0.012666678438826174,0.17106933891773224,,,,,,,,0.015625,1.0410077571868896,0.003569205974323475,-0.004347323263662222,2.0016212463378906
1409024,1030.5717978829925,0.014723950939273096,0.18972168862819672,0.00707125899130312,0.012449555444566884,0.009368896660365012,66,78.69592180422286,48.75,nan,0.015625,1.0477875471115112,0.004535259952506665,-0.002227243689235587,2.1604583263397217
1417216,1035.683836649987,0.013346398153874879,0.17786864936351776,,,,,,,,0.015625,1.0334386825561523,0.0072874191463955795,-0.003849606071621973,1.950433611869812
1425408,1040.6845754189999,0.013350012689367486,0.17789307236671448,,,,,,,,0.015625,1.0444631576538086,0.006573128451062738,-0.0008347511058874298,2.158719778060913
1433600,1045.6782318220066,0.014082982859865274,0.18519286811351776,,,,,,,,0.015625,1.0549448728561401,0.004651379585725957,-0.0031620174148946907,2.409207582473755
1441792,1050.6844005619932,0.013198444332452937,0.17707519233226776,0.006642224569642918,0.014243726899405774,0.008919554053798018,66,78.7475340616886,48.75,nan,0.015625,1.0556635856628418,0.002981083845344956,-0.00432139513624266,2.1054558753967285
1449984,1055.7686629070085,0.012953321509383465,0.17241211235523224,,,,,,,,0.015625,1.0582263469696045,0.005106366166773613,-0.0029862190814010352,2.7028963565826416
1458176,1060.771493370994,0.013893822670211681,0.17816162109375,,,,,,,,0.015625,1.055770993232727,0.006129503384642854,-0.0035462138092441074,2.2394144535064697
1466368,1065.7935727559961,0.015770619910505795,0.20125733315944672,,,,,,,,0.015625,1.068501591682434,0.004205448116779154,-0.0012733087235168544,2.254992723464966
1474560,1070.7763332150062,0.015718398813466948,0.20059815049171448,0.00796536629503497,0.014755876322091,0.011118330600802417,66,76.5385642089855,47.25,nan,0.015625,1.0694351196289062,0.004347385763898026,-0.00112506742525571,2.3463833332061768
1482752,1075.9167473099951,0.013987505024247582,0.18758545815944672,,,,,,,,0.015625,1.065750002861023,0.005434462964713605,-0.0031274406544075277,2.680919647216797
1490944,1080.92471182,0.014005343922816528,0.18778076767921448,,,,,,,,0.0078125,1.0580031871795654,0.005515280075332408,-0.0045906004186996325,2.5812911987304688
1499136,1085.9046955640079,0.013747490843297834,0.18170166015625,,,,,,,,0.015625,1.0384629964828491,0.005475618572886399,-0.004552073626191293,2.1280007362365723
1507328,1090.8921718969941,0.01376608354646623,0.18300782144069672,0.009234715773602242,0.013818391564014598,0.011770124364113722,66,77.99831511942479,48.75,nan,0.015625,1.054592490196228,0.004448214077294332,-0.002753738892239228,2.2767369747161865
1515520,1095.9721776570077,0.016315080131310975,0.20527343451976776,,,,,,,,0.015625,1.053193211555481,0.004669585246939201,-0.0012129409913978718,1.9521093368530273
1523712,1100.966052631993,0.013690198643744557,0.1805419921875,,,,,,,,0.015625,1.0533511638641357,0.0039849163246120315,-0.004474633293536165,2.415354013442993
1531904,1106.005794117984,0.017705321922058655,0.22042237222194672,,,,,,,,0.015625,1.0628154277801514,0.006007002458589684,-0.0008295548852706781,2.081727981567383
1540096,1110.9368433209893,0.013100348401000812,0.17475585639476776,0.0059931868681672995,0.01237684605551438,0.008456897342835334,66,79.79139076920652,48.75,nan,0.015625,1.062639832496643,0.005038455826708111,-0.0036087192548968808,2.520285129547119
1548288,1116.0473061469966,0.01441824893523653,0.19019775092601776,,,,,,,,0.015625,1.0661290884017944,0.0024567548559807917,-0.0043239627644876336,2.388655662536621
1556480,1121.1024180869863,0.014161999285140076,0.18857422471046448,,,,,,,,0.015625,1.0663115978240967,0.005929567733993524,-0.0034339717197053644,2.265223503112793
1564672,1126.1166647509963,0.013853390334071706,0.18367920815944672,,,,,,,,0.015625,1.0876708030700684,0.004582072222758293,-0.005421775529670963,1.9523632526397705
1572864,1131.1065765100066,0.015914686964671864,0.20601807534694672,0.008303473421468976,0.014949418246649715,0.010599370268852527,66,78.23245770376374,48.75,nan,0.015625,1.078722596168518,0.006893526399882022,-0.002317717002175851,1.9217357635498047
1581056,1136.1420692759857,0.014459033217720569,0.1885986328125,,,,,,,,0.015625,1.081910252571106,0.0044603986866320056,-0.0039731758554971625,2.304680347442627
1589248,1141.2069302669843,0.014779381731452011,0.19110107421875,,,,,,,,0.015625,1.0878657102584839,0.005789927017385333,-0.0031996339389457635,1.9841092824935913
1597440,1146.2433786949841,0.013007394574005557,0.17031250894069672,,,,,,,,0.015625,1.0914884805679321,0.002988809935777626,-0.002398541103232489,2.58135724067688
1605632,1151.2888991360087,0.015191396821174525,0.19783936440944672,0.0031089227431285726,0.010938051717236287,0.005663544834920431,66,81.92331255990293,47.25,nan,0.015625,1.098280906677246,0.003233858632769271,-0.004566239567240013,2.644099712371826
1613824,1156.3685917539988,0.01424174758199679,0.18619385361671448,,,,,,,,0.015625,1.1052742004394531,0.0041112287892772215,-0.004228371019769407,2.601569890975952
1622016,1161.4054857959854,0.012578881680829213,0.16630859673023224,,,,,,,,0.015625,1.0988683700561523,0.0032191908548332097,-0.004969159628943476,2.627741813659668
1630208,1166.401300648984,0.015457655869482513,0.19998779892921448,,,,,,,,0.0078125,1.0747238397598267,0.004183520217928327,-0.003868065619110617,2.63022518157959
1638400,1171.3821388270007,0.014648561811240985,0.190185546875,0.003820783800888128,0.007126342711154032,0.005765188626734863,66,82.8347931004682,48.75,nan,0.015625,1.0859779119491577,0.002717865209490833,-0.003741805906509832,2.6314733028411865
1646592,1176.4916974359949,0.01657254390884872,0.21331787109375,,,,,,,,0.015625,1.0855551958084106,0.004762384537297793,-0.0032429226785721313,2.342958450317383
1654784,1181.4879755589936,0.0158675901203749,0.20594482123851776,,,,,,,,0.015625,1.0697596073150635,0.004060859704213138,-0.0029335404851375266,1.8276138305664062
1662976,1186.513226852985,0.01488191003689518,0.19583740830421448,,,,,,,,0.015625,1.0772600173950195,0.0028771777961380863,-0.00376184061491308,1.898805856704712
1671168,1191.605464711989,0.014938138322740244,0.1961669921875,0.0036619412259542017,0.004631915732520519,0.004631915732520519,66,82.62944755664549,49.5,nan,0.015625,1.0973609685897827,0.003873808534094303,-0.004854864913060261,2.1711878776550293
1679360,1196.6595990789938,0.018440283716477254,0.22308349609375,,,,,,,,0.015625,1.093314528465271,0.0019421662778041139,-0.002813894385684499,2.073589563369751
1687552,1201.6440433750104,0.013881737356297087,0.18161621689796448,,,,,,,,0.015625,1.1058058738708496,0.0026721897089589833,-0.0020441978095039073,2.129741668701172
1695744,1206.6320670470013,0.014784484147221392,0.19565430283546448,,,,,,,,0.015625,1.1001553535461426,0.0033028642028076205,-0.004450834057393442,2.0248420238494873
1703936,1211.6669708410045,0.014491417357959963,0.19296875596046448,0.003116027629564644,0.007228293739899827,0.005788477065708564,66,81.76439261206879,46.5,nan,0.015625,1.10478675365448,0.005000164482440662,-0.0043203100916151945,1.6251716613769531
1712128,1216.7069008690014,0.0141739142785935,0.18604736030101776,,,,,,,,0.015625,1.1133476495742798,0.0028478744960256266,-0.003575741747183588,1.841274619102478
1720320,1221.6602056059928,0.01720973322356294,0.22053222358226776,,,,,,,,0.015625,1.0956530570983887,0.0036087558176583715,-0.0028504811020374364,2.2974586486816406
1728512,1226.6865715669992,0.013911324364157924,0.18353271484375,,,,,,,,0.015625,1.111641764640808,0.002921219897594385,-0.003970732781074219,2.114210844039917
1736704,1231.6754063619883,0.016188645191791102,0.20979003608226776,0.005117846929457492,0.005743399040641551,0.005743399040641551,66,82.40486128767355,49.5,nan,0.015625,1.1192595958709717,0.004267826766391403,-0.004941653608228996,2.191866636276245
1744896,1236.7869847409893,0.013485117514207286,0.17999267578125,,,,,,,,0.015625,1.125261902809143,0.0032174899214586165,-0.0055749746132371,2.314302682876587
1753088,1241.7949034159828,0.014174636113339406,0.18576660752296448,,,,,,,,0.015625,1.1166516542434692,0.0023790508510106337,-0.0052024879108717205,2.3690991401672363
1761280,1246.8377716279938,0.015199979787731584,0.19835205376148224,,,,,,,,0.0078125,1.1163994073867798,0.003709056142222289,-0.0046644280512333275,2.2055492401123047
1769472,1251.839888789982,0.014540156455699078,0.19216309487819672,0.005259794331580192,0.005630792044258948,0.005630792044258948,66,81.98934346354433,49.5,nan,0.015625,1.0998414754867554,0.003726198766951272,-0.0059051968843812875,2.8248510360717773
1777664,1256.8913599890075,0.01465705078758663,0.19255371391773224,,,,,,,,0.015625,1.0944344997406006,0.002764945084277082,-0.004687687377524394,2.83445405960083
1785856,1261.8718879999942,0.014450997527680849,0.19118653237819672,,,,,,,,0.015625,1.1101701259613037,0.0027411551507184996,-0.005399897829916001,2.0886154174804688
1794048,1266.8903020639846,0.015809092827882027,0.20516358315944672,,,,,,,,0.015625,1.1010578870773315,0.003939739856409774,-0.006678749991816273,2.0474088191986084
1802240,1271.8706488129974,0.01639990529847336,0.21171875298023224,0.0064170323749768166,0.007164429436753873,0.007164429436753873,66,82.27093421296685,49.5,nan,0.015625,1.0981734991073608,0.0037082179463961197,-0.004308870340897446,2.2681713104248047
1810432,1276.9263337620068,0.015029922361196192,0.19664306938648224,,,,,,,,0.015625,1.1051709651947021,0.005503358571319283,-0.005075211190735077,2.268148183822632
1818624,1281.9241584209958,0.015517040989724774,0.20205079019069672,,,,,,,,0.015625,1.1262739896774292,0.003069570543196798,-0.004288344966760762,2.210691213607788
1826816,1286.908205337997,0.015123314877354022,0.1966552734375,,,,,,,,0.015625,1.1163400411605835,0.0027406358083628905,-0.005717181884894754,2.0493054389953613
1835008,1291.894460126001,0.01481344015378807,0.19749756157398224,0.007742054687742361,0.008372653504747285,0.008372653504747285,66,80.96082657154199,49.5,nan,0.015625,1.1274073123931885,0.00373507164509993,-0.005076706686943423,1.9570640325546265
1843200,1297.009473668004,0.015084392907299436,0.19843749701976776,,,,,,,,0.015625,1.1274527311325073,0.0036459874552371985,-0.0029117997869223984,2.2599892616271973
1851392,1302.0075357430032,0.017143311015295027,0.21746826171875,,,,,,,,0.015625,1.133598804473877,0.004989567691565478,-0.004734819505054011,2.1929001808166504
1859584,1306.9749362669827,0.017123866431873216,0.21419678628444672,,,,,,,,0.015625,1.1300759315490723,0.004350240031585295,-0.0030207592100706202,1.784326195716858
1867776,1312.0342356140027,0.015456015755825173,0.20169678330421448,0.004290678060778874,0.010634977274568181,0.0055917131958371676,66,82.38097910362352,47.25,nan,0.015625,1.140663504600525,0.004798035341206786,-0.0034042066131395633,1.933489203453064
1875968,1317.093199060997,0.015525738309269977,0.20257568359375,,,,,,,,0.015625,1.1448767185211182,0.0030754496075327768,-0.0027770106555580192,1.897093653678894
1884160,1322.1435744150076,0.015280210070469369,0.20061035454273224,,,,,,,,0.015625,1.1452178955078125,0.0027348611010651227,-0.0036291794041167394,2.2263031005859375
1892352,1327.1129480229865,0.013899384553490463,0.18498535454273224,,,,,,,,0.015625,1.1359552145004272,0.005765686684750315,-0.0025043547490370653,2.4305150508880615
1900544,1332.1368993810029,0.016160313786044895,0.20621338486671448,0.0028975366590719975,0.0049525064272060056,0.00462870578412099,66,84.84985473009458,45.0,nan,0.0078125,1.0999284982681274,0.003948018305015333,-0.00354931462102192,2.228381633758545
1908736,1337.1779998569982,0.016085383645831564,0.20693360269069672,,,,,,,,0.015625,1.1276915073394775,0.0028324147400872746,-0.0030516778012547,2.299217939376831
1916928,1342.2207725619955,0.015112632171938338,0.19916991889476776,,,,,,,,0.015625,1.1202805042266846,0.004481046652187304,-0.0029133479063947493,2.2373361587524414
1925120,1347.1629255620064,0.01481150953954098,0.19831542670726776,,,,,,,,0.015625,1.1231335401535034,0.0031126933471271713,-0.004556844867354759,2.2113888263702393
1933312,1352.022781949985,0.014889204692511877,0.19207763671875,0.0046149774467151294,0.005511139309813496,0.005511139309813496,66,85.5563439762191,49.5,nan,0.015625,1.136612892150879,0.0051119957897883045,-0.003500204654641988,2.1978466510772705
1941504,1356.8595626580063,0.015866910498332245,0.20521239936351776,,,,,,,,0.015625,1.1151052713394165,0.0034890421070211787,-0.004389617547142714,2.0635082721710205
1949696,1361.6025441259844,0.016941029029293453,0.21589355170726776,,,,,,,,0.015625,1.1278223991394043,0.004060107569571459,-0.006020526720824175,1.9223955869674683
1957888,1366.379614164005,0.015619854594540706,0.203857421875,,,,,,,,0.015625,1.1289540529251099,0.004237461091706629,-0.0031894158247737663,2.0293595790863037
1966080,1371.13927293499,0.014666002352318526,0.19161377847194672,0.00605712692100302,0.006712550351743596,0.006712550351743596,66,81.81815266652796,49.5,nan,0.015625,1.1413429975509644,0.003175939731561728,-0.006339975486024058,2.5012595653533936
1974272,1376.0061690800067,0.017366391705066892,0.21979980170726776,,,,,,,,0.015625,1.1470900774002075,0.002629924481603341,-0.0038835211752549213,2.3343987464904785
1982464,1380.7480543069832,0.016591590572391204,0.20947265625,,,,,,,,0.015625,1.1442384719848633,0.004078661534493422,-0.005262050393582275,2.088385820388794
1990656,1385.5070029950002,0.01586624499723736,0.20627442002296448,,,,,,,,0.015625,1.1711797714233398,0.004273744476924202,-0.005148046920875766,1.9588676691055298
1998848,1390.2948654420034,0.016224085904146892,0.20714111626148224,0.005886151168827847,0.011446457507440345,0.009713162895674133,66,81.25260590749062,39.0,nan,0.015625,1.164392113685608,0.00475274998529448,-0.004926477531280606,1.9723396301269531
2007040,1395.1121596079902,0.01607944968724993,0.20396728813648224,,,,,,,,0.015625,1.1599347591400146,0.004724221147535646,-0.0040423787765234715,1.8457252979278564
2015232,1399.8524612509937,0.014541419774830889,0.18842773139476776,,,,,,,,0.015625,1.15104079246521,0.004563793078240098,-0.004405141277769085,2.333111524581909
2023424,1404.6312454139988,0.014147723444687944,0.18477784097194672,,,,,,,,0.015625,1.1522327661514282,0.004899779671022964,-0.005055510518071417,2.189722776412964
2031616,1409.3794145270076,0.01669388981921806,0.210693359375,0.008445059596537852,0.011882764719870254,0.010369705201375668,66,80.48456135589878,44.25,nan,0.0078125,1.1385653018951416,0.0030629191130511105,-0.004736746173309638,2.6390492916107178
2039808,1414.2131660869927,0.015606197751676883,0.20158691704273224,,,,,,,,0.015625,1.1296906471252441,0.0020090831155280655,-0.004049046962475831,3.109636068344116
2048000,1418.9234078029986,0.017294993584313047,0.21818847954273224,,,,,,,,0.015625,1.1220204830169678,0.003948530534021566,-0.005655043401316138,3.0959596633911133
2056192,1423.7046167090011,0.018316554139411096,0.22664795815944672,,,,,,,,0.015625,1.1157400608062744,0.0038081323047936323,-0.0016741639233062355,2.086587905883789
2064384,1428.4722078859922,0.01662601891614788,0.20917968451976776,0.0061973963820483036,0.007828786373224384,0.007335234201519414,66,82.22531803282669,47.25,nan,0.015625,1.1257593631744385,0.004392675916305444,-0.0022342685323302586,2.0465359687805176
2072576,1433.2885529719933,0.01632892090340453,0.20677490532398224,,,,,,,,0.015625,1.1237156391143799,0.004906438856668006,-0.0058872930697520245,2.4426565170288086
2080768,1438.0613290079928,0.01577572301380378,0.20612792670726776,,,,,,,,0.015625,1.12832510471344,0.005178904727930112,-0.004662687960564165,2.5317463874816895
2088960,1442.8061920939945,0.016736674962610998,0.21256104111671448,,,,,,,,0.015625,1.1292871236801147,0.00533655148979525,-0.002594979956749548,1.9103577136993408
2097152,1447.6198937699955,0.01712050586690527,0.21628418564796448,0.008234827170916503,0.010426566610867327,0.009817776942152657,66,80.91279031871815,45.75,nan,0.015625,1.142124891281128,0.0030018870672715693,-0.0018963035392310136,2.1544694900512695
2105344,1452.413265182986,0.015599355878212408,0.20388184487819672,,,,,,,,0.015625,1.1363147497177124,0.004748955037859071,-0.004825359221405366,2.3175933361053467
2113536,1457.1938489599852,0.01733284501800796,0.21689453721046448,,,,,,,,0.015625,1.1423956155776978,0.005438775475803171,-0.004490245903932134,2.2383291721343994
2121728,1461.9486272459908,0.01809806117204744,0.22507324814796448,,,,,,,,0.015625,1.1710237264633179,0.004058507445973214,-0.0009212935228105779,2.159651279449463
2129920,1466.7219177139923,0.01763089726429717,0.22117920219898224,0.01335783425813819,0.014191005415485892,0.014191005415485892,66,78.41975362352835,49.5,nan,0.015625,1.1607967615127563,0.004730226062450472,-0.0032671848762174938,2.2092251777648926
2138112,1471.5496533609985,0.017280074284558907,0.21766357123851776,,,,,,,,0.015625,1.161987066268921,0.00477250612992245,-0.0071178985169409684,2.584407091140747
2146304,1476.3334201000107,0.01607915867140623,0.20820312201976776,,,,,,,,0.015625,1.1490145921707153,0.004846124515602435,-0.004633918688442928,2.703076124191284
2154496,1481.100343219994,0.016839353700368393,0.21400146186351776,,,,,,,,0.015625,1.1649532318115234,0.004052130121374143,-0.00383082577842025,2.598775625228882
2162688,1485.8654775100003,0.015313789017677399,0.195556640625,0.00813830751801714,0.01438183500006337,0.009744698015349352,66,80.78924162444397,45.75,nan,0.015625,1.1614402532577515,0.0030204178953970543,-0.002928384705340498,2.5591235160827637
2170880,1490.682675374992,0.015248515069047392,0.19759522378444672,,,,,,,,0.0078125,1.140384554862976,0.004309726911933376,-0.004359137010806262,2.347461462020874
2179072,1495.4951015560073,0.016357306012642514,0.20852051675319672,,,,,,,,0.015625,1.1390935182571411,0.004728020650519172,-0.0041843729648481836,2.53174090385437
2187264,1500.2416064270074,0.01664890991436399,0.20749512314796448,,,,,,,,0.015625,1.1400057077407837,0.00423445568777362,-0.005441182664953584,2.048534393310547
2195456,1504.9620705790003,0.01621708144225797,0.20590820908546448,0.005132169977218881,0.008054904561292042,0.0072588000139569234,66,83.91526651942951,47.25,nan,0.015625,1.144614577293396,0.002408326659907212,-0.0030716785452136403,2.5661473274230957
2203648,1509.8135876549932,0.01631620185039977,0.20905761420726776,,,,,,,,0.015625,1.148348093032837,0.0053051987886930775,-0.005319600173069427,1.8094221353530884
2211840,1514.589155439986,0.015003483745510155,0.19556884467601776,,,,,,,,0.015625,1.150678038597107,0.0048079809513159495,-0.003601550634189705,2.0910589694976807
2220032,1519.3485712499823,0.016173362231850265,0.20698241889476776,,,,,,,,0.015625,1.1335220336914062,0.004100793743498643,-0.004009297494980943,2.458756685256958
2228224,1524.0675014320004,0.015333833274598897,0.20159912109375,0.0070458667617766535,0.008340121286831648,0.008340121286831648,66,81.88293587479667,49.5,nan,0.015625,1.1492975950241089,0.004477461891755874,-0.0032406175080725444,2.2062623500823975
2236416,1528.8560389949998,0.017634854844424678,0.22349853813648224,,,,,,,,0.015625,1.1539148092269897,0.0029062968922228707,-0.0039045782137231964,2.2989137172698975
2244608,1533.6292013530037,0.016245598899668423,0.20708008110523224,,,,,,,,0.015625,1.162246823310852,0.003839622769239293,-0.0043468649897578,1.9027245044708252
2252800,1538.365226934984,0.018530330830794018,0.22457276284694672,,,,,,,,0.015625,1.154081106185913,0.0054927491581110545,-0.0032151697380964532,1.9874111413955688
2260992,1543.077001558995,0.017400566687643483,0.22227783501148224,0.0035114077389792886,0.009676341059482618,0.005728902306370232,66,85.14830206623438,45.75,nan,0.015625,1.1844605207443237,0.0041539052505738085,-0.004151374076205504,1.654043197631836
2269184,1547.8992802749854,0.017101853370946357,0.21650390326976776,,,,,,,,0.015625,1.1739686727523804,0.002818584249442979,-0.005823028847353606,2.143120527267456
2277376,1552.6522864599829,0.016737476410380283,0.21525879204273224,,,,,,,,0.015625,1.1766421794891357,0.0034249686815117086,-0.004237437806141428,2.1234772205352783
2285568,1557.410574884998,0.017880664155955767,0.22586670517921448,,,,,,,,0.015625,1.182974934577942,0.003926266819876412,-0.0029773009224938786,2.1738173961639404
2293760,1562.2015977120027,0.015817116676060013,0.20437012612819672,0.0026819059462442896,0.00880409832618797,0.004984466285446076,66,86.19200007136783,47.25,nan,0.015625,1.1871778964996338,0.003975051315826883,-0.005267376135764295,2.4436631202697754
2301952,1566.9925579580013,0.017759980297869064,0.22662353515625,,,,,,,,0.0078125,1.165338397026062,0.003804431864637914,-0.007111341753337425,2.7176146507263184
2310144,1571.758608581993,0.018196815965526397,0.22824707627296448,,,,,,,,0.015625,1.153651237487793,0.003946590336863432,-0.0026428667900253878,2.5274016857147217
2318336,1576.5264033109997,0.016484000700579794,0.20782470703125,,,,,,,,0.015625,1.1522750854492188,0.0043962123530025266,-0.004248937526751752,2.2395474910736084
2326528,1581.2315591890074,0.019151322569307475,0.23638916015625,0.006422516493385433,0.012864567582453768,0.008329393225234882,66,82.46031272552045,45.0,nan,0.015625,1.1565985679626465,0.0034355873987338527,-0.0017792681133378355,1.9603166580200195
2334720,1586.0018932569947,0.017028988393454497,0.21750488877296448,,,,,,,,0.015625,1.149532437324524,0.0040795026932842204,-0.0032661934319499156,1.6375086307525635
2342912,1590.731050915987,0.018243959083790052,0.22847901284694672,,,,,,,,0.015625,1.1595816612243652,0.0025814441784193123,-0.005973905220619719,1.6372665166854858
2351104,1595.4765493309824,0.016753341109239428,0.21088866889476776,,,,,,,,0.015625,1.1710011959075928,0.003729011559297868,-0.0038101724222545374,1.934976577758789
2359296,1600.172272033,0.01694081120220945,0.21417236328125,0.003941141912540802,0.012224832952143085,0.00782182975335134,66,82.89325956260626,42.0,nan,0.015625,1.170114278793335,0.00393274411102732,-0.006059759186319471,1.6700924634933472
2367488,1605.0268099140085,0.015924241270195514,0.20332030951976776,,,,,,,,0.015625,1.1722323894500732,0.003090873235787706,-0.0038799100022320317,1.9570201635360718
2375680,1609.7623744790035,0.019141781199397547,0.23703613877296448,,,,,,,,0.015625,1.1749298572540283,0.00488548078799157,-0.004324714591811463,1.8835753202438354
2383872,1614.495407437993,0.01677148295157792,0.212890625,,,,,,,,0.015625,1.1883883476257324,0.003258563632060907,-0.007110741874250909,1.8053945302963257
2392064,1619.2446830729896,0.02092282924093475,0.24929200112819672,0.005417773818647387,0.007051881623415335,0.007051881623415335,66,84.81313001377512,49.5,nan,0.015625,1.1910169124603271,0.004702412041862425,-0.002442347598979061,1.8269827365875244
2400256,1624.0569047759927,0.017435029932564555,0.21817627549171448,,,,,,,,0.015625,1.1982793807983398,0.003786785616666799,-0.004731124453266052,1.973907470703125
2408448,1628.7956839189865,0.017240419861632737,0.21779786050319672,,,,,,,,0.015625,1.1948648691177368,0.004141616942031179,-0.005106509678610593,2.0811657905578613
2416640,1633.516894150991,0.01827587182649913,0.2264404296875,,,,,,,,0.015625,1.1923301219940186,0.004207959347913482,-0.0005361282394434367,2.1349809169769287
2424832,1638.259058955009,0.017466655018867745,0.22142334282398224,0.0044389442749929175,0.007206222389887118,0.0064789679231645695,66,84.75092486178862,45.0,nan,0.015625,1.1948124170303345,0.0020622254436971745,-0.006043907450536892,2.57444429397583
2433024,1643.059568406985,0.016492130587682795,0.21125487983226776,,,,,,,,0.015625,1.1954917907714844,0.004107121685457338,-0.0031453433048542847,2.216669797897339
2441216,1647.8400312130107,0.01907061281359191,0.23555909097194672,,,,,,,,0.0078125,1.1662379503250122,0.003725697242379533,-0.0030436295076094627,2.1856331825256348
2449408,1652.5889701969863,0.018749186588895753,0.22891846299171448,,,,,,,,0.015625,1.176702618598938,0.003148756880308257,-0.0018861438676993584,1.8926481008529663
2457600,1657.283907856996,0.017110893133909545,0.21726074814796448,0.005544047662657592,0.0068789990962913605,0.0068789990962913605,66,84.30494591357449,49.5,nan,0.015625,1.1591790914535522,0.004705589433346036,-0.004247699926596146,1.8537561893463135
2465792,1662.1359062039992,0.018149026318485594,0.22556152939796448,,,,,,,,0.015625,1.1652064323425293,0.003592066290361673,-0.0033755857288702198,1.9445953369140625
2473984,1666.8351029100013,0.01582432786843765,0.20314942300319672,,,,,,,,0.015625,1.1689032316207886,0.0026682100066769522,-0.005994842973525264,1.9097694158554077
2482176,1671.5407613650023,0.017347303561370413,0.21713867783546448,,,,,,,,0.015625,1.176788568496704,0.004324841571695737,-0.003831270970412308,1.951300859451294
2490368,1676.2914437649888,0.016913641363359582,0.21567383408546448,0.004169262751519742,0.004966711488310283,0.004966711488310283,66,86.68348682967137,49.5,nan,0.015625,1.1622772216796875,0.0033721963292305704,-0.004493608510994905,2.0031702518463135
2498560,1681.0919892299862,0.01595072819401365,0.20882569253444672,,,,,,,,0.015625,1.1705043315887451,0.0033377846170738025,-0.003909631700623212,1.8760864734649658
2506752,1685.7984384559968,0.016080892868840835,0.20549316704273224,,,,,,,,0.015625,1.1865382194519043,0.0034129420363345434,-0.004469928926331002,1.5188604593276978
2514944,1690.5422086569888,0.017621664873204018,0.22092285752296448,,,,,,,,0.015625,1.1992477178573608,0.003256613961007149,-0.004284289954678013,1.6999367475509644
2523136,1695.2665433640068,0.018607439639430935,0.2308349609375,0.0019770228388619193,0.006676767056662614,0.003933383273402968,66,87.62979368947649,47.25,nan,0.015625,1.203307032585144,0.003500015314855476,-0.004235226421563868,1.9867725372314453
2531328,1700.0379000160028,0.01709414090155318,0.21723632514476776,,,,,,,,0.015625,1.1964658498764038,0.004203549530657591,-0.004267551190580048,1.674465537071228
2539520,1704.8123026590038,0.01837915462947285,0.22431640326976776,,,,,,,,0.015625,1.1986727714538574,0.0023511648106471997,-0.004852475754263202,1.860215425491333
2547712,1709.5493276469933,0.01699347956015401,0.21572266519069672,,,,,,,,0.015625,1.2130699157714844,0.004059728241912752,-0.005362108368152147,2.0458085536956787
2555904,1714.2603679889871,0.015687542029473398,0.20548096299171448,0.005827672618181956,0.00857630740090295,0.007836558981310604,66,85.02662123554089,47.25,nan,0.015625,1.211167812347412,0.0038787211223822895,-0.003368483004923109,2.113664388656616
2564096,1719.0883913929865,0.017153998981025164,0.2205810546875,,,,,,,,0.015625,1.198883295059204,0.0027666598822349343,-0.004062152485690242,2.1583304405212402
2572288,1723.7564810370095,0.016765361071997994,0.21333007514476776,,,,,,,,0.0078125,1.1889970302581787,0.0030418653218368674,-0.005972042738327641,2.3601486682891846
2580480,1728.4987409820023,0.020396006157029845,0.23951415717601776,,,,,,,,0.015625,1.179510474205017,0.002988230219833754,-0.0009797632472223967,2.0805113315582275
2588672,1733.2675301489944,0.01831645833007156,0.22681884467601776,0.009091288471218206,0.010832415483795666,0.010284978352533026,66,82.53702755202235,47.25,nan,0.015625,1.1748008728027344,0.0033431247711511406,-0.004067299235939569,1.8675583600997925
2596864,1738.1393946300086,0.01813252776584519,0.22374267876148224,,,,,,,,0.015625,1.1840039491653442,0.0029863707322840384,-0.0027389311906062795,2.097806692123413
2605056,1742.8738237569924,0.01778794317740225,0.22358398139476776,,,,,,,,0.015625,1.187436819076538,0.003904855291269749,-0.002914288413058561,1.830465316772461
2613248,1747.6171456690063,0.017615595991612838,0.22231446206569672,,,,,,,,0.015625,1.1889318227767944,0.002363129980300849,-0.004853289015527221,2.021064519882202
2621440,1752.3484388809884,0.01681687171212731,0.21204833686351776,0.004752651041876388,0.005202596316800568,0.005202596316800568,66,85.6040104916778,49.5,nan,0.015625,1.1989459991455078,0.0029507970699730436,-0.004466998931586758,1.8896000385284424
2629632,1757.176095562987,0.01777804209853231,0.21992187201976776,,,,,,,,0.015625,1.1960679292678833,0.0044447189650959175,-0.004505339400892386,1.872941255569458
2637824,1761.9142569749965,0.018106976683458238,0.22148437798023224,,,,,,,,0.015625,1.1977953910827637,0.0023024321332980493,-0.004510099921392767,1.6321710348129272
2646016,1766.6326814650092,0.017905195595823414,0.21995849907398224,,,,,,,,0.015625,1.2029461860656738,0.004094708051398344,-0.00320590831989976,1.5302428007125854
2654208,1771.3876161689986,0.01761966787029703,0.22207032144069672,0.0056480091883663874,0.007855951594524535,0.006663505366147804,66,83.81515230503204,47.25,nan,0.015625,1.1993162631988525,0.0025000800389448742,-0.0040642701891454545,2.007812261581421
2662400,1776.1993524190038,0.01675077827539163,0.20716552436351776,,,,,,,,0.015625,1.2095597982406616,0.00396367187429435,-0.0009549122668422287,1.6143200397491455
2670592,1780.954027729982,0.017926184303107075,0.2227783203125,,,,,,,,0.015625,1.1990002393722534,0.004129097928843295,-0.003419374241395035,1.8233855962753296
2678784,1785.6332744789834,0.01821490122883773,0.22634278237819672,,,,,,,,0.015625,1.2194234132766724,0.003696512711175737,-0.002134670392998286,1.7236169576644897
2686976,1790.3304526360007,0.018018388301021853,0.2242431640625,0.006457741636142655,0.0069916972082274655,0.0069916972082274655,66,83.93522386450266,49.5,nan,0.015625,1.2252107858657837,0.004163731050095565,-0.006414919776978677,2.3721048831939697
2695168,1795.1324500879855,0.018463377391694413,0.22437743842601776,,,,,,,,0.015625,1.2194371223449707,0.0022659514356991096,-0.0034928614395322447,2.2223193645477295
2703360,1799.896040624997,0.017718697526219573,0.21871338784694672,,,,,,,,0.015625,1.2146918773651123,0.0036949726180345423,-0.0015716179620706473,2.175055980682373
2711552,1804.6230951430043,0.016286858833441515,0.20516358315944672,,,,,,,,0.0078125,1.1774089336395264,0.004593281017275019,-0.004886459567256404,2.126845598220825
2719744,1809.3051400989934,0.01753677699002068,0.21903076767921448,0.004126790406755121,0.006801836076569978,0.006793890331090447,66,85.8658912327487,42.0,nan,0.015625,1.1709139347076416,0.0034348832045023926,-0.005640943806368276,2.7816030979156494
2727936,1814.161675698997,0.019941218502807872,0.24346923828125,,,,,,,,0.015625,1.186286449432373,0.0028007531410004006,-0.0053197932013203005,1.859060287475586
2736128,1818.9192557939969,0.016677477466713317,0.20845948159694672,,,,,,,,0.015625,1.185762882232666,0.0031959273804820555,-0.005678707327309816,2.419849395751953
2744320,1823.6310790489952,0.018202182621618646,0.22591553628444672,,,,,,,,0.015625,1.1748076677322388,0.003920349011236668,-0.00042513061035020843,1.8425244092941284
2752512,1828.4050874680106,0.01821048905046222,0.2252197265625,0.005564118390840811,0.005984271429320687,0.005984271429320687,66,85.79215852593555,49.5,nan,0.015625,1.1932177543640137,0.00340247996726587,-0.004817797663169754,1.9776209592819214
2760704,1833.176314051001,0.01885319864657205,0.22900390625,,,,,,,,0.015625,1.1955314874649048,0.003510895735060282,-0.0029813872801657906,2.0924594402313232
2768896,1837.8651250200055,0.0204082371964952,0.24257813394069672,,,,,,,,0.015625,1.1903942823410034,0.0030615653879068616,-0.0016611380717647312,2.2259323596954346
2777088,1842.5601346250041,0.018149122029699438,0.22708740830421448,,,,,,,,0.015625,1.2149516344070435,0.0033927796413084524,-0.004635311707361424,2.026822328567505
2785280,1847.3370378889958,0.018324175982505752,0.22575683891773224,0.006649666512790753,0.00725741268193344,0.00725741268193344,66,84.93676813963623,49.5,nan,0.015625,1.210662603378296,0.0027111516048141993,-0.0032331185725484775,2.0271472930908203
2793472,1852.111140235007,0.018604758153515245,0.22690430283546448,,,,,,,,0.015625,1.2162481546401978,0.00323829328649351,-0.006557805401758979,2.600667715072632
2801664,1856.836063558003,0.019345264915133085,0.24147950112819672,,,,,,,,0.015625,1.210453987121582,0.0037614395337917887,-0.0064504934110031515,2.673706531524658
2809856,1861.6124679149943,0.01796400046495047,0.22590331733226776,,,,,,,,0.015625,1.215420126914978,0.00354556943141352,-0.004517130393848472,2.2465081214904785
2818048,1866.320931639988,0.018913113747240834,0.23238526284694672,0.0064174876842898465,0.008659643680754614,0.007329877212476299,66,84.0903986177301,43.5,nan,0.015625,1.2045438289642334,0.0038516212706997677,-0.0021568615260804057,2.338160276412964
2826240,1871.1581124980003,0.019675215464616102,0.23942871391773224,,,,,,,,0.015625,1.2127342224121094,0.00419881461543733,-0.0054083445901109625,2.3024463653564453
2834432,1875.8653640249977,0.017931094374361224,0.22476807236671448,,,,,,,,0.015625,1.2240978479385376,0.003033394445873883,-0.004668228970835026,2.0105018615722656
2842624,1880.5717314890062,0.019429030505622592,0.23209229111671448,,,,,,,,0.0078125,1.2021548748016357,0.003128025652080291,-0.001995008723136667,2.46330189704895
2850816,1885.3331363929901,0.01830503088629787,0.22573243081569672,0.0062751002796388455,0.011522131814760906,0.007080519542667163,66,84.96624432044126,43.5,nan,0.015625,1.1790622472763062,0.003232765785319225,-0.005294452810585307,2.53688645362854
2859008,1890.1999623159936,0.01857310726230692,0.22857666015625,,,,,,,,0.015625,1.1801810264587402,0.0023138609588115758,-0.0022781496461965933,2.5642917156219482
2867200,1894.9590089129924,0.0171771713130127,0.2138671875,,,,,,,,0.015625,1.1878902912139893,0.0018945974191657,-0.005338416950482105,3.141439437866211
2875392,1899.7003077179834,0.017645358341613442,0.21932373940944672,,,,,,,,0.015625,1.1995595693588257,0.0032138226433139905,-0.006699189351337416,1.7643892765045166
2883584,1904.4741658059938,0.018374183374616337,0.22342529892921448,0.007228156466194791,0.013081976867012325,0.007818976915249942,66,83.69266064966726,45.0,49.5,0.015625,1.1912217140197754,0.0032006165419651623,-0.004525223796853157,2.452632427215576
2891776,1909.2852727670106,0.01835487359806739,0.22482910752296448,,,,,,,,0.015625,1.1839087009429932,0.0037403243886278918,-0.0013212976420450984,2.512826919555664
2899968,1914.0282886729983,0.01832000261665295,0.2242431640625,,,,,,,,0.015625,1.200118064880371,0.0020858332995376985,-0.003000356002860501,2.6095855236053467
2908160,1918.8000974669994,0.01793267246355919,0.21982422471046448,,,,,,,,0.015625,1.210154414176941,0.0037949149767518065,-0.00589430938218573,2.001457929611206
2916352,1923.4948610650026,0.017044880874048467,0.21599121391773224,0.003219806832219785,0.0076519330439987045,0.004664114490906657,66,88.7476739239016,43.5,nan,0.015625,1.210766315460205,0.0027007278849210947,-0.0026047095714800653,2.069434881210327
2924544,1928.2953497729904,0.017139381717718085,0.21193848550319672,,,,,,,,0.015625,1.2155238389968872,0.0021556314484054598,-0.006812507853592921,2.480243444442749
2932736,1933.0439422049967,0.01860455552456708,0.23092041909694672,,,,,,,,0.015625,1.2205092906951904,0.002948242882752028,-0.006965296820599088,2.5787360668182373
2940928,1937.8120190069894,0.019944283230501965,0.24428711831569672,,,,,,,,0.015625,1.229026436805725,0.003632994929278455,-0.004828970368287169,2.556119918823242
2949120,1942.5694880530064,0.01727318053018268,0.21687011420726776,0.0061099872357534,0.008198987038224581,0.006682380979637992,66,85.23497853298136,47.25,nan,0.015625,1.221613883972168,0.0018051266868469697,-0.005617970061952072,2.752676486968994
2957312,1947.4166606419894,0.01849782057293748,0.22519531846046448,,,,,,,,0.015625,1.2169321775436401,0.0034727006869326063,-0.007762322075427243,3.3031165599823
2965504,1952.148557965993,0.01853964531401241,0.22701416909694672,,,,,,,,0.015625,1.2342185974121094,0.002824602520982411,-0.005910505851170128,3.493251085281372
2973696,1956.8743651219993,0.01900210552566078,0.23459473252296448,,,,,,,,0.015625,1.2165350914001465,0.0035879930331977564,-0.0024205590903341153,2.4111640453338623
2981888,1961.605899688002,0.019015803572255827,0.23679199814796448,0.00571159525073317,0.013878045917952643,0.006245520086071055,66,83.29929954876002,45.0,49.5,0.0078125,1.1842472553253174,0.002215275343547185,-0.005915673196161455,5.370877265930176
2990080,1966.3702849569963,0.019710789937245135,0.23519288003444672,,,,,,,,0.015625,1.1921130418777466,0.003277030889389765,-0.0031087006643521747,2.1497981548309326
2998272,1971.0904312609928,0.01858072970729322,0.22810058295726776,,,,,,,,0.015625,1.1913386583328247,0.00278517721679753,-0.004605946354698173,3.138430118560791
3006464,1975.8691035939846,0.019383842679124016,0.23105469346046448,,,,,,,,0.015625,1.2108991146087646,0.001835630144246403,-0.004282439351079921,2.0755116939544678
3014656,1980.6035261770012,0.017076773233084108,0.21103516221046448,0.009257191475912752,0.01495074588428279,0.010579555784173723,66,77.93878893427787,39.0,45.75,0.015625,1.2043232917785645,0.0025254917752615016,-0.0046429377704690425,2.7358803749084473
3022848,1985.39435228199,0.020513405230803253,0.24257813394069672,,,,,,,,0.015625,1.2092883586883545,0.002342449600511942,-0.0035720449756935727,2.4355194568634033
3031040,1990.1193691850058,0.017213756068995337,0.21607665717601776,,,,,,,,0.015625,1.1884303092956543,0.004666954103300769,-0.006231636607893481,2.098325490951538
3039232,1994.8373155639856,0.019930567783948312,0.24504394829273224,,,,,,,,0.015625,1.209474802017212,0.0029580836462617,-0.00461704618181029,1.9796409606933594
3047424,1999.5212040629995,0.01916055824448837,0.24050293862819672,0.010648136017407106,0.013048227051713768,0.01129133347136614,66,81.87164108947906,46.5,47.25,0.015625,1.2189011573791504,0.0027400029336374643,-0.00399575613433235,2.080897092819214
3055616,2004.3666027869913,0.018022347275063116,0.22504882514476776,,,,,,,,0.015625,1.2106671333312988,0.004002278905068957,-0.004767330446272576,2.491912841796875
3063808,2009.112598325999,0.018503627027224835,0.22785644233226776,,,,,,,,0.015625,1.229344129562378,0.0029794529602918175,-0.004032978072430417,2.4886276721954346
3072000,2013.865290341986,0.01790647141441395,0.22255860269069672,,,,,,,,0.015625,1.226531982421875,0.002873353735046125,-0.004837425090047189,2.1584765911102295
3080192,2018.6280658289907,0.018483701854169088,0.22623291611671448,0.008392078739449693,0.01048544961106751,0.009173260498611436,66,81.8862689551294,47.25,nan,0.015625,1.235819935798645,0.0025425955176772933,-0.0038790621196045684,2.390376091003418
3088384,2023.379131892987,0.01965623040223673,0.2386474609375,,,,,,,,0.015625,1.2410480976104736,0.003229874919869802,-0.00450759670441477,2.1162233352661133
3096576,2028.0957749999943,0.019082639215309595,0.23587647080421448,,,,,,,,0.015625,1.2240760326385498,0.00296400671418956,-0.004333847878418573,2.2488067150115967
3104768,2032.8233402979968,0.018151692355710215,0.22867432236671448,,,,,,,,0.015625,1.2272385358810425,0.004180084299491804,-0.004247887305185488,2.175905227661133
3112960,2037.53196299501,0.017941348805835856,0.22597657144069672,0.008631866031490243,0.009149035624644008,0.009149035624644008,66,82.50053959654052,49.5,nan,0.0078125,1.2127622365951538,0.003295551669683705,-0.0049857304331667384,2.2640597820281982
3121152,2042.4031066249881,0.017408278469892634,0.21649169921875,,,,,,,,0.015625,1.2051246166229248,0.0037979415564925903,-0.004950869084691076,1.8510468006134033
3129344,2047.1552490709873,0.017740160432991817,0.22171631455421448,,,,,,,,0.015625,1.2014600038528442,0.004208798625328159,-0.005003330367678531,1.926279067993164
3137536,2051.913847754011,0.01852711083098758,0.229736328125,,,,,,,,0.015625,1.202288269996643,0.004240719385742809,-0.005163077252390294,1.6722204685211182
3145728,2056.691218719003,0.01877078531126671,0.2283935546875,0.005072274386518472,0.005806600640103044,0.005806600640103044,66,85.48143534801018,49.5,nan,0.015625,1.2083073854446411,0.002985867358372241,-0.002780445418615626,1.769062876701355
3153920,2061.526800041989,0.018394835630929775,0.2279052734375,,,,,,,,0.015625,1.2010685205459595,0.0037474990756185436,-0.00568400063386423,1.9883193969726562
3162112,2066.2468626089976,0.019998342645074853,0.24038086831569672,,,,,,,,0.015625,1.2082693576812744,0.0022534223455900615,-0.005651759753762347,3.0843846797943115
3170304,2070.982768041984,0.019600090510169366,0.2381591796875,,,,,,,,0.015625,1.2016814947128296,0.003419099160633843,-0.0035354342518184342,2.188225507736206
3178496,2075.74638033699,0.019529093330117233,0.235595703125,0.0036068895969509907,0.004235588225480436,0.004235588225480436,66,86.54950774242357,49.5,nan,0.015625,1.2149690389633179,0.0015599026876512824,-0.002994342483691151,2.0159530639648438
3186688,2080.576082894986,0.018716971146563174,0.22946777939796448,,,,,,,,0.015625,1.2227319478988647,0.002471134632374239,-0.0029479247369557484,2.0140819549560547
3194880,2085.308289988985,0.017074187766520015,0.21446533501148224,,,,,,,,0.015625,1.2152881622314453,0.003034880624431524,-0.006339203443275699,3.160789728164673
3203072,2090.090488048998,0.017928485800787788,0.22443847358226776,,,,,,,,0.015625,1.2203431129455566,0.004392123320789254,-0.0060024072029230885,2.154355764389038
3211264,2094.803437063005,0.01741690854554381,0.21783447265625,0.008709964039186668,0.009318135229828018,0.009318135229828018,66,82.47758339963016,49.5,nan,0.015625,1.234236478805542,0.0024445310061023463,-0.005810529001061747,2.173175096511841
3219456,2099.6051089190005,0.018387071248623453,0.22677002847194672,,,,,,,,0.015625,1.2308133840560913,0.0027229259696670894,-0.0058262781491572576,2.6526029109954834
3227648,2104.3438050730038,0.017647310710177562,0.21647949516773224,,,,,,,,0.015625,1.2377954721450806,0.002961646388057504,-0.005685647209057729,1.8770712614059448
3235840,2109.111066087993,0.018055849985352753,0.22313232719898224,,,,,,,,0.015625,1.247733235359192,0.0035586512178731214,-0.0037740310637825597,1.6057077646255493
3244032,2113.86980330199,0.017314242909275458,0.21523438394069672,0.006048562648635625,0.009118773541861048,0.007147370943846043,66,84.81982299716685,45.75,nan,0.015625,1.243398904800415,0.002466246658292393,-0.005581131151772459,2.155749559402466
3252224,2118.6890933009854,0.017020788085188587,0.21840821206569672,,,,,,,,0.0078125,1.2042847871780396,0.003315515242593692,-0.0059064336747471505,2.097827672958374
3260416,2123.4381291939935,0.01696587941149255,0.21248780190944672,,,,,,,,0.015625,1.2042772769927979,0.0038139897223405383,-0.005525228759782008,2.921100378036499
3268608,2128.128790369985,0.018753300919890754,0.22880859673023224,,,,,,,,0.015625,1.2009344100952148,0.003101214593885027,-0.004497032054074823,2.7434463500976562
3276800,2132.9089504889853,0.01883986591138827,0.23114013671875,0.008050618948286292,0.00872777632736218,0.00872777632736218,66,82.82291662052644,49.5,nan,0.015625,1.1975014209747314,0.003331376760022964,-0.006477575243836362,1.9549808502197266
3284992,2137.706519753003,0.016696571149824396,0.20982666313648224,,,,,,,,0.015625,1.1930654048919678,0.003150974328001455,-0.003734555139823549,4.03725004196167
3293184,2142.4344755779894,0.019322143149449085,0.24006347358226776,,,,,,,,0.015625,1.1973246335983276,0.0025920253979518806,-0.008439274803587608,2.3916707038879395
3301376,2147.178650154994,0.019162050631103735,0.23314209282398224,,,,,,,,0.015625,1.210679531097412,0.00391554892540954,-0.006044575156256874,2.0881621837615967
3309568,2151.830806997983,0.0195131022957744,0.23774413764476776,0.005667577173651406,0.006559885413744249,0.006559885413744249,66,84.50384015161505,49.5,nan,0.015625,1.2099844217300415,0.004321739736008945,-0.004248334303008688,2.116615056991577
3317760,2156.6393112840015,0.018886636170534994,0.22830811142921448,,,,,,,,0.015625,1.2114025354385376,0.002292415304865203,-0.007262381833665236,2.699695348739624
3325952,2161.419155365991,0.017870509635951895,0.21961669623851776,,,,,,,,0.015625,1.23805832862854,0.0026847218058578706,-0.004166995153037935,2.0318143367767334
3334144,2166.0987843119947,0.018789372875806603,0.23419189453125,,,,,,,,0.015625,1.2259304523468018,0.004035935216986297,-0.0061501320568981615,2.317221164703369
3342336,2170.8312619770004,0.01768539353489512,0.21767579019069672,0.005958354982916303,0.012720223909047534,0.00782168836416476,66,84.31245738738049,42.75,nan,0.015625,1.2518030405044556,0.0034507847328885234,-0.004962897505195788,1.6843299865722656
3350528,2175.6298947839823,0.017271722465802452,0.21502685546875,,,,,,,,0.015625,1.239180564880371,0.0027894400906217755,-0.005277413735902144,2.2291600704193115
3358720,2180.3491241709853,0.0177588635078639,0.22322998940944672,,,,,,,,0.015625,1.237260341644287,0.0034093465006177384,-0.006687895196427724,2.427431583404541
3366912,2185.0672076180053,0.018060872257438614,0.22227783501148224,,,,,,,,0.015625,1.2512633800506592,0.0024544639695709748,-0.006307160734939563,2.2389862537384033
3375104,2189.762133082986,0.017808399837912554,0.22021484375,0.004564702491040573,0.009676584166500158,0.00748662122866145,66,86.67523365653861,42.0,nan,0.015625,1.2493653297424316,0.0037417033051686645,-0.003945156278273336,1.9659465551376343
3383296,2194.5305677569995,0.01776765608212971,0.21949462592601776,,,,,,,,0.0078125,1.2245962619781494,0.0036170558997061677,-0.003968299367118435,2.2259914875030518
3391488,2199.233142741985,0.017685413854082007,0.21597900986671448,,,,,,,,0.015625,1.219976544380188,0.0033521277560335408,-0.006376928877733045,3.121183156967163
3399680,2203.9268506119843,0.01704552657504977,0.21295166015625,,,,,,,,0.015625,1.2145652770996094,0.0026531238883506503,-0.002990292138366821,1.780211091041565
3407872,2208.641444415989,0.01817188790907553,0.22232666611671448,0.00249922186582896,0.004251703799781781,0.004251703799781781,66,89.0078750201934,49.5,nan,0.015625,1.2302571535110474,0.0025141857056458663,-0.004690293828044198,1.8386833667755127
3416064,2213.407692409004,0.01872449850746632,0.22901611030101776,,,,,,,,0.015625,1.2153382301330566,0.0020911254808273386,-0.004946354687132335,2.317582845687866
3424256,2218.201979481004,0.018336523931152704,0.23031006753444672,,,,,,,,0.015625,1.2214492559432983,0.0014221093555011222,-0.007144487217668447,2.104310989379883
3432448,2222.918415466993,0.018531803222641623,0.23072509467601776,,,,,,,,0.015625,1.2163971662521362,0.004450466322857893,-0.006975407422128784,1.743374228477478
3440640,2227.6071704360074,0.019127602585586902,0.23198242485523224,0.005603193777563242,0.01205137578283656,0.009195595680708856,66,83.06404074760884,39.0,nan,0.015625,1.2305887937545776,0.0023551494651095854,-0.005230081635678546,1.6464375257492065
3448832,2232.4481539539993,0.017492897571202093,0.221435546875,,,,,,,,0.015625,1.2356990575790405,0.002061097405685375,-0.004127196879447077,1.7092649936676025
3457024,2237.1464985479834,0.018594949291642206,0.22915039956569672,,,,,,,,0.015625,1.2408727407455444,0.002879270404635592,-0.004011861425072397,1.7308357954025269
3465216,2241.858263948001,0.018890437096194503,0.23261718451976776,,,,,,,,0.015625,1.2390704154968262,0.003993360870553475,-0.003915967375221834,1.7287838459014893
3473408,2246.5433701709844,0.01969789320600482,0.23288574814796448,0.003886251932352147,0.008003948215183188,0.0069164612291288015,66,85.18474112457466,44.25,nan,0.015625,1.2421822547912598,0.002918716136852362,-0.0008994359481131816,2.605454206466675
3481600,2251.3399291969836,0.019000257500170033,0.23500977456569672,,,,,,,,0.015625,1.254105806350708,0.0037633969799585444,-0.006845943885696981,1.7963536977767944
3489792,2256.013033956988,0.019640274993324044,0.23424072563648224,,,,,,,,0.015625,1.247916579246521,0.0035700805346830736,-0.0028328668375885856,1.9688091278076172
3497984,2260.7218477299903,0.02048982648118826,0.24212646484375,,,,,,,,0.015625,1.2613030672073364,0.00416507651761181,-0.005113127434769995,1.6943225860595703
3506176,2265.427826141997,0.01977968021756986,0.23892822861671448,0.0021293519824289175,0.00479273935414154,0.00479273935414154,66,89.35212825208232,49.5,nan,0.015625,1.2562683820724487,0.0043065366995496904,-0.004227757909680158,1.797575831413269
3514368,2270.256498105009,0.018253179512742034,0.22569580376148224,,,,,,,,0.015625,1.257028579711914,0.0033339897257867236,-0.0069497753456515005,2.3824262619018555
3522560,2274.987429645,0.020335067321098466,0.24439696967601776,,,,,,,,0.0078125,1.2283865213394165,0.00296180431906391,-0.006266403813734176,1.8294223546981812
3530752,2279.7208609959926,0.018099956120099996,0.22434082627296448,,,,,,,,0.015625,1.2237685918807983,0.0025685968701469777,-0.00578146992755527,2.058637857437134
3538944,2284.4311679129896,0.01919084392448227,0.23012696206569672,0.0020478854500373123,0.004983743191168288,0.004263589901134013,66,89.55033569084996,47.25,nan,0.015625,1.2155953645706177,0.0032282682092490745,-0.006195312479443408,1.902417778968811
3547136,2289.2729086519976,0.018770819111902013,0.22764892876148224,,,,,,,,0.015625,1.2261674404144287,0.0032819397257978777,-0.00476720804065766,1.8220150470733643
3555328,2293.961871012987,0.019624600797136058,0.23642578721046448,,,,,,,,0.015625,1.2274247407913208,0.0034988103474711154,-0.005111695317974051,1.606380820274353
3563520,2298.6508152640017,0.02006086897646349,0.24050293862819672,,,,,,,,0.015625,1.2259831428527832,0.0032868080632327493,-0.006527651154455219,1.675087809562683
3571712,2303.302056337998,0.018995354953240423,0.23055420815944672,0.0019470974927298101,0.0036480417609266683,0.0036480417609266683,66,90.59333257279847,49.5,nan,0.015625,1.2222567796707153,0.0031676754239343356,-0.006194899567999316,2.3658878803253174
3579904,2308.0861952799896,0.01900573028342989,0.22652588784694672,,,,,,,,0.015625,1.2411537170410156,0.003105441420256605,-0.0034190269328673267,1.6826635599136353
3588096,2312.7863641739823,0.018816795739305132,0.23663330078125,,,,,,,,0.015625,1.233066439628601,0.003257790134463734,-0.008281551406820922,2.577911138534546
3596288,2317.5104719649826,0.01848139476510551,0.22590331733226776,,,,,,,,0.015625,1.2329760789871216,0.0037004830423243876,-0.006599101932727867,3.266526937484741
3604480,2322.2233763149998,0.019219631761483988,0.23349609971046448,0.006332245220394328,0.012730163780574644,0.006977129490719614,66,84.25877232321587,48.0,nan,0.015625,1.2538824081420898,0.0022516008211144523,-0.005493319480266486,2.6155166625976562
3612672,2327.062748650991,0.019457185356451082,0.24033203721046448,,,,,,,,0.015625,1.264188289642334,0.003200004689842062,-0.005824525032493175,1.9080708026885986
3620864,2331.7661990099878,0.019483285682328016,0.23433838784694672,,,,,,,,0.015625,1.2726166248321533,0.0028413343382067582,-0.005302556115023387,1.869089126586914
3629056,2336.422181803995,0.01935933791689344,0.23797607421875,,,,,,,,0.015625,1.2605472803115845,0.002561543989159654,-0.004817095802616503,2.379577398300171
3637248,2341.141060152004,0.020296591202020806,0.23454590141773224,0.008542044766389645,0.009333392617226132,0.009333392617226132,66,84.31016295797863,49.5,nan,0.015625,1.2640419006347656,0.0023509569792867224,-0.003530163239566546,2.36395525932312
3645440,2345.931637214002,0.01879937604416984,0.22891846299171448,,,,,,,,0.015625,1.266007900238037,0.002287591026405822,-0.004519805845629778,2.689906358718872
3653632,2350.642369720008,0.01862763855146816,0.23070068657398224,,,,,,,,0.0078125,1.2460846900939941,0.0031578634843885014,-0.006609968610460763,2.2039432525634766
3661824,2355.308866353007,0.01975654890110088,0.23447266221046448,,,,,,,,0.015625,1.214189887046814,0.0036920094382066337,-0.004433722796620576,2.3203351497650146
3670016,2360.041910689004,0.018494865287480358,0.22606201469898224,0.005529852017044368,0.009574482061179468,0.008003663271987217,66,85.7250568239128,39.75,nan,0.015625,1.2129127979278564,0.0034505266071188758,-0.004462996917028815,4.867711544036865
3678208,2364.8354410789907,0.020842289724057925,0.24888916313648224,,,,,,,,0.015625,1.2186598777770996,0.002670879041736585,-0.004115094520779494,2.2018327713012695
3686400,2369.545773886988,0.017689673912289955,0.22148437798023224,,,,,,,,0.015625,1.225717306137085,0.003129606010206787,-0.005790527253872271,1.8067150115966797
3694592,2374.113382363983,0.0215571492561791,0.2510986328125,,,,,,,,0.015625,1.2346277236938477,0.003747547312150823,-0.0038741412694954292,2.010399341583252
3702784,2378.4743089870026,0.019515513464835012,0.2403564453125,0.008075772851176222,0.01788620998000633,0.008963236339094694,66,81.50366843192596,48.0,nan,0.015625,1.2433524131774902,0.0026750196720374377,-0.0038551684689889956,1.4427422285079956
3710976,2382.940236995986,0.019939339826880148,0.236328125,,,,,,,,0.015625,1.2455251216888428,0.0024552199839827597,-0.004043209301121492,1.987486720085144
3719168,2387.255659729999,0.01876146123244727,0.22768555581569672,,,,,,,,0.015625,1.2461986541748047,0.003143962940887002,-0.0073361600257011,2.2826614379882812
3727360,2391.5935410590027,0.019475566670426242,0.23199462890625,,,,,,,,0.015625,1.2532367706298828,0.0025207942580731113,-0.00558185600448982,1.7875022888183594
3735552,2395.9386753129947,0.01791273612169898,0.21954345703125,0.006541688041209359,0.011715052373448154,0.008111220641359773,66,84.86828530457424,39.0,nan,0.015625,1.2495864629745483,0.0033202441669748397,-0.005718342673410046,2.5293965339660645
3743744,2400.4069494330033,0.0203201045613748,0.240966796875,,,,,,,,0.015625,1.2436953783035278,0.0016532812208843396,-0.0037370261200777525,4.597919464111328
3751936,2404.759930811997,0.01814464900461842,0.22783203423023224,,,,,,,,0.015625,1.2511143684387207,0.0031064636504786747,-0.0074433271296122,5.244837284088135
3760128,2409.1602423379954,0.020587522008603452,0.24127197265625,,,,,,,,0.015625,1.2624824047088623,0.003325544549583215,-0.00374229916203557,4.105807781219482
3768320,2413.5189956579998,0.020519785829569242,0.24619141221046448,0.005879830289973076,0.01187963098218029,0.008312182733655272,66,84.9806115267613,39.0,nan,0.015625,1.2689496278762817,0.002642294800670031,-0.002184486033630028,2.0745761394500732
3776512,2417.956013730989,0.017741744070298958,0.22404785454273224,,,,,,,,0.015625,1.2551337480545044,0.0029470293405588935,-0.006838800242902256,2.412515640258789
3784704,2422.3289626009937,0.01817924512271303,0.23072509467601776,,,,,,,,0.015625,1.2778329849243164,0.004380815275162442,-0.00445963727353949,1.9685169458389282
3792896,2426.6437387419865,0.019945709585636164,0.23581543564796448,,,,,,,,0.0078125,1.226175308227539,0.0026776635919826377,-0.0054196554218360815,1.9716418981552124
3801088,2430.9542752100097,0.018982236131111017,0.23110352456569672,0.0064892049567316645,0.007541004240063687,0.007541004240063687,66,84.38933496684837,49.5,nan,0.015625,1.2273404598236084,0.003798183576361802,-0.004058423766812806,1.7466583251953125
3809280,2435.393357380992,0.020640590261528077,0.23712158203125,,,,,,,,0.015625,1.2225252389907837,0.0030916790551706597,-0.005125756534313604,1.8847664594650269
3817472,2439.791047584993,0.01968240057280748,0.24375000596046448,,,,,,,,0.015625,1.2326675653457642,0.003734442916912373,-0.004605813004336839,1.7360172271728516
3825664,2444.1525632709963,0.019071412758342423,0.23002929985523224,,,,,,,,0.015625,1.2367316484451294,0.003519589962908876,-0.003021847987612284,1.6264530420303345
3833856,2448.557206402009,0.018469177608499428,0.22413329780101776,0.008779037895056296,0.010308239570756095,0.010257386768239963,66,84.40808573774252,48.75,nan,0.015625,1.2294797897338867,0.0033292316231171683,-0.0050120625866530676,1.9062206745147705
3842048,2452.9939490979887,0.018622508772460394,0.22969971597194672,,,,,,,,0.015625,1.2350857257843018,0.0029292376788949584,-0.005066356549324713,2.2312519550323486
3850240,2457.296303818992,0.017225365755169208,0.21746826171875,,,,,,,,0.015625,1.2296875715255737,0.002629056402025165,-0.005536811224499228,1.6837841272354126
3858432,2461.650239546987,0.018995252869421633,0.22947998344898224,,,,,,,,0.015625,1.2521543502807617,0.003591624216571654,-0.00529795066078782,1.5830186605453491
3866624,2465.9551945329877,0.018738758951386214,0.22752685844898224,0.005901724149768195,0.006969253438215206,0.006969253438215206,66,85.7084197159665,49.5,nan,0.015625,1.2498875856399536,0.003088349532113577,-0.007334607962561863,1.8144127130508423
3874816,2470.421863808995,0.016726087610660505,0.21137695014476776,,,,,,,,0.015625,1.2564729452133179,0.003914050001791958,-0.007213503169423658,2.0137858390808105
3883008,2474.7506731479953,0.01866848735412713,0.22934570908546448,,,,,,,,0.015625,1.2584947347640991,0.0034152098982711877,-0.006136384152574045,1.9370094537734985
3891200,2479.057307259005,0.020521728981623494,0.24669189751148224,,,,,,,,0.015625,1.2502973079681396,0.003485964761353289,-0.007681036943193959,4.853675365447998
3899392,2483.457821714983,0.018812261184521287,0.22872315347194672,0.003953837374441327,0.006119624505511412,0.006119624505511412,66,87.28195785707781,49.5,nan,0.015625,1.266266942024231,0.003908882797821478,-0.0064666242294010995,2.214228391647339
3907584,2487.8683697000088,0.019914288522325206,0.23427735269069672,,,,,,,,0.015625,1.2559878826141357,0.0033850127714705083,-0.0051427427777814855,2.5685296058654785
3915776,2492.20114799001,0.019991112922839,0.23691406846046448,,,,,,,,0.015625,1.2590017318725586,0.002448595982618629,-0.0020550922299408018,2.344064474105835
3923968,2496.5446434289915,0.017401910198203356,0.21535645425319672,,,,,,,,0.0078125,1.2353670597076416,0.003782835606670554,-0.004477228237496468,3.053706645965576
3932160,2500.9582199740107,0.02081288427172922,0.24191895127296448,0.007877135694275172,0.009244230486340344,0.009244230486340344,66,83.92442754018585,49.5,nan,0.015625,1.222262978553772,0.004110241551967364,-0.0028395699681282496,2.1023635864257812
3940352,2505.350544799003,0.021850019216121664,0.2580322325229645,,,,,,,,0.015625,1.2255477905273438,0.0020256523592144917,-0.0034951906011592977,2.1860482692718506
3948544,2509.682854841987,0.020428345902521742,0.2440185546875,,,,,,,,0.015625,1.2179230451583862,0.0034721434472797853,-0.006099828892279182,3.3598268032073975
3956736,2514.0872995129903,0.01812685361966512,0.22407226264476776,,,,,,,,0.015625,1.2266125679016113,0.0026255332320109463,-0.0045952593914376965,1.9262447357177734
3964928,2518.496130751999,0.019284747511712788,0.23255614936351776,0.005228805950311943,0.006633650541112191,0.006633650541112191,66,85.91426334235436,49.5,nan,0.015625,1.223982572555542,0.004622487814452236,-0.0032424018071493077,1.94098699092865
3973120,2522.9576110490016,0.018787834326125755,0.22608642280101776,,,,,,,,0.015625,1.2334678173065186,0.003972414216305553,-0.005393167616231869,2.2237203121185303
3981312,2527.313257056987,0.01871587268957769,0.23016357421875,,,,,,,,0.015625,1.239843487739563,0.0035957275268681758,-0.006302728989505226,1.9941052198410034
3989504,2531.76757087899,0.019440285250183178,0.23139648139476776,,,,,,,,0.015625,1.2482458353042603,0.002624330322203983,-0.005613216556984487,2.3942413330078125
3997696,2536.1909213899926,0.020468701556873962,0.24647216498851776,0.007361253438077586,0.008474337681972822,0.008474337681972822,66,84.67972209831827,49.5,nan,0.015625,1.2420703172683716,0.0020534538368118917,-0.0034694846972647916,2.2023353576660156
4005888,2540.6623921709834,0.01953190169195241,0.22744141519069672,,,,,,,,0.015625,1.2375378608703613,0.004746213358936425,-0.0033158278666610315,2.783780574798584
4014080,2545.0457438569865,0.02111997535391095,0.2503418028354645,,,,,,,,0.015625,1.2534476518630981,0.003027573040585929,-0.004880797488697329,3.44352650642395
4022272,2549.4129459679825,0.019690002048247647,0.23640136420726776,,,,,,,,0.015625,1.2643247842788696,0.0034941988805660684,-0.006094443281845836,3.321263551712036
4030464,2553.7273895739927,0.02055641455277294,0.23975829780101776,0.010327087322291373,0.01721174301383067,0.011964534523889847,66,80.67038739272687,41.25,nan,0.015625,1.2656991481781006,0.0035024418450628203,-0.0044179693837815125,2.0322325229644775
4038656,2558.1991740369995,0.020322807587047322,0.24705810844898224,,,,,,,,0.015625,1.2751466035842896,0.0029626666751665256,-0.005931684135952698,2.972888708114624
4046848,2562.547942681005,0.019464213565381774,0.23579101264476776,,,,,,,,0.015625,1.263378381729126,0.002177388233890143,-0.0041883788540854035,2.5119450092315674
4055040,2566.8769758959825,0.021003913988558498,0.24881592392921448,,,,,,,,0.015625,1.2647508382797241,0.003714673036222338,-0.005311071270994266,2.6785569190979004
4063232,2571.1901687060017,0.02086548568890879,0.24746094644069672,0.009729251094580782,0.0167240940209639,0.010916782017780359,66,81.33278470516555,42.75,nan,0.0078125,1.235752820968628,0.0036449738211654092,-0.004533913134382012,1.9616094827651978
4071424,2575.5969858199824,0.020696925072171756,0.24382324516773224,,,,,,,,0.015625,1.2262440919876099,0.0025330383039752547,-0.006362533754936648,4.160016059875488
4079616,2579.9176362399885,0.020479803409868873,0.24001465737819672,,,,,,,,0.015625,1.228641390800476,0.0029558945189763876,-0.0045779716746942745,1.5808016061782837
4087808,2584.265283749992,0.021491944497234523,0.25017091631889343,,,,,,,,0.015625,1.2325007915496826,0.0027483166660937086,-0.006174989010283315,5.228521823883057
4096000,2588.659875198995,0.02089777940089181,0.249267578125,0.006767649860663916,0.014150151516312926,0.00874634911988229,66,83.66274566490216,41.25,nan,0.015625,1.2317596673965454,0.0019146449033214609,-0.005280487250711731,4.6799139976501465
4104192,2593.164287786989,0.020092733342252388,0.24107666313648224,,,,,,,,0.015625,1.22324538230896,0.002692768256319356,-0.00489128947637838,2.8450913429260254
4112384,2597.5300254969916,0.021253958071359533,0.25104981660842896,,,,,,,,0.015625,1.2451368570327759,0.003448480114324626,-0.006828879748436928,2.2267699241638184
4120576,2601.8267505079857,0.020912069850546434,0.24482421576976776,,,,,,,,0.015625,1.2698428630828857,0.0030400685809330755,-0.0061022884101036325,1.8879841566085815
4128768,2606.0951620389824,0.021092679801266237,0.25117188692092896,0.011591068323620446,0.02067119155183951,0.012050469295322885,66,79.66645365875591,48.0,nan,0.015625,1.2568883895874023,0.002425777484776448,-0.005692942514690338,1.749030351638794
4136960,2610.519725427992,0.020635919639688888,0.24560546875,,,,,,,,0.015625,1.2623523473739624,0.002738873024838051,-0.005601698476234722,1.6699985265731812
4145152,2614.827039897995,0.01948970432752044,0.23121337592601776,,,,,,,,0.015625,1.253861427307129,0.0038205084809669445,-0.006728633126766669,2.44608998298645
4153344,2619.190253415989,0.020029704378696615,0.23679199814796448,,,,,,,,0.015625,1.2652080059051514,0.002318729890219673,-0.0046071216505788526,2.3594517707824707
4161536,2623.5191922319937,0.021980382102978008,0.2581787109375,0.008327284018998626,0.010829378679660929,0.009089289071732709,66,80.91143150542682,44.25,nan,0.015625,1.2496293783187866,0.003795173860295742,-0.004102709990170087,2.4418392181396484
4169728,2627.949124870007,0.018369411003921445,0.22611084580421448,,,,,,,,0.015625,1.2810200452804565,0.002870229166828453,-0.004941881676717958,2.227921962738037
4177920,2632.2905515439925,0.021127758227165915,0.25189208984375,,,,,,,,0.015625,1.2674589157104492,0.0024222368338193134,-0.005853081847022143,1.6556940078735352
4186112,2636.5977939709846,0.017772418072846935,0.22124023735523224,,,,,,,,0.015625,1.2585843801498413,0.0026783142812458194,-0.006376876036280732,2.128309965133667
4194304,2640.9612842419883,0.01905306542562542,0.23349609971046448,0.006004619621106655,0.007158358869154335,0.007158358869154335,66,84.3967692077947,49.5,nan,0.0078125,1.2575842142105103,0.0033114182850794704,-0.004304877309672625,2.426114320755005
4202496,2645.375039003993,0.020135512328565495,0.24132080376148224,,,,,,,,0.015625,1.2346022129058838,0.002827360650844868,-0.004528279303024848,2.1952602863311768
4210688,2649.7806395659863,0.02050989065492998,0.24417725205421448,,,,,,,,0.015625,1.2288576364517212,0.0028201708497598843,-0.004992969719203285,1.8814125061035156
4218880,2654.1826857849956,0.019925594355230947,0.2374267578125,,,,,,,,0.015625,1.2342488765716553,0.00339351532783313,-0.004162201449557705,1.5127061605453491
4227072,2658.5322423219914,0.021970643519299993,0.24934081733226776,0.006210916226923824,0.008769930294228113,0.008318806982532878,66,85.94716370611023,48.75,nan,0.015625,1.236716628074646,0.002693635252125526,-0.002429282525575434,1.7412967681884766
4235264,2662.9590518600016,0.018963176552069833,0.23096923530101776,,,,,,,,0.015625,1.2441030740737915,0.0032111804843333205,-0.0053363302670964355,1.384284496307373
4243456,2667.297584574,0.018783662441256878,0.2265625,,,,,,,,0.015625,1.2424689531326294,0.003196100745962427,-0.005163610261465789,1.6398752927780151
4251648,2671.6132089780003,0.019490737741145042,0.23287354409694672,,,,,,,,0.015625,1.2566421031951904,0.0034334132588767275,-0.004407979071615139,1.672505259513855
4259840,2675.918184851005,0.020956553811871,0.24666748940944672,0.0066399424955341235,0.01480065092528763,0.008304089400248972,66,83.66493283294788,45.0,nan,0.015625,1.2464032173156738,0.0035902299421747387,-0.006009596665641246,2.099024534225464
4268032,2680.3610319939908,0.01917384181958817,0.23218993842601776,,,,,,,,0.015625,1.2519941329956055,0.0038106589766330303,-0.006924146668817729,1.9534000158309937
4276224,2684.6902525409823,0.018614181086018963,0.22905273735523224,,,,,,,,0.015625,1.2590888738632202,0.003422816560347408,-0.005242186151471656,1.7385410070419312
4284416,2689.0562968300073,0.02023194569393927,0.24484863877296448,,,,,,,,0.015625,1.2661526203155518,0.0022354776562618084,-0.007559287524442452,1.9635543823242188
4292608,2693.385518997995,0.019655664836120915,0.23858642578125,0.012932048441445243,0.017713497302593896,0.014133751099215476,66,79.31720381976527,40.5,nan,0.015625,1.2770224809646606,0.0034833071659041595,-0.0049800610744383834,1.6653650999069214
4300800,2697.775322629983,0.018848092008435825,0.23000489175319672,,,,,,,,0.015625,1.2571594715118408,0.002347234022949729,-0.007263071122318127,3.2550556659698486
4308992,2702.136590359005,0.02022777585184821,0.24282227456569672,,,,,,,,0.015625,1.2730330228805542,0.0027012568830297014,-0.005171570761325383,2.5193405151367188
4317184,2706.447171606007,0.019318343731499342,0.22731934487819672,,,,,,,,0.015625,1.266541600227356,0.003677407208891148,-0.0041510361333593855,2.828547239303589
4325376,2710.837746008998,0.020127955554252633,0.24003906548023224,0.0070139524154539945,0.013114016175692224,0.008785948177757541,66,85.11394816978348,43.5,nan,0.015625,1.259100079536438,0.002699032976775351,-0.005365053640137206,3.306140899658203
4333568,2715.287726053997,0.021093915644460778,0.24537353217601776,,,,,,,,0.0078125,1.24481999874115,0.0034677780512397563,-0.003087067366121088,1.8973907232284546
4341760,2719.5369934449845,0.02091128429654497,0.24807129800319672,,,,,,,,0.015625,1.2337087392807007,0.0034798492141687176,-0.006775015302558987,2.531776189804077
4349952,2723.5785610129824,0.022140647901478273,0.25360107421875,,,,,,,,0.015625,1.2269203662872314,0.003693795914857512,-0.00530645607260085,2.0384044647216797
4358144,2727.530898903002,0.021300550343414607,0.24479980766773224,0.009268886572546431,0.011184968702511122,0.010384202741034921,66,83.46886218190494,48.75,nan,0.015625,1.2234050035476685,0.00393055806014212,-0.0044144050916263096,3.273674488067627
4366336,2731.514435604011,0.02008144420603628,0.23944091796875,,,,,,,,0.015625,1.2433881759643555,0.0019567499576360506,-0.004405945260601496,1.8466366529464722
4374528,2735.4990009159956,0.020650844860806095,0.24809570610523224,,,,,,,,0.015625,1.248008131980896,0.002571530313950221,-0.003598003261509862,2.0099503993988037
4382720,2739.4007118289883,0.01925912887665341,0.23623047769069672,,,,,,,,0.015625,1.2556921243667603,0.002831321178106572,-0.004968899187880469,1.6112383604049683
4390912,2743.3404084990034,0.02005367287751996,0.23457030951976776,0.006754551559928101,0.015948010358779942,0.00880840407098299,66,84.2027849328863,45.75,nan,0.015625,1.2682545185089111,0.0028886131108755266,-0.00505971871361899,2.094755172729492
4399104,2747.373260510998,0.020053189809301833,0.23957519233226776,,,,,,,,0.015625,1.2714072465896606,0.0039031251912891364,-0.005670011518081101,1.9867538213729858
4407296,2751.34152419999,0.019886393808561848,0.23841552436351776,,,,,,,,0.015625,1.2532492876052856,0.003952108732933313,-0.0038973913076709612,3.0029962062835693
4415488,2755.4076625099988,0.018929644823116952,0.23092041909694672,,,,,,,,0.015625,1.2663514614105225,0.0037017444500418665,-0.005649100457447009,1.9265342950820923
4423680,2760.1663110310037,0.01870182748703537,0.22687987983226776,0.004926545386666703,0.006901466632299902,0.006901466632299902,66,85.51621828524178,49.5,nan,0.015625,1.2780954837799072,0.00335250519552085,-0.004266131667500286,1.875809907913208
4431872,2764.8760972979944,0.019161226494918658,0.23231200873851776,,,,,,,,0.015625,1.2783854007720947,0.0031112592828266175,-0.005095247060862687,2.8468854427337646
4440064,2769.218363613996,0.021983184220093727,0.2503906190395355,,,,,,,,0.015625,1.2723673582077026,0.0026619889175802827,-0.004090579218601927,2.306384325027466
4448256,2773.877285308001,0.018268619203262716,0.22309570014476776,,,,,,,,0.015625,1.2749083042144775,0.0036707916978922285,-0.0048394727278862895,2.0382211208343506
4456448,2778.520221337996,0.020110902442965806,0.24089355766773224,0.0018894546814384183,0.00898536151410253,0.005756219122777695,66,89.32495644462142,45.0,nan,0.015625,1.2740232944488525,0.003086759301634545,-0.004283659726533983,2.486929416656494
4464640,2782.9530472100014,0.018677077106175315,0.23089599609375,,,,,,,,0.0078125,1.2571941614151,0.003587546046782586,-0.004168560994752134,2.173227310180664
4472832,2787.429263158003,0.019576376033553597,0.23463134467601776,,,,,,,,0.015625,1.249929428100586,0.002833945393923487,-0.0058428824569450085,2.046271324157715
4481024,2792.015072506998,0.019507851443820473,0.23587647080421448,,,,,,,,0.015625,1.244705319404602,0.0022076210843933962,-0.005001474476765851,3.224742889404297
4489216,2796.6317450770002,0.02083004018689293,0.24990235269069672,0.0012768374432994278,0.011791098936667178,0.006923677727412193,66,87.85649846630702,45.0,nan,0.015625,1.2428300380706787,0.0025047013350328997,-0.006547172244217398,2.2992875576019287
4497408,2801.121231783007,0.020171069829067495,0.24630127847194672,,,,,,,,0.015625,1.2426444292068481,0.002934100408287799,-0.003572510587493251,1.7406214475631714
4505600,2805.855042760988,0.021687995419884736,0.2526611387729645,,,,,,,,0.015625,1.2446017265319824,0.003786166281075454,-0.006397105715965562,2.081390857696533
4513792,2810.259444647003,0.020828642697333328,0.24156494438648224,,,,,,,,0.015625,1.260254979133606,0.0028746122247740205,-0.003121501665860745,2.1560211181640625
4521984,2814.4726807879924,0.020000818800690403,0.24050293862819672,0.005805626016440302,0.007871895254900297,0.007871895254900297,66,84.49960513026342,49.5,nan,0.015625,1.238066554069519,0.0030777200637620242,-0.006051818863910693,2.167900800704956
4530176,2818.592830693,0.019049243161806548,0.23858642578125,,,,,,,,0.015625,1.2495954036712646,0.0034906508456227117,-0.007378003599136693,1.9628260135650635
4538368,2822.752782163996,0.02012299532245263,0.24134521186351776,,,,,,,,0.015625,1.2640188932418823,0.003295550873453601,-0.004634732528858239,1.882792353630066
4546560,2826.7571149109863,0.01985182454700257,0.24091796576976776,,,,,,,,0.015625,1.2776072025299072,0.0030423976663569775,-0.006553541122215981,1.8498066663742065
4554752,2830.7999551979883,0.0198136856749761,0.2452392578125,0.0056286727500487466,0.007954519571357588,0.007954519571357588,66,86.43545409110843,49.5,nan,0.015625,1.2782258987426758,0.00333310391526952,-0.005742059535840334,1.782060980796814
4562944,2834.9385238079994,0.019706039368619106,0.23471680283546448,,,,,,,,0.015625,1.2822680473327637,0.002930956421673814,-0.00419288930314311,1.8113632202148438
4571136,2839.1121430539933,0.01749230018732693,0.2166748046875,,,,,,,,0.015625,1.296735405921936,0.0021381561653075368,-0.006111787844666262,2.4841930866241455
4579328,2843.138042887993,0.021284831745353797,0.2500244081020355,,,,,,,,0.015625,1.2741632461547852,0.003258998035849581,-0.008332136255033455,4.112637996673584
4587520,2847.2087019379833,0.018523137269463964,0.22563476860523224,0.007371593047385772,0.013152631978728858,0.010001239456113122,66,85.37488480907932,48.0,nan,0.015625,1.2792558670043945,0.0028966504912168903,-0.005955946834938388,2.159946918487549
4595712,2851.2202198079904,0.02001552388230332,0.23680420219898224,,,,,,,,0.015625,1.3003381490707397,0.002112527904777417,-0.00536220932375987,2.0650739669799805
4603904,2855.193519977998,0.020403941689288232,0.24022217094898224,,,,,,,,0.0078125,1.2529782056808472,0.002962179127153719,-0.006628532230615095,3.2212467193603516
4612096,2859.1496037319885,0.020240278640187216,0.23758545517921448,,,,,,,,0.015625,1.2391353845596313,0.0033154626762216368,-0.00493710299915031,3.320359945297241
4620288,2862.8002170349937,0.021557213339633695,0.25239259004592896,0.010327312155985036,0.016253088523196745,0.011603508002469398,66,83.10086981402141,48.0,nan,0.015625,1.2432103157043457,0.0033386835328819034,-0.0018531751270389149,2.5918281078338623
4628480,2866.3552656789834,0.01921195087393064,0.23452149331569672,,,,,,,,0.015625,1.2432780265808105,0.0036957843858690057,-0.007084732271665198,2.4877469539642334
4636672,2869.823695088009,0.019799925682569462,0.23848877847194672,,,,,,,,0.015625,1.249908208847046,0.0033353335905354498,-0.00430147487172593,1.6114742755889893
4644864,2873.253669167985,0.019449111845540153,0.23391114175319672,,,,,,,,0.015625,1.2542181015014648,0.002375718226202517,-0.004684827791552999,1.8282798528671265
4653056,2876.7081466160016,0.018120316480551707,0.224609375,0.008597662513196491,0.015851708741434347,0.00998424660510432,66,83.03017804322998,48.0,nan,0.015625,1.258545994758606,0.003409538451207739,-0.005288065363911546,1.789123773574829
4661248,2880.2464347360074,0.019195002181650458,0.23112793266773224,,,,,,,,0.015625,1.2540206909179688,0.003221726967071115,-0.005410942147045088,1.6230385303497314
4669440,2883.700887395011,0.01783956946053152,0.2200927734375,,,,,,,,0.015625,1.2610501050949097,0.003188142272941563,-0.004894664848447534,2.087724447250366
4677632,2887.180529953999,0.019398087529843913,0.23605957627296448,,,,,,,,0.015625,1.274235486984253,0.003095642953400757,-0.004997241834812744,1.9798122644424438
4685824,2890.658760777005,0.019187448931301438,0.23183594644069672,0.00742528810738341,0.009843821659978625,0.009628041529659315,66,83.9003694772469,47.25,nan,0.015625,1.2859562635421753,0.0033744929936232793,-0.004236663853803277,1.7036535739898682
4694016,2894.2100859440106,0.0197061800506974,0.24128417670726776,,,,,,,,0.015625,1.2794129848480225,0.0040656153677513076,-0.005662857955914649,1.7106412649154663
4702208,2897.6814133249864,0.01794986422899118,0.2203369140625,,,,,,,,0.015625,1.296411156654358,0.002758178132488476,-0.004058318120555507,1.716922402381897
4710400,2901.1090917050024,0.019799926890110946,0.23630371689796448,,,,,,,,0.015625,1.2813278436660767,0.0037212682837178494,-0.004569868424709863,1.5992587804794312
4718592,2904.600105179008,0.020435843409262567,0.24400635063648224,0.002891213517903557,0.012829258183339699,0.00824575701610607,66,87.08700418179987,45.75,nan,0.015625,1.2903618812561035,0.0034711042565974794,-0.006093675366420383,2.075815439224243
4726784,2908.124056636996,0.01899887358085763,0.22711181640625,,,,,,,,0.015625,1.2841180562973022,0.0028258598388834046,-0.004524769893814547,2.1079020500183105
4734976,2911.6167267310084,0.017893314769551083,0.22016601264476776,,,,,,,,0.0078125,1.256656527519226,0.0032257047257052366,-0.0039015455894506473,3.639514207839966
4743168,2915.0704532600066,0.019344623950772605,0.23377685248851776,,,,,,,,0.015625,1.2268691062927246,0.0026804156072113175,-0.008213970802531107,3.9208266735076904
4751360,2918.596086945996,0.01809556144679277,0.22597657144069672,0.0039409967364647525,0.01155138329276889,0.007244102064929459,66,87.83743278060352,48.0,nan,0.015625,1.2416468858718872,0.003827154891228746,-0.006040636359401604,2.112630605697632
4759552,2922.1605576849834,0.02277235489914333,0.2527832090854645,,,,,,,,0.015625,1.2410143613815308,0.004000849180975353,-0.00229879586678937,1.8348482847213745
4767744,2925.6495030249935,0.020587349212708515,0.24040527641773224,,,,,,,,0.015625,1.2539751529693604,0.0027599473853287095,-0.0032196665772259714,1.8716518878936768
4775936,2929.124504884996,0.019840906854418583,0.23630371689796448,,,,,,,,0.015625,1.2461673021316528,0.003450717155691174,-0.0046219210764314855,1.988275170326233
4784128,2932.5587137659895,0.01926233808283159,0.23839111626148224,0.004606223519046271,0.008348727725439653,0.008116320577907689,66,87.29082870694153,47.25,nan,0.015625,1.2538310289382935,0.0037012997958636774,-0.006881403871401225,2.0399835109710693
4792320,2936.093784330995,0.02182788201507556,0.2548461854457855,,,,,,,,0.015625,1.259347677230835,0.0034690346198569147,-0.005221526194280533,1.8352669477462769
4800512,2939.557169660984,0.019648504267252256,0.23641358315944672,,,,,,,,0.015625,1.2627100944519043,0.0036198378061486182,-0.004287002256681914,1.6483370065689087
4808704,2943.001392981998,0.01988930820825462,0.23489990830421448,,,,,,,,0.015625,1.2677841186523438,0.004604687578619193,-0.004513797997006796,1.8614510297775269
4816896,2946.4823499470076,0.02141785289231218,0.24859619140625,0.006023368271067087,0.011361926305754666,0.009056519025817467,66,87.72517855821197,48.0,nan,0.015625,1.2737003564834595,0.004102969179739568,-0.006697822293474151,1.709694266319275
4825088,2950.041928194987,0.021154082332181964,0.24381104111671448,,,,,,,,0.015625,1.2717914581298828,0.00310409970837936,-0.0050339384297994425,1.813294768333435
4833280,2953.553136686998,0.02138973677257512,0.24720458686351776,,,,,,,,0.015625,1.2785768508911133,0.004402590900219517,-0.006975179842513124,1.7129181623458862
4841472,2957.0187937819865,0.020720859446270574,0.24344483017921448,,,,,,,,0.015625,1.2764447927474976,0.003859470836337431,-0.006535410633300805,2.361840009689331
4849664,2960.4085388859967,0.01934817505256771,0.23153077065944672,0.007756326113763312,0.009616850844259107,0.009616850844259107,66,84.80261297137972,49.5,nan,0.015625,1.2815444469451904,0.004802783910414322,-0.005667190434785011,1.7398637533187866
4857856,2963.8665806799836,0.018213397901827657,0.22650146484375,,,,,,,,0.015625,1.2735764980316162,0.0047716244936278135,-0.0073223696864426705,1.567878007888794
4866048,2967.335434584995,0.01875122475460428,0.23067627847194672,,,,,,,,0.015625,1.2673159837722778,0.003369541073231319,-0.005228630222924977,1.8168392181396484
4874240,2970.8269669679867,0.02026179135401975,0.24268798530101776,,,,,,,,0.0078125,1.2381494045257568,0.004255810868551835,-0.005502661444376077,2.038782835006714
4882432,2974.354169628001,0.019261607575161113,0.23298339545726776,0.006730093607587806,0.008462773294607774,0.008306470192647575,66,85.98898023582737,45.75,nan,0.015625,1.24186372756958,0.004639223844222807,-0.006377012910491914,1.5562504529953003
4890624,2977.897079171991,0.020405655628791965,0.24125976860523224,,,,,,,,0.015625,1.255836844444275,0.00234800685582085,-0.004928479482169132,1.6000488996505737
4898816,2981.356321772997,0.020638492650691256,0.23933105170726776,,,,,,,,0.015625,1.2562826871871948,0.003953675018732861,-0.003777945711378579,1.7709999084472656
4907008,2984.8095080140047,0.01934767888119206,0.23388671875,,,,,,,,0.015625,1.2520581483840942,0.0034565045552081286,-0.007410530504674552,1.8805553913116455
4915200,2988.294189262,0.01933171794608314,0.23426513373851776,0.002426146701654419,0.009427544344842909,0.007792081473352697,66,88.85400895253291,42.75,nan,0.015625,1.2528142929077148,0.0037867239702366164,-0.005677912890835185,1.8410751819610596
4923392,2991.8544488569896,0.019206830864238487,0.23138427734375,,,,,,,,0.015625,1.2603963613510132,0.004183789362823498,-0.006195986192296065,1.607812762260437
4931584,2995.28469704499,0.019203634918864065,0.23216553032398224,,,,,,,,0.015625,1.2547032833099365,0.003906481098280546,-0.004425473015164014,1.5232038497924805
4939776,2998.729658286,0.019349133559388172,0.23375244438648224,,,,,,,,0.015625,1.2781181335449219,0.003459461081810689,-0.005225286457268529,1.5750149488449097
4947968,3002.1641205780033,0.0194715019144459,0.23282471299171448,0.0037189363253895547,0.0110739922446791,0.0077623002856176074,66,88.21712414774673,45.75,nan,0.015625,1.2693886756896973,0.004493595400627138,-0.002905137054785791,1.996301531791687
4956160,3005.657575602003,0.01819808366821164,0.22431640326976776,,,,,,,,0.015625,1.2536883354187012,0.0047136328726887005,-0.008111184872825543,2.2514054775238037
4964352,3009.1305024760077,0.01988172794374978,0.23996582627296448,,,,,,,,0.015625,1.2782824039459229,0.0035752435613442103,-0.006565619508152426,2.0542218685150146
4972544,3012.607766982983,0.019568077333173586,0.230224609375,,,,,,,,0.015625,1.280677318572998,0.0029720288027289656,-0.004919961541270667,2.1330220699310303
4980736,3016.067155305005,0.019374850924198564,0.23863525688648224,0.0069154410124872,0.009824249575527001,0.008993469297764933,66,85.98124200602945,45.75,nan,0.015625,1.2698627710342407,0.004152859647201035,-0.006189100350445539,2.0629689693450928
4988928,3019.6263199920068,0.020622414587443096,0.23979492485523224,,,,,,,,0.015625,1.2806141376495361,0.004152797643145456,-0.0031300236814160265,1.870238184928894
4997120,3023.097633264988,0.01992385947099028,0.23764649033546448,0.0032096762155030545,0.008157879098642818,0.008157879098642818,66,88.08686201452173,49.5,nan,0.015625,1.2875555753707886,0.0034459873393852705,-0.005648643021397906,1.8681976795196533
