step,wall,approx_kl,clip_frac,eval_1mU_at_best,eval_JT_end,eval_JT_min,eval_len,eval_return,eval_t_JT_min,eval_t_first_PE,frac_done,mean_reward,min_JT,pg_loss,v_loss
8192,2.9716183560012723,0.013707668074933385,0.15430907905101776,,,,,,,,0.58837890625,-11.69125747680664,0.24695887942409311,-0.021348524619840097,69.4377212524414
16384,4.284032287003356,0.009014876412859325,0.10302734375,,,,,,,,0.5648193359375,-21.880573272705078,0.24643416380518712,-0.016382476649014127,36.805389404296875
24576,5.419465680999565,0.007129585327124758,0.07651367038488388,,,,,,,,0.5360107421875,-30.20625114440918,0.24636501566378133,-0.015886478289740234,28.36249351501465
32768,6.525364868000906,0.008077734952287157,0.10141601413488388,,,,,,,,0.51123046875,-37.41080856323242,0.24651412262678318,-0.01676880712373724,27.208942413330078
40960,7.664968426004634,0.00830661579189088,0.10858154296875,,,,,,,,0.490234375,-43.663394927978516,0.24573987389730179,-0.019604775404800785,26.709592819213867
49152,8.780126502999337,0.008912033157066962,0.11917724460363388,,,,,,,,0.4814453125,-50.07963180541992,0.24641747068169106,-0.019571837366716822,28.55144691467285
57344,9.862481946998741,0.01032943400202145,0.14700928330421448,,,,,,,,0.4781494140625,-56.517112731933594,0.24525635326662376,-0.022767523768979996,31.236425399780273
65536,10.922219682004652,0.009776688807285144,0.13564454019069672,0.20305427812792776,0.2163202192867626,0.2163202192867626,333,159.5511310227771,49.95,nan,0.4627685546875,-61.166343688964844,0.24606510093560652,-0.021118499642907552,32.460357666015625
73728,12.723681470000884,0.009900707032758858,0.137939453125,,,,,,,,0.44580078125,-65.30119323730469,0.24621999621364787,-0.020903478382138792,32.89099884033203
81920,13.935220892999496,0.010409926057503597,0.14759521186351776,,,,,,,,0.422119140625,-67.1529541015625,0.23588798548903878,-0.022811578750381322,34.085540771484375
90112,15.043715211002564,0.011477129022785103,0.16031494736671448,,,,,,,,0.4022216796875,-69.38262939453125,0.23756910665679432,-0.024006754912110895,33.53480911254883
98304,16.12062136100576,0.009499750947561175,0.13142089545726776,,,,,,,,0.385986328125,-71.42841339111328,0.24458668331065558,-0.020256682097648727,37.44977569580078
106496,17.163093246002973,0.009982277220289562,0.13568115234375,,,,,,,,0.3658447265625,-71.73399353027344,0.24345494553038682,-0.019473290823366827,38.335018157958984
114688,18.2386438570029,0.010173494731389841,0.13818359375,,,,,,,,0.3525390625,-73.12579345703125,0.24456630590716089,-0.02121195609606095,42.604732513427734
122880,19.333772414000123,0.010506470845376299,0.13919678330421448,,,,,,,,0.32763671875,-71.52433013916016,0.24370965423818824,-0.017206712642490036,44.517669677734375
131072,20.431961068999954,0.0093819933533528,0.12355957180261612,0.027911004934524697,0.508478741223291,0.2426402780456154,333,127.98881680190834,4.95,nan,0.3050537109375,-69.96195220947266,0.237944867987678,-0.016978668280322063,46.10676956176758
139264,21.56784282800072,0.00948438339789231,0.12523193657398224,,,,,,,,0.284423828125,-68.42245483398438,0.22747238608284304,-0.015599863191142616,50.29545211791992
147456,22.668627903003653,0.008971279318135395,0.11317139118909836,,,,,,,,0.26513671875,-66.18968963623047,0.23499232606802245,-0.015343540786196925,51.18160629272461
155648,23.78301540200482,0.008763982089605838,0.11330566555261612,,,,,,,,0.2562255859375,-66.43269348144531,0.2379313527503064,-0.014811152811125335,77.76162719726562
163840,24.905520434003847,0.010506054387462351,0.12814942002296448,,,,,,,,0.2579345703125,-68.936279296875,0.22623766685105984,-0.013247565134955364,55.416656494140625
172032,26.015359051001724,0.009242907160103531,0.11671143025159836,,,,,,,,0.2369384765625,-65.62561798095703,0.23531618565573809,-0.010204749317888406,93.50733184814453
180224,27.091179526003543,0.008203504837610912,0.10159911960363388,,,,,,,,0.204345703125,-58.37761688232422,0.23646248792667401,-0.014310377507788463,108.467529296875
188416,28.185354508001183,0.007782461270027687,0.09602051228284836,,,,,,,,0.197265625,-57.42512512207031,0.22705956364094115,-0.013344214214223583,167.4658660888672
196608,29.252209397003753,0.009056242665026387,0.11264648288488388,0.04225104125173951,0.26501143917260517,0.19625049160295538,333,192.56595945996898,16.95,nan,0.1837158203125,-54.11686706542969,0.23161752046140793,-0.012255121987058937,194.50491333007812
204800,30.354059555000276,0.00873931299182693,0.11125488579273224,,,,,,,,0.158203125,-47.040809631347656,0.21883609760359102,-0.013669882712714777,215.80064392089844
212992,31.401426475000335,0.008755583539764883,0.10899658501148224,,,,,,,,0.14697265625,-43.39874267578125,0.22917731382640594,-0.014160453914209378,277.4709167480469
221184,32.41572577100305,0.00872011966725553,0.1123046875,,,,,,,,0.144287109375,-42.165252685546875,0.23346368472380608,-0.013807480635360853,306.5959167480469
229376,34.130151964003744,0.007929960066529605,0.0968017578125,,,,,,,,0.1219482421875,-34.783164978027344,0.225881740929194,-0.013382878079891837,407.7718200683594
237568,35.239136064003105,0.007599203003591565,0.09102783352136612,,,,,,,,0.107421875,-29.724050521850586,0.23466196140811324,-0.011795743034486932,409.538330078125
245760,36.24295977300062,0.009057718525639542,0.11474609375,,,,,,,,0.0924072265625,-24.20551300048828,0.22300181869131364,-0.010383504494669904,423.79296875
253952,37.23999526700209,0.008840738535857094,0.10690917819738388,,,,,,,,0.078125,-19.168046951293945,0.2255718294512704,-0.013726289594824838,412.6322326660156
262144,38.254022507004265,0.01225257151172493,0.1556396484375,0.006820040470611466,0.2840537962423525,0.23993808202664846,333,184.12627756906684,5.7,nan,0.0670166015625,-15.269627571105957,0.23108307793902727,-0.009357183997447087,393.05279541015625
270336,39.300238048999745,0.012766917747757057,0.15228271484375,,,,,,,,0.0648193359375,-13.751612663269043,0.20036504931447274,-0.010590512308086048,370.6967468261719
278528,40.31863371000509,0.024498482428610885,0.20989990234375,,,,,,,,0.0516357421875,-10.053412437438965,0.22814388360406768,-0.001022329583855578,354.1034240722656
286720,41.315843497999595,0.013618774487119116,0.16413573920726776,,,,,,,,0.0433349609375,-7.539853572845459,0.22321198499295036,-0.007815454758867474,319.72760009765625
294912,42.31977496499894,0.016194206088787768,0.20479737222194672,,,,,,,,0.0374755859375,-5.781789779663086,0.22302293169183807,-0.008012071008478965,269.9658203125
303104,43.34392598699924,0.013201390235589337,0.16903077065944672,,,,,,,,0.0330810546875,-4.437970161437988,0.21277322784493025,-0.009942159719098674,246.5585479736328
311296,44.362782827003684,0.013305680123065398,0.15999756753444672,,,,,,,,0.0281982421875,-3.2427635192871094,0.19574663548656024,-0.011688182363839039,208.2946319580078
319488,45.378413008998905,0.014393520514750258,0.17960205674171448,,,,,,,,0.0242919921875,-2.3072943687438965,0.17034427200065372,-0.008835857310326531,180.78688049316406
327680,46.37911679800163,0.01342417772360659,0.16778564453125,0.004570522216297834,0.3149532352785731,0.24546864526880374,333,179.6351033792455,7.050000000000001,nan,0.0201416015625,-1.5237470865249634,0.21370730325533038,-0.013760231974299375,147.3297882080078
335872,47.418055918999016,0.017570004199083014,0.189697265625,,,,,,,,0.0179443359375,-1.0292425155639648,0.22519473591414774,-0.007119039435029222,124.56573486328125
344064,48.43545037000149,0.01626850433623021,0.20344237983226776,,,,,,,,0.01806640625,-0.7825166583061218,0.20772415876834383,-0.011129587192561928,107.19862365722656
352256,49.437396922003245,0.01568344931095035,0.19733886420726776,,,,,,,,0.01416015625,-0.32242274284362793,0.1940628383143317,-0.013613364241885091,82.63885498046875
360448,50.45111978700152,0.017842042590097442,0.21727295219898224,,,,,,,,0.0130615234375,-0.08796276152133942,0.190273848726505,-0.014414119621817307,64.74967193603516
368640,51.45526976700057,0.01651055241115785,0.20485840737819672,,,,,,,,0.0118408203125,0.07374165207147598,0.2066445939582534,-0.014898564539718776,56.136940002441406
376832,52.47326303800219,0.017677892011845126,0.21312256157398224,,,,,,,,0.00927734375,0.2687998116016388,0.20617993774256793,-0.014713332018950219,38.09489822387695
385024,53.53515273400262,0.019009499690396142,0.22506104409694672,,,,,,,,0.0087890625,0.3335455358028412,0.20709213841057394,-0.013612049875657825,33.0155143737793
393216,54.562909596999816,0.013376873135882468,0.17551270127296448,0.010199911883828627,0.39385199631325407,0.24883393986134117,333,166.74207102870687,5.7,nan,0.0096435546875,0.3874962329864502,0.16563731345335353,-0.020489713395623485,32.5451774597168
401408,55.594627343001775,0.015195245908352934,0.19272461533546448,,,,,,,,0.0068359375,0.4620905816555023,0.1948793497548884,-0.01834114692612877,22.557865142822266
409600,56.70488388599915,0.014529838697447138,0.18695068359375,,,,,,,,0.007080078125,0.496103972196579,0.20452550946864945,-0.020325595452328288,20.500043869018555
417792,57.832797371003835,0.01460477406071159,0.18907471001148224,,,,,,,,0.0074462890625,0.5510117411613464,0.20614771086123174,-0.020856078106461843,19.434648513793945
425984,58.92963227400469,0.014803464837178176,0.18974609673023224,,,,,,,,0.0064697265625,0.5490209460258484,0.19143973998734654,-0.02015423660220557,17.34064483642578
434176,59.93908921000548,0.016558224574949966,0.21190185844898224,,,,,,,,0.0050048828125,0.5490334630012512,0.1909468545143116,-0.0236690559365193,10.102683067321777
442368,60.93404555199959,0.013375956557293038,0.1724853515625,,,,,,,,0.0057373046875,0.5621745586395264,0.16349028546418398,-0.019726880349483528,12.560195922851562
450560,61.9373828720054,0.014422476759885129,0.18797607719898224,,,,,,,,0.005859375,0.5816062092781067,0.19148802664972142,-0.019531955238113376,12.811755180358887
458752,62.96221428200079,0.01516700269968363,0.19478760659694672,0.004985722795524672,0.2550807536658699,0.23837777485432943,333,194.23990490277455,25.950000000000003,nan,0.0067138671875,0.607839047908783,0.20642474095667374,-0.022569421672922165,12.75177001953125
466944,64.00684875500156,0.017643015217675796,0.21481934189796448,,,,,,,,0.005126953125,0.5887463688850403,0.19874202945903163,-0.023124597343143385,9.460894584655762
475136,65.00487498599978,0.014883648739578743,0.19296875596046448,,,,,,,,0.0057373046875,0.6079942584037781,0.166545573770847,-0.022558784256596378,10.583196640014648
483328,66.01352166099969,0.016636406877206262,0.21427002549171448,,,,,,,,0.00439453125,0.5777390599250793,0.1671586047668967,-0.024816140179953868,6.3528923988342285
491520,67.0242822920045,0.0165033977152772,0.2060546875,,,,,,,,0.005126953125,0.5980020761489868,0.1819383372818465,-0.02275024021836655,8.346582412719727
499712,68.06367501400382,0.016220100791565713,0.2037353515625,,,,,,,,0.00439453125,0.5726490616798401,0.18897657651344357,-0.02306592395883694,4.60013484954834
507904,69.10267658199882,0.017313841909924063,0.21619872748851776,,,,,,,,0.004638671875,0.6028783321380615,0.19839074680619728,-0.021214569780944825,6.030606746673584
516096,70.08449845200084,0.01767168725180339,0.21937255561351776,,,,,,,,0.0040283203125,0.590204119682312,0.2048358282573094,-0.022607852914027213,3.805964708328247
524288,71.08446147200448,0.018139110714961583,0.22233887016773224,0.0024726321503724114,0.2510801057030454,0.24101198292504245,333,193.6850818075287,7.2,nan,0.00390625,0.5952258110046387,0.20528863215109516,-0.0214179284767107,4.114279270172119
532480,72.11784155900386,0.01958276571886845,0.23641358315944672,,,,,,,,0.0037841796875,0.5705444812774658,0.20316832029736476,-0.02351824117670341,3.053595542907715
540672,73.11390882200067,0.01849793280253964,0.22939454019069672,,,,,,,,0.004638671875,0.5960623621940613,0.1864527197033583,-0.02141295464729609,4.198028087615967
548864,74.12916509900242,0.020593911825580537,0.2502075135707855,,,,,,,,0.003662109375,0.5989445447921753,0.1832725669719515,-0.018320316931192942,3.7236077785491943
557056,75.10957069900178,0.01853599604981746,0.22832031548023224,,,,,,,,0.0052490234375,0.6340442895889282,0.18348484358035688,-0.022882926385682196,4.115504741668701
565248,76.10527120800543,0.021467974760522333,0.25310060381889343,,,,,,,,0.0030517578125,0.6018275022506714,0.18900449795436147,-0.021008931446511316,2.974210739135742
573440,77.11096657400049,0.019807727571360092,0.24468994140625,,,,,,,,0.00390625,0.6018486618995667,0.20435226250183214,-0.02400715209748212,3.0812556743621826
581632,78.1180845179988,0.018307695644785318,0.22664795815944672,,,,,,,,0.004638671875,0.6144220232963562,0.15542517339049988,-0.019854193473604412,4.2923479080200195
589824,79.1347351229997,0.022131536905839647,0.25944826006889343,0.007488166540932428,0.25046311101457375,0.2395868313960614,333,194.65248872800842,48.45,nan,0.003173828125,0.6028709411621094,0.20685569612904842,-0.01922812481246121,3.0272586345672607
598016,80.16465379600413,0.022529527948246454,0.2687744200229645,,,,,,,,0.0047607421875,0.6165401339530945,0.20161042660921813,-0.02000609331750461,2.4034650325775146
606208,81.16055155800132,0.021072854199644307,0.25147706270217896,,,,,,,,0.0030517578125,0.6140583753585815,0.1897619955624965,-0.021271008633572553,2.61175799369812
614400,82.16403012400406,0.020236714610419027,0.24862061440944672,,,,,,,,0.00439453125,0.6270887851715088,0.21033105206565117,-0.021449518829354308,2.58744740486145
622592,83.18295683999895,0.021895661612582242,0.2568603456020355,,,,,,,,0.004150390625,0.6406497359275818,0.2018294570293755,-0.021201554677354125,3.127897262573242
630784,84.24698804600484,0.025446360155963566,0.2886962890625,,,,,,,,0.00244140625,0.6119334697723389,0.1997097343747547,-0.0223962741977839,1.3541362285614014
638976,85.27025816900277,0.023139820739563086,0.2705078125,,,,,,,,0.0040283203125,0.6221522092819214,0.197678982569642,-0.02247160552981502,1.7984516620635986
647168,86.30089432100067,0.027265455788103472,0.2997802793979645,,,,,,,,0.0037841796875,0.6371206045150757,0.179605646600278,-0.017060881933448752,2.651729106903076
655360,87.30898834200343,0.026726568918191414,0.29725342988967896,0.003192004305503371,0.2337841931898279,0.22458227681249,333,201.27339470039686,49.35,nan,0.003173828125,0.6241198778152466,0.16266366950303457,-0.020983578527811537,1.2422794103622437
663552,88.41240197000297,0.023410967838030025,0.26953125,,,,,,,,0.004638671875,0.6381548643112183,0.1368638729271091,-0.01636600624380252,2.158060312271118
671744,89.44475131400395,0.022895065121402096,0.26842042803764343,,,,,,,,0.0032958984375,0.6461795568466187,0.18865942484211728,-0.01751323636155294,2.5001368522644043
679936,90.53293954500259,0.02693691192268044,0.28791505098342896,,,,,,,,0.00390625,0.6325891017913818,0.17724839620951627,-0.017517583444188797,2.158405303955078
688128,91.55914520499937,0.02421282603441935,0.2760986387729645,,,,,,,,0.0035400390625,0.6275522708892822,0.20129519640601745,-0.01776127494064697,1.7443993091583252
696320,92.5942254870024,0.022279397245863662,0.25617676973342896,,,,,,,,0.0032958984375,0.6351625323295593,0.19872218936296981,-0.013515900716178775,2.324676513671875
704512,93.61597214799986,0.02256050241116161,0.26683351397514343,,,,,,,,0.00439453125,0.639212965965271,0.19475447650884015,-0.018743206428565612,2.2233383655548096
712704,94.63386949800042,0.02755154591775428,0.3014282286167145,,,,,,,,0.00341796875,0.6204023957252502,0.19730128820228354,-0.018067608708294693,1.306214451789856
720896,95.78140131200053,0.02693732147849903,0.2929321229457855,0.004531917348814307,0.23179682248884492,0.22737170483586566,333,201.53191385202155,49.35,nan,0.002685546875,0.6122943162918091,0.2054350351933183,-0.023235517967831788,0.5286629796028137
729088,96.88178070499998,0.026751846424068026,0.29631349444389343,,,,,,,,0.004150390625,0.6349568367004395,0.19127878438565782,-0.019726213979045795,1.3952127695083618
737280,97.91153351699904,0.023748382671945078,0.26423341035842896,,,,,,,,0.003662109375,0.6409753561019897,0.1909976297656757,-0.01577647429849201,2.1910855770111084
745472,98.92094397300389,0.02754822288139665,0.299560546875,,,,,,,,0.0029296875,0.6277453899383545,0.18698207355516028,-0.017810685596002313,0.9627023935317993
753664,99.92790315500315,0.025038632091904912,0.2842040956020355,,,,,,,,0.0045166015625,0.6472333073616028,0.18731815226181103,-0.018223820990194085,2.5565545558929443
761856,100.93910174700432,0.028560822975125934,0.3078857362270355,,,,,,,,0.0028076171875,0.6329030990600586,0.18880441322058283,-0.015814478523577993,0.8847476243972778
770048,101.94082849000552,0.027411960653511192,0.29853516817092896,,,,,,,,0.003173828125,0.6358848810195923,0.1722350269788515,-0.019800612527940582,0.7649125456809998
778240,103.00161915300123,0.026392305957561923,0.2955566346645355,,,,,,,,0.0035400390625,0.629805862903595,0.16332960252358542,-0.017748957705634477,0.9072866439819336
786432,104.05219853699964,0.02615529385453652,0.28767091035842896,0.002703456244949054,0.23021587380848763,0.22178202446370032,333,204.18534309795376,47.1,nan,0.0037841796875,0.646477460861206,0.18429593549569734,-0.020658713646567878,1.1983674764633179
794624,105.11387501500576,0.029698664019289014,0.318603515625,,,,,,,,0.0035400390625,0.6265641450881958,0.18769327255172386,-0.02009443532353039,0.6512085199356079
802816,106.13863663800294,0.024831387356934163,0.288818359375,,,,,,,,0.002197265625,0.618905246257782,0.18780926652076158,-0.02516802749333501,0.41456958651542664
811008,107.18093062700063,0.028508249120540542,0.2968994081020355,,,,,,,,0.00390625,0.6364487409591675,0.18697358006852782,-0.01629643571130429,1.3140419721603394
819200,108.20601014899876,0.028061790977725095,0.30780029296875,,,,,,,,0.0030517578125,0.6307001113891602,0.1849250775574377,-0.020290979155504346,0.844674289226532
827392,109.18837177100067,0.028526314295743482,0.3118042051792145,,,,,,,,0.0032958984375,0.635833740234375,0.1657371052590978,-0.021940547663035305,0.6032199263572693
835584,110.19399192900164,0.027683278852676785,0.30363771319389343,,,,,,,,0.0029296875,0.6330525875091553,0.17975047203867267,-0.020022855369769242,0.5387265086174011
843776,111.2676442880038,0.029036915369401242,0.3155273497104645,,,,,,,,0.00341796875,0.6443695425987244,0.16385283207757817,-0.020138165980542997,0.6938930749893188
851968,112.30597644400405,0.025879769337631066,0.28843995928764343,0.003453425438316726,0.1958595562449863,0.19249463599989414,333,214.89060466626947,49.35,nan,0.0035400390625,0.6395685076713562,0.17698247775532716,-0.019736410053707434,0.6533110737800598
860160,113.36331359000178,0.027208953204414243,0.29552003741264343,,,,,,,,0.0029296875,0.6379214525222778,0.18236311745235811,-0.023504433320489484,0.5710039138793945
868352,114.3738223360051,0.028266921756099017,0.30986329913139343,,,,,,,,0.0029296875,0.6422183513641357,0.17121642759970257,-0.02636359069119113,0.32884159684181213
876544,115.31502028500108,0.030226801262211674,0.3147338926792145,,,,,,,,0.0032958984375,0.6485413312911987,0.15740929921291258,-0.02067975213914372,0.5133538246154785
884736,117.71993653900427,0.0278266383704757,0.3030639588832855,,,,,,,,0.0030517578125,0.6593275666236877,0.168175257958475,-0.016965409711788944,0.8523802757263184
892928,118.94760010600294,0.027935447750610354,0.30177003145217896,,,,,,,,0.00390625,0.6756364703178406,0.16662719170166818,-0.01717926455934285,1.0818166732788086
901120,120.13330050199875,0.028329748982777382,0.30305176973342896,,,,,,,,0.0029296875,0.6590737104415894,0.16651672609348245,-0.02073268104402178,0.6276100277900696
909312,121.13794653399964,0.033042739953531665,0.3349853456020355,,,,,,,,0.0028076171875,0.6652219295501709,0.16495085451959857,-0.022220156267366478,0.3478716015815735
917504,122.1263230600016,0.026734030665529658,0.29127198457717896,0.0031253707392275842,0.17468944044356327,0.16962272116234833,333,224.13337851389224,49.5,nan,0.00390625,0.6737764477729797,0.14974129639290168,-0.01705383824742678,0.9952287673950195
925696,123.15389889200014,0.032137172794161915,0.3278442323207855,,,,,,,,0.0032958984375,0.6854259967803955,0.141929257777483,-0.01907791153898243,1.0117560625076294
933888,124.15781362300186,0.03339513230556697,0.32288819551467896,,,,,,,,0.003173828125,0.6882303357124329,0.15348840849234557,-0.015949279501850402,1.4470754861831665
942080,125.1563205909988,0.03359504504483128,0.3273681700229645,,,,,,,,0.0045166015625,0.7099119424819946,0.1502843683991597,-0.015806872009298877,1.819043755531311
950272,126.12760450100177,0.03196322102535545,0.32274171710014343,,,,,,,,0.0023193359375,0.6727645397186279,0.15630793184946357,-0.01851712191780095,0.8257603049278259
958464,127.13301951200265,0.03429339354607287,0.34864503145217896,,,,,,,,0.0037841796875,0.687929093837738,0.14449855556735247,-0.020621914809572563,0.8111921548843384
966656,128.14639159500075,0.030171181272579117,0.31861573457717896,,,,,,,,0.00390625,0.7020965814590454,0.13223009206413694,-0.020585297048076392,0.9733076095581055
974848,129.14917790600157,0.036125386124251806,0.3483032286167145,,,,,,,,0.0029296875,0.7269645929336548,0.12975564278220997,-0.014578572947075125,1.6013826131820679
983040,130.12701695000578,0.030480951483911046,0.312255859375,0.0025089953657575492,0.13881919782745256,0.13347223627741822,333,238.3221896244563,49.650000000000006,nan,0.003662109375,0.7247507572174072,0.12277130494276334,-0.018486852993919344,1.5999877452850342
991232,131.1692080510038,0.037561462155301026,0.3509277403354645,,,,,,,,0.00341796875,0.7241458296775818,0.11738057958797388,-0.01585943950998946,1.4060484170913696
999424,132.1342169970012,0.032215216383157524,0.33074951171875,,,,,,,,0.0035400390625,0.7334637641906738,0.10184007201568701,-0.02358774140115912,1.057667851448059
1007616,133.11848054800066,0.03459360393655149,0.3313354551792145,,,,,,,,0.004638671875,0.7692832946777344,0.12295086797438337,-0.017317232834609505,3.0187718868255615
1015808,134.11006673500378,0.040820106196080314,0.36156007647514343,,,,,,,,0.0040283203125,0.7822391986846924,0.11384156990040473,-0.014726035362318335,3.0046920776367188
1024000,135.1127706680054,0.033980866282336146,0.34135743975639343,,,,,,,,0.00244140625,0.7544469237327576,0.10789004490857024,-0.019059070230041608,1.6170990467071533
1032192,136.15523018200474,0.03948871814877328,0.36009523272514343,,,,,,,,0.0045166015625,0.7727295756340027,0.0988487238017286,-0.017355168830694333,2.289499044418335
1040384,137.21985394100193,0.03210576746474137,0.32817384600639343,,,,,,,,0.0032958984375,0.7365167140960693,0.09529543287988307,-0.023437944581760413,1.012925624847412
1048576,138.21333619200595,0.032246565353628104,0.32634279131889343,0.0065135684659752835,0.10936710818503159,0.10711631310985681,333,253.66430749651676,49.650000000000006,nan,0.004150390625,0.8098453283309937,0.09367771684211401,-0.0199799364859793,2.8210606575012207
1056768,139.28208249800082,0.035782372421138305,0.34038087725639343,,,,,,,,0.0030517578125,0.7473882436752319,0.09672952534483659,-0.01763744448941584,1.4580925703048706
1064960,140.27421291499923,0.0402755920730746,0.36474609375,,,,,,,,0.0042724609375,0.815190315246582,0.09280740947153343,-0.017866060778969746,2.834627628326416
1073152,141.29903172500053,0.033864151098647446,0.33580324053764343,,,,,,,,0.0035400390625,0.773163914680481,0.08797874982851317,-0.020163824009842096,2.0276341438293457
1081344,142.28846789100498,0.03852752062044308,0.35987550020217896,,,,,,,,0.0030517578125,0.7977073788642883,0.08510918878172047,-0.018775764691972577,1.6425670385360718
1089536,143.29746416200214,0.031492775605374466,0.31914064288139343,,,,,,,,0.00439453125,0.8036149740219116,0.08005970976568189,-0.017777669728870148,2.3897361755371094
1097728,144.31599168800312,0.03983248813857826,0.3656982481479645,,,,,,,,0.0025634765625,0.7802199125289917,0.05930716763565713,-0.022039975200313616,1.5900918245315552
1105920,145.31005428000208,0.03346285178334185,0.33317872881889343,,,,,,,,0.00341796875,0.8064466118812561,0.05670587313867037,-0.02140699082457179,1.8900806903839111
1114112,146.28258236300462,0.039997824317781205,0.3653564453125,0.008171412844032777,0.0919935087824515,0.08833853183294527,333,269.1754852699821,49.650000000000006,nan,0.00439453125,0.8049840927124023,0.06548553030319049,-0.022698361643149825,1.8150180578231812
1122304,147.35246892700525,0.038683446597829615,0.3585205078125,,,,,,,,0.0040283203125,0.8512390851974487,0.07606311021825207,-0.02028173684768232,3.728900671005249
1130496,148.34116407100373,0.03868181011714669,0.36207276582717896,,,,,,,,0.0032958984375,0.8096978664398193,0.06896940326798429,-0.023032662969931086,1.5695282220840454
1138688,149.34804545200313,0.030915059371675182,0.32062989473342896,,,,,,,,0.00390625,0.8358737230300903,0.06635882250100822,-0.023292750568663534,2.8278050422668457
1146880,150.31440547600505,0.03495597131314013,0.3409179747104645,,,,,,,,0.0045166015625,0.8736607432365417,0.06455249880622627,-0.02013333944942475,3.702637195587158
1155072,151.39850067299994,0.04026077274137385,0.36229249835014343,,,,,,,,0.0025634765625,0.8081280589103699,0.05387618609024436,-0.0269863710087679,1.0838711261749268
1163264,152.4229777080036,0.040202715295075034,0.37147217988967896,,,,,,,,0.003662109375,0.8633257746696472,0.06525816624738279,-0.021597773559210193,1.7463016510009766
1171456,153.45393315199908,0.0340057082011951,0.33936768770217896,,,,,,,,0.0035400390625,0.8307677507400513,0.05091959448247063,-0.02394748009068106,1.864172339439392
1179648,154.42378972900042,0.029046245871816163,0.3142333924770355,0.006968017315260422,0.09540637005203612,0.08771876906168186,333,275.91696514650266,49.650000000000006,nan,0.0037841796875,0.9047684073448181,0.04781559258561796,-0.02327826710119998,2.275822877883911
1187840,155.4419533570035,0.035024930303824565,0.33930665254592896,,,,,,,,0.0035400390625,0.8124318718910217,0.04417031845743313,-0.025401832411985976,1.5332621335983276
1196032,156.4134111060048,0.034185861749783726,0.33330079913139343,,,,,,,,0.0035400390625,0.878203809261322,0.050426916724816584,-0.021343411342858342,3.0818309783935547
1204224,157.40194776400313,0.03441606681814094,0.33702394366264343,,,,,,,,0.0035400390625,0.8627318739891052,0.0589252824194223,-0.022571687207057503,2.704496383666992
1212416,158.66973648100247,0.04087763802182698,0.3666625916957855,,,,,,,,0.0040283203125,0.8485901355743408,0.05479000921335797,-0.02111121659435979,2.1092724800109863
1220608,159.98406962200534,0.042481559501760996,0.3744140565395355,,,,,,,,0.0030517578125,0.8759511709213257,0.057201065610137825,-0.02025144552096247,2.185800313949585
1228800,161.22859641499963,0.04331842997850156,0.3768676817417145,,,,,,,,0.0042724609375,0.8582750558853149,0.046953297298027885,-0.019654736778295784,1.9515498876571655
1236992,162.25902039799985,0.044804339759733414,0.3912719786167145,,,,,,,,0.00341796875,0.8671929240226746,0.06397082701423573,-0.021529336661761773,2.555281639099121
1245184,163.28787373399973,0.03497432659764534,0.3379760682582855,0.01566063661379924,0.06912677452314053,0.06864256499391186,333,301.7756944436916,49.800000000000004,nan,0.004150390625,0.9254447817802429,0.056990215866582816,-0.02141728795605027,3.36869478225708
1253376,164.33599727500405,0.043318259097918116,0.37750244140625,,,,,,,,0.004150390625,0.9196667671203613,0.054275818414849075,-0.017452659087565582,3.6192939281463623
1261568,165.35685131599894,0.046006698995282924,0.3924194276332855,,,,,,,,0.0030517578125,0.8580230474472046,0.05666180276175692,-0.026699285364554428,1.5785470008850098
1269760,166.31367347900232,0.042390549487934776,0.374755859375,,,,,,,,0.003662109375,0.9067081809043884,0.058095925524827896,-0.020590894379256555,2.5009427070617676
1277952,167.29631528300524,0.0378792532432398,0.34764406085014343,,,,,,,,0.0045166015625,0.9229540824890137,0.04093886952447112,-0.018599066109064585,3.652182102203369
1286144,168.30942473000323,0.042538326910270347,0.37629395723342896,,,,,,,,0.0037841796875,0.8893868923187256,0.03933075691739507,-0.02080141604909488,2.7732176780700684
1294336,169.36089695700502,0.049852782035543636,0.39686280488967896,,,,,,,,0.0037841796875,0.9620731472969055,0.03612286422664812,-0.018883094299138294,3.721325635910034
1302528,170.39133708100417,0.04674812043456447,0.39495849609375,,,,,,,,0.0037841796875,0.9000822305679321,0.03151140788616913,-0.02247944395217388,2.3970725536346436
1310720,171.39395263299957,0.04309650939449358,0.38776856660842896,0.009244789547013688,0.055489934402828456,0.05261568350621304,333,311.5120618218683,48.45,nan,0.0035400390625,0.934697151184082,0.0456663877604806,-0.021243198017382843,2.6416091918945312
1318912,172.45195344600506,0.04453293509415695,0.3804077208042145,,,,,,,,0.0047607421875,0.94063401222229,0.03847834334596678,-0.02581807385242929,2.9555110931396484
1327104,173.43753704499977,0.04208834494074946,0.3792968690395355,,,,,,,,0.003173828125,0.9195912480354309,0.04447456133652916,-0.026277792818538107,2.279362201690674
1335296,174.45834421399923,0.043251731432487,0.3811401426792145,,,,,,,,0.0035400390625,0.9470735788345337,0.036687428134190014,-0.02345343964436275,2.4223175048828125
1343488,175.41741019800247,0.043149798097500525,0.3785644471645355,,,,,,,,0.004150390625,0.9512503147125244,0.04284894951895546,-0.022489561071257574,4.275001049041748
1351680,176.4236100160051,0.044643156854519056,0.3869995176792145,,,,,,,,0.00390625,0.9493367075920105,0.05135149843239484,-0.024589767320222968,3.6177432537078857
1359872,177.40059084699897,0.04287419315162396,0.37073975801467896,,,,,,,,0.003662109375,0.9620664119720459,0.04249853263537262,-0.018577968342800448,3.250622272491455
1368064,178.3968597990024,0.04960098611600653,0.40343019366264343,,,,,,,,0.0035400390625,0.9724400639533997,0.03747693341393987,-0.0266928775480571,2.7598989009857178
1376256,179.40953375400568,0.04110651598759877,0.36663818359375,0.05264925010116994,0.08210048945029247,0.07843788889315084,285,237.94624279474766,39.0,nan,0.005126953125,1.0256856679916382,0.030874027831870654,-0.02593213385265877,4.997188091278076
1384448,180.4686124170039,0.036184262470898725,0.34080812335014343,,,,,,,,0.004150390625,1.033906102180481,0.03434698979974815,-0.026428832583162355,5.3713836669921875
1392640,181.4730899339993,0.042880853777971045,0.3763183653354645,,,,,,,,0.0035400390625,1.0278993844985962,0.01954846723368253,-0.02579142023222495,4.03806209564209
1400832,182.45950264800194,0.04042640903354791,0.3734130859375,,,,,,,,0.004150390625,1.0062694549560547,0.012631236768851584,-0.02879787247454553,5.052058219909668
1409024,183.4557990520043,0.047966675116898165,0.39940187335014343,,,,,,,,0.0037841796875,1.0058095455169678,0.021769466168432117,-0.02498868242662769,3.0885815620422363
1417216,184.4254753080022,0.0486244529917233,0.4032836854457855,,,,,,,,0.0042724609375,0.9881150722503662,0.028548111098126716,-0.029609625769371723,2.9362781047821045
1425408,185.43011311800365,0.04290584361346256,0.3828369081020355,,,,,,,,0.0028076171875,0.9996176958084106,0.027776255774561442,-0.024688566869745937,3.8854453563690186
1433600,186.405136237001,0.04621235389578033,0.3930419981479645,,,,,,,,0.0040283203125,0.9677222967147827,0.022507112688109454,-0.027678770331396176,3.5168259143829346
1441792,187.4146986449996,0.03731562740770766,0.35504150390625,0.014158294473030075,0.035958645403530665,0.03018335942773953,333,340.4297089546843,49.650000000000006,nan,0.00390625,1.0359283685684204,0.028395681681315676,-0.028670996610615007,4.579665660858154
1449984,188.5261133200038,0.04636320265789037,0.3984008729457855,,,,,,,,0.0045166015625,1.0607216358184814,0.027084840194418813,-0.02598122137028184,4.115999698638916
1458176,189.524914585003,0.04623371843799956,0.3958740234375,,,,,,,,0.0045166015625,1.0491032600402832,0.01786088423236276,-0.03244466723644422,4.816277503967285
1466368,190.50858927300578,0.043584316671281986,0.38060304522514343,,,,,,,,0.0030517578125,1.0189580917358398,0.028504098654008048,-0.02727084775745834,4.922201633453369
1474560,191.48350221000146,0.04066033668820096,0.3696533143520355,,,,,,,,0.0048828125,1.0721211433410645,0.02281812290775498,-0.030421666367356683,6.195697784423828
1482752,192.49389532700297,0.04578388841371589,0.38225099444389343,,,,,,,,0.0048828125,1.0786086320877075,0.015768220060154436,-0.023960193260317196,7.047252655029297
1490944,193.5395318420051,0.04610791990736666,0.39049074053764343,,,,,,,,0.003662109375,1.0783542394638062,0.014407757139253685,-0.025081103288719844,5.749497890472412
1499136,194.5572116550029,0.042972855574558357,0.3785400390625,,,,,,,,0.00390625,1.0496654510498047,0.01780770307962065,-0.026221889040639542,5.977810382843018
1507328,195.59398078900267,0.045029910779332466,0.3821044862270355,0.024999478381778073,0.03390025045921852,0.03188149509752991,333,356.39870825292786,49.35,nan,0.0047607421875,1.0244195461273193,0.01622755487500549,-0.02725957185900317,6.224349021911621
1515520,196.69913174999965,0.04061513415494624,0.36713868379592896,,,,,,,,0.003662109375,1.094948649406433,0.02285602889286309,-0.026174132146788872,7.168048858642578
1523712,197.7487224880024,0.052024265351948706,0.4176025390625,,,,,,,,0.0040283203125,1.0876168012619019,0.017703940765988135,-0.026228930706906062,5.324582099914551
1531904,198.83858922299987,0.045978973294367724,0.38905030488967896,,,,,,,,0.0042724609375,1.0700595378875732,0.016658301293348,-0.03181958067398325,6.801579475402832
1540096,200.06718425200233,0.04354057269050425,0.37834474444389343,,,,,,,,0.0037841796875,1.072862148284912,0.01586312432276349,-0.02927824605840877,6.391965389251709
1548288,201.08303210500162,0.052753819488646415,0.4197143614292145,,,,,,,,0.0047607421875,1.117558479309082,0.01636682300773795,-0.023980864721286906,6.7121429443359375
1556480,202.06204575700394,0.04842283818945109,0.40611574053764343,,,,,,,,0.0029296875,1.047454595565796,0.020581938843092118,-0.02825678930957719,6.933399200439453
1564672,203.09430770399922,0.05343330070847228,0.4186767637729645,,,,,,,,0.0045166015625,1.109105110168457,0.013551328133019402,-0.03232324868398053,5.324196815490723
1572864,204.16436478100513,0.049816868479843256,0.4077514708042145,0.03729926992132948,0.04965101072877609,0.044696043787863404,285,278.08148540319166,37.800000000000004,nan,0.00341796875,1.0202934741973877,0.01635179247426899,-0.026220269729554005,6.899350166320801
1581056,205.24370667900075,0.05265771514627542,0.4108520448207855,,,,,,,,0.0035400390625,1.1227093935012817,0.01719347557479789,-0.030947986229161208,4.983797550201416
1589248,206.27521432100184,0.04517512753320385,0.38441163301467896,,,,,,,,0.0047607421875,1.038317084312439,0.018343687924094798,-0.027281303382256858,6.2574896812438965
1597440,207.36651307000284,0.04674700476891646,0.39610597491264343,,,,,,,,0.0037841796875,1.1446077823638916,0.013706098373195585,-0.030402177575288014,7.765872478485107
1605632,208.3950258640034,0.05197530453347429,0.4175659120082855,,,,,,,,0.0050048828125,1.1311947107315063,0.010525470282159555,-0.02595222912461197,5.967663288116455
1613824,209.41553457000555,0.044959243119658855,0.3897338807582855,,,,,,,,0.0045166015625,1.145944356918335,0.021394141269274414,-0.02974434761782037,8.019876480102539
1622016,210.49258661000204,0.055324603650078547,0.4248901307582855,,,,,,,,0.00390625,1.1414432525634766,0.012238627780913669,-0.023734291853911862,7.3553972244262695
1630208,211.65401929899963,0.047389546984564414,0.3989013731479645,,,,,,,,0.004150390625,1.1271781921386719,0.009866836605953777,-0.030274488857524658,6.3737077713012695
1638400,212.7207946999988,0.05664932144095276,0.4352783262729645,0.049917090727765734,0.05384884099787002,0.05185002103148095,333,306.4886928614641,49.2,nan,0.0037841796875,1.1209763288497925,0.013790599533118453,-0.028655580856714314,6.16935920715332
1646592,213.7967087710058,0.048094380729622056,0.4039550721645355,,,,,,,,0.004150390625,1.097228765487671,0.01174166271389876,-0.03266360630340255,7.09902811050415
1654784,214.81385270700412,0.06047769112265433,0.4408813416957855,,,,,,,,0.0032958984375,1.0849485397338867,0.023136319591491983,-0.026518117726097707,5.950303077697754
1662976,215.80218265800067,0.05259567708551911,0.41627198457717896,,,,,,,,0.00439453125,1.1082569360733032,0.015648552307614638,-0.02437114550349007,6.123955249786377
1671168,216.78139092300262,0.05995102697643029,0.4358154237270355,,,,,,,,0.0037841796875,1.0616357326507568,0.015173730048841816,-0.02466408997500505,5.278588771820068
1679360,217.8045768880038,0.059582724898380394,0.43992921710014343,,,,,,,,0.003173828125,1.1165515184402466,0.011832405381863365,-0.026559527380934162,4.079291820526123
1687552,218.7932893190009,0.056833091268526384,0.4261108338832855,,,,,,,,0.003662109375,1.0710350275039673,0.017771057038567517,-0.027942875660449895,5.587531089782715
1695744,219.77376546899904,0.04894764582741023,0.41112062335014343,,,,,,,,0.00341796875,1.0506230592727661,0.014372853307661027,-0.0305210028610524,4.790866851806641
1703936,220.73540988899913,0.05579791420775024,0.42707520723342896,0.03462872226455305,0.04553223780073046,0.0409498643802193,333,344.0453810216992,49.050000000000004,nan,0.0042724609375,1.1041181087493896,0.022057288353466875,-0.0304182754172323,4.531622886657715
1712128,221.8025627110037,0.048153405535483876,0.4034423828125,,,,,,,,0.00439453125,1.142198085784912,0.012043315093855256,-0.0320691590698309,6.804011821746826
1720320,222.8450790019997,0.051480112416057794,0.409912109375,,,,,,,,0.0029296875,1.0735780000686646,0.01187638596668028,-0.026793660176273118,7.06117582321167
1728512,223.89515662300255,0.062338245923413596,0.4546142518520355,,,,,,,,0.00390625,1.1627440452575684,0.011856585124640717,-0.02243918542993553,5.157628536224365
1736704,224.88858171299944,0.05719337600304241,0.42828369140625,,,,,,,,0.0045166015625,1.1124545335769653,0.01451344615737249,-0.027070436721315136,6.005658149719238
1744896,225.88863163399947,0.058118661389202124,0.4285888671875,,,,,,,,0.002685546875,1.092073678970337,0.012451931591896948,-0.02235700932847002,4.6470866203308105
1753088,226.88307484600227,0.05592889394088716,0.4308837950229645,,,,,,,,0.003173828125,1.1028865575790405,0.0155823058923662,-0.029892233837921764,4.51893949508667
1761280,227.87245385200367,0.05252638168477646,0.41673585772514343,,,,,,,,0.0040283203125,1.1173051595687866,0.012126005500836645,-0.02971696676310158,5.770285129547119
1769472,228.85487446800107,0.05739787273971453,0.42955324053764343,0.050874346448163466,0.06052287390044819,0.05119486230564341,333,335.4437740916527,47.1,nan,0.00390625,1.10017991065979,0.015198829573643269,-0.026974847067026787,5.5732645988464355
1777664,229.9131358240047,0.05057489937542817,0.4139160215854645,,,,,,,,0.0037841796875,1.1670639514923096,0.012882705520340654,-0.027820250712418705,6.480454921722412
1785856,230.89020708799944,0.050628947477315084,0.4139648377895355,,,,,,,,0.0037841796875,1.1298319101333618,0.013191925497050505,-0.03250368758889914,6.196119785308838
1794048,231.88422458300192,0.052053172803805996,0.41923829913139343,,,,,,,,0.0040283203125,1.1679503917694092,0.010433970306294338,-0.029809591184259923,7.7499542236328125
1802240,232.8925138640043,0.05477297899621472,0.43120118975639343,,,,,,,,0.004150390625,1.1767913103103638,0.006953134431813668,-0.031953963390743266,7.113535404205322
1810432,233.88892804100033,0.04946670280304743,0.4121460020542145,,,,,,,,0.00341796875,1.1468074321746826,0.008631036367234612,-0.030128342640049644,7.6049394607543945
1818624,234.8702672330037,0.05279297255401893,0.41804200410842896,,,,,,,,0.00390625,1.1837722063064575,0.007225446702741722,-0.032778549586761685,7.44808292388916
1826816,235.8455870580001,0.047202364979430915,0.40107423067092896,,,,,,,,0.0050048828125,1.232892394065857,0.010060274848435635,-0.029049943914143995,10.56749153137207
1835008,236.8580521430049,0.050159084535771364,0.4162963926792145,0.004511297644174683,0.005187677573367022,0.004230198901678528,333,528.8168556972792,37.95,nan,0.003662109375,1.22464120388031,0.004611169657235403,-0.033485873588654874,10.098831176757812
1843200,237.96219332700275,0.04894635026532917,0.40913087129592896,,,,,,,,0.0045166015625,1.2149111032485962,0.004821545690971152,-0.03092642221583124,11.755019187927246
1851392,239.2931966190008,0.0607611530378847,0.4376586973667145,,,,,,,,0.0037841796875,1.2046480178833008,0.01202004900807796,-0.02602662467099023,9.549516677856445
1859584,240.62861559600424,0.056481202684105496,0.42982178926467896,,,,,,,,0.0050048828125,1.2838929891586304,0.010053094315910283,-0.025072595843577614,9.127312660217285
1867776,242.08286440100346,0.060154006883723035,0.4391235411167145,,,,,,,,0.0042724609375,1.255402684211731,0.009047269125983748,-0.02840124633780169,10.591506004333496
1875968,243.31154526799946,0.054933990773650514,0.42469483613967896,,,,,,,,0.0032958984375,1.18895423412323,0.007600970723510625,-0.030049759761854727,9.420960426330566
1884160,244.68240608400083,0.06334622646014175,0.4554687440395355,,,,,,,,0.0025634765625,1.1792813539505005,0.008712962766034726,-0.032672654018044534,7.746319770812988
1892352,245.9021088350055,0.07089370811778176,0.47065430879592896,,,,,,,,0.00439453125,1.1909260749816895,0.008162836746727242,-0.028603725056279408,8.130502700805664
1900544,247.1362146399988,0.07641825475260039,0.47978517413139343,0.024640740820480955,0.04928435674786491,0.03456467458257895,333,371.4333483241932,36.15,nan,0.003173828125,1.1512056589126587,0.008328392538452967,-0.02542656248270783,7.576514720916748
1908736,248.40155597600096,0.06070657639939897,0.45209962129592896,,,,,,,,0.00341796875,1.2114193439483643,0.006564555639433034,-0.03459837953023309,6.0112833976745605
1916928,249.65565126800357,0.050433978147113305,0.4143432676792145,,,,,,,,0.00439453125,1.1785786151885986,0.007350582560629926,-0.03219799156208791,9.594767570495605
1925120,250.86170285600383,0.05607391038948151,0.43543702363967896,,,,,,,,0.00390625,1.2020025253295898,0.007821916719867206,-0.03128331830793448,9.623144149780273
1933312,252.04999684500217,0.061153873758486355,0.44110107421875,,,,,,,,0.00390625,1.2260982990264893,0.007082328135868177,-0.02903074939121233,10.396669387817383
1941504,253.24448816099903,0.04851005041522132,0.40797120332717896,,,,,,,,0.0048828125,1.2818080186843872,0.009158155177233174,-0.030886396296897836,12.260754585266113
1949696,254.43086281100113,0.049138010633545885,0.4106689393520355,,,,,,,,0.0035400390625,1.2703821659088135,0.006803427167408116,-0.030722349205841826,10.377734184265137
1957888,255.62560787799885,0.059124883219596795,0.44279786944389343,,,,,,,,0.003662109375,1.2984520196914673,0.005827396932151396,-0.03231123566946853,10.746810913085938
1966080,256.8118626159994,0.05930683964249426,0.44245606660842896,0.010835586791297147,0.01530315121830872,0.011509736995196529,333,458.46335867778544,47.400000000000006,nan,0.0045166015625,1.3001396656036377,0.007317563775942171,-0.03147675896451257,9.954705238342285
1974272,258.14105538800504,0.07603422657473334,0.47850343585014343,,,,,,,,0.0032958984375,1.2487252950668335,0.007425967812534684,-0.026871592289611303,9.876106262207031
1982464,259.35160585200356,0.073585906634039,0.47478029131889343,,,,,,,,0.0037841796875,1.2569659948349,0.008202864189411851,-0.02895844790381847,8.714548110961914
1990656,260.54159529200115,0.0719913393786223,0.47858887910842896,,,,,,,,0.0040283203125,1.231427550315857,0.007128098880048284,-0.026820423681399176,7.397280216217041
1998848,261.7365865360043,0.06521027743440251,0.45219728350639343,,,,,,,,0.0045166015625,1.3413180112838745,0.007877991079737079,-0.026647004046699285,12.713944435119629
2007040,262.93194003900135,0.05836199100988108,0.43682861328125,,,,,,,,0.004150390625,1.3086246252059937,0.008109943331814362,-0.03311639056674544,9.766219139099121
2015232,264.10090675500396,0.060581541039983255,0.4461303651332855,,,,,,,,0.0037841796875,1.3403593301773071,0.008260619596570207,-0.030311744783239676,11.40863037109375
2023424,265.2994922440048,0.054862985771658414,0.4353881776332855,,,,,,,,0.004150390625,1.3105900287628174,0.00582529875219473,-0.03269885289165565,11.573269844055176
2031616,266.489936253005,0.06525841885378332,0.4552246034145355,0.013651658624822094,0.024687080031619124,0.017305119055315732,333,434.39172595776597,40.35,nan,0.0035400390625,1.2927885055541992,0.007100915446692779,-0.03446330181884399,10.650840759277344
2039808,267.75743868500285,0.06348965847726146,0.4551147520542145,,,,,,,,0.00341796875,1.302609920501709,0.0068367141422549516,-0.034828661868017745,9.404386520385742
2048000,268.954115833003,0.056318667666041836,0.44097900390625,,,,,,,,0.0045166015625,1.3619364500045776,0.004724797963142291,-0.031909449869541244,12.287875175476074
2056192,270.172105468002,0.05506979979313609,0.4255615174770355,,,,,,,,0.0040283203125,1.3834471702575684,0.003973174699595128,-0.03492450271699448,12.765334129333496
2064384,271.3843267640041,0.06534522886834493,0.460205078125,,,,,,,,0.0040283203125,1.3783034086227417,0.00465292523566363,-0.030997890352304283,10.574313163757324
2072576,272.582400528001,0.06650588753837043,0.4656738340854645,,,,,,,,0.00390625,1.3215645551681519,0.004198512904017626,-0.030490349932742355,11.253366470336914
2080768,273.7675958740001,0.06424790780810395,0.45146486163139343,,,,,,,,0.0030517578125,1.2911365032196045,0.004766576538868916,-0.030025704312582592,10.720952033996582
2088960,274.9944968100026,0.06062565953236228,0.4457153379917145,,,,,,,,0.00439453125,1.3730895519256592,0.005606892736834568,-0.032254326740940975,12.654745101928711
2097152,276.20812444600597,0.06032872115878899,0.44371339678764343,0.1756114557032582,0.20659929768819107,0.20080558678142113,52,11.108388125529052,7.65,nan,0.00439453125,1.3263070583343506,0.0072895892073960855,-0.03316849779454804,12.954910278320312
2105344,277.49184572400554,0.06964221744976835,0.46473389863967896,,,,,,,,0.0030517578125,1.4356153011322021,0.00570642735449034,-0.030801265180786144,10.270689964294434
2113536,278.6659666980049,0.059259089822193224,0.4413085877895355,,,,,,,,0.00439453125,1.443223476409912,0.0039819556877643825,-0.028820140088044333,13.348517417907715
2121728,279.85353021700575,0.0615690007409963,0.44456788897514343,,,,,,,,0.0050048828125,1.3549317121505737,0.007015334864014955,-0.03251192493567156,15.61936092376709
2129920,281.07187852800416,0.07039397630773825,0.47803956270217896,,,,,,,,0.003173828125,1.3416980504989624,0.005510619117865323,-0.033263458947790404,11.030638694763184
2138112,282.27247910200094,0.07010574046405656,0.47681885957717896,,,,,,,,0.00439453125,1.397301435470581,0.006546503487977029,-0.02867595544485976,10.900491714477539
2146304,283.4695726130012,0.06351121177930953,0.45069581270217896,,,,,,,,0.0032958984375,1.3563683032989502,0.006068901206513044,-0.027643327517379652,12.442618370056152
2154496,284.62794867200137,0.07126324813126145,0.48304444551467896,,,,,,,,0.0029296875,1.457871437072754,0.0036262652024501296,-0.029237357040766028,10.884183883666992
2162688,285.84788646400557,0.0600013150711792,0.4405517578125,0.022547414584343617,0.017687171078641817,0.016910560938257713,333,434.66082221432924,49.5,44.7,0.005126953125,1.438840627670288,0.0030333785286851267,-0.03038326669687537,14.264175415039062
2170880,287.16099119299906,0.0665580009406838,0.4654296934604645,,,,,,,,0.00390625,1.4217331409454346,0.0029407179591860455,-0.029466619603169632,13.025178909301758
2179072,288.36684808900463,0.07894082861131041,0.490478515625,,,,,,,,0.003173828125,1.460030436515808,0.004319182343759942,-0.022483523123890493,12.803024291992188
2187264,289.55298392999975,0.06784431090199057,0.4620117247104645,,,,,,,,0.0037841796875,1.350186824798584,0.002152814066287756,-0.02901431706722893,10.744994163513184
2195456,290.7345013209997,0.07373029220058494,0.4751830995082855,,,,,,,,0.00390625,1.4941786527633667,0.0014029158118329388,-0.030703233980870128,11.591439247131348
2203648,291.9300476760036,0.07074078884340022,0.4709106385707855,,,,,,,,0.004150390625,1.4319732189178467,0.003666210007188475,-0.034767810306413294,9.928871154785156
2211840,293.13776748999953,0.07201048271725397,0.4767211973667145,,,,,,,,0.0029296875,1.329634428024292,0.0032460247248454754,-0.029931483454070498,13.765387535095215
2220032,294.32248788799916,0.06995829095568595,0.4709228575229645,,,,,,,,0.0028076171875,1.3867913484573364,0.005052929541777718,-0.03243801126537368,10.517903327941895
2228224,295.5157145530029,0.06561471786025957,0.45672607421875,0.008845035840319815,0.009440065359985983,0.006881118121676355,333,521.6558281210554,48.45,nan,0.004638671875,1.4145352840423584,0.0047711038322628685,-0.027016237047112236,13.092828750610352
2236416,296.7927960840025,0.08263075137706616,0.5035644769668579,,,,,,,,0.0037841796875,1.4271162748336792,0.003052325533203004,-0.02523982861560888,9.934142112731934
2244608,298.0354089520042,0.06818953331778435,0.45842286944389343,,,,,,,,0.0040283203125,1.4978901147842407,0.0035414300852421032,-0.02619470546417534,12.491625785827637
2252800,299.2850278170008,0.07720846940916312,0.4927978515625,,,,,,,,0.004150390625,1.3051992654800415,0.0038847599672782174,-0.027082286500743288,10.967119216918945
2260992,300.4714445080026,0.07827947925766797,0.4954589903354645,,,,,,,,0.003173828125,1.3758653402328491,0.004892666737228213,-0.030845346490054992,10.55233383178711
2269184,301.6513646480016,0.07920115547503653,0.50299072265625,,,,,,,,0.0042724609375,1.3512225151062012,0.005076295713564827,-0.028334964543681812,10.246588706970215
2277376,302.8348506320035,0.07376283225443275,0.48566895723342896,,,,,,,,0.00390625,1.3828672170639038,0.005452486066700013,-0.026018746257601727,13.585370063781738
2285568,304.0111302810037,0.0644434247991603,0.46265870332717896,,,,,,,,0.0030517578125,1.4080837965011597,0.005913992111829414,-0.030672572567564095,11.966987609863281
2293760,305.2284859290012,0.06894803480875687,0.46771240234375,0.009059503338996633,0.01487888689687522,0.008608309496336508,333,492.23299544459735,47.25,nan,0.0035400390625,1.3741198778152466,0.004398449927360271,-0.03241477762295727,11.851948738098145
2301952,306.5561735680021,0.07216086566392571,0.47423097491264343,,,,,,,,0.0029296875,1.4359033107757568,0.0036879939549347984,-0.031276740303835225,10.251008987426758
2310144,307.80662875100097,0.06000717722824094,0.4398559629917145,,,,,,,,0.004150390625,1.401543378829956,0.0024748294211969224,-0.035273626541730045,13.36663818359375
2318336,309.0393783280015,0.06848261530019696,0.46221923828125,,,,,,,,0.0035400390625,1.4257081747055054,0.004394239274298606,-0.026048663639217817,14.758368492126465
2326528,310.20448439300526,0.07799391187799137,0.48664551973342896,,,,,,,,0.00341796875,1.4164413213729858,0.0046287865709856435,-0.029235583334997525,12.886809349060059
2334720,311.35950371999934,0.07100869219229515,0.47773438692092896,,,,,,,,0.0040283203125,1.4223880767822266,0.004304128555252418,-0.03289696870761508,13.184557914733887
2342912,312.5561430010057,0.0662046605881312,0.45599365234375,,,,,,,,0.003662109375,1.4653133153915405,0.0036631037163636915,-0.02924633031975913,13.412182807922363
2351104,313.75495271500404,0.06482635542766584,0.4626708924770355,,,,,,,,0.0047607421875,1.4934651851654053,0.0037196341139520417,-0.03372000013612388,18.31723976135254
2359296,314.97942819700256,0.05711525421496921,0.44086915254592896,0.006371218917012311,0.005839089618745019,0.004778414187759261,333,571.9089802480519,43.800000000000004,40.2,0.003662109375,1.3800086975097656,0.005455665371001617,-0.035176358041465704,17.077350616455078
2367488,316.299482426999,0.08955520671584283,0.5167480707168579,,,,,,,,0.0025634765625,1.4334737062454224,0.00505658703828038,-0.03148117294139193,9.89934253692627
2375680,317.5011152740044,0.0695250916908164,0.47795411944389343,,,,,,,,0.00537109375,1.4597411155700684,0.0042501825417328165,-0.029907360663590756,11.880640983581543
2383872,318.72244958000374,0.08929121550782551,0.5126098990440369,,,,,,,,0.0035400390625,1.4892445802688599,0.0036340584131834275,-0.03153539889647734,12.274336814880371
2392064,319.92357987000287,0.08082185267185547,0.4906005859375,,,,,,,,0.00244140625,1.4803624153137207,0.004154140036492726,-0.02755183272440692,12.51663875579834
2400256,321.10928724300175,0.060361593404690196,0.44703370332717896,,,,,,,,0.0057373046875,1.4568538665771484,0.001906601899632987,-0.03130495187375126,21.484540939331055
2408448,322.28249819200573,0.06934439027410082,0.46824952960014343,,,,,,,,0.00390625,1.440639853477478,0.002634296995786878,-0.03546130116375388,16.626956939697266
2416640,323.4810723730043,0.07737208920855436,0.4936279356479645,,,,,,,,0.00341796875,1.4810642004013062,0.0029289914383170412,-0.03077875660263968,13.982678413391113
2424832,324.6746374249997,0.06514121039818893,0.4572387635707855,0.015452709044750601,0.018524586044756375,0.011647772976769,333,523.3093217628395,15.75,18.3,0.0037841796875,1.4515130519866943,0.0050359976165645914,-0.034320574618406985,17.827245712280273
2433024,326.0167364020017,0.0818846776124364,0.5033935904502869,,,,,,,,0.0037841796875,1.5149449110031128,0.004322377548973577,-0.03055699083497526,14.741734504699707
2441216,327.2261982429991,0.07985714154320128,0.5011963248252869,,,,,,,,0.004150390625,1.4359298944473267,0.0037756531883046396,-0.025855806283826013,15.316970825195312
2449408,328.4292386560046,0.06628902872874985,0.46751710772514343,,,,,,,,0.003662109375,1.508577823638916,0.004439797526959888,-0.032668293077198506,16.334028244018555
2457600,329.6240216389997,0.10196122072444083,0.5367431640625,,,,,,,,0.0030517578125,1.5138071775436401,0.003395704119146803,-0.021969747160939895,13.907496452331543
2465792,330.828941673004,0.08163772857749885,0.5030517578125,,,,,,,,0.004638671875,1.5523444414138794,0.005119982447652882,-0.031179905049184328,14.038589477539062
2473984,332.02838528100256,0.08182631104133446,0.49915772676467896,,,,,,,,0.00341796875,1.4243698120117188,0.00496024905994652,-0.029314402741378528,14.777313232421875
2482176,333.24726057200314,0.1015438537457164,0.538256824016571,,,,,,,,0.003662109375,1.476549506187439,0.004400123859048755,-0.020924933168130627,11.838236808776855
2490368,334.43050090400357,0.08345055673938827,0.4996581971645355,0.011898778284362144,0.01101192682485852,0.00892408371327158,333,544.5600296916356,47.7,16.95,0.0037841796875,1.535623550415039,0.0032796237983353516,-0.028929836040789116,13.713589668273926
2498560,335.74330973100587,0.0793226751717901,0.4916137754917145,,,,,,,,0.004150390625,1.5154829025268555,0.003070486733986799,-0.02972190091214452,13.819580078125
2506752,336.9138736829991,0.08088445034089832,0.5057373046875,,,,,,,,0.0035400390625,1.432981252670288,0.0040365629552249205,-0.0297341298471637,14.415472984313965
2514944,338.1099369520016,0.07190091788625111,0.48511964082717896,,,,,,,,0.002685546875,1.422911286354065,0.004704553065287387,-0.03196592116047215,12.810348510742188
2523136,339.2874379310015,0.10011230755986811,0.5049682855606079,,,,,,,,0.004150390625,1.5418083667755127,0.0030270189431643724,-0.026830005585667085,16.046735763549805
2531328,340.48948211099923,0.07739800573594707,0.49329835176467896,,,,,,,,0.003662109375,1.503793478012085,0.002980899195127562,-0.027525651614649673,14.521681785583496
2539520,341.64285336200555,0.08481154847302583,0.5098633170127869,,,,,,,,0.00439453125,1.5918508768081665,0.0038343349440326246,-0.019896124111949652,13.214545249938965
2547712,342.8368070659999,0.06876777235294255,0.4741577208042145,,,,,,,,0.00439453125,1.561438798904419,0.003378081952965961,-0.03388048742195388,16.45865821838379
2555904,344.09132437600056,0.07642252291641138,0.48798829317092896,0.009214313041346567,0.00973182208044232,0.006910734781009897,333,561.6450038392535,48.45,26.400000000000002,0.0028076171875,1.4470012187957764,0.0016300922095611181,-0.030923107421255883,16.192026138305664
2564096,345.51511037399905,0.08565500734905958,0.5131469964981079,,,,,,,,0.00341796875,1.5794217586517334,0.0019158566569758007,-0.027657626772909262,12.499274253845215
2572288,346.7522700750051,0.08330717249924466,0.4935058653354645,,,,,,,,0.004638671875,1.4608417749404907,0.004131183342928724,-0.02681356104353232,15.702751159667969
2580480,347.9790646410038,0.09294263159742695,0.5312256217002869,,,,,,,,0.003173828125,1.589156150817871,0.004529809472377133,-0.02332677516765749,12.590380668640137
2588672,349.2128932190026,0.08025847524454546,0.5028320550918579,,,,,,,,0.0030517578125,1.5459660291671753,0.0021035924857800703,-0.030369518058041597,12.275532722473145
2596864,350.4080923340007,0.07616993326155715,0.48699951171875,,,,,,,,0.003662109375,1.5544118881225586,0.0019100032502210595,-0.028385756663121067,15.687271118164062
2605056,351.6017709959997,0.0830826880215751,0.51324462890625,,,,,,,,0.0037841796875,1.5995845794677734,0.0036429665949846424,-0.03163057597579219,12.42982006072998
2613248,352.82344524300424,0.0702659638420604,0.47584229707717896,,,,,,,,0.0035400390625,1.5197893381118774,0.0017788739823706434,-0.03041957820342113,14.017291069030762
2621440,354.0223286379987,0.07784506683622266,0.502514660358429,0.01701303886760608,0.019878616884996148,0.013112521401177135,333,496.48679703909454,41.25,nan,0.0029296875,1.4760050773620605,0.001846504225678114,-0.03457721741521555,15.758829116821289
2629632,355.366252136002,0.08769236876759282,0.5076904296875,,,,,,,,0.0040283203125,1.5751374959945679,0.00248537562824791,-0.026570799342525375,12.245915412902832
2637824,356.5911583490015,0.09347120223210421,0.525830090045929,,,,,,,,0.0042724609375,1.535584807395935,0.002900703028452245,-0.028596935615943172,12.389335632324219
2646016,357.7606721830016,0.09523237161217031,0.514270007610321,,,,,,,,0.003662109375,1.644297480583191,0.0013242759445922792,-0.02403097128503652,14.311915397644043
2654208,359.003173213001,0.07389325910056242,0.4892822206020355,,,,,,,,0.0040283203125,1.5684577226638794,0.0010926404160820358,-0.03319232471951481,13.950118064880371
2662400,360.2586316970046,0.07783329732619405,0.49042969942092896,,,,,,,,0.0029296875,1.50318443775177,0.003392353475815124,-0.029685531458497085,16.24462890625
2670592,361.73141788200155,0.07816571250102074,0.4909301698207855,,,,,,,,0.004150390625,1.5544296503067017,0.004037724881913007,-0.031097733315368404,16.54155921936035
2678784,362.8557220340008,0.071019213395475,0.47606202960014343,,,,,,,,0.0040283203125,1.539783239364624,0.0031020501864167382,-0.03249875849106728,19.477352142333984
2686976,363.88217462399916,0.1246679651570487,0.5712890625,0.02542337134058359,0.024247065956329084,0.019067528505437692,287,382.2000834791529,31.35,7.5,0.0030517578125,1.6471807956695557,0.0027589830215545286,-0.015403955080620757,10.512369155883789
2695168,364.9446161740052,0.08482844582636541,0.48884278535842896,,,,,,,,0.0059814453125,1.6751295328140259,0.0026000839261450803,-0.022928697912087077,17.026418685913086
2703360,365.8919355570033,0.07282337301096041,0.48112794756889343,,,,,,,,0.00341796875,1.6610826253890991,0.001986640228483161,-0.030660769846114447,15.410956382751465
2711552,366.9250500660055,0.08511264978622833,0.5121216177940369,,,,,,,,0.003173828125,1.6180992126464844,0.0015652228584561723,-0.028746189385017214,12.916394233703613
2719744,367.9504549400008,0.0776161154116489,0.48814699053764343,,,,,,,,0.004150390625,1.527562141418457,0.002606053731651903,-0.028963554666653638,17.173429489135742
2727936,368.9296228890016,0.07846166116558345,0.49315187335014343,,,,,,,,0.00341796875,1.5208457708358765,0.003055045589112959,-0.03242772956726691,17.25255012512207
2736128,369.91249178600265,0.08704784438798023,0.5082764029502869,,,,,,,,0.0040283203125,1.6014728546142578,0.0042665590013636345,-0.03163790844000396,15.107069969177246
2744320,370.8902364950045,0.10749300486981431,0.542346179485321,,,,,,,,0.00390625,1.5302414894104004,0.003747033071904382,-0.02407907835475874,13.923087120056152
2752512,371.8636833900018,0.15301560252241053,0.5848388671875,0.016741017524184554,0.028293727465052765,0.014491450325520794,333,472.8369378286601,46.050000000000004,nan,0.0029296875,1.6509497165679932,0.0027477563461389964,-0.015981555951425613,11.421210289001465
2760704,372.9983779050017,0.09429510551492082,0.5251098871231079,,,,,,,,0.0042724609375,1.580949068069458,0.0021418039841996084,-0.02606389142213163,12.634169578552246
2768896,374.0360537279994,0.0907371930799368,0.5096679925918579,,,,,,,,0.0040283203125,1.6081602573394775,0.0038130598130875493,-0.029897498229346165,14.495399475097656
2777088,375.0203839960013,0.08445149142212383,0.500476062297821,,,,,,,,0.003173828125,1.6281789541244507,0.0042085939870375455,-0.03311179338744936,12.265608787536621
2785280,375.9842924640034,0.07611896801759382,0.48731690645217896,,,,,,,,0.00439453125,1.6724574565887451,0.0034266432270926295,-0.027738107348012034,17.506681442260742
2793472,377.0017387640037,0.08211859704778462,0.49665528535842896,,,,,,,,0.0042724609375,1.6209003925323486,0.002652241188566329,-0.02697207062017283,18.055139541625977
2801664,377.98697319599887,0.09858200956732213,0.53668212890625,,,,,,,,0.0035400390625,1.653359293937683,0.0028547128516070996,-0.02465119462285909,11.743184089660645
2809856,379.00220449200424,0.0734735757194523,0.48906251788139343,,,,,,,,0.0047607421875,1.6553757190704346,0.0031239302937411395,-0.0322346573490509,17.616052627563477
2818048,380.1444514790055,0.0843199527051449,0.49718019366264343,0.04312776401520446,0.03656104175953934,0.03234582301140332,333,400.9867111131049,49.050000000000004,7.65,0.0042724609375,1.6579241752624512,0.004489633075160926,-0.024159503498140635,20.372602462768555
2826240,381.26824365799985,0.09304942264865734,0.5255126953125,,,,,,,,0.0045166015625,1.6140986680984497,0.003308746369466098,-0.02771464745285811,15.4133939743042
2834432,382.27380894900125,0.10056621401350481,0.535693347454071,,,,,,,,0.00439453125,1.5617979764938354,0.004035462849724003,-0.021486168719026772,14.2372465133667
2842624,383.2997262380013,0.11528730541502293,0.55938720703125,,,,,,,,0.0030517578125,1.6482970714569092,0.002247292396875711,-0.022587212906485396,12.009968757629395
2850816,384.3516884980054,0.11505394668596863,0.5164428949356079,,,,,,,,0.0048828125,1.6434041261672974,0.002149288124446036,-0.020875432386788406,14.676492691040039
2859008,385.62781887500023,0.08730904349836632,0.511462390422821,,,,,,,,0.00390625,1.726126790046692,0.0020791029610292,-0.02896413523613252,14.769007682800293
2867200,387.10643758600054,0.08936436005027429,0.512866199016571,,,,,,,,0.0042724609375,1.6838364601135254,0.0032279105693079346,-0.025222559272847167,14.445487976074219
2875392,388.45526833199983,0.0882292933242834,0.5199829339981079,,,,,,,,0.003662109375,1.572182059288025,0.00242998598911659,-0.028323442149533543,12.74228286743164
2883584,389.68091832800565,0.10999555472080057,0.5536743402481079,0.02099695859273598,0.019156893708627276,0.01574771894455196,333,492.0406864700813,37.35,22.8,0.003173828125,1.7020847797393799,0.001693861400986374,-0.023004587027230364,11.350926399230957
2891776,390.9874278810021,0.1129247411398477,0.5299926996231079,,,,,,,,0.0040283203125,1.5192776918411255,0.0032201045114669258,-0.025932871736159647,11.025528907775879
2899968,392.22736377800175,0.10006381508795942,0.5304321646690369,,,,,,,,0.0029296875,1.6091598272323608,0.0028933157771708906,-0.026230524798084756,12.8692626953125
2908160,393.4266311600004,0.09512960815138655,0.533581554889679,,,,,,,,0.0037841796875,1.6113768815994263,0.0018517708333661842,-0.027390799443375913,8.61567211151123
2916352,394.64447516699875,0.07494020473443636,0.4884399473667145,,,,,,,,0.0035400390625,1.5596498250961304,0.003891441728444578,-0.029481838656637484,17.194929122924805
2924544,395.86492260399973,0.08669361565692885,0.515332043170929,,,,,,,,0.0028076171875,1.5821306705474854,0.0041724675665442135,-0.029366619010459973,12.819415092468262
2932736,397.06573383900104,0.09218751036552403,0.52044677734375,,,,,,,,0.0040283203125,1.6044495105743408,0.0035007152147035203,-0.03087100856654801,11.964393615722656
2940928,398.29187061400444,0.0924413085488011,0.52606201171875,,,,,,,,0.00390625,1.616908073425293,0.002564665611929473,-0.025916924890490328,11.314835548400879
2949120,399.47601656100596,0.11044505156903538,0.5515503287315369,0.008335601802559323,0.007070010137905758,0.006328631463247136,333,550.3598724792153,34.2,39.0,0.003173828125,1.7080549001693726,0.004681664210667291,-0.016863057231640596,10.63420581817627
2957312,400.81559153100534,0.09599984221145075,0.5193725824356079,,,,,,,,0.0042724609375,1.5830994844436646,0.00442727385213082,-0.02548453969838065,11.417289733886719
2965504,401.9988915300055,0.08784760090513578,0.51544189453125,,,,,,,,0.0030517578125,1.6395206451416016,0.003691586677022962,-0.028718307369199086,9.875704765319824
2973696,403.2285949479992,0.10210788452985815,0.5235351920127869,,,,,,,,0.0037841796875,1.5967644453048706,0.0036482380929330205,-0.025253979434445073,11.709878921508789
2981888,404.414688167999,0.08604881526214168,0.5076904296875,,,,,,,,0.0032958984375,1.553301215171814,0.0029977741787615697,-0.02762327399324457,13.098238945007324
2990080,405.6238228010043,0.08281829877597685,0.506115734577179,,,,,,,,0.00390625,1.6668192148208618,0.0031467716090498588,-0.030676220958268996,13.924578666687012
2998272,406.79752156000177,0.0887662087624091,0.50830078125,,,,,,,,0.00439453125,1.6671804189682007,0.0026833081287654936,-0.02434784222946703,16.351356506347656
3006464,407.9910375700056,0.09110994562538595,0.521740734577179,,,,,,,,0.0030517578125,1.5772343873977661,0.003988102792549797,-0.028663893631242995,13.793745994567871
3014656,409.19780350200017,0.11705463738842746,0.55950927734375,0.014511724335212306,0.0131101313437193,0.010886335909835454,333,503.3947848063767,45.0,49.35,0.0028076171875,1.6382639408111572,0.0032787305217165663,-0.019792226548883098,9.870552062988281
3022848,410.545651694003,0.09781467919214465,0.52764892578125,,,,,,,,0.0047607421875,1.576697587966919,0.0035064698324419608,-0.02471752796710639,12.480572700500488
3031040,411.7320399470045,0.08431677781105879,0.49468994140625,,,,,,,,0.0030517578125,1.614451289176941,0.0030348051771074136,-0.027123815229603034,16.30545425415039
3039232,412.9734483159991,0.10046658279568473,0.541369616985321,,,,,,,,0.0029296875,1.6477094888687134,0.0018971330245071139,-0.026605139407929104,11.371153831481934
3047424,414.17678987199906,0.08624374222521514,0.509814441204071,,,,,,,,0.0047607421875,1.5826458930969238,0.003009186157444832,-0.028864713112919438,15.469345092773438
3055616,415.38630312600435,0.09392210289694394,0.5152221918106079,,,,,,,,0.004150390625,1.7123228311538696,0.004148914702124307,-0.026203600383382715,13.69406795501709
3063808,416.5696304830053,0.1104334675445825,0.551220715045929,,,,,,,,0.003662109375,1.5730128288269043,0.003896258530114771,-0.02220626520594362,11.122172355651855
3072000,417.75392031900265,0.07632201965463213,0.48900148272514343,,,,,,,,0.004150390625,1.6530320644378662,0.0035448344475599303,-0.027988606417081098,16.810029983520508
3080192,418.96759535700403,0.09357786583875366,0.5185180902481079,0.012035475782904426,0.01287521227716426,0.010586755564459316,333,524.1856621687252,47.7,nan,0.0045166015625,1.7579389810562134,0.0035420623289464936,-0.024182466729654392,14.607266426086426
3088384,420.3073498529993,0.09832231228540762,0.525866687297821,,,,,,,,0.0037841796875,1.5955578088760376,0.0027671473486311493,-0.024982101607665848,14.077956199645996
3096576,421.47629985200183,0.11699209804001834,0.55743408203125,,,,,,,,0.0028076171875,1.6643842458724976,0.003110497107112864,-0.025473730193757562,9.325867652893066
3104768,422.6724840810057,0.10169098736618501,0.5291992425918579,,,,,,,,0.0042724609375,1.645789623260498,0.003245603560616539,-0.02198773674307302,14.076491355895996
3112960,423.8498638550009,0.092617215149206,0.5279541015625,,,,,,,,0.00341796875,1.6106923818588257,0.0037028857862699827,-0.025142448671282448,13.490775108337402
3121152,425.0609380599999,0.10440617120399467,0.53729248046875,,,,,,,,0.0035400390625,1.6890515089035034,0.0030746171244647735,-0.020138976021054796,12.304033279418945
3129344,426.23236223600543,0.0980084015982976,0.53662109375,,,,,,,,0.00439453125,1.6751357316970825,0.003232330304618336,-0.029745159515598682,11.610614776611328
3137536,427.428981887002,0.10678723769663719,0.518310546875,,,,,,,,0.003662109375,1.7005914449691772,0.00335161851558452,-0.02109072892010996,16.57586669921875
3145728,428.6448854650007,0.09676571416258165,0.5249878168106079,0.005515981760636834,0.006862219408377501,0.004936025648838216,333,608.9963479101734,26.55,nan,0.00341796875,1.6123030185699463,0.0027600922168699027,-0.022626929545174975,15.359268188476562
3153920,429.96188525100297,0.10606415105229616,0.5427490472793579,,,,,,,,0.004150390625,1.637924313545227,0.0027302437632283905,-0.02416188464128613,14.138071060180664
3162112,431.12509238200437,0.11304327849306853,0.5623779296875,,,,,,,,0.003173828125,1.6104117631912231,0.002957247697565002,-0.026883045180547807,12.162504196166992
3170304,432.31628913400345,0.11116046493327617,0.563305675983429,,,,,,,,0.0023193359375,1.6252532005310059,0.004104568680786569,-0.02499699192383728,8.329634666442871
3178496,433.52347064600326,0.10175065439450726,0.53082275390625,,,,,,,,0.00390625,1.6200037002563477,0.00395839891247074,-0.021684089480257105,10.556047439575195
3186688,434.6855882070013,0.08241408927873234,0.502062976360321,,,,,,,,0.0032958984375,1.5895063877105713,0.004084802251553721,-0.03094752021987729,12.734028816223145
3194880,435.91281240500393,0.09039093511212,0.5157715082168579,,,,,,,,0.00341796875,1.6681795120239258,0.003465834556066305,-0.028724690769946572,14.383575439453125
3203072,437.10681055100576,0.0990215760323961,0.515454113483429,,,,,,,,0.0037841796875,1.571915864944458,0.003216512017880646,-0.02693004575590266,16.54121208190918
3211264,438.3017499280031,0.10112714805344405,0.5430664420127869,0.00794948878768631,0.007536856799985836,0.007305189101062037,333,552.4279309292317,49.5,nan,0.0029296875,1.6382300853729248,0.003225146158325698,-0.027325894048650958,11.059986114501953
3219456,439.6414712100013,0.13398432332585122,0.581347644329071,,,,,,,,0.0035400390625,1.6422253847122192,0.003488478806836559,-0.01861617309110682,12.082170486450195
3227648,440.8279481310019,0.0964433896855717,0.536022961139679,,,,,,,,0.003662109375,1.6170001029968262,0.003783440371498137,-0.025413183731773203,11.631202697753906
3235840,442.0010499150012,0.13184293121249763,0.576098620891571,,,,,,,,0.0028076171875,1.6182315349578857,0.0029108010249419003,-0.017933326581543008,9.91028881072998
3244032,443.2041221719992,0.1913162052058587,0.567919909954071,,,,,,,,0.0040283203125,1.6157492399215698,0.0025341632605506703,-0.011179641409696541,10.637534141540527
3252224,444.3910585039994,0.0866523231105017,0.49537354707717896,,,,,,,,0.004150390625,1.6630643606185913,0.002208586791184297,-0.026886930848870894,16.163162231445312
3260416,445.59025590600504,0.11606672635844079,0.524243175983429,,,,,,,,0.003173828125,1.5633225440979004,0.0030474595970124696,-0.019817961179295098,16.160144805908203
3268608,446.76647003600374,0.10208196991542072,0.546130359172821,,,,,,,,0.00341796875,1.490231990814209,0.0031183117095050505,-0.03129075401819542,12.002007484436035
3276800,447.96721728400007,0.11840448011649125,0.556018054485321,0.0066742056558574125,0.008627486355229363,0.005005654241893032,333,604.8544585563861,44.400000000000006,25.05,0.00341796875,1.589256763458252,0.0027955650967752543,-0.02175295745815559,12.681077003479004
3284992,449.308189950003,0.0860673731602591,0.51739501953125,,,,,,,,0.003173828125,1.5445927381515503,0.0026141808247739373,-0.030896262927430165,15.52483081817627
3293184,450.45578129000205,0.09579353571501409,0.534252941608429,,,,,,,,0.0032958984375,1.5235244035720825,0.002602674908290248,-0.02759339666084607,15.7438383102417
3301376,451.63543008200213,0.12364843670935333,0.559643566608429,,,,,,,,0.0037841796875,1.5491093397140503,0.004118279430603389,-0.02001616016870393,12.150341987609863
3309568,452.8220566000018,0.10550341598055968,0.5468384027481079,,,,,,,,0.0028076171875,1.5566174983978271,0.003830305594835992,-0.02447411820900401,10.791937828063965
3317760,453.998256785002,0.10764809720995222,0.54974365234375,,,,,,,,0.0030517578125,1.623881459236145,0.003227513955581296,-0.02616433592632006,12.571321487426758
3325952,455.1913585900038,0.10458442982346333,0.535656750202179,,,,,,,,0.00390625,1.6565449237823486,0.002180237360940085,-0.022178579060042114,14.5243558883667
3334144,456.394832926002,0.11940696984699771,0.5394287109375,,,,,,,,0.0037841796875,1.602550983428955,0.0021605832930857716,-0.02692407893338311,13.780657768249512
3342336,457.5845150390014,0.10736463304760924,0.55267333984375,0.013973308517253313,0.012428571060813853,0.01047998138793993,333,553.2434322948202,24.450000000000003,8.55,0.0030517578125,1.5891073942184448,0.004439832351698314,-0.02788737458124335,11.185148239135742
3350528,458.92751737800427,0.11692935716117936,0.5689453482627869,,,,,,,,0.003173828125,1.622518539428711,0.0038781003533119307,-0.02346227447705588,9.854303359985352
3358720,460.1259849199996,0.10988100927114877,0.5484253168106079,,,,,,,,0.0032958984375,1.5470983982086182,0.0049062738252274585,-0.02775646917066099,11.26652717590332
3366912,461.33102044700354,0.15580197748495536,0.606518566608429,,,,,,,,0.0030517578125,1.6178961992263794,0.003912490433459204,-0.018732248165007886,8.84599781036377
3375104,462.5355672490041,0.09951861842459356,0.541882336139679,,,,,,,,0.0032958984375,1.6586813926696777,0.0037225640925085957,-0.029628033680479945,9.79533576965332
3383296,463.7275035700004,0.09060456035811351,0.5210205316543579,,,,,,,,0.0030517578125,1.5878952741622925,0.003573560767983208,-0.03121094993145559,13.097208023071289
3391488,464.9703120550039,0.11907318554797802,0.574963390827179,,,,,,,,0.003173828125,1.6362297534942627,0.0030734538679590973,-0.029997568962387047,9.784884452819824
3399680,466.1523325720045,0.09358045526221499,0.531970202922821,,,,,,,,0.0035400390625,1.603357195854187,0.0023478603513302776,-0.02695425703104535,11.784132957458496
3407872,467.3654315120002,0.12086373755129905,0.5699219107627869,0.014598336553327318,0.01419982071133874,0.010948752414995488,333,539.2225980113056,16.8,7.5,0.00341796875,1.6253001689910889,0.0033839528187088463,-0.021024412669954397,9.323264122009277
3416064,468.69831131200044,0.09917969230247155,0.5237793326377869,,,,,,,,0.003173828125,1.6454312801361084,0.003136671522388168,-0.028301877262019916,10.800881385803223
3424256,469.8794361170003,0.12667886528297875,0.5732178092002869,,,,,,,,0.003173828125,1.5667577981948853,0.0031883938237412535,-0.019004214665661892,10.699347496032715
3432448,471.0680596450038,0.11821476828565158,0.5500122308731079,,,,,,,,0.0035400390625,1.6365082263946533,0.002923939497347039,-0.021727135518445965,8.86744213104248
3440640,472.3209539349991,0.08818057814300524,0.4957275390625,,,,,,,,0.003662109375,1.5973817110061646,0.002832299536557281,-0.028538730649082546,14.005465507507324
3448832,473.5503916529997,0.10254916688099164,0.535266101360321,,,,,,,,0.0028076171875,1.579087257385254,0.002704427508612328,-0.02496107329449462,13.258201599121094
3457024,474.7353857650014,0.1384255415067984,0.564868152141571,,,,,,,,0.003173828125,1.5597656965255737,0.0030265344890605395,-0.012403908505274251,12.373347282409668
3465216,475.91936899100256,0.10577340851709689,0.5477539300918579,,,,,,,,0.0040283203125,1.599086046218872,0.004045172327507007,-0.023646921353675136,10.575823783874512
3473408,477.11640105500555,0.12246856169988568,0.5741333365440369,0.010424057499821116,0.013070213362281868,0.007818043124865781,333,573.2906250345577,23.55,8.700000000000001,0.003173828125,1.685088038444519,0.0026306429474574067,-0.021410469807052107,9.07391357421875
3481600,478.47676056600176,0.11699763292895347,0.5672851800918579,,,,,,,,0.003173828125,1.6504902839660645,0.002624195948624619,-0.022023381432084738,8.667774200439453
3489792,479.68950924800447,0.10333753787743159,0.5322021842002869,,,,,,,,0.003662109375,1.679068922996521,0.002695180712943168,-0.026340872939939843,11.355685234069824
3497984,480.8497402830035,0.12803151734871746,0.577868640422821,,,,,,,,0.00341796875,1.6432323455810547,0.004001439273141338,-0.02016446368368322,8.390609741210938
3506176,482.04737460300385,0.10518555352417835,0.53472900390625,,,,,,,,0.0032958984375,1.6343846321105957,0.003675728730881289,-0.022477883044465546,10.131813049316406
3514368,483.26009278499987,0.1134084297852147,0.5553345084190369,,,,,,,,0.0032958984375,1.6639009714126587,0.0031165708545197734,-0.024255792967848883,9.190042495727539
3522560,484.4777662580018,0.09114567469812389,0.5187134146690369,,,,,,,,0.00341796875,1.6707099676132202,0.002806455648296513,-0.02651341964635369,11.74832820892334
3530752,485.6494430330058,0.11145719661877967,0.5599365234375,,,,,,,,0.00341796875,1.5788151025772095,0.0034471588427376076,-0.021637026728782427,10.953093528747559
3538944,486.81824719699944,0.10396751746764413,0.545239269733429,0.0068720962657059514,0.005284257155547589,0.005154072199279436,333,616.1283672276293,48.6,8.700000000000001,0.0028076171875,1.6765860319137573,0.003451107054865399,-0.023544696244439466,8.710731506347656
3547136,488.1742157930057,0.10855171687736836,0.5446411371231079,,,,,,,,0.0035400390625,1.679979920387268,0.002929548718497932,-0.02358523384521787,8.99567699432373
3555328,489.3871434660032,0.1296882410412619,0.580810546875,,,,,,,,0.0029296875,1.6584548950195312,0.00418214712895959,-0.016715814282208603,7.460028171539307
3563520,490.5409346610031,0.13535312397728516,0.583142101764679,,,,,,,,0.0028076171875,1.6518628597259521,0.003648189241771127,-0.02139652174714284,7.027295112609863
3571712,491.70356098300545,0.1007149255559001,0.4994750916957855,,,,,,,,0.0040283203125,1.6760785579681396,0.002894225586594912,-0.022612869918088675,11.824679374694824
3579904,492.9121373939997,0.1120089577444282,0.537304699420929,,,,,,,,0.00341796875,1.6521795988082886,0.0027085607476434737,-0.025362700433701247,9.841567039489746
3588096,494.10250136000104,0.08493623005503781,0.511474609375,,,,,,,,0.0029296875,1.695745825767517,0.0033010611451934624,-0.031578733874944295,10.154374122619629
3596288,495.296977197002,0.0839979468442625,0.49461671710014343,,,,,,,,0.0032958984375,1.6567665338516235,0.0035309235254813442,-0.027726947931026993,15.340291023254395
3604480,496.46236677600245,0.11935814043324303,0.549853503704071,0.008822060818268418,0.008072638734871962,0.006616545613701286,333,584.4846008622299,20.85,7.65,0.0035400390625,1.6872305870056152,0.002594297610102325,-0.021417618902300352,12.013287544250488
3612672,497.7933736250052,0.10625943142986785,0.54150390625,,,,,,,,0.0037841796875,1.6414622068405151,0.002380426883012543,-0.02529765942085756,12.09152889251709
3620864,498.95541146000323,0.13183261072836494,0.5761474967002869,,,,,,,,0.0029296875,1.6675821542739868,0.002183602289185349,-0.01969839662207369,7.953685283660889
3629056,500.1538023070025,0.10906803718624475,0.5498901605606079,,,,,,,,0.00244140625,1.614797592163086,0.003246103330407313,-0.026004057335714998,11.250285148620605
3637248,501.30222554899956,0.10243525463227826,0.544921875,,,,,,,,0.00341796875,1.5844022035598755,0.003550799974103236,-0.025281601485995942,9.981411933898926
3645440,502.51280445400334,0.12790051646901254,0.5719971060752869,,,,,,,,0.0032958984375,1.6986163854599,0.0031035225461198968,-0.013570013929209224,8.86026668548584
3653632,503.73539032100234,0.11789077905122675,0.5653320550918579,,,,,,,,0.003662109375,1.694167137145996,0.0027652889797431524,-0.02057998992401845,8.686671257019043
3661824,504.9001981820038,0.11280061222395461,0.5528931021690369,,,,,,,,0.0029296875,1.6390870809555054,0.0026638466363932967,-0.022347765506666166,13.253140449523926
3670016,506.1611746000053,0.11099798084477307,0.547106921672821,0.004446826652731994,0.004402326189572925,0.0033351199895490513,333,640.1363235490344,39.150000000000006,25.05,0.0032958984375,1.702397346496582,0.0035747803127884614,-0.01863750979024149,10.049448013305664
3678208,507.9099753400005,0.10289901465015697,0.5401855707168579,,,,,,,,0.0035400390625,1.6320552825927734,0.0038044915098034426,-0.025297743407076134,11.479789733886719
3686400,509.3963624320022,0.10938445714172088,0.5433716177940369,,,,,,,,0.0032958984375,1.7003453969955444,0.0035412324310046817,-0.02341806282867886,10.090736389160156
3694592,510.7961570050029,0.10567258303406019,0.551025390625,,,,,,,,0.0032958984375,1.7152841091156006,0.0027354738444227422,-0.026271597791797385,9.379162788391113
3702784,511.9845886930052,0.11504365301986307,0.5524048209190369,,,,,,,,0.00390625,1.6989755630493164,0.002340363378865895,-0.017119233503403008,11.072324752807617
3710976,513.2064947520048,0.10418381601001273,0.5386596918106079,,,,,,,,0.0030517578125,1.7477152347564697,0.002513449560419101,-0.023376424905969546,11.29373836517334
3719168,514.3852916989999,0.10037465924002793,0.532458484172821,,,,,,,,0.0035400390625,1.7300182580947876,0.0028838745274413213,-0.0236244833302431,12.963693618774414
3727360,515.5979714950008,0.10962672821781282,0.5420776605606079,,,,,,,,0.0035400390625,1.674773097038269,0.003236263157380126,-0.020510813013316195,12.689281463623047
3735552,516.782079304001,0.08926503301211532,0.5032104849815369,0.0073434164759195175,0.008421305543070634,0.00550756235693961,333,611.3869226611685,42.0,31.950000000000003,0.002685546875,1.6968400478363037,0.0033163658598480694,-0.02700107507100264,16.26614761352539
3743744,518.1183224240012,0.10110234084425827,0.5389038324356079,,,,,,,,0.00390625,1.6461189985275269,0.00439758875046703,-0.026941726702092057,15.081852912902832
3751936,519.2890820290049,0.09843475262835777,0.535717785358429,,,,,,,,0.0040283203125,1.6245275735855103,0.0038692637217226933,-0.024830801104139637,15.793583869934082
3760128,520.4282150850049,0.1286452843835517,0.5803467035293579,,,,,,,,0.0029296875,1.6822327375411987,0.0024036635595647837,-0.0168650410462659,10.748239517211914
3768320,521.6191085820028,0.15411471870806961,0.6046509146690369,,,,,,,,0.0035400390625,1.6669796705245972,0.0025977511589017066,-0.015658785210129648,9.146760940551758
3776512,522.7959635939987,0.10721088128369959,0.544384777545929,,,,,,,,0.0032958984375,1.7347313165664673,0.0023262568895844327,-0.02405959936361921,11.146225929260254
3784704,524.0006377550017,0.14232723330424107,0.5852905511856079,,,,,,,,0.002685546875,1.713747501373291,0.002586107666669779,-0.016819027159074452,9.771303176879883
3792896,525.2484313480018,0.12102012913532088,0.576062023639679,,,,,,,,0.003662109375,1.7070475816726685,0.0025369674961155386,-0.019572579987620155,11.289406776428223
3801088,526.515121702003,0.1286052034367296,0.571276843547821,0.005666842101439196,0.006386065433037991,0.004250131576079452,333,622.6336310632298,28.950000000000003,9.600000000000001,0.0035400390625,1.7542099952697754,0.002912112910966713,-0.01711560024051701,10.616570472717285
3809280,527.8742522610046,0.12539538616526982,0.538745105266571,,,,,,,,0.0040283203125,1.720445156097412,0.0031410512311309535,-0.01806138036563795,11.785715103149414
3817472,529.0732873670058,0.14547622774964372,0.567431628704071,,,,,,,,0.003173828125,1.6439310312271118,0.0040981981628174236,-0.018830513883060545,11.783446311950684
3825664,530.2620640040041,0.11419733155763621,0.5509033203125,,,,,,,,0.002685546875,1.6566166877746582,0.0026564807126575607,-0.02689148228833249,11.259681701660156
3833856,531.4444980590051,0.10028389885542102,0.52508544921875,,,,,,,,0.00439453125,1.6560217142105103,0.0023992345334172827,-0.028811836333974786,15.02314281463623
3842048,532.6735563960028,0.11813680057322383,0.568530261516571,,,,,,,,0.00244140625,1.6295759677886963,0.0027377525238463374,-0.026163033060882992,10.256040573120117
3850240,533.9007320200035,0.13978435553552263,0.595898449420929,,,,,,,,0.0029296875,1.7221227884292603,0.0033602952111055906,-0.016893567378910148,7.071051120758057
3858432,535.1123534360013,0.12749864708052505,0.587512195110321,,,,,,,,0.004150390625,1.6399983167648315,0.0033283683649730778,-0.023490347878401374,7.4066972732543945
3866624,536.2983623300024,0.11181835570193036,0.54150390625,0.005134321240103157,0.005072986384232703,0.003850740930077423,333,632.8000646821072,35.550000000000004,8.55,0.001953125,1.7795733213424683,0.003734219757672186,-0.024937379504980692,7.848654270172119
3874816,537.6908155660058,0.12773418783302878,0.56048583984375,,,,,,,,0.0042724609375,1.7298988103866577,0.0034457664621451167,-0.02156199648389771,8.93234920501709
3883008,538.9086380240042,0.10723019496362324,0.5481201410293579,,,,,,,,0.0028076171875,1.6737346649169922,0.002647984201494702,-0.023674363838062498,9.282438278198242
3891200,540.1379148010019,0.13397043030646547,0.582409679889679,,,,,,,,0.00244140625,1.7552435398101807,0.0026117303952106763,-0.019162315984771017,7.036715984344482
3899392,541.3324787230013,0.10975033526424516,0.545483410358429,,,,,,,,0.0037841796875,1.642345905303955,0.002460135937376151,-0.0228676661878474,8.963418960571289
3907584,542.501728878,0.13143155789569574,0.58648681640625,,,,,,,,0.0025634765625,1.6814063787460327,0.004274581956064116,-0.01893202109241638,6.7733917236328125
3915776,543.7162805390035,0.10802737720954103,0.529345691204071,,,,,,,,0.003173828125,1.6900641918182373,0.0034906140264073793,-0.02425761341058507,9.703862190246582
3923968,544.8945493589999,0.11614898155998479,0.524523913860321,,,,,,,,0.00439453125,1.6376760005950928,0.002457217033365544,-0.022103377551885035,10.954710960388184
3932160,546.0668683309996,0.11583591686072299,0.5533691644668579,0.0076431875590528,0.007314058922407662,0.005732390669289655,333,616.4341238785696,35.550000000000004,8.700000000000001,0.002685546875,1.738142728805542,0.0031699357645883497,-0.02579737206088985,11.305537223815918
3940352,547.4016473490046,0.10141734835418081,0.536975085735321,,,,,,,,0.0040283203125,1.6678926944732666,0.0025827961490618723,-0.024695047610115074,10.726785659790039
3948544,548.5997915379994,0.12814782502453453,0.566027820110321,,,,,,,,0.0028076171875,1.6724865436553955,0.002281270068941965,-0.01751029160776173,11.032217025756836
3956736,549.8057615780053,0.12471373823506726,0.5620361566543579,,,,,,,,0.0030517578125,1.6844446659088135,0.0036247784397690497,-0.021760361970178797,8.04086685180664
3964928,551.0172819,0.09970130284067064,0.53857421875,,,,,,,,0.003662109375,1.589709997177124,0.0036949682730240685,-0.027429444565378304,10.356789588928223
3973120,552.1909863379988,0.10819021521728621,0.541149914264679,,,,,,,,0.0030517578125,1.6921535730361938,0.004121102245034258,-0.021370806673097008,9.640788078308105
3981312,553.3657173070023,0.09675840132091064,0.524890124797821,,,,,,,,0.0035400390625,1.6348375082015991,0.0035621411878534737,-0.024197829010310264,12.96219539642334
3989504,554.5459471960057,0.10011862121058229,0.534960925579071,,,,,,,,0.0028076171875,1.6197748184204102,0.0033523104355841493,-0.02270882754525042,13.227348327636719
3997696,555.7120782420025,0.1708745434586069,0.5461059808731079,0.007603249841078852,0.009499744742166416,0.005702437380809111,333,598.6840050177152,43.650000000000006,6.45,0.0030517578125,1.7111848592758179,0.0029059423824373543,-0.022586604790832944,12.24242115020752
4005888,557.1239924000038,0.17134661178971491,0.5606323480606079,,,,,,,,0.003662109375,1.5968482494354248,0.002652495125660903,-0.019632220915465598,11.815195083618164
4014080,558.3234239090016,0.10844529762399242,0.5421997308731079,,,,,,,,0.0028076171875,1.5654950141906738,0.003512920984612755,-0.026260338940327872,12.93237018585205
4022272,559.5161786989993,0.1332542663585536,0.577771008014679,,,,,,,,0.0035400390625,1.614837884902954,0.0037195662917919314,-0.020463381003540938,9.629839897155762
4030464,560.7309183840043,0.11865425192082256,0.55084228515625,,,,,,,,0.0040283203125,1.6047451496124268,0.0030780227160179807,-0.01732821884705863,15.0169095993042
4038656,561.9270042589997,0.09696802806813912,0.5239502191543579,,,,,,,,0.0032958984375,1.793639898300171,0.0025560982335789406,-0.02207361675769716,15.244879722595215
4046848,563.1294152750052,0.09998115277613123,0.534289538860321,,,,,,,,0.00390625,1.6498138904571533,0.002484210174915402,-0.022591883706987115,15.9360990524292
4055040,564.2858096999989,0.10834286376595031,0.5208740234375,,,,,,,,0.0029296875,1.6746841669082642,0.0024051222937324646,-0.021034706723106963,20.16196060180664
4063232,565.496889273003,0.12545415453229689,0.5609130859375,0.01110847678226623,0.009520861593007246,0.008331357586699673,333,574.7758967755373,49.650000000000006,7.5,0.0030517578125,1.7496362924575806,0.002761149679867736,-0.020667547473229655,14.65503215789795
4071424,566.8495248290055,0.14048985726102411,0.5550903677940369,,,,,,,,0.004150390625,1.551390290260315,0.0022203056836734847,-0.014959553366673602,19.826507568359375
4079616,568.051558981002,0.15074428718376645,0.57354736328125,,,,,,,,0.0030517578125,1.6846179962158203,0.0022358570879839057,-0.018574914346041034,13.58387279510498
4087808,569.3021083670028,0.14231181504918475,0.5740112662315369,,,,,,,,0.0042724609375,1.6807669401168823,0.002724651694355762,-0.010460313905727712,15.317339897155762
4096000,570.5027250830026,0.1291136668297703,0.5712524652481079,,,,,,,,0.0035400390625,1.7237080335617065,0.00199303182533761,-0.01635972040084555,14.673298835754395
4104192,571.7079139190027,0.22333605904821163,0.6449341177940369,,,,,,,,0.0028076171875,1.7264468669891357,0.001836332039868771,-0.0053214345189636775,10.626989364624023
4112384,572.9322272760037,0.133852381684136,0.5535522699356079,,,,,,,,0.00439453125,1.6737570762634277,0.002803980840827447,-0.014279953674635294,13.655743598937988
4120576,574.1643774760014,0.1373642977233494,0.58941650390625,,,,,,,,0.002685546875,1.691997766494751,0.0034738951653215944,-0.016924171229443296,10.320074081420898
4128768,575.3842068279992,0.11755202154261912,0.54498291015625,0.004586007998963693,0.005943873223893004,0.003439505999222714,333,650.9270101883332,32.550000000000004,6.300000000000001,0.00341796875,1.7084535360336304,0.0037351616537700805,-0.02469192235308626,11.27110767364502
4136960,576.7586215789997,0.1574088284207681,0.5654541254043579,,,,,,,,0.0037841796875,1.643623948097229,0.002744228492343903,-0.021333088237044263,14.346641540527344
4145152,577.9491703919994,0.2017739040003007,0.609875500202179,,,,,,,,0.0028076171875,1.7237248420715332,0.0024454441868337895,-0.0032066302280201135,10.716078758239746
4153344,579.1507185209994,0.11789174239257233,0.54730224609375,,,,,,,,0.0035400390625,1.6833221912384033,0.0030117986027290433,-0.023709032083449898,13.0687894821167
4161536,580.3472461440033,0.13144783205917127,0.5541015863418579,,,,,,,,0.0032958984375,1.603711724281311,0.002751292363613822,-0.022080183137538338,13.304739952087402
4169728,581.5001274310052,0.12480158557668226,0.5760864615440369,,,,,,,,0.0029296875,1.6516984701156616,0.0035867827398629037,-0.021618192506320758,9.930757522583008
4177920,582.6503310570042,0.1346745733432794,0.57781982421875,,,,,,,,0.004150390625,1.6701252460479736,0.0033395080064919647,-0.018136561431646492,11.281560897827148
4186112,583.8641900889997,0.10154851754428407,0.5387817621231079,,,,,,,,0.0028076171875,1.7184474468231201,0.0022476403130404776,-0.0261240736553672,13.577929496765137
4194304,585.0705707880043,0.13818478294280567,0.5739990472793579,0.010804068800938649,0.010567903140051738,0.008103051600704014,333,564.9272214541231,12.75,7.65,0.004150390625,1.7453469038009644,0.002367314834718637,-0.020424566679655743,12.729154586791992
4202496,586.4624604560013,0.11903816532751404,0.5549072623252869,,,,,,,,0.00341796875,1.6677711009979248,0.0026847011818035282,-0.018981653048793554,13.383979797363281
4210688,587.6208692780056,0.16560631780557308,0.6155029535293579,,,,,,,,0.0030517578125,1.7419286966323853,0.0027247761041020446,-0.011505522171048825,8.492060661315918
4218880,588.7688050550059,0.11707249197276133,0.533435046672821,,,,,,,,0.0035400390625,1.6653692722320557,0.002902593199557435,-0.02493546029158951,14.125144004821777
4227072,589.9367022000006,0.12721855801081902,0.57623291015625,,,,,,,,0.003173828125,1.6938252449035645,0.00390903365639117,-0.02016575687795616,12.075879096984863
4235264,591.1306760660009,0.1506066894906357,0.5719360709190369,,,,,,,,0.00390625,1.7188276052474976,0.003090587498444486,-0.017540817450578852,8.99333667755127
4243456,592.3112335400001,0.14922779390879598,0.5666260123252869,,,,,,,,0.0032958984375,1.6700636148452759,0.0031480688749012664,-0.00830742203302324,12.331913948059082
4251648,593.518626721001,0.15266726853678958,0.600537121295929,,,,,,,,0.002685546875,1.6870695352554321,0.003817174193549766,-0.01607152036828983,8.497984886169434
4259840,594.6714620660059,0.11703130283953725,0.5557495355606079,0.00559709482636217,0.00744078931740999,0.0041978211197716275,333,628.7086887858945,47.400000000000006,6.45,0.0037841796875,1.7210389375686646,0.0034622756947197963,-0.018903075769227517,11.304556846618652
4268032,596.0435218620041,0.10070434944840918,0.4955200254917145,,,,,,,,0.00390625,1.6862977743148804,0.002324532964913195,-0.029479347031076065,14.132672309875488
4276224,597.2181252880036,0.09315045800096358,0.5217041373252869,,,,,,,,0.0030517578125,1.6943063735961914,0.0022570215927733006,-0.031043408729357454,12.473567008972168
4284416,598.4102872510048,0.10062190357180585,0.528857409954071,,,,,,,,0.0037841796875,1.5914679765701294,0.003429430562365443,-0.026295716259075255,14.203635215759277
4292608,599.6727570340008,0.12582340886188484,0.5682007074356079,,,,,,,,0.003173828125,1.6569305658340454,0.003882449989602965,-0.02190884665939459,12.861144065856934
4300800,600.8797971029999,0.1142966352587294,0.558728039264679,,,,,,,,0.00390625,1.703540325164795,0.0035942132710002905,-0.02468556874848077,12.44896411895752
4308992,602.068431792999,0.1243565009152342,0.5645751953125,,,,,,,,0.00341796875,1.6542339324951172,0.0031669542429165753,-0.01619127011197951,11.978388786315918
4317184,603.2713998860054,0.10294073230182917,0.5359863638877869,,,,,,,,0.0030517578125,1.6586852073669434,0.0029504098721268024,-0.025290001589702807,10.673849105834961
4325376,604.4776246430047,0.154537298866228,0.579663097858429,0.00968743217402579,0.00811060824279608,0.0072655741305193144,333,582.2712525793211,18.3,6.45,0.003662109375,1.601723074913025,0.0034422132887912404,-0.019753692440593097,12.60123062133789
4333568,605.8489255349996,0.11867851498839428,0.5715576410293579,,,,,,,,0.0028076171875,1.5771689414978027,0.0031368335959833793,-0.022764007835535963,12.722818374633789
4341760,607.0737326980015,0.1302844585129019,0.5816284418106079,,,,,,,,0.003662109375,1.698624610900879,0.002295410508288742,-0.02053427600513305,11.84179973602295
4349952,608.2982424340007,0.12878064525848618,0.545275866985321,,,,,,,,0.0045166015625,1.777886986732483,0.001979927506694956,-0.014784613133283843,13.325140953063965
4358144,609.5188679220009,0.11919787824769223,0.55438232421875,,,,,,,,0.0030517578125,1.7545926570892334,0.002436818015682185,-0.0196492659922104,12.903983116149902
4366336,610.730559992,0.12717773361833848,0.5676513910293579,,,,,,,,0.0032958984375,1.6974437236785889,0.003580261028243492,-0.019357895863045604,10.877135276794434
4374528,611.9468153780035,0.11662104653995536,0.547351062297821,,,,,,,,0.0035400390625,1.6428712606430054,0.0025195977673151404,-0.024028631680873443,13.847500801086426
4382720,613.1239479770011,0.13594504452453265,0.588916003704071,,,,,,,,0.002685546875,1.690277338027954,0.0026582085634520025,-0.019883097360010968,8.807388305664062
4390912,614.3489072480006,0.1649466969067711,0.5928711295127869,0.006316622871328614,0.004737467153496433,0.004737467153496433,333,614.4320106638809,49.95,21.6,0.0042724609375,1.6772677898406982,0.003492070551371018,-0.013242683693236602,9.84376049041748
4399104,615.7184589079989,0.1009708098258888,0.534619152545929,,,,,,,,0.002685546875,1.6553137302398682,0.002542529889663858,-0.02616521228322017,12.92681884765625
4407296,616.9204599709992,0.12595245524278792,0.572460949420929,,,,,,,,0.0029296875,1.7216068506240845,0.002872807758155349,-0.024334758225347437,11.049839973449707
4415488,618.1082325640018,0.10536391371994523,0.50830078125,,,,,,,,0.00390625,1.6354889869689941,0.0023921546393552706,-0.021310427334883017,16.81245994567871
4423680,619.3027500099997,0.12018846294373638,0.5684814453125,,,,,,,,0.0032958984375,1.720017433166504,0.0033312079289131713,-0.027461803348832317,11.44681453704834
4431872,620.4716268550037,0.13480332221938823,0.5819091796875,,,,,,,,0.00341796875,1.7323319911956787,0.003237656509222475,-0.01694733981705376,10.01508617401123
4440064,621.6319974560029,0.12376208522521469,0.5681396722793579,,,,,,,,0.003662109375,1.6894539594650269,0.0035573018357539787,-0.019215833934276984,12.313639640808105
4448256,622.8392080920021,0.10618857508598666,0.5428100824356079,,,,,,,,0.003173828125,1.7122479677200317,0.003629571622991268,-0.022363306682998685,13.679178237915039
4456448,624.0175763619991,0.10853937061180285,0.539294421672821,0.0047740499197360675,0.004460794773187504,0.003580537439802023,333,642.5505200293499,42.0,20.400000000000002,0.0040283203125,1.6617624759674072,0.0037899201931134163,-0.017826455802289948,14.555426597595215
4464640,625.3677131520017,0.11828979967916697,0.565234363079071,,,,,,,,0.0028076171875,1.6818090677261353,0.0035715959799089703,-0.02657447799809134,10.945219993591309
4472832,626.5400275120046,0.10306564900953637,0.5210205316543579,,,,,,,,0.0030517578125,1.6351207494735718,0.003744920004054464,-0.024706040567943146,15.081375122070312
4481024,627.7239094770048,0.09940422113898978,0.5329956412315369,,,,,,,,0.004150390625,1.6242449283599854,0.003402193362959327,-0.025953586987336554,17.066030502319336
4489216,628.9203338320003,0.14363324629098487,0.5644897818565369,,,,,,,,0.0029296875,1.6623001098632812,0.0032762490385327414,-0.017807432698541847,13.614313125610352
4497408,630.3801952700014,0.1338998312109275,0.587475597858429,,,,,,,,0.003662109375,1.6220453977584839,0.003234853511286717,-0.020983751764268935,11.55408763885498
4505600,631.9243583730058,0.12305632276802228,0.573291003704071,,,,,,,,0.0028076171875,1.66000497341156,0.002732822180300243,-0.023646614259858464,11.831379890441895
4513792,632.9788192880005,0.11781686453214896,0.549426257610321,,,,,,,,0.0030517578125,1.6507576704025269,0.0028278252801465786,-0.02006664007946743,11.36658000946045
4521984,633.9971340000047,0.12738370314229522,0.57940673828125,0.010932728026983085,0.010056639544750667,0.008199546020237314,333,565.7228016666271,24.450000000000003,6.300000000000001,0.0037841796875,1.615302324295044,0.003770670205696991,-0.02502523763722292,10.051815032958984
4530176,635.1183931990017,0.12499176801481411,0.5726318359375,,,,,,,,0.0029296875,1.6258434057235718,0.0038950088779838854,-0.020467717194166554,10.649198532104492
4538368,636.0734727410018,0.15211763065546566,0.565747082233429,,,,,,,,0.0029296875,1.667945146560669,0.0044022587769596555,-0.02232023311849597,13.256586074829102
4546560,637.0541401800001,0.12126232496174,0.567126452922821,,,,,,,,0.0042724609375,1.6827763319015503,0.00372026362566924,-0.024857056968491012,9.599048614501953
4554752,638.067000754003,0.13649441045796404,0.5638061761856079,,,,,,,,0.003662109375,1.7012841701507568,0.003108069602807184,-0.018333671546192632,11.782097816467285
4562944,639.0610831939994,0.2502600944684331,0.57568359375,,,,,,,,0.0030517578125,1.670501708984375,0.0030056152050983442,-0.02341511063114077,8.631731986999512
4571136,640.0626117530046,0.1507105142863209,0.585522472858429,,,,,,,,0.003173828125,1.6721616983413696,0.0031671911274097075,-0.016377304889259477,10.222938537597656
4579328,641.0371338340046,0.11874095530749107,0.522045910358429,,,,,,,,0.00439453125,1.7282216548919678,0.0033986015688870497,-0.020594621731482833,16.150503158569336
4587520,642.033714174002,0.1910507750678367,0.5836548209190369,0.003877639951432532,0.005349799957619972,0.002908229963574427,333,667.9858833630047,44.1,24.900000000000002,0.0037841796875,1.6522690057754517,0.0032604543387505514,-0.011855512494301454,14.37766170501709
4595712,643.2094649249993,0.11180495259757302,0.545642077922821,,,,,,,,0.0028076171875,1.7063158750534058,0.003630079237251338,-0.021539540260360118,13.879355430603027
4603904,644.2202191700053,0.13753379401173146,0.525317370891571,,,,,,,,0.0040283203125,1.656083345413208,0.003982263562663957,-0.019344064914479542,21.71672248840332
4612096,645.1828883019989,0.12107226321050311,0.5604614615440369,,,,,,,,0.003173828125,1.6416218280792236,0.003022785904685188,-0.021468214349549087,12.207069396972656
4620288,646.1871521490029,0.14886649765269253,0.561352550983429,,,,,,,,0.0035400390625,1.68031644821167,0.0026706054500749143,-0.010895994799011391,14.596948623657227
4628480,647.1974904040035,0.11039424924693986,0.5559448599815369,,,,,,,,0.0032958984375,1.5858635902404785,0.002877783326986738,-0.023865119562377142,14.854372024536133
4636672,648.228039571004,0.12962247419376957,0.579882800579071,,,,,,,,0.0035400390625,1.715808391571045,0.0036963247067584026,-0.016926516452675868,10.9115629196167
4644864,649.211184810003,0.17682700063902157,0.5825561881065369,,,,,,,,0.0035400390625,1.6429367065429688,0.0033585482595333005,-0.006425270095476609,14.086832046508789
4653056,650.1884080290038,0.14278042644690678,0.57598876953125,0.008414404108740614,0.007915594852398122,0.006310803081555516,333,588.7405818399968,16.5,6.300000000000001,0.0030517578125,1.6277798414230347,0.0033194573694688145,-0.018787197353254206,12.429041862487793
4661248,651.3533722260036,0.11690150339694845,0.543774425983429,,,,,,,,0.0030517578125,1.729913353919983,0.003257094032862451,-0.025184122053232113,15.128252983093262
4669440,652.3289430020013,0.1112201333218994,0.55474853515625,,,,,,,,0.0037841796875,1.5986177921295166,0.0031030249779882,-0.02280598472273472,12.877697944641113
4677632,653.3330103500048,0.15270340012891015,0.601635754108429,,,,,,,,0.002685546875,1.6565666198730469,0.003540100837828075,-0.019233507098460462,8.320158958435059
4685824,654.315764498002,0.13174062364426162,0.581311047077179,,,,,,,,0.00341796875,1.6624430418014526,0.003815664159040555,-0.017264529846815403,11.01636791229248
4694016,655.2571609540028,0.12169435173639738,0.558947741985321,,,,,,,,0.0032958984375,1.6677520275115967,0.003344490829795488,-0.02530755121965249,9.489218711853027
4702208,656.2580346550021,0.13639185691559727,0.592944324016571,,,,,,,,0.0020751953125,1.7260640859603882,0.0033032372213832595,-0.02269775254000268,6.177448749542236
4710400,657.2580999530037,0.12034062298353639,0.5661865472793579,,,,,,,,0.00439453125,1.6726934909820557,0.003129994314397644,-0.022127219414792454,7.969710826873779
4718592,658.2592912990003,0.10981036926237396,0.522692859172821,0.0068260533280144475,0.010045383798239937,0.005119539996010891,333,616.845364794032,20.400000000000002,13.200000000000001,0.0030517578125,1.7010706663131714,0.0036854700700861276,-0.02530598921931723,10.10535717010498
4726784,659.5519884640016,0.12313992388699933,0.5341553092002869,,,,,,,,0.003173828125,1.7214163541793823,0.0036791136125058355,-0.022896183429492296,10.258519172668457
4734976,660.5733246290038,0.10310461866338971,0.5382934808731079,,,,,,,,0.0032958984375,1.6160080432891846,0.004002759114297705,-0.02895515894341858,11.093559265136719
4743168,661.6147518350044,0.1154234493095102,0.563549816608429,,,,,,,,0.0028076171875,1.7036666870117188,0.0031133576955981734,-0.025162033676301522,8.646885871887207
4751360,662.5739513220033,0.15143236595473333,0.5686889886856079,,,,,,,,0.00341796875,1.7359724044799805,0.002454234807234945,-0.013674354210164403,8.371915817260742
4759552,663.6169185040053,0.11959644671156525,0.550952136516571,,,,,,,,0.0032958984375,1.7041796445846558,0.002605309951653867,-0.018459052028192757,9.708045959472656
4767744,664.6151545780012,0.11773889334839507,0.5644775629043579,,,,,,,,0.002685546875,1.804214596748352,0.0039006317790291067,-0.021527854456977094,7.139723300933838
4775936,665.6020979960012,0.11196631832510473,0.544445812702179,,,,,,,,0.00390625,1.7251837253570557,0.0029886684535360697,-0.020070886312040518,8.459284782409668
4784128,666.5815712650001,0.11949447660544954,0.5732178092002869,0.0057899503347864645,0.007098014501998318,0.004342462751089848,333,630.3086454746391,38.25,28.35,0.0030517578125,1.7504568099975586,0.0028953939760438807,-0.02666452387961933,7.303988933563232
4792320,667.699662638006,0.11788418187120829,0.558850109577179,,,,,,,,0.003662109375,1.7028189897537231,0.0028229530925091284,-0.02601168440491605,7.344992160797119
4800512,668.6829838570047,0.11680973691381849,0.55242919921875,,,,,,,,0.0030517578125,1.7140296697616577,0.004139144494312852,-0.02652819952855286,9.099544525146484
4808704,669.6859216830053,0.12163865636443752,0.557482898235321,,,,,,,,0.0025634765625,1.7806687355041504,0.0037328217957803833,-0.018337003077579458,8.968124389648438
4816896,670.7273477510025,0.1418736247241919,0.535778820514679,,,,,,,,0.004150390625,1.6764339208602905,0.003703131744046795,-0.01872720674145029,11.619989395141602
4825088,671.7338498020035,0.12980896581084062,0.5746826529502869,,,,,,,,0.0029296875,1.7132225036621094,0.0037169598411517235,-0.020487501505375594,7.517627716064453
4833280,672.7485203630058,0.13608049963127075,0.5789428949356079,,,,,,,,0.003173828125,1.7354618310928345,0.0035942028642518276,-0.018940342681400595,6.344738006591797
4841472,673.7298651630044,0.12832615054287053,0.571704089641571,,,,,,,,0.003173828125,1.6548739671707153,0.003394759738318598,-0.017624790718154617,7.302165508270264
4849664,674.7477432450032,0.11755717850069125,0.55316162109375,0.0066828643606152704,0.008751007362260754,0.005157447225060285,333,621.1929221682119,31.650000000000002,44.85,0.0025634765625,1.757817029953003,0.0032469979260719706,-0.022925002022195693,7.796102046966553
4857856,675.9777795310001,0.17513414487331913,0.53924560546875,,,,,,,,0.003662109375,1.6830251216888428,0.002750942559352376,-0.021924634737779492,9.15891170501709
4866048,677.0451711760034,0.12356823797380118,0.53973388671875,,,,,,,,0.0032958984375,1.702258825302124,0.0036313708578878945,-0.02251477501630853,9.734519004821777
4874240,678.044093897006,0.1563432110646925,0.541748046875,,,,,,,,0.00244140625,1.7291299104690552,0.004309345539282861,-0.0268422277103441,10.56379222869873
4882432,679.0432223730022,0.18591610334549458,0.5706421136856079,,,,,,,,0.0045166015625,1.612113118171692,0.003975428715805696,-0.01588831984041786,14.46056079864502
4890624,680.0261032400012,0.09137231683492443,0.503662109375,,,,,,,,0.0032958984375,1.550074815750122,0.0034161079180515808,-0.030178525696459197,14.63659381866455
4898816,681.0324670640039,0.1384658400009311,0.584094226360321,,,,,,,,0.003662109375,1.6119495630264282,0.003725503122328444,-0.018636308693173016,8.108747482299805
4907008,682.0013553169993,0.10693128347170267,0.54156494140625,,,,,,,,0.0032958984375,1.6083990335464478,0.004168349267749005,-0.021791290424203615,12.385838508605957
4915200,683.0293248140006,0.10801470391698938,0.552416980266571,0.010801655656594966,0.01321841296167503,0.008136061075854517,333,564.3289166517193,42.6,nan,0.0030517578125,1.6633410453796387,0.00456177763774579,-0.02437728038426311,12.24143123626709
4923392,684.1774147960023,0.1159441305151998,0.5572509765625,,,,,,,,0.004150390625,1.5799503326416016,0.004659857951371027,-0.02608488748845313,13.250201225280762
4931584,685.1669848340025,0.13865904645512164,0.5692993402481079,,,,,,,,0.0028076171875,1.628631830215454,0.0040917324902411956,-0.017044205330570116,11.163505554199219
4939776,686.1321047060046,0.15131067719374725,0.5990967154502869,,,,,,,,0.00341796875,1.6350061893463135,0.004191228362506627,-0.012961089287892458,7.737892150878906
4947968,687.1158276310016,0.12832495671763156,0.5730957388877869,,,,,,,,0.0032958984375,1.6291978359222412,0.005147140452175236,-0.01997315456156094,9.234264373779297
4956160,688.1170272060044,0.14884487842995459,0.587756335735321,,,,,,,,0.003173828125,1.6970642805099487,0.004887397030623353,-0.01932242655130256,8.409972190856934
4964352,689.1193410220003,0.11064386024431927,0.5544677972793579,,,,,,,,0.00341796875,1.6275185346603394,0.00424603812634039,-0.02565153978114972,9.750293731689453
4972544,690.1401062610021,0.10509064593188351,0.53765869140625,,,,,,,,0.0028076171875,1.65382719039917,0.0037460439124500367,-0.02668738507966977,10.09079647064209
4980736,691.1932989950001,0.13550969443378957,0.567333996295929,0.009953284241331795,0.01023311160547935,0.007778385918932318,333,558.1420046616186,18.3,34.35,0.0030517578125,1.7196576595306396,0.0033426009142604185,-0.022135358601041058,8.23344898223877
4988928,692.3619432050036,0.15111894650815316,0.5918335318565369,,,,,,,,0.003662109375,1.6113920211791992,0.003906799715198694,-0.01332929917736083,7.86493444442749
4997120,693.3627916490004,0.12348681383966098,0.5597168207168579,,,,,,,,0.00244140625,1.712349772453308,0.003968235690884114,-0.024538966784612072,7.85876989364624
5005312,694.3492255370002,0.1010082165125481,0.529980480670929,,,,,,,,0.00390625,1.6389548778533936,0.0038579215608933737,-0.023393180807826597,11.581315040588379
5013504,695.3413607910043,0.10609706607249597,0.549060046672821,,,,,,,,0.0030517578125,1.659864068031311,0.004172118070028041,-0.025670089780892774,9.87315559387207
5021696,696.319576201,0.12270636915220452,0.55218505859375,,,,,,,,0.002685546875,1.6917344331741333,0.003922746367616581,-0.020435171966999587,9.153132438659668
5029888,697.3215188640024,0.12995602899578618,0.546740710735321,,,,,,,,0.004638671875,1.7004401683807373,0.002684632670495013,-0.014294726885663573,11.387002944946289
5038080,698.3252483930046,0.1331177661952954,0.588208019733429,,,,,,,,0.002197265625,1.6949973106384277,0.002258890315192552,-0.019388004565600976,7.954667568206787
5046272,699.3336978720035,0.15075876591039084,0.5992187857627869,0.007172674095432652,0.00848225722148055,0.005392177751091687,333,600.8011534808662,48.6,49.35,0.0035400390625,1.6944704055786133,0.0019174910299469827,-0.01681041326012337,6.511293888092041
5054464,700.4901961950018,0.09793153319049408,0.516430675983429,,,,,,,,0.0035400390625,1.6802809238433838,0.0037571172546496667,-0.02451289428534524,12.719762802124023
5062656,701.5253695280044,0.09347017782466675,0.500244140625,,,,,,,,0.003173828125,1.7337342500686646,0.004240740518579589,-0.02400301907101232,14.379414558410645
5070848,702.5452778390027,0.1291465336922736,0.5774292349815369,,,,,,,,0.0035400390625,1.6272944211959839,0.003375913127045771,-0.019820125951223934,11.170317649841309
5079040,703.5640253009988,0.10899240546615069,0.5438598990440369,,,,,,,,0.0028076171875,1.6669331789016724,0.004063859177370288,-0.022735367185160105,12.358633995056152
5087232,704.5740498310042,0.1324235541074912,0.5755615234375,,,,,,,,0.00390625,1.7689638137817383,0.002528078061213579,-0.021889272848368557,9.490572929382324
5095424,705.5441733020052,0.11486668553223219,0.5552124381065369,,,,,,,,0.004150390625,1.7137560844421387,0.002625442784137011,-0.014937930956463528,13.902533531188965
5103616,706.5290696119991,0.1708504565063228,0.605761706829071,,,,,,,,0.0023193359375,1.7667497396469116,0.0029032898296313947,-0.015843495049132544,7.91579532623291
5111808,707.5312060889992,0.10732672527824189,0.536059558391571,0.010217458568832383,0.009263807493232523,0.0076630939266242315,333,574.6534148939608,24.450000000000003,8.55,0.0037841796875,1.667141318321228,0.0030409840360134943,-0.023168923459466747,10.581949234008789
5120000,708.7488260750033,0.13329970853539094,0.568798840045929,,,,,,,,0.00341796875,1.6501823663711548,0.003928987512272553,-0.02230266523742331,13.932571411132812
5128192,709.7738621520039,0.1434721860780329,0.5934082269668579,,,,,,,,0.00244140625,1.708878755569458,0.002855008125344116,-0.02229979552804558,6.732637882232666
5136384,710.7722889659999,0.13790129208357207,0.5820068717002869,,,,,,,,0.004150390625,1.6693507432937622,0.0027259374784371904,-0.01595961775158441,8.547480583190918
5144576,711.7522742830042,0.0912479130545157,0.49554443359375,,,,,,,,0.0029296875,1.7653082609176636,0.0035335669644670498,-0.026540457905113137,16.985166549682617
5152768,712.7574657990044,0.11431121832821811,0.537280261516571,,,,,,,,0.0029296875,1.6849476099014282,0.0033033789938726743,-0.02563004301665416,14.929980278015137
5160960,713.72974445,0.10104795037809643,0.526354968547821,,,,,,,,0.004150390625,1.6258753538131714,0.0038993519138199595,-0.02615612760508479,14.83362865447998
5169152,714.7493559249997,0.17458321715132002,0.6099609732627869,,,,,,,,0.00244140625,1.7108206748962402,0.00400632926971356,-0.014337927501677995,8.315314292907715
5177344,715.7609097000022,0.2040119005762412,0.58160400390625,0.008705171822765312,0.00882675296669122,0.006528878867073984,333,602.1505511621858,37.65,7.5,0.0045166015625,1.8195080757141113,0.003287057551381367,-0.012871754705745418,11.052587509155273
5185536,716.9340194710021,0.09930617110859653,0.532055675983429,,,,,,,,0.0030517578125,1.6674522161483765,0.0028188112662019815,-0.026573096030964413,12.761800765991211
5193728,717.9273475630034,0.13831146732307997,0.5873169302940369,,,,,,,,0.003173828125,1.757954716682434,0.0029686646443717324,-0.02307705981220246,8.320070266723633
5201920,718.9440598240035,0.10946130471638525,0.5405640006065369,,,,,,,,0.0042724609375,1.6941457986831665,0.0035797653770113236,-0.017648822565315036,14.686578750610352
5210112,719.9546239710035,0.15393446816549228,0.5799804925918579,,,,,,,,0.0025634765625,1.780665397644043,0.003738749855285106,-0.020712678715736323,9.725008010864258
5218304,720.9666795520025,0.12535979286313567,0.5639282464981079,,,,,,,,0.0030517578125,1.7388741970062256,0.003373493952684603,-0.016173358550998048,10.369758605957031
5226496,721.9752274999992,0.11930354192331843,0.56072998046875,,,,,,,,0.0035400390625,1.6233874559402466,0.003513031060767058,-0.019683312563402264,11.398066520690918
5234688,722.9815835660047,0.22855362106028312,0.601855456829071,,,,,,,,0.002685546875,1.7816479206085205,0.0035268501398078023,-0.0055280202172054895,9.399157524108887
5242880,724.0018859920019,0.19415069782208616,0.559252917766571,0.01185130401303447,0.009590040141842282,0.00888847800977588,285,467.93963664047624,42.6,7.2,0.0040283203125,1.682427167892456,0.003410489633061786,-0.01250856789573655,13.567108154296875
5251072,725.1891052390056,0.16228496025419414,0.601940929889679,,,,,,,,0.00244140625,1.7026770114898682,0.003658371835032259,-0.019061204219906442,8.781720161437988
5259264,726.1841573190031,0.11366950678444387,0.538317859172821,,,,,,,,0.0037841796875,1.7684508562088013,0.0036227586746475637,-0.020905064071263548,10.832221031188965
5267456,727.1764731299991,0.12485925351006084,0.565991222858429,,,,,,,,0.0045166015625,1.6469930410385132,0.0035112735115576665,-0.02728934947402005,10.757418632507324
5275648,728.1725673350011,0.14743508699981342,0.5670532584190369,,,,,,,,0.0025634765625,1.814436435699463,0.0034794186495127333,-0.020791481528475243,9.838923454284668
5283840,729.1892465390047,0.1654950213320545,0.597790539264679,,,,,,,,0.0042724609375,1.7056620121002197,0.003513350718525321,-0.01084384222980033,9.01720905303955
5292032,730.232239322002,0.13249839748428707,0.56292724609375,,,,,,,,0.002685546875,1.6927878856658936,0.002222878326346489,-0.02604005606546227,10.02679443359375
5300224,731.2361425740019,0.16704682792048012,0.609265148639679,,,,,,,,0.003662109375,1.820474624633789,0.0023313139894590718,-0.015649172390090747,7.104658603668213
5308416,732.2202016779993,0.08676468416797162,0.4939819276332855,0.011144445857682261,0.01185758835560391,0.008362351494169307,333,555.775987045715,42.900000000000006,34.35,0.0040283203125,1.6628477573394775,0.002553333705273886,-0.029468224006064372,14.972879409790039
5316608,733.3825897860006,0.11277992359657683,0.5548095703125,,,,,,,,0.002197265625,1.7239177227020264,0.003323934435693343,-0.0251176737055202,9.963412284851074
5324800,734.354918584002,0.09971490201120106,0.501293957233429,,,,,,,,0.0040283203125,1.7088011503219604,0.004275393914463077,-0.023554749479787154,13.951361656188965
5332992,735.3319045930039,0.08942485440777653,0.512341320514679,,,,,,,,0.0040283203125,1.6270672082901,0.004160750101698252,-0.028714093528923748,17.663921356201172
5341184,736.3440123990003,0.12928780992554195,0.553784191608429,,,,,,,,0.0029296875,1.7767070531845093,0.00375530440095595,-0.020429935047887003,11.381711959838867
5349376,737.3304328480008,0.15606690729239536,0.5999512076377869,,,,,,,,0.0042724609375,1.6026142835617065,0.003824142538008335,-0.012900345554776009,11.269233703613281
5357568,738.3349107890026,0.16409694354872478,0.6198486685752869,,,,,,,,0.0023193359375,1.69100022315979,0.004432668459353306,-0.013912971269119848,7.276919841766357
5365760,739.3104709110048,0.16314477251731604,0.5848633050918579,,,,,,,,0.003662109375,1.7991664409637451,0.0036880447812976946,-0.013526114580423977,8.121245384216309
5373952,740.3021077470039,0.11396992277331175,0.528564453125,0.008760022203749829,0.013363971798166174,0.006570016652812427,333,593.3041849039876,41.7,6.15,0.004150390625,1.6056532859802246,0.004663684902473042,-0.02303907274728409,13.032175064086914
5382144,741.4738048319996,0.1509866046654832,0.606091320514679,,,,,,,,0.0020751953125,1.6930546760559082,0.003837223845818971,-0.021508821407666613,7.488691806793213
5390336,742.4641849399995,0.11883558583342874,0.554931640625,,,,,,,,0.0042724609375,1.6774126291275024,0.0032785440346991823,-0.022821774778219686,10.71044921875
5398528,743.4237608520052,0.11399277311322722,0.551025390625,,,,,,,,0.0028076171875,1.6553268432617188,0.003165539804799389,-0.022170097133612343,7.777434825897217
5406720,744.4332288970036,0.1502844654869323,0.599865734577179,,,,,,,,0.002685546875,1.835265874862671,0.003952882236806676,-0.021087249575296407,6.1078715324401855
5414912,745.4149584879997,0.10313726712772296,0.5030517578125,,,,,,,,0.0042724609375,1.619816541671753,0.0040296169047684405,-0.025863529203997312,13.153610229492188
5423104,746.4033911260049,0.12327769945125802,0.5313720703125,,,,,,,,0.001953125,1.6636055707931519,0.004140423604807264,-0.030086054999963682,11.8628568649292
5431296,747.389888742,0.14236378502865749,0.5786499381065369,,,,,,,,0.003662109375,1.6106908321380615,0.004013213180263042,-0.01637668437905592,8.936423301696777
5439488,748.4047451310034,0.15581970602545459,0.5190185904502869,0.005900182835334999,0.0056493326255995235,0.004425137126501277,333,637.8539371748009,29.85,6.15,0.0068359375,1.8732033967971802,0.0034466657018783486,-0.013541951548894532,16.516403198242188
5447680,749.5831829710005,0.1509029699943637,0.600720226764679,,,,,,,,0.0018310546875,1.779732584953308,0.003171177154598581,-0.017483408107319635,7.130237102508545
5455872,750.5598258790051,0.14172426926135104,0.5837036371231079,,,,,,,,0.0042724609375,1.6492758989334106,0.0030849155920050775,-0.011989407541805677,8.480445861816406
5464064,751.5681487530019,0.12322683330676942,0.5432495474815369,,,,,,,,0.0028076171875,1.712602972984314,0.003855081646589431,-0.027014540384867742,10.668367385864258
5472256,752.5874939310015,0.136906174099204,0.571459949016571,,,,,,,,0.0029296875,1.6963930130004883,0.0035608214493110246,-0.020970210295544682,6.534104347229004
5480448,753.5883127880006,0.12638623400060048,0.54437255859375,,,,,,,,0.00439453125,1.6920359134674072,0.003288356773021972,-0.02136641362509131,12.019506454467773
5488640,754.5952215990037,0.12948994704518152,0.563281238079071,,,,,,,,0.0028076171875,1.7567827701568604,0.003747681523407431,-0.02404978327352292,9.262977600097656
5496832,755.5915025979994,0.08736000730597217,0.49805909395217896,,,,,,,,0.00341796875,1.7387661933898926,0.0033522876607332552,-0.024813241706079986,15.673047065734863
5505024,756.6105044560027,0.09799343189647164,0.5262695550918579,0.008481080068933,0.0076153908415004246,0.00636081005169975,333,589.3055932474367,35.550000000000004,31.950000000000003,0.0040283203125,1.6595685482025146,0.00346233406277352,-0.023810549606420536,14.675005912780762
5513216,757.7989583450035,0.14014122306165225,0.587512195110321,,,,,,,,0.00244140625,1.753636121749878,0.003433611039528328,-0.019123134053107844,8.356426239013672
5521408,758.8034875110025,0.13454415965031813,0.580334484577179,,,,,,,,0.0037841796875,1.659753441810608,0.002687123577103323,-0.016123652411726863,10.185333251953125
5529600,759.8264149910028,0.13669956609763195,0.58843994140625,,,,,,,,0.0030517578125,1.7689300775527954,0.0026062009284506527,-0.02017237240859604,10.080687522888184
5537792,760.8242829420051,0.16720851758271824,0.622692883014679,,,,,,,,0.0032958984375,1.7567260265350342,0.002805252235566602,-0.01369293039205048,5.966135025024414
5545984,761.8156422510001,0.08466172324438784,0.4962402284145355,,,,,,,,0.00341796875,1.741731882095337,0.0027647237857256757,-0.03297423454795397,12.397822380065918
5554176,762.7905356510018,0.11879029748448725,0.554516613483429,,,,,,,,0.00244140625,1.7558850049972534,0.0025135232832531607,-0.02640757697484186,8.29679012298584
5562368,763.7596987540019,0.1380192429680221,0.5793213248252869,,,,,,,,0.0040283203125,1.6826801300048828,0.002272552727149435,-0.01813252620736816,8.242466926574707
5570560,764.7558022290032,0.11994920039154172,0.5469970703125,0.011610031220128159,0.012334148915804533,0.008758548262797872,333,568.0017307810087,11.850000000000001,7.5,0.0030517578125,1.7527849674224854,0.004099648218745311,-0.025088242347410968,8.911585807800293
5578752,765.9533631260056,0.10946047273891112,0.5199951529502869,,,,,,,,0.0035400390625,1.7705615758895874,0.0029983569353764228,-0.021012850184191627,12.316946983337402
5586944,767.1993091510012,0.10595682003994644,0.52703857421875,,,,,,,,0.003662109375,1.7518550157546997,0.0031672273925129613,-0.023917738798937552,12.845107078552246
5595136,768.3730197040059,0.15209584508110213,0.588793933391571,,,,,,,,0.002685546875,1.757829189300537,0.0030750227877167635,-0.002256947164795635,9.23077392578125
5603328,769.3815089980053,0.11700766025514296,0.5491577386856079,,,,,,,,0.00341796875,1.676571011543274,0.003553226818706623,-0.019962650300454566,11.924341201782227
5611520,770.3393965060022,0.12001558422315398,0.557861328125,,,,,,,,0.00341796875,1.712393045425415,0.003913197208759378,-0.023219764718323557,10.267534255981445
5619712,771.3833288300011,0.14785507153548771,0.585888683795929,,,,,,,,0.0030517578125,1.7332216501235962,0.004679951914784208,-0.016039279829399244,7.574307441711426
5627904,772.4011018029996,0.11907850355289101,0.5651001334190369,,,,,,,,0.003173828125,1.6908658742904663,0.0035824778410594726,-0.024849048759185335,9.557377815246582
5636096,773.3943105020007,0.135966120674142,0.581713855266571,0.008008601236710766,0.006529233117436251,0.006006450927533047,333,607.6027883715134,45.900000000000006,7.5,0.002685546875,1.715455412864685,0.003376128842500048,-0.01956341843642022,8.09739875793457
5644288,774.582002864001,0.12970435200559124,0.580883800983429,,,,,,,,0.003662109375,1.7154359817504883,0.003724166919449101,-0.02189709553592735,7.697386264801025
5652480,775.6243167659995,0.10808066041452713,0.5238403677940369,,,,,,,,0.003173828125,1.7235156297683716,0.0039407088913687716,-0.02427507677057877,10.859061241149902
5660672,776.6630652700042,0.1071759373168294,0.506762683391571,,,,,,,,0.0028076171875,1.7006722688674927,0.0030000726671230993,-0.03333082529454454,11.407611846923828
5668864,777.6822553140009,0.09676954032311749,0.5260864496231079,,,,,,,,0.0040283203125,1.6367496252059937,0.0032095083073693242,-0.025239852055273116,15.398465156555176
5677056,778.7030430560044,0.15175956550067624,0.5809082388877869,,,,,,,,0.0025634765625,1.6694062948226929,0.003439442768319978,-0.0151943443634103,10.115358352661133
5685248,779.7165673850031,0.14679097689512619,0.570996105670929,,,,,,,,0.00244140625,1.698570728302002,0.004449252985666341,-0.02042891428616571,10.562216758728027
5693440,780.7100114360001,0.14511331203382746,0.5954834222793579,,,,,,,,0.003662109375,1.6071555614471436,0.004555080048847637,-0.014712724841449807,8.5161771774292
5701632,781.6807842900016,0.16093500732178503,0.6083130240440369,0.02163106865347597,0.01925206131718582,0.01622330149010698,333,499.7427081165256,49.800000000000004,7.65,0.0029296875,1.7363073825836182,0.0042803055738680484,-0.012373695177992215,8.747633934020996
5709824,782.8861731880024,0.14221663202607268,0.5697265863418579,,,,,,,,0.0032958984375,1.7299177646636963,0.003891377311089461,-0.02065270205994705,9.5829496383667
5718016,783.8625553430029,0.13146045270271758,0.578747570514679,,,,,,,,0.003662109375,1.6721513271331787,0.0039144437337106375,-0.022331676813581326,8.135859489440918
5726208,784.8405222660003,0.11545190050413856,0.554516613483429,,,,,,,,0.003173828125,1.7515695095062256,0.003610259090875423,-0.0236732270210079,12.207359313964844
5734400,785.8365656490059,0.12825198264585716,0.546252429485321,,,,,,,,0.0040283203125,1.7115802764892578,0.003281908484786822,-0.018012021446202998,12.797316551208496
5742592,786.8577590310015,0.12179451376525732,0.5587524771690369,,,,,,,,0.0025634765625,1.713299036026001,0.003325383281714611,-0.02221673541150325,9.86487102508545
5750784,787.844104751006,0.18183312098006962,0.562146008014679,,,,,,,,0.00341796875,1.6822948455810547,0.0036675615830907837,-0.011301196481647915,11.514719009399414
5758976,788.8236506460016,0.1001187781404644,0.5136474967002869,,,,,,,,0.0035400390625,1.6331371068954468,0.0027193252167857507,-0.025042226355343967,19.180452346801758
5767168,789.8166487519993,0.17549325481490008,0.6246704459190369,0.03743704994060071,0.031166504337875822,0.02807778745545053,333,436.26634786445436,44.400000000000006,7.5,0.0028076171875,1.665395975112915,0.0024076945386947157,-0.020893215342701475,8.325594902038574
5775360,791.0129343240042,0.09754415737604451,0.5056518912315369,,,,,,,,0.00390625,1.6430333852767944,0.002308956027386122,-0.02225780452678148,16.058807373046875
5783552,791.9913119640041,0.1102811079988848,0.530773937702179,,,,,,,,0.0032958984375,1.6100754737854004,0.0025321118666681297,-0.01601326961058359,17.398303985595703
5791744,792.9877567490039,0.14417855932028875,0.5899658203125,,,,,,,,0.0025634765625,1.6693248748779297,0.002266466636378972,-0.015581652627464788,10.72260570526123
5799936,793.977044088002,0.16258586054162272,0.6017700433731079,,,,,,,,0.0040283203125,1.630820393562317,0.002882876013459379,-0.0035987309874580932,13.650232315063477
5808128,794.9695531879988,0.12721944322284578,0.549450695514679,,,,,,,,0.0032958984375,1.692482352256775,0.004087390407697233,-0.015842561408891443,16.23855972290039
5816320,796.0150124569991,0.1477597517102258,0.6003662347793579,,,,,,,,0.00341796875,1.6916310787200928,0.004024285380007986,-0.011868705501495644,10.89986515045166
5824512,797.0252247989993,0.12914528516150067,0.5764526724815369,,,,,,,,0.0035400390625,1.6499199867248535,0.003949057993562821,-0.02104233487938949,11.277688980102539
5832704,798.051713769004,0.14110163046924198,0.57684326171875,0.007460297122110493,0.006727249859888373,0.00559522284158287,333,604.3265338907736,20.25,6.15,0.0028076171875,1.7241511344909668,0.002570453304345799,-0.018665081770618996,11.706393241882324
5840896,799.2158032740044,0.15360484884712125,0.6028076410293579,,,,,,,,0.00390625,1.6513652801513672,0.0024330426487104706,-0.012164374485089382,9.619537353515625
5849088,800.2132519200022,0.17084449709861527,0.6250976920127869,,,,,,,,0.0025634765625,1.6672191619873047,0.00250748994033001,-0.013082842894833996,7.3928680419921875
5857280,801.1915137430042,0.15354162354981532,0.6017822623252869,,,,,,,,0.00341796875,1.7991611957550049,0.004233816078440533,-0.020592924068627144,7.222998142242432
5865472,802.1832530579995,0.10644760830416918,0.5384277701377869,,,,,,,,0.003662109375,1.7403762340545654,0.003541848071388687,-0.020771957329968185,10.387417793273926
5873664,803.1739779990021,0.10744379289464606,0.5525757074356079,,,,,,,,0.003173828125,1.7353509664535522,0.0035922589804824323,-0.02401183393896698,9.004429817199707
5881856,804.1530351120018,0.1284752628561394,0.5694214105606079,,,,,,,,0.0032958984375,1.7309341430664062,0.0029044941632949683,-0.022873897537494078,8.066451072692871
5890048,805.1137131690048,0.10804293084396971,0.5364990234375,,,,,,,,0.0035400390625,1.72020423412323,0.002913876724132569,-0.02525948731225013,10.091362953186035
5898240,806.0848312290036,0.1457106545215233,0.5962158441543579,0.011733455426139794,0.011620703399438104,0.008810493697783306,333,568.4233273889295,46.050000000000004,nan,0.0020751953125,1.7267239093780518,0.002716766810208604,-0.0178833614659803,7.0313334465026855
5906432,807.2537490130053,0.13335213682516892,0.5451904535293579,,,,,,,,0.0045166015625,1.771756649017334,0.002795660799234767,-0.02098872272886286,9.617693901062012
5914624,808.2381800100047,0.1524088631335072,0.5661865472793579,,,,,,,,0.0035400390625,1.7219396829605103,0.002966502516796865,-0.013170822678995445,10.77810001373291
5922816,809.2036876700004,0.26893141526443665,0.5495972037315369,,,,,,,,0.002685546875,1.7766923904418945,0.0029526116869424968,-0.020881180038897856,9.953120231628418
5931008,810.204057009003,0.1195706275211518,0.551464855670929,,,,,,,,0.0042724609375,1.6914341449737549,0.0034741978283238106,-0.023930896288272264,11.083809852600098
5939200,811.1835509830053,0.11504969703956013,0.5496582388877869,,,,,,,,0.0030517578125,1.7491217851638794,0.004015818258497061,-0.024030729191813704,11.12992000579834
5947392,812.1948567540021,0.17947331308899528,0.619738757610321,,,,,,,,0.0035400390625,1.7709550857543945,0.0037643599735250888,-0.010510632118396033,7.014265537261963
5955584,813.1961493920026,0.12510612303491372,0.569811999797821,,,,,,,,0.00390625,1.7019227743148804,0.004293961410306912,-0.019251827255749157,9.283446311950684
5963776,814.2347351429999,0.13105167716261776,0.5804687738418579,0.0051281369670400645,0.005667019773797022,0.003846102725280076,333,646.168729666646,48.45,6.45,0.002197265625,1.7206050157546997,0.0035050515148551398,-0.02319872647009275,9.539974212646484
5971968,815.393078703004,0.12301248172780688,0.5560547113418579,,,,,,,,0.00390625,1.7063992023468018,0.0034332500527936016,-0.018798638941118512,13.630383491516113
5980160,816.490450037003,0.167233879360728,0.57977294921875,,,,,,,,0.00390625,1.7421963214874268,0.0036375728097629567,-0.012241142344512686,13.148032188415527
5988352,817.886936380004,0.16739956474873297,0.626940906047821,,,,,,,,0.0028076171875,1.7882075309753418,0.003192707934050909,-0.016440663779976227,6.643311500549316
5996544,819.1380284780025,0.09280789367923284,0.50439453125,,,,,,,,0.004150390625,1.727779746055603,0.002819233241008856,-0.02441594663338021,14.748827934265137
6004736,820.1455223660014,0.09653870773432335,0.523852527141571,,,,,,,,0.0030517578125,1.7548680305480957,0.0029812158314674875,-0.02990404384330646,15.889880180358887
6012928,821.1066132180058,0.158258938178525,0.609790027141571,,,,,,,,0.003662109375,1.6940397024154663,0.0037049943946814157,-0.017345711532144186,9.156878471374512
6021120,822.0780638830038,0.14686200829099094,0.57861328125,,,,,,,,0.00341796875,1.6985946893692017,0.003725710497239021,-0.013042963821389808,10.815398216247559
6029312,823.0832223700054,0.12010694150101285,0.5510498285293579,0.01957808563163277,0.01818658804964579,0.014683564223724632,333,515.4125215116311,41.1,6.300000000000001,0.002685546875,1.7950608730316162,0.003850107369287481,-0.020334960637056993,11.34672737121582
6037504,824.2978601840005,0.14088896741021587,0.5687622427940369,,,,,,,,0.00390625,1.6553635597229004,0.002830417298546495,-0.01745071720086763,11.807219505310059
6045696,825.268390547004,0.1378067941318966,0.588671863079071,,,,,,,,0.0035400390625,1.7679123878479004,0.0029473528554886386,-0.020105204562476373,8.28508472442627
6053888,826.2756718570017,0.13456718760727404,0.559252917766571,,,,,,,,0.00341796875,1.7453099489212036,0.004728772536696901,-0.0157568188228174,10.547152519226074
6062080,827.3112939440034,0.13032584796755836,0.5580078363418579,,,,,,,,0.00341796875,1.6501264572143555,0.004706893182034322,-0.02151995081492102,11.655285835266113
6070272,828.3767734360008,0.16462861092603642,0.6027588248252869,,,,,,,,0.002197265625,1.6551709175109863,0.004490702578415995,-0.022132321029971168,7.5711236000061035
6078464,829.3863386020021,0.11512855616002327,0.5607666373252869,,,,,,,,0.004150390625,1.690161108970642,0.004067136921745762,-0.021639055356673893,11.168609619140625
6086656,830.7104001949992,0.11790119092644297,0.5453857779502869,,,,,,,,0.0032958984375,1.7743725776672363,0.003925387715928874,-0.02056425323722816,13.971814155578613
6094848,831.8050051899991,0.20945374947843498,0.557373046875,0.0057915942719398705,0.39987192937544924,0.2538456907658675,17,-11.11793756177186,0.15000000000000002,nan,0.0030517578125,1.6800189018249512,0.003906924275958401,-0.013796507184881783,14.398208618164062
6103040,833.029418514001,0.15557493403881628,0.5180908441543579,,,,,,,,0.004150390625,1.7047374248504639,0.004414681734032477,-0.013641841908355429,22.571624755859375
6111232,834.0673158930003,0.1257203323665499,0.545056164264679,,,,,,,,0.0045166015625,1.6764285564422607,0.004326758891761595,-0.013131502001192612,15.9716215133667
6119424,835.0482470530042,0.19450365640830017,0.5849975943565369,,,,,,,,0.0047607421875,1.7383395433425903,0.0042527808647354615,0.0005018694352593216,16.668033599853516
6127616,836.0437812060045,0.13593595197474892,0.56817626953125,,,,,,,,0.004150390625,1.7580753564834595,0.004280081923606405,-0.012958876414330437,14.74194622039795
6135808,837.0695133690024,0.1170986909880008,0.5487915277481079,,,,,,,,0.003173828125,1.6862643957138062,0.003907533250677497,-0.0166559296261649,16.76215934753418
6144000,838.0691510399993,0.14782948199650434,0.577954113483429,,,,,,,,0.0042724609375,1.6929912567138672,0.0037492891754506985,-0.009044041378254564,15.741891860961914
6152192,839.2172831770004,0.09741221373747683,0.5092529654502869,,,,,,,,0.0042724609375,1.6686991453170776,0.0039055785584534153,-0.01733414609618917,22.572725296020508
6160384,840.298705621004,0.2618914385871294,0.603039562702179,0.01321166533026108,0.011496668435247659,0.009908748997695782,333,550.8157362575625,49.650000000000006,7.5,0.00390625,1.6937066316604614,0.0031135704423452815,0.0015036342502012332,18.876924514770508
6168576,841.4766407470015,0.12644074506431122,0.551953136920929,,,,,,,,0.003173828125,1.6706584692001343,0.0034049678796563843,-0.010599905413216463,21.731739044189453
6176768,842.4661400590048,0.11548733532123633,0.5624756217002869,,,,,,,,0.0035400390625,1.5758953094482422,0.003635540904100454,-0.01831580596641581,16.639942169189453
6184960,843.4934095580029,0.20148098951973015,0.614062488079071,,,,,,,,0.0037841796875,1.6411106586456299,0.003176552370054875,-0.002948344399868549,13.753829956054688
6193152,844.5518382720038,0.17714219870404718,0.582202136516571,,,,,,,,0.0035400390625,1.7136250734329224,0.002908709243760077,-0.0038606118603024724,15.190991401672363
6201344,845.6295571520022,0.10894298213154872,0.5258545279502869,,,,,,,,0.003662109375,1.654747486114502,0.0029989232175067215,-0.020260699256201373,19.835411071777344
6209536,846.7025096620055,0.13764164482757155,0.5742554068565369,,,,,,,,0.003662109375,1.651243805885315,0.004423159742834026,-0.017544438181818677,16.385009765625
6217728,847.8084553470035,0.18504167713681918,0.6192260980606079,,,,,,,,0.0035400390625,1.645092487335205,0.004399710696991077,-0.014932529395151467,11.18259334564209
6225920,848.8183889720021,0.1587804746419624,0.6102051138877869,0.02914068463379238,0.025515837378725315,0.021855513475344313,333,471.4056319033872,42.900000000000006,7.5,0.0030517578125,1.654329538345337,0.0041455933010662305,-0.015632146243560553,11.295405387878418
6234112,850.0882296670025,0.15776045610807618,0.587841808795929,,,,,,,,0.003173828125,1.7029507160186768,0.004223869040547168,-0.01089714833933904,11.905741691589355
6242304,851.0623987180006,0.14022706468458077,0.588610827922821,,,,,,,,0.003173828125,1.653956651687622,0.004281518947311547,-0.014478109049048721,12.28076457977295
6250496,852.0714277220031,0.16679307594094003,0.586962878704071,,,,,,,,0.00341796875,1.6771442890167236,0.004362295866526367,-0.014232611574063575,11.325345039367676
6258688,853.107850114,0.25083025682419163,0.561291515827179,,,,,,,,0.0032958984375,1.669318675994873,0.004205798251711523,-0.007172932408820079,15.699615478515625
6266880,854.3629236900015,0.0863318687300399,0.46849367022514343,,,,,,,,0.003662109375,1.5979342460632324,0.004207379084377405,-0.03185968344584953,24.910852432250977
6275072,855.4137521730008,0.11307077859352277,0.526110827922821,,,,,,,,0.003662109375,1.590125560760498,0.004801125603896672,-0.026537443417585422,22.49073600769043
6283264,856.4625494630018,0.14550671432695148,0.578381359577179,,,,,,,,0.0045166015625,1.6276929378509521,0.003925580253466787,-0.009230096313828848,16.088226318359375
6291456,857.4659613280019,0.13570531962056245,0.591064453125,0.010059820307566691,0.008885700618037728,0.007544865230674991,333,586.7355289255249,36.0,6.0,0.00390625,1.5851138830184937,0.004212038970871634,-0.01636698880142687,13.708480834960938
6299648,858.6848620470046,0.12566801372703887,0.5682739615440369,,,,,,,,0.0029296875,1.6126153469085693,0.004126714185732849,-0.023568394231398594,14.058337211608887
6307840,859.6471941400014,0.12871043200436655,0.5760498046875,,,,,,,,0.00390625,1.5964839458465576,0.004851045154420586,-0.015696266980413653,15.90319538116455
6316032,860.6664652820036,0.1551526263675392,0.60107421875,,,,,,,,0.0030517578125,1.5538105964660645,0.003579721717928308,-0.016296188776794708,10.8834228515625
6324224,861.6408830500004,0.1864700916582549,0.6392456293106079,,,,,,,,0.003173828125,1.599820613861084,0.003522198966337653,-0.008258407606372711,8.275715827941895
6332416,862.6532877940044,0.13809485134345956,0.577648937702179,,,,,,,,0.0040283203125,1.705021858215332,0.0033520982305518254,-0.018736204487923076,12.032312393188477
6340608,863.6155885010012,0.1235070360344301,0.554492175579071,,,,,,,,0.0029296875,1.709770917892456,0.003919654467168465,-0.021277944358966377,13.63758373260498
6348800,864.9171066390045,0.11588942029582748,0.545727550983429,,,,,,,,0.00341796875,1.6454086303710938,0.003689182009766534,-0.02716659564845929,12.917642593383789
6356992,865.991742279999,0.14807538424909975,0.539904773235321,0.010963853808855228,0.009860891103072644,0.008222890356641477,333,582.1052322007841,47.85,7.65,0.003173828125,1.5950347185134888,0.004234075161977491,-0.024594349543611116,15.851022720336914
6365184,867.197425670005,0.1113057637552824,0.5432495474815369,,,,,,,,0.0032958984375,1.5759849548339844,0.004244925550018097,-0.026775228077676412,15.228790283203125
6373376,868.1505861000041,0.13154413705264667,0.568225085735321,,,,,,,,0.0030517578125,1.5856291055679321,0.004362325205072182,-0.014144242375859368,13.718286514282227
6381568,869.1310920309988,0.20323491921548895,0.557543933391571,,,,,,,,0.0029296875,1.6421668529510498,0.004350885981741381,-0.0026485909182733685,15.599924087524414
6389760,870.1065653120022,0.11478190690969897,0.522265613079071,,,,,,,,0.003662109375,1.628580093383789,0.004978298522490432,-0.02394659499153865,18.371538162231445
6397952,871.0913872480014,0.1331432716678471,0.5458130240440369,,,,,,,,0.0040283203125,1.609447717666626,0.002929693708892067,-0.015530549737803257,19.094274520874023
6406144,872.0770810210015,0.11711066563961788,0.5524536371231079,,,,,,,,0.003173828125,1.6022088527679443,0.0028487369974732335,-0.02065713167736158,17.083066940307617
6414336,873.1032261540022,0.15832385772871405,0.605542004108429,,,,,,,,0.0037841796875,1.6187613010406494,0.004165731022534258,-0.010084753672137901,10.547348976135254
6422528,874.0971537950027,0.1576556768689669,0.5821777582168579,0.014864551412599014,0.011974741592925886,0.011148413559449288,333,525.8305214078289,39.0,8.55,0.0035400390625,1.6970131397247314,0.0042579702000726805,-0.015099531359742109,14.970440864562988
6430720,875.2907398860043,0.17727315433299876,0.593884289264679,,,,,,,,0.003662109375,1.6865124702453613,0.004317745559661801,-0.014253272926322572,13.469720840454102
6438912,876.3308608160005,0.1507544691082302,0.598400890827179,,,,,,,,0.004150390625,1.652720332145691,0.004460553360698949,-0.01847119888544279,10.189252853393555
6447104,877.3465070620005,0.17451657689688843,0.586010754108429,,,,,,,,0.0035400390625,1.699092149734497,0.004269576881355208,-0.01617656627474384,10.142501831054688
6455296,878.3511255970006,0.12128806934255776,0.556774914264679,,,,,,,,0.0028076171875,1.6676297187805176,0.004815126541460768,-0.021716353000027333,13.683886528015137
6463488,879.3583316880031,0.11951051394956554,0.555493175983429,,,,,,,,0.00341796875,1.6550545692443848,0.004081231875826319,-0.02199621930492036,14.044644355773926
6471680,880.3349726230008,0.11166903608848244,0.542041003704071,,,,,,,,0.0042724609375,1.6862362623214722,0.004220205314068748,-0.024827368894592965,13.806365966796875
6479872,881.4252628050017,0.1548760345782031,0.5611816644668579,,,,,,,,0.0037841796875,1.6513733863830566,0.004622421163678281,-0.020595375298095176,11.244775772094727
6488064,882.531253207002,0.1513779441879397,0.566577136516571,0.015337040350758668,0.013418604089593611,0.011502780263068946,333,532.6248898578933,49.650000000000006,6.15,0.0042724609375,1.7684839963912964,0.004496029489001296,-0.008355609787378152,13.993277549743652
6496256,883.7837458510039,0.10956481202775353,0.527392566204071,,,,,,,,0.00390625,1.7483301162719727,0.0038764936693171936,-0.019505025770971865,18.533004760742188
6504448,884.7645949979997,0.1292717275013328,0.5687500238418579,,,,,,,,0.004150390625,1.681897759437561,0.003740773590174662,-0.019768288208589155,16.28547477722168
6512640,885.7833941580029,0.15697923110381728,0.609484851360321,,,,,,,,0.0032958984375,1.670859932899475,0.004126473742821046,-0.016054801923794416,10.906091690063477
6520832,886.7665496590052,0.1473817527336424,0.582226574420929,,,,,,,,0.003173828125,1.6322914361953735,0.004075890969359119,-0.017189139920988358,12.465304374694824
6529024,887.778390104002,0.12838581019878653,0.5761352777481079,,,,,,,,0.0037841796875,1.6669281721115112,0.004419956003422931,-0.022691839296814134,11.441951751708984
6537216,888.7529523340054,0.13614679292250448,0.5713745355606079,,,,,,,,0.0040283203125,1.7436269521713257,0.004288181315808659,-0.015522732927439782,12.608763694763184
6545408,889.7370557489994,0.15039711435737632,0.590563952922821,,,,,,,,0.003173828125,1.6784274578094482,0.0035818675131129574,-0.018366977466745614,9.939642906188965
6553600,890.7298200779987,0.09944053019465415,0.5142456293106079,0.015281681449335505,0.014592034142343557,0.011480820822593829,333,534.9291065230614,49.650000000000006,6.15,0.0035400390625,1.7196667194366455,0.0041332710321903,-0.021525835279039906,15.22668743133545
6561792,891.9600888620043,0.1630953648750368,0.6178955435752869,,,,,,,,0.0028076171875,1.6489238739013672,0.004136266658324228,-0.02061893978512394,7.455001354217529
6569984,892.9756079880026,0.21647209571701562,0.6054931879043579,,,,,,,,0.0035400390625,1.7173755168914795,0.0038967887079321972,-0.0013650789631554875,9.450369834899902
6578176,893.978618770001,0.12592385048061447,0.5603882074356079,,,,,,,,0.00341796875,1.7114484310150146,0.004148121464286225,-0.020006179100247073,8.635783195495605
6586368,894.9952962000025,0.11142279918686225,0.541821300983429,,,,,,,,0.0040283203125,1.736696481704712,0.003937764198128857,-0.024094924990901517,10.079253196716309
6594560,895.9893234100018,0.11212847473294435,0.5549682974815369,,,,,,,,0.003662109375,1.736229419708252,0.0037207635100715564,-0.025188037998140195,10.041032791137695
6602752,896.9531775590003,0.10655725791891756,0.544873058795929,,,,,,,,0.003662109375,1.7096489667892456,0.003990636628851574,-0.02639431705119817,9.277050971984863
6610944,897.9302535550014,0.11904638843555015,0.5599365234375,,,,,,,,0.00341796875,1.7402807474136353,0.0033511448553313894,-0.021535646200805118,8.754839897155762
6619136,898.950299340002,0.09527804676018076,0.5128418207168579,0.008565118358841217,0.012000489402760328,0.006423838769130885,333,603.9718672861359,39.300000000000004,5.4,0.003173828125,1.725628137588501,0.003024790093286489,-0.03252290815536046,12.550978660583496
6627328,900.1860839350047,0.13814464023647663,0.5818848013877869,,,,,,,,0.0029296875,1.6579101085662842,0.0036610416589086814,-0.02023472713667037,8.450264930725098
6635520,901.160864770005,0.1499665840212731,0.561633288860321,,,,,,,,0.0040283203125,1.7258055210113525,0.0035937937641673523,-0.025483684245881023,8.410628318786621
6643712,902.156971851,0.12108603666719389,0.539794921875,,,,,,,,0.003662109375,1.714337706565857,0.004295078266158825,-0.023119583779784663,11.695773124694824
6651904,903.1612297329993,0.10726308931713456,0.5293823480606079,,,,,,,,0.002685546875,1.669050931930542,0.0034429830619069346,-0.028159929333989087,11.963976860046387
6660096,904.1584356290041,0.11671399489140144,0.541821300983429,,,,,,,,0.003173828125,1.6593029499053955,0.0033733661936856674,-0.025579823664786457,12.937576293945312
6668288,905.1375256000028,0.12104899805837653,0.5398315787315369,,,,,,,,0.003662109375,1.635548710823059,0.003727430889976846,-0.021528907250547093,16.31989288330078
6676480,906.1112285910058,0.08570045153453991,0.4964843690395355,,,,,,,,0.0032958984375,1.690187931060791,0.003555100750187057,-0.02907918104793122,16.7291259765625
6684672,907.1315075919993,0.1352619588785339,0.5798584222793579,0.008342854168760794,0.007132596370493016,0.006257140626570568,333,600.0648086599339,46.5,6.15,0.003662109375,1.6522387266159058,0.004418724781010797,-0.02359646851731151,9.972291946411133
6692864,908.5945830100027,0.1616744921669901,0.6112915277481079,,,,,,,,0.0023193359375,1.6211638450622559,0.004267167661610283,-0.014728219865968195,7.919986724853516
6701056,909.9505885710023,0.11452656506857967,0.516711413860321,,,,,,,,0.0045166015625,1.7343286275863647,0.004028402440962475,-0.01768100372854808,15.439895629882812
6709248,911.2512706540001,0.1558107133384551,0.573901355266571,,,,,,,,0.0037841796875,1.683319091796875,0.003825503383554807,-0.01327591916172366,10.499229431152344
6717440,912.5365091860003,0.14531254179798592,0.5786499381065369,,,,,,,,0.0029296875,1.7591215372085571,0.004095318532590708,-0.023800663332729816,9.518401145935059
6725632,913.8199435380011,0.11123925650906691,0.5395874381065369,,,,,,,,0.00341796875,1.6454511880874634,0.004307079544745629,-0.023939353720563637,14.26604175567627
6733824,915.193944396,0.11687902867388943,0.561169445514679,,,,,,,,0.0040283203125,1.7290648221969604,0.004173140021030752,-0.02564820290898322,12.245522499084473
6742016,916.519036757003,0.17643161656213,0.6144043207168579,,,,,,,,0.0030517578125,1.702865481376648,0.0039436230447563725,-0.0160674047794541,8.045313835144043
6750208,917.8201945340043,0.11182458077772983,0.5223022699356079,0.010007852656174654,0.008045235386320071,0.007505889492130935,333,593.631500098224,37.800000000000004,6.300000000000001,0.0045166015625,1.7309291362762451,0.004103482853335505,-0.02302032026840107,13.3486909866333
6758400,919.5400932199991,0.13341158043024093,0.55010986328125,,,,,,,,0.0028076171875,1.7116098403930664,0.0035337011633118642,-0.0222379697292323,11.355319023132324
6766592,920.8634315580057,0.13110120709660997,0.5471557974815369,,,,,,,,0.0045166015625,1.730725884437561,0.0032316320915526386,-0.013951320572038461,13.071121215820312
6774784,922.2174042460028,0.12935088633428063,0.532824695110321,,,,,,,,0.0042724609375,1.755203127861023,0.003307794586384083,-0.02151762939695927,16.005884170532227
6782976,923.4959287590027,0.10632516810019046,0.5218505859375,,,,,,,,0.0028076171875,1.6891984939575195,0.004222888847072781,-0.021165877600293932,17.52044677734375
6791168,925.0788247430028,0.16508523079116053,0.6016601920127869,,,,,,,,0.0028076171875,1.6950230598449707,0.0030652668756626644,-0.01617558450136154,12.734317779541016
6799360,927.0491926680043,0.12119806543010225,0.5610595941543579,,,,,,,,0.00390625,1.609056830406189,0.0032079111717974174,-0.02322455102352211,14.43769359588623
6807552,928.3597946560039,0.19312705604020108,0.621899425983429,,,,,,,,0.0028076171875,1.6733710765838623,0.00305439097189919,-0.007208113490811095,8.669692039489746
6815744,929.6941061239995,0.1911351717568893,0.5777954459190369,0.13169419773033098,0.131399281779213,0.09879424316264274,49,10.411871142300257,6.9,6.15,0.0035400390625,1.7308059930801392,0.003370146663895457,-0.012756739976023841,10.96729564666748
6823936,932.3403024290019,0.1325892804864725,0.541735827922821,,,,,,,,0.00390625,1.686478614807129,0.003443970236970184,-0.02113759989892748,16.01801872253418
6832128,933.7144485489989,0.1372065622169853,0.5782715082168579,,,,,,,,0.0025634765625,1.6924151182174683,0.003674443610447886,-0.021200149191222536,9.973372459411621
6840320,935.1269033490025,0.11309164789231595,0.5064697265625,,,,,,,,0.0040283203125,1.7309461832046509,0.003825600498137849,-0.022843613229875753,15.83731746673584
6848512,937.0703860400026,0.12156598293414692,0.5254883170127869,,,,,,,,0.0030517578125,1.6722301244735718,0.004093122628116452,-0.026748882164249158,17.7752742767334
6856704,938.4143077640038,0.13771171400182694,0.5878662467002869,,,,,,,,0.0037841796875,1.7135144472122192,0.003903365083512411,-0.015479188105113097,13.936761856079102
6864896,939.749562943005,0.10595854131395221,0.5107055902481079,,,,,,,,0.00439453125,1.6880227327346802,0.004267317547329785,-0.02131108871398031,20.114360809326172
6873088,941.0885252310036,0.16812235269049836,0.6022583246231079,,,,,,,,0.0035400390625,1.7488261461257935,0.003693179549361325,-0.014691773667626246,11.590696334838867
6881280,942.4571267610008,0.19369013310618455,0.601550281047821,0.009425736714795296,0.008605638450729924,0.0070866351537423045,333,585.0327990070036,34.95,6.45,0.0035400390625,1.7884458303451538,0.0036129505320231514,-0.005741851755342708,10.444972038269043
6889472,944.1684934470031,0.13642111046654515,0.5807129144668579,,,,,,,,0.0040283203125,1.7351351976394653,0.003671301784928027,-0.01772899366372322,10.75222110748291
6897664,945.5376260410048,0.14470934763532456,0.5928711295127869,,,,,,,,0.00244140625,1.7791789770126343,0.003096856583896246,-0.019849173910426027,8.991876602172852
6905856,946.918183187001,0.10378818970399527,0.5136352777481079,,,,,,,,0.00390625,1.702162504196167,0.0029837065681300734,-0.025520695269601403,15.749588012695312
6914048,948.2640017160011,0.14786706855789564,0.567761242389679,,,,,,,,0.0028076171875,1.6635241508483887,0.0032494255114654536,-0.015284356354547543,14.908658027648926
6922240,949.5593345849993,0.1430150949547561,0.5854126214981079,,,,,,,,0.0035400390625,1.6817429065704346,0.0034394511254238758,-0.0154316573281676,10.323939323425293
6930432,950.8106018649996,0.1210326688444276,0.568286120891571,,,,,,,,0.0042724609375,1.6076081991195679,0.0030602296451325284,-0.024314949217316997,11.200139045715332
6938624,952.7253324940029,0.2697978446270735,0.6200195550918579,,,,,,,,0.0023193359375,1.7693763971328735,0.0029005816104425985,-0.0019780264166717717,9.213119506835938
6946816,954.0793836119992,0.10379630458793668,0.539721667766571,0.017793715179929892,0.018021227587564415,0.013391198201920584,333,528.9507412437869,47.7,49.35,0.003662109375,1.7084492444992065,0.003545088042672173,-0.023469471499860967,11.17057991027832
6955008,955.6728791240021,0.08919696955172199,0.4973388612270355,,,,,,,,0.00341796875,1.6772371530532837,0.00360662087835939,-0.029471111519536127,17.058080673217773
6963200,956.9386105970043,0.15623936624007162,0.6029052734375,,,,,,,,0.0025634765625,1.7336878776550293,0.0036574433042453336,-0.020208915180069207,8.659631729125977
6971392,959.0159583490022,0.11312227867476743,0.547106921672821,,,,,,,,0.004150390625,1.643038272857666,0.003996126109725551,-0.022259129605894153,13.17822265625
6979584,960.3197055380006,0.1428129807291461,0.5826416015625,,,,,,,,0.0029296875,1.7288718223571777,0.003643022572086707,-0.016014332772693176,9.787692070007324
6987776,961.7740227180038,0.19992086458929226,0.6157593131065369,,,,,,,,0.0030517578125,1.751381278038025,0.0037473387324515883,-0.006436784944236707,7.851454257965088
6995968,963.8074578610031,0.15371321258222725,0.577709972858429,,,,,,,,0.0042724609375,1.7132246494293213,0.0035601234495316048,-0.01191277040015014,12.546201705932617
7004160,966.0850451260048,0.11769714219731103,0.54412841796875,,,,,,,,0.002685546875,1.77157723903656,0.003017802551172455,-0.023147692988931275,11.219537734985352
7012352,968.3659206230004,0.130943518502824,0.5186767578125,0.009064057426051986,0.006798043069539017,0.006798043069539017,333,606.2734914862722,49.95,30.900000000000002,0.0040283203125,1.7664227485656738,0.002522976532830845,-0.023547059328595406,15.758028984069824
7020544,970.8485192320004,0.3262318415002536,0.654101550579071,,,,,,,,0.003173828125,1.7262728214263916,0.002106856297965476,0.01759308780274524,9.342116355895996
7028736,973.4136533220008,0.12442725815383882,0.577221691608429,,,,,,,,0.0029296875,1.7620497941970825,0.00274278272205275,-0.024776035780192232,7.699056148529053
7036928,975.4521409990048,0.12110804178704315,0.5350586175918579,,,,,,,,0.004150390625,1.694900631904602,0.0025565952433512784,-0.019770814525142063,12.622504234313965
7045120,978.013112228,0.1305224068498434,0.558605968952179,,,,,,,,0.0025634765625,1.730663537979126,0.002839809565915785,-0.023580640359487186,11.354948997497559
7053312,979.5311833950036,0.10253739733684208,0.5351196527481079,,,,,,,,0.003173828125,1.742040753364563,0.0033086314055209565,-0.02354969596384871,13.352667808532715
7061504,980.994460959002,0.13506077092267504,0.5707153677940369,,,,,,,,0.00390625,1.6745182275772095,0.003205689103507048,-0.025813187234780367,9.5446195602417
7069696,982.4664452710058,0.12800392354540843,0.5510620474815369,,,,,,,,0.002685546875,1.7783455848693848,0.004196888879990368,-0.019356347769829554,10.598225593566895
7077888,983.8695592820004,0.15824153572568134,0.6044678092002869,0.00659281641231213,0.007142028678668089,0.005004184302661918,333,619.0257034254935,31.05,34.35,0.00390625,1.6856963634490967,0.003983422431105388,-0.014316047668912025,7.968428134918213
7086080,985.5428951470021,0.12531270425218918,0.55859375,,,,,,,,0.0032958984375,1.7764692306518555,0.0036374612592495748,-0.017419171739518693,11.37584400177002
7094272,986.5950047750011,0.08970782146556283,0.49049073457717896,,,,,,,,0.0030517578125,1.7584028244018555,0.0032457962569016896,-0.025993106652652472,16.221435546875
7102464,987.632290641006,0.09324426191191075,0.50604248046875,,,,,,,,0.0042724609375,1.6193820238113403,0.0036257919363205104,-0.023274744807946102,19.052518844604492
7110656,988.6135257920032,0.1732518109437761,0.6251465082168579,,,,,,,,0.00244140625,1.6652034521102905,0.004429487825458489,-0.017858659872967444,7.3400774002075195
7118848,989.6015359410012,0.1527279520374763,0.577038586139679,,,,,,,,0.0035400390625,1.7201182842254639,0.004446547849062399,-0.01702915337653755,12.076224327087402
7127040,990.5559348870011,0.09586484648821914,0.5231689810752869,,,,,,,,0.00439453125,1.733970284461975,0.004608082879308473,-0.027595881872131214,13.0057954788208
7135232,991.5374613130043,0.1573880379329379,0.6007446646690369,,,,,,,,0.0029296875,1.7816556692123413,0.003852741709224561,-0.019920226234982786,8.688811302185059
7143424,992.5350835640056,0.15355427053405912,0.574475109577179,0.012728482357774795,0.009696017393567402,0.009546361768331124,333,550.986491986554,47.400000000000006,5.4,0.0040283203125,1.7193466424942017,0.0039618024707805954,-0.016923312300014075,10.608561515808105
7151616,993.7556228510002,0.12604723278983584,0.496337890625,,,,,,,,0.00341796875,1.6828489303588867,0.003514334750049586,-0.021613960788707448,19.958934783935547
7159808,994.7744333980008,0.14866104257400678,0.55316162109375,,,,,,,,0.0029296875,1.6930071115493774,0.0032593390875108597,-0.012143513703711077,15.225128173828125
7168000,996.2281670130033,0.105792840718547,0.53875732421875,,,,,,,,0.004150390625,1.6534812450408936,0.0034528245534959368,-0.019114516999705712,15.88791561126709
7176192,997.9545282050021,0.10313877182330729,0.535082995891571,,,,,,,,0.002685546875,1.7146072387695312,0.0055842185036687475,-0.02360957143554175,15.500250816345215
7184384,999.5480372210004,0.1656783667322267,0.6005493402481079,,,,,,,,0.0037841796875,1.7201744318008423,0.00345607543050952,-0.01411109434645232,12.433398246765137
7192576,1001.0860344720058,0.13783631241050479,0.561816394329071,,,,,,,,0.0037841796875,1.6881414651870728,0.003374899522683217,-0.0078001438196030354,16.040578842163086
7200768,1002.7385963769993,0.25096813153188985,0.6214233636856079,,,,,,,,0.0029296875,1.7682490348815918,0.0035993090870997113,-0.00908106803799191,8.120306968688965
7208960,1004.3519890360039,0.17079768167286397,0.6151977777481079,0.010356975432663229,0.00852213157416759,0.007767731574497394,333,581.1022872311685,17.7,6.300000000000001,0.004150390625,1.6726727485656738,0.003901580333129373,-0.010343405095945259,8.406225204467773
7217152,1006.347451253001,0.1572219095205589,0.5920654535293579,,,,,,,,0.0029296875,1.7660317420959473,0.0038297533216651303,-0.014588975620061046,8.603187561035156
7225344,1007.8670533570039,0.13216000779856976,0.5709472894668579,,,,,,,,0.00341796875,1.7840710878372192,0.0035728647261040747,-0.017248890883819576,10.528182029724121
7233536,1009.3127279309992,0.13556826113630038,0.580700695514679,,,,,,,,0.003173828125,1.7098256349563599,0.0042918535016029935,-0.020040107474040496,8.307852745056152
7241728,1011.7032394810012,0.10560607484582635,0.525073230266571,,,,,,,,0.0030517578125,1.8288166522979736,0.0045396524200154165,-0.02377288614411555,11.72902774810791
7249920,1014.9016921780058,0.2112737687342123,0.5865845084190369,,,,,,,,0.0037841796875,1.7271300554275513,0.004876392021110121,-0.016138033334995014,9.877415657043457
7258112,1016.4996521560024,0.13702595836561568,0.5631103515625,,,,,,,,0.003173828125,1.734865427017212,0.003874469227940436,-0.020181751173160567,9.921122550964355
7266304,1018.195449068,0.13989670228941026,0.56756591796875,,,,,,,,0.0030517578125,1.7318921089172363,0.0040600424339374275,-0.023830709730064188,10.071162223815918
7274496,1019.861639005001,0.10512051575903958,0.525378406047821,0.010408378948441599,0.008426788345761715,0.007806284211331227,333,584.0703069963592,31.5,6.45,0.004150390625,1.6600778102874756,0.0035517932038093836,-0.018192969752924473,15.763458251953125
7282688,1021.8146660030034,0.10671367844894686,0.5372558832168579,,,,,,,,0.00244140625,1.762508511543274,0.003265922508258523,-0.027188926501957613,14.841158866882324
7290880,1023.3286935990036,0.21788730528425823,0.631701648235321,,,,,,,,0.0032958984375,1.7539429664611816,0.002826254251868443,0.002047301197403078,6.6884684562683105
7299072,1024.8563737240038,0.2153919055473238,0.6169800162315369,,,,,,,,0.0029296875,1.716859221458435,0.0024715208869598992,-0.005996163951034644,7.996606349945068
7307264,1026.3593504450037,0.15625301191253094,0.605712890625,,,,,,,,0.003173828125,1.8190398216247559,0.0027266475376268584,-0.016542529219948057,6.092159748077393
7315456,1028.0804984730057,0.23919291432447942,0.557727038860321,,,,,,,,0.0048828125,1.816540241241455,0.0036779467825476253,-0.006011238065068309,9.718000411987305
7323648,1029.7622677300023,0.12288406631212315,0.4715820252895355,,,,,,,,0.00439453125,1.9289915561676025,0.004057363109031931,-0.022467253490521255,21.910974502563477
7331840,1031.2725654310052,0.10247640958143507,0.507006824016571,,,,,,,,0.0037841796875,1.758853793144226,0.003963716860703292,-0.02675549150311614,14.165081977844238
7340032,1032.7816374890026,0.12368302911508343,0.50079345703125,0.006875844093443995,0.00638749544633177,0.005156883070082996,333,618.571656897303,44.1,6.0,0.004150390625,1.7711596488952637,0.0041360956658326176,-0.016424620246266692,22.76493263244629
7348224,1034.7869785790026,0.12276576255169463,0.566723644733429,,,,,,,,0.00341796875,1.6820881366729736,0.004291506176839599,-0.0184098955116642,11.7594575881958
7356416,1036.2636338670054,0.1533481405569548,0.5704101920127869,,,,,,,,0.00439453125,1.7509052753448486,0.0029708277358948543,-0.013709981057811488,14.038479804992676
7364608,1037.778570553004,0.11214095906593156,0.5133911371231079,,,,,,,,0.0042724609375,1.826210856437683,0.00304494843708758,-0.017200090481139463,18.988279342651367
7372800,1039.283272655004,0.1486725374067755,0.5834717154502869,,,,,,,,0.0030517578125,1.72163724899292,0.0037879471254140817,-0.019084536254486046,12.434660911560059
7380992,1040.8331100979995,0.10211312220684654,0.49409180879592896,,,,,,,,0.004150390625,1.790427327156067,0.003855288094064324,-0.021720448264270296,24.76799964904785
7389184,1042.357902620999,0.10502740193852395,0.533093273639679,,,,,,,,0.004638671875,1.7432363033294678,0.0038392344567048653,-0.01878773099951931,17.921884536743164
7397376,1043.848680038005,0.19826255532530995,0.559460461139679,,,,,,,,0.0029296875,1.7400470972061157,0.003515455349436536,-0.0016497139722789372,20.199071884155273
7405568,1045.3676984870035,0.17414118876900841,0.615002453327179,0.0120140974208649,0.009890543501333005,0.009010573065648675,333,576.9199812075021,48.900000000000006,6.15,0.0032958984375,1.7243021726608276,0.003718385621468645,-0.013952704349487139,12.64115047454834
7413760,1047.3181819730016,0.11757176798439627,0.553698718547821,,,,,,,,0.00439453125,1.7732195854187012,0.003526279635684526,-0.02029314200915231,16.24045753479004
7421952,1048.8138281749998,0.13302622015468293,0.571972668170929,,,,,,,,0.0029296875,1.761750340461731,0.004022472039283631,-0.0196346122951679,14.971185684204102
7430144,1050.298635033003,0.17949037181459146,0.587231457233429,,,,,,,,0.0042724609375,1.7430630922317505,0.004129233416109046,-0.005093735780679346,16.955602645874023
7438336,1051.8223491099998,0.12605431532455744,0.5536255240440369,,,,,,,,0.0029296875,1.6717820167541504,0.0036283180345600963,-0.021526679778959088,14.962945938110352
7446528,1053.3436299720051,0.11668503368292038,0.5074707269668579,,,,,,,,0.003662109375,1.7418123483657837,0.00370388415416556,-0.019098267003635257,25.699560165405273
7454720,1054.9122068460056,0.127936257394872,0.5777832269668579,,,,,,,,0.0045166015625,1.7336214780807495,0.003630979404611434,-0.017875879041230187,18.261747360229492
7462912,1056.4475933620051,0.18129537317144462,0.6349121332168579,,,,,,,,0.0025634765625,1.7040318250656128,0.00357765962337131,-0.013945440734719884,9.03460693359375
7471104,1057.9658401600027,0.1471543274465674,0.577746570110321,0.005989210301150294,0.006234371562670704,0.0044919077258627205,333,641.6317152171969,47.25,11.100000000000001,0.003173828125,1.7819548845291138,0.003446180227672624,-0.01490821021505731,11.164031028747559
7479296,1059.942247415005,0.12255760913458223,0.5512329339981079,,,,,,,,0.004150390625,1.627260684967041,0.00351276315880511,-0.024206141967609143,13.989547729492188
7487488,1061.4153374050002,0.1428107150722301,0.5902343988418579,,,,,,,,0.002685546875,1.7515654563903809,0.003609154972902595,-0.022847952443275595,10.256906509399414
7495680,1063.000227649005,0.13176989915646048,0.5654053092002869,,,,,,,,0.00341796875,1.6750538349151611,0.0038441342901696096,-0.014253652179682922,12.947115898132324
7503872,1064.5522960160015,0.17900176302184662,0.6285034418106079,,,,,,,,0.003662109375,1.7464083433151245,0.0033580897887030003,-0.010317430501625225,8.539718627929688
7512064,1066.063892557002,0.13024518736583807,0.558581531047821,,,,,,,,0.0029296875,1.8202111721038818,0.002728904808691146,-0.02047416780301226,11.807061195373535
7520256,1067.6024452390047,0.09132823513909519,0.5113891959190369,,,,,,,,0.0042724609375,1.7559351921081543,0.0038215008275735984,-0.028610682421877177,15.093864440917969
7528448,1069.1166120220005,0.16980407150838295,0.5747436881065369,,,,,,,,0.0030517578125,1.8399465084075928,0.0033669388374719667,-0.011076676594569346,11.992609977722168
7536640,1070.6352065160027,0.17767893097171422,0.5558105707168579,0.005521690568233928,0.005647062183132823,0.004141267926175418,333,642.2394447094562,42.900000000000006,6.300000000000001,0.004150390625,1.763403296470642,0.0031800201819947027,-0.01984266504058545,12.500053405761719
7544832,1072.6455199400007,0.1056628127285177,0.531237781047821,,,,,,,,0.0037841796875,1.7619376182556152,0.00301845713719584,-0.022649487142801294,14.651657104492188
7553024,1074.132469008,0.2389088004569873,0.590222179889679,,,,,,,,0.00244140625,1.8225830793380737,0.003374164325753548,0.000598567327086539,11.235003471374512
7561216,1075.6946449440002,0.11876680318274282,0.55963134765625,,,,,,,,0.00390625,1.7144980430603027,0.004147440271026759,-0.016765221747358762,13.319345474243164
7569408,1077.2446728520008,0.09678488333792801,0.5208496451377869,,,,,,,,0.003662109375,1.7715842723846436,0.003787599592323776,-0.017328674140737712,16.711702346801758
7577600,1078.8554804230007,0.19325149010448245,0.640148937702179,,,,,,,,0.0030517578125,1.7916680574417114,0.0035116090441746906,-0.012729558405768372,6.79489278793335
7585792,1080.458281637002,0.1408920417285444,0.529675304889679,,,,,,,,0.003662109375,1.7639458179473877,0.0028649688009647623,-0.00362410773884299,17.298242568969727
7593984,1081.976501396006,0.15831284102358822,0.5608764886856079,,,,,,,,0.0028076171875,1.7987418174743652,0.00258686250617135,-0.019054328847033758,11.871803283691406
7602176,1083.5431912960048,0.12778604845176209,0.55718994140625,0.0062171880616347375,0.005809408782822656,0.004662891046226081,333,640.9899771401375,35.550000000000004,6.15,0.0040283203125,1.7345795631408691,0.0033402737236030156,-0.017916143330820485,12.8503999710083
7610368,1085.7902405330024,0.1560086754400737,0.602832019329071,,,,,,,,0.0035400390625,1.776213526725769,0.003183849261384819,-0.016549592737949894,8.45486068725586
7618560,1087.507562317005,0.09840975050565809,0.50445556640625,,,,,,,,0.0028076171875,1.832275390625,0.0030458097365960723,-0.02424889929281685,13.732739448547363
7626752,1089.0761292989991,0.10464155209626616,0.533557116985321,,,,,,,,0.004150390625,1.7412691116333008,0.0032459501921159317,-0.017505086428022194,15.555447578430176
7634944,1090.626504934,0.1671810050140118,0.591259777545929,,,,,,,,0.0032958984375,1.8546066284179688,0.0030035970723674144,-0.008946147830510868,9.221650123596191
7643136,1092.1720336020007,0.14532509984056205,0.47197267413139343,,,,,,,,0.0045166015625,1.8754442930221558,0.0027480629182958793,-0.015159456447738674,20.140790939331055
7651328,1093.7727932600028,0.15359261488157433,0.545825183391571,,,,,,,,0.004150390625,1.8634554147720337,0.002566830486806504,-0.016349492150590225,15.45676326751709
7659520,1095.3281122690023,0.2916645994340585,0.6084961295127869,,,,,,,,0.003173828125,1.8461682796478271,0.002749912472167826,-0.0027919444703485403,8.75200080871582
7667712,1096.936893789003,0.13381069207303173,0.4906249940395355,0.011944763192898056,0.0131629762756732,0.00895857239467357,333,560.0424645917003,22.200000000000003,6.0,0.0059814453125,1.9895299673080444,0.0030790958626114584,-0.014695578616234202,21.090503692626953
7675904,1098.9558601440003,0.1241348970749384,0.48457032442092896,,,,,,,,0.006103515625,1.913959264755249,0.0033090906322296165,-0.015368544924326783,23.669645309448242
7684096,1100.5941930640038,0.11097280469248277,0.530712902545929,,,,,,,,0.003173828125,1.838848352432251,0.003651271039625259,-0.012098016970068284,23.300701141357422
7692288,1102.1933484680048,0.14650297209168162,0.5575317740440369,,,,,,,,0.0072021484375,1.9139872789382935,0.003728804464453339,-0.005241187073335084,21.13800621032715
7700480,1103.7464996220006,0.13294398427059245,0.5843505859375,,,,,,,,0.0045166015625,1.8433758020401,0.003767775060156575,-0.017658503269672183,15.148625373840332
7708672,1105.2671380590036,0.12105283639368758,0.5428223013877869,,,,,,,,0.0042724609375,1.916951298713684,0.0036367606608036507,-0.016023955331350755,15.632791519165039
7716864,1106.7813076520033,0.24671985686683132,0.583874523639679,,,,,,,,0.0057373046875,1.865906834602356,0.0037300907177141296,-0.0007754531707870251,15.865511894226074
7725056,1108.3242138900023,0.1336299184479717,0.54119873046875,,,,,,,,0.0047607421875,1.9196075201034546,0.004408961122242205,-0.00849632079540626,15.579989433288574
7733248,1109.824115497002,0.18311209329537637,0.606311023235321,0.007448735989052491,0.006060902201461493,0.005586551991789368,333,610.7706342442106,24.75,7.5,0.004150390625,1.788460612297058,0.004028640145109064,0.0005470369777316631,12.204619407653809
7741440,1111.7598010810034,0.13911116135096066,0.552734375,,,,,,,,0.004638671875,1.815955400466919,0.0023327328955931037,-0.014296826927396023,15.834390640258789
7749632,1113.2859990540019,0.17828408044822927,0.6071411371231079,,,,,,,,0.0032958984375,1.8963232040405273,0.002143249013784043,-0.00852666038640752,8.806368827819824
7757824,1114.8390365920059,0.15807653096165367,0.555310070514679,,,,,,,,0.0042724609375,1.8365859985351562,0.002080237296673837,-0.005989353406427234,14.489630699157715
7766016,1116.3973718580019,0.1137320737644413,0.5465942621231079,,,,,,,,0.0037841796875,1.8176383972167969,0.0025862570670891483,-0.0234326984578814,10.834832191467285
7774208,1117.922947787003,0.15401749009367394,0.576831042766571,,,,,,,,0.0030517578125,1.7884900569915771,0.003514833807745088,-0.019558785026309665,8.703837394714355
7782400,1119.7841916690013,0.1021824679551032,0.49632570147514343,,,,,,,,0.0045166015625,1.7653446197509766,0.0033883558538874148,-0.017487121278187332,18.747411727905273
7790592,1121.6428267250012,0.21034504855796296,0.537976086139679,,,,,,,,0.003662109375,1.7467747926712036,0.002880131302961053,-0.009465427072964517,14.573168754577637
7798784,1123.5770438399995,0.12135703212862457,0.558459460735321,0.009274696425342732,0.008070771746649386,0.006956022319007049,333,597.0881075237852,20.400000000000002,5.4,0.003662109375,1.791190505027771,0.00251550196710959,-0.01588098276395517,15.853339195251465
7806976,1126.2778151060047,0.18427339225338457,0.589978039264679,,,,,,,,0.00439453125,1.871726155281067,0.0024780942022282204,-0.012219430325697759,11.737855911254883
7815168,1128.0608426580002,0.11326240007312123,0.500683605670929,,,,,,,,0.0037841796875,1.8146657943725586,0.0028903500293542272,-0.017229350454661226,21.690765380859375
7823360,1129.9045081660006,0.12531398880408,0.566088855266571,,,,,,,,0.004638671875,1.8229047060012817,0.003281297274864592,-0.02206570802580887,12.524896621704102
7831552,1132.3990385819998,0.14520868867974093,0.559216320514679,,,,,,,,0.004150390625,1.7994356155395508,0.003364972348119055,-0.01473230458340835,14.611533164978027
7839744,1134.169619365006,0.1888704038104435,0.578662097454071,,,,,,,,0.0035400390625,1.8209446668624878,0.003440795641587835,-0.009559020910211286,12.509581565856934
7847936,1136.790556965003,0.0823920363771805,0.47612306475639343,,,,,,,,0.0047607421875,1.7801694869995117,0.003449170424254744,-0.02420868217930197,25.347026824951172
7856128,1138.6335260060005,0.1226995369681746,0.55926513671875,,,,,,,,0.00390625,1.7491018772125244,0.0033680259499769827,-0.017865827608274504,16.962491989135742
7864320,1141.1690163660023,0.15465235985103828,0.5953369140625,0.00804483726748284,0.006542161732609242,0.00603362795061213,333,604.1754454997579,37.65,21.6,0.00390625,1.8062891960144043,0.003667181340960557,-0.011443261865885873,11.825098991394043
7872512,1143.6776980680006,0.1572039941572881,0.6039795279502869,,,,,,,,0.003173828125,1.7348884344100952,0.0032921710317662667,-0.016234941799560948,9.431527137756348
7880704,1146.1899994080013,0.1201513371007234,0.554370105266571,,,,,,,,0.0029296875,1.8276726007461548,0.0034875552833205647,-0.02030738111197465,12.982345581054688
7888896,1148.0322523280047,0.15847516798843786,0.592578113079071,,,,,,,,0.0050048828125,1.8335744142532349,0.0032656215356154927,-0.006962217784334417,10.350069999694824
7897088,1149.840645835,0.14799146979554328,0.5152344107627869,,,,,,,,0.00439453125,1.9196587800979614,0.0030587466343036107,-0.012523696525046507,17.522390365600586
7905280,1151.3644060299994,0.1292643066174127,0.567700207233429,,,,,,,,0.003173828125,1.83138906955719,0.0028080511968209265,-0.021045185501133597,9.447115898132324
7913472,1152.8835955600007,0.08788332875536825,0.4979614317417145,,,,,,,,0.003662109375,1.7347607612609863,0.0020501285450522655,-0.025601129761827903,21.658390045166016
7921664,1154.5736892040004,0.10131828359216555,0.514758288860321,,,,,,,,0.004150390625,1.771889328956604,0.0023326230267908254,-0.020332091597212252,18.9700927734375
7929856,1156.294415245,0.1796135888576572,0.608154296875,0.0073999601603289555,0.00866237401189296,0.005549970120246717,333,615.3938942239079,47.25,6.15,0.003173828125,1.7592699527740479,0.0031256760585554044,-0.014223553156712507,10.213790893554688
7938048,1158.5621286400055,0.12718075991846792,0.5017944574356079,,,,,,,,0.0035400390625,1.7461189031600952,0.0028858428207794162,-0.01703315753518756,22.42549705505371
7946240,1160.0991590010017,0.10697139519481653,0.52301025390625,,,,,,,,0.004150390625,1.7224229574203491,0.0031383927298622716,-0.024265234465731044,23.333051681518555
7954432,1161.6468629250012,0.1238591144775843,0.550854504108429,,,,,,,,0.0050048828125,1.7567442655563354,0.003223636791222284,-0.013781643245733206,18.608705520629883
7962624,1163.1536071590017,0.15345636927015197,0.6005493402481079,,,,,,,,0.0030517578125,1.718874454498291,0.003013099641255179,-0.014922868043302307,10.052218437194824
7970816,1164.6646119540019,0.15312214155351309,0.599536120891571,,,,,,,,0.003662109375,1.8873858451843262,0.002211876868184026,-0.01647499191125495,8.541360855102539
7979008,1166.2053924800057,0.13433008220382484,0.5005249381065369,,,,,,,,0.0042724609375,1.8801543712615967,0.002062541877343449,-0.021678307363476403,18.157470703125
7987200,1167.7529109810057,0.12314020972632181,0.5564331412315369,,,,,,,,0.0032958984375,1.8182958364486694,0.0021709936665317286,-0.02192856025952469,12.55846881866455
7995392,1169.313694217999,0.11309024192788171,0.546887218952179,0.0037055112181392236,0.005863875710879762,0.0033884374345690693,333,642.8794965984312,38.85,nan,0.00390625,1.8140422105789185,0.0018860247768072158,-0.01849055327812446,14.36235523223877
8003584,1171.7090223039995,0.12081512018544585,0.55364990234375,,,,,,,,0.00341796875,1.7969852685928345,0.0020244841930552315,-0.014628243110888065,15.284523010253906
8011776,1173.426059202,0.11806863814393012,0.557971179485321,,,,,,,,0.0030517578125,1.9074115753173828,0.0023669594793457316,-0.021227933518260123,11.674643516540527
8019968,1174.9673761540034,0.15704731513764694,0.547961413860321,,,,,,,,0.004150390625,1.8175078630447388,0.0026755236117603776,-0.013889910860169875,14.150189399719238
8028160,1176.4975726060002,0.13450215576478955,0.5702759027481079,,,,,,,,0.0035400390625,1.7930904626846313,0.002968984103604022,-0.024782974926679496,11.184969902038574
8036352,1178.0849836609996,0.16612837283935614,0.598742663860321,,,,,,,,0.0030517578125,1.833657145500183,0.002883769786253265,-0.015511453674690763,8.717428207397461
8044544,1179.620291088002,0.1363513921084296,0.5894775390625,,,,,,,,0.003662109375,1.811219573020935,0.0029448664747593334,-0.014828832207816998,10.198359489440918
8052736,1181.4551113600028,0.10814683402501353,0.526745617389679,,,,,,,,0.003173828125,1.8604289293289185,0.0031479952187258853,-0.02095357278348648,14.761430740356445
8060928,1183.1931992630052,0.14421397714930598,0.5859741568565369,0.006389398009229108,0.006798350115246654,0.005130706976257948,333,617.0367688439593,47.400000000000006,nan,0.0040283203125,1.8709816932678223,0.002405175339590615,-0.021758135342524146,8.630997657775879
8069120,1185.2589891180032,0.1474888616430137,0.5920044183731079,,,,,,,,0.0032958984375,1.8549407720565796,0.0023072204991969603,-0.014386878409694532,6.609565258026123
8077312,1186.7230500850055,0.11059386933697879,0.538745105266571,,,,,,,,0.0028076171875,1.8785675764083862,0.003074846127695041,-0.0261742084663404,8.354390144348145
8085504,1188.2663678130048,0.13500279525079315,0.5008789300918579,,,,,,,,0.0048828125,1.8880258798599243,0.0021079388223985696,-0.016943205990193888,15.5160551071167
8093696,1189.7838674640007,0.08416661473587064,0.47685548663139343,,,,,,,,0.0030517578125,1.7653443813323975,0.002170074991371229,-0.019310100535732757,18.064912796020508
8101888,1191.5827581740014,0.12426063009057518,0.534533679485321,,,,,,,,0.0030517578125,1.7753667831420898,0.003229868806656322,-0.022423619104833505,16.774307250976562
8110080,1193.2470164949991,0.11696249563354083,0.542834460735321,,,,,,,,0.004150390625,1.7346080541610718,0.0028704767571766654,-0.015077149685410535,15.39013957977295
8118272,1194.798618632005,0.13570206385023323,0.570080578327179,,,,,,,,0.0029296875,1.787414312362671,0.0031873425406240274,-0.02185676639439977,12.639535903930664
8126464,1196.3379191679996,0.14088712949730572,0.5777221918106079,0.008500174297931373,0.008037218530892787,0.00637513072344853,333,605.0292922216137,36.15,6.300000000000001,0.0045166015625,1.8193150758743286,0.0032780357077460964,-0.011654484720678952,10.142818450927734
8134656,1198.3720745579994,0.11414891064470559,0.537121593952179,,,,,,,,0.0037841796875,1.722931146621704,0.0033648597588180618,-0.0199492329128977,15.6346435546875
8142848,1200.0779184950006,0.10118677017432127,0.5137573480606079,,,,,,,,0.0032958984375,1.7940878868103027,0.003950239067772365,-0.027356068889685465,13.642953872680664
8151040,1201.6234504060048,0.10569739178512108,0.512158215045929,,,,,,,,0.0040283203125,1.6209543943405151,0.004235001049689213,-0.018332575221470273,20.194814682006836
8159232,1203.2508052280027,0.15052553025319526,0.5932373404502869,,,,,,,,0.003662109375,1.8170193433761597,0.003525759330388678,-0.012377632462782793,10.749545097351074
8167424,1204.7653039590004,0.2034820014477127,0.605908215045929,,,,,,,,0.0045166015625,1.8956358432769775,0.003321864146356046,-0.007748625693583562,10.12705135345459
8175616,1206.3122512769987,0.14203808123357248,0.5433349609375,,,,,,,,0.004150390625,1.844718098640442,0.0034109132275926823,-0.013005018522896417,14.002673149108887
8183808,1207.8452997290005,0.17514294801157204,0.5910888910293579,,,,,,,,0.0032958984375,1.8422021865844727,0.004108297033220243,-0.008784458736615782,9.844744682312012
8192000,1209.3461618500005,0.1323086530006138,0.57080078125,0.006518830664827724,0.005880014192932048,0.004889122998620765,333,626.3369498639546,44.85,6.300000000000001,0.0048828125,1.825985074043274,0.0034920312003278164,-0.01686472374366411,10.705775260925293
8200192,1211.3452453339996,0.10563575042080942,0.48902589082717896,,,,,,,,0.003173828125,1.7631064653396606,0.0029684624692500883,-0.025110023843158316,16.322561264038086
8208384,1212.931421150999,0.14725826300101627,0.589672863483429,,,,,,,,0.0030517578125,1.8259165287017822,0.0031582320565880506,-0.020986948732852846,10.1045560836792
8216576,1214.9353079819994,0.09552031281730189,0.48688966035842896,,,,,,,,0.0045166015625,1.753145694732666,0.0024094877928227953,-0.019158787602056054,19.71673583984375
8224768,1216.8717012460038,0.09791753720231158,0.5359741449356079,,,,,,,,0.00341796875,1.7926082611083984,0.002278952644104937,-0.027270054082470286,13.833102226257324
8232960,1218.5309523370015,0.21902008556054856,0.635791003704071,,,,,,,,0.0035400390625,1.7668125629425049,0.0036688994333496927,-0.006115125877338819,7.808230876922607
8241152,1220.305358055004,0.08724383265910478,0.48524171113967896,,,,,,,,0.00390625,1.8134273290634155,0.003851340509356538,-0.026570635495595893,15.439203262329102
8249344,1221.9601056600004,0.12196801294470244,0.5458008050918579,,,,,,,,0.0025634765625,1.7569082975387573,0.0037033650634521464,-0.01949673171882507,13.739531517028809
8257536,1223.4756177060044,0.16027803162872245,0.5513916015625,0.006805930305836205,0.006005698665438763,0.005104447729377126,333,627.7672306824894,22.950000000000003,7.5,0.0052490234375,1.7915639877319336,0.0034413147786125364,-0.00028493486095257543,17.633663177490234
8265728,1225.4986151180055,0.11009419860291361,0.5392090082168579,,,,,,,,0.003173828125,1.7385387420654297,0.0030328618603070456,-0.023009172184998584,15.402931213378906
8273920,1227.0056849710018,0.11099529701459217,0.5380493402481079,,,,,,,,0.0029296875,1.8277138471603394,0.0027951134730962446,-0.02555867974583531,15.272427558898926
8282112,1228.5591489409999,0.11941152012502881,0.5593506097793579,,,,,,,,0.0040283203125,1.7276272773742676,0.002713783392791491,-0.018269643587719448,14.00916576385498
8290304,1230.1054171630021,0.12655114336349405,0.566357433795929,,,,,,,,0.0029296875,1.7829079627990723,0.003245925189564458,-0.026197078473257963,11.19176959991455
8298496,1231.7846077960057,0.19200691177932466,0.5627197623252869,,,,,,,,0.004150390625,1.8446649312973022,0.0030467335378001614,-0.018038018258170804,11.598100662231445
8306688,1233.3964564240014,0.1308674792922353,0.565673828125,,,,,,,,0.0040283203125,1.748738169670105,0.0026370998161744374,-0.01934891179217083,12.035931587219238
8314880,1234.9258901360008,0.1275633504580072,0.558178722858429,,,,,,,,0.0023193359375,1.7826640605926514,0.0028826724396795456,-0.022629521646003143,13.1325044631958
8323072,1236.4425428410032,0.15237511695181438,0.5680786371231079,0.003551334611392898,0.0034506233669584496,0.002663500958544729,333,682.208080026525,45.45,8.55,0.0042724609375,1.7738308906555176,0.0024769617627403706,-0.01502561164692373,11.84252643585205
8331264,1238.4271345830057,0.1144600653670283,0.45372316241264343,,,,,,,,0.003662109375,1.8263236284255981,0.002483685288995452,-0.02287173974249762,30.398513793945312
8339456,1239.9373854040023,0.10618774516270012,0.532641589641571,,,,,,,,0.0028076171875,1.8080272674560547,0.00274681645071706,-0.02899217261906662,14.033408164978027
8347648,1241.4679023200006,0.1593847550997879,0.592529296875,,,,,,,,0.003662109375,1.7170089483261108,0.002432761117962201,-0.015722461829121667,12.330729484558105
8355840,1243.0304302180011,0.24330715037693557,0.582568347454071,,,,,,,,0.00341796875,1.7845133543014526,0.002829693928074084,-0.007311861888035551,13.359341621398926
8364032,1244.556610628002,0.1389437956506831,0.581298828125,,,,,,,,0.004150390625,1.8219629526138306,0.0027568262280690536,-0.018223372765296866,10.096758842468262
8372224,1246.0933477520011,0.09891409432380323,0.5221313834190369,,,,,,,,0.0032958984375,1.8079522848129272,0.002907894935641586,-0.02723777296086797,15.557357788085938
8380416,1247.6228226800013,0.1242551719604895,0.571704089641571,,,,,,,,0.002685546875,1.8211464881896973,0.0027218246421800707,-0.024012793527097648,10.671091079711914
8388608,1249.1289140410008,0.10022151294475182,0.516406238079071,0.007147487489999826,0.007522281876235604,0.005360615617499898,333,611.3793574844381,23.1,7.3500000000000005,0.0042724609375,1.7961171865463257,0.002786999188317374,-0.026738610245918185,13.368624687194824
8396800,1251.1568238410036,0.2048524014249387,0.582226574420929,,,,,,,,0.0037841796875,1.8550798892974854,0.0033317264187717743,-0.006263041201421982,11.286799430847168
8404992,1252.6866778520052,0.1628558384991322,0.6053711175918579,,,,,,,,0.0035400390625,1.9197570085525513,0.003395099590042583,-0.015874598261934394,8.5337495803833
8413184,1254.2492399180046,0.11900591801052639,0.532482922077179,,,,,,,,0.00390625,1.7872868776321411,0.00296898637279297,-0.02287207116309227,13.082183837890625
8421376,1255.7724282769996,0.14311294292636326,0.578015148639679,,,,,,,,0.0032958984375,1.8228154182434082,0.002813090000738816,-0.01911889720319998,9.642596244812012
8429568,1257.3065697980055,0.10609530574249729,0.5333008170127869,,,,,,,,0.0030517578125,1.7243586778640747,0.0033346887967418137,-0.027642397890494164,14.775057792663574
8437760,1258.9117539630024,0.12414528911527288,0.565356433391571,,,,,,,,0.003173828125,1.7807774543762207,0.002756760006259684,-0.02212670953938454,10.45940113067627
8445952,1260.4705682470012,0.1075308062049427,0.5228638052940369,,,,,,,,0.0032958984375,1.8386225700378418,0.002867890527795236,-0.0206440865616581,13.32865047454834
8454144,1262.011754486004,0.09727716724421714,0.518811047077179,0.006908298187264905,0.007940718746051623,0.005181223640448707,333,617.5471666826525,19.950000000000003,8.700000000000001,0.0045166015625,1.808318018913269,0.002146823934332631,-0.024695356850808637,15.272562026977539
8462336,1264.1949301740024,0.11518425703103014,0.532336413860321,,,,,,,,0.0029296875,1.803636908531189,0.002031081184756478,-0.01961879565479712,16.066965103149414
8470528,1265.673795366005,0.19733040523873965,0.60516357421875,,,,,,,,0.003662109375,1.896027684211731,0.0021055836745088596,-0.0049738503335538965,10.266615867614746
8478720,1267.1578077790036,0.11781961235059346,0.513427734375,,,,,,,,0.004150390625,1.81975519657135,0.003110766805428433,-0.017982624892895527,17.587005615234375
8486912,1268.6951067230038,0.09238229670848822,0.514636218547821,,,,,,,,0.003173828125,1.7876794338226318,0.003262416641685917,-0.02316067868853155,18.16559410095215
8495104,1270.2275493100024,0.0889025437826415,0.5013427734375,,,,,,,,0.004150390625,1.8545446395874023,0.00218262843739081,-0.025212870182294202,19.35559844970703
8503296,1271.7534870310046,0.1437041515265711,0.58038330078125,,,,,,,,0.00390625,1.8465352058410645,0.0019275228733125482,-0.01828044051307223,12.737013816833496
8511488,1273.2592809109992,0.17401367849175184,0.624218761920929,,,,,,,,0.0029296875,1.8710705041885376,0.0026815925118436335,-0.0105936189019811,8.942486763000488
8519680,1274.8269433390014,0.08397279795371329,0.4842895567417145,0.005777676634501017,0.005140729295476265,0.0043332574758757625,333,640.3095684631976,22.35,7.2,0.004150390625,1.8402128219604492,0.002467038685875389,-0.022180505071414326,20.083467483520508
8527872,1276.801322709005,0.14365690637083137,0.5600830316543579,,,,,,,,0.00341796875,1.8799324035644531,0.0021492654909649467,-0.013128959119481498,14.08061695098877
8536064,1278.2955868920035,0.2001535753247568,0.566113293170929,,,,,,,,0.0042724609375,1.929058313369751,0.0022288990131220654,-0.009812941823082672,13.617466926574707
8544256,1279.7733314889992,0.12969874499615472,0.5423828363418579,,,,,,,,0.0048828125,1.915334701538086,0.003166584436818498,-0.015817504360174872,17.78842544555664
8552448,1281.3122675620034,0.12031049426407406,0.5672241449356079,,,,,,,,0.003662109375,1.9020006656646729,0.0017607274520261562,-0.020124097430864102,12.32911205291748
8560640,1282.8285254520015,0.10264309443352425,0.51507568359375,,,,,,,,0.003662109375,1.8503482341766357,0.0016026075579104182,-0.02656670564709586,15.122769355773926
8568832,1284.330529925006,0.14609374653382012,0.56817626953125,,,,,,,,0.0048828125,1.9378427267074585,0.0015882950286796316,-0.015007007103552676,15.07196044921875
8577024,1285.8240708150042,0.15198105679475457,0.593151867389679,,,,,,,,0.0032958984375,1.8866041898727417,0.0030128376072886542,-0.008998065144827207,10.444221496582031
8585216,1287.3409819869994,0.13766094332896114,0.5754638910293579,0.0051679565236782965,0.005455892616597513,0.00387596739275875,333,652.959160006433,16.05,6.15,0.0040283203125,1.9060559272766113,0.0031485230819598975,-0.014359806661798053,11.771247863769531
8593408,1289.3694284410012,0.130396798876348,0.566906750202179,,,,,,,,0.00341796875,1.792452335357666,0.0030671477330750374,-0.022673666875909,9.525924682617188
8601600,1290.8426355190022,0.1752572326358872,0.593798816204071,,,,,,,,0.0040283203125,1.9588249921798706,0.0033876207812618686,-0.016182608317893633,9.054024696350098
8609792,1292.3895549200024,0.12626317929798372,0.548815906047821,,,,,,,,0.00439453125,1.8926455974578857,0.0033648113494479936,-0.01503689692441245,10.435325622558594
8617984,1293.9807453620015,0.12420926138594997,0.558605968952179,,,,,,,,0.0040283203125,1.9654377698898315,0.002877078370081443,-0.01921127662415764,9.923521995544434
8626176,1295.7834703980043,0.1362750569992664,0.5628418326377869,,,,,,,,0.00390625,1.9155555963516235,0.00277145030232262,-0.015124227117409617,10.422106742858887
8634368,1297.3830707660018,0.08759640639568991,0.45445558428764343,,,,,,,,0.005126953125,1.943845510482788,0.002788055633461739,-0.024837234210443128,17.91779899597168
8642560,1298.9059221700008,0.12963736500690956,0.5677490234375,,,,,,,,0.0037841796875,1.896806240081787,0.0040364559638936814,-0.02240362830816249,9.396982192993164
8650752,1300.4809448400047,0.1721473501074391,0.560302734375,0.005413372260449245,0.006650285501569653,0.004060029195336989,333,645.931632076205,27.150000000000002,6.0,0.0042724609375,1.9180669784545898,0.0030036949855263284,-0.010157986292592567,13.552146911621094
8658944,1302.5485520540024,0.11135511055310415,0.546704113483429,,,,,,,,0.003662109375,1.7583914995193481,0.0027888374099268587,-0.02344057761149221,13.182658195495605
8667136,1304.2117124659999,0.15081378893565925,0.544921875,,,,,,,,0.00390625,1.950677514076233,0.002548572642167679,-0.018396296584020172,10.839208602905273
8675328,1305.8649081949989,0.13717105447041336,0.543322741985321,,,,,,,,0.004638671875,1.848191499710083,0.0030637576199766814,-0.022071197710404347,12.235740661621094
8683520,1307.4128086010023,0.2812289576664339,0.591076672077179,,,,,,,,0.0032958984375,1.8843553066253662,0.0033151646587072925,-0.008627897271087972,10.209548950195312
8691712,1308.9367211920035,0.44161285245114146,0.529797375202179,,,,,,,,0.0079345703125,2.285122871398926,0.0035010967892044054,-0.020444517470815295,10.543839454650879
8699904,1310.4875621000028,0.13066347353326976,0.554577648639679,,,,,,,,0.005859375,1.897321105003357,0.003549334265845805,-0.003819717702259931,13.964082717895508
8708096,1312.0061637950057,0.11127306428233803,0.5457397699356079,,,,,,,,0.003173828125,1.8472309112548828,0.003426342292854212,-0.024773326592512905,11.619211196899414
8716288,1313.5634601260026,0.15978225988914527,0.584704577922821,0.004588939653556778,0.004960708850122675,0.0034417047401675838,333,663.6375505555493,45.6,6.300000000000001,0.004150390625,1.8029123544692993,0.003320329888933049,-0.012810693910410726,10.464134216308594
8724480,1315.733526380005,0.1220214979773038,0.535449206829071,,,,,,,,0.0040283203125,1.8324546813964844,0.0037346302831420264,-0.020740341392395358,12.211371421813965
8732672,1317.209705494999,0.14985675538649534,0.594921886920929,,,,,,,,0.00341796875,1.9122638702392578,0.003335627140988562,-0.015143956618782135,8.589411735534668
8740864,1319.0832538370014,0.145464039247443,0.556225597858429,,,,,,,,0.00439453125,1.7818613052368164,0.0032465724458086154,-0.011616659384742767,14.729191780090332
8749056,1320.564399324001,0.08220008786839872,0.4777587950229645,,,,,,,,0.00341796875,1.8502203226089478,0.0035724819187490375,-0.025395324924366948,20.990863800048828
8757248,1322.0483340510036,0.2444540551106926,0.5826782584190369,,,,,,,,0.003662109375,1.7901544570922852,0.0036251182169824148,-0.0026812045332339717,11.040718078613281
8765440,1323.549277861006,0.12528071829579585,0.5669189691543579,,,,,,,,0.0032958984375,1.7130788564682007,0.004147415229455831,-0.023177435835929336,11.16040325164795
8773632,1325.0473971050014,0.2215880622490241,0.571398913860321,,,,,,,,0.0028076171875,1.8025844097137451,0.004072954710707011,-0.0070206170680038125,14.515144348144531
8781824,1326.5473499460059,0.16477153478694523,0.53985595703125,0.004657697888822643,0.003998308502173531,0.003493273416616982,333,659.0134598863422,48.45,48.300000000000004,0.004638671875,1.7507193088531494,0.004188777822162204,-0.008736273866492636,17.63509750366211
8790016,1328.5710357990029,0.08249821633725125,0.4890502989292145,,,,,,,,0.0032958984375,1.7449735403060913,0.00312445573818132,-0.024445278380561347,23.17486000061035
8798208,1330.0659045170032,0.12103086786256667,0.5406738519668579,,,,,,,,0.00341796875,1.7473645210266113,0.0025206988011111653,-0.020833676287707933,15.309534072875977
8806400,1331.6319711190008,0.16435489905833622,0.6095825433731079,,,,,,,,0.0037841796875,1.6884982585906982,0.0026190947638201623,-0.012108500114820606,9.07730484008789
8814592,1333.2024721800044,0.18335001983895083,0.6273437738418579,,,,,,,,0.0025634765625,1.8016053438186646,0.0032721945165219424,-0.017127748836078406,6.7195024490356445
8822784,1334.9117515510006,0.19466779402267584,0.6036133170127869,,,,,,,,0.0032958984375,1.8234652280807495,0.0026504560857327775,-0.006425907288620497,7.520810127258301
8830976,1336.456671345004,0.12973383561455445,0.560412585735321,,,,,,,,0.00341796875,1.8213499784469604,0.002943340971436448,-0.020595024499183903,9.604327201843262
8839168,1338.017818735003,0.11973006744318092,0.5280395746231079,,,,,,,,0.0035400390625,1.9089502096176147,0.0031067948476964924,-0.023321944583252888,13.132120132446289
8847360,1339.556808115005,0.11732899096802836,0.536730945110321,0.0065934070203893524,0.00587235307291345,0.004945055265291987,333,628.8243315005334,49.050000000000004,6.300000000000001,0.0047607421875,1.8034288883209229,0.0031010288333915836,-0.016814443527436076,12.973280906677246
8855552,1341.4996765760006,0.16329570670709165,0.544018566608429,,,,,,,,0.0028076171875,1.7306112051010132,0.003670247263083626,-0.018568870636669923,12.610557556152344
8863744,1342.9790846399992,0.15073172281912878,0.5907837152481079,,,,,,,,0.0037841796875,1.821088194847107,0.002295199767886058,-0.017937678432453582,8.23558235168457
8871936,1344.4569669120028,0.206517875665435,0.61383056640625,,,,,,,,0.0035400390625,1.7027947902679443,0.0022241400952671686,-0.0047425199698219195,9.018219947814941
8880128,1345.9485665160028,0.16760528823023293,0.6210083365440369,,,,,,,,0.0028076171875,1.8861291408538818,0.003959617790186498,-0.01606918317908305,6.031159400939941
8888320,1347.4312497780047,0.10811591031221218,0.5357666015625,,,,,,,,0.0037841796875,1.7910070419311523,0.003652802042979575,-0.024025782562904094,8.56625747680664
8896512,1348.9203983550033,0.092795876363792,0.503125011920929,,,,,,,,0.0032958984375,1.8155008554458618,0.0031902054249881573,-0.028119661244407353,11.535626411437988
8904704,1350.4259629190055,0.08479415071278303,0.4788574278354645,,,,,,,,0.0035400390625,1.8708298206329346,0.003052871315895489,-0.025331968208659284,15.302289009094238
8912896,1351.9048536590053,0.08939302052567816,0.4865478575229645,0.007071154528457746,0.006404112635017167,0.005303365896343282,333,629.7137470550737,20.25,18.0,0.0042724609375,1.7250458002090454,0.002881808879522829,-0.023820709706876688,20.376874923706055
8921088,1353.8176884470013,0.11921930546020132,0.5343384146690369,,,,,,,,0.002685546875,1.8229457139968872,0.0029201842768653563,-0.019691586085175558,15.199511528015137
8929280,1355.3026100740026,0.20076348895084567,0.6023926138877869,,,,,,,,0.003662109375,1.764663815498352,0.0030521914321757215,-0.01592566648343991,9.740214347839355
8937472,1356.7851029380035,0.1166247669731821,0.5379272699356079,,,,,,,,0.00439453125,1.7628501653671265,0.002672332201450356,-0.017448768845569906,14.391444206237793
8945664,1358.3167969330025,0.13513311832678535,0.581799328327179,,,,,,,,0.0028076171875,1.8640788793563843,0.0026097237978077725,-0.02156647407168928,8.445988655090332
8953856,1359.8132107230049,0.16521752767338097,0.5966430902481079,,,,,,,,0.0037841796875,1.8072621822357178,0.002590853953757133,-0.010659912151407037,7.172196388244629
8962048,1361.2901637630057,0.12505795388820481,0.5677124261856079,,,,,,,,0.0032958984375,1.8475239276885986,0.0030691857731539596,-0.016222275472471737,7.509189128875732
8970240,1362.801367936001,0.14877668352078507,0.607189953327179,,,,,,,,0.0029296875,1.875288486480713,0.0024217642870044687,-0.019145421552216574,5.685449123382568
8978432,1364.283251724999,0.12311229876882597,0.53033447265625,0.006239547782061927,0.0062790768453787615,0.004679660836546473,333,636.9228810264236,37.800000000000004,6.300000000000001,0.0042724609375,1.8551750183105469,0.002052836161338334,-0.024006644900404384,8.427356719970703
8986624,1366.244727150006,0.13345734998265374,0.5707641839981079,,,,,,,,0.0028076171875,1.8546510934829712,0.0020655402002507373,-0.02610418088024278,6.077580451965332
8994816,1367.7102214480037,0.10716635268898943,0.49725341796875,,,,,,,,0.0032958984375,1.7981622219085693,0.0026503717676024108,-0.01995756562750575,12.015213012695312
9003008,1369.2016006760023,0.11587732950987127,0.533886730670929,,,,,,,,0.0035400390625,1.7439475059509277,0.002973671772117825,-0.023706358933160688,8.60327434539795
9011200,1370.6559282710004,0.11588170845601826,0.54644775390625,,,,,,,,0.0032958984375,1.8303388357162476,0.003014632047706023,-0.025348222895360175,8.773768424987793
9019392,1372.1653016570053,0.07026651458224885,0.4489379823207855,,,,,,,,0.0035400390625,1.8453707695007324,0.002991519959775424,-0.024943135387991713,16.613082885742188
9027584,1373.6870863389995,0.07706935712437543,0.4373779296875,,,,,,,,0.0030517578125,1.7737330198287964,0.0030945117113393428,-0.028625627033525416,22.113128662109375
9035776,1375.1970496300055,0.16032431760647825,0.609973132610321,,,,,,,,0.003173828125,1.77842116355896,0.0031740635401789064,-0.0157091740694795,7.191426753997803
9043968,1376.7070221600006,0.11784997288424395,0.5461181998252869,0.006022738174641162,0.005727155057865474,0.004517053630980872,333,641.2659219991474,40.650000000000006,6.300000000000001,0.0045166015625,1.7577825784683228,0.0031188857679583792,-0.01931145167275494,10.983843803405762
9052160,1378.7936037550026,0.10714743585848807,0.5419678092002869,,,,,,,,0.002685546875,1.8270081281661987,0.003327373663532862,-0.024821416968284243,10.901968955993652
9060352,1380.238896597999,0.12164175228126634,0.5469970703125,,,,,,,,0.0032958984375,1.808615803718567,0.0031585385692221024,-0.01798177598389818,11.16681957244873
9068544,1381.7770082170027,0.13813975120371227,0.567517101764679,,,,,,,,0.0028076171875,1.7042264938354492,0.0031893082099385683,-0.021538048270763745,8.15754222869873
9076736,1383.377300647,0.17183250756315274,0.5595459342002869,,,,,,,,0.0028076171875,1.7775505781173706,0.0032778280510994406,-0.009188853849441956,10.9448881149292
9084928,1384.9907691469998,0.13406465737197534,0.5702759027481079,,,,,,,,0.0040283203125,1.751832365989685,0.0033383870121829196,-0.016810723076600503,8.208205223083496
9093120,1386.5273651509997,0.1397601925164126,0.5810180902481079,,,,,,,,0.0032958984375,1.835227131843567,0.0036432763234482968,-0.020568034459279027,7.10763692855835
9101312,1388.1021584420014,0.12733794218445976,0.539563000202179,,,,,,,,0.0029296875,1.8852018117904663,0.003048082769159244,-0.020791291119009143,9.140799522399902
9109504,1389.6307407670029,0.10963202012556168,0.5327392816543579,0.005700662103697907,0.004796172436687618,0.004275757560668669,333,639.9745458234233,31.35,6.300000000000001,0.004150390625,1.7288196086883545,0.0029313737613486657,-0.01694039115463956,10.012301445007324
9117696,1391.7264822210054,0.13961109796413437,0.5822998285293579,,,,,,,,0.002685546875,1.8016705513000488,0.002973537063250098,-0.02470636551619841,5.75861120223999
9125888,1393.2205253640059,0.12173138804263527,0.540454089641571,,,,,,,,0.003662109375,1.860933542251587,0.0028623823616522603,-0.017752661538555932,8.664167404174805
9134080,1394.7455308900026,0.09038968357241788,0.46312257647514343,,,,,,,,0.00341796875,1.7878022193908691,0.0032956178644109047,-0.02380548873807172,18.47730827331543
9142272,1396.3385183760038,0.15353610797922704,0.5062012076377869,,,,,,,,0.0028076171875,1.8057668209075928,0.0032100255431298796,-0.02343709517007268,13.604886054992676
9150464,1397.9242875440032,0.10546493464740386,0.517468273639679,,,,,,,,0.0042724609375,1.6905187368392944,0.0031724495738081337,-0.009258638363761926,17.36906623840332
9158656,1399.428586054004,0.1549411552110862,0.602221667766571,,,,,,,,0.0028076171875,1.7991888523101807,0.0028183624746552782,-0.02290353570258854,8.921420097351074
9166848,1400.9212253600053,0.12132542488266951,0.544628918170929,,,,,,,,0.0030517578125,1.83831787109375,0.0027747480480878606,-0.016968258571346814,11.337714195251465
9175040,1402.527366729999,0.14331005793008963,0.599902331829071,0.00643789649212223,0.005922303053661482,0.004828422369091645,333,630.3404550805499,40.5,6.15,0.00390625,1.8104981184005737,0.0028436701329501712,-0.012548172200558339,7.59426736831665
9183232,1404.6223056750023,0.16192912067862572,0.6145996451377869,,,,,,,,0.002685546875,1.8968780040740967,0.003016083999489716,-0.016244782571007654,6.023045539855957
9191424,1406.2058352029999,0.088742290777653,0.48089599609375,,,,,,,,0.003173828125,1.7860960960388184,0.0030615533261642014,-0.026899486967281186,12.56408405303955
9199616,1407.779098359002,0.09010172467403488,0.4986938536167145,,,,,,,,0.003662109375,1.7786520719528198,0.0031076858212194525,-0.02837188776523345,11.972186088562012
9207808,1409.442594840999,0.1545033864153937,0.592602550983429,,,,,,,,0.003173828125,1.8815621137619019,0.003093738497655152,-0.009849989709759243,7.407597541809082
9216000,1411.149621510005,0.1607738652323103,0.5389770865440369,,,,,,,,0.00390625,1.7629599571228027,0.0029993471533794613,-0.0089378970277087,13.218729019165039
9224192,1412.7917258870002,0.15724789328892116,0.5867553949356079,,,,,,,,0.0028076171875,1.8315353393554688,0.0035112537485191275,-0.023459514507022286,7.125951290130615
9232384,1414.4281303440002,0.10712096699511436,0.51666259765625,,,,,,,,0.003173828125,1.8390147686004639,0.003710414390247996,-0.019963657500164583,12.615321159362793
9240576,1416.0677093210033,0.16739478986481937,0.5727905631065369,0.0073262837737251285,0.0064340353546219475,0.0056363072374568945,333,608.9622748299902,38.1,nan,0.003662109375,1.7783669233322144,0.003163211027087054,-0.014829946181618349,10.096259117126465
9248768,1418.2074838879998,0.14662257267631265,0.5846801996231079,,,,,,,,0.00244140625,1.8674057722091675,0.0031664110441151916,-0.011619739476449427,10.827276229858398
9256960,1419.7981938270023,0.12380961954966821,0.521044909954071,,,,,,,,0.00390625,1.791375756263733,0.003192665833726016,-0.01616509407671765,13.01132869720459
9265152,1421.413837662003,0.14398303494457462,0.582751452922821,,,,,,,,0.0035400390625,1.8059773445129395,0.002775862329417844,-0.014396608877006986,7.5116753578186035
9273344,1423.1384081569995,0.1320842737172428,0.5811401605606079,,,,,,,,0.0030517578125,1.8698333501815796,0.0024968754905313473,-0.024112543170069584,6.105076789855957
9281536,1424.8190227740051,0.12732026264906052,0.566052258014679,,,,,,,,0.0040283203125,1.791596531867981,0.0028395107297458644,-0.018852020332720473,7.45758056640625
9289728,1426.4397628010047,0.13202398850315675,0.505871593952179,,,,,,,,0.0028076171875,1.8692458868026733,0.0037962544496161765,-0.013789361833794617,11.989397048950195
9297920,1427.9441996790047,0.10522479986445954,0.528308093547821,,,,,,,,0.00341796875,1.8223429918289185,0.002955026243312453,-0.017483125971320377,12.260467529296875
9306112,1429.4720882910042,0.11971070278035523,0.55755615234375,0.007404373451391333,0.006782698959053035,0.0055532800885435,333,614.1559430949484,26.25,6.15,0.0037841796875,1.746924638748169,0.0029304279319589677,-0.01572840235352486,8.833086013793945
9314304,1431.7019642660016,0.159110495633342,0.615344226360321,,,,,,,,0.0025634765625,1.8671842813491821,0.0030456994653413894,-0.018101044191702283,5.503015041351318
9322496,1433.296724290005,0.09997605644686457,0.5058960318565369,,,,,,,,0.003173828125,1.7765520811080933,0.003169997621144449,-0.027042107362696313,10.754440307617188
9330688,1434.894727525003,0.0914869560071179,0.481689453125,,,,,,,,0.0032958984375,1.7548648118972778,0.00310181654211672,-0.02852528640806229,13.321634292602539
9338880,1436.5021377510056,0.13700656730825145,0.55126953125,,,,,,,,0.003173828125,1.8242202997207642,0.0029804199369388717,-0.014525812238803809,8.200767517089844
9347072,1438.2482373200037,0.1065277139825823,0.534655749797821,,,,,,,,0.0040283203125,1.7499805688858032,0.0035037051655255613,-0.019376353165773894,10.910303115844727
9355264,1440.0164127280004,0.11699810827465443,0.5573364496231079,,,,,,,,0.0018310546875,1.8184731006622314,0.0034777286748862712,-0.03127435490223216,9.423898696899414
9363456,1441.5401208910043,0.14478555805484603,0.5845581293106079,,,,,,,,0.003662109375,1.80205500125885,0.002675187009760105,-0.02177288295944689,7.042026042938232
9371648,1443.0812382110016,0.08278136804704508,0.4864868223667145,0.005906361220847645,0.007925043726917269,0.004429770915635789,333,646.1757790102923,34.800000000000004,7.2,0.003662109375,1.7989376783370972,0.0025193570045604075,-0.024752151940433058,16.264957427978516
9379840,1445.1671477280033,0.14693154709214926,0.5963989496231079,,,,,,,,0.00341796875,1.9092702865600586,0.002384632495119554,-0.021947217906783903,6.507083415985107
9388032,1446.851782714999,0.10880798968783512,0.5226074457168579,,,,,,,,0.00390625,1.8218907117843628,0.0020775731807588516,-0.023213330466654566,11.132818222045898
9396224,1448.5265197800036,0.09556164709469762,0.48345947265625,,,,,,,,0.0025634765625,1.8088226318359375,0.002678869297317088,-0.027014906790017185,11.977238655090332
9404416,1450.2268157930012,0.10818410192066051,0.5199829339981079,,,,,,,,0.0037841796875,1.83907151222229,0.0026560263576625998,-0.019604961577756302,12.290010452270508
9412608,1451.8684019220018,0.08638710030962855,0.4790893495082855,,,,,,,,0.004638671875,1.7731996774673462,0.002883874226279559,-0.024229042583699942,19.159543991088867
9420800,1453.5268434600002,0.11668118836628145,0.5276245474815369,,,,,,,,0.0030517578125,1.869892954826355,0.002674378383234921,-0.02137821359614201,13.690564155578613
9428992,1455.2356187640034,0.10706319094395807,0.534350574016571,,,,,,,,0.003173828125,1.7702422142028809,0.0025626218520869992,-0.022922468647153266,14.157562255859375
9437184,1456.9440712350042,0.1507337086378996,0.5879150629043579,0.0072828897669069415,0.00756688572682962,0.005462167325180234,333,624.7766550138955,39.900000000000006,6.300000000000001,0.003173828125,1.7297141551971436,0.0025753138088990823,-0.021294598243268882,10.4550199508667
9445376,1459.1433494880039,0.13342498342250905,0.5754638910293579,,,,,,,,0.0028076171875,1.8101519346237183,0.002228891533043953,-0.013374357694638012,11.957865715026855
9453568,1460.7007108960024,0.1446417510250138,0.5955810546875,,,,,,,,0.00390625,1.80670166015625,0.0028679419317990673,-0.017453456637602893,7.857442378997803
9461760,1462.2243864650009,0.09361018963764195,0.48809814453125,,,,,,,,0.0028076171875,1.8572685718536377,0.0025714330780026717,-0.03077312334299738,15.48349666595459
9469952,1463.7412483740045,0.13417335084735002,0.565295398235321,,,,,,,,0.0032958984375,1.810760259628296,0.002531506081703605,-0.022315242522760716,10.633539199829102
9478144,1465.2812368689993,0.14564817052769338,0.557177722454071,,,,,,,,0.0032958984375,1.745474100112915,0.0029440059207184177,-0.022379702221040937,10.542738914489746
9486336,1466.880071915999,0.1321530577361871,0.572216808795929,,,,,,,,0.0028076171875,1.869848608970642,0.0027560885055755158,-0.025185950249632518,9.865754127502441
9494528,1468.7727594320022,0.11435186857220439,0.5441040396690369,,,,,,,,0.00390625,1.772521734237671,0.002296246837993454,-0.022103688869506758,11.002501487731934
9502720,1470.4014433699995,0.13949729261273033,0.581787109375,0.007717054682019997,0.010825161345386247,0.005787791011514942,202,330.25526995827124,11.4,6.300000000000001,0.0028076171875,1.7923266887664795,0.0023669805302702907,-0.023070072366024874,9.60093879699707
9510912,1472.7772575130002,0.09425751201265314,0.513720691204071,,,,,,,,0.0032958984375,1.8272719383239746,0.0021083507854109396,-0.02284789818259116,15.802223205566406
9519104,1474.5016510980058,0.08191692446200843,0.47332763671875,,,,,,,,0.0035400390625,1.7532882690429688,0.0020909393702233103,-0.024640093324798443,21.734943389892578
9527296,1476.4064785670053,0.19940158834157884,0.6238769888877869,,,,,,,,0.002685546875,1.8506462574005127,0.00310134863742606,-0.0113583395094543,8.4328031539917
9535488,1478.1307715530056,0.1262937321081142,0.4769531190395355,,,,,,,,0.0040283203125,1.8194621801376343,0.003006867567492133,-0.019461171382992245,19.323463439941406
9543680,1479.9277903320035,0.1645602609513797,0.585192859172821,,,,,,,,0.003662109375,1.811140537261963,0.0035027173781625454,-0.014960097643290966,9.80793285369873
9551872,1481.8328568460056,0.16108874003441623,0.6014770865440369,,,,,,,,0.0029296875,1.8164012432098389,0.003056347541297022,-0.014779840200439482,8.241503715515137
9560064,1483.863766418006,0.06841799728294214,0.45036622881889343,,,,,,,,0.003662109375,1.7767709493637085,0.0027897594603456533,-0.02422435054574614,22.227615356445312
9568256,1486.3440998229999,0.16175850714211354,0.605542004108429,0.008613169425942702,0.006475807765314423,0.006459877069457054,333,609.9627507961504,41.85,6.15,0.0025634765625,1.8102666139602661,0.0029168755433749416,-0.016591740078572868,7.335160732269287
9576448,1489.7444166970017,0.08612255840771513,0.47056886553764343,,,,,,,,0.0032958984375,1.7991489171981812,0.0026318970867198477,-0.014357768337838101,19.36212921142578
9584640,1492.2465935590008,0.12823799879058803,0.541760265827179,,,,,,,,0.003662109375,1.868135690689087,0.002554108774873498,-0.025722051763075918,13.189190864562988
9592832,1495.391352935003,0.12317801589909352,0.53704833984375,,,,,,,,0.0032958984375,1.7849769592285156,0.002547321024834903,-0.019892181315311924,12.557116508483887
9601024,1498.0569850050015,0.13192901185782385,0.56866455078125,,,,,,,,0.003173828125,1.749245047569275,0.002588399838366895,-0.020557854139335877,11.58552074432373
9609216,1500.9891823479993,0.09314978704131885,0.48291015625,,,,,,,,0.00341796875,1.8081302642822266,0.0031635676396970513,-0.020966826541080553,18.407791137695312
9617408,1503.1822592340031,0.09143501599083427,0.49360352754592896,,,,,,,,0.0037841796875,1.8505756855010986,0.0029549222412998954,-0.020707639790682415,20.37253189086914
9625600,1505.5849880560054,0.15091454577173502,0.5826416015625,,,,,,,,0.003173828125,1.770249366760254,0.0028226996256546233,-0.012026473827360558,12.632418632507324
9633792,1507.9441167379991,0.17697214720550444,0.6089233756065369,0.007292582262045655,0.006222771858308995,0.005469436696534213,333,626.2336402972517,46.050000000000004,6.300000000000001,0.003173828125,1.8746869564056396,0.0028387711836397322,-0.011735681556105465,8.37686824798584
9641984,1511.3418758390035,0.10769269742803461,0.530896008014679,,,,,,,,0.004150390625,1.8047525882720947,0.0034235400323312515,-0.016820173074643258,15.029930114746094
9650176,1513.7511434789994,0.1280623689410393,0.562243640422821,,,,,,,,0.0023193359375,1.781396746635437,0.003339853665397352,-0.022170724247466824,14.742668151855469
9658368,1516.515286560003,0.1424664417216271,0.5741943717002869,,,,,,,,0.003173828125,1.7437875270843506,0.003402475776328351,-0.012887023987301622,13.28262996673584
9666560,1519.3128154580045,0.1396201853104327,0.588427722454071,,,,,,,,0.0040283203125,1.730126142501831,0.0033928987064860694,-0.01470282215143552,10.572919845581055
9674752,1521.7422548530012,0.12650567639583601,0.5694946646690369,,,,,,,,0.0023193359375,1.813429355621338,0.003153280700747274,-0.020310043252039743,10.504576683044434
9682944,1524.2775255919987,0.09131427690606204,0.4927124083042145,,,,,,,,0.003662109375,1.789363145828247,0.0031631765281954216,-0.025669415224571557,18.292587280273438
9691136,1526.564239293999,0.1697017833591259,0.5909057855606079,,,,,,,,0.0028076171875,1.779539942741394,0.003209133692101185,-0.014619882716540928,8.969549179077148
9699328,1529.0799893139992,0.22751969777833683,0.6089721918106079,0.009482839778967689,0.007955118976697317,0.007112129834225822,333,589.1782742424074,30.450000000000003,6.15,0.0037841796875,1.870247721672058,0.003356632645008184,-0.0020346256187911134,9.487570762634277
9707520,1533.0115660190058,0.09922633373738382,0.5146850943565369,,,,,,,,0.00341796875,1.736983060836792,0.003199610877674397,-0.020405719847970752,16.300085067749023
9715712,1535.9907088950058,0.14053505347148879,0.5638061761856079,,,,,,,,0.0035400390625,1.8495515584945679,0.0037402359873162094,-0.017850252681357977,10.42512035369873
9723904,1538.8777395319994,0.13891310429325396,0.5668579339981079,,,,,,,,0.0035400390625,1.7493680715560913,0.003679741365377409,-0.018161954374446652,11.269438743591309
9732096,1541.6747109140051,0.1466652819168075,0.5649170279502869,,,,,,,,0.00341796875,1.734277606010437,0.003662921189743207,-0.022532912635431092,10.349268913269043
9740288,1543.9293419480018,0.13841214961097292,0.575573742389679,,,,,,,,0.00244140625,1.8217612504959106,0.0033861826099010894,-0.022695365308998808,7.9333696365356445
9748480,1546.3460495180043,0.13574150639743804,0.5730957388877869,,,,,,,,0.00390625,1.799116611480713,0.0026058009839761143,-0.01371569806866398,9.494745254516602
9756672,1549.5400835890032,0.1603472791824994,0.581835925579071,,,,,,,,0.002685546875,1.815535068511963,0.0025781999102050257,-0.01373178947688491,8.817320823669434
9764864,1552.2954820640007,0.1459885927133686,0.5759643912315369,0.008565854571913278,0.009719059392484852,0.0064243909289349865,333,599.6799561247922,42.6,6.300000000000001,0.0030517578125,1.7980544567108154,0.003469235922835434,-0.023209564938900154,6.607505798339844
9773056,1556.3491945600035,0.1871241994990841,0.538818359375,,,,,,,,0.004150390625,1.753807783126831,0.0015887419241376044,-0.0173757230248224,9.335469245910645
9781248,1559.6894742139993,0.11653379407655776,0.5378051996231079,,,,,,,,0.0025634765625,1.8309086561203003,0.0015017207786571785,-0.02272071321872436,10.711920738220215
9789440,1562.6895477229991,0.11280503605228201,0.5205078125,,,,,,,,0.0040283203125,1.7500581741333008,0.0018943322252206185,-0.0187783236797361,13.452997207641602
9797632,1565.3803918330013,0.14709745259714085,0.5888305902481079,,,,,,,,0.0028076171875,1.7994349002838135,0.003362428465107259,-0.01588456612712993,8.121214866638184
9805824,1568.0884016679993,0.134825866229917,0.574694812297821,,,,,,,,0.0035400390625,1.855185627937317,0.0036202578474829883,-0.022045174312063712,8.058015823364258
9814016,1570.6221382840013,0.07088660542013876,0.43250733613967896,,,,,,,,0.0037841796875,1.758036732673645,0.0031669997178429554,-0.030380791905295745,21.09112548828125
9822208,1573.467220161001,0.14843573334745885,0.586438000202179,,,,,,,,0.003173828125,1.7955442667007446,0.0027108970089465556,-0.019652729204942022,10.044966697692871
9830400,1576.2998164380042,0.16255979408866972,0.56890869140625,0.005468703122488816,0.004767321573482364,0.00410152734186664,333,646.399769497775,49.5,6.15,0.0037841796875,1.7963062524795532,0.0027691702669325746,-0.014124555267151569,8.787808418273926
9838592,1580.1618328250042,0.15044994680565665,0.604321300983429,,,,,,,,0.0030517578125,1.8112658262252808,0.0034030375135187807,-0.017752231512684853,7.149243354797363
9846784,1583.088765518005,0.09016274871047303,0.503613293170929,,,,,,,,0.0030517578125,1.7967660427093506,0.0034105062471641023,-0.02736363648248591,12.04433822631836
9854976,1585.9202211299998,0.12022893754912545,0.5445801019668579,,,,,,,,0.003662109375,1.7611346244812012,0.0030871414413450315,-0.023082932403165557,9.329075813293457
9863168,1589.1688967869995,0.133747047630254,0.5721435546875,,,,,,,,0.003173828125,1.7811278104782104,0.002540702887732671,-0.01973890557890714,9.123087882995605
9871360,1591.9234168070034,0.1429084816399753,0.577954113483429,,,,,,,,0.0032958984375,1.7701318264007568,0.0025359516605711896,-0.02463534356421119,6.895237922668457
9879552,1594.3201286610056,0.14197551681900472,0.548779308795929,,,,,,,,0.00390625,1.8083562850952148,0.0022514864563305537,-0.02208147805854534,9.413647651672363
9887744,1596.6740255580007,0.13396844612945222,0.5679565668106079,,,,,,,,0.003173828125,1.7920314073562622,0.0020437085544822153,-0.0275751284303306,7.275954723358154
9895936,1599.1818094699993,0.12236640150781497,0.54022216796875,0.00816828475695397,0.007306313641401108,0.006126213567715477,333,619.015626214781,19.200000000000003,6.15,0.003662109375,1.8278100490570068,0.003232593313936105,-0.028976004151413312,7.352736949920654
9904128,1602.4987746240004,0.11339296277907783,0.5436035394668579,,,,,,,,0.003173828125,1.8023724555969238,0.0031072365778090916,-0.025743561057355313,8.656086921691895
9912320,1605.156751442999,0.11542112048561462,0.5370849967002869,,,,,,,,0.003662109375,1.880395531654358,0.0027683103924944774,-0.02317627943919128,8.902422904968262
9920512,1607.4715893079992,0.13572427192620068,0.5724243521690369,,,,,,,,0.0035400390625,1.8203586339950562,0.002726573789067377,-0.019597923459507227,8.140787124633789
9928704,1609.6768719780011,0.12054959508849686,0.538439929485321,,,,,,,,0.0032958984375,1.883870244026184,0.0027969044354196892,-0.027629739602678633,7.8840532302856445
9936896,1611.906926251002,0.13001872741476528,0.5627075433731079,,,,,,,,0.0032958984375,1.833159327507019,0.002932987419235644,-0.02355190947991637,7.98494291305542
9945088,1614.3681968050005,0.11693467602626494,0.552746593952179,,,,,,,,0.0035400390625,1.7792086601257324,0.0032793287866503817,-0.027810732047905386,7.262345790863037
9953280,1616.687725226002,0.12140198277815056,0.56329345703125,,,,,,,,0.0029296875,1.8896476030349731,0.0029883026384642797,-0.023129914542844632,7.235592842102051
9961472,1619.0724363970003,0.10667716352153922,0.5445556640625,0.24144073739377792,0.1817648643376517,0.1817648643376517,40,2.538256315212802,6.0,nan,0.0037841796875,1.8168838024139404,0.0026321619927043294,-0.028388849849404887,8.256948471069336
9969664,1622.2874174460012,0.13224759211014328,0.538330078125,,,,,,,,0.0028076171875,1.8305026292800903,0.002529313697118285,-0.024388639757245936,9.6506986618042
9977856,1624.5958115649992,0.09842809471208952,0.526745617389679,,,,,,,,0.003173828125,1.8204786777496338,0.0024380363512059855,-0.026376248154445316,9.446457862854004
9986048,1626.8395288070024,0.07689963000074436,0.46910402178764343,,,,,,,,0.004150390625,1.7716259956359863,0.0023801363965452182,-0.0298734600622103,15.707232475280762
9994240,1629.0719264090003,0.07675448636893434,0.46442872285842896,,,,,,,,0.0025634765625,1.7973209619522095,0.0029697610196288693,-0.029543826545775278,19.864809036254883
10002432,1631.3714423370038,0.2159661277083513,0.609814465045929,,,,,,,,0.0029296875,1.7568998336791992,0.0025186549372420153,-0.01380568855962987,8.14356517791748
10010624,1633.784482054005,0.14361337629801324,0.584460437297821,,,,,,,,0.0030517578125,1.733649492263794,0.0024970603174057082,-0.022826183844607096,8.062541007995605
10018816,1636.0964050610055,0.123062587081817,0.567883312702179,,,,,,,,0.00341796875,1.8858832120895386,0.002417319014926922,-0.027968274349583457,7.412437438964844
10027008,1638.5738634600057,0.13312916963428387,0.5724121332168579,0.2508676899442971,0.18866938055407534,0.18866938055407534,40,2.345380612412164,6.0,nan,0.0032958984375,1.7803653478622437,0.0025145165064445196,-0.026999029484277234,8.677560806274414
10035200,1641.9333820480024,0.17068309659113434,0.593994140625,,,,,,,,0.002685546875,1.8209497928619385,0.00326103867764993,-0.018854719648146154,6.298564910888672
10043392,1644.1082260730036,0.12587172031594251,0.5642944574356079,,,,,,,,0.003662109375,1.8130868673324585,0.003266100156357754,-0.02621662730139046,6.348112106323242
10051584,1646.535383454,0.15804083818971626,0.5591675043106079,,,,,,,,0.0035400390625,1.7642855644226074,0.0029669939441508975,-0.0218605947498325,8.92721176147461
10059776,1648.8925054659994,0.13610665991446935,0.57647705078125,,,,,,,,0.00244140625,1.8488826751708984,0.0030580669043920317,-0.027871946495127177,6.585911750793457
10067968,1651.1051146060054,0.1379482524332493,0.585522472858429,,,,,,,,0.0035400390625,1.793339490890503,0.0036184729269128635,-0.018393755325615175,6.712422847747803
10076160,1653.2598008700006,0.0716342702599163,0.44219970703125,,,,,,,,0.0030517578125,1.7999730110168457,0.003569272679405877,-0.027044644544352847,17.6463623046875
10084352,1655.5244533670048,0.1536383259998545,0.58685302734375,,,,,,,,0.0032958984375,1.8364086151123047,0.003303036276669502,-0.0143900213411603,5.841584205627441
10092544,1657.727629426001,0.09860660254119254,0.508862316608429,0.006288197365228898,0.006596352936281136,0.004716148023921729,333,624.2695963967781,45.300000000000004,6.300000000000001,0.003662109375,1.763425350189209,0.0035880105821142205,-0.022885703313208428,11.164862632751465
10100736,1660.2493024389987,0.4284266079611039,0.5787109732627869,,,,,,,,0.00244140625,1.8238669633865356,0.0033679088817200054,-0.010993286268179298,10.159367561340332
10108928,1661.8159750949999,0.20604486893711293,0.613781750202179,,,,,,,,0.0037841796875,1.7486181259155273,0.0034074585734508167,-0.013057847656013855,6.001086711883545
10117120,1663.5106890690004,0.12008370414703058,0.543701171875,,,,,,,,0.00341796875,1.766903281211853,0.0029114629005302373,-0.028189502583856448,8.431028366088867
10125312,1665.0994707800055,0.14813116643322774,0.5758056640625,,,,,,,,0.003173828125,1.9118467569351196,0.0027811335539392745,-0.016909170813114528,8.68458080291748
10133504,1666.7548490110057,0.0803247407552218,0.419677734375,,,,,,,,0.00341796875,1.7833259105682373,0.0026841800850974096,-0.024757651917384722,19.200607299804688
10141696,1668.4522128950048,0.14847278829519625,0.5839599967002869,,,,,,,,0.003173828125,1.7836084365844727,0.003201732910788957,-0.020625917184903378,8.93017578125
10149888,1670.0306174020006,0.12063469788241064,0.566699206829071,,,,,,,,0.00341796875,1.826438546180725,0.0022367235657910767,-0.02353007070566992,8.58192253112793
10158080,1671.5712514000043,0.09487877994784054,0.49946290254592896,0.006903779550615385,0.006405719872890403,0.005177834662961511,333,624.8217964928119,38.1,6.300000000000001,0.00390625,1.7811943292617798,0.002050127375282096,-0.02147485183811439,13.936602592468262
10166272,1673.924995719004,0.15997874106693571,0.608776867389679,,,,,,,,0.001953125,1.865383267402649,0.00203892310212761,-0.0273480085457717,6.478398323059082
10174464,1675.7097989060057,0.1477084119265993,0.5527099967002869,,,,,,,,0.004150390625,1.8114240169525146,0.00180276763950582,-0.024800724971650322,9.58722972869873
10182656,1677.7368825279991,0.06825485681131982,0.4488281309604645,,,,,,,,0.003173828125,1.7759647369384766,0.0017231504145505117,-0.030559619404708006,17.08327293395996
10190848,1679.833629370005,0.17917357061624056,0.61492919921875,,,,,,,,0.0030517578125,1.8343592882156372,0.002459529062116772,-0.017386261458435488,6.0204854011535645
10199040,1682.5360393500014,0.15459669697500045,0.6011108756065369,,,,,,,,0.00341796875,1.773659586906433,0.003095854439634227,-0.016213096700995803,6.545871734619141
10207232,1685.1872754330034,0.08940541949829604,0.46708986163139343,,,,,,,,0.0025634765625,1.82647705078125,0.002717634936185598,-0.02857836635451143,15.033594131469727
10215424,1688.0202541290055,0.121523221905841,0.5455322265625,,,,,,,,0.003662109375,1.773943305015564,0.0024001215039011203,-0.027552091609851406,9.051544189453125
10223616,1690.0731374590032,0.08643061667114083,0.47620850801467896,0.005355319109463075,0.006293531856860879,0.004016489332097306,333,633.698681381165,47.25,7.65,0.0035400390625,1.7530324459075928,0.0024793240828643315,-0.023535940822379125,17.060983657836914
10231808,1693.151592645001,0.19829917514920192,0.6087646484375,,,,,,,,0.0032958984375,1.876341700553894,0.002472225603104561,-0.013138556229360072,7.736083507537842
10240000,1695.4816837520048,0.1255459428909723,0.5416626334190369,,,,,,,,0.003173828125,1.8440680503845215,0.002928360899265403,-0.017067976510893295,9.99267292022705
10248192,1697.966493785003,0.1612489296588828,0.560473620891571,,,,,,,,0.003662109375,1.7957096099853516,0.002905879398213407,-0.016597849827922603,10.518021583557129
10256384,1700.4381631460055,0.11070506609041715,0.52984619140625,,,,,,,,0.0032958984375,1.8013956546783447,0.003044085874962965,-0.029912232027368348,9.474250793457031
10264576,1702.8552711800003,0.08065509659680317,0.4732666015625,,,,,,,,0.0042724609375,1.7441939115524292,0.0029099472594074083,-0.02454163525535023,17.499670028686523
10272768,1705.1846853349998,0.1486318246900474,0.539599597454071,,,,,,,,0.003173828125,1.8080376386642456,0.0021552153494117654,-0.009399039946212953,19.69699478149414
10280960,1707.4616274670043,0.14330823049598856,0.557141125202179,,,,,,,,0.00390625,1.8260616064071655,0.0019043892565999698,-0.01573591568912949,13.012750625610352
10289152,1709.783257369003,0.18733848419723909,0.617382824420929,0.006087418736570038,0.004566544393257765,0.004565564052427584,333,636.0127305346005,39.75,6.300000000000001,0.003662109375,1.7350523471832275,0.0033299334424252702,-0.017041410256065124,8.311551094055176
10297344,1713.050688149,0.09451391870290014,0.4993896484375,,,,,,,,0.0032958984375,1.845420002937317,0.0028423386641812654,-0.028181692960194644,15.228068351745605
10305536,1715.4394021930057,0.17102574717204777,0.61322021484375,,,,,,,,0.0035400390625,1.7671492099761963,0.003386497919745546,-0.017687799172915443,7.9760589599609375
10313728,1717.8215552860056,0.16553105369271137,0.5855469107627869,,,,,,,,0.003173828125,1.7914237976074219,0.0027025499588040347,-0.011254091417495983,9.018085479736328
10321920,1720.250313673001,0.17831943146816487,0.6214599609375,,,,,,,,0.0030517578125,1.8665398359298706,0.0024906883300901406,-0.014485751603008199,6.024537563323975
10330112,1722.688813932,0.09818864769222152,0.518444836139679,,,,,,,,0.003173828125,1.7774224281311035,0.0023866236879162006,-0.016742143859819033,12.326028823852539
10338304,1725.2111461189997,0.13025087078687145,0.48756104707717896,,,,,,,,0.0035400390625,1.8585095405578613,0.0029598622292518195,-0.016105446472743992,15.207205772399902
10346496,1727.6532526720039,0.10469790671169328,0.528063952922821,,,,,,,,0.003662109375,1.8065780401229858,0.0033434707116123397,-0.020250041913503165,11.082195281982422
10354688,1730.0071997609994,0.07877972414289554,0.4598144590854645,0.0069081963538305535,0.006935316618894238,0.005968086709177589,333,591.5200224676802,49.35,nan,0.003173828125,1.7738734483718872,0.0035683423898458244,-0.026456988451855443,21.019163131713867
10362880,1733.3839890310046,0.1259683941288576,0.5721435546875,,,,,,,,0.0030517578125,1.7610578536987305,0.002882966621659988,-0.02383949007011885,13.463991165161133
10371072,1735.770887221006,0.16105503642328994,0.580761730670929,,,,,,,,0.003662109375,1.856316328048706,0.002900432134105957,-0.005426980768013962,13.804849624633789
10379264,1738.2534763549993,0.2533478823561433,0.663195788860321,,,,,,,,0.0030517578125,1.8478364944458008,0.002969979929178912,0.0031594318187218545,7.3383684158325195
10387456,1740.6140600620056,0.13145245072518666,0.5674805045127869,,,,,,,,0.0040283203125,1.852736234664917,0.0030447344150968947,-0.018554359859603298,10.244905471801758
10395648,1742.7835491660007,0.09672578473592332,0.507861316204071,,,,,,,,0.0028076171875,1.808647632598877,0.0030030576932471575,-0.025710919340470456,14.681350708007812
10403840,1745.042779481002,0.10544104716277242,0.510119616985321,,,,,,,,0.00390625,1.8179621696472168,0.0029937770414505405,-0.024499629174286573,19.466934204101562
10412032,1747.4355496730059,0.09424165385134359,0.523791491985321,,,,,,,,0.00439453125,1.8170567750930786,0.003033478757494601,-0.021005711491174573,18.320541381835938
10420224,1749.7994546100017,0.3520875511654066,0.7080078125,0.008713474882193206,0.007207617429220936,0.007207617429220936,333,557.830550849318,49.95,nan,0.0023193359375,1.7949583530426025,0.0025745504122609564,0.010213749153516452,5.719834804534912
10428416,1753.0490033530004,0.1296568668111003,0.5364990234375,,,,,,,,0.0030517578125,1.7843900918960571,0.002332526728393347,-0.02404166917681387,9.607783317565918
10436608,1755.3271113450028,0.14911523209591102,0.545239269733429,,,,,,,,0.0037841796875,1.7707536220550537,0.0025955401943618117,-0.023034058964210975,10.73546314239502
10444800,1757.6887819879994,0.13132129362261807,0.572619616985321,,,,,,,,0.003173828125,1.7856096029281616,0.0033175052816202255,-0.022172540758345006,8.014302253723145
10452992,1760.103571325999,0.10578886784329262,0.528918445110321,,,,,,,,0.003662109375,1.826136827468872,0.0029256633644683117,-0.026785301048070323,11.03513240814209
10461184,1762.4295972170003,0.10196985429179249,0.5113281607627869,,,,,,,,0.003173828125,1.8327445983886719,0.0025670926126295512,-0.026529198516746035,14.39660358428955
10469376,1764.8567391780016,0.11454205558186202,0.5248047113418579,,,,,,,,0.0032958984375,1.7820713520050049,0.002329319114248829,-0.020656135608186098,14.437922477722168
10477568,1767.2068160740018,0.10384357368494501,0.5146240592002869,,,,,,,,0.0037841796875,1.8144603967666626,0.0023334316896657104,-0.017704311134344976,16.56604766845703
10485760,1769.7452124359988,0.13785406672711473,0.5729736685752869,0.006162195185143382,0.0054383677737100955,0.0046216463888575365,333,627.3967760394276,46.800000000000004,7.5,0.0025634765625,1.757524013519287,0.0029723385918140055,-0.018844003358348335,12.02804946899414
10493952,1773.0864193099987,0.10349901211011613,0.513684093952179,,,,,,,,0.0037841796875,1.770071029663086,0.0031898836380503948,-0.015517928551320826,18.431936264038086
10502144,1775.329607890999,0.20797288175110926,0.6043335199356079,,,,,,,,0.003173828125,1.7147471904754639,0.0027816660131161353,-0.005909611732549444,13.709528923034668
10510336,1777.6882982790048,0.19392710967245053,0.585827648639679,,,,,,,,0.003173828125,1.7988076210021973,0.0029549004950202296,-0.011140792169600934,12.092333793640137
10518528,1780.2089291459997,0.1556261648902694,0.597363293170929,,,,,,,,0.00341796875,1.8038853406906128,0.002612807677257356,-0.018046580615338734,9.143597602844238
10526720,1782.4570689489992,0.25184408907462247,0.6174682974815369,,,,,,,,0.0032958984375,1.7755889892578125,0.002707994889741938,0.0005711025229891007,8.53256893157959
10534912,1784.6602988369996,0.10100902176034682,0.507153332233429,,,,,,,,0.0030517578125,1.8558900356292725,0.0031537056717835243,-0.026293231326936308,14.144762992858887
10543104,1787.027067439005,0.1617554708049931,0.599560558795929,,,,,,,,0.0035400390625,1.73860764503479,0.002833064515848638,-0.020552645516062604,7.147987365722656
10551296,1789.415221701005,0.12887702348260488,0.5772461295127869,0.005443420745405825,0.004131833787865857,0.004082565559054396,333,648.322971898498,48.900000000000006,6.15,0.00244140625,1.7887754440307617,0.0030291523116561248,-0.03137541130973936,6.699681282043457
10559488,1792.802089349003,0.09982841003646709,0.51849365234375,,,,,,,,0.0030517578125,1.8223456144332886,0.003652390614587886,-0.020114229232312,12.399327278137207
10567680,1795.0575552689988,0.2099524793879949,0.604602038860321,,,,,,,,0.00390625,1.768003225326538,0.003643233639550658,-0.006306323314946186,7.226563930511475
10575872,1797.5038332870026,0.18860463722003984,0.608691394329071,,,,,,,,0.00244140625,1.7998822927474976,0.003416666378520894,-0.014401237711940646,5.782751560211182
10584064,1799.918250101,0.14056421076786624,0.577893078327179,,,,,,,,0.003173828125,1.824582815170288,0.003444281723711029,-0.020700871917167553,6.072396755218506
10592256,1802.4671159339996,0.1830430047433469,0.514331042766571,,,,,,,,0.0029296875,1.7918996810913086,0.0030608431896665955,-0.023067669799535995,10.75847339630127
10600448,1805.034337160003,0.09637626864373408,0.509289562702179,,,,,,,,0.0035400390625,1.899957299232483,0.00233993640860497,-0.02161677647861114,10.19596004486084
10608640,1807.5893699860026,0.1442974025897734,0.576184093952179,,,,,,,,0.0035400390625,1.7677828073501587,0.002454860592889574,-0.020906809648705296,7.541331768035889
10616832,1809.9694304830045,0.1349661723977055,0.5731445550918579,0.005347927079361492,0.006023288773991831,0.0040109453095211745,333,646.0503145621474,46.050000000000004,6.15,0.002685546875,1.8670434951782227,0.002783702919103237,-0.024579260090983625,8.076937675476074
10625024,1813.2858106960048,0.13306690959409548,0.57562255859375,,,,,,,,0.003173828125,1.8320924043655396,0.0030318056426470452,-0.019039649503777345,6.547412872314453
10633216,1815.321031421001,0.11693315094281123,0.527294933795929,,,,,,,,0.003662109375,1.8045101165771484,0.0029658174726527875,-0.019895736040141346,10.45469856262207
10641408,1817.7461442440035,0.1162863734461507,0.4776611328125,,,,,,,,0.002685546875,1.821182131767273,0.0035503845828205316,-0.021560478121553345,14.598840713500977
10649600,1820.4352343420032,0.14128397232464848,0.58209228515625,,,,,,,,0.00390625,1.7679903507232666,0.0033788902015925437,-0.02634973945186997,8.774189949035645
10657792,1823.0376788089998,0.1599155349233814,0.6097046136856079,,,,,,,,0.0028076171875,1.7820137739181519,0.0034003634676971206,-0.0182657764933916,5.535743236541748
10665984,1825.5302581810029,0.17663070237309586,0.574108898639679,,,,,,,,0.0029296875,1.8918724060058594,0.0033305777737127062,-0.015419951372316021,6.939021587371826
10674176,1828.0454884520004,0.08922874852759517,0.49891358613967896,,,,,,,,0.0045166015625,1.809407114982605,0.0032819458013529923,-0.02135849836454168,12.823867797851562
10682368,1830.5242931050016,0.07875354041289474,0.474853515625,0.005469152075352479,0.00429245138618517,0.004101864056514359,333,648.4909755730553,42.75,6.0,0.0020751953125,1.8587757349014282,0.0032415778228058745,-0.031136260333074123,15.046876907348633
10690560,1833.9963867870028,0.17072455218831287,0.6139892935752869,,,,,,,,0.003173828125,1.8391081094741821,0.0030456997102266126,-0.013922243086768822,6.743504524230957
10698752,1836.0636277140002,0.08468026355101668,0.46875,,,,,,,,0.00390625,1.773978352546692,0.003085299924312057,-0.022238410057352973,16.80889892578125
10706944,1838.566294324999,0.15467327362332914,0.51837158203125,,,,,,,,0.00341796875,1.8635309934616089,0.003756233350845073,-0.013605716986361323,14.00287914276123
10715136,1841.1667053769997,0.1522310090908326,0.5456909537315369,,,,,,,,0.0045166015625,1.834890604019165,0.003222146928946734,-0.009048122179721067,13.10434627532959
10723328,1843.8616155609998,0.13696611318307855,0.50146484375,,,,,,,,0.0028076171875,1.8226842880249023,0.0032105456713606983,-0.014140839374370457,17.64950180053711
10731520,1846.689450980004,0.15403142045645024,0.5612549185752869,,,,,,,,0.003173828125,1.9013187885284424,0.0033738721022398277,-0.014740481397803618,12.955116271972656
10739712,1848.8235541060058,0.14280777970967504,0.553234875202179,,,,,,,,0.004150390625,1.7276690006256104,0.003401231222714074,-0.012339851513091938,14.206933975219727
10747904,1850.9679172910037,0.1106406907060089,0.5328125357627869,0.0057261008038287375,0.0066139229755504125,0.004294575602871609,333,640.464763837899,49.2,5.4,0.0028076171875,1.8257542848587036,0.003346991723678361,-0.02682724753294907,15.783679008483887
10756096,1855.0281849169987,0.13939987830402809,0.55523681640625,,,,,,,,0.0042724609375,1.8413549661636353,0.004171340126439604,-0.010438195931892822,13.235562324523926
10764288,1857.5813032700025,0.1695022229136349,0.624951183795929,,,,,,,,0.0030517578125,1.7404892444610596,0.003346253872308136,-0.01012084474140152,8.636149406433105
10772480,1860.1192680400054,0.2124443379946378,0.654980480670929,,,,,,,,0.002197265625,1.8378524780273438,0.0033798245881550004,-0.012946103974594057,5.8893866539001465
10780672,1862.5016095500032,0.21910354316976977,0.5914673209190369,,,,,,,,0.0045166015625,1.7725507020950317,0.0034830450949323577,-0.009987949834220132,8.696869850158691
10788864,1864.9937990219987,0.14675855703393245,0.49383544921875,,,,,,,,0.0029296875,1.8639527559280396,0.004239967068446315,-0.02499397099037257,14.230234146118164
10797056,1867.394256563006,0.11777020378680324,0.531872570514679,,,,,,,,0.0035400390625,1.8251513242721558,0.0032999263820550073,-0.021344680044025913,11.769920349121094
10805248,1869.7387232870024,0.11217990140182676,0.545422375202179,,,,,,,,0.003662109375,1.7045338153839111,0.0032160044274729405,-0.024485166723506188,13.57553768157959
10813440,1872.0700937110014,0.13861391418316207,0.5302734375,0.012278025821179317,0.011563660945814624,0.009208519365884515,333,570.2044352911457,30.0,6.0,0.0030517578125,1.8343112468719482,0.0030493607885465623,-0.018579434497151534,15.470382690429688
10821632,1875.6919950459996,0.11731367230903281,0.513110339641571,,,,,,,,0.00390625,1.7007319927215576,0.0029924487262431576,-0.013557038978657083,20.830833435058594
10829824,1877.9969123370029,0.16918034691155862,0.596264660358429,,,,,,,,0.0028076171875,1.7682437896728516,0.003702677964070311,-0.015802740280539903,10.360125541687012
10838016,1880.321215683005,0.24849336566730051,0.6197143793106079,,,,,,,,0.00341796875,1.8203147649765015,0.00367266457451354,-0.006731027895174573,7.725714206695557
10846208,1882.562323225,0.10684633319200783,0.49388429522514343,,,,,,,,0.0037841796875,1.706972360610962,0.003155235000214196,-0.01753457918435974,22.369413375854492
10854400,1884.9561103060041,0.18479696206650098,0.562426745891571,,,,,,,,0.0032958984375,1.7766205072402954,0.0029876989381015795,-0.012037848752915463,15.395129203796387
10862592,1887.4652257690032,0.13710262118829528,0.536022961139679,,,,,,,,0.0047607421875,1.80478036403656,0.0030320947209324656,-0.008236089938143265,21.492319107055664
10870784,1889.8512543890029,0.12151863229199494,0.5483154654502869,,,,,,,,0.003662109375,1.7663153409957886,0.0027053105434311497,-0.02243572367152495,17.815698623657227
10878976,1892.374269965003,0.13379946883141464,0.5787597894668579,0.009405961971838517,0.009011552940538348,0.007054471478878943,333,594.4350681755839,47.400000000000006,6.300000000000001,0.0037841796875,1.8837062120437622,0.002519521212353326,-0.014354110373915409,13.466177940368652
10887168,1895.7607595290028,0.17120283445278536,0.594006359577179,,,,,,,,0.00439453125,1.8450839519500732,0.0029025044720489834,-0.008074575941043282,11.647479057312012
10895360,1898.0341357460056,0.20701880244840917,0.646472156047821,,,,,,,,0.0028076171875,1.8544955253601074,0.0027847269459526647,-0.003823119988185925,7.71255350112915
10903552,1900.4242879950034,0.12349735584289356,0.5566040277481079,,,,,,,,0.003173828125,1.853929042816162,0.003092418781620254,-0.01807706003163607,9.448748588562012
10911744,1902.8469028969994,0.10479521859243666,0.520617663860321,,,,,,,,0.0042724609375,1.7614926099777222,0.002726894800117008,-0.020603369527611614,15.21422004699707
10919936,1905.3818458380047,0.10257540936345491,0.529248058795929,,,,,,,,0.0029296875,1.7996244430541992,0.002641626844406053,-0.025804035166869785,13.533721923828125
10928128,1907.7361166539995,0.12347620021689276,0.48731690645217896,,,,,,,,0.00341796875,1.7891477346420288,0.0029657613062239463,-0.012338577874367217,22.004547119140625
10936320,1910.1810816819998,0.1274104638809655,0.554760754108429,,,,,,,,0.003662109375,1.8047213554382324,0.0027969940668631788,-0.017463180332939556,13.169641494750977
10944512,1912.5638294380042,0.2259457975707042,0.5754028558731079,0.007866589929800383,0.006559603920472723,0.005899942447350259,333,612.4854002577734,11.4,6.300000000000001,0.003662109375,1.8933165073394775,0.0027155748614590136,-0.004733465687685802,13.564074516296387
10952704,1915.7287674920008,0.14799397828453384,0.5741943717002869,,,,,,,,0.00390625,1.826164960861206,0.0027198558441930976,-0.01731066772944145,11.892638206481934
10960896,1917.9219469000018,0.17977462648707432,0.6330322623252869,,,,,,,,0.003173828125,1.8366100788116455,0.003057325977946057,-0.009375960752022858,7.769479274749756
10969088,1920.2678329180053,0.1927273579179672,0.632214367389679,,,,,,,,0.003173828125,1.8954163789749146,0.0028170029030039068,-0.006971181351834942,5.905802249908447
10977280,1922.6203858510053,0.0869289964440646,0.4997802674770355,,,,,,,,0.0037841796875,1.8713290691375732,0.0027822781841237987,-0.024494675726392356,11.37702751159668
10985472,1925.1964722789999,0.07913513958007952,0.47520753741264343,,,,,,,,0.00341796875,1.901923656463623,0.002546272654799009,-0.022637007264132415,14.99035358428955
10993664,1927.7429236980024,0.10633462128492797,0.534863293170929,,,,,,,,0.0037841796875,1.9020898342132568,0.0023712455699012036,-0.019846568873844807,14.101040840148926
11001856,1930.2770576219991,0.12564293822559428,0.543627917766571,,,,,,,,0.003173828125,1.8558506965637207,0.002736938851961246,-0.017866962829274104,12.273106575012207
11010048,1932.8958660999997,0.18044019224888277,0.5986084342002869,0.005146307273799833,0.004853648125107246,0.003859730455349819,333,653.9089745500114,27.3,6.15,0.003173828125,1.8911548852920532,0.0028077313369845314,-0.01534984895906606,7.911725044250488
11018240,1935.9837711050059,0.12307787753777209,0.544323742389679,,,,,,,,0.0032958984375,1.7980108261108398,0.0028355393058114853,-0.017058204773034758,12.57239055633545
11026432,1938.174792443002,0.1203496647097274,0.53033447265625,,,,,,,,0.0037841796875,1.8530752658843994,0.0029874246963097484,-0.02099026948994355,11.541598320007324
11034624,1940.4816289220034,0.16691069862535796,0.611584484577179,,,,,,,,0.00244140625,1.8263587951660156,0.0022303493835443833,-0.02257283384541955,6.373659610748291
11042816,1942.951366223002,0.13514977437976367,0.529895007610321,,,,,,,,0.003662109375,1.891950011253357,0.002164167727197297,-0.02134902771988664,12.493258476257324
11051008,1945.2829567910012,0.09157357627555156,0.501269519329071,,,,,,,,0.003173828125,1.7904239892959595,0.00244279969934158,-0.02516862077900464,14.140856742858887
11059200,1947.7865812450036,0.12929796780254368,0.5551391839981079,,,,,,,,0.00341796875,1.7870265245437622,0.0033781326266146827,-0.01661950879635766,11.69956111907959
11067392,1950.2289222149993,0.09628963233806971,0.510009765625,,,,,,,,0.003173828125,1.8305995464324951,0.002948398743092273,-0.026696262213838584,13.89762020111084
11075584,1952.6897583360042,0.1402400001018102,0.5774170160293579,0.006886277609230884,0.007041536622532263,0.005164708206923163,333,638.7393955231232,25.35,6.15,0.0037841796875,1.801659107208252,0.002790739833028022,-0.01947350500620626,10.727519035339355
11083776,1956.1068438000002,0.12794995178137297,0.5675048828125,,,,,,,,0.0029296875,1.7470730543136597,0.002961218552799849,-0.019803058761419495,10.060205459594727
11091968,1958.2471400150025,0.3056336795655124,0.6256347894668579,,,,,,,,0.0035400390625,1.856502652168274,0.0026433844639863757,-0.008327439486195664,7.314671993255615
11100160,1960.4807897230057,0.0803988087405167,0.45781251788139343,,,,,,,,0.004150390625,1.8412123918533325,0.002719721209390902,-0.02241747780370634,23.13446617126465
11108352,1962.9249930130027,0.12495088335219035,0.5500732660293579,,,,,,,,0.0028076171875,1.8172528743743896,0.00339454576960041,-0.019096682477173086,11.953505516052246
11116544,1965.290089590002,0.09485365023783988,0.48658448457717896,,,,,,,,0.00341796875,1.721821665763855,0.0033874640280017188,-0.026032242580176904,20.201223373413086
11124736,1967.766133571,0.10751993196302351,0.5063720941543579,,,,,,,,0.003662109375,1.6851001977920532,0.0048652017456929375,-0.017169437393861245,21.43605613708496
11132928,1970.0637542210025,0.1099718106156848,0.530651867389679,,,,,,,,0.0030517578125,1.6745027303695679,0.005035836882906541,-0.025174614208852305,20.688676834106445
11141120,1972.562430378006,0.14893987636578768,0.576770007610321,0.010151613647916946,0.008801435836848226,0.00761371023593771,333,582.3674736662199,45.900000000000006,5.25,0.003173828125,1.6955896615982056,0.0049064827978969605,-0.011568232791364003,16.690916061401367
11149312,1975.9767315159988,0.13978479130886304,0.56842041015625,,,,,,,,0.0035400390625,1.6750181913375854,0.004361211650765862,-0.011962429673215404,14.82898235321045
11157504,1978.378075970999,0.18357819827141778,0.6031494140625,,,,,,,,0.00390625,1.7779182195663452,0.004143134017700167,-0.007073547837741208,11.120753288269043
11165696,1981.039531426999,0.20340475122828872,0.641430675983429,,,,,,,,0.00341796875,1.717215657234192,0.00431155797790117,-0.004446665289931608,7.032334804534912
11173888,1983.5105627920057,0.19386571720416423,0.6330810785293579,,,,,,,,0.002685546875,1.755284309387207,0.0043166837171677575,-0.01698397722579218,6.910072326660156
11182080,1985.9597100890023,0.16092462658751228,0.611682116985321,,,,,,,,0.0035400390625,1.786558985710144,0.0039569536522024995,-0.015358356836088612,5.92341947555542
11190272,1988.243559487004,0.10109331414514944,0.509509265422821,,,,,,,,0.0040283203125,1.767882227897644,0.0038401827558687263,-0.022838321950688786,10.163369178771973
11198464,1990.2772805860004,0.14763290138836002,0.569750964641571,,,,,,,,0.0028076171875,1.7581758499145508,0.003510305459621943,-0.02095037715616632,7.746011257171631
11206656,1992.485859610999,0.16368491958014386,0.597460925579071,0.008808855618758993,0.007210415321416308,0.006606641714069217,333,608.8762939661965,28.35,5.4,0.0035400390625,1.780430793762207,0.003452544422159809,-0.013543920379844072,6.604544162750244
11214848,1995.7743884240044,0.08256102606349434,0.4872070252895355,,,,,,,,0.0029296875,1.699671983718872,0.0038045036199022553,-0.031183510713938257,12.602625846862793
11223040,1998.0386265500056,0.1153598569187032,0.533984363079071,,,,,,,,0.002685546875,1.7665739059448242,0.003951960897933482,-0.019695333079678634,10.02930736541748
11231232,2000.5745713340002,0.12288152880134207,0.47462159395217896,,,,,,,,0.0042724609375,1.7283847332000732,0.0036161255767711564,-0.01930629410771104,18.568347930908203
11239424,2003.2838973280013,0.1647195062700107,0.6163086295127869,,,,,,,,0.0029296875,1.756801724433899,0.0029161081308551884,-0.023702609542668004,6.825204372406006
11247616,2005.9233550280042,0.14683017206734103,0.5852295160293579,,,,,,,,0.0028076171875,1.7727769613265991,0.003683458578729315,-0.020986439918208068,6.329854488372803
11255808,2008.8525995860036,0.10056596656531328,0.52423095703125,,,,,,,,0.0040283203125,1.7993581295013428,0.003593019645237616,-0.024467708432964336,9.390551567077637
11264000,2011.581257718004,0.12305601079610431,0.5379394888877869,,,,,,,,0.00341796875,1.7674906253814697,0.00420456798760005,-0.02407254014738895,8.397285461425781
11272192,2014.4745927219992,0.10427856972255888,0.528881847858429,0.0057207647895214375,0.2911939570990887,0.2537565032472543,32,-3.2848771828209724,0.15000000000000002,nan,0.003173828125,1.767654299736023,0.00482380066058874,-0.021113340140419323,10.862322807312012
11280384,2018.0138577489997,0.09565755950930425,0.49864503741264343,,,,,,,,0.00390625,1.7961140871047974,0.004806442683822354,-0.023670888461852068,13.867436408996582
11288576,2020.4376825510044,0.1255926205978904,0.55120849609375,,,,,,,,0.0032958984375,1.8056162595748901,0.004125010557689102,-0.022343239282655206,9.390467643737793
11296768,2022.9295637380055,0.1116361150534369,0.5452637076377869,,,,,,,,0.00390625,1.7563430070877075,0.003730479691749,-0.020024219666001705,11.96203327178955
11304960,2025.6954162430047,0.14568103938539184,0.5859375,,,,,,,,0.0030517578125,1.7689383029937744,0.0036659279615525175,-0.01546883620403402,9.233304977416992
11313152,2029.0331102690034,0.17740331634458162,0.61065673828125,,,,,,,,0.0032958984375,1.7955739498138428,0.0035513020286788155,-0.01556445748753595,5.969002723693848
11321344,2032.1374163729997,0.09551655498209442,0.5144287347793579,,,,,,,,0.00341796875,1.7378185987472534,0.0035612260449735533,-0.02475321886805675,12.033435821533203
11329536,2035.031203688006,0.10143245443553046,0.5101074576377869,,,,,,,,0.0035400390625,1.840414047241211,0.003396774651764911,-0.023297806941917406,10.505789756774902
11337728,2038.4025193470006,0.12490677557350943,0.5557861328125,0.006129682797445191,0.006302268080002338,0.004597262098083865,333,639.2433734682008,42.300000000000004,6.15,0.0032958984375,1.7448184490203857,0.0030334042016592067,-0.023348841167039086,9.418410301208496
11345920,2041.8842227140049,0.15718029276337947,0.5780395865440369,,,,,,,,0.0035400390625,1.8026809692382812,0.0027062711006567985,-0.014038148539035185,8.407730102539062
11354112,2044.3064388130006,0.13262033699096706,0.5604248046875,,,,,,,,0.0029296875,1.7606933116912842,0.003966328045386325,-0.0177143945143815,9.58032512664795
11362304,2047.2825425340052,0.12485880088826605,0.54632568359375,,,,,,,,0.00341796875,1.7668079137802124,0.0038213865403378122,-0.013666348950128214,10.178689956665039
11370496,2049.891587789003,0.1969908984921556,0.6348876953125,,,,,,,,0.003173828125,1.7930240631103516,0.003892671350557819,-0.005654373199334747,5.698065280914307
11378688,2053.0807311960016,0.12994089811192214,0.56768798828125,,,,,,,,0.0030517578125,1.7864511013031006,0.0036598909734115725,-0.02694501768555981,7.321572780609131
11386880,2055.5559041820015,0.13692472490092888,0.5743164420127869,,,,,,,,0.003173828125,1.853630781173706,0.0025263013749379226,-0.020459314182306676,7.3472161293029785
11395072,2058.1766403869988,0.10927276510834627,0.50457763671875,,,,,,,,0.0040283203125,1.8681392669677734,0.0025042055324963064,-0.020209249079284765,10.768889427185059
11403264,2060.6732580919997,0.08355173900975672,0.4552856385707855,0.011927766059769085,0.011237829952177814,0.008945824544826841,333,568.051259824821,38.7,6.15,0.0042724609375,1.8234025239944458,0.002748400908200721,-0.017616382205126704,17.37889289855957
11411456,2063.9985545570016,0.12983080281543344,0.57940673828125,,,,,,,,0.00244140625,1.8732304573059082,0.003404598697389516,-0.01899520180117998,6.951513767242432
11419648,2066.397096822002,0.13110093558456992,0.5604248046875,,,,,,,,0.0037841796875,1.8933223485946655,0.0030587292189967474,-0.01630531574320727,9.625068664550781
11427840,2068.729236459003,0.13659495202561814,0.5608764886856079,,,,,,,,0.0032958984375,1.8117241859436035,0.0023325178990385442,-0.01666273810191327,10.27536678314209
11436032,2071.0524944610006,0.13331968460272114,0.532458484172821,,,,,,,,0.0030517578125,1.8570327758789062,0.0023272982296320688,-0.02514305197948244,11.359726905822754
11444224,2073.619851913005,0.12522228364518637,0.533435046672821,,,,,,,,0.00341796875,1.7722331285476685,0.0032097982115726342,-0.014505179853271478,11.855887413024902
11452416,2075.7950107350043,0.0868246658055072,0.4932617247104645,,,,,,,,0.0032958984375,1.7441768646240234,0.0029951696758984125,-0.024717426328427817,14.883272171020508
11460608,2078.078026932002,0.14560970862828523,0.5782715082168579,,,,,,,,0.0028076171875,1.7699708938598633,0.0026055784984739816,-0.012685112646307579,13.670845031738281
11468800,2080.385416285004,0.1480108512799662,0.5810303092002869,0.006008120508232073,0.004867905904499814,0.004506090381173999,333,649.1672398193546,42.300000000000004,6.15,0.0035400390625,1.7508007287979126,0.0026645683039732138,-0.010599498131431871,12.170282363891602
11476992,2084.0787078990033,0.14028069003307048,0.541613757610321,,,,,,,,0.0028076171875,1.8302819728851318,0.003211326333597997,-0.021754084791235404,12.302226066589355
11485184,2086.365583636005,0.1826992851711513,0.60858154296875,,,,,,,,0.0032958984375,1.791090965270996,0.003022452291063016,-0.013882664994701028,8.093016624450684
11493376,2088.6552790070054,0.13466442639858375,0.517382800579071,,,,,,,,0.0037841796875,1.7690730094909668,0.003027078711811848,-0.015184942303736394,15.017443656921387
11501568,2090.9320885609995,0.11142092830765467,0.5235595703125,,,,,,,,0.003173828125,1.7971810102462769,0.0029916227446395993,-0.019318381124653332,14.887985229492188
11509760,2093.315205331004,0.1378124459768811,0.583325207233429,,,,,,,,0.0035400390625,1.693697452545166,0.0035349843056677877,-0.021974167105549027,9.106888771057129
11517952,2095.437311679001,0.17623630444281646,0.619494616985321,,,,,,,,0.00244140625,1.828734040260315,0.0027430750630184075,-0.01922328489978314,7.733750820159912
11526144,2097.667245954006,0.110856510916613,0.5266357660293579,,,,,,,,0.0032958984375,1.8428856134414673,0.0024312847370918655,-0.02577042672941246,11.119608879089355
11534336,2100.0279877930006,0.10818120680974755,0.504809558391571,0.016264806390791864,0.01219860479309387,0.01219860479309387,333,536.5819373915926,49.95,6.0,0.0042724609375,1.8165290355682373,0.0023961152908650307,-0.020970852227105582,14.610635757446289
11542528,2103.4126732120058,0.13927920536638036,0.558215320110321,,,,,,,,0.0030517578125,1.8657339811325073,0.0035385126966798186,-0.014828598963575157,10.234594345092773
11550720,2105.7492179969995,0.1298849116720087,0.553479015827179,,,,,,,,0.0035400390625,1.7825394868850708,0.003554970121074086,-0.02089849394935103,9.843199729919434
11558912,2108.4219755529994,0.16690431863314123,0.6013427972793579,,,,,,,,0.0032958984375,1.8338592052459717,0.0034347858787033836,-0.01508380604292488,8.129557609558105
11567104,2111.1772415250016,0.12269443842037056,0.559582531452179,,,,,,,,0.003173828125,1.843814730644226,0.0030997582863756534,-0.01874763159368446,9.764938354492188
11575296,2113.5632580890015,0.17470806975844805,0.5809692740440369,,,,,,,,0.00341796875,1.7976963520050049,0.002546770130595788,-0.019906527992361006,8.331969261169434
11583488,2115.8880234410026,0.1353413181848448,0.5579468011856079,,,,,,,,0.0025634765625,1.8287873268127441,0.0025258299875509094,-0.021601385053521785,10.752718925476074
11591680,2118.1357336340006,0.09447174585654955,0.4826904237270355,,,,,,,,0.0037841796875,1.8021796941757202,0.0027022941057222027,-0.025541979530358895,17.023204803466797
11599872,2120.475269317001,0.0841621670705505,0.4719604551792145,0.006590742018899309,0.005668856395613653,0.004943056514174482,333,638.945664933017,39.75,5.4,0.003662109375,1.7732003927230835,0.002818945240861126,-0.025625436132679726,19.375844955444336
11608064,2123.882058818999,0.15668138766111525,0.60076904296875,,,,,,,,0.0032958984375,1.8066612482070923,0.0031488589467371098,-0.01039989235760564,9.217267036437988
11616256,2126.3764128570037,0.163616323561771,0.6142334342002869,,,,,,,,0.0030517578125,1.79503333568573,0.0027512134733187477,-0.019215320652563192,7.516333103179932
11624448,2128.7665703470047,0.15650789226043643,0.5740112662315369,,,,,,,,0.0032958984375,1.9059326648712158,0.0029964399363522354,-0.0122810112414161,10.334515571594238
11632640,2130.8694874540015,0.0961139654233067,0.5010010004043579,,,,,,,,0.0035400390625,1.8647619485855103,0.0026941729263956216,-0.026483696626483078,14.090779304504395
11640832,2133.172443454001,0.11459967226122303,0.520263671875,,,,,,,,0.00341796875,1.893355131149292,0.002741545990523564,-0.01860646826609694,16.013647079467773
11649024,2135.5738685780016,0.1354857111749206,0.582592785358429,,,,,,,,0.0032958984375,1.8176945447921753,0.0021959347825184494,-0.023409020673826365,9.731417655944824
11657216,2137.744909123001,0.12789834218823506,0.56256103515625,,,,,,,,0.003173828125,1.8530319929122925,0.0024346057347832684,-0.02293614824002362,11.444292068481445
11665408,2139.9364764940037,0.13637399233026443,0.555676281452179,0.007300846937933536,0.006960814559898276,0.00547563520345018,333,629.8780210781276,13.5,5.4,0.0035400390625,1.8616139888763428,0.00234743458122999,-0.013183444143896716,16.187707901000977
11673600,2143.3762459790014,0.1618826078101554,0.5614258050918579,,,,,,,,0.0035400390625,1.8368656635284424,0.003130151143574289,-0.02281910402282878,12.120648384094238
11681792,2145.743049282006,0.15986889358657216,0.6105102896690369,,,,,,,,0.0028076171875,1.784056305885315,0.0030171290511367133,-0.019457179189674555,8.191396713256836
11689984,2148.1938948820025,0.1461320602943577,0.5450195670127869,,,,,,,,0.0032958984375,1.8087375164031982,0.0025975758605351063,-0.0173517907905336,12.580134391784668
11698176,2150.5133442020015,0.10502015360612359,0.5135498046875,,,,,,,,0.00341796875,1.791677713394165,0.0025593854629455404,-0.02636116981552898,16.39289665222168
11706368,2152.8426083140002,0.14939664946728776,0.5903564691543579,,,,,,,,0.003173828125,1.8007339239120483,0.0023784151321551983,-0.022360032725773766,9.568924903869629
11714560,2155.251316959002,0.11979712587360464,0.5507446527481079,,,,,,,,0.003662109375,1.804307222366333,0.0029092025411445732,-0.02023498025102881,12.605094909667969
11722752,2157.519994899005,0.1439889075316793,0.576586902141571,,,,,,,,0.0037841796875,1.8896806240081787,0.001996945945026307,-0.021011425703480482,12.125210762023926
11730944,2159.910950700003,0.14779758664149567,0.57244873046875,0.007013509883724289,0.006778254551469187,0.005260132412793217,333,634.3306307080244,31.35,6.15,0.0030517578125,1.8955492973327637,0.00196805877469719,-0.017955445819242292,9.971748352050781
11739136,2163.1529436970013,0.16506523315034993,0.599133312702179,,,,,,,,0.003173828125,1.8094598054885864,0.0017762025795962089,-0.01350812736491145,9.142509460449219
11747328,2165.5255797210048,0.13238814168725563,0.559741199016571,,,,,,,,0.0030517578125,1.8166735172271729,0.0031147328400655816,-0.025196381745387488,11.715214729309082
11755520,2167.9775897500003,0.1271659599192579,0.5555053949356079,,,,,,,,0.003173828125,1.7805917263031006,0.003305378125925351,-0.020006972326609574,10.36793041229248
11763712,2170.321208788999,0.11827034286605907,0.522167980670929,,,,,,,,0.00341796875,1.767081618309021,0.002874878743883591,-0.02335012382382809,14.177273750305176
11771904,2172.8864020309993,0.10515090667127003,0.536816418170929,,,,,,,,0.0030517578125,1.7973352670669556,0.0022050323771581892,-0.028438439556629492,14.914061546325684
11780096,2175.9678014200035,0.12169030021840317,0.5491089224815369,,,,,,,,0.0040283203125,1.8132896423339844,0.0019771117541738104,-0.024141573930315248,12.644743919372559
11788288,2179.4796212639994,0.23128843922204548,0.656811535358429,,,,,,,,0.0028076171875,1.8096232414245605,0.0021180988979718762,-0.011437947195280563,6.640170574188232
11796480,2182.6740200150016,0.24488777026385425,0.587268054485321,0.007002597442079983,0.008413537969712226,0.005251948081560043,333,628.079052282355,33.6,5.25,0.0035400390625,1.868747353553772,0.0028859225638093733,-0.016651689554360038,8.356256484985352
11804672,2187.8461718540057,0.37220928859478086,0.5714966058731079,,,,,,,,0.003662109375,1.7767231464385986,0.002775483252632549,-0.011806634621171014,10.620953559875488
11812864,2191.1906095840022,0.18296414501630573,0.552294909954071,,,,,,,,0.0030517578125,1.7666958570480347,0.00340999242644513,-0.013553826869280498,12.645699501037598
11821056,2194.8666388150014,0.12382460720567033,0.5642944574356079,,,,,,,,0.0032958984375,1.7477467060089111,0.003668640464644213,-0.01533537714866373,12.357264518737793
11829248,2197.5784018160048,0.10887302104726482,0.516857922077179,,,,,,,,0.003662109375,1.6961617469787598,0.0032956828196913923,-0.020839480343245675,16.40633201599121
11837440,2200.087744299002,0.08731051695591348,0.48979493975639343,,,,,,,,0.00244140625,1.7319321632385254,0.0037781124862097393,-0.02140739475016093,24.5334529876709
11845632,2202.8467358230046,0.15157522478629862,0.5600952506065369,,,,,,,,0.00390625,1.6552987098693848,0.004110575437374586,-0.012960105044280162,14.140658378601074
11853824,2205.5041234630044,0.2061332717211416,0.644116222858429,,,,,,,,0.002685546875,1.667078971862793,0.003993185243716946,-0.010564073645768519,7.532311916351318
11862016,2208.547072915004,0.16076004897415228,0.60760498046875,0.0062021676780068535,0.006416817644662509,0.004651625758505196,333,647.7482939114291,16.2,5.25,0.0028076171875,1.7700655460357666,0.003770811992762746,-0.013327161494902677,8.90977954864502
11870208,2213.872356325999,0.13438173334760425,0.536547839641571,,,,,,,,0.003662109375,1.748928427696228,0.003554190008419278,-0.017819813460979786,13.820666313171387
11878400,2217.767194439999,0.13331979117893106,0.5578979849815369,,,,,,,,0.0029296875,1.779845952987671,0.004091884807517765,-0.018690015758662953,11.15917682647705
11886592,2221.6301631349997,0.1586641967093703,0.580676257610321,,,,,,,,0.0029296875,1.7432042360305786,0.0041761478603556945,-0.014973918748218872,9.849019050598145
11894784,2224.8528836360056,0.13340487521149696,0.5693115592002869,,,,,,,,0.0035400390625,1.719997525215149,0.0036508616604356003,-0.01633775369853584,10.840936660766602
11902976,2228.447402719001,0.18708466293949863,0.627856433391571,,,,,,,,0.0028076171875,1.7825539112091064,0.0016173155922893923,-0.019014085836200876,6.881375312805176
11911168,2231.259822273001,0.1393535841203265,0.554064929485321,,,,,,,,0.003662109375,1.8078714609146118,0.0011917620315342603,-0.022366269310716058,10.443353652954102
11919360,2233.860997898999,0.16091623986374645,0.5819336175918579,,,,,,,,0.0028076171875,1.8068249225616455,0.001405577025123117,-0.020056815119835137,8.524572372436523
11927552,2236.157056103002,0.15389855433689423,0.6030517816543579,0.0050788452786948435,0.006423307989166127,0.0038091339590211604,333,655.747836390422,39.45,5.25,0.0025634765625,1.7892907857894897,0.002545940029575311,-0.022130360777011394,6.108333587646484
11935744,2239.8241233320005,0.1515307438752414,0.5416626334190369,,,,,,,,0.0037841796875,1.7412983179092407,0.0028013713451700006,-0.021531359929572707,12.57921314239502
11943936,2242.6760241060038,0.08917162539624349,0.47392579913139343,,,,,,,,0.0028076171875,1.8088668584823608,0.002599318697067865,-0.017106815236225426,19.9027156829834
11952128,2245.2822523310024,0.17464951986664579,0.6130005121231079,,,,,,,,0.003173828125,1.7959688901901245,0.0027469357364133806,-0.014772404318551941,6.368056774139404
11960320,2247.7559136100026,0.20335151126309434,0.6281494498252869,,,,,,,,0.0030517578125,1.7940655946731567,0.002324694592854004,-0.015680908976386444,6.690422058105469
11968512,2250.350810089003,0.13921246425655984,0.5745605826377869,,,,,,,,0.003173828125,1.8731099367141724,0.0022039353601531753,-0.026440369752110837,6.866121768951416
11976704,2253.0641106340045,0.11193172137373027,0.4624877870082855,,,,,,,,0.00341796875,1.8271628618240356,0.0024647441786922464,-0.02243128510384532,18.1511287689209
11984896,2255.6233192470027,0.1007030630401965,0.47960206866264343,,,,,,,,0.0029296875,1.8195210695266724,0.0024357681727709135,-0.02428337165807032,17.374677658081055
11993088,2258.229497256005,0.10716246430572998,0.506591796875,0.008626608094007393,0.007495884474349901,0.006469956070505489,333,605.523043695445,45.6,6.0,0.002685546875,1.7655969858169556,0.0024714150042770555,-0.02726499581317834,15.215106010437012
12001280,2262.281231566005,0.09597174492313726,0.5066772699356079,,,,,,,,0.0037841796875,1.6927881240844727,0.0024113114395309942,-0.02526148393788328,17.417409896850586
12009472,2264.735844903,0.12934483612234557,0.553356945514679,,,,,,,,0.0028076171875,1.736029028892517,0.0032747827275146912,-0.014729578340545592,13.80064868927002
12017664,2267.0642965709994,0.2055528832949893,0.6343140006065369,,,,,,,,0.003662109375,1.752272605895996,0.0032388006272334735,-0.013659709637833093,7.3407883644104
12025856,2269.4488431249993,0.14691736288477597,0.588061511516571,,,,,,,,0.002685546875,1.7741620540618896,0.0021000458260249655,-0.01711113331459227,9.01306438446045
12034048,2272.4670572649993,0.13876183645884177,0.5452026724815369,,,,,,,,0.0028076171875,1.8311126232147217,0.0019981333839741433,-0.01212924853143515,16.419729232788086
12042240,2275.0211766940047,0.13318833341490416,0.5692138671875,,,,,,,,0.0032958984375,1.793604850769043,0.0016594845846400474,-0.020591569113435616,11.1906099319458
12050432,2277.7088515840005,0.162761006774549,0.6072632074356079,,,,,,,,0.0028076171875,1.8079326152801514,0.0018666188533563721,-0.020253196280035853,7.655436992645264
12058624,2280.3345991640017,0.18407220024511922,0.6024536490440369,0.007225039381302367,0.006786236094541764,0.005418779535976803,333,620.3363436140723,20.400000000000002,6.15,0.00341796875,1.8405779600143433,0.002513478238041822,-0.015137438872864926,7.399636745452881
12066816,2284.024232351003,0.145254059737484,0.5573974847793579,,,,,,,,0.00341796875,1.7614206075668335,0.0031607380369544913,-0.019249583672307575,8.758217811584473
12075008,2286.566621566002,0.1181469547140684,0.538806140422821,,,,,,,,0.0029296875,1.797936201095581,0.0030757086356256735,-0.01721944469152678,14.173776626586914
12083200,2289.452381700001,0.13808596211060115,0.511828601360321,,,,,,,,0.003173828125,1.7034873962402344,0.0030848920946424663,-0.011236910246903362,16.596792221069336
12091392,2292.3260591760045,0.13031428693366714,0.5652710199356079,,,,,,,,0.0025634765625,1.6988507509231567,0.003102676695050821,-0.02348360474097303,10.693563461303711
12099584,2294.995405059999,0.19110301885483805,0.611584484577179,,,,,,,,0.0030517578125,1.732873797416687,0.003474541026500688,-0.00016558885725963084,11.665924072265625
12107776,2297.293989603,0.13323692252054992,0.529553234577179,,,,,,,,0.0037841796875,1.7004473209381104,0.003393643170389371,-0.011853440409649271,17.74830436706543
12115968,2299.890583048,0.1275607627172019,0.5593017935752869,,,,,,,,0.0028076171875,1.7870268821716309,0.0034171203798256666,-0.01865759790727409,13.397839546203613
12124160,2302.2630588880056,0.0930506218554868,0.47565919160842896,0.0060273693240189274,0.004960827604617024,0.004520526993014196,333,651.1195777461821,34.800000000000004,5.4,0.0035400390625,1.7510062456130981,0.003849708542871033,-0.015590130594836427,21.79052734375
12132352,2306.043490101001,0.1083758820841116,0.5229736566543579,,,,,,,,0.0030517578125,1.7460768222808838,0.00396869572179237,-0.013889827376426286,17.617889404296875
12140544,2309.7672864250053,0.11615317856509653,0.5306152701377869,,,,,,,,0.0029296875,1.714428424835205,0.0035105107848416583,-0.01620261302358548,14.795706748962402
12148736,2314.0249706540053,0.27316868410533174,0.6816162467002869,,,,,,,,0.0030517578125,1.7400999069213867,0.0024977953572010714,-0.0021163732268781217,5.991469860076904
12156928,2317.0839763500044,0.1715228528752819,0.55084228515625,,,,,,,,0.003173828125,1.8085750341415405,0.0018872454591786214,-0.016073541746903047,13.406622886657715
12165120,2320.2448282640034,0.22201029813821008,0.64129638671875,,,,,,,,0.0030517578125,1.811214804649353,0.0014942615182289565,-0.00513980566207095,6.099246025085449
12173312,2323.725582236999,0.15589722834557335,0.576794445514679,,,,,,,,0.00341796875,1.8388773202896118,0.0013890221800211267,-0.005585534564329505,9.132948875427246
12181504,2327.214326674002,0.11837872897622495,0.5260009765625,,,,,,,,0.0030517578125,1.8834644556045532,0.0017426031976706113,-0.014821283027852076,10.896766662597656
12189696,2330.4576977670004,0.106098970335891,0.5274902582168579,0.006787412488330813,0.0071674700632355925,0.005090559366248137,333,633.8873556562011,33.45,5.4,0.0032958984375,1.8192858695983887,0.0016608425053109555,-0.019312738338373756,12.139445304870605
12197888,2335.1629666180015,0.1622546167141611,0.610107421875,,,,,,,,0.002685546875,1.8000761270523071,0.0016797834145483304,-0.0158161837946138,6.141931056976318
12206080,2339.9899414910033,0.11754173593355753,0.551623523235321,,,,,,,,0.0030517578125,1.8105156421661377,0.0031399077629328254,-0.019165487130227823,11.977632522583008
12214272,2343.302590421001,0.08185989160969394,0.4781250059604645,,,,,,,,0.0040283203125,1.85795259475708,0.002988639689253114,-0.0195097593855728,20.559566497802734
12222464,2346.271939768005,0.12223096232811564,0.5501343011856079,,,,,,,,0.002685546875,1.8602573871612549,0.0030482254783985585,-0.016802038740736987,13.1069974899292
12230656,2349.149831818002,0.14406031232504074,0.5662598013877869,,,,,,,,0.0029296875,1.8524794578552246,0.0027345954920270366,-0.013333737412571357,12.208701133728027
12238848,2352.0141843590027,0.1627395581312942,0.6067261099815369,,,,,,,,0.0032958984375,1.8229557275772095,0.002575918889219375,-0.02056041986848839,6.7743239402771
12247040,2354.902245363999,0.1539933879356079,0.581372082233429,,,,,,,,0.0032958984375,1.829010009765625,0.002829674609762134,-0.01788406240080429,9.692039489746094
12255232,2357.8409210009995,0.2799619077038221,0.5693359375,0.006957941202694551,0.006268615785768761,0.005218455902020969,333,629.2987165535869,25.5,6.0,0.003173828125,1.8455650806427002,0.003105525352050331,-0.008795054546981953,7.801211833953857
12263424,2361.797960404001,0.14575474410777148,0.5889038443565369,,,,,,,,0.00341796875,1.8607428073883057,0.0034129612349903526,-0.02104400348453006,6.260937690734863
12271616,2364.6171025270014,0.15330923286784637,0.5649170279502869,,,,,,,,0.0032958984375,1.815424919128418,0.002923991701170414,-0.01727913630772529,7.698319911956787
12279808,2367.699976882999,0.16040773923630536,0.5877685546875,,,,,,,,0.003173828125,1.8251674175262451,0.002863603257258762,-0.018851763858266556,6.097046375274658
12288000,2370.657206800999,0.16667313837495934,0.5747436881065369,,,,,,,,0.0030517578125,1.8195805549621582,0.0029757672830330595,-0.020228256221778665,5.355392932891846
12296192,2373.8579524590023,0.1109941431591775,0.5168701410293579,,,,,,,,0.0029296875,1.838463544845581,0.0037902249401531307,-0.02600725471869017,8.71977424621582
12304384,2378.191740738999,0.16059260346286136,0.60491943359375,,,,,,,,0.0030517578125,1.8452885150909424,0.0038411218154336124,-0.023409193371268608,5.738367080688477
12312576,2384.9700577640033,0.11724569332322721,0.5456299185752869,,,,,,,,0.00341796875,1.811597228050232,0.00374294985241741,-0.025136926021093933,6.344001293182373
12320768,2389.228414912999,0.1423542167019519,0.571667492389679,0.00754980426490659,0.00817131364108925,0.005662353198679915,333,625.5225501492271,40.800000000000004,5.4,0.0035400390625,1.8225252628326416,0.003572116924308477,-0.019389389347722198,6.531980991363525
12328960,2393.2712048760004,0.20682911129913004,0.5867676138877869,,,,,,,,0.0028076171875,1.8294655084609985,0.003324555478616875,-0.01756937951145669,5.758347988128662
12337152,2397.8740410809987,0.10779892646758267,0.4927734434604645,,,,,,,,0.0028076171875,1.782500982284546,0.0032679491619503898,-0.027089229188826128,9.74262523651123
12345344,2402.799309328999,0.15440845834420602,0.601428210735321,,,,,,,,0.002685546875,1.7960036993026733,0.0031098815862811158,-0.02467276177740323,5.549365520477295
12353536,2406.585944585,0.121935686576018,0.565380871295929,,,,,,,,0.003662109375,1.8342132568359375,0.00290680082348449,-0.02115437376196333,6.068042278289795
12361728,2410.131031183002,0.10501966006772992,0.5143676996231079,,,,,,,,0.0028076171875,1.843600869178772,0.0027702963825524396,-0.029107819964416023,7.013223171234131
12369920,2414.036627474001,0.09202726677722023,0.49248048663139343,,,,,,,,0.0029296875,1.8011960983276367,0.00394796494374261,-0.02807624484982381,12.732812881469727
12378112,2419.023350872005,0.10578791935347232,0.530322253704071,,,,,,,,0.004150390625,1.7801650762557983,0.004223749016860179,-0.0235071440268229,7.866589546203613
12386304,2423.4659627260044,0.10097386292027816,0.4651855528354645,0.006254808550310242,0.007946898046665596,0.004691106412732626,333,636.7666465568964,46.800000000000004,5.25,0.0032958984375,1.7845484018325806,0.0037406703906912586,-0.016899295161855968,16.208158493041992
12394496,2429.3332019100053,0.09910190054966739,0.4507202208042145,,,,,,,,0.00341796875,1.784061312675476,0.0038127862634277365,-0.016626434445415405,21.796764373779297
12402688,2432.846899204,0.08025541970993147,0.3739990293979645,,,,,,,,0.00341796875,1.7370753288269043,0.003603506523290223,-0.020763318315515814,33.79669952392578
12410880,2436.1700648750048,0.0836828799945984,0.47767335176467896,,,,,,,,0.0028076171875,1.6995396614074707,0.0038375772933481045,-0.028091859812518438,23.957592010498047
12419072,2439.413295710001,0.12881862876169553,0.4838623106479645,,,,,,,,0.00439453125,1.7181129455566406,0.004451826088804345,-0.012436139459075521,30.89619255065918
12427264,2442.744881479004,0.18897536336976187,0.5750976800918579,,,,,,,,0.004150390625,1.6968462467193604,0.0046244835687621055,-0.006907323179791123,22.74689292907715
12435456,2445.736558292003,0.21199797124568917,0.6368774771690369,,,,,,,,0.0029296875,1.7773146629333496,0.004455648206048046,-0.005912241702070235,8.454505920410156
12443648,2448.324932841999,0.16015070037818413,0.589611828327179,,,,,,,,0.0032958984375,1.7037112712860107,0.004416128438626488,-0.013072251815637823,10.734053611755371
12451840,2450.7177591790023,0.2125568935318799,0.603515625,0.008177690353777467,0.006381886018946403,0.0061332677653330725,333,619.2179033913789,12.9,6.0,0.0028076171875,1.7240571975708008,0.004827657096270643,-0.009571243201391088,11.885612487792969
12460032,2456.497843246005,0.1775601397328921,0.552563488483429,,,,,,,,0.0035400390625,1.7159355878829956,0.004599939936486108,-0.010380961308323966,13.741568565368652
12468224,2463.599332081001,0.18143732936684365,0.609301745891571,,,,,,,,0.0025634765625,1.692085862159729,0.003193777780178264,-0.018260594657526375,9.813790321350098
12476416,2467.6254600060056,0.36802247168968294,0.6712402701377869,,,,,,,,0.0029296875,1.7190392017364502,0.003035199114918452,0.012841198529203929,6.516567230224609
12484608,2470.8669722230043,0.2631697608588172,0.517443835735321,,,,,,,,0.0032958984375,1.7212210893630981,0.0034651379559849094,-0.018094661837949732,15.381056785583496
12492800,2474.7174199069996,0.09460390475484208,0.47840577363967896,,,,,,,,0.003173828125,1.651268720626831,0.005158966461961123,-0.022391364010420228,19.77349281311035
12500992,2478.232444168003,0.12746930014896754,0.5423828363418579,,,,,,,,0.0030517578125,1.6952325105667114,0.00492426204980001,-0.01720902874047318,13.57854175567627
12509184,2481.1371140830015,0.13324114389889213,0.518750011920929,,,,,,,,0.003173828125,1.6661925315856934,0.004822311697416204,-0.015899553368173176,17.475574493408203
12517376,2483.620126476002,0.13783892245481028,0.578991711139679,0.015002204132974484,0.013132170627581763,0.011252221852543709,333,542.4554722196143,47.400000000000006,40.050000000000004,0.0032958984375,1.6864782571792603,0.004178909074652348,-0.020598645986508637,12.549304008483887
12525568,2487.498094581999,0.10190205212452555,0.504870593547821,,,,,,,,0.0028076171875,1.6567435264587402,0.004109789627994687,-0.02277581374587833,20.15781593322754
12533760,2490.4390618570033,0.2727797932907777,0.6639770865440369,,,,,,,,0.00390625,1.6546812057495117,0.004045540442023987,-0.004471107689687304,7.811567783355713
12541952,2493.6997880380004,0.2626797936050679,0.6543823480606079,,,,,,,,0.0023193359375,1.6920517683029175,0.004650429997131389,0.0015356510972330379,7.185156345367432
12550144,2502.8256390660026,0.22864153738285037,0.63983154296875,,,,,,,,0.0030517578125,1.7108514308929443,0.004763785054990866,-0.011657434273773297,5.266952037811279
12558336,2509.9950364550023,0.12558342438385448,0.49512940645217896,,,,,,,,0.0028076171875,1.7143100500106812,0.003577155171889723,-0.015491954236909373,17.902524948120117
12566528,2516.423553808003,0.14146736570930818,0.555493175983429,,,,,,,,0.003662109375,1.7541773319244385,0.00359714540027789,-0.020254169996826443,7.670665264129639
12574720,2520.825419298002,0.17831923121547677,0.625561535358429,,,,,,,,0.002685546875,1.725158452987671,0.004189314233570829,-0.015419949495731318,5.23447322845459
12582912,2524.808587338004,0.12877854424528687,0.47349855303764343,0.0066524858500692785,0.005375994816482876,0.004989364387551931,333,628.7936240963274,46.5,5.25,0.0028076171875,1.736008644104004,0.004494776082764607,-0.014065034196951702,16.50628662109375
12591104,2530.3889071520025,0.15442285252830304,0.5973144769668579,,,,,,,,0.003173828125,1.7304242849349976,0.0044426141959059695,-0.01842097329143554,6.2681884765625
12599296,2534.129951237999,0.13384969152897158,0.48790284991264343,,,,,,,,0.0037841796875,1.7168185710906982,0.004157145130224693,-0.011762180534223851,15.83367919921875
12607488,2536.956417043999,0.2017474088186475,0.6457886099815369,,,,,,,,0.0028076171875,1.7969887256622314,0.004130765307420181,-0.010789001365578458,3.945345401763916
12615680,2539.146242544004,0.12982875697637616,0.5702759027481079,,,,,,,,0.0029296875,1.8108388185501099,0.0031866014150412347,-0.02813554826594429,4.864659309387207
12623872,2541.314218094005,0.15373008016890624,0.58416748046875,,,,,,,,0.0035400390625,1.8092999458312988,0.003154317361132808,-0.0223952061390451,5.487801551818848
12632064,2543.621178104004,0.17765202124832913,0.6163330078125,,,,,,,,0.0030517578125,1.8252694606781006,0.0032318933560262497,-0.01911725420652751,4.189942836761475
12640256,2545.697041722,0.08020093817786819,0.4500488340854645,,,,,,,,0.00341796875,1.8182734251022339,0.0038374337065297803,-0.024929227613553203,12.584978103637695
12648448,2548.2301774709995,0.09675219945101117,0.4815429747104645,0.0072137563734735455,0.008949565005501703,0.005410317280105215,333,619.1948997082279,40.050000000000004,5.25,0.002685546875,1.7450761795043945,0.003610799193454417,-0.02896917463662211,11.377830505371094
12656640,2552.749089019002,0.12161995074824046,0.534741222858429,,,,,,,,0.0029296875,1.6919621229171753,0.003519634023775975,-0.01733924188648941,12.14637279510498
12664832,2554.7847107240013,0.09789148509331487,0.505566418170929,,,,,,,,0.0030517578125,1.7631299495697021,0.0027908404809688925,-0.02296629781693243,10.380699157714844
12673024,2557.2525175730043,0.1267132420881476,0.5586914420127869,,,,,,,,0.00390625,1.7387748956680298,0.00450102696735033,-0.026148957944413777,6.975794315338135
12681216,2559.2995065470022,0.19218176188818356,0.597485363483429,,,,,,,,0.002197265625,1.74241304397583,0.004257762424173972,-0.013025000281813144,8.869712829589844
12689408,2561.2829828630056,0.07021306829771135,0.40350341796875,,,,,,,,0.0032958984375,1.6834548711776733,0.004404791393199381,-0.024662781911612454,24.590091705322266
12697600,2563.6625664110034,0.08070257459990346,0.4342041015625,,,,,,,,0.00390625,1.6573235988616943,0.004048496389315037,-0.025368926907870237,24.490522384643555
12705792,2566.8405340280005,0.15448748314833685,0.5871338248252869,,,,,,,,0.003173828125,1.6981124877929688,0.003930333568809452,-0.010379289442172986,8.984801292419434
12713984,2569.536186438003,0.22641348085289492,0.625109851360321,0.00925639396082023,0.011072240353435236,0.006942295470615201,333,596.1757102796462,21.3,5.25,0.0030517578125,1.7592984437942505,0.005160237227163966,-0.010948037426287006,7.033612251281738
12722176,2573.936609205004,0.22708347456049763,0.5881103873252869,,,,,,,,0.002685546875,1.733284831047058,0.004267725375980191,-0.007306880408799024,10.518203735351562
12730368,2579.614958345999,0.12169438521372244,0.5475708246231079,,,,,,,,0.00341796875,1.7111222743988037,0.0043685093788810025,-0.022591585403704317,12.456660270690918
12738560,2588.2236141320027,0.13733991150887453,0.5730347037315369,,,,,,,,0.003662109375,1.737381935119629,0.004248740105997073,-0.022198521283540176,8.168150901794434
12746752,2590.998287168004,0.11369534269557909,0.527050793170929,,,,,,,,0.0030517578125,1.7655202150344849,0.004032000927002399,-0.017881673447583082,15.222511291503906
12754944,2594.2375522130023,0.10652355244797121,0.507250964641571,,,,,,,,0.0023193359375,1.7285062074661255,0.004068390042224035,-0.02276515717987882,18.78603172302246
12763136,2599.6530246850016,0.15907337753933068,0.6008545160293579,,,,,,,,0.00341796875,1.6665196418762207,0.00364643924864394,-0.02222359668386737,7.618733882904053
12771328,2603.638168506004,0.12323253778042083,0.548535168170929,,,,,,,,0.0028076171875,1.7208974361419678,0.0034646226515127054,-0.0256357971394166,10.969489097595215
12779520,2607.4734574370013,0.11298928015356974,0.48710939288139343,0.007102924344631001,0.007641773890958881,0.005327193258473306,333,627.3707210612206,22.05,5.25,0.0037841796875,1.7751612663269043,0.0034410639292699052,-0.008177398116730114,19.0571346282959
12787712,2613.567725922003,0.13759617931235035,0.5731445550918579,,,,,,,,0.0023193359375,1.7235532999038696,0.0036626566360871138,-0.022259386478248513,12.006381034851074
12795904,2619.4097135460033,0.12809614094653107,0.556835949420929,,,,,,,,0.0030517578125,1.6950575113296509,0.0036055866305759743,-0.02021799447392719,11.83168888092041
12804096,2622.6514670930046,0.1029263504842236,0.53472900390625,,,,,,,,0.00341796875,1.706298828125,0.0035841019704669907,-0.022207605803162278,12.481744766235352
12812288,2625.847547795005,0.1740917843064725,0.6135620474815369,,,,,,,,0.003173828125,1.7459640502929688,0.0034456237428479586,-0.01171541065534132,7.187095642089844
12820480,2629.1283759840007,0.11026369345241023,0.48924562335014343,,,,,,,,0.0029296875,1.767181634902954,0.003472901772198833,-0.02265608377701181,17.726375579833984
12828672,2631.915039008003,0.11758919619397501,0.5514160394668579,,,,,,,,0.00244140625,1.6888492107391357,0.0034922560514505374,-0.026700869970963055,10.710016250610352
12836864,2635.237944116001,0.14270666750592187,0.5752197504043579,,,,,,,,0.0037841796875,1.7202767133712769,0.0034461804184036104,-0.017558339953198995,9.640599250793457
12845056,2639.125404967999,0.1525548840621562,0.595947265625,0.00656010230998505,0.006040175912880641,0.004920076732488843,333,627.6755554558189,16.2,6.15,0.00341796875,1.7246873378753662,0.003290089521728712,-0.018225822260204094,7.565680980682373
12853248,2644.2003062440053,0.11041446993420415,0.532116711139679,,,,,,,,0.0025634765625,1.8276716470718384,0.003572498355237652,-0.01724987789105085,13.201199531555176
12861440,2648.301286065005,0.17240458962487992,0.6150757074356079,,,,,,,,0.0028076171875,1.7589378356933594,0.0034470083105038185,-0.016682174731301094,6.665122985839844
12869632,2652.2803119200034,0.08849075004884284,0.46534425020217896,,,,,,,,0.00390625,1.8052806854248047,0.003358923801586533,-0.019779094412121452,15.641161918640137
12877824,2656.019809751,0.10302768980054666,0.51849365234375,,,,,,,,0.0030517578125,1.7519888877868652,0.00449470872109714,-0.01711957966646411,13.119104385375977
12886016,2659.447921194005,0.13572013267340075,0.571520984172821,,,,,,,,0.0037841796875,1.8386099338531494,0.00450316372028936,-0.015395088252466427,7.482205390930176
12894208,2662.716713066002,0.1292118725257548,0.544604480266571,,,,,,,,0.002685546875,1.8020998239517212,0.004022275733618796,-0.019783598981763812,13.061728477478027
12902400,2665.6855336310036,0.23910749010989296,0.5209717154502869,,,,,,,,0.003662109375,1.7718453407287598,0.002781363455144348,-0.014321837254507848,14.211753845214844
12910592,2669.5934766790015,0.19819563731377043,0.5936279296875,0.006858065341709629,0.0074002631879553915,0.005143549006282222,333,626.1230026925825,48.75,6.0,0.00341796875,1.7777633666992188,0.0021630346880079365,-0.007366156252354751,8.23037052154541
12918784,2675.0565059250002,0.11874969356699683,0.542407214641571,,,,,,,,0.0032958984375,1.8667924404144287,0.002094384116116954,-0.022003234435085665,8.837803840637207
12926976,2679.3722096820056,0.12438838540280024,0.5621094107627869,,,,,,,,0.002685546875,1.818853735923767,0.0029103262784921924,-0.024645311852860768,9.25916576385498
12935168,2687.1699436140043,0.10375476753246496,0.5097900629043579,,,,,,,,0.003173828125,1.7801579236984253,0.003819687821119855,-0.023475143909726083,12.843339920043945
12943360,2691.292572088001,0.17543125359615142,0.571093738079071,,,,,,,,0.0037841796875,1.7364914417266846,0.0038115925309223364,-0.010523606960789016,11.05928897857666
12951552,2695.695637568999,0.1555610678639658,0.47142335772514343,,,,,,,,0.0032958984375,1.7037320137023926,0.0037539501099912442,-0.019854364793214105,19.729825973510742
12959744,2699.934304264003,0.14890212148718807,0.589465320110321,,,,,,,,0.002685546875,1.7489867210388184,0.00406930976068276,-0.01866705764253648,8.972589492797852
12967936,2704.372084388,0.10962414311617881,0.550341784954071,,,,,,,,0.0028076171875,1.7568974494934082,0.003865529055245953,-0.021833948666491097,11.779617309570312
12976128,2709.3510684430003,0.1285446521512081,0.55108642578125,0.006840601266851709,0.00855819006494729,0.005130450950138754,333,623.5359094320266,43.5,5.25,0.0037841796875,1.7863872051239014,0.003958261606584301,-0.015535776270306379,10.279004096984863
12984320,2716.497540620003,0.23149380893853425,0.6075195670127869,,,,,,,,0.00341796875,1.7585563659667969,0.004090885365462094,-0.0038516882226466743,7.5777716636657715
12992512,2719.8988326420003,0.117001338668007,0.540637195110321,,,,,,,,0.00341796875,1.8246232271194458,0.004003537024729109,-0.020211447069482,10.043663024902344
13000704,2723.2402803840014,0.149338314101393,0.589404284954071,,,,,,,,0.0030517578125,1.811638355255127,0.004071330461509426,-0.0177351882920756,7.562297821044922
13008896,2726.790188097002,0.1089089983655363,0.5251709222793579,,,,,,,,0.0032958984375,1.720190167427063,0.004152980355377811,-0.017852664180742075,11.848883628845215
13017088,2731.0301843220004,0.08569883973336777,0.46575927734375,,,,,,,,0.0035400390625,1.7903292179107666,0.0038082492601559936,-0.021121861396216815,17.453018188476562
13025280,2734.373873741002,0.05575406824716758,0.41557618975639343,,,,,,,,0.003662109375,1.723804235458374,0.0038993088182687208,-0.029436990347973015,24.240320205688477
13033472,2737.745971836004,0.10738201380146176,0.510937511920929,,,,,,,,0.0030517578125,1.7112388610839844,0.003908318667382504,-0.023423445361579934,18.25115966796875
13041664,2741.6269453330024,0.16352942306985244,0.598925769329071,0.007896432030913836,0.00691841911889024,0.005922324023185377,333,616.6267413391221,46.95,5.25,0.0032958984375,1.6620280742645264,0.00408381140593872,-0.01205724273688201,10.47439193725586
13049856,2746.597002029004,0.16662141381896364,0.5697388052940369,,,,,,,,0.0040283203125,1.7473161220550537,0.003354945838319412,-0.0005740720203216636,12.691204071044922
13058048,2750.440039977999,0.22372849456776933,0.648632824420929,,,,,,,,0.0032958984375,1.8448156118392944,0.0025042882505968977,-0.001359910604325406,6.066260814666748
13066240,2756.4363690050013,0.1748117909421602,0.602124035358429,,,,,,,,0.0028076171875,1.8330047130584717,0.002566083985717116,-0.010443614642683046,8.274989128112793
13074432,2760.290489826999,0.16106897678858728,0.5928711295127869,,,,,,,,0.00341796875,1.7722280025482178,0.0028848477590646127,-0.015879678359131545,6.979576110839844
13082624,2763.919343874004,0.16656715545040968,0.5761963129043579,,,,,,,,0.0035400390625,1.840633749961853,0.0046217620904642764,-0.009438266111356328,6.212882995605469
13090816,2767.6443176739995,0.09062582592984135,0.49671632051467896,,,,,,,,0.00390625,1.783128023147583,0.0037947742900033,-0.02512341284383142,11.464947700500488
13099008,2771.2429121530004,0.11839287891202682,0.5450806021690369,,,,,,,,0.003173828125,1.756920576095581,0.0035657708973982905,-0.018348523999048644,11.088839530944824
13107200,2774.923738685,0.12729086616436175,0.536450207233429,0.007060923597293045,0.005747004937786349,0.005295692697969812,333,630.7065707319912,46.800000000000004,5.4,0.0028076171875,1.7795566320419312,0.0034139253424017024,-0.022603999012624915,9.655998229980469
13115392,2779.860016229002,0.14134054527448411,0.556262195110321,,,,,,,,0.004150390625,1.805217981338501,0.003884224025816896,-0.011516957041556006,9.086806297302246
13123584,2783.353450678005,0.08621794415476812,0.48828125,,,,,,,,0.003662109375,1.810153603553772,0.0036874531484276662,-0.021909494325878184,13.572958946228027
13131776,2786.734154212005,0.14296981455070723,0.5865722894668579,,,,,,,,0.0029296875,1.756724238395691,0.0037632781509624458,-0.00922405508373857,11.472793579101562
13139968,2790.1548715120007,0.11549008237127617,0.54571533203125,,,,,,,,0.003173828125,1.8092877864837646,0.00440478714133774,-0.02226351589684325,9.933733940124512
13148160,2793.6514366730044,0.12773729584147078,0.560351550579071,,,,,,,,0.00390625,1.8219741582870483,0.0035322868425868847,-0.014001153247978343,9.083627700805664
13156352,2797.0244201520036,0.15001265638207786,0.49418947100639343,,,,,,,,0.0035400390625,1.8574488162994385,0.003319819503350807,-0.010371483286555197,18.810354232788086
13164544,2800.6783620780043,0.15177558387401244,0.601550281047821,,,,,,,,0.00244140625,1.7947827577590942,0.003796924418980163,-0.020565986412464817,5.845031261444092
13172736,2804.0920440920017,0.09866047413335291,0.4671264588832855,0.008131241832324387,0.009641444931916654,0.006098431374243263,333,617.7629421459944,23.85,5.4,0.003173828125,1.782847285270691,0.003636980564679204,-0.019285363384196074,17.39080238342285
13180928,2809.0171537019996,0.12536929300627628,0.5494629144668579,,,,,,,,0.0032958984375,1.7301342487335205,0.003608949395856098,-0.015167380750164923,13.235350608825684
13189120,2812.550817247,0.16803520400659722,0.609387218952179,,,,,,,,0.0028076171875,1.7837038040161133,0.003581106632019271,-0.01676466017324429,6.593695163726807
13197312,2816.2104672640053,0.2380325254119261,0.5835937857627869,,,,,,,,0.00341796875,1.7951703071594238,0.0037726526332901855,-0.015299259625027066,7.853192329406738
13205504,2819.6097115110024,0.175628180332163,0.615478515625,,,,,,,,0.0028076171875,1.8013302087783813,0.0032679021899220118,-0.018566937426869237,5.050530433654785
13213696,2823.0945559050015,0.11006995634293988,0.533801257610321,,,,,,,,0.0028076171875,1.8370513916015625,0.0031142940926002227,-0.022954901083625835,8.221602439880371
13221888,2826.7047914440045,0.11120399533388242,0.5155884027481079,,,,,,,,0.00390625,1.7735590934753418,0.003171617721279274,-0.02121176439878815,11.530841827392578
13230080,2830.0347999740043,0.17226296264321042,0.625732421875,,,,,,,,0.0029296875,1.8292007446289062,0.003544933577635301,-0.014448482097182181,4.424027442932129
13238272,2833.2167995260024,0.13977781748922807,0.589770495891571,0.005847343561585561,0.005153130314480836,0.0043855076711891705,333,652.2968906064089,37.800000000000004,5.4,0.0030517578125,1.8366544246673584,0.003266314797930381,-0.018501528249926246,4.952676296234131
13246464,2837.995202446,0.09200654429901277,0.501232922077179,,,,,,,,0.002685546875,1.796231746673584,0.0033927875781945005,-0.02452837719003359,10.577675819396973
13254656,2841.6454004789994,0.1445646742768308,0.585693359375,,,,,,,,0.0030517578125,1.8235456943511963,0.003081934874728409,-0.02498195072091452,4.428487300872803
13262848,2845.0111048390027,0.09473721401877618,0.511462390422821,,,,,,,,0.003662109375,1.8166494369506836,0.0028227141535935862,-0.02853950167961692,7.815059661865234
13271040,2848.8124671629994,0.1630654494478109,0.55621337890625,,,,,,,,0.0025634765625,1.8721866607666016,0.002754528467132422,-0.029951756516065797,5.682093143463135
13279232,2852.638339543002,0.10025116838656514,0.523974597454071,,,,,,,,0.003173828125,1.8487370014190674,0.0032438406618123805,-0.0228296963539693,7.023799896240234
13287424,2856.265845523005,0.09136491072837116,0.4777587950229645,,,,,,,,0.003173828125,1.75975501537323,0.003238870384758119,-0.02677701419567682,10.791193962097168
13295616,2859.409428439001,0.09646059763999436,0.521655261516571,,,,,,,,0.0028076171875,1.8404462337493896,0.002915814752906032,-0.025435998451901122,8.018725395202637
13303808,2862.518017857001,0.10248842028681159,0.528247058391571,0.005342699913617577,0.004168732556809829,0.00400702493521321,333,665.9822941212151,46.35,6.0,0.0037841796875,1.8651877641677856,0.002725228091634335,-0.020586885604178075,7.973840236663818
13312000,2866.6649553370007,0.10031863626337621,0.500195324420929,,,,,,,,0.0029296875,1.901135802268982,0.002665614911836256,-0.027702050375715395,9.834988594055176
13320192,2870.2426079330035,0.11676578115193642,0.550219714641571,,,,,,,,0.003173828125,1.8513972759246826,0.0028786288616806655,-0.02519478550633905,7.765320777893066
13328384,2874.229737432004,0.10164752112679663,0.525402843952179,,,,,,,,0.0040283203125,1.81951904296875,0.0032060797889523762,-0.021173234263746454,10.172952651977539
13336576,2877.483459836003,0.21983422182686063,0.5950927734375,,,,,,,,0.0029296875,1.8537265062332153,0.0032660959449728466,-0.01243859627952857,5.718376636505127
13344768,2880.524127308003,0.13351346537348158,0.5698486566543579,,,,,,,,0.0030517578125,1.8239941596984863,0.002557790144231742,-0.022119018986568623,5.237678050994873
13352960,2883.6550173740034,0.13576608154427589,0.5765137076377869,,,,,,,,0.0025634765625,1.8226851224899292,0.0024464459697109975,-0.02229119076314746,5.500370979309082
13361152,2886.5489017770014,0.118558688183191,0.544018566608429,,,,,,,,0.0030517578125,1.8481404781341553,0.002391604168849204,-0.02612034507386282,5.781660556793213
13369344,2889.388503066002,0.22406204510339284,0.46772462129592896,0.006405525021983105,0.005163955930565178,0.004804143766487301,333,637.5338767339276,21.150000000000002,5.4,0.003173828125,1.8219664096832275,0.0031742193373747174,-0.013465214036416435,11.075095176696777
13377536,2893.4155741960058,0.1264927193041133,0.5570068359375,,,,,,,,0.002685546875,1.786844253540039,0.0035277301222380597,-0.02378616376165124,6.534997463226318
13385728,2896.1037467760034,0.08947750122165586,0.50775146484375,,,,,,,,0.00341796875,1.8057081699371338,0.0032766337568639337,-0.02851889423337787,8.792497634887695
13393920,2899.609917362999,0.06620273384359243,0.4466796815395355,,,,,,,,0.003173828125,1.7729393243789673,0.003248076899572072,-0.02460343635274383,16.74188232421875
13402112,2904.6408592869993,0.0959030916387353,0.509411633014679,,,,,,,,0.0029296875,1.8792037963867188,0.0020631973830528283,-0.02788446791355796,9.415080070495605
13410304,2909.859628719001,0.13570220079257314,0.5409912467002869,,,,,,,,0.0030517578125,1.8500248193740845,0.002058271080054852,-0.019331087266179367,9.608192443847656
13418496,2914.678816716005,0.13773115190546809,0.4909423887729645,,,,,,,,0.0029296875,1.8553123474121094,0.0033360510486296624,-0.016711662639184176,15.358566284179688
13426688,2918.962191630999,0.1421289467606491,0.5237671136856079,,,,,,,,0.003662109375,1.8542344570159912,0.003434385795401562,-0.018742693862416806,13.00494384765625
13434880,2923.00424509,0.1669970626262262,0.603442370891571,0.006382751959388977,0.008493437491876699,0.0047870639695417605,333,627.1466811265338,29.85,6.15,0.0035400390625,1.7357772588729858,0.003581372771841451,-0.014223998962447831,5.866392612457275
13443072,2928.688301883005,0.10954658042240101,0.51519775390625,,,,,,,,0.003173828125,1.7791738510131836,0.003726028039378715,-0.025667230759061133,11.835912704467773
13451264,2934.0437920460026,0.07411901093644122,0.42985841631889343,,,,,,,,0.0030517578125,1.6658250093460083,0.0046474089129381335,-0.024086729115811806,23.246959686279297
13459456,2939.302619517999,0.15430392702351706,0.5595459342002869,,,,,,,,0.00244140625,1.6528890132904053,0.004232526903491074,-0.025504348236829805,13.770155906677246
13467648,2944.3977793410013,0.16837470385545833,0.6031494140625,,,,,,,,0.0032958984375,1.708490252494812,0.004098607743827198,-0.011652208052238369,8.345827102661133
13475840,2952.7596029460037,0.1766546640185216,0.613781750202179,,,,,,,,0.003173828125,1.7422763109207153,0.004312755058010431,-0.015029009251199682,6.6695556640625
13484032,2966.0553224680043,0.17930794189794283,0.5981079339981079,,,,,,,,0.0023193359375,1.825347900390625,0.004711428234548398,-0.01587072762536952,5.74996280670166
13492224,2973.3281728799993,0.10980348041600307,0.53558349609375,,,,,,,,0.0042724609375,1.7330819368362427,0.004661675283710309,-0.02535580190797167,9.642793655395508
13500416,2979.162382524999,0.12644064109072967,0.53607177734375,0.0075326018607227985,0.006309792466222097,0.005649451395542071,333,617.4257915955518,40.5,5.4,0.0028076171875,1.7288261651992798,0.0042943275769922185,-0.020101071693625964,9.991782188415527
13508608,2986.937263451,0.23921661959485663,0.6341797113418579,,,,,,,,0.0030517578125,1.7794783115386963,0.004351770603663985,-0.008228151958975747,5.502118110656738
13516800,2992.916451396006,0.20507473408708088,0.6322388052940369,,,,,,,,0.0032958984375,1.731174111366272,0.004068820864205791,-0.008612517459626188,4.99782133102417
13524992,2999.509098184004,0.10983801350778695,0.5317139029502869,,,,,,,,0.0023193359375,1.810708999633789,0.004112355849643867,-0.021050377495134737,7.118621826171875
13533184,3005.9651512160053,0.12230658271361788,0.535266101360321,,,,,,,,0.00341796875,1.7547401189804077,0.003942685474785379,-0.017910138706912437,6.256857872009277
13541376,3011.702773478006,0.07835465862521065,0.46820068359375,,,,,,,,0.0037841796875,1.7265623807907104,0.004116253658838831,-0.020769761958199403,11.964797019958496
13549568,3018.543065196005,0.16163795968257677,0.604846179485321,,,,,,,,0.002685546875,1.8373181819915771,0.0039039304554533416,-0.014823685558768463,4.982791423797607
13557760,3024.946200461003,0.09444489823516666,0.47569581866264343,,,,,,,,0.0035400390625,1.779496431350708,0.003722925360585827,-0.027059616142386,11.583762168884277
13565952,3030.231550053002,0.07670350693455114,0.444091796875,0.006604132151566189,0.00600569910520532,0.004953099113674586,333,642.6900048121695,32.4,5.4,0.0029296875,1.8009412288665771,0.003756761922606877,-0.02548105616033023,17.863208770751953
13574144,3037.999225632004,0.13920353478324526,0.5844970941543579,,,,,,,,0.0032958984375,1.746943473815918,0.00393745170549753,-0.019513516804690163,8.118328094482422
13582336,3044.2513780920053,0.05491203987241609,0.38377687335014343,,,,,,,,0.0037841796875,1.7421767711639404,0.0041201456716110085,-0.024465993557159737,26.20377540588379
13590528,3050.705196545001,0.11141626315853737,0.534436047077179,,,,,,,,0.002197265625,1.704098105430603,0.004145324548618268,-0.022290152919761688,11.518481254577637
13598720,3056.629788267004,0.1338670862287218,0.5657715201377869,,,,,,,,0.0035400390625,1.6485443115234375,0.004187868291926855,-0.014305029493531402,11.106135368347168
13606912,3062.9545749470053,0.0955826663931797,0.4864135682582855,,,,,,,,0.0035400390625,1.6576943397521973,0.004193463076851978,-0.013244957883210829,19.725601196289062
13615104,3068.648036231003,0.23520466311255073,0.5995849967002869,,,,,,,,0.0029296875,1.719151258468628,0.0041300867837914534,-0.01279200555189109,9.515456199645996
13623296,3074.1093469120024,0.10326917620690196,0.5100464224815369,,,,,,,,0.0032958984375,1.745849370956421,0.004876108607382856,-0.01657278638924061,18.303159713745117
13631488,3080.0712913120005,0.08416662601611889,0.43553468585014343,0.00786770102278711,0.0060053303119060875,0.0059007757670903604,333,613.7333228053814,43.35,5.4,0.00341796875,1.714467167854309,0.00488954078004733,-0.022274703941421767,24.21412467956543
13639680,3088.8001513109994,0.1605011170518366,0.5859131217002869,,,,,,,,0.003173828125,1.7138125896453857,0.004653157359667204,-0.009273854130277646,12.398027420043945
13647872,3095.034744299999,0.20860133830315997,0.6302246451377869,,,,,,,,0.00341796875,1.6664786338806152,0.0044299067437945094,0.0030743859707946376,10.572043418884277
13656064,3101.133985228,0.2166589439910327,0.653698742389679,,,,,,,,0.0030517578125,1.743854284286499,0.004325988651563195,-0.011272073853494867,5.675590515136719
13664256,3107.8624813630013,0.19097438408699588,0.5963379144668579,,,,,,,,0.0030517578125,1.7148652076721191,0.004140250017158231,-0.008833685246810271,9.037273406982422
13672448,3114.6113963130047,0.09214885820410741,0.501708984375,,,,,,,,0.0030517578125,1.7030755281448364,0.0044831766883538515,-0.023105251965502893,16.348886489868164
13680640,3121.362526252,0.13775572790302834,0.581555187702179,,,,,,,,0.0029296875,1.7082830667495728,0.003789816294430537,-0.023866154015585485,8.355133056640625
13688832,3128.378550182002,0.10525829914455093,0.505969226360321,,,,,,,,0.0037841796875,1.760927677154541,0.0033876706768058984,-0.02256535913068518,11.874435424804688
13697024,3135.1715911920037,0.14258113681671164,0.5514160394668579,0.007399856035418151,0.006607321198969784,0.005549892026563641,333,622.0887231927958,45.150000000000006,6.0,0.0029296875,1.7974786758422852,0.0037969272259537057,-0.011670670239903171,11.477325439453125
13705216,3143.973859056001,0.16375394484610029,0.60906982421875,,,,,,,,0.00341796875,1.7074261903762817,0.004318098696006523,-0.016526249214493343,6.127315044403076
13713408,3150.2029999700026,0.07932401668059229,0.45667725801467896,,,,,,,,0.00341796875,1.696965217590332,0.004338232034843736,-0.027840053731238924,17.295974731445312
13721600,3157.182448902,0.10429506661642143,0.523815929889679,,,,,,,,0.0032958984375,1.7092556953430176,0.004225149664209615,-0.022463838194882194,14.116815567016602
13729792,3163.7530282880034,0.12188468257803729,0.535754382610321,,,,,,,,0.0029296875,1.7000735998153687,0.0037458845076326908,-0.025424471950559493,12.917920112609863
13737984,3169.505627762999,0.09602672846003442,0.4996337890625,,,,,,,,0.0029296875,1.7035150527954102,0.003399872799247028,-0.02842644411357901,15.634307861328125
13746176,3175.1179159480016,0.23270992813111963,0.6364990472793579,,,,,,,,0.00341796875,1.7253084182739258,0.0036605227127739504,-0.010885909820090432,6.968052864074707
13754368,3180.705273780004,0.1661647268176566,0.610278308391571,,,,,,,,0.0030517578125,1.7322808504104614,0.004294880272822321,-0.010992340045027133,7.7289018630981445
13762560,3186.3212345960055,0.126375531094885,0.5354980826377869,0.007372684299654986,0.005670674206305626,0.005529513224741267,333,619.8606425190369,32.4,5.4,0.003662109375,1.8367623090744019,0.004232349032897709,-0.020752601285895657,10.144843101501465
13770752,3194.761801435001,0.12840794759050117,0.5604248046875,,,,,,,,0.0030517578125,1.7417014837265015,0.0039395170759571885,-0.022628542016088327,9.196524620056152
13778944,3200.4290151120003,0.18871549163084755,0.6393188834190369,,,,,,,,0.003173828125,1.738390326499939,0.003877442102487416,-0.0074345473138865735,5.0452704429626465
13787136,3205.2691005939996,0.12140399040826351,0.5528564453125,,,,,,,,0.002685546875,1.730446219444275,0.004251433854970399,-0.023144602970785116,7.4037699699401855
13795328,3210.804264630002,0.13365527235425453,0.5518555045127869,,,,,,,,0.00341796875,1.7186977863311768,0.004752515595431883,-0.023836778363297006,8.462762832641602
13803520,3216.6370672830017,0.12527524943770835,0.5204834342002869,,,,,,,,0.00244140625,1.7627335786819458,0.003806505532532034,-0.022637080447517836,10.087691307067871
13811712,3222.4571805290034,0.10885925855060974,0.520800769329071,,,,,,,,0.003662109375,1.7066813707351685,0.0040900473463086895,-0.02400453576596462,10.357573509216309
13819904,3228.2430297980027,0.16031008221936627,0.5085693597793579,,,,,,,,0.0028076171875,1.6675641536712646,0.0039371418903612065,-0.0206812115683892,13.407986640930176
13828096,3234.243535405003,0.14716290874181567,0.5954346060752869,0.012718494986594608,0.011198637410495094,0.009538871239946012,333,575.2963817549007,33.75,5.4,0.003662109375,1.6553080081939697,0.005668336878039915,-0.01862155748399671,8.429312705993652
13836288,3242.2176063970037,0.1145286809697579,0.51287841796875,,,,,,,,0.00341796875,1.6642959117889404,0.005812736305236932,-0.014390498744740327,16.637845993041992
13844480,3247.9977984190045,0.13582137780527392,0.556286633014679,,,,,,,,0.002685546875,1.6859328746795654,0.005368455397341432,-0.014186335593478462,14.83884334564209
13852672,3253.781826794999,0.1616152721092667,0.592529296875,,,,,,,,0.0032958984375,1.7013808488845825,0.00441495865712227,-0.01238172175908098,9.858057975769043
13860864,3259.8522262760016,0.22784763046059445,0.5887207388877869,,,,,,,,0.0030517578125,1.7039698362350464,0.004186561385657983,-0.012542492986096498,8.79948902130127
13869056,3265.492163832001,0.12969808480271477,0.561022937297821,,,,,,,,0.002685546875,1.778909683227539,0.004355682277398243,-0.02387349890347941,9.404994010925293
13877248,3272.5221144660027,0.15915519768165273,0.6048340201377869,,,,,,,,0.0037841796875,1.7294344902038574,0.004595727399607119,-0.01371331332582086,5.876081943511963
13885440,3279.4444433669996,0.1094911030773807,0.5274902582168579,,,,,,,,0.00341796875,1.7522742748260498,0.0032564005209716473,-0.02323263737389455,10.919909477233887
13893632,3285.0926156490023,0.22142164972534514,0.6252807974815369,0.009046183511884687,0.009175068408334375,0.0067846376339135706,333,611.5454956604418,11.700000000000001,5.4,0.00244140625,1.8043359518051147,0.003296609909956727,-0.008195049743924104,4.894062042236328
13901824,3293.1660944190007,0.17263246321504228,0.6149536371231079,,,,,,,,0.0037841796875,1.7695664167404175,0.00338059158905879,-0.01646025279033746,5.851274013519287
13910016,3299.310422499999,0.12913619108978242,0.5176635980606079,,,,,,,,0.002197265625,1.7905687093734741,0.0039863740500183376,-0.01880647731652087,11.459999084472656
13918208,3305.320262109002,0.1129626674069155,0.5446533560752869,,,,,,,,0.0032958984375,1.7753366231918335,0.004001218766691572,-0.024013788298603473,6.806779384613037
13926400,3310.8432431730034,0.1287803526793145,0.572924792766571,,,,,,,,0.0032958984375,1.7762993574142456,0.003951451484900614,-0.025885163273545952,5.961816787719727
13934592,3316.4277019090005,0.1353948694617782,0.535400390625,,,,,,,,0.003173828125,1.8305326700210571,0.004058170864362998,-0.020136103658876303,6.877381801605225
13942784,3321.9950841980026,0.16837547367060002,0.6018921136856079,,,,,,,,0.0032958984375,1.7900278568267822,0.004136705966336196,-0.013895850451344442,4.608617782592773
13950976,3327.777262817006,0.11435665368347672,0.5312744379043579,,,,,,,,0.0028076171875,1.755185604095459,0.004139687360886102,-0.02884449008547539,8.035850524902344
13959168,3333.6648195450034,0.09927487100609488,0.501782238483429,0.007545569521866136,0.006725449836026631,0.0056591771413996295,333,628.1287863580958,25.8,5.4,0.0028076171875,1.793870210647583,0.004232512831168989,-0.030072592201420723,9.386717796325684
13967360,3341.432528612,0.09056980626347365,0.4968505799770355,,,,,,,,0.003173828125,1.7180933952331543,0.003755287769853566,-0.02469322368702111,11.758054733276367
13975552,3347.906754004005,0.15578313892351625,0.570996105670929,,,,,,,,0.003173828125,1.8019176721572876,0.003727346039530288,-0.026009421826063885,6.275981426239014
13983744,3353.8937661610034,0.18902704754057278,0.588244616985321,,,,,,,,0.003662109375,1.7684754133224487,0.004456188088679092,-0.01640734090538013,5.5785675048828125
13991936,3359.5688698529993,0.11349606791667771,0.534069836139679,,,,,,,,0.0032958984375,1.776275873184204,0.004502375618796517,-0.02457771585703054,8.023709297180176
14000128,3365.029447478999,0.14360894784670306,0.5854248404502869,,,,,,,,0.0029296875,1.8441317081451416,0.004246767753122271,-0.016267345636363947,5.740637302398682
14008320,3370.512789458,0.1305969542973434,0.566821277141571,,,,,,,,0.00390625,1.815385341644287,0.004173257058698754,-0.022262312128354358,5.662667751312256
14016512,3376.6963829000015,0.07894137511520614,0.44683837890625,,,,,,,,0.0025634765625,1.86627197265625,0.004070056719995052,-0.02645960072924061,15.682604789733887
14024704,3382.7069985230046,0.19286810320575676,0.6314697265625,0.007056936322673124,0.00572075097613578,0.005292702242004843,333,632.7861077057096,41.7,5.25,0.00341796875,1.8027479648590088,0.003910135486214883,-0.010833233644653282,4.035009860992432
14032896,3390.201600860004,0.13689674559025977,0.5444092154502869,,,,,,,,0.0037841796875,1.775877594947815,0.003859785865441445,-0.02149075489504963,6.953801155090332
14041088,3395.832170171001,0.10746047702443362,0.494140625,,,,,,,,0.0030517578125,1.8706895112991333,0.0038115015753916737,-0.020758916355308934,10.04244613647461
14049280,3401.078288308003,0.12594859587878723,0.560412585735321,,,,,,,,0.0037841796875,1.7989856004714966,0.0036456476417714434,-0.020633687174225136,6.602221965789795
14057472,3406.1686471700013,0.09988366660680877,0.505480945110321,,,,,,,,0.002685546875,1.8119628429412842,0.003923898022017203,-0.027459460434765343,9.352795600891113
14065664,3411.707207284002,0.10698684933805228,0.5423583984375,,,,,,,,0.0032958984375,1.8425109386444092,0.003736521688917138,-0.020067314683077226,8.449080467224121
14073856,3417.4398743109996,0.1343765402699697,0.57275390625,,,,,,,,0.00341796875,1.8207480907440186,0.003980295042596893,-0.016163173355815914,7.235412120819092
14082048,3423.1038465220045,0.1555060672811151,0.5944580435752869,,,,,,,,0.002685546875,1.8321330547332764,0.004082096482712738,-0.02240549134525973,5.052638530731201
14090240,3429.155702404001,0.15227464614583108,0.5917114615440369,0.010597673054048018,0.008741542648245337,0.007948254790536069,333,592.8705464414323,18.150000000000002,5.4,0.0037841796875,1.8103479146957397,0.0041571210950187565,-0.021010734349767177,4.601950168609619
14098432,3436.830818047005,0.13448339815090293,0.4925781190395355,,,,,,,,0.0032958984375,1.7877737283706665,0.004382735407593152,-0.017138707086926674,9.776968955993652
14106624,3442.4012597710025,0.051477127744577134,0.3631347715854645,,,,,,,,0.0030517578125,1.7569304704666138,0.004227033525825097,-0.02674980804131892,23.873350143432617
14114816,3447.484042121003,0.12319957567338374,0.542675793170929,,,,,,,,0.00390625,1.7369776964187622,0.0037777952960229566,-0.0225167451812629,10.254149436950684
14123008,3452.767117039999,0.1003489002498689,0.5172363519668579,,,,,,,,0.002685546875,1.7378439903259277,0.0035635438210186443,-0.017453322250187905,16.691526412963867
14131200,3458.4804069790043,0.16878131426623735,0.57818603515625,,,,,,,,0.003662109375,1.7940863370895386,0.0049408478081443,-0.008895332972974734,8.232065200805664
14139392,3464.0779711600044,0.13241622140406978,0.56817626953125,,,,,,,,0.0035400390625,1.7280848026275635,0.004923090494464266,-0.017984502378015455,8.03419017791748
14147584,3469.6879740260047,0.19678784016987427,0.6399780511856079,,,,,,,,0.0029296875,1.7999316453933716,0.004782419506765168,-0.008893940063236122,4.3119683265686035
14155776,3475.153415425004,0.09653911469073173,0.51446533203125,0.2652571986380948,0.19900130030995933,0.19900130030995933,35,-1.7182600829347026,5.25,nan,0.0032958984375,1.8053092956542969,0.004359739095556869,-0.02602284526319605,9.956989288330078
14163968,3483.1021763710014,0.16254523598491263,0.599987804889679,,,,,,,,0.0030517578125,1.7861742973327637,0.004279310118391555,-0.018808456420417577,5.555639743804932
14172160,3488.585591505005,0.16693753792243565,0.587963879108429,,,,,,,,0.003173828125,1.832313895225525,0.004348223749155222,-0.012159654219888578,6.149246692657471
14180352,3494.7599031240024,0.09684873563203841,0.522692859172821,,,,,,,,0.0032958984375,1.7436602115631104,0.0038831367351256363,-0.02463679660412399,7.909961700439453
14188544,3500.115881247999,0.15358233574376348,0.6009888052940369,,,,,,,,0.0025634765625,1.7747091054916382,0.0037128258847248796,-0.02563298204939753,4.470935344696045
14196736,3505.7478900070055,0.14104645924828516,0.4442504942417145,,,,,,,,0.004150390625,1.8141305446624756,0.0038444141254985187,-0.024471063058939608,16.0148868560791
14204928,3511.284643236999,0.12417490741055995,0.5587158203125,,,,,,,,0.00390625,1.788253664970398,0.0043033399562415475,-0.018863265217520592,7.748953342437744
14213120,3516.780457427005,0.13725223472594647,0.53143310546875,,,,,,,,0.002685546875,1.8078848123550415,0.004026933240373065,-0.018828937543308364,9.28205680847168
14221312,3522.6448456210055,0.10875097125655585,0.516955554485321,0.009534873268533417,0.007636663888428097,0.007151154951400063,333,600.4612793036091,48.6,5.25,0.00390625,1.7335857152938843,0.003956965874107987,-0.02415326655544694,11.263181686401367
14229504,3530.546779507,0.10965045346635496,0.49226075410842896,,,,,,,,0.0028076171875,1.7714438438415527,0.004071615278104179,-0.019976265124052123,17.09527015686035
14237696,3536.4883773190013,0.12762576873951767,0.5552002191543579,,,,,,,,0.003173828125,1.7237005233764648,0.004662363848485507,-0.025364349465170424,9.13321590423584
14245888,3541.985955963006,0.0839385147421886,0.4766479432582855,,,,,,,,0.0047607421875,1.7803122997283936,0.004253337958024073,-0.02365130436782012,19.99649429321289
14254080,3546.7253435599996,0.13343502720711506,0.559374988079071,,,,,,,,0.0029296875,1.7800164222717285,0.004037088815056267,-0.016116230814784024,10.64030933380127
14262272,3552.0487247960045,0.1498078537867023,0.584912121295929,,,,,,,,0.0029296875,1.7595573663711548,0.004079242066245992,-0.021041785658036424,7.663115978240967
14270464,3558.859368136,0.16821519919906866,0.597888171672821,,,,,,,,0.00341796875,1.7473746538162231,0.00464821072243593,-0.006082966061806568,11.654558181762695
14278656,3565.7594848980007,0.1699057992795586,0.571032702922821,,,,,,,,0.003173828125,1.8010956048965454,0.004862125274684548,-0.010076579568951138,13.06455135345459
14286848,3570.566805530005,0.13671076026205373,0.578906238079071,0.0057657634411441006,0.26826358889954693,0.2538125260791497,27,-6.563877907791573,0.15000000000000002,nan,0.0035400390625,1.7802122831344604,0.004522788515000431,-0.01642154263087403,9.321977615356445
14295040,3577.456616169002,0.14022523292589603,0.5702759027481079,,,,,,,,0.0029296875,1.7810776233673096,0.004448496437635896,-0.010625296719943207,14.147055625915527
14303232,3582.113414686006,0.14375963885710638,0.54296875,,,,,,,,0.003662109375,1.8126715421676636,0.004667992676331889,-0.010575202184050184,11.248321533203125
14311424,3586.631408541005,0.14192664793348297,0.51611328125,,,,,,,,0.0030517578125,1.720388650894165,0.004669131646362956,-0.017301076039619872,14.467143058776855
14319616,3591.355509866,0.13530255060220306,0.5356689691543579,,,,,,,,0.0037841796875,1.7981390953063965,0.0037661340795056564,-0.017500233925576994,14.395219802856445
14327808,3596.0922500560046,0.14702019706445837,0.575610339641571,,,,,,,,0.00390625,1.6811083555221558,0.003436725564914589,-0.011621523774070582,11.512855529785156
14336000,3601.109110659003,0.12157731142838751,0.5433716177940369,,,,,,,,0.0029296875,1.6885254383087158,0.0031331864040183843,-0.013896437385872729,15.058234214782715
14344192,3605.9580583170027,0.14066659226806108,0.5824829339981079,,,,,,,,0.003173828125,1.7683545351028442,0.004702793444913089,-0.022955207322569116,9.047486305236816
14352384,3610.3201665830056,0.230219689857162,0.6634888052940369,0.008008099643654898,0.00797545006420708,0.006006074732741173,333,615.3821986824855,26.25,5.25,0.0032958984375,1.7411869764328003,0.004552487621394485,-0.00546851960397508,5.437844753265381
14360576,3617.198413721999,0.1206155853166338,0.539782702922821,,,,,,,,0.0030517578125,1.7952144145965576,0.004486804815002521,-0.016049781305000323,13.026698112487793
14368768,3622.166489053001,0.13104066103657172,0.552868664264679,,,,,,,,0.0032958984375,1.8041132688522339,0.004249767425788087,-0.01919773153473602,10.456875801086426
14376960,3626.8555916640034,0.1758381415242527,0.57659912109375,,,,,,,,0.0032958984375,1.734609842300415,0.004041853858796629,-0.020391207359052827,9.964409828186035
14385152,3631.917707417,0.17502080869927436,0.623303234577179,,,,,,,,0.0029296875,1.742604374885559,0.004443821401735493,-0.019114848079965316,5.504427909851074
14393344,3637.3849345519993,0.18690441480040454,0.630725085735321,,,,,,,,0.0032958984375,1.7441930770874023,0.003944837243711974,-0.017765986313501746,4.335683345794678
14401536,3643.009974837005,0.12846967149650781,0.56292724609375,,,,,,,,0.0030517578125,1.82332181930542,0.0037148064484151533,-0.022221728958315604,6.156831741333008
14409728,3649.411615955003,0.1327126909816408,0.5704590082168579,,,,,,,,0.0032958984375,1.7918057441711426,0.004223666690121419,-0.026863454918001652,6.1935224533081055
14417920,3656.3291055090012,0.10253048196182975,0.507336437702179,0.006554824518739788,0.00517517400248535,0.004916118389054813,333,638.9807539449502,37.800000000000004,5.25,0.00341796875,1.7974886894226074,0.0037931702573994475,-0.022695431851729685,11.406580924987793
14426112,3665.701604243004,0.13317908989190397,0.5299316644668579,,,,,,,,0.0035400390625,1.7690626382827759,0.003908088520054309,-0.011059019258801544,11.644869804382324
14434304,3671.8435868400047,0.11153763105447703,0.538403332233429,,,,,,,,0.002685546875,1.7551144361495972,0.004729449585699208,-0.02451400042662941,9.623428344726562
14442496,3678.0765056300006,0.13376930612648436,0.580212414264679,,,,,,,,0.0030517578125,1.7103557586669922,0.004298153487196976,-0.01854720125516902,5.554327487945557
14450688,3684.696271945999,0.18440151403158037,0.6061767935752869,,,,,,,,0.00341796875,1.7616381645202637,0.004459230341989029,-0.01679841841872342,5.015719890594482
14458880,3691.4147327160026,0.18241442578591605,0.6122803092002869,,,,,,,,0.0028076171875,1.7725815773010254,0.004307695574209847,-0.020337994230580032,4.313539028167725
14467072,3697.477470703001,0.12330382398840163,0.544677734375,,,,,,,,0.0032958984375,1.8267991542816162,0.004362151685302962,-0.024336631821663023,6.338113307952881
14475264,3703.356613642005,0.10594860227343064,0.527600109577179,,,,,,,,0.0032958984375,1.8291188478469849,0.004030704551014286,-0.024046136738355497,6.905850410461426
14483456,3709.736281451005,0.13635300673779913,0.5787109732627869,0.0072759783117500865,0.007642755739192375,0.005456983733812537,333,631.8637687872159,38.7,5.4,0.0035400390625,1.7849386930465698,0.004110078319870314,-0.024800224433500363,4.853311061859131
14491648,3718.270052341999,0.07497333104891589,0.44488525390625,,,,,,,,0.0030517578125,1.792421817779541,0.0041018542043387285,-0.025606677792615863,15.556159019470215
14499840,3726.035764924003,0.14059303870430087,0.5686401724815369,,,,,,,,0.00341796875,1.7822470664978027,0.003669236804488829,-0.030221965471367008,5.686519145965576
14508032,3732.583506754003,0.08116926931733888,0.4652954041957855,,,,,,,,0.0032958984375,1.7849081754684448,0.0036960356714088594,-0.020468908189753356,15.026118278503418
14516224,3738.901259446,0.08961716125739894,0.49165040254592896,,,,,,,,0.0030517578125,1.7634549140930176,0.004238020463471992,-0.022277019501992693,13.54184627532959
14524416,3744.649071808002,0.1548636172920309,0.585803210735321,,,,,,,,0.002685546875,1.7590194940567017,0.004119934331912489,-0.02097753305984723,7.529101848602295
14532608,3750.7338676740037,0.18053069941852495,0.627209484577179,,,,,,,,0.00341796875,1.7199735641479492,0.003984452044078712,-0.020324860852015236,4.538269996643066
14540800,3756.816812568999,0.1355706293036858,0.5785156488418579,,,,,,,,0.0030517578125,1.790480136871338,0.003913522117169221,-0.022408079630801638,5.4746012687683105
14548992,3763.9569983399997,0.14838447382846756,0.5865112543106079,0.008920321682277521,0.008021555297968552,0.006690241261708141,333,608.5121423576795,47.1,6.0,0.0030517578125,1.7592166662216187,0.004629010050101523,-0.023655648009506463,5.093463897705078
14557184,3772.773979826001,0.14183649552900196,0.5571533441543579,,,,,,,,0.0032958984375,1.7786953449249268,0.00442388601577548,-0.015104322819024702,11.707728385925293
14565376,3778.365884165003,0.06505898798521621,0.4289917051792145,,,,,,,,0.0029296875,1.7321919202804565,0.004399834084660159,-0.02475401060112747,17.095008850097656
14573568,3785.216325884001,0.1445266596545065,0.5829101800918579,,,,,,,,0.0030517578125,1.7571438550949097,0.00461787668127478,-0.02017844732828529,7.328068733215332
14581760,3793.237368052003,0.17305106916893165,0.5463501214981079,,,,,,,,0.003173828125,1.7372357845306396,0.005085433505510495,-0.009335069184070278,12.089205741882324
14589952,3800.219000352001,0.24204998203502465,0.6086181998252869,,,,,,,,0.00341796875,1.7779436111450195,0.004713261250092082,-0.016275521098074015,6.401094913482666
14598144,3808.097857384004,0.14059759238874206,0.549487292766571,,,,,,,,0.0030517578125,1.7269341945648193,0.004729388751929742,-0.019727753251276695,7.465660095214844
14606336,3817.7331670290005,0.14858703000411566,0.578857421875,,,,,,,,0.0035400390625,1.7348239421844482,0.004875035571518138,-0.022152364026425314,6.706223964691162
14614528,3823.7629851770034,0.12614299747711769,0.5437256097793579,0.009746707168949098,0.008258711876516722,0.007551152760269519,333,588.5428678548033,37.95,nan,0.0025634765625,1.6879081726074219,0.005908939844761485,-0.028742287606508245,8.18267822265625
14622720,3832.5624823260005,0.08460201281011986,0.47563478350639343,,,,,,,,0.0035400390625,1.691986083984375,0.005693869070357627,-0.027473101693093627,11.993249893188477
14630912,3838.392418444004,0.13661876827530148,0.5519653558731079,,,,,,,,0.0029296875,1.6866883039474487,0.004676954596024352,-0.015284370298452128,13.282252311706543
14639104,3844.545380443,0.2084132928680425,0.60125732421875,,,,,,,,0.0032958984375,1.736258625984192,0.0046047402265375625,-0.006376684735059274,7.210351467132568
14647296,3850.7428067080036,0.12843339855665406,0.55584716796875,,,,,,,,0.003173828125,1.7395991086959839,0.004397419379020717,-0.020055710003269046,9.494729995727539
14655488,3857.0457627840005,0.06904359880272908,0.3919433653354645,,,,,,,,0.003662109375,1.7212001085281372,0.004428551853629115,-0.023639184205593335,28.377674102783203
14663680,3863.4975090150037,0.0849166178229146,0.46491700410842896,,,,,,,,0.0032958984375,1.70603609085083,0.00484579024298859,-0.01598335590221256,23.488784790039062
14671872,3870.0334325240037,0.125771425903895,0.5633178949356079,,,,,,,,0.0032958984375,1.6756610870361328,0.005099471424448665,-0.016369883605017944,14.079840660095215
14680064,3876.2213448450057,0.18063751776494477,0.616809070110321,0.009318526564191187,0.008838157641851474,0.006988894923143363,333,606.6718858295549,46.800000000000004,6.15,0.0032958984375,1.7623047828674316,0.004455733154933528,-0.020095326435817445,6.886643409729004
14688256,3886.105350635,0.17174491206397224,0.617077648639679,,,,,,,,0.00341796875,1.767702579498291,0.004379911408355364,-0.02198844713723184,6.493272304534912
14696448,3892.1428192620006,0.16883317702776746,0.596997082233429,,,,,,,,0.0032958984375,1.7464146614074707,0.004400141177284378,-0.015303691494301741,6.75386381149292
14704640,3898.028748728,0.20502216392174155,0.58953857421875,,,,,,,,0.0030517578125,1.7535399198532104,0.004396066351299854,-0.004957185467853901,6.975076198577881
14712832,3904.587355857999,0.09930526030919923,0.5118164420127869,,,,,,,,0.0035400390625,1.7249832153320312,0.004813124696626758,-0.020173438545218678,14.004910469055176
14721024,3911.1986240660044,0.11447111282300022,0.49742433428764343,,,,,,,,0.003173828125,1.7730377912521362,0.0047275701199023246,-0.01322554924149288,16.792720794677734
14729216,3917.8902812140004,0.07447491945970569,0.4416259825229645,,,,,,,,0.0032958984375,1.8035917282104492,0.0048160673247943375,-0.02321317599487109,19.053354263305664
14737408,3924.460862099004,0.1373058793328219,0.554577648639679,,,,,,,,0.00341796875,1.7212857007980347,0.00480960336377767,-0.02424744487845917,8.944209098815918
14745600,3930.4287972780003,0.17735345166213579,0.6187500357627869,0.008351637351102448,0.007386971663114639,0.006339068448676821,333,608.2977299033776,46.2,nan,0.0028076171875,1.7576583623886108,0.0030702264539792523,-0.01314633568802119,6.7787766456604
14753792,3938.6760804860023,0.13130656632400262,0.553088366985321,,,,,,,,0.00390625,1.7863529920578003,0.0029470139950629193,-0.02270122902227317,8.795783996582031
14761984,3945.861479377003,0.14541841044337472,0.5751953125,,,,,,,,0.003662109375,1.7671213150024414,0.003273660367383524,-0.018757453023283535,8.304961204528809
14770176,3952.2571570940054,0.20369586779516247,0.591137707233429,,,,,,,,0.003173828125,1.805248498916626,0.005423726615317537,-0.01130678240498291,6.372982501983643
14778368,3958.706246972004,0.15104614736834573,0.591198742389679,,,,,,,,0.003662109375,1.775531530380249,0.00465516452674497,-0.015574123762331344,6.240489482879639
14786560,3964.312799264,0.12804133534569512,0.5644775629043579,,,,,,,,0.0028076171875,1.7754749059677124,0.0047579386577041305,-0.025956656168392947,6.517428874969482
14794752,3970.3192350450045,0.11705258280523234,0.533679187297821,,,,,,,,0.0032958984375,1.736647367477417,0.004997180119160616,-0.019980782111712246,8.7872314453125
14802944,3975.966822942006,0.16563417544706383,0.603466808795929,,,,,,,,0.00390625,1.697564721107483,0.005777909332557396,-0.0112729283768814,5.921323299407959
14811136,3980.8174652860034,0.10101994703825981,0.5278686881065369,0.014282487908772956,0.01217032251314798,0.01071186593157969,333,560.9600040026008,27.150000000000002,7.5,0.0028076171875,1.7794220447540283,0.005508287656073141,-0.028196773027698543,7.205131530761719
14819328,3987.8609385720047,0.18753449776341846,0.567028820514679,,,,,,,,0.003662109375,1.7551987171173096,0.005499048061132661,-0.011064864202793909,7.846151828765869
14827520,3993.2549008460046,0.1506900568678004,0.520275890827179,,,,,,,,0.00341796875,1.772363543510437,0.005307515308733746,-0.01730202468961128,9.947347640991211
14835712,3998.680560327004,0.09860544240502767,0.48834228515625,,,,,,,,0.00341796875,1.7967262268066406,0.005131162326766914,-0.0180865667041165,11.838152885437012
14843904,4004.708616447999,0.3776606733203193,0.651416003704071,,,,,,,,0.0035400390625,1.7002886533737183,0.005579669401427623,0.018009809730348464,7.065288066864014
14852096,4010.4373443270015,0.13390407905191273,0.5643554925918579,,,,,,,,0.0029296875,1.7586098909378052,0.005485184889643113,-0.017128634500058564,8.184699058532715
14860288,4015.878178070001,0.18569964237427167,0.5687500238418579,,,,,,,,0.0035400390625,1.6880075931549072,0.005527758143700101,-0.011991753922983435,9.670561790466309
14868480,4021.5677022610034,0.16885501323099225,0.5250000357627869,,,,,,,,0.003662109375,1.7654443979263306,0.005389177077228524,-0.006009144418149971,13.157855033874512
14876672,4026.869883627005,0.13496153504593314,0.568432629108429,0.006944083543684032,0.006027703559271735,0.0052080626577630795,333,617.7248805465556,35.550000000000004,6.300000000000001,0.003173828125,1.7399462461471558,0.005606415935923703,-0.01824575194888267,6.0620622634887695
14884864,4034.4726989140036,0.20172697517767002,0.6464477777481079,,,,,,,,0.00341796875,1.7343294620513916,0.005749484962807694,-0.0075144585769034615,4.414620399475098
14893056,4039.887899432004,0.13487265914016727,0.5753540396690369,,,,,,,,0.0028076171875,1.7489570379257202,0.00505403145617811,-0.02038477199599392,4.672338485717773
14901248,4045.523986209999,0.10537897214695247,0.5102295279502869,,,,,,,,0.00341796875,1.7728906869888306,0.004918380085411456,-0.02084575516344661,10.162924766540527
14909440,4051.7857269820015,0.1871957216610053,0.6332641839981079,,,,,,,,0.0029296875,1.721130132675171,0.004722667238728828,-0.019360838304251005,3.7300941944122314
14917632,4057.736485715999,0.14355790036467805,0.5852295160293579,,,,,,,,0.0029296875,1.7962536811828613,0.005411785812426295,-0.021460109954156016,3.9486122131347656
14925824,4063.2067781010046,0.090114542063453,0.50494384765625,,,,,,,,0.0037841796875,1.8000717163085938,0.004265991384731382,-0.0271097892549471,6.3634443283081055
14934016,4068.5943667470056,0.13356180638539536,0.5738891959190369,,,,,,,,0.00341796875,1.7665386199951172,0.0044858538592871255,-0.022036761649537735,4.439364433288574
14942208,4073.818343428,0.13941726290761286,0.579235851764679,0.009154392050557236,0.007777841070433,0.006865794037917983,333,604.1552638221634,39.900000000000006,6.15,0.0025634765625,1.7795298099517822,0.004326733578005948,-0.02712079783284744,3.2815873622894287
14950400,4081.657505233001,0.07698419239938344,0.45524904131889343,,,,,,,,0.003662109375,1.7895314693450928,0.004448839101907076,-0.023346196788832915,11.548945426940918
14958592,4087.5419573239997,0.07326034317143125,0.43309327960014343,,,,,,,,0.003173828125,1.7959620952606201,0.004392418970347367,-0.024297178871688252,12.865130424499512
14966784,4092.911714877002,0.10615276877288893,0.458251953125,,,,,,,,0.003662109375,1.78294837474823,0.005188468470698981,-0.021123806372822632,12.827292442321777
14974976,4098.404247341001,0.1694316258613433,0.575390636920929,,,,,,,,0.0035400390625,1.7905131578445435,0.005047862724005148,-0.017926797032231833,6.725114345550537
14983168,4103.933343212004,0.1401204186717074,0.5860595703125,,,,,,,,0.00341796875,1.7812339067459106,0.0042082528062517,-0.01819301925216458,5.545501708984375
14991360,4109.136995814006,0.15598856896364988,0.599853515625,,,,,,,,0.0032958984375,1.8178784847259521,0.003942370490051417,-0.01824185808816542,4.145632266998291
14999552,4114.733817922002,0.17756562487787952,0.612060546875,,,,,,,,0.0029296875,1.7755376100540161,0.004048635710107384,-0.010054200506824313,3.856884002685547
15007744,4120.50942283,0.11520051236993684,0.535815417766571,0.014109857072245102,0.01308203720430523,0.010582392804183827,333,559.5916464239856,43.95,5.25,0.00341796875,1.8300213813781738,0.004510119289445003,-0.025737781250637477,4.939086437225342
15015936,4128.943862644002,0.1013996994434263,0.49681398272514343,,,,,,,,0.00341796875,1.8131096363067627,0.004640566536371904,-0.025762853948035104,6.573245525360107
15024128,4135.733998641001,0.07600802650610894,0.4354003965854645,,,,,,,,0.00341796875,1.813744306564331,0.004612538957182277,-0.02115570744929701,16.520986557006836
15032320,4141.301773671999,0.09187653367781004,0.4970459043979645,,,,,,,,0.0030517578125,1.745177149772644,0.005006189955767182,-0.021792661038988928,11.366568565368652
15040512,4146.465692730002,0.11879774354582691,0.548901379108429,,,,,,,,0.003662109375,1.7531834840774536,0.005111650995241135,-0.015312515879851874,10.545127868652344
15048704,4151.084143570006,0.20254377804542623,0.602709949016571,,,,,,,,0.0032958984375,1.7527766227722168,0.005222460606465029,-0.006348524250128479,5.261704444885254
15056896,4156.7523272550025,0.1616432150592358,0.6059204339981079,,,,,,,,0.0029296875,1.7717278003692627,0.005088171692716137,-0.0167155173886341,3.8708245754241943
15065088,4162.274880500001,0.09746142099843964,0.48804932832717896,,,,,,,,0.0028076171875,1.7853533029556274,0.005099938467522103,-0.022061679873375633,7.910747051239014
15073280,4168.028444517004,0.2844553592351856,0.5700927972793579,0.008550856110211447,0.008556502603325522,0.0064131420826585295,333,604.1116683440745,34.800000000000004,5.25,0.004150390625,1.8103466033935547,0.004967488632689365,-0.011168585000910506,5.781496524810791
15081472,4176.019389071,0.10109114300220075,0.5222534537315369,,,,,,,,0.0028076171875,1.7470322847366333,0.004735404091552042,-0.02422898516525845,7.799993991851807
15089664,4181.263088709005,0.08526582946811678,0.43670654296875,,,,,,,,0.0032958984375,1.743759274482727,0.004627642663800002,-0.014776352555897333,18.931835174560547
15097856,4186.236622083001,0.08123843561023801,0.4740966856479645,,,,,,,,0.003662109375,1.7351428270339966,0.004710855194080432,-0.028805567742285255,17.111398696899414
15106048,4191.865302557002,0.1303096372284661,0.5505127310752869,,,,,,,,0.0032958984375,1.7204437255859375,0.005042138918838868,-0.014240826690878616,11.0316801071167
15114240,4197.675313735002,0.1305939987329026,0.559704601764679,,,,,,,,0.0030517578125,1.7880696058273315,0.00527278388602459,-0.012027274190863633,9.847043991088867
15122432,4203.476384152003,0.17680932445950234,0.600939929485321,,,,,,,,0.00341796875,1.7151360511779785,0.004939177802272043,-0.010394261264786342,8.326794624328613
15130624,4208.7702054850015,0.12673969898881574,0.5627197623252869,,,,,,,,0.0029296875,1.7213407754898071,0.004859346895486283,-0.023067157694229304,8.638650894165039
15138816,4213.892288412004,0.20100803070784634,0.588916003704071,0.009116607272543487,0.008523729498608912,0.006837455454407615,333,601.5429848483553,48.300000000000004,6.300000000000001,0.003173828125,1.734218716621399,0.0055259490947147105,-0.011828171889873553,8.166114807128906
15147008,4222.002552235004,0.1350977465154884,0.5630859732627869,,,,,,,,0.00341796875,1.7246075868606567,0.0050282248347004455,-0.019833787062130983,8.735750198364258
15155200,4227.116423320003,0.1648682525700612,0.60186767578125,,,,,,,,0.0030517578125,1.7506288290023804,0.00486529067784669,-0.018825816440275794,6.745108127593994
15163392,4232.401979111004,0.13391190208431772,0.544665515422821,,,,,,,,0.003173828125,1.7788466215133667,0.004765044645257732,-0.019825850250591637,10.984240531921387
15171584,4237.732645356002,0.13236774664300466,0.56298828125,,,,,,,,0.0028076171875,1.7022770643234253,0.004944486212730914,-0.024906368592673825,7.147823333740234
15179776,4243.312576563003,0.207038773619695,0.49840089678764343,,,,,,,,0.00341796875,1.7350765466690063,0.004948166441574031,-0.015747153940613212,14.208711624145508
15187968,4249.021491949003,0.16317411888986258,0.5363525748252869,,,,,,,,0.0035400390625,1.6833808422088623,0.005262069469838426,-0.017544548678132117,10.310455322265625
15196160,4254.417297110005,0.3055423392473627,0.688220202922821,,,,,,,,0.0028076171875,1.7282525300979614,0.005194392281698823,0.0036018004539838514,4.486806392669678
15204352,4259.8449266700045,0.14696149844425146,0.552746593952179,0.00859521942578334,0.00777026081062393,0.0064464145693374775,333,610.3134778582196,38.7,6.0,0.0030517578125,1.7933099269866943,0.0051955833918923,-0.011451352961288432,7.2956156730651855
15212544,4267.693465076001,0.08217421449407808,0.48444825410842896,,,,,,,,0.0037841796875,1.6822280883789062,0.005860305591781412,-0.023786799476472196,13.388504028320312
15220736,4273.274619057003,0.17178132561101578,0.605273425579071,,,,,,,,0.0028076171875,1.7151601314544678,0.005186530395261846,-0.011827019641018635,5.757204532623291
15228928,4278.662179927,0.1499698988548825,0.5836548209190369,,,,,,,,0.0035400390625,1.7255698442459106,0.005201914924106488,-0.020683346364623358,5.479306221008301
15237120,4284.358335182005,0.13196432902738106,0.566088855266571,,,,,,,,0.0029296875,1.6971137523651123,0.005406103243278393,-0.021557956054065696,6.490715980529785
15245312,4290.180057578,0.107735709071271,0.504284679889679,,,,,,,,0.0029296875,1.727853536605835,0.0054902738702742315,-0.015562896752474166,13.315756797790527
15253504,4296.344950806,0.16988184374666504,0.592663586139679,,,,,,,,0.00390625,1.6919704675674438,0.005621174813325691,-0.014392565591212578,5.508068084716797
15261696,4302.182422269005,0.14720831872485687,0.591748058795929,,,,,,,,0.0028076171875,1.7847799062728882,0.0052180096098888296,-0.016766303064843103,5.742265224456787
15269888,4307.440940495006,0.11593566305700483,0.5079101920127869,0.006613178491813754,0.0053911177345986605,0.00495988386886026,333,637.6857534030253,41.25,6.300000000000001,0.003173828125,1.8164312839508057,0.005077991408995786,-0.023649399292771104,9.165966987609863
15278080,4315.318491440004,0.1771627567955341,0.6062988638877869,,,,,,,,0.003173828125,1.7277343273162842,0.004991903353420812,-0.016823551463083657,4.89558744430542
15286272,4320.579456439002,0.07759860767810305,0.46519777178764343,,,,,,,,0.0030517578125,1.737854242324829,0.004407859046079099,-0.023886016281096708,12.868098258972168
15294464,4325.458162384006,0.14069866988310098,0.57501220703125,,,,,,,,0.00390625,1.7358566522598267,0.004389319618040899,-0.009343446958162943,7.883298397064209
15302656,4330.471505740003,0.1069961319999767,0.534228503704071,,,,,,,,0.002685546875,1.8033596277236938,0.004824344946594561,-0.02665726689690917,6.782863140106201
15310848,4336.334403410001,0.11337323630910241,0.5356811881065369,,,,,,,,0.0023193359375,1.7684204578399658,0.004993398014645933,-0.016304979735972832,8.105619430541992
15319040,4342.357022919001,0.15586199886596955,0.5371948480606079,,,,,,,,0.0037841796875,1.6740256547927856,0.004509584854277993,-0.012559733258236089,10.716036796569824
15327232,4347.815775389005,0.15462534935330086,0.5988525748252869,,,,,,,,0.0030517578125,1.7462528944015503,0.004474775452436575,-0.01822054995070891,6.427199840545654
15335424,4353.731466201003,0.10215647918963225,0.515637218952179,0.008374076540448416,0.007622328176750348,0.0062805574053362845,333,614.2872569876404,34.65,6.0,0.0032958984375,1.7442293167114258,0.004357026167624678,-0.021041107271687218,9.651143074035645
15343616,4361.741687966001,0.09409809022120563,0.48424074053764343,,,,,,,,0.0025634765625,1.7213565111160278,0.004391658482024385,-0.027333812999375196,13.238321304321289
15351808,4367.066225368006,0.05998920388484419,0.41914063692092896,,,,,,,,0.003173828125,1.7314627170562744,0.004829236451422969,-0.02320134835447609,22.041406631469727
15360000,4372.635303567004,0.10394950992897059,0.49827882647514343,,,,,,,,0.0042724609375,1.7233672142028809,0.004518885119832117,-0.01077151199583138,15.876585960388184
15368192,4378.5160546920015,0.11917126439988678,0.54010009765625,,,,,,,,0.002685546875,1.7937421798706055,0.004384393342339088,-0.026458741713730444,9.942422866821289
15376384,4384.043792638004,0.13612762488409957,0.568164050579071,,,,,,,,0.0029296875,1.765953540802002,0.004133474695051653,-0.009333192255529065,11.850865364074707
15384576,4389.405193933002,0.11578435904244469,0.548876941204071,,,,,,,,0.00341796875,1.7034190893173218,0.004129043391900122,-0.018636544679354057,10.982283592224121
15392768,4394.592192844,0.14125985504863503,0.5718017816543579,,,,,,,,0.00341796875,1.7652639150619507,0.004195265042116203,-0.014430133061188205,10.195749282836914
15400960,4399.7739104659995,0.1468117495307322,0.5813354849815369,0.008660412303230114,0.006495309227422585,0.006495309227422585,333,606.6774227156661,49.95,6.0,0.00390625,1.8088964223861694,0.0036563169522335626,-0.020132491241371675,7.754803657531738
15409152,4407.875554657003,0.192011826197107,0.6379028558731079,,,,,,,,0.0025634765625,1.81788969039917,0.00358055942823432,-0.012188852252602453,5.003507137298584
15417344,4413.413194904002,0.10434241743188442,0.514538586139679,,,,,,,,0.0029296875,1.7873841524124146,0.0038968043324192347,-0.018754249290052323,13.924081802368164
15425536,4419.279186099004,0.14498985938014802,0.54644775390625,,,,,,,,0.004150390625,1.7685298919677734,0.003997090534158865,-0.01904687730220098,9.736468315124512
15433728,4424.876847731,0.08534213331635945,0.46638184785842896,,,,,,,,0.0030517578125,1.7843586206436157,0.004689760212146177,-0.026581639342251214,15.826952934265137
15441920,4430.870747251,0.15641379197097327,0.535021960735321,,,,,,,,0.0032958984375,1.6997840404510498,0.004458876341592144,-0.012593040733266052,11.301095008850098
15450112,4436.6224847320045,0.15627536809489845,0.5979248285293579,,,,,,,,0.0032958984375,1.703039288520813,0.004407699733016579,-0.018746437435683612,7.533584117889404
15458304,4442.116192907,0.24582185416789298,0.6142578125,,,,,,,,0.0030517578125,1.7156133651733398,0.004511854544938743,0.00015707289867841965,7.197701930999756
15466496,4447.860260406,0.09771594490924972,0.4716796875,0.006946405013482537,0.0072491893498546345,0.005209803760111931,333,633.7619893612341,38.85,5.4,0.00341796875,1.7661925554275513,0.004437683093149181,-0.018446367146090208,16.498746871948242
15474688,4455.699314395999,0.10736926651537111,0.530224621295929,,,,,,,,0.0030517578125,1.7582895755767822,0.004697416172771751,-0.024351278647520885,12.447404861450195
15482880,4461.53147758,0.10078589556953597,0.5106445550918579,,,,,,,,0.0032958984375,1.7412388324737549,0.004133547055278242,-0.01844903986888703,16.893905639648438
15491072,4467.413745796999,0.1790978344516266,0.620190441608429,,,,,,,,0.0037841796875,1.765380859375,0.004087435957389696,-0.012988002785142984,7.099632263183594
15499264,4472.761474192004,0.12024374011117103,0.5628906488418579,,,,,,,,0.0035400390625,1.8242969512939453,0.003938262937996817,-0.02338133707666197,9.680472373962402
15507456,4478.444319921,0.2057425842535203,0.588757336139679,,,,,,,,0.0030517578125,1.7606520652770996,0.003868994461696529,-0.00025471866272615794,12.543536186218262
15515648,4484.065958121006,0.21787658522042685,0.63494873046875,,,,,,,,0.0029296875,1.7780898809432983,0.003907160673753074,-0.009006219809410172,5.628895282745361
15523840,4488.780953729001,0.1638581208887605,0.6164184808731079,,,,,,,,0.003173828125,1.7807034254074097,0.004079702425391019,-0.012849368094815529,7.482672214508057
15532032,4493.902811936001,0.11725602721681874,0.5282837152481079,0.02686945430539367,0.020597199153794654,0.020152090729045224,333,478.9725112955537,49.5,6.300000000000001,0.0037841796875,1.8002502918243408,0.0038692816256877816,-0.0184917037755352,8.663503646850586
15540224,4501.956297178003,0.21249439087056832,0.6169677972793579,,,,,,,,0.0025634765625,1.8047020435333252,0.004276741809064233,-0.019992935932956108,4.587920665740967
15548416,4507.5592875639995,0.1766479248731097,0.5579468011856079,,,,,,,,0.0040283203125,1.8135182857513428,0.004451270734332935,-0.011951383995066636,7.730360507965088
15556608,4512.979429309002,0.08947757856688622,0.4665283262729645,,,,,,,,0.0037841796875,1.8238251209259033,0.004307104273120865,-0.02338765048826156,13.5689697265625
15564800,4518.499150857002,0.10731238197369564,0.5082641839981079,,,,,,,,0.0032958984375,1.7664586305618286,0.004318595111695078,-0.026880150861353702,9.947951316833496
15572992,4525.2938034399995,0.10426570883179945,0.5162597894668579,,,,,,,,0.00341796875,1.7093466520309448,0.004176771244128519,-0.016634231984472583,12.769270896911621
15581184,4530.8304783850035,0.17290979460583894,0.612292468547821,,,,,,,,0.0029296875,1.6898053884506226,0.004160606717613202,-0.017021071500243075,5.752284526824951
15589376,4536.67814294,0.13928780056448112,0.566516101360321,,,,,,,,0.0028076171875,1.760846495628357,0.004541781839287884,-0.01848827429343264,7.490576267242432
15597568,4542.2891189930015,0.12591201234886246,0.529772937297821,0.010611550125637081,0.0096627989104483,0.007958662594227839,333,595.5183408295798,30.900000000000002,5.25,0.0035400390625,1.6648879051208496,0.004954413420258819,-0.023064060788572822,9.40903091430664
15605760,4550.708897250006,0.1966714234853781,0.51513671875,,,,,,,,0.0029296875,1.7166141271591187,0.0046994272263019,-0.0167762866865076,12.748041152954102
15613952,4556.403165181,0.13425773500670182,0.568066418170929,,,,,,,,0.0040283203125,1.7872059345245361,0.004466083600741966,-0.017153394842715487,8.596308708190918
15622144,4562.011755902,0.1158811030710762,0.54095458984375,,,,,,,,0.0029296875,1.7333111763000488,0.004461510597742135,-0.021568178413065162,11.436362266540527
15630336,4567.791081504001,0.0799840512375099,0.4788818359375,,,,,,,,0.0029296875,1.8039284944534302,0.004294638470309087,-0.02665816982428273,16.085243225097656
15638528,4573.267964053004,0.12426310132169086,0.551892101764679,,,,,,,,0.0040283203125,1.7152745723724365,0.004195269884325503,-0.015847879897619196,10.123997688293457
15646720,4579.782719740004,0.13576558467481323,0.5657958984375,,,,,,,,0.00244140625,1.7835204601287842,0.004321581212273107,-0.022709208172836726,9.1788969039917
15654912,4585.727777386004,0.14330468309155628,0.542236328125,,,,,,,,0.003173828125,1.7656135559082031,0.0042983855394087556,-0.012370389665686786,12.451886177062988
15663104,4591.503067563004,0.13365002698301928,0.525280773639679,0.012474479678596162,0.01402884403098037,0.00935585975894715,333,559.2451136726685,17.1,5.25,0.00341796875,1.6941699981689453,0.004321211377107281,-0.017974002511354847,17.648242950439453
15671296,4599.088351112005,0.11054464452951998,0.49702149629592896,,,,,,,,0.0030517578125,1.783867597579956,0.004239160173060141,-0.01926129033058517,17.2436466217041
15679488,4604.442999446001,0.11280656565933236,0.5332397818565369,,,,,,,,0.0035400390625,1.6686615943908691,0.004146961513845859,-0.019920159144317898,16.29721450805664
15687680,4610.062157913002,0.1764875040352672,0.550061047077179,,,,,,,,0.00244140625,1.7191334962844849,0.003940925910076443,-0.015046179342585508,15.3140869140625
15695872,4615.445687156003,0.21724116840798702,0.6040283441543579,,,,,,,,0.00341796875,1.6875932216644287,0.003971164709443364,0.003133783896171116,12.845483779907227
15704064,4621.368955296006,0.16718332393740082,0.5751098990440369,,,,,,,,0.003662109375,1.6548372507095337,0.004533829953396351,-0.008264866029482934,13.774481773376465
15712256,4626.417083264001,0.21416421675181568,0.6453491449356079,,,,,,,,0.0028076171875,1.7959294319152832,0.0044507710251566746,-0.00805235096856667,6.476261138916016
15720448,4632.017685569001,0.14214209472024383,0.5791015625,,,,,,,,0.0032958984375,1.7376151084899902,0.0047768148438736,-0.015774372768360828,9.55225658416748
15728640,4637.444046426004,0.1787032457632265,0.593127429485321,0.007736148134999454,0.0073163898447805575,0.0058021111012496185,333,622.6443813974518,47.25,5.4,0.003173828125,1.743255376815796,0.004703124622262189,-0.008752665976089874,11.68168830871582
15736832,4645.164439250002,0.11883803940477128,0.5243774652481079,,,,,,,,0.0030517578125,1.7435669898986816,0.00473035403969968,-0.018434443767059345,14.2886381149292
15745024,4650.566356454001,0.15754795169974978,0.60162353515625,,,,,,,,0.004150390625,1.730615258216858,0.004602221193064304,-0.008538368613685758,8.034639358520508
15753216,4656.086335995002,0.2212314677985161,0.630810558795929,,,,,,,,0.0023193359375,1.7882496118545532,0.004550165867683864,-0.00965333431672049,6.6292619705200195
15761408,4660.833278057005,0.14029076630618056,0.527575671672821,,,,,,,,0.0032958984375,1.743439793586731,0.004749176073506445,-0.01718256746932898,10.55864143371582
15769600,4666.244918825003,0.10137200120833408,0.4654785096645355,,,,,,,,0.004150390625,1.711526870727539,0.005126436439147897,-0.018151172720062173,20.75391960144043
15777792,4671.792771140004,0.1254369025677303,0.55816650390625,,,,,,,,0.0030517578125,1.745693325996399,0.005258085671580259,-0.01954549659016954,11.430852890014648
15785984,4677.589248114004,0.09568489917607388,0.4751953184604645,,,,,,,,0.00341796875,1.6695109605789185,0.005002465695802538,-0.02049918982265448,20.9300479888916
15794176,4683.263841099004,0.10877039249772724,0.52154541015625,0.008061437064053711,0.008556871519093567,0.006046077798040228,333,620.6160776940071,19.5,5.25,0.003173828125,1.6137776374816895,0.00504170849856278,-0.02090719393739075,15.022424697875977
15802368,4690.893427930001,0.17572767445763593,0.5697388052940369,,,,,,,,0.0032958984375,1.6773746013641357,0.004776538187750368,-0.011658405947300644,12.174797058105469
15810560,4696.492033939001,0.12389348904024132,0.51177978515625,,,,,,,,0.00390625,1.6431822776794434,0.004653249327677078,-0.014057774342517346,19.161359786987305
15818752,4701.202363725002,0.20470222140717842,0.6341919302940369,,,,,,,,0.0028076171875,1.6900951862335205,0.004564099244112718,-0.012601303048835714,9.087198257446289
15826944,4705.922798120999,0.12786618378127051,0.5061889886856079,,,,,,,,0.003173828125,1.6459479331970215,0.004677734969011582,-0.010868381956564949,20.722867965698242
15835136,4710.718375832999,0.14783723818794187,0.576306164264679,,,,,,,,0.0032958984375,1.6336936950683594,0.004518355834026155,-0.01283447686230676,13.874045372009277
15843328,4715.112277241002,0.17687097795810292,0.5254883170127869,,,,,,,,0.002685546875,1.7317783832550049,0.004395766585428618,-0.011535206749112834,20.0881404876709
15851520,4719.7732057480025,0.14547577289779665,0.579113781452179,,,,,,,,0.004150390625,1.645187497138977,0.004535597168381811,-0.015563447231088974,13.318217277526855
15859712,4724.9450971490005,0.14798492809831076,0.590563952922821,0.013856994010520984,0.01288602061371269,0.01039274550789071,333,565.1572698065355,21.150000000000002,6.15,0.0025634765625,1.6887348890304565,0.004341949862945338,-0.015557147749041478,11.237736701965332
15867904,4732.414084337004,0.11575355706833364,0.540112316608429,,,,,,,,0.0032958984375,1.711155891418457,0.0044019339227074905,-0.018895567887123543,13.115216255187988
15876096,4739.347678664002,0.09910503664025734,0.5211548209190369,,,,,,,,0.0040283203125,1.6217025518417358,0.005278087965778111,-0.01636613539872165,20.39617347717285
15884288,4745.888969232001,0.10929056663354025,0.5339111685752869,,,,,,,,0.0025634765625,1.6696354150772095,0.005151428465781982,-0.020584535590381803,14.6439208984375
15892480,4752.583835930003,0.14272390763947,0.579833984375,,,,,,,,0.0035400390625,1.633565902709961,0.005071145846637259,-0.010460018487590912,11.459077835083008
15900672,4758.21524274,0.18521655380722843,0.5928711295127869,,,,,,,,0.0037841796875,1.6682188510894775,0.00524602887475667,-0.009321439698590612,13.382519721984863
15908864,4763.380897632,0.15656680556013855,0.5742554068565369,,,,,,,,0.0029296875,1.741563320159912,0.005141445228375674,-0.017454537740912636,13.35959529876709
15917056,4768.341585512004,0.08155076042182513,0.4364257752895355,,,,,,,,0.0042724609375,1.6613751649856567,0.0049048356398145865,-0.022065652172555867,33.817256927490234
15925248,4774.409415744005,0.140543813254795,0.551013171672821,0.01153999790331417,0.009154333807776749,0.008654998427485627,333,578.9474845561556,39.0,5.25,0.003173828125,1.6403547525405884,0.0054676189924676155,-0.01414010984268924,19.490102767944336
15933440,4782.790015103004,0.23657200423382718,0.645458996295929,,,,,,,,0.0035400390625,1.636711597442627,0.004971479226761222,-0.006027496805048152,10.865691184997559
15941632,4788.370864920005,0.15466994310289472,0.563244640827179,,,,,,,,0.004150390625,1.6854418516159058,0.004705205847295613,-0.011796840199815,16.088947296142578
15949824,4794.446196730001,0.22358107708935934,0.6239258050918579,,,,,,,,0.0025634765625,1.6974241733551025,0.004662651457421174,0.00041191772737775236,9.037104606628418
15958016,4802.129626720001,0.22396416025193677,0.6246094107627869,,,,,,,,0.003173828125,1.6361730098724365,0.004973440509569493,-0.010052698935373734,7.931433200836182
15966208,4809.518864072001,0.1694089326922113,0.5921387076377869,,,,,,,,0.00390625,1.697465419769287,0.005664185402241562,-0.018792144213995828,8.338570594787598
15974400,4816.1192906600045,0.23465676885020337,0.6170654296875,,,,,,,,0.003173828125,1.7631734609603882,0.0057295708337739,-0.009340161306034805,6.40999174118042
15982592,4822.186936118,0.13040773806465852,0.5645996332168579,,,,,,,,0.0032958984375,1.689672589302063,0.005309130752043867,-0.014891771425381672,8.74418830871582
15990784,4828.030377464005,0.08191019303719554,0.48253175616264343,0.00963760590587004,0.00935247182586485,0.007228204429402529,333,595.6010752185201,25.35,5.25,0.0030517578125,1.7113828659057617,0.005108035463501692,-0.020630557080820424,20.58580780029297
15998976,4836.484848801003,0.1393364961650392,0.5450683832168579,,,,,,,,0.0035400390625,1.7530966997146606,0.0052202833448589114,-0.015770345700099116,10.62992000579834
16007168,4843.106287284005,0.09715879118410356,0.5124878287315369,,,,,,,,0.003662109375,1.6866272687911987,0.005088074738265558,-0.02323145227314157,12.744827270507812
16015360,4849.645869514003,0.09752414651212955,0.49842530488967896,,,,,,,,0.002685546875,1.7135262489318848,0.005135581289708702,-0.02314349422729628,14.70720100402832
16023552,4857.829402014002,0.13272785015114788,0.5469726920127869,,,,,,,,0.0035400390625,1.6819716691970825,0.005172558649167325,-0.016257888088855754,13.788497924804688
16031744,4864.731906124005,0.15328391775572595,0.58612060546875,,,,,,,,0.00341796875,1.63999342918396,0.005438263969847701,-0.015550535198189228,9.853711128234863
16039936,4870.282570821,0.17792213155839764,0.616467297077179,,,,,,,,0.0028076171875,1.678455114364624,0.004932760929063695,-0.011780628476232914,7.634276866912842
16048128,4876.121436605004,0.12774205010944423,0.537060558795929,,,,,,,,0.0042724609375,1.7178230285644531,0.00500432258094563,-0.012580589105194415,16.85707664489746
16056320,4882.333535460006,0.109906296231497,0.5262695550918579,0.009688050975098172,0.009901194001844749,0.007266038231323657,333,594.951173738762,38.1,5.25,0.0030517578125,1.6823093891143799,0.005101955537683223,-0.021342097244516217,12.92899227142334
16064512,4892.285534656003,0.2405409312075899,0.6552490592002869,,,,,,,,0.0029296875,1.7171262502670288,0.005665184086850017,-0.013166050997824925,5.359626770019531
16072704,4899.099111869,0.15110037930015158,0.53875732421875,,,,,,,,0.0032958984375,1.6647610664367676,0.0061321500473792145,-0.02831764345511431,10.132171630859375
16080896,4905.479359675002,0.09467829569550235,0.4865478575229645,,,,,,,,0.0040283203125,1.7499234676361084,0.0059816290434442365,-0.02249809426660847,17.120786666870117
16089088,4911.7587607400055,0.5299391026063981,0.4857544004917145,,,,,,,,0.0040283203125,1.7156295776367188,0.006047831140436943,-0.018419254454601155,18.578166961669922
16097280,4918.614238794005,0.08030309108771455,0.4574218690395355,,,,,,,,0.00341796875,1.695218801498413,0.00572400704328313,-0.02108713161496877,32.72077560424805
16105472,4924.704813092001,0.16484175955049613,0.5697265863418579,,,,,,,,0.0035400390625,1.6413066387176514,0.005418387843520223,-0.006024500396611406,12.540672302246094
16113664,4931.984966275006,0.15640432857468584,0.5997070670127869,,,,,,,,0.00341796875,1.6190214157104492,0.005587539204471081,-0.01131082862684276,10.323393821716309
16121856,4939.008910449003,0.13069477491756018,0.5748047232627869,0.00935142421408619,0.008704885872307888,0.007013568160564643,333,607.1336579950498,41.1,5.25,0.0030517578125,1.6742111444473267,0.004561571543756582,-0.018201235707899017,11.024559020996094
16130048,4948.020617251001,0.15051763865047707,0.575085461139679,,,,,,,,0.0032958984375,1.7508211135864258,0.004202982671650979,-0.01727182405134129,10.878462791442871
16138240,4955.208786666,0.16704024469136428,0.5873779654502869,,,,,,,,0.004150390625,1.773869276046753,0.004246519604443,-0.013416493095045147,8.359066009521484
16146432,4961.220414268006,0.166780735209533,0.5858520865440369,,,,,,,,0.002685546875,1.7106107473373413,0.005633831994962368,-0.020692670470853363,8.992043495178223
16154624,4967.468460970005,0.14010761646030642,0.54046630859375,,,,,,,,0.004150390625,1.7341610193252563,0.005458162226910757,-0.015791532534444916,15.182662963867188
16162816,4974.577803761,0.12182442416845332,0.526232898235321,,,,,,,,0.0037841796875,1.732884407043457,0.0052316343447927904,-0.012594636846285659,14.967928886413574
16171008,4980.239268679004,0.17686740023885766,0.618029773235321,,,,,,,,0.002685546875,1.7669564485549927,0.0046731264954036345,-0.01313553837101484,9.335001945495605
16179200,4987.344235675002,0.13347042157893382,0.565625011920929,,,,,,,,0.00341796875,1.7327169179916382,0.004640112802854035,-0.01643083731292353,9.412060737609863
16187392,4993.2085985369995,0.16371930569493265,0.597363293170929,0.01104730938368792,0.010503242051185468,0.008285482037765912,333,588.1229330184877,41.7,5.25,0.0035400390625,1.6794312000274658,0.004569106600396555,-0.01449236745561513,8.759803771972656
16195584,5002.3112957320045,0.10737841743305397,0.5079345703125,,,,,,,,0.0030517578125,1.7339662313461304,0.004641928200096457,-0.017827483260504602,14.209593772888184
16203776,5008.615927276005,0.14527951442321768,0.57049560546875,,,,,,,,0.0037841796875,1.6864814758300781,0.005137989161575929,-0.015594579482257018,10.758760452270508
16211968,5015.953543503005,0.19976397068996174,0.624804675579071,,,,,,,,0.0029296875,1.759535551071167,0.0046202903293818265,-0.009922410914405044,7.268341064453125
16220160,5022.455223713005,0.13782684664251335,0.538769543170929,,,,,,,,0.00341796875,1.7683086395263672,0.0046819489323505215,-0.014704403849715228,11.417159080505371
16228352,5029.153040994002,0.10045487360859613,0.5119262933731079,,,,,,,,0.00390625,1.7281795740127563,0.0050717792122983996,-0.020856718975102908,14.213574409484863
16236544,5035.494049605004,0.10939513093288988,0.5238403677940369,,,,,,,,0.0028076171875,1.7653965950012207,0.005367628861992935,-0.014992139334101479,14.967753410339355
16244736,5042.245625222,0.09376485896339158,0.48469239473342896,,,,,,,,0.0045166015625,1.7778548002243042,0.005167999757044628,-0.023367078664088242,15.799982070922852
16252928,5049.4025667540045,0.1639121560190602,0.5909180045127869,0.01434233732007506,0.011054846988413525,0.010756752990056295,333,549.004888706511,45.900000000000006,5.4,0.003173828125,1.7260639667510986,0.005275165311763308,-0.007848482098057162,11.655848503112793
16261120,5058.254204788005,0.1355140172240836,0.55804443359375,,,,,,,,0.0037841796875,1.7888357639312744,0.005561923745965869,-0.014293450714041818,12.454068183898926
16269312,5064.791707134005,0.14423536384853264,0.5389038324356079,,,,,,,,0.0037841796875,1.743857979774475,0.005359508724805173,-0.005624048041431879,15.9506196975708
16277504,5070.6334297270005,0.16464033323239047,0.590441882610321,,,,,,,,0.00341796875,1.7861055135726929,0.004717303810833684,-0.011246180124137717,10.679120063781738
16285696,5078.2155368230015,0.14960623676451457,0.556164562702179,,,,,,,,0.00341796875,1.7676286697387695,0.005028589427812369,-0.00805792101038056,16.28501319885254
16293888,5084.546303700001,0.09441779549803096,0.47313234210014343,,,,,,,,0.00439453125,1.815624713897705,0.005350812067714594,-0.01767167297618402,21.23818016052246
16302080,5090.757583725004,0.17641409269696096,0.6164795160293579,,,,,,,,0.003173828125,1.8044917583465576,0.005275882984664415,-0.003527918911374145,9.052130699157715
16310272,5097.673160819002,0.11702285330431256,0.5240722894668579,,,,,,,,0.0040283203125,1.7608253955841064,0.005196074906042902,-0.01833813739667851,16.040433883666992
16318464,5103.441326172004,0.158494154339411,0.5936279296875,0.007422115573847088,0.0068741286419272685,0.005566586680385344,333,620.4995484642108,40.2,5.25,0.0032958984375,1.6687548160552979,0.0048331196464824755,-0.01846088030865034,9.671786308288574
16326656,5112.305041529005,0.21794464508372752,0.609057605266571,,,,,,,,0.003173828125,1.7241871356964111,0.004836141909267733,-0.007889301824021413,8.065328598022461
16334848,5118.061040323002,0.16062568870980332,0.5790161490440369,,,,,,,,0.00390625,1.7240561246871948,0.004784999168467197,-0.013537920590659645,10.362808227539062
16343040,5124.400844296004,0.12095186824256904,0.5261597037315369,,,,,,,,0.0030517578125,1.7720527648925781,0.004073649915443012,-0.016758008360760104,14.088998794555664
16351232,5130.178396606003,0.18204312415003637,0.626269519329071,,,,,,,,0.003662109375,1.7621718645095825,0.004210566420702722,-0.012796512935914123,6.498281002044678
16359424,5136.244554306999,0.07250710353600211,0.42213135957717896,,,,,,,,0.0037841796875,1.7556638717651367,0.004559962392508998,-0.02143593261243893,24.207183837890625
16367616,5141.667513958004,0.15644329612026978,0.58343505859375,,,,,,,,0.0035400390625,1.7323689460754395,0.005171548019488825,-0.01233673564782744,10.2561674118042
16375808,5147.609624998004,0.14124325010321717,0.542675793170929,,,,,,,,0.0037841796875,1.771741271018982,0.004253751042557763,-0.009944940337249658,14.3441801071167
16384000,5153.081840198,0.11524189817929774,0.504895031452179,0.012205844153921896,0.009746714328893069,0.009154383115441478,333,572.7578491538643,48.300000000000004,5.25,0.0035400390625,1.722078800201416,0.004139186025072572,-0.01708800182133378,15.427075386047363
16392192,5161.152457064003,0.20968452485202196,0.642333984375,,,,,,,,0.0030517578125,1.7406370639801025,0.004230026276269894,-0.013374391319936778,6.244109153747559
16400384,5166.653715928005,0.17452512258667432,0.6089111566543579,,,,,,,,0.00390625,1.7510650157928467,0.004939801791732146,-0.008601665075907256,7.745495796203613
16408576,5172.377775621004,0.1489233886175328,0.588427722454071,,,,,,,,0.0028076171875,1.7617077827453613,0.00418925051840735,-0.01857556121120585,8.2860746383667
16416768,5178.0793941100055,0.06509447217600654,0.4087158143520355,,,,,,,,0.004150390625,1.7755709886550903,0.004002334288114806,-0.02407875043264889,22.51056480407715
16424960,5183.852771878002,0.09638537176052094,0.519177258014679,,,,,,,,0.0037841796875,1.6880581378936768,0.004002199281632923,-0.028899089908653253,13.009137153625488
16433152,5189.179454256002,0.15438539825767045,0.56658935546875,,,,,,,,0.0032958984375,1.7478485107421875,0.00460681471848956,-0.002179310661273692,13.3757905960083
16441344,5194.664439918,0.12222891051724655,0.544323742389679,,,,,,,,0.0035400390625,1.7123464345932007,0.004806666678322191,-0.019582992975017324,11.815381050109863
16449536,5200.170424783006,0.10382864244480708,0.523425281047821,0.009547984644229124,0.008701536718330849,0.007160988483171815,333,601.4396454951559,48.75,5.25,0.0030517578125,1.6770538091659546,0.0049164162568063885,-0.01799359020306907,12.823198318481445
16457728,5208.009092146,0.10840341431326213,0.501049816608429,,,,,,,,0.003662109375,1.7584110498428345,0.00383074214272372,-0.021180496964970028,16.269376754760742
16465920,5213.535185676003,0.11055728099244427,0.529040515422821,,,,,,,,0.00390625,1.7240458726882935,0.0038567002622731383,-0.020695981274302454,15.528314590454102
16474112,5219.300569382001,0.14677656221415233,0.5567993521690369,,,,,,,,0.003173828125,1.7066352367401123,0.005421910088629023,-0.016064476880216328,13.294302940368652
16482304,5225.015363671999,0.14570139229756252,0.570544421672821,,,,,,,,0.0042724609375,1.7788269519805908,0.005286702618543249,-0.014382994158683833,11.821981430053711
16490496,5230.884839754006,0.1644144571542386,0.589367687702179,,,,,,,,0.00390625,1.6834394931793213,0.00461671353040749,-0.015794866277304188,10.85788631439209
16498688,5236.369741476003,0.1849829176766168,0.62689208984375,,,,,,,,0.0029296875,1.7798384428024292,0.00479096129474843,-0.014880817907559442,6.549325466156006
16506880,5242.092594999005,0.08195846736334758,0.4569946229457855,,,,,,,,0.0040283203125,1.7049580812454224,0.005566316802664506,-0.02415800156979954,19.392383575439453
16515072,5247.694239743003,0.10904576122932515,0.4761596620082855,0.00958708694207877,0.00850471164644151,0.007190315206559106,333,597.3721323053005,16.95,5.25,0.003173828125,1.700644612312317,0.004902319781204034,-0.016954214424012536,21.985488891601562
16523264,5256.085577733,0.16737887778836283,0.6019653677940369,,,,,,,,0.003662109375,1.7207432985305786,0.0041028102112729,-0.00412209145241128,9.784661293029785
16531456,5261.782581680003,0.1345770172657861,0.5307861566543579,,,,,,,,0.00341796875,1.6569077968597412,0.0037871027079158237,-0.009561494578641137,14.066568374633789
16539648,5267.118872813,0.12258943435405466,0.5317627191543579,,,,,,,,0.002685546875,1.7160817384719849,0.004237391372885813,-0.02037059112630049,13.486175537109375
16547840,5273.1166383590025,0.14764149614245772,0.577465832233429,,,,,,,,0.0040283203125,1.673169493675232,0.004091982965172658,-0.011632636728966458,12.16468334197998
16556032,5278.607286742001,0.09726216082006824,0.5138306021690369,,,,,,,,0.003173828125,1.708045482635498,0.005165803417102377,-0.02147109839318018,17.04673194885254
16564224,5283.433279426004,0.1897309624869594,0.573107898235321,,,,,,,,0.00390625,1.8133190870285034,0.004815136554440991,-0.013319404677077984,9.570487022399902
16572416,5289.080543139004,0.14555901336539712,0.5376831293106079,,,,,,,,0.0035400390625,1.6021088361740112,0.00540936102964118,-0.011235411654653355,13.913847923278809
16580608,5295.3121914660005,0.1352079100789684,0.5511841177940369,0.012785035937348144,0.012059036864721984,0.00958877695301108,333,564.7772335072663,33.9,5.25,0.00341796875,1.7362947463989258,0.004891883619157378,-0.011626049254276667,13.099044799804688
16588800,5303.701575044004,0.14618280689986643,0.5865478515625,,,,,,,,0.004150390625,1.720117449760437,0.0047685600222953095,-0.01375035153036934,9.727307319641113
16596992,5309.544162853999,0.14035795016276195,0.549243152141571,,,,,,,,0.00439453125,1.7453410625457764,0.004805405020465003,-0.011509729293466343,15.462933540344238
16605184,5315.474084367001,0.18115372255086762,0.630322277545929,,,,,,,,0.0023193359375,1.7594696283340454,0.005001275748430789,-0.012396786511120797,6.4437103271484375
16613376,5321.025747170999,0.10012515260788724,0.52032470703125,,,,,,,,0.0047607421875,1.7329752445220947,0.004211792565279371,-0.020140479829578627,11.050665855407715
16621568,5326.930321104999,0.137798852572321,0.544995129108429,,,,,,,,0.0032958984375,1.760138988494873,0.004156548818435857,-0.02117165945885728,10.110995292663574
16629760,5332.6209649910015,0.11701967331537994,0.48859864473342896,,,,,,,,0.00390625,1.841610312461853,0.004258842306345101,-0.016242337480887593,15.375328063964844
16637952,5338.120839088006,0.13175797807348882,0.558703601360321,,,,,,,,0.0045166015625,1.710193157196045,0.005638543854056044,-0.018359372241606737,12.032485961914062
16646144,5343.973790424003,0.16953687941781698,0.5740966796875,0.009071391339079526,0.007277333101174177,0.006803543504309673,333,604.4243096366533,27.6,5.25,0.0035400390625,1.7498804330825806,0.005497776424613354,-0.012638892975241373,9.332435607910156
16654336,5352.8740045130035,0.11099621741622451,0.521618664264679,,,,,,,,0.0035400390625,1.689796805381775,0.005199063031180673,-0.014988390997256022,13.739358901977539
16662528,5358.506413476003,0.134404359370405,0.5705322623252869,,,,,,,,0.004150390625,1.7070409059524536,0.005031729762415171,-0.028041058692863486,10.119633674621582
16670720,5364.180789795006,0.21833869987331023,0.642138659954071,,,,,,,,0.002197265625,1.7553584575653076,0.00468634620241104,-0.015207142801353555,5.465793609619141
16678912,5369.748637434001,0.18829350648283688,0.593945324420929,,,,,,,,0.0042724609375,1.6994296312332153,0.004528062564850388,-0.002271944171927666,7.361563205718994
16687104,5375.103239515003,0.08696710084334185,0.47260743379592896,,,,,,,,0.003662109375,1.7707581520080566,0.00470324497086505,-0.023335664021072372,17.630462646484375
16695296,5380.660223773004,0.18275880525598415,0.6205688714981079,,,,,,,,0.003173828125,1.7013955116271973,0.0049506636486208455,-0.01726083461135223,5.589422225952148
16703488,5386.573262466001,0.13846321551740753,0.5533447265625,,,,,,,,0.0035400390625,1.6650484800338745,0.005017705115599402,-0.026645890545282935,8.3971529006958
16711680,5392.452373600005,0.12377268094212242,0.52093505859375,0.0070788392074425666,0.0063144071395151435,0.005309129405581925,333,625.7075222484725,37.050000000000004,5.25,0.0030517578125,1.7339633703231812,0.005461772048356517,-0.01871506654704076,9.37469482421875
16719872,5400.868200337005,0.12564618839728078,0.505017101764679,,,,,,,,0.0050048828125,1.7946829795837402,0.005319474046898587,-0.012409662193716283,13.679521560668945
16728064,5406.557391713999,0.12489471832095439,0.552355945110321,,,,,,,,0.0030517578125,1.649828553199768,0.005111380591260484,-0.014461559003568889,11.161166191101074
16736256,5412.171086442999,0.14179391782900083,0.584216296672821,,,,,,,,0.0025634765625,1.781078815460205,0.004798889824465968,-0.01895362397218114,5.797224521636963
16744448,5417.584494637005,0.08238277327060362,0.4795898497104645,,,,,,,,0.00439453125,1.6449471712112427,0.004808715257943463,-0.020242108684769063,20.541818618774414
16752640,5423.165571262005,0.18242065508540228,0.614550769329071,,,,,,,,0.0028076171875,1.7289167642593384,0.004639754148973885,-0.021469200387030467,6.093824863433838
16760832,5428.790755435999,0.18731681576847803,0.623779296875,,,,,,,,0.003662109375,1.7113409042358398,0.004094598394091209,-0.011061848976542825,4.549947261810303
16769024,5434.253013268004,0.11503579359030468,0.529956042766571,,,,,,,,0.004638671875,1.8042268753051758,0.003963588494834358,-0.016526228543618248,9.865188598632812
16777216,5439.692965139002,0.1471128485105648,0.569042980670929,0.009357738709981356,0.008254976603386921,0.007018304032486045,333,596.5109207049007,45.900000000000006,5.25,0.00244140625,1.8337609767913818,0.005177584743623731,-0.02190334758895573,6.215686321258545
16785408,5448.185071485001,0.06773048443756131,0.4303955137729645,,,,,,,,0.00390625,1.7067335844039917,0.004707831159156739,-0.02447248423490027,16.064783096313477
16793600,5453.014590679006,0.06931328164604345,0.42230224609375,,,,,,,,0.0030517578125,1.6775181293487549,0.004358799350884346,-0.026777584805422,21.737016677856445
16801792,5458.898820958006,0.14090511439396575,0.5787720084190369,,,,,,,,0.0028076171875,1.6965134143829346,0.004446643513741688,-0.023390389912562797,7.123481273651123
16809984,5464.840521202001,0.12775917705024933,0.561779797077179,,,,,,,,0.00439453125,1.6490681171417236,0.005067441442434539,-0.01750782906653006,8.1379976272583
16818176,5470.304339854003,0.06592566959080169,0.42985841631889343,,,,,,,,0.001708984375,1.7011964321136475,0.004728139314782331,-0.026365331476480083,19.10564613342285
16826368,5476.253440895001,0.06690132828961813,0.3964477479457855,,,,,,,,0.00341796875,1.69235098361969,0.004932572293669946,-0.02044652894166443,26.147016525268555
16834560,5481.561860737005,0.07642758326132522,0.47943115234375,,,,,,,,0.0042724609375,1.5696626901626587,0.004449191908238004,-0.0272903357868892,20.803266525268555
16842752,5486.7577428420045,0.15134831281310993,0.587084949016571,0.016539106772755052,0.013067181131854677,0.012404330079566317,333,541.4039126027857,25.35,5.25,0.002685546875,1.657454490661621,0.004128416717269268,-0.014317498917054175,9.051749229431152
16850944,5494.840157051003,0.13507198527121042,0.5518798828125,,,,,,,,0.00390625,1.7202187776565552,0.004134721826277943,-0.004051253511873544,16.98542594909668
16859136,5500.356877699,0.08587729488436807,0.4767700135707855,,,,,,,,0.0032958984375,1.6890513896942139,0.003970089327022697,-0.023873386835204433,19.83265495300293
16867328,5506.602896633005,0.09596271348891204,0.4551757872104645,,,,,,,,0.0029296875,1.7320750951766968,0.004121320465706901,-0.01876239837971312,30.882221221923828
16875520,5512.6271561220055,0.17609857874522997,0.597338855266571,,,,,,,,0.004638671875,1.665239930152893,0.004025905380567352,-0.006455557235465451,12.522574424743652
16883712,5518.509956599999,0.12154891568111835,0.551281750202179,,,,,,,,0.0030517578125,1.8040547370910645,0.0045241717033969175,-0.01821483695495483,14.946118354797363
16891904,5524.138304688,0.17706822274073752,0.524340808391571,,,,,,,,0.00390625,1.8301318883895874,0.004896988953992931,-0.005584542673107095,19.39554786682129
16900096,5529.697911720003,0.17981779812846532,0.55987548828125,,,,,,,,0.0045166015625,1.722862958908081,0.004913850753518245,-0.0030399909631979726,18.886356353759766
16908288,5535.445260660999,0.15817770803375183,0.563952624797821,0.011734764169084921,0.00908532006370577,0.008801073126813663,333,582.4539505878515,48.45,5.25,0.0035400390625,1.8246325254440308,0.005031134410285798,-0.010371759423168465,13.933053970336914
16916480,5544.316458182002,0.19296187439532606,0.628100574016571,,,,,,,,0.00390625,1.6998170614242554,0.004809886306842315,-0.004301214378459435,8.351622581481934
16924672,5551.265837732004,0.10702798737816815,0.5319580435752869,,,,,,,,0.003662109375,1.781419277191162,0.004603480845342456,-0.01768919990676286,16.146774291992188
16932864,5556.948927024001,0.14629630668542812,0.5847412347793579,,,,,,,,0.003173828125,1.7773230075836182,0.004572850208985901,-0.008989838733857938,12.594497680664062
16941056,5563.366500998003,0.16148698143248447,0.6017822623252869,,,,,,,,0.0040283203125,1.7131593227386475,0.004285325512646043,-0.0038118191712692554,8.789057731628418
16949248,5569.105826116,0.13320574873693386,0.5457519888877869,,,,,,,,0.002685546875,1.769576072692871,0.004407862074290558,-0.015924070830924546,15.250656127929688
16957440,5575.162652326006,0.1380000867775666,0.5771850943565369,,,,,,,,0.0040283203125,1.7851568460464478,0.004768162932101472,-0.015126083055130241,7.912182807922363
16965632,5581.290151426001,0.1398397120864061,0.570727527141571,,,,,,,,0.0045166015625,1.7471954822540283,0.00468266157009789,-0.015714221785802153,10.637588500976562
16973824,5586.681219595004,0.19238598251618094,0.63043212890625,0.015129803489358995,0.011436352080912426,0.011347352617019246,333,555.0450019472141,39.300000000000004,5.4,0.0025634765625,1.7876542806625366,0.00441525903841633,-0.010190716315902194,5.332783222198486
16982016,5595.105191859002,0.09173294204588889,0.500109851360321,,,,,,,,0.0040283203125,1.7679076194763184,0.004529945612217867,-0.021347295136485495,11.232699394226074
16990208,5601.320751127001,0.12989094997269146,0.5595947504043579,,,,,,,,0.003173828125,1.7216341495513916,0.004631660658341197,-0.018647782695599285,7.70217752456665
16998400,5607.467202811,0.1297864291846158,0.535327136516571,,,,,,,,0.00244140625,1.777095079421997,0.004722073722771336,-0.01944747133504753,9.930980682373047
17006592,5613.210769527002,0.0858536870283392,0.47777101397514343,,,,,,,,0.00439453125,1.661734938621521,0.004894182068176933,-0.024994123793945562,13.344268798828125
17014784,5619.307440711003,0.10254833387429951,0.4968627989292145,,,,,,,,0.0029296875,1.7314059734344482,0.004935769133807222,-0.02030786144911389,13.83043384552002
17022976,5624.087608589005,0.15383665335536448,0.583142101764679,,,,,,,,0.00341796875,1.7666842937469482,0.0049959878908405475,-0.007429896601344012,7.383885383605957
17031168,5629.763771440004,0.08841973973217666,0.48138427734375,,,,,,,,0.00390625,1.6671260595321655,0.00500382242977504,-0.026104044120213943,14.951272964477539
17039360,5635.290338951003,0.1668316271678265,0.6023926138877869,0.008491979331345156,0.006711536813262864,0.006368984498508867,333,621.3476220297155,47.400000000000006,5.4,0.0025634765625,1.7886093854904175,0.004769984477889566,-0.017221405880419864,6.168590545654297
17047552,5643.797215495004,0.12249242581083342,0.4811157286167145,,,,,,,,0.0040283203125,1.713183045387268,0.004854156096530282,-0.023283851141172478,15.435426712036133
17055744,5649.899239745006,0.14306201060735022,0.573193371295929,,,,,,,,0.00341796875,1.6840863227844238,0.0056032838334239,-0.01999416748616726,7.573219299316406
17063936,5655.695948640001,0.22878827863132428,0.642138659954071,,,,,,,,0.0030517578125,1.7758666276931763,0.005538146494760254,-0.006648767898586897,4.772435188293457
17072128,5661.691866711,0.10852242263418506,0.507763683795929,,,,,,,,0.004150390625,1.7599267959594727,0.004919867258262545,-0.01650210999871419,9.220952987670898
17080320,5667.660399581,0.10753776701293734,0.526379406452179,,,,,,,,0.0028076171875,1.78756582736969,0.004678097195699005,-0.022232685209390524,8.843681335449219
17088512,5673.231129324005,0.1195768835147508,0.5477051138877869,,,,,,,,0.0035400390625,1.7821450233459473,0.004505018305325348,-0.020318065045742753,6.799931526184082
17096704,5678.6115818670005,0.10190911028793287,0.5174316763877869,,,,,,,,0.0037841796875,1.7228296995162964,0.004874593988639986,-0.025816463988920277,9.927339553833008
17104896,5684.134112528001,0.13597353476121424,0.567395031452179,0.008899028841144796,0.007133781109203485,0.0066742716308585415,333,614.982002995617,46.050000000000004,5.4,0.002685546875,1.8198649883270264,0.0047447636779813784,-0.018329616708424153,6.628487586975098
17113088,5692.440332072001,0.15231353819235124,0.5976929068565369,,,,,,,,0.003662109375,1.7366724014282227,0.004947642671101926,-0.014802429327558304,4.436892509460449
17121280,5698.464632241004,0.10678341725329302,0.5121704339981079,,,,,,,,0.0030517578125,1.775151252746582,0.004391875034403636,-0.01924033099169473,8.471942901611328
17129472,5704.239597966,0.11667873843413934,0.5527099967002869,,,,,,,,0.0028076171875,1.7899383306503296,0.00434937906750732,-0.02792849252260579,5.6385698318481445
17137664,5710.381928150004,0.08705621931928975,0.505444347858429,,,,,,,,0.0037841796875,1.7118117809295654,0.004296465307799924,-0.0264208072352924,8.235625267028809
17145856,5716.355836102004,0.14290857087889072,0.57635498046875,,,,,,,,0.0023193359375,1.8064851760864258,0.003948493866269609,-0.026075623821228133,4.511087894439697
17154048,5721.821350089005,0.09307026109047102,0.5186523795127869,,,,,,,,0.0035400390625,1.7558537721633911,0.003939703096376479,-0.027621192217779218,7.2586212158203125
17162240,5727.2888209380035,0.11013705919790669,0.533703625202179,,,,,,,,0.00341796875,1.7577941417694092,0.0036517679119325575,-0.02735178408597774,7.235373020172119
17170432,5732.696585931,0.1164826170266252,0.54339599609375,0.0060232967709604734,0.006018627643752605,0.004517472578220327,333,648.3541815472477,22.05,6.0,0.002685546875,1.7998884916305542,0.0040737355337852055,-0.025715448771969185,6.109201431274414
17178624,5740.911277245999,0.07152640185886831,0.44859620928764343,,,,,,,,0.003662109375,1.7467141151428223,0.004089767155019075,-0.02588496222100003,13.241421699523926
17186816,5746.7325705750045,0.09365880144886457,0.4749755859375,,,,,,,,0.0030517578125,1.7592949867248535,0.004980407764060946,-0.02664942834479723,10.281598091125488
17195008,5752.756645679001,0.09850225125586395,0.4669555723667145,,,,,,,,0.0032958984375,1.741234302520752,0.004797109132777533,-0.017513654759003527,14.502257347106934
17203200,5758.319381644003,0.1491554838143114,0.59002685546875,,,,,,,,0.00341796875,1.6785632371902466,0.004560919502221927,-0.01838386508736598,6.0404510498046875
17211392,5764.443722345,0.14571070928498903,0.5869507193565369,,,,,,,,0.0023193359375,1.7780954837799072,0.004632177839749785,-0.02459664800973196,6.1421356201171875
17219584,5769.866691477,0.09555384601613685,0.5058960318565369,,,,,,,,0.00390625,1.7694551944732666,0.004401080018542114,-0.021079977849732222,9.912454605102539
17227776,5775.208642580001,0.1323385707979538,0.5753418207168579,,,,,,,,0.0030517578125,1.7506818771362305,0.003767983924044649,-0.02917503582958928,6.069273471832275
17235968,5781.043512092001,0.19303283021904494,0.634326159954071,0.008029283413225285,0.00729171594211786,0.006021962559918936,333,616.7156566517788,41.400000000000006,5.25,0.0025634765625,1.7983076572418213,0.00364223865732316,-0.019469161523368764,3.5291004180908203
17244160,5789.470886521005,0.13086484550183178,0.5655273795127869,,,,,,,,0.0035400390625,1.7234699726104736,0.004605040398709015,-0.025295953280755918,4.774116039276123
17252352,5794.862293707003,0.12678142214133636,0.5644775629043579,,,,,,,,0.0028076171875,1.785678744316101,0.004608559056678119,-0.02749829693948134,4.5708160400390625
17260544,5799.779053467006,0.1005527740808768,0.49211427569389343,,,,,,,,0.0037841796875,1.796844720840454,0.004820576610751748,-0.026740677543081383,6.939286708831787
17268736,5805.583483331,0.08744750091240111,0.4726806581020355,,,,,,,,0.003173828125,1.7704498767852783,0.004631924845570845,-0.028542804631042768,8.408883094787598
17276928,5811.512463455001,0.12497249120585058,0.566821277141571,,,,,,,,0.0023193359375,1.8157846927642822,0.00459614696545374,-0.029536787440593334,4.798867702484131
17285120,5816.856093169001,0.08203433906396476,0.4705444276332855,,,,,,,,0.0037841796875,1.7401490211486816,0.004496971697958596,-0.02241693756627714,9.710322380065918
17293312,5822.431230926006,0.08524625259443573,0.47663575410842896,,,,,,,,0.0035400390625,1.7404855489730835,0.004606095788985964,-0.02959573513153914,10.734787940979004
17301504,5828.015385869003,0.14622433010174207,0.5543457269668579,0.007651383545604684,0.006162380524968092,0.005738537659203513,333,626.0758661094146,40.800000000000004,5.25,0.003662109375,1.8218568563461304,0.004339508966111683,-0.018612444699529287,6.3819098472595215
17309696,5836.443246339004,0.06576645771261962,0.4272216856479645,,,,,,,,0.003662109375,1.7380845546722412,0.004177857351201353,-0.029912509332349582,14.863290786743164
17317888,5842.570340540005,0.10389948548772401,0.516857922077179,,,,,,,,0.0028076171875,1.781779170036316,0.004698504244592172,-0.01944542461730612,8.907788276672363
17326080,5848.153308767003,0.09258586659709171,0.4570068418979645,,,,,,,,0.00390625,1.7364659309387207,0.004514305702647992,-0.01613125427635528,16.32978630065918
17334272,5853.616255721005,0.09348674786711098,0.506054699420929,,,,,,,,0.0042724609375,1.7433552742004395,0.004827778387527459,-0.02558916004283736,12.268439292907715
17342464,5858.853165561006,0.13608942281958966,0.550048828125,,,,,,,,0.0029296875,1.7911500930786133,0.004770511676852052,-0.021878419897295456,8.204066276550293
17350656,5863.483380059006,0.07499107721485303,0.46282958984375,,,,,,,,0.0037841796875,1.754146695137024,0.004696902895196531,-0.024267202255709677,17.720781326293945
17358848,5868.198605302001,0.112473816234494,0.522595226764679,,,,,,,,0.0035400390625,1.724683165550232,0.004761179612264632,-0.013102524358227006,14.986978530883789
17367040,5872.845510316001,0.15066642553998955,0.573559582233429,0.006512722940220872,0.007330149693743904,0.004884542205165654,333,637.581021905143,41.400000000000006,5.4,0.0035400390625,1.7418173551559448,0.004616137358145256,-0.016732561411379143,8.618833541870117
17375232,5880.358785210003,0.12868919470362025,0.5619140863418579,,,,,,,,0.00390625,1.75507652759552,0.004547700222560125,-0.020098093971297772,9.818572998046875
17383424,5885.159649614005,0.15596544331810552,0.59765625,,,,,,,,0.0025634765625,1.8058147430419922,0.004887403868406359,-0.01892238591777807,7.2780961990356445
17391616,5889.909333534,0.12281665920735207,0.5170044302940369,,,,,,,,0.003662109375,1.7820662260055542,0.004582831336722215,-0.018600214415711983,11.851089477539062
17399808,5894.763055301999,0.14457644643424383,0.5596069693565369,,,,,,,,0.00390625,1.713017463684082,0.004615032737137037,-0.018616972087177327,8.595126152038574
17408000,5899.665287599004,0.14879337758708308,0.57452392578125,,,,,,,,0.0025634765625,1.7675679922103882,0.0050851548258989965,-0.018895267749991597,6.580804347991943
17416192,5904.465971202,0.14952365813751967,0.589599609375,,,,,,,,0.0032958984375,1.7193855047225952,0.004820711206762196,-0.02317702527414943,5.596850872039795
17424384,5909.361505527006,0.14496835273299968,0.5707764029502869,,,,,,,,0.00341796875,1.7388943433761597,0.00448941639296363,-0.016579075067544892,6.959144115447998
17432576,5914.214982186,0.14766798393450423,0.567089855670929,0.009368762851642898,0.008165290941664627,0.007026572138732146,333,606.0450777788304,39.300000000000004,6.15,0.0037841796875,1.8124483823776245,0.004630125564246246,-0.016128182290044254,5.78480863571167
17440768,5921.564115568006,0.19538075256080012,0.598620593547821,,,,,,,,0.0035400390625,1.7604597806930542,0.004683611984170666,-0.0074379754884349005,5.04180383682251
17448960,5926.516880667004,0.13521730160820977,0.577880859375,,,,,,,,0.001953125,1.817305326461792,0.0046189011671446956,-0.026500229828213817,4.968814849853516
17457152,5931.549731963001,0.09267620963668798,0.49299317598342896,,,,,,,,0.00341796875,1.7079832553863525,0.004665483885453292,-0.02559287248145524,7.945457458496094
17465344,5936.146090786002,0.09653834804320005,0.516674816608429,,,,,,,,0.0040283203125,1.7318472862243652,0.004939233809371002,-0.023998730466326543,8.393302917480469
17473536,5940.949782689,0.1209081015921703,0.553234875202179,,,,,,,,0.00341796875,1.7775551080703735,0.005092914634714507,-0.022906601679418496,5.487401485443115
17481728,5945.839173992004,0.10062614899027618,0.5230957269668579,,,,,,,,0.0032958984375,1.715258002281189,0.005133430063162914,-0.021088075946875364,8.332322120666504
17489920,5950.943405477003,0.119396605278346,0.557666003704071,,,,,,,,0.0028076171875,1.7788777351379395,0.004730081198878411,-0.021339812208547155,5.663365840911865
17498112,5956.890331816001,0.09310481959549446,0.4786743223667145,0.0078918421405616,0.006934900892951679,0.0059188816054212,333,628.4965549550446,38.400000000000006,5.4,0.003662109375,1.793479561805725,0.004446299623495187,-0.021870846124819293,11.482247352600098
17506304,5964.691888344001,0.1536760264630912,0.5951294302940369,,,,,,,,0.0030517578125,1.712975025177002,0.0034966666808297076,-0.02162437035619438,4.640635967254639
17514496,5970.691359938006,0.14884813123555143,0.5638794302940369,,,,,,,,0.0029296875,1.772924542427063,0.0031681348533416642,-0.028202065515349546,5.20685338973999
17522688,5976.3789167580035,0.09906027006912836,0.509228527545929,,,,,,,,0.003662109375,1.6873366832733154,0.004942676467759144,-0.026044842370258104,8.651350975036621
17530880,5982.291898858006,0.11837976385451553,0.518237292766571,,,,,,,,0.0037841796875,1.75929594039917,0.00510001179147801,-0.01835731633530661,9.654885292053223
17539072,5988.199838655004,0.11369840045709836,0.556018054485321,,,,,,,,0.0029296875,1.7019317150115967,0.00501033877846957,-0.022626960975190333,6.517122745513916
17547264,5993.824260656002,0.11715507004565136,0.5163208246231079,,,,,,,,0.003173828125,1.7399812936782837,0.004996360124270627,-0.020656843251750007,10.317293167114258
17555456,5999.802059695001,0.14484773724299457,0.56817626953125,,,,,,,,0.0023193359375,1.7417075634002686,0.005123668493332567,-0.021871979326662058,7.34682035446167
17563648,6005.502418414006,0.15146239203411882,0.562268078327179,0.009762750724527147,0.008737782887271783,0.007322063043395333,333,596.5310007648809,48.45,6.15,0.00439453125,1.7564442157745361,0.005211984976958073,-0.018097422018059747,7.3390092849731445
17571840,6013.909763579999,0.15061537445540152,0.560900866985321,,,,,,,,0.00341796875,1.7565189599990845,0.00493375031806309,-0.018016911760024644,5.582360744476318
17580032,6019.704350127002,0.10550885014992346,0.521557629108429,,,,,,,,0.0035400390625,1.7850114107131958,0.0048923459537522085,-0.022437201949368088,8.730311393737793
17588224,6025.154501383004,0.1332313566448177,0.5496826171875,,,,,,,,0.00341796875,1.7508220672607422,0.004597814241147913,-0.020708240090488765,8.723340034484863
17596416,6030.759513583005,0.10715237350902228,0.526989758014679,,,,,,,,0.0029296875,1.7574114799499512,0.004842786454642978,-0.01502812970535379,11.02937126159668
17604608,6036.717491276002,0.08521116985477045,0.44074708223342896,,,,,,,,0.004150390625,1.8318697214126587,0.005355829836231174,-0.015362260483973468,21.33648109436035
17612800,6041.9581262110005,0.1195525362480156,0.548718273639679,,,,,,,,0.003173828125,1.7676067352294922,0.005134571127738186,-0.0218330912649466,9.6104154586792
17620992,6047.450311086999,0.1701250257496139,0.6102294921875,,,,,,,,0.0028076171875,1.7860307693481445,0.0054136809048574985,-0.015086209408168533,6.398885250091553
17629184,6053.387011266001,0.10883412101741526,0.536694347858429,0.009181731989173936,0.008076159181191533,0.006886298991880424,333,601.1735552261872,26.400000000000002,6.15,0.0040283203125,1.6950777769088745,0.005387266899542054,-0.018551640933683177,9.675827026367188
17637376,6061.881726587002,0.16632912752694431,0.609240710735321,,,,,,,,0.0030517578125,1.745702862739563,0.005395283039400178,-0.015860344889735967,5.38602352142334
17645568,6067.0808808229995,0.13275935525956767,0.5712646842002869,,,,,,,,0.00341796875,1.7645219564437866,0.0053887997917100305,-0.016470894325275553,6.746301174163818
17653760,6073.1960646040025,0.15844536621741256,0.5452514886856079,,,,,,,,0.0030517578125,1.694209337234497,0.00539627784033514,-0.02432199678527015,7.484755039215088
17661952,6078.883728919005,0.10619811684253765,0.4426635801792145,,,,,,,,0.0030517578125,1.772434949874878,0.005005601827565265,-0.02008880342225032,16.37567710876465
17670144,6084.278571991999,0.07572447848545234,0.4291015565395355,,,,,,,,0.00439453125,1.7052130699157715,0.0050038456808115805,-0.019887328345496866,24.990406036376953
17678336,6089.661326690999,0.1414961468310195,0.5767822265625,,,,,,,,0.003173828125,1.7274277210235596,0.004904409385366071,-0.016675687385695304,8.326082229614258
17686528,6095.790387446999,0.16469415647210944,0.6024414300918579,,,,,,,,0.0032958984375,1.7721107006072998,0.00485955985356501,-0.020792065484688323,5.902642726898193
17694720,6101.680440301003,0.06514964335393264,0.432861328125,0.2543378227944534,0.19246628032197044,0.19246628032197044,35,-1.8814840133842248,5.25,nan,0.004150390625,1.681195855140686,0.004812009933736872,-0.022409824144577435,22.995038986206055
17702912,6110.226728949005,0.15469581173579236,0.567761242389679,,,,,,,,0.0028076171875,1.7242071628570557,0.005707714270320907,-0.019554409274326816,8.294168472290039
17711104,6116.071326409001,0.12844180779803205,0.5499023795127869,,,,,,,,0.0037841796875,1.7147011756896973,0.005634918827810198,-0.01950373833193593,7.963260173797607
17719296,6121.983412348003,0.13612070557844055,0.566662609577179,,,,,,,,0.003173828125,1.7087905406951904,0.005297418299912593,-0.023035064923366214,8.266606330871582
17727488,6127.566618833,0.12802259109748085,0.549206554889679,,,,,,,,0.002685546875,1.7964519262313843,0.004778055653522517,-0.014133376117759305,10.825854301452637
17735680,6133.2164124690025,0.0905030187084872,0.500964343547821,,,,,,,,0.00390625,1.7122617959976196,0.004684829777622079,-0.02361839564243104,12.885126113891602
17743872,6138.815537503004,0.16512086022465455,0.5783935785293579,,,,,,,,0.0035400390625,1.7489688396453857,0.00470635843829692,-0.017755413774836165,7.674827575683594
17752064,6144.312354405003,0.17106989529893632,0.600878894329071,,,,,,,,0.0032958984375,1.7438851594924927,0.00531953102968874,-0.016312004735191173,6.292367458343506
17760256,6149.816834303005,0.08195339211844269,0.45112305879592896,0.006157662140171327,0.0071586901957378934,0.004618246605128551,333,638.3694100194323,36.75,5.4,0.00439453125,1.7774546146392822,0.004761563390350387,-0.021201058968795844,17.585962295532227
17768448,6158.210340329002,0.1429760431979557,0.5784668326377869,,,,,,,,0.003173828125,1.8339335918426514,0.0049236511549690665,-0.0201592446556216,9.199236869812012
17776640,6164.222942519002,0.14179442197500594,0.544726550579071,,,,,,,,0.004150390625,1.7803102731704712,0.00509163346501218,-0.013144772421822307,12.308511734008789
17784832,6170.395610508,0.10176791263437908,0.5227417349815369,,,,,,,,0.0030517578125,1.6671007871627808,0.0050853899152445425,-0.019560042377387017,11.594805717468262
17793024,6175.971840037004,0.15693586182879155,0.5412231683731079,,,,,,,,0.0035400390625,1.7981109619140625,0.004940195932114033,-0.014391193022132737,12.1588773727417
17801216,6181.909146985003,0.07632970172908837,0.46967774629592896,,,,,,,,0.00390625,1.6272069215774536,0.005153091923269182,-0.0179479922101374,22.675098419189453
17809408,6187.303322828004,0.18286827041711884,0.57354736328125,,,,,,,,0.002685546875,1.73237144947052,0.005014169420545445,-0.013295404215336315,11.888446807861328
17817600,6192.678280220003,0.21335206765108206,0.614880383014679,,,,,,,,0.0032958984375,1.740785837173462,0.004911326402240124,0.0034791992418571117,9.357388496398926
17825792,6198.661886343005,0.16810553948021117,0.561022937297821,0.011113123485918974,0.009492695918839833,0.008334842614439175,333,590.3054740465759,44.85,6.300000000000001,0.003662109375,1.6894186735153198,0.005233876544841198,-0.009314383143268842,10.69578742980957
17833984,6207.104913329,0.16493970474247424,0.604968249797821,,,,,,,,0.002685546875,1.7715094089508057,0.004749831822246531,-0.017986887930958786,7.593074321746826
17842176,6213.0633954850055,0.11971182430145602,0.52752685546875,,,,,,,,0.0042724609375,1.7189253568649292,0.004362710508305501,-0.023701684989230632,10.912101745605469
17850368,6219.020561000005,0.18332248777954843,0.5493530631065369,,,,,,,,0.0032958984375,1.7192481756210327,0.0045207958073942844,-0.01649458985308892,11.427658081054688
17858560,6224.564056986004,0.20949566325647895,0.611083984375,,,,,,,,0.0030517578125,1.741441249847412,0.004766261573486585,-0.0018950701363141566,8.96666145324707
17866752,6229.538208130005,0.21090698345694348,0.5755859613418579,,,,,,,,0.0050048828125,1.7908648252487183,0.005871228130014394,-0.00039736724752579525,10.269075393676758
17874944,6234.197647666006,0.1509133639247665,0.5773071646690369,,,,,,,,0.0029296875,1.721951961517334,0.005730554317135983,-0.021676324599960745,7.462307929992676
17883136,6239.490601328005,0.12609066831036217,0.5242676138877869,,,,,,,,0.0032958984375,1.713402271270752,0.005787371433668254,-0.010802438305912135,14.1177339553833
17891328,6244.634956722002,0.06786407818915711,0.38336181640625,0.014905758686220127,0.01174813646732975,0.011179319014665068,333,553.1317677762429,42.75,6.15,0.004150390625,1.610623836517334,0.005819049879811411,-0.015166885679520285,37.28715133666992
17899520,6252.9144396010015,0.13092439186992286,0.53729248046875,,,,,,,,0.0028076171875,1.604116439819336,0.005891565702732304,-0.017170803482178847,16.050180435180664
17907712,6258.020584034006,0.23368400789428218,0.525891125202179,,,,,,,,0.00390625,1.5946197509765625,0.005269498580803167,-0.003960179931223453,18.024127960205078
17915904,6263.510817154005,0.1963668594568324,0.578369140625,,,,,,,,0.0030517578125,1.6873157024383545,0.0051743439213598474,0.013203753423462056,16.77561378479004
17924096,6268.561425608001,0.16321113664690867,0.588879406452179,,,,,,,,0.0028076171875,1.7182146310806274,0.005321294925823783,-0.011936563829588576,10.529864311218262
17932288,6273.948995251005,0.17686444834782222,0.583728015422821,,,,,,,,0.00341796875,1.6126375198364258,0.005792719922657064,-0.005681756730874767,12.453518867492676
17940480,6278.938681969004,0.10943850598584498,0.4800659120082855,,,,,,,,0.0042724609375,1.7066736221313477,0.006347984330497214,-0.017282762514947855,23.452301025390625
17948672,6284.383689659,0.11450736869812986,0.5349365472793579,,,,,,,,0.0035400390625,1.5610623359680176,0.0061085976129304775,-0.022803281283895218,14.96113109588623
17956864,6289.8984998010055,0.13250741827580712,0.5589843988418579,0.3283150651261597,0.24743274124331838,0.24743274124331838,34,-2.9501830170368066,5.1000000000000005,nan,0.00341796875,1.640341877937317,0.005236588663523389,-0.013024826383881673,16.789085388183594
17965056,6297.710514742001,0.10634533232297,0.5117554068565369,,,,,,,,0.0032958984375,1.6537343263626099,0.00495793265249711,-0.013775233675788168,19.472158432006836
17973248,6303.177286448001,0.21512789652295822,0.6305786371231079,,,,,,,,0.00341796875,1.6189627647399902,0.0049956863565527865,0.003024898807097867,12.18525218963623
17981440,6308.457285946999,0.17937050951561911,0.614733874797821,,,,,,,,0.00341796875,1.6692407131195068,0.0049698105319725405,-0.007944338174753039,10.800772666931152
17989632,6313.806487435999,0.13248977338926432,0.5730347037315369,,,,,,,,0.003173828125,1.658462643623352,0.005156552258278824,-0.010917661272795974,10.919677734375
17997824,6318.870437987003,0.1314753662413005,0.5370849967002869,,,,,,,,0.003662109375,1.7072196006774902,0.0051866324873399705,-0.008480266639424961,17.050947189331055
18006016,6323.663279379005,0.11146821387384248,0.507275402545929,,,,,,,,0.003662109375,1.7200701236724854,0.005556050603846452,-0.011175973068265621,16.166181564331055
18014208,6328.775236223999,0.18997106707732803,0.5202392935752869,,,,,,,,0.003662109375,1.6495014429092407,0.005157600817023322,-0.011147174317724684,18.960596084594727
18022400,6334.118521651006,0.23045757471824563,0.643139660358429,0.012559910275310893,0.00965205139058778,0.009419932706483225,333,564.1582912091787,48.6,5.4,0.0025634765625,1.5959196090698242,0.005200249085906883,-0.01093448313553353,9.245509147644043
18030592,6342.334806664003,0.18028184117823787,0.5966553092002869,,,,,,,,0.0030517578125,1.5800564289093018,0.00531444352849153,-0.014136286502293038,11.693896293640137
18038784,6347.911115369003,0.09864661358432864,0.500231921672821,,,,,,,,0.00390625,1.669048547744751,0.005443832538588711,-0.018141191079260276,19.371444702148438
18046976,6353.3170917259995,0.09702283007685987,0.5066894888877869,,,,,,,,0.003662109375,1.6834601163864136,0.005547280933250298,-0.020169291907678594,15.682299613952637
18055168,6358.135331983001,0.1849536159355608,0.6155639886856079,,,,,,,,0.00341796875,1.692213773727417,0.005626809111143993,-0.010830672803261651,7.643144130706787
18063360,6362.782280118001,0.06357341481374555,0.43229982256889343,,,,,,,,0.0037841796875,1.6409391164779663,0.0053732077248784815,-0.021714606022347493,29.170454025268555
18071552,6367.915888132004,0.1704841243057288,0.580249011516571,,,,,,,,0.00341796875,1.7229301929473877,0.00515461546895879,-0.004831465282564917,12.832061767578125
18079744,6373.528962880002,0.2549149709179133,0.6584106683731079,,,,,,,,0.00341796875,1.6475672721862793,0.004893659352901203,-0.004219672385699845,6.143347263336182
18087936,6379.227712694999,0.1609065115135201,0.6047607660293579,0.010977629197735816,0.01033090578347684,0.00823322189830189,333,584.8808350290918,35.550000000000004,5.25,0.002685546875,1.704529881477356,0.0050044696806640365,-0.01896456819568887,6.309370994567871
18096128,6387.486362586002,0.14023191190661471,0.5865722894668579,,,,,,,,0.0029296875,1.7197755575180054,0.004886705703595506,-0.015263718884937156,8.058070182800293
18104320,6392.082932735,0.06209335852014406,0.41517335176467896,,,,,,,,0.0045166015625,1.6954624652862549,0.005419937998230706,-0.02330275714817124,20.952001571655273
18112512,6397.383391875999,0.07857945523857873,0.46533203125,,,,,,,,0.0032958984375,1.6987855434417725,0.005589346888826174,-0.022408733069193262,17.192691802978516
18120704,6402.369815752005,0.27350791375301114,0.620617687702179,,,,,,,,0.0035400390625,1.7207497358322144,0.005268916684805003,-0.01207738056418188,8.937064170837402
18128896,6407.285249285,0.07735274009713744,0.43620607256889343,,,,,,,,0.0035400390625,1.6816771030426025,0.005412475015292739,-0.026726498012349775,24.394784927368164
18137088,6412.411841181005,0.1667897673296443,0.5390625,,,,,,,,0.0025634765625,1.6347860097885132,0.005435928614213825,-0.02249415389925826,13.164822578430176
18145280,6417.8889579970055,0.17061018761020283,0.610852062702179,,,,,,,,0.00390625,1.6653945446014404,0.005210689426410009,-0.014876212425473035,8.714971542358398
18153472,6423.168279286001,0.11640264084557646,0.54107666015625,0.0100591825007873,0.008005167632370025,0.0075443868755904475,333,594.3991586766317,29.700000000000003,5.25,0.003662109375,1.647476077079773,0.005326115848767632,-0.014110952865121826,12.777796745300293
18161664,6431.363416567001,0.1445259194267506,0.5545410513877869,,,,,,,,0.0028076171875,1.7090104818344116,0.00515750285595673,-0.01378964751017623,13.028210639953613
18169856,6436.412440662003,0.15518134397588457,0.5968261957168579,,,,,,,,0.00390625,1.6508874893188477,0.006025606171553566,-0.01143434296658314,7.768359661102295
18178048,6441.450359966999,0.07784290157752345,0.47308349609375,,,,,,,,0.00341796875,1.708287000656128,0.006234106610399581,-0.024390342266610777,16.277729034423828
18186240,6446.325360996001,0.13837509078970772,0.524340808391571,,,,,,,,0.00341796875,1.7098203897476196,0.005641500559372847,-0.011963892879011737,14.824951171875
18194432,6451.221295788004,0.10969092898617046,0.521777331829071,,,,,,,,0.003173828125,1.6565297842025757,0.005641349070750978,-0.017336276209163805,16.823505401611328
18202624,6456.300054210005,0.10112439596763052,0.506726086139679,,,,,,,,0.0028076171875,1.6468054056167603,0.005409772518880196,-0.017997371228407385,21.666263580322266
18210816,6461.639607055004,0.14808898094965214,0.571826159954071,,,,,,,,0.0035400390625,1.62245774269104,0.005483108243602985,-0.015279934656812905,14.790695190429688
18219008,6467.3048010160055,0.2058480886580366,0.6236572265625,0.007779694656176228,0.007048587871608558,0.005834770992132143,333,614.2724416680785,30.3,6.0,0.0037841796875,1.6790974140167236,0.005261159840383334,-0.0061787113591355155,9.640235900878906
18227200,6475.612517667003,0.199876392558622,0.6356567740440369,,,,,,,,0.0029296875,1.7033004760742188,0.005689554614921599,-0.015954642180827077,5.910857200622559
18235392,6480.833476890002,0.16178762719807774,0.5984741449356079,,,,,,,,0.0029296875,1.6971551179885864,0.00551585755904016,-0.01702950129873562,6.47576379776001
18243584,6486.066894217001,0.07665640469466105,0.4580322206020355,,,,,,,,0.0032958984375,1.6871037483215332,0.005692710331475337,-0.02330654612630149,15.371307373046875
18251776,6490.890154082001,0.21280727396771987,0.642041027545929,,,,,,,,0.0030517578125,1.6933146715164185,0.0052379699494293774,-0.016636514434181744,4.4533538818359375
18259968,6495.695959403005,0.1432909621616433,0.578320324420929,,,,,,,,0.00341796875,1.7047518491744995,0.005174919968782055,-0.017291545616958115,5.675955295562744
18268160,6500.597544393,0.14512223398319435,0.574047863483429,,,,,,,,0.0032958984375,1.7344235181808472,0.005669336965830607,-0.02005307002830858,4.98193883895874
18276352,6506.326608435003,0.06754335781915562,0.43541261553764343,,,,,,,,0.0032958984375,1.7131003141403198,0.00549844110158948,-0.02285977837621974,19.068262100219727
18284544,6511.642164007004,0.14686958546404094,0.586621105670929,0.008822074669429747,0.0073540356524280925,0.006616556002072338,333,611.1340377843534,43.5,5.4,0.00341796875,1.6977548599243164,0.005259033411251335,-0.021777343444277637,5.187911033630371
18292736,6519.671914283004,0.090353526267221,0.46722412109375,,,,,,,,0.00341796875,1.7391084432601929,0.005350761703096563,-0.015371033645555365,15.866096496582031
18300928,6525.139113493002,0.15046444564987915,0.5846313834190369,,,,,,,,0.0025634765625,1.6902045011520386,0.0047947708034898895,-0.02280002758207136,5.784310817718506
18309120,6530.010169611,0.09488486890749359,0.48035889863967896,,,,,,,,0.003173828125,1.7286300659179688,0.004534247233615951,-0.020708846254293187,14.30798053741455
18317312,6535.166715056002,0.17327055610757838,0.60400390625,,,,,,,,0.00341796875,1.7137731313705444,0.0045600278336130895,-0.023163177380838923,5.1607666015625
18325504,6540.712194218999,0.1411057534427036,0.58551025390625,,,,,,,,0.003173828125,1.7217298746109009,0.0050457799428663686,-0.021040026654506036,5.418538570404053
18333696,6546.451643394001,0.12273214517999859,0.524365246295929,,,,,,,,0.00390625,1.7817418575286865,0.004821133067789529,-0.02091546377799201,7.787017822265625
18341888,6551.004533943,0.08517760720757393,0.48663330078125,,,,,,,,0.0032958984375,1.732862114906311,0.004814973012749579,-0.026842096109694482,11.009194374084473
18350080,6555.615021484002,0.09839031278307356,0.510729968547821,0.0071323574861089645,0.007961693306613338,0.005349268114581696,333,624.8701062728996,34.800000000000004,5.25,0.0029296875,1.7123311758041382,0.004990746471197904,-0.01897825491610629,13.915736198425293
18358272,6563.603520339006,0.14571638676466317,0.595349133014679,,,,,,,,0.00341796875,1.6807399988174438,0.005005591117787089,-0.022835619548027247,5.3762688636779785
18366464,6568.928224193005,0.13362228361422895,0.56256103515625,,,,,,,,0.0029296875,1.6990602016448975,0.00506039223209398,-0.021406911106317414,6.612220764160156
18374656,6573.879518751004,0.0922142982665804,0.4925293028354645,,,,,,,,0.002685546875,1.728475570678711,0.0054570263321915835,-0.02792605336735822,9.264664649963379
18382848,6579.148589081,0.08343381719004717,0.45343017578125,,,,,,,,0.00390625,1.6641654968261719,0.004940233865100341,-0.03294385526376501,13.417200088500977
18391040,6584.693564565001,0.1496006939538368,0.588452160358429,,,,,,,,0.0030517578125,1.689360499382019,0.004819359505562337,-0.018185591055316835,6.018616676330566
18399232,6589.620957261999,0.15798653196021314,0.603503406047821,,,,,,,,0.003662109375,1.7168726921081543,0.004531905981061346,-0.01764436827159967,5.153635025024414
18407424,6594.94000088,0.07142954426593984,0.438232421875,,,,,,,,0.002685546875,1.723158836364746,0.005353285384623652,-0.028367958168776547,14.822633743286133
18415616,6600.0650812930035,0.14338075200172043,0.5840210318565369,0.007282749714912162,0.007188998781146871,0.005462062286184066,333,631.3154056394654,30.0,5.25,0.0032958984375,1.7283918857574463,0.005505150128394032,-0.018222641708256444,5.396651268005371
18423808,6608.122485658001,0.11791788779296741,0.49125978350639343,,,,,,,,0.0035400390625,1.690232753753662,0.00507061885667448,-0.016581277352052854,11.045428276062012
18432000,6613.3863298600045,0.14736003997897532,0.592578113079071,,,,,,,,0.0029296875,1.7334332466125488,0.0045366343414836585,-0.01912136346282908,5.562481880187988
18440192,6618.598343419006,0.1964663390348653,0.5727783441543579,,,,,,,,0.0035400390625,1.7434189319610596,0.004298402014544456,0.04079621102046317,7.408683776855469
18448384,6623.684299416003,0.12477331206682525,0.5506836175918579,,,,,,,,0.0028076171875,1.7803504467010498,0.0040858805577997925,-0.02363624938260286,6.85513162612915
18456576,6628.778630592002,0.10132177714850286,0.520617663860321,,,,,,,,0.00341796875,1.7729675769805908,0.004234622957815404,-0.02611217001614586,9.54230785369873
18464768,6633.4215561900055,0.11009180591062502,0.528308093547821,,,,,,,,0.003173828125,1.7273064851760864,0.004221839940905525,-0.021674406689493886,8.730494499206543
18472960,6638.462156361005,0.1589669144113367,0.57086181640625,,,,,,,,0.0030517578125,1.7739757299423218,0.0046172462707212425,-0.02043231677192843,5.951626777648926
18481152,6643.701292071004,0.09889275006751047,0.514404296875,0.0076025562837988,0.006473693502111799,0.0057019172128490725,333,624.4892726403873,26.400000000000002,5.4,0.00341796875,1.715307354927063,0.004599614366924687,-0.029628519595716496,8.144367218017578
18489344,6651.643629534003,0.14160505556763506,0.5865234732627869,,,,,,,,0.0030517578125,1.694333791732788,0.005731335695291162,-0.024401305278445678,6.2911882400512695
18497536,6657.456962425,0.1331137530985372,0.577258288860321,,,,,,,,0.0032958984375,1.6917988061904907,0.006000636149847027,-0.02095643377407997,5.3238420486450195
18505728,6662.767242328002,0.15461425508437274,0.590869128704071,,,,,,,,0.0029296875,1.6921676397323608,0.004685829030723898,-0.02281877696175095,4.541415214538574
18513920,6667.716432404006,0.1564296996126744,0.60009765625,,,,,,,,0.002685546875,1.742318034172058,0.00477465332855731,-0.01977712185040144,4.63758659362793
18522112,6673.105106865005,0.10414746105318964,0.5198608636856079,,,,,,,,0.00390625,1.7513967752456665,0.004825883812060283,-0.02883107857100339,5.382190227508545
18530304,6678.336803785001,0.11667706356568207,0.531005859375,,,,,,,,0.0035400390625,1.7358359098434448,0.00493239854972416,-0.019857029770859333,6.265811920166016
18538496,6683.463439587002,0.12546348471745397,0.551318347454071,,,,,,,,0.003173828125,1.755930781364441,0.004871246213468017,-0.02432739032437774,5.47066068649292
18546688,6688.857597855,0.09677150174425687,0.512951672077179,0.007355652550345981,0.006165320049649425,0.0055167394127595415,333,625.4824807914567,27.450000000000003,5.25,0.0032958984375,1.7691617012023926,0.004711861338625112,-0.03163818864885673,7.089221954345703
18554880,6696.519974171999,0.12553622088400607,0.5591186881065369,,,,,,,,0.0030517578125,1.776729702949524,0.0037826108693186367,-0.025658421493279283,5.2935614585876465
18563072,6701.800754298005,0.1183813577641611,0.553723156452179,,,,,,,,0.003173828125,1.7568442821502686,0.003690170259255998,-0.026926636580634412,4.941452503204346
18571264,6706.825249018999,0.12035688084180607,0.5585083365440369,,,,,,,,0.0035400390625,1.7769454717636108,0.003566835921984035,-0.024255010472856248,5.3671488761901855
18579456,6711.813570211001,0.10105022703692548,0.502758800983429,,,,,,,,0.0030517578125,1.8232389688491821,0.004181552678346856,-0.03061442631443817,6.949131965637207
18587648,6716.443701608005,0.11839788965723011,0.5356689691543579,,,,,,,,0.0032958984375,1.7133383750915527,0.005079130167413348,-0.024460104680836942,5.8603739738464355
18595840,6720.874851343004,0.12026847142109039,0.5623535513877869,,,,,,,,0.002685546875,1.7356330156326294,0.005172482319022564,-0.029762406527329834,4.777960300445557
18604032,6726.190082516005,0.125860244485519,0.563159167766571,,,,,,,,0.0037841796875,1.7580591440200806,0.004862253651368387,-0.02518824061213797,4.57811975479126
18612224,6731.573571109999,0.12387231859538411,0.5686889886856079,0.007478813644898663,0.00757328385773115,0.005609110233673942,333,624.4763314803602,35.7,5.4,0.0030517578125,1.7713720798492432,0.0040895833026206585,-0.025243731116665388,5.097939968109131
18620416,6740.072923789005,0.07928230874409443,0.45954591035842896,,,,,,,,0.0028076171875,1.846877932548523,0.003924397354954756,-0.02329211913205105,12.442819595336914
18628608,6745.258401224004,0.09178062472981695,0.4850219786167145,,,,,,,,0.00341796875,1.6756575107574463,0.004795961590779996,-0.02089731643046941,11.948102951049805
18636800,6750.075627197999,0.1359729116898369,0.55975341796875,,,,,,,,0.0030517578125,1.7025783061981201,0.003987186453316194,-0.023566904364574762,8.2162504196167
18644992,6755.044160409001,0.10395247162813043,0.52349853515625,,,,,,,,0.00341796875,1.7733631134033203,0.003743625125410932,-0.020975768179847726,10.389492988586426
18653184,6760.281563591001,0.18119512554300354,0.5677124261856079,,,,,,,,0.0035400390625,1.7970879077911377,0.003741199750321722,-0.010623690463581983,8.393838882446289
18661376,6765.497380099005,0.13992659021869192,0.582690417766571,,,,,,,,0.0028076171875,1.7715098857879639,0.004282150576802479,-0.021690485763353813,5.650970458984375
18669568,6770.620932169004,0.14635774708904653,0.563610851764679,,,,,,,,0.0030517578125,1.7969694137573242,0.004547908975994885,-0.014545024518087405,6.701353549957275
18677760,6776.041070749001,0.1372981905841871,0.5691162347793579,0.006329877475324208,0.006444160755012307,0.004747408106493101,333,646.3253360438897,34.5,5.25,0.0037841796875,1.7704923152923584,0.005249292710392539,-0.02078524443216959,5.387369155883789
18685952,6784.097725397005,0.13947760981318888,0.572949230670929,,,,,,,,0.002685546875,1.8139442205429077,0.005172541834070676,-0.021252086454364483,4.366025447845459
18694144,6789.004612205004,0.11336317846294929,0.52655029296875,,,,,,,,0.0032958984375,1.7504644393920898,0.004868680250550317,-0.020569607868587702,7.463493347167969
18702336,6793.946556449999,0.1263107695833084,0.5673584342002869,,,,,,,,0.0028076171875,1.7398731708526611,0.004272487421645321,-0.029915638917374233,5.153988838195801
18710528,6799.524638055002,0.06697814563286301,0.42207032442092896,,,,,,,,0.0032958984375,1.7914581298828125,0.004196841811648255,-0.021311410984119043,12.935376167297363
18718720,6804.973049487002,0.10959359178630018,0.5423950552940369,,,,,,,,0.00390625,1.7402487993240356,0.004367828402026763,-0.022393021775218586,7.206158638000488
18726912,6810.258703874002,0.16672819621706642,0.611572265625,,,,,,,,0.00244140625,1.794638991355896,0.004382431364548078,-0.01844403774357549,3.707505941390991
18735104,6815.693980229,0.13321951005536495,0.5495239496231079,,,,,,,,0.00341796875,1.7751405239105225,0.004882357318165442,-0.01709942541716383,5.8408589363098145
18743296,6821.251142683999,0.09096780121281144,0.49799805879592896,0.006696332731379484,0.006577454124603199,0.005022249548534585,333,634.5602404468209,36.9,5.25,0.003173828125,1.7510443925857544,0.004374331946754517,-0.032818117493561075,8.953902244567871
18751488,6828.936789029001,0.13025245186421192,0.565502941608429,,,,,,,,0.0030517578125,1.7861145734786987,0.004188552267110568,-0.024795220652648678,5.766242980957031
18759680,6834.23555659,0.13664170386676547,0.576037585735321,,,,,,,,0.00390625,1.7124814987182617,0.004292428694640638,-0.021709247503472622,5.423800945281982
18767872,6839.799551986005,0.14043414374091764,0.5595337152481079,,,,,,,,0.00244140625,1.8146522045135498,0.004743152889418845,-0.023496238261577568,5.224515438079834
18776064,6845.162420313005,0.1118622872181025,0.51605224609375,,,,,,,,0.0032958984375,1.749894380569458,0.0045808136477294426,-0.020662067998718576,9.449313163757324
18784256,6850.473097958005,0.10864903411412241,0.514538586139679,,,,,,,,0.0040283203125,1.7411513328552246,0.004406560940627635,-0.0208583445218226,11.550158500671387
18792448,6855.606353647003,0.13758064102423195,0.5738159418106079,,,,,,,,0.002685546875,1.7443091869354248,0.00416056736517878,-0.02346297335735757,6.3500237464904785
18800640,6860.7100224509995,0.12261003332341405,0.553967297077179,,,,,,,,0.003662109375,1.720322847366333,0.00486705626958317,-0.028675030650055,5.860403060913086
18808832,6865.316309244001,0.13935383416220654,0.57366943359375,0.013087382147132232,0.012211487029846313,0.009815536610349174,333,565.941727731151,26.400000000000002,6.0,0.0028076171875,1.7408632040023804,0.004828225068562952,-0.02292972009211094,5.718039035797119
18817024,6872.840644967,0.13511688406579644,0.526135265827179,,,,,,,,0.00341796875,1.8184564113616943,0.004392740654161953,-0.02034197919411899,8.256098747253418
18825216,6878.0265410520005,0.1771416685244896,0.507763683795929,,,,,,,,0.0040283203125,1.7564282417297363,0.00441162539246942,-0.02154371217619676,12.034335136413574
18833408,6883.399867151005,0.11451161979302792,0.5382934808731079,,,,,,,,0.0029296875,1.76016366481781,0.004366572787607659,-0.021309911896755854,10.595026969909668
18841600,6888.722247540005,0.15128239413783984,0.59930419921875,,,,,,,,0.003173828125,1.7436137199401855,0.00452885601098707,-0.02267409536203126,5.9996562004089355
18849792,6894.472443718005,0.1196680699638443,0.5597168207168579,,,,,,,,0.0037841796875,1.7227730751037598,0.004258169352949981,-0.01954235837727844,7.714440822601318
18857984,6900.013704150006,0.14873094261050543,0.5987915396690369,,,,,,,,0.0030517578125,1.7685832977294922,0.004026452814100856,-0.02166458578868169,4.427046298980713
18866176,6905.201702294005,0.15525566570732977,0.610827624797821,,,,,,,,0.00341796875,1.751832127571106,0.003875892477704257,-0.02465079140808476,3.287785768508911
18874368,6910.334996084006,0.1147178041922208,0.509020984172821,0.005682905254051573,0.005387847399388801,0.004262178940538708,333,643.0011272424338,44.1,5.25,0.0025634765625,1.7532076835632324,0.004553050620332955,-0.027354504592858916,8.416823387145996
18882560,6918.401088068,0.1636160271065364,0.566845715045929,,,,,,,,0.0029296875,1.7842812538146973,0.004446428201525743,-0.031162101322502734,5.342999458312988
18890752,6923.780735732005,0.09410774582136575,0.501147449016571,,,,,,,,0.004150390625,1.7681182622909546,0.004073098226012317,-0.022185952316525856,9.186698913574219
18898944,6929.013061451005,0.14705897159014794,0.594250500202179,,,,,,,,0.00244140625,1.7878988981246948,0.003962189370558478,-0.02665246794200915,4.818324565887451
18907136,6933.941573708005,0.10761463543181396,0.528820812702179,,,,,,,,0.0035400390625,1.8016351461410522,0.003819494930730305,-0.022895586260631345,7.849768161773682
18915328,6938.627807941004,0.12745511633376974,0.4984985291957855,,,,,,,,0.0040283203125,1.8244527578353882,0.003622435919029998,-0.019106307599470483,10.552057266235352
18923520,6943.1128231170005,0.1725711725198259,0.6137939691543579,,,,,,,,0.0028076171875,1.7733334302902222,0.0039573322190114,-0.019339595809940543,4.043641090393066
18931712,6947.490354366004,0.13783753619110625,0.5335449576377869,,,,,,,,0.0032958984375,1.7417044639587402,0.004849524282053874,-0.022506327974135456,7.484450817108154
18939904,6951.860152175002,0.1298546160138277,0.566882312297821,0.017127679060990553,0.01463973202538793,0.012845759295742942,333,535.4000054605415,31.200000000000003,6.0,0.0030517578125,1.7205784320831299,0.004157120878547915,-0.0244601354347314,5.647829055786133
18948096,6958.8044951300035,0.15485661698124836,0.606823742389679,,,,,,,,0.0029296875,1.7601979970932007,0.004041904704492172,-0.02372029791052736,3.349322557449341
18956288,6962.989406123001,0.09797949993839081,0.5135132074356079,,,,,,,,0.00390625,1.7420685291290283,0.0038759646817023707,-0.019583221693589826,8.145367622375488
18964480,6967.2944506730055,0.1401817121951087,0.58319091796875,,,,,,,,0.0032958984375,1.7762529850006104,0.0038608613135258096,-0.02247853297159985,4.301488876342773
18972672,6971.565317261004,0.08793277925558406,0.49200439453125,,,,,,,,0.0032958984375,1.8017030954360962,0.003895680359980558,-0.032219941739166084,7.208038330078125
18980864,6975.932156253999,0.09362742557605619,0.5015625357627869,,,,,,,,0.00341796875,1.6969414949417114,0.004769082896875609,-0.01956097530978135,10.910305976867676
18989056,6980.155648281005,0.1267056554471349,0.532788097858429,,,,,,,,0.0028076171875,1.7834926843643188,0.004462784333456149,-0.024068711464577425,8.248458862304688
18997248,6984.5365064740035,0.10715454717284673,0.5140137076377869,,,,,,,,0.0040283203125,1.7357765436172485,0.004090102185130062,-0.020333458424993026,10.977388381958008
19005440,6988.849177180004,0.11234425683075622,0.5453857779502869,0.01188603380024189,0.008914525350181446,0.008914525350181446,141,188.82615127919775,21.150000000000002,5.25,0.0028076171875,1.7813708782196045,0.004122887429917843,-0.028438598106565252,7.742747783660889
19013632,6996.040391210001,0.19312373532677718,0.5832153558731079,,,,,,,,0.003173828125,1.7988369464874268,0.00412172672427058,-0.018238274764443747,6.048311710357666
19021824,7000.269824765004,0.144347084353026,0.572998046875,,,,,,,,0.0035400390625,1.6728421449661255,0.004026394660589738,-0.021853702790603925,6.668133735656738
19030016,7004.6580846740035,0.18533569803675118,0.6072021722793579,,,,,,,,0.0029296875,1.7371482849121094,0.004965856811091074,-0.022568056752664586,5.019887447357178
19038208,7009.2518781140025,0.14355965933560588,0.5803589224815369,,,,,,,,0.00341796875,1.6954376697540283,0.005023148230100194,-0.021320923552253047,5.406935691833496
19046400,7014.685139886002,0.12015326379233296,0.553698718547821,,,,,,,,0.0030517578125,1.710492491722107,0.005064686856311229,-0.028598337478379584,5.621942043304443
19054592,7019.613744824004,0.09862933887857457,0.499755859375,,,,,,,,0.0028076171875,1.7419371604919434,0.005364881408229438,-0.027171787560845418,8.936992645263672
19062784,7024.700565394,0.11363347491262249,0.5327392816543579,,,,,,,,0.00390625,1.69801926612854,0.0054141357616330765,-0.02304238465218544,7.883533000946045
19070976,7029.755236261,0.1568094289061962,0.607897937297821,0.016302419064024187,0.01284798504741036,0.012226814298018196,333,542.0219389489082,47.85,5.25,0.0030517578125,1.770492434501648,0.005219148689914466,-0.025422416105757625,5.344295024871826
19079168,7037.497028306003,0.1894609759981152,0.5871338248252869,,,,,,,,0.003173828125,1.7586697340011597,0.004841934575952944,-0.020333559876656127,5.701568126678467
19087360,7042.568005355999,0.15873852002935174,0.5874878168106079,,,,,,,,0.00341796875,1.7141436338424683,0.004763736143827968,-0.01997051512367354,5.274389743804932
19095552,7048.097363871006,0.1494833356510357,0.585375964641571,,,,,,,,0.0030517578125,1.7467584609985352,0.0051232328305337305,-0.022539296835566318,4.539209365844727
19103744,7053.653709784005,0.09671201918613369,0.49468994140625,,,,,,,,0.0040283203125,1.7655963897705078,0.005412501813723325,-0.023766530803923238,9.999452590942383
19111936,7058.874484956999,0.11323569327951005,0.5435547232627869,,,,,,,,0.00244140625,1.7141783237457275,0.006123898023903562,-0.024413408472673086,7.82857084274292
19120128,7063.507919362004,0.10801452218794956,0.5316162109375,,,,,,,,0.0028076171875,1.6996440887451172,0.00463402360955556,-0.02829064523235766,8.638209342956543
19128320,7068.630878296004,0.12121426468206196,0.551440417766571,,,,,,,,0.0037841796875,1.70074462890625,0.004698806582102755,-0.017669808885780788,7.8241729736328125
19136512,7073.923544809004,0.13106876647380125,0.5714111328125,0.015965172972752684,0.014543159840574083,0.01197387972956454,333,542.7230225922006,25.05,6.15,0.0030517578125,1.7473702430725098,0.00469479287031116,-0.02814622208241936,6.4279375076293945
19144704,7081.896971339003,0.15566556148319366,0.591601550579071,,,,,,,,0.002685546875,1.7324572801589966,0.005011664797671567,-0.01632424164940391,5.186986923217773
19152896,7087.068180605005,0.08804650128991853,0.47877198457717896,,,,,,,,0.003662109375,1.7156599760055542,0.005006213057252351,-0.02642466449538221,13.721684455871582
19161088,7091.9685672740015,0.11917467593510725,0.4881225526332855,,,,,,,,0.0030517578125,1.7722896337509155,0.005138576814127882,-0.018484787847810668,14.027422904968262
19169280,7096.686151403002,0.09084593556587449,0.49653321504592896,,,,,,,,0.0037841796875,1.6374309062957764,0.005249939867974618,-0.022976093241884342,16.058650970458984
19177472,7101.520410895006,0.21858285175473152,0.647326648235321,,,,,,,,0.0028076171875,1.65571129322052,0.005102836321919768,-0.00976929017303247,6.283317565917969
19185664,7105.943984588004,0.17248886529341131,0.59429931640625,,,,,,,,0.0032958984375,1.7259819507598877,0.004877656295780408,-0.010955559122989858,6.089687347412109
19193856,7110.839529331999,0.10602653192725427,0.516735851764679,,,,,,,,0.003173828125,1.6691726446151733,0.004634217271809793,-0.01810472466949121,12.142204284667969
19202048,7116.187473779006,0.13010931109636587,0.549670398235321,0.011296170386375537,0.011454105363149503,0.00847212778978168,333,577.7062613424055,36.6,5.25,0.0030517578125,1.7055686712265015,0.004539523641597931,-0.023521530298162008,8.15611457824707
19210240,7124.666608952,0.1274805926029175,0.534533679485321,,,,,,,,0.004150390625,1.692325472831726,0.0044211973439949315,-0.017660524305059294,9.312782287597656
19218432,7130.1035852050045,0.12899885530591884,0.572827160358429,,,,,,,,0.002685546875,1.669079303741455,0.0047292115082000485,-0.021360814024356866,7.9150543212890625
19226624,7135.790876926003,0.11827745426948347,0.5442749261856079,,,,,,,,0.0028076171875,1.7333054542541504,0.004537474028206923,-0.01576705556273771,10.26889705657959
19234816,7141.131451328001,0.12085284391992186,0.4919067323207855,,,,,,,,0.00390625,1.66116464138031,0.004775842199699176,-0.012726418413343099,19.821151733398438
19243008,7146.111776743004,0.10216171964294812,0.4808715879917145,,,,,,,,0.003173828125,1.6877942085266113,0.004912235250024155,-0.022018416589276477,19.435108184814453
19251200,7150.943865156005,0.19114178861109027,0.6258178949356079,,,,,,,,0.002685546875,1.6117479801177979,0.0057638108578621505,-0.014109039973557084,6.92962646484375
19259392,7156.373454175002,0.12054712005940543,0.5407959222793579,,,,,,,,0.0040283203125,1.6843303442001343,0.0056934421299734694,-0.018949570269092803,10.263055801391602
19267584,7162.195490530001,0.16482134230697204,0.5831298828125,0.010961073095989038,0.008969858307792178,0.008220804821991834,333,585.9255355942885,25.35,6.0,0.0030517578125,1.7308456897735596,0.005069922167845631,-0.00856470126221961,9.1155424118042
19275776,7170.588479716003,0.15081111542162495,0.582592785358429,,,,,,,,0.0029296875,1.6755702495574951,0.0049343833335349085,-0.009107505436833965,7.185428142547607
19283968,7175.778569173002,0.11499491489179642,0.529711902141571,,,,,,,,0.0028076171875,1.6883776187896729,0.004923816876406861,-0.015733376507276152,11.821830749511719
19292160,7180.509927625004,0.11692471304770105,0.5347534418106079,,,,,,,,0.0037841796875,1.6540769338607788,0.0056288958345780404,-0.017662019113177052,9.591475486755371
19300352,7185.783528876003,0.10929347298368769,0.46654054522514343,,,,,,,,0.0030517578125,1.6995331048965454,0.005232236343212016,-0.015729069301608296,22.060443878173828
19308544,7191.142380357,0.1293614677543756,0.5582031607627869,,,,,,,,0.0030517578125,1.642325758934021,0.005080518618539198,-0.01973959546989124,12.468788146972656
19316736,7196.284475591005,0.10516729651031848,0.5265747308731079,,,,,,,,0.003662109375,1.7361210584640503,0.005155540990606444,-0.015805910757233196,15.986625671386719
19324928,7201.358816573003,0.11374213775048643,0.5378051996231079,,,,,,,,0.0029296875,1.6900243759155273,0.005054678227248255,-0.012789719297980472,17.293739318847656
19333120,7206.668405066004,0.27706516416542215,0.6391357779502869,0.01651692260951354,0.014881223421135958,0.012387691957135183,333,536.3828607851701,19.8,6.300000000000001,0.0029296875,1.6987777948379517,0.005149016680869423,0.0031315377573852953,11.450910568237305
19341312,7214.649279221005,0.2493822918112498,0.67169189453125,,,,,,,,0.00341796875,1.7219065427780151,0.005035079905916895,-0.003705801154413798,4.620185852050781
19349504,7219.600811889999,0.1539496479251321,0.57147216796875,,,,,,,,0.003662109375,1.762927532196045,0.004831946792349218,-0.01690337464709568,6.637572765350342
19357696,7225.321532140006,0.16656454555327016,0.582934558391571,,,,,,,,0.0029296875,1.741310715675354,0.004733784929952467,-0.017093354369998398,8.72520923614502
19365888,7230.525118534999,0.18002050177680745,0.58673095703125,,,,,,,,0.0035400390625,1.6798760890960693,0.004602973795749032,-0.020873476124386097,9.025248527526855
19374080,7235.541913870002,0.1527747510038998,0.608142077922821,,,,,,,,0.0028076171875,1.66703200340271,0.004715676155897741,-0.01978535055643763,6.065155982971191
19382272,7240.725738257999,0.1339350212740249,0.561389148235321,,,,,,,,0.0030517578125,1.7359645366668701,0.005244483376171782,-0.013353873367101789,8.305365562438965
19390464,7245.801447559003,0.10331925219789724,0.513989269733429,,,,,,,,0.0030517578125,1.7131906747817993,0.005194823452218111,-0.020809055495205717,10.111684799194336
19398656,7251.359259664001,0.10113547600438484,0.49505615234375,0.012547589291249661,0.011114602336110058,0.009410691968437246,333,573.9005643861385,37.050000000000004,5.25,0.003662109375,1.7234901189804077,0.005209909483014252,-0.017680746465709364,16.845584869384766
19406848,7260.000831312005,0.11383845571096325,0.49653321504592896,,,,,,,,0.0032958984375,1.7150481939315796,0.005242483490339511,-0.020515713216161476,15.22130298614502
19415040,7264.798286073004,0.14458819436311063,0.549328625202179,,,,,,,,0.003173828125,1.6408977508544922,0.005683606986217282,-0.012511573335711963,14.665081977844238
19423232,7270.049821865003,0.18717571790026577,0.623852550983429,,,,,,,,0.003173828125,1.6717382669448853,0.005362057714396795,-0.018773854342429813,7.236567974090576
19431424,7275.1409060840015,0.15458362142462045,0.575878918170929,,,,,,,,0.0035400390625,1.702294945716858,0.004724036996792247,-0.021917057236842116,8.716285705566406
19439616,7280.037869905005,0.2145772675841008,0.644641101360321,,,,,,,,0.0028076171875,1.7515103816986084,0.004623687528579445,-0.019552931435134122,4.120286464691162
19447808,7284.964825941999,0.14702113790516325,0.56890869140625,,,,,,,,0.0035400390625,1.7587116956710815,0.004708945858692304,-0.02519109992394594,6.601359844207764
19456000,7290.330456437005,0.10656162113203115,0.5348144769668579,,,,,,,,0.0035400390625,1.7281248569488525,0.004846199660409334,-0.027013766938744896,8.376690864562988
19464192,7295.549575105004,0.12548580079161592,0.544055163860321,0.009911990181233565,0.010318505350393803,0.007433992635925146,333,598.7663941955644,19.5,5.25,0.003173828125,1.713044285774231,0.005512935968390753,-0.019347604402624695,10.476585388183594
19472384,7303.760136014003,0.10832357784148874,0.5104004144668579,,,,,,,,0.0045166015625,1.7540552616119385,0.0057152365113138925,-0.015823200159206498,12.537992477416992
19480576,7309.120278319002,0.061726600615375854,0.4066162109375,,,,,,,,0.0032958984375,1.7452173233032227,0.005724121954774342,-0.022186846184297497,20.965452194213867
19488768,7314.5647979890055,0.18919900624153824,0.627087414264679,,,,,,,,0.00341796875,1.6770641803741455,0.005534631109848753,-0.01576407537477608,6.2899627685546875
19496960,7319.7523260310045,0.13368677497118506,0.5660034418106079,,,,,,,,0.0029296875,1.6578090190887451,0.00540071868639147,-0.020939304387505773,9.022780418395996
19505152,7325.2551538920015,0.110876270258475,0.512194812297821,,,,,,,,0.0042724609375,1.7424607276916504,0.005416781171960872,-0.024444367469981756,11.935462951660156
19513344,7330.029454649004,0.11583912441315006,0.544445812702179,,,,,,,,0.003173828125,1.6540117263793945,0.005402713471778453,-0.02038627252338682,10.635441780090332
19521536,7335.332943698006,0.1342828580603162,0.5766845941543579,,,,,,,,0.0029296875,1.7072306871414185,0.0054681649555942125,-0.01958240634992099,8.330668449401855
19529728,7340.467313253001,0.16567005304601423,0.5976806879043579,0.007509581440393154,0.00616378239250881,0.00563218608029481,333,626.5786091981997,44.1,5.25,0.0032958984375,1.657940149307251,0.005618597535816505,-0.014513540793621691,8.046645164489746
19537920,7348.825537608005,0.1242077365594409,0.516064465045929,,,,,,,,0.0035400390625,1.6770503520965576,0.005526302325709054,-0.026983126329032228,12.137843132019043
19546112,7354.018554763003,0.09184448093997336,0.47871094942092896,,,,,,,,0.0030517578125,1.7013475894927979,0.004994127862107289,-0.024565952152686234,16.349599838256836
19554304,7359.868464327003,0.14103234578791415,0.5828003287315369,,,,,,,,0.0045166015625,1.752597689628601,0.004817032229060936,-0.015380700849401874,8.735367774963379
19562496,7366.014168779002,0.15506764007731966,0.551586925983429,,,,,,,,0.0029296875,1.7269805669784546,0.004911605904149963,-0.009986915626566692,13.678906440734863
19570688,7370.918630303,0.113345218113584,0.504345715045929,,,,,,,,0.00439453125,1.734857439994812,0.00576968232051156,-0.015403786257760833,17.0781307220459
19578880,7375.810544853004,0.10703194881445799,0.5163940787315369,,,,,,,,0.0037841796875,1.6786506175994873,0.005629954900799539,-0.02287731185372738,14.851290702819824
19587072,7381.184893963,0.08157444134563888,0.4794555604457855,,,,,,,,0.003662109375,1.6715277433395386,0.006199410521284143,-0.02366397193574526,21.548791885375977
19595264,7386.2014370100005,0.16595215532400806,0.541064441204071,0.005368464255187444,0.3824891015927325,0.2534060256505115,24,-8.635031858200506,0.15000000000000002,nan,0.00439453125,1.739261507987976,0.004829089338320491,-0.013996828136776458,19.781232833862305
19603456,7394.803994435002,0.15732772898972436,0.5724853873252869,,,,,,,,0.002685546875,1.7035726308822632,0.0047838733692251445,-0.01711587103520374,15.948637962341309
19611648,7400.073520041005,0.1646658005322317,0.608996570110321,,,,,,,,0.0040283203125,1.6854387521743774,0.004998350846824429,-0.018488381178686075,12.293416976928711
19619840,7405.634127542005,0.19154992275009017,0.635754406452179,,,,,,,,0.0032958984375,1.6548255681991577,0.005298632667551262,-0.014672115445290535,8.010438919067383
19628032,7411.349367659001,0.25815359128242116,0.597119152545929,,,,,,,,0.00390625,1.799368143081665,0.004984268795149682,-0.014500317555803758,8.57009506225586
19636224,7416.383887365999,0.105119391979626,0.5011352896690369,,,,,,,,0.0042724609375,1.739449381828308,0.004860690523177058,-0.02160865556501264,16.929515838623047
19644416,7420.6378378459995,0.17788592631090966,0.594836413860321,,,,,,,,0.0037841796875,1.755517601966858,0.004462406945986541,-0.014062320751830405,10.62335205078125
19652608,7425.369488185999,0.09611377914865474,0.5065063834190369,,,,,,,,0.004638671875,1.826056718826294,0.004275175248502183,-0.015915383381181595,17.52127456665039
19660800,7430.799320650003,0.09791053881790308,0.49628907442092896,0.008096576851671866,0.0065450672893681006,0.0060724326387539,333,617.3739730610662,32.1,5.25,0.0054931640625,1.763932466506958,0.0045027330082039185,-0.017303793183176326,20.86238670349121
19668992,7438.821508011999,0.14995712512384687,0.565356433391571,,,,,,,,0.0035400390625,1.7886003255844116,0.004929272629911052,-0.010808475748277188,12.401642799377441
19677184,7444.658018788003,0.18431423373133946,0.54522705078125,,,,,,,,0.0042724609375,1.6686372756958008,0.00553980978636448,-0.0014491479614663673,18.100671768188477
19685376,7450.2063874390005,0.13901930772675508,0.55975341796875,,,,,,,,0.00390625,1.6528284549713135,0.006060327122434539,-0.017371376203101037,18.116750717163086
19693568,7455.533512405003,0.18919848885813872,0.622912585735321,,,,,,,,0.0030517578125,1.7033835649490356,0.005692654230862071,-0.00779963271371492,8.858290672302246
19701760,7461.104316535006,0.1680816301091681,0.6069580316543579,,,,,,,,0.00439453125,1.673801064491272,0.0049718227003683335,-0.011209436201722735,10.546025276184082
19709952,7466.433491285003,0.16707144220850303,0.598522961139679,,,,,,,,0.0025634765625,1.7347148656845093,0.005051922652278273,-0.014649748136196248,9.189696311950684
19718144,7472.093225197001,0.18538589366344116,0.623181164264679,,,,,,,,0.004150390625,1.790927529335022,0.005361586722666956,-0.006857381521443041,5.926182746887207
19726336,7477.506279113004,0.10151218287771274,0.47398683428764343,0.008155863936524899,0.007480297878876496,0.006116897952393674,333,617.2435618865992,33.75,5.25,0.0042724609375,1.7210832834243774,0.0053929130000414105,-0.02338047920044767,17.143186569213867
19734528,7485.492735495005,0.12164815563788012,0.544567883014679,,,,,,,,0.0030517578125,1.7852113246917725,0.005096231352485603,-0.018776939677400812,11.250777244567871
19742720,7490.480351547005,0.13302140747970254,0.576550304889679,,,,,,,,0.00439453125,1.737658143043518,0.004958780223454751,-0.01765690266591234,9.164031028747559
19750912,7495.743452990006,0.16669756851977532,0.606689453125,,,,,,,,0.003173828125,1.7547873258590698,0.004962525462368195,-0.02439333290748195,6.667130947113037
19759104,7500.939239867999,0.14326179924150892,0.554492175579071,,,,,,,,0.002685546875,1.7493480443954468,0.004814234584613608,-0.022427299227908978,9.717833518981934
19767296,7506.222754523005,0.10414966331924956,0.4993896484375,,,,,,,,0.00439453125,1.6720229387283325,0.004992153304900104,-0.016578513079226,13.646475791931152
19775488,7511.347376912003,0.16919270330690028,0.594226062297821,,,,,,,,0.0029296875,1.718461036682129,0.0049383929934794235,-0.015031023517265391,7.346173286437988
19783680,7516.757188534,0.14296998052511878,0.57861328125,,,,,,,,0.003662109375,1.7115836143493652,0.0056264564960137875,-0.020444038323177538,8.089783668518066
19791872,7522.026195573999,0.07859333174650432,0.46405029296875,0.008493590661030503,0.007784416636291924,0.006370192995772905,333,606.3117888370143,48.300000000000004,5.25,0.0032958984375,1.696029782295227,0.0054585539701745844,-0.026688229783065,17.623756408691406
19800064,7530.0792743280035,0.14500481027038062,0.54913330078125,,,,,,,,0.003662109375,1.7257617712020874,0.0048695892723233936,-0.01669832869387673,11.005607604980469
19808256,7535.304985647999,0.1215295164011606,0.5495239496231079,,,,,,,,0.004150390625,1.654191255569458,0.004367144199515671,-0.024199383652403508,12.74981689453125
19816448,7541.098573661002,0.12329104303311414,0.5247436761856079,,,,,,,,0.0025634765625,1.7618530988693237,0.004381661775031298,-0.025666838600649822,12.506595611572266
19824640,7546.030977639006,0.15907375295046244,0.6051269769668579,,,,,,,,0.0040283203125,1.7064132690429688,0.004523770619758061,-0.014412732572526815,8.321512222290039
19832832,7551.477046881002,0.15640108085003251,0.5771850943565369,,,,,,,,0.0029296875,1.6783095598220825,0.00450798237614447,-0.007291385803841826,9.195831298828125
19841024,7556.430409059001,0.10698892588825051,0.508923351764679,,,,,,,,0.0035400390625,1.8014113903045654,0.004304004264230721,-0.01743014605316135,12.945388793945312
19849216,7561.389486013002,0.09024160919832225,0.50250244140625,,,,,,,,0.0040283203125,1.649653673171997,0.004344111354666724,-0.02493919692373623,15.566314697265625
19857408,7566.704114962005,0.1123669240948668,0.5374512076377869,0.00846837799383815,0.00949043560592866,0.006351283495378612,333,609.3822969107155,42.6,5.25,0.002197265625,1.7163983583450317,0.004490443434982394,-0.022454363151579323,12.127243041992188
19865600,7574.558401640003,0.14023626917394358,0.568115234375,,,,,,,,0.0040283203125,1.6736741065979004,0.004922724121697586,-0.01971182436827946,11.168476104736328
19873792,7580.043303579005,0.11832992505445471,0.547863781452179,,,,,,,,0.00341796875,1.6322485208511353,0.004594012799492009,-0.027576139057917927,12.754234313964844
19881984,7585.299209031,0.18012646396317655,0.6130737662315369,,,,,,,,0.0023193359375,1.745879054069519,0.003841022561132501,-0.016302047400200068,7.8838348388671875
19890176,7589.9855027810045,0.1305350580406974,0.5620971918106079,,,,,,,,0.0045166015625,1.6773947477340698,0.003747863056154044,-0.019261774987743764,11.727373123168945
19898368,7594.535407997006,0.15195180750146364,0.5743408203125,,,,,,,,0.003173828125,1.745556354522705,0.003994518021339655,-0.01658412082883631,9.830058097839355
19906560,7599.806233239004,0.13655996536642925,0.562548816204071,,,,,,,,0.0035400390625,1.7488625049591064,0.005065756206976579,-0.012812142430234508,10.416727066040039
19914752,7605.418568125999,0.14170945595916049,0.573657214641571,,,,,,,,0.00439453125,1.682666301727295,0.005014037944603422,-0.01977272655792489,11.300856590270996
19922944,7610.625074080002,0.17165844821033138,0.596911609172821,0.010661838941232848,0.009527075192678258,0.007996379205924664,279,477.5063031948961,37.2,5.25,0.00244140625,1.8306440114974976,0.0048351117106659736,-0.020898273380532822,9.184391975402832
19931136,7618.787877332004,0.1152775736231325,0.5384765863418579,,,,,,,,0.004150390625,1.665602445602417,0.005045170250208897,-0.019105825082898605,9.495635032653809
19939328,7624.017268222,0.13379409643104673,0.568066418170929,,,,,,,,0.0025634765625,1.640291452407837,0.005633447766318023,-0.023656631068155326,8.82654857635498
19947520,7629.318353070004,0.1870996589494489,0.615307629108429,,,,,,,,0.0030517578125,1.7180255651474,0.005507724031951433,-0.018537330458875755,5.621457099914551
19955712,7634.711170306,0.18523440141951786,0.561877429485321,,,,,,,,0.0042724609375,1.6308799982070923,0.005427542774971927,-0.01499916626985263,8.867382049560547
19963904,7640.156098919004,0.2373425591357405,0.5189575552940369,,,,,,,,0.001953125,1.6826530694961548,0.005018589398794182,-0.028872338919031345,13.346261978149414
19972096,7645.5395369670005,0.14991329106677673,0.5764526724815369,,,,,,,,0.0040283203125,1.6857800483703613,0.005105140381842621,-0.015291665161505243,7.458375453948975
19980288,7650.8311653140045,0.16311154327839683,0.6102051138877869,,,,,,,,0.00341796875,1.6327085494995117,0.005952946868384323,-0.02179330190526548,6.881266117095947
19988480,7656.341342877,0.14154725610092642,0.5766357779502869,0.011394138132404863,0.010218810814677903,0.008545603599303675,333,586.0519877740227,40.800000000000004,5.25,0.002197265625,1.813256025314331,0.005123714213726149,-0.019283597436806018,6.157118320465088
19996672,7664.373406069004,0.11499904385474141,0.5241943597793579,0.008676316489062308,0.007568894600840981,0.006507237366796703,333,608.5919893761723,38.1,5.25,0.00439453125,1.7078559398651123,0.005225550848673488,-0.019593332801916958,8.29733943939209
