step,wall,approx_kl,clip_frac,eval_1mU_at_best,eval_JT_end,eval_JT_min,eval_len,eval_return,eval_t_JT_min,eval_t_first_PE,frac_done,mean_reward,min_JT,pg_loss,v_loss
8192,6.7276315210037865,0.002881691478891634,0.02277832105755806,,,,,,,,0.0078125,0.646484911441803,0.09707240370873128,-0.003953108044700906,44.847015380859375
16384,12.824435828020796,0.005020170003000098,0.05909423902630806,,,,,,,,0.015625,0.650719940662384,0.11520160639755565,-0.006320219129335417,6.654998302459717
24576,17.991208335995907,0.004766417383013012,0.0511474609375,,,,,,,,0.015625,0.6614761352539062,0.1134471658617723,-0.004805726348341263,2.190830945968628
32768,23.893139004008844,0.002787468256834068,0.02385254018008709,0.0021876198373403932,0.21582006153161334,0.21499979589354826,66,43.5505815813432,0.75,nan,0.015625,0.6578909158706665,0.07050136092346472,-0.003979029311196446,2.33569598197937
40960,30.893765974004054,0.004742073809899518,0.04959717020392418,,,,,,,,0.015625,0.6604326963424683,0.1384272749789591,-0.005817497245997419,0.44677719473838806
49152,35.67034896899713,0.0056952048271218395,0.06990966945886612,,,,,,,,0.015625,0.6600039005279541,0.15194095746893904,-0.007010091532808186,0.7874863743782043
57344,40.85441350200563,0.008663839089506756,0.12114258110523224,,,,,,,,0.015625,0.6657057404518127,0.1567303936021039,-0.009880135886841522,0.157253235578537
65536,46.0295939980133,0.006591042791088214,0.08183594048023224,0.002175719360427708,0.21546362245563616,0.21503533414168596,66,43.47331737430183,0.75,nan,0.015625,0.6646586656570435,0.16672525247402556,-0.00865229604476107,0.1274411529302597
73728,50.521655399003066,0.005393609428053021,0.06148681789636612,,,,,,,,0.015625,0.6699978113174438,0.13382927513817874,-0.005747852405653473,0.037464480847120285
81920,54.286542699002894,0.003938927996030589,0.04060058668255806,,,,,,,,0.015625,0.6685623526573181,0.1434579947923559,-0.004980418221756992,0.20888786017894745
90112,58.09297902599792,0.005332808339859637,0.06143799051642418,,,,,,,,0.015625,0.6720715761184692,0.09258437993275694,-0.0051847754005674325,0.1440056413412094
98304,61.415754033019766,0.00493928421384878,0.05169677734375,0.001307776840462238,0.20960311975171658,0.2082630093715069,66,44.068967705145745,21.75,nan,0.015625,0.6700250506401062,0.12039117577132301,-0.004369134506485503,0.21556416153907776
106496,63.87778800301021,0.004398619040977743,0.04851074144244194,,,,,,,,0.015625,0.6764029264450073,0.10820058408416967,-0.003145616428850388,0.13849656283855438
114688,66.14427604200318,0.00472671657247733,0.05428466945886612,,,,,,,,0.015625,0.6754617691040039,0.08700387139370806,-0.0033355852728379426,0.4992431700229645
122880,68.50749552701018,0.004743286701848856,0.04935302957892418,,,,,,,,0.015625,0.6738824844360352,0.1233040153832421,-0.003862116933728409,0.4585115611553192
131072,70.70281408901792,0.004834255944579943,0.05324707180261612,0.0013571840628799903,0.1925541793184992,0.19149222111878833,66,45.29658594057188,47.25,nan,0.015625,0.66798996925354,0.10618732122103042,-0.003849010141028175,1.0858163833618164
139264,73.18936516001122,0.006335523378885147,0.07403564453125,,,,,,,,0.0078125,0.6818406581878662,0.13108445310491165,-0.006246864545380279,0.11034812778234482
147456,77.24796999501996,0.0075703418915688304,0.09727783501148224,,,,,,,,0.015625,0.6773231625556946,0.1350400496194577,-0.007223282481675911,0.08556473255157471
155648,81.17499401301029,0.006380796103123143,0.08070068806409836,,,,,,,,0.015625,0.6800545454025269,0.11671857813588987,-0.006287131631673744,0.12641926109790802
163840,85.78846455999883,0.004306342653382381,0.04707031324505806,0.001161922407596938,0.15274518391899572,0.15274518391899572,66,48.45506068563583,49.5,nan,0.015625,0.6819815635681152,0.13160848754755866,-0.005497902719841522,0.25439321994781494
172032,90.0349467130145,0.003494970868435704,0.03055419959127903,,,,,,,,0.015625,0.6848497986793518,0.10841966101023437,-0.0028651080470777327,0.27219003438949585
180224,94.79958313101088,0.003794334662447527,0.03706054762005806,,,,,,,,0.015625,0.6929571032524109,0.1183821003030523,-0.0026723585859727457,0.2242240458726883
188416,98.85993633102044,0.003979486734147778,0.04000244289636612,,,,,,,,0.015625,0.6892389059066772,0.12949754043630998,-0.0037659302131207426,0.22343258559703827
196608,103.02434193500085,0.004716231633329652,0.04682617262005806,0.003045152081930902,0.16013866166958707,0.16013866166958707,66,47.59967882230283,49.5,nan,0.015625,0.6845971345901489,0.11077535975690628,-0.0038191306123668556,0.3698115944862366
204800,107.38572590702097,0.005850020676116181,0.07064209133386612,,,,,,,,0.015625,0.6843799352645874,0.10372412272905235,-0.004218503350091327,0.33527883887290955
212992,112.2019650080183,0.005205721232646874,0.057373046875,,,,,,,,0.015625,0.6898399591445923,0.12044412624738955,-0.003802922216386176,0.2799377143383026
221184,116.46883406100096,0.005010086394106172,0.05585937574505806,,,,,,,,0.015625,0.6906777620315552,0.12766619774088403,-0.0069636545775130735,0.203788161277771
229376,121.66242013601004,0.004274322584559512,0.0445556640625,0.0010042964446784763,0.15912030828909648,0.15911302562285595,66,47.64444386929355,48.75,nan,0.015625,0.6925060153007507,0.1309718205402919,-0.0032314136266433737,0.1671328991651535
237568,126.42105354001978,0.005183950837072264,0.05632324144244194,,,,,,,,0.015625,0.6962411403656006,0.12902529518008196,-0.0042889748135081784,0.07490890473127365
245760,130.3653351899993,0.006032280011419105,0.07082519680261612,,,,,,,,0.015625,0.6993650197982788,0.11358198414552834,-0.005796231308399614,0.18109889328479767
253952,134.8360065650195,0.005920703799718936,0.07248535007238388,,,,,,,,0.015625,0.7055938243865967,0.11262890796693993,-0.004851249254057204,0.17333632707595825
262144,138.99497547600185,0.006820166495506522,0.0877685546875,0.004094288463553419,0.14511896742027708,0.14511896742027708,66,49.24613373912022,49.5,nan,0.015625,0.7068548202514648,0.1147530165044674,-0.006658084531124909,0.4676821231842041
270336,143.3359641120187,0.005319574088488623,0.06064453348517418,,,,,,,,0.015625,0.7153463959693909,0.09419203239649021,-0.003802089437268136,0.2472875565290451
278528,147.9976141960069,0.0052524419884402394,0.05769043043255806,,,,,,,,0.0078125,0.7091717720031738,0.10859323426248237,-0.0038006189815682906,0.3541877567768097
286720,152.72913356102072,0.006137135445504542,0.0709228515625,,,,,,,,0.015625,0.7201713919639587,0.08984020351463129,-0.005026006387498316,0.1314014047384262
294912,157.34845445401152,0.006047747125384519,0.07341308891773224,0.002503202405673366,0.1290488277258013,0.1290488277258013,66,50.97460053044113,49.5,nan,0.015625,0.7263519763946533,0.09081585873836578,-0.005431541117764013,0.15463858842849731
303104,161.89569945499534,0.005663221186988336,0.06602783501148224,,,,,,,,0.015625,0.7306317687034607,0.09800687011518713,-0.005255314558729158,0.19115065038204193
311296,165.61213637600304,0.006949804324635736,0.08823242038488388,,,,,,,,0.015625,0.7367021441459656,0.10147752702429744,-0.004884723658703057,0.24303331971168518
319488,169.69570322000072,0.006982947517565558,0.08925781399011612,,,,,,,,0.015625,0.7472087740898132,0.08772236706494846,-0.006261666559675976,0.2018740028142929
327680,173.57652358399355,0.006521822152844217,0.07858886569738388,0.003505505937731357,0.09434126327164,0.09434126327164,66,55.216961625039225,49.5,nan,0.015625,0.7533300518989563,0.08901022102860305,-0.005684852575624024,0.2324032336473465
335872,178.06423030601582,0.005555380825594338,0.06425781548023224,,,,,,,,0.015625,0.7660087943077087,0.06990147287295455,-0.0039476770730194136,0.3350711464881897
344064,182.34038895799313,0.005449250157105787,0.06218261644244194,,,,,,,,0.015625,0.7741537094116211,0.07462587356314922,-0.0034637601735047017,0.4117640554904938
352256,186.376502678002,0.005103940636830574,0.05583496019244194,,,,,,,,0.015625,0.7715523838996887,0.06504602861029371,-0.002919023869599024,0.535897433757782
360448,191.36825896101072,0.006498352651948325,0.08023681491613388,0.0009691967568341564,0.07653299301891656,0.07653299301891656,66,57.365386181289594,49.5,nan,0.015625,0.7843496799468994,0.053345186830631997,-0.005228347123233082,0.5028204321861267
368640,196.52487447301974,0.0059224347832716705,0.07058105617761612,,,,,,,,0.015625,0.7924817800521851,0.06789156292762039,-0.00423579062222987,0.5401482582092285
376832,200.44124788200133,0.005035199383624487,0.05461425706744194,,,,,,,,0.015625,0.8005602359771729,0.04165816694875732,-0.0035129953135366724,0.7007040977478027
385024,204.3815362850146,0.005198541622493303,0.05716552957892418,,,,,,,,0.015625,0.7993456125259399,0.0621520128550276,-0.003214764041044925,0.887107789516449
393216,208.85509248901508,0.005915720569514459,0.06766357272863388,0.0007878598164801076,0.054406107726662205,0.05430442740307656,66,61.57013800102754,47.25,nan,0.015625,0.812844455242157,0.05060435510146308,-0.0035425459279140358,0.683349072933197
401408,213.6642238009954,0.004652157897095196,0.04637451097369194,,,,,,,,0.015625,0.8053470253944397,0.04912216664553272,-0.0027486868457116662,1.1938260793685913
409600,218.01010892400518,0.005700624592100562,0.06798096001148224,,,,,,,,0.0078125,0.8120453357696533,0.04025385598684034,-0.004077782506305051,0.7738615870475769
417792,222.43876665001153,0.005573778850133913,0.06625976413488388,,,,,,,,0.015625,0.8166435956954956,0.04468963282735684,-0.003499611842361518,0.6294099688529968
425984,226.6283893880027,0.004536182385794072,0.04771728441119194,0.0016631154789488178,0.0499249768909379,0.04868807212925605,66,62.45387724429675,48.75,nan,0.015625,0.8209383487701416,0.04539038956017721,-0.0021278730641245483,0.6316360831260681
434176,231.4509578559955,0.0057973422924507655,0.06646728515625,,,,,,,,0.015625,0.8082402944564819,0.0524630425396658,-0.0037200372471096984,0.6735005974769592
442368,235.90947748499457,0.0044375310065425345,0.04366455227136612,,,,,,,,0.015625,0.8159336447715759,0.043462459110469656,-0.001232707455892827,0.6362332701683044
450560,241.04609820301994,0.006010807575385954,0.0736083984375,,,,,,,,0.015625,0.8202939033508301,0.0500382201975197,-0.0026779255562769996,0.7298497557640076
458752,245.7661614130193,0.004952581241873136,0.05368652567267418,0.002658676108782121,0.03897898777024492,0.03897898777024492,66,64.88252953468567,49.5,nan,0.015625,0.8252802491188049,0.04464877975195693,-0.0024757936723776106,0.6649136543273926
466944,250.17187158801244,0.005085210591190532,0.05747070536017418,,,,,,,,0.015625,0.843242347240448,0.03778073432307364,-0.00199857793857845,0.932345986366272
475136,254.3450535919983,0.0045144567247951805,0.04633789137005806,,,,,,,,0.015625,0.8414803743362427,0.03549917436127211,-0.0019678743704874112,0.9049703478813171
483328,258.3084556290123,0.005022182970553752,0.05329589918255806,,,,,,,,0.015625,0.8506193161010742,0.0282633207935873,-0.0018751085368672136,0.927912175655365
491520,261.6356768340047,0.005184862099580284,0.05783691629767418,0.0016915367192924524,0.03573668128286757,0.0337061719893453,66,66.85106731484444,48.75,nan,0.015625,0.8473249077796936,0.035597902534343306,-0.0019584551859806684,1.3613771200180054
499712,264.1803163519944,0.005974145289576845,0.07062988728284836,,,,,,,,0.015625,0.8619111180305481,0.03505398024581646,-0.0022919428549478165,0.9707738757133484
507904,266.48366072701174,0.004944136169968276,0.05434570461511612,,,,,,,,0.015625,0.8549255728721619,0.029604755906365854,-0.002833030253957677,1.1441594362258911
516096,268.74149497700273,0.005428003215755744,0.06097412109375,,,,,,,,0.015625,0.8603014945983887,0.03315141653010704,-0.0017642038032638402,0.9094491004943848
524288,270.9970655660145,0.0055584487107376256,0.06568603962659836,0.002922696088678567,0.027349751066188633,0.027349751066188633,66,68.548646419689,49.5,nan,0.015625,0.8670812845230103,0.02860921763584491,-0.0013419983727992642,1.378655195236206
532480,273.1089591830096,0.0048959865568549855,0.05258789286017418,,,,,,,,0.015625,0.8657031059265137,0.021207299327291318,-0.0019840584880609943,1.2817736864089966
540672,275.19258244600496,0.005232400665136518,0.060546875,,,,,,,,0.015625,0.8708928823471069,0.028564571507132666,-0.0016887365710999752,1.191778302192688
548864,277.19353968300857,0.004587467608305461,0.04825439676642418,,,,,,,,0.0078125,0.8611509799957275,0.02564555107366088,-0.00045879108036532665,1.2101454734802246
557056,279.22753904701676,0.00626815980719398,0.07537841796875,0.0019178332223921402,0.024290471796571414,0.022379024171487794,66,70.9782756839589,48.75,nan,0.015625,0.8664219975471497,0.02428552480660903,-0.002742129943796439,0.9625476002693176
565248,281.24872350899386,0.004995703056015131,0.05443115159869194,,,,,,,,0.015625,0.8699536323547363,0.03328540745206817,-0.0019262061337497012,1.0729541778564453
573440,283.23799659401993,0.005770035283176935,0.06608887016773224,,,,,,,,0.015625,0.8823699355125427,0.022810535582994385,-0.002348663127929868,1.0979032516479492
581632,285.19953896600055,0.005188805540115387,0.05791015550494194,,,,,,,,0.015625,0.8849672675132751,0.02123869956154051,-0.000968918552072014,1.7244561910629272
589824,287.19261101901066,0.00462864112305377,0.04704589769244194,0.0008269127913342889,0.016660296171280942,0.016365873621167405,66,74.85471861761788,45.0,nan,0.015625,0.8899734616279602,0.02104133896381585,-0.002117623093779399,1.4034900665283203
598016,289.16791586601175,0.005513103858810144,0.06357421725988388,,,,,,,,0.015625,0.8820657730102539,0.01884755851722039,-0.0024466499446612537,1.8484890460968018
606208,291.16253044700716,0.005256897463992261,0.05772705003619194,,,,,,,,0.015625,0.8910591006278992,0.024666422686337997,-0.0012753064391347196,1.4379233121871948
614400,293.1341713560105,0.006298499820082368,0.0750732421875,,,,,,,,0.015625,0.8900566101074219,0.01905947243681888,-0.0003431992167778403,1.469285011291504
622592,295.11933168399264,0.005293390769419941,0.058349609375,0.0006444129139072663,0.015059018561877247,0.014762194016728836,66,75.39321354219199,45.0,nan,0.015625,0.908402681350708,0.01218614566645856,-0.0010206900726708278,1.4205641746520996
630784,297.1133807320148,0.00551940803126898,0.064453125,,,,,,,,0.015625,0.8953011631965637,0.02118422899806868,-0.001078802192601459,1.8364008665084839
638976,299.1463866980048,0.006073908331114025,0.07396240532398224,,,,,,,,0.015625,0.9139974117279053,0.017564147249333695,-0.0016029781069336392,1.65017569065094
647168,301.1394200370123,0.0058589211696105275,0.06888427585363388,,,,,,,,0.015625,0.9051774740219116,0.024250595813414877,-0.00211532527479293,1.7452869415283203
655360,303.097467279993,0.005001578271860198,0.05441894754767418,0.0017328912164300547,0.01400167475802986,0.012312990382147804,66,75.50839907689672,48.75,nan,0.015625,0.9182438850402832,0.01855331218264448,-0.0015555970597096833,2.1853485107421875
663552,305.08538951101946,0.005432519886239043,0.06131592020392418,,,,,,,,0.015625,0.9138175845146179,0.011730127432461702,-0.001977148555112565,1.8820345401763916
671744,307.0835425260011,0.005107068900695975,0.05638427659869194,,,,,,,,0.015625,0.9194834232330322,0.01878688980571125,-0.0015219334301471077,1.7960243225097656
679936,309.0588152029959,0.005702875309607117,0.06668701022863388,,,,,,,,0.0078125,0.9235870838165283,0.01221476008699719,-0.0013252081862292642,1.2653446197509766
688128,311.0342138239939,0.005852272252374767,0.0706787109375,0.0004580290645663787,0.013770429337907276,0.010924150838186309,66,75.24368710431834,48.75,nan,0.015625,0.9034690856933594,0.017306852029358433,-0.0005557446470141548,1.0849725008010864
696320,313.0828199569951,0.005645032638069473,0.06619872897863388,,,,,,,,0.015625,0.9137004613876343,0.01591401427725886,-0.001602384317295584,1.029083251953125
704512,315.0622669479926,0.005284144568455541,0.05820312723517418,,,,,,,,0.015625,0.9203076958656311,0.020783293311624842,-0.0018040226614839659,1.4603848457336426
712704,317.0321766230045,0.005877179735793225,0.069580078125,,,,,,,,0.015625,0.9190633893013,0.012294266431334345,-0.0009008063973592636,1.342641830444336
720896,318.99377555100364,0.005892594554301325,0.06759033352136612,0.0010921744717596882,0.008754615672173517,0.00591311304105856,66,79.9440464084413,48.75,nan,0.015625,0.923795759677887,0.01710728004673866,-0.0011456010589867432,1.3081943988800049
729088,321.0480492589995,0.005744553589376767,0.069580078125,,,,,,,,0.015625,0.9333341717720032,0.013616683820927145,-0.00038909979551568236,1.473495364189148
737280,323.0153224450187,0.005672798083790992,0.06464844197034836,,,,,,,,0.015625,0.9267985820770264,0.015557102617645969,-0.0014647212892997818,1.4508942365646362
745472,324.98053621299914,0.00519159173301556,0.05926513671875,,,,,,,,0.015625,0.9424580335617065,0.0104725366810157,-0.00014812157409782882,1.4279844760894775
753664,326.9736962199968,0.00478751639953047,0.05170898512005806,0.0013029886561739534,0.007474335995366611,0.005768306992091021,66,82.5393199095646,45.0,nan,0.015625,0.9400696158409119,0.015015416618346168,-0.0002209045913969791,1.627694010734558
761856,328.99298787800944,0.007519022315560545,0.095947265625,,,,,,,,0.015625,0.9425570964813232,0.006695592533305772,-0.0019561163719865743,2.055100440979004
770048,330.99126445301226,0.0067340156461101865,0.08198242634534836,,,,,,,,0.015625,0.9430851936340332,0.010166535846903225,-0.0023793364328865124,1.6747013330459595
778240,332.97826518601505,0.006006727589857621,0.07298584282398224,,,,,,,,0.015625,0.9676398634910583,0.011601923917549984,0.0002237637190141393,1.5187705755233765
786432,334.94956135199754,0.005770785853443129,0.06760253757238388,0.003223375572302789,0.004094175819054635,0.004094175819054635,66,84.33737829219996,49.5,nan,0.015625,0.9579484462738037,0.014437467942339433,-0.0009928372603602382,1.9242823123931885
794624,336.9709763840074,0.005939947940275028,0.07159423828125,,,,,,,,0.015625,0.963249921798706,0.00778976098126124,-0.00132130358264272,2.4005589485168457
802816,338.95719179100706,0.005224541406557806,0.05917968973517418,,,,,,,,0.015625,0.9780845642089844,0.010675533325875309,-0.0014974977107361288,2.289386749267578
811008,340.9254641949956,0.005880585374431471,0.06710205227136612,,,,,,,,0.015625,0.9763885140419006,0.007449538026280622,-0.0018529631846051508,1.8859331607818604
819200,342.9349949879979,0.005786789193569942,0.06591796875,0.0020851226906191123,0.004133588600204641,0.0030887510948823917,66,85.31434667520175,47.25,nan,0.0078125,0.9530854821205139,0.007493995342205773,-7.924570634667716e-05,2.219874620437622
827392,344.92112717800774,0.0061754799446358845,0.07430420070886612,,,,,,,,0.015625,0.9591349363327026,0.011844962453936549,-0.0012880475852225732,1.7049598693847656
835584,346.9396634470031,0.006293693627974182,0.07625732570886612,,,,,,,,0.015625,0.9605265855789185,0.007796378315072284,-0.00012021583189308701,1.7677353620529175
843776,348.91018237601384,0.0056542992281183,0.06572265923023224,,,,,,,,0.015625,0.9620345234870911,0.006598659631990189,-0.0008592278988434282,2.0841891765594482
851968,350.89343355901656,0.007651838529010359,0.09691162407398224,0.0015136409730549527,0.00475231303063145,0.0022292565081106887,66,88.77538470857941,44.25,48.75,0.015625,0.9878381490707397,0.006416012871080435,-0.000997966486064266,1.7845474481582642
860160,352.95458010199945,0.005702187497566909,0.06887207180261612,,,,,,,,0.015625,0.9647385478019714,0.00875988107468183,-0.0014983418391647475,2.342726230621338
868352,354.9212618370075,0.0058961627543393826,0.06682129204273224,,,,,,,,0.015625,0.9790970683097839,0.00630249057469049,-0.0011461980036883098,2.3042023181915283
876544,356.9024800680054,0.006145730054436434,0.07303466647863388,,,,,,,,0.015625,0.9703200459480286,0.008499826916073639,-0.0014138489351561993,2.357250928878784
884736,358.86122257701936,0.005775705938998885,0.06839599460363388,0.001081657151281501,0.007230190480831256,0.002375485563107682,66,87.25311709539335,45.0,nan,0.015625,0.9857207536697388,0.00504240317180974,-0.0006178750584715148,2.1388447284698486
892928,360.8552856160095,0.006010000803583825,0.07042236626148224,,,,,,,,0.015625,0.9887606501579285,0.004661798127748662,-0.0006623214246845475,2.344804048538208
901120,362.81171452099807,0.0066614301327330445,0.07882080227136612,,,,,,,,0.015625,1.0019241571426392,0.004881346149226695,0.00035814652003947524,2.2376582622528076
909312,364.7709521090146,0.00587245813064001,0.07066650688648224,,,,,,,,0.015625,0.9944688081741333,0.010010104826160972,-0.0016847931784401181,2.801731824874878
917504,366.7449601679982,0.006281123495876876,0.07491455227136612,0.001661776913173374,0.005522567609760054,0.0033575073762606936,66,85.58775507378031,47.25,nan,0.015625,1.0050677061080933,0.00427611588908311,-0.000872177980823857,2.7786614894866943
925696,368.79138630701345,0.00644353931531253,0.07843017578125,,,,,,,,0.015625,1.0129075050354004,0.0039271336765203,-0.0010769999916177113,2.310622453689575
933888,370.7958733580017,0.007288878940711414,0.09125977009534836,,,,,,,,0.015625,1.0201762914657593,0.007993896826332348,-0.0012473781438570191,2.441849946975708
942080,372.7465871000022,0.006309131609583692,0.07553710788488388,,,,,,,,0.015625,1.0230340957641602,0.007810337927452282,-0.000813636729313805,2.542952060699463
950272,374.6988674449967,0.006669553524962641,0.08323974907398224,0.0010107935463679052,0.007138410914673388,0.002758374942848485,66,87.15862823186657,45.0,nan,0.0078125,1.0235763788223267,0.0032318164849685417,0.0002054039634490061,2.259687662124634
958464,376.7206185919931,0.007105674207978693,0.09012451022863388,,,,,,,,0.015625,1.0160410404205322,0.003240316521808973,-0.0010618438946691361,2.0253093242645264
966656,378.67562867800007,0.006108794186603726,0.07489013671875,,,,,,,,0.015625,1.0129501819610596,0.007412384531291439,0.0007427464355998497,1.591252088546753
974848,380.63325507499394,0.007100804677144093,0.08937988430261612,,,,,,,,0.015625,1.0321052074432373,0.005943222982726704,-0.0007819367762255694,1.7173372507095337
983040,382.585347122018,0.006429965794144334,0.07770996540784836,0.002194563975490227,0.0023806880508633003,0.0023806880508633003,66,89.77464361915256,49.5,nan,0.015625,1.025787353515625,0.005087313976665209,-0.00036932643878758955,1.965521216392517
991232,384.56023482300225,0.005816846337207424,0.06765136867761612,,,,,,,,0.015625,1.020346760749817,0.006056648772060258,-0.00043862826497233996,1.5619460344314575
999424,386.57278414600296,0.0068704351981469115,0.08425293117761612,,,,,,,,0.015625,1.0216729640960693,0.008254604173231195,-0.0008795169697291311,1.7060073614120483
1007616,388.55582251399755,0.007353979238112683,0.09093017876148224,,,,,,,,0.015625,1.033864140510559,0.003062799365425073,-0.0007346333773362475,2.1344144344329834
1015808,390.52363577700453,0.006192766958943475,0.0726318359375,0.0015745779872911037,0.0027682447611277698,0.002235174810354701,66,88.78465169319891,47.25,nan,0.015625,1.0331642627716064,0.006630043577730705,-0.0013934115187500707,1.9433544874191284
1024000,392.55614812101703,0.006391355125435542,0.0797119140625,,,,,,,,0.015625,1.0372146368026733,0.007169435658978729,-8.58405950817542e-05,2.512392282485962
1032192,394.5384683459997,0.007072484066252927,0.08516845852136612,,,,,,,,0.015625,1.0613903999328613,0.0032923358037625916,0.0009136385077189225,2.6495838165283203
1040384,396.5417559579946,0.006977666631048746,0.08729248493909836,,,,,,,,0.015625,1.0585856437683105,0.00583252168634546,0.0009747010699672665,2.198122024536133
1048576,398.49510341201676,0.006727040851740463,0.08212890475988388,0.0015942390252491334,0.002791260755325753,0.00233317248260162,66,88.73345002662491,47.25,nan,0.015625,1.0631994009017944,0.006006868255294629,-0.001071308051023479,2.4446189403533936
1056768,400.4780576140038,0.007617174226119167,0.09788818657398224,,,,,,,,0.015625,1.076125144958496,0.004031717792045287,0.0002917431013697405,2.197932481765747
1064960,402.4650552490202,0.006315212776795954,0.07586669921875,,,,,,,,0.015625,1.0886298418045044,0.004357224060781861,-0.0007197356191766062,2.070188045501709
1073152,404.42849711800227,0.006174820255532305,0.07393798977136612,,,,,,,,0.015625,1.079252004623413,0.00403592152290132,0.00031234783269140035,2.2799489498138428
1081344,406.42162538599223,0.006748044170371098,0.08292236179113388,0.001824118763065652,0.0032241160359798627,0.0030540062167410454,66,87.71142505751605,48.75,nan,0.015625,1.0865813493728638,0.003529417062800222,-0.0015436019865248914,2.6395599842071533
1089536,408.4360733210051,0.006905661118316749,0.08591308444738388,,,,,,,,0.0078125,1.0677827596664429,0.004584101879187885,-0.00043941808620149946,1.8259636163711548
1097728,410.41476500901626,0.006008822746589245,0.07076416164636612,,,,,,,,0.015625,1.0681943893432617,0.0036694910101931714,0.0008475354528025602,2.1277568340301514
1105920,412.3645914980152,0.0063344144348449,0.07535400241613388,,,,,,,,0.015625,1.0683503150939941,0.0035081405075773177,-0.00030238819146152784,1.3983358144760132
1114112,414.4602454940032,0.005662795795379129,0.06402587890625,0.0019179600866980895,0.006505076521689313,0.002228814572709881,66,90.74978074884865,47.25,nan,0.015625,1.0781254768371582,0.0020677749290404336,0.0007277825724445948,2.403754472732544
1122304,416.5119618330209,0.007202498623339187,0.08951415866613388,,,,,,,,0.015625,1.0740035772323608,0.0020173559462631887,-0.0004443351864567243,1.8819459676742554
1130496,418.4730719210056,0.007997810945274405,0.10224609822034836,,,,,,,,0.015625,1.0696110725402832,0.005031622210865495,-0.0012597024323853544,1.8604437112808228
1138688,420.4759019910125,0.00696838249470009,0.08597411960363388,,,,,,,,0.015625,1.0971893072128296,0.0029388502188248625,-0.0003265534416018356,1.7968158721923828
1146880,422.4070858840132,0.006734832257163978,0.082275390625,0.0018115424237755695,0.0067413235204563,0.002223442825730737,66,91.13333573677107,45.0,49.5,0.015625,1.0781077146530151,0.004676674162715899,6.251005408408623e-05,2.049304485321045
1155072,424.50320521899266,0.008334509368327808,0.10590820759534836,,,,,,,,0.015625,1.0933616161346436,0.005626099350290248,0.000612104937332893,2.1065125465393066
1163264,426.4972453340015,0.006831315906833751,0.08391113579273224,,,,,,,,0.015625,1.076631784439087,0.002331967695791748,0.0002544734164159714,2.7459018230438232
1171456,428.46786301900283,0.00747385882659387,0.09440918266773224,,,,,,,,0.015625,1.1024022102355957,0.004805315821028111,-0.00015155228363114903,2.3734683990478516
1179648,430.4368650740071,0.007251897333368291,0.09073486179113388,0.0016697147279863822,0.007864971064968652,0.0020297955718381446,66,91.36167262092633,45.0,49.5,0.015625,1.1165157556533813,0.0031249033499633483,0.0014635205143602682,2.3659958839416504
1187840,432.47776888500084,0.0071986226654321,0.09095459431409836,,,,,,,,0.015625,1.1190241575241089,0.0036212761251037564,-0.00022257620795875936,2.7197489738464355
1196032,434.5025400930026,0.008084831763295565,0.10494384914636612,,,,,,,,0.015625,1.1235206127166748,0.004092218914786672,-0.0013282283545412738,3.1020381450653076
1204224,436.5204841119994,0.006597740655899057,0.08092041313648224,,,,,,,,0.015625,1.1276898384094238,0.003936502426699151,-0.0002137082436247099,2.508845329284668
1212416,438.46731422899757,0.008879347341203317,0.11390381306409836,0.001345128302553955,0.007004119489741657,0.001648257278165255,66,91.62517596885709,45.0,48.75,0.015625,1.1314680576324463,0.004279707553760781,0.000592738259402677,2.217533588409424
1220608,440.45852213099715,0.007994795433089844,0.10207519680261612,,,,,,,,0.0078125,1.1166818141937256,0.003740034761995348,-0.0013126426244174907,2.319258451461792
1228800,442.4674256000144,0.006908952906426945,0.08558350056409836,,,,,,,,0.015625,1.1045453548431396,0.003420566938777847,0.00040080865390449577,3.01282000541687
1236992,444.39497802301776,0.006897858589703024,0.08479004353284836,,,,,,,,0.015625,1.1202192306518555,0.002785476722117275,-0.0002911726790499218,2.275606393814087
1245184,446.35100197201245,0.00677064447743303,0.08084716647863388,0.0011689675017106937,0.003914855391868544,0.0017389376540653757,66,92.20596509424493,44.25,49.5,0.015625,1.1251928806304932,0.0028614827427421276,0.00010468952278689356,2.384157657623291
1253376,448.3636071270157,0.008219003729150456,0.10141601413488388,,,,,,,,0.015625,1.123937964439392,0.003955362373403071,-5.418776281771068e-05,2.268669843673706
1261568,450.375469843013,0.007042471376073956,0.08768310397863388,,,,,,,,0.015625,1.1153024435043335,0.0034997588862533905,0.0007921827046110806,2.546437978744507
1269760,452.3450726760202,0.008891789758529894,0.11651611328125,,,,,,,,0.015625,1.1234580278396606,0.003186286995151322,0.00018634312925394045,1.7528400421142578
1277952,454.32835177800735,0.007677408565308526,0.09844970703125,0.0021678941667114815,0.0026284802585661796,0.0026284802585661796,66,92.3617067076104,49.5,47.25,0.015625,1.134803056716919,0.00388874952685464,-0.0002559476595583249,2.263658285140991
1286144,456.3423205949948,0.008243261289365087,0.10578613728284836,,,,,,,,0.015625,1.1390507221221924,0.0027127066404826097,-0.0002782933286237064,2.573918104171753
1294336,458.28994365400285,0.006669295383467682,0.080322265625,,,,,,,,0.015625,1.1358951330184937,0.002605190754514142,0.0010450338394521986,2.6103837490081787
1302528,460.25737071601907,0.008635012083917579,0.10959472507238388,,,,,,,,0.015625,1.138357162475586,0.002870524221136728,-0.00026855725819531376,2.9396793842315674
1310720,462.19491357399966,0.008698030061281042,0.115234375,0.0018187506536334608,0.002135080589609595,0.002135080589609595,66,92.37890671615801,49.5,nan,0.015625,1.1521415710449219,0.002829146078807321,7.652330252212757e-05,2.418468952178955
1318912,464.1658878129965,0.007341996786884789,0.09337158501148224,,,,,,,,0.015625,1.1631948947906494,0.0026778783221862116,-0.00018867908667576875,3.1868607997894287
1327104,466.1708469479927,0.008579694456329662,0.11032714694738388,,,,,,,,0.015625,1.168575644493103,0.0028620069969833906,0.001334660608965377,2.6762607097625732
1335296,468.1594464319933,0.008129913101756717,0.1031494140625,,,,,,,,0.015625,1.1646332740783691,0.0034591173603929605,0.0015746638988891803,2.536240577697754
1343488,470.1355593280168,0.008236351047105493,0.10491943359375,0.0008448909516733938,0.005992848461622325,0.001954432383600613,66,91.48596619939012,45.0,nan,0.015625,1.165302038192749,0.0032583963255013674,0.0009638762717699046,2.6017556190490723
1351680,472.1213615190063,0.0072900356750824685,0.09285888820886612,,,,,,,,0.015625,1.1716079711914062,0.002271011491342756,0.0008966533527681313,2.1539900302886963
1359872,474.0924449370068,0.008799795950752537,0.10821533203125,,,,,,,,0.0078125,1.1477978229522705,0.0030412778553288947,0.001393746630916985,1.6101833581924438
1368064,476.07585762802046,0.007962130866376975,0.09840088337659836,,,,,,,,0.015625,1.1400927305221558,0.0032494976447190794,0.0012869304089791211,2.1080448627471924
1376256,478.04020329000195,0.009188814728426984,0.11923827975988388,0.0008889002000178614,0.0060058051439969675,0.0018494388903082084,66,91.96035597809065,45.0,nan,0.015625,1.1387660503387451,0.003328765367504205,6.479529284007784e-05,1.6826260089874268
1384448,480.0838268859952,0.007897454543870105,0.09748535603284836,,,,,,,,0.015625,1.1479438543319702,0.0018926534123239747,0.0011149910153221575,1.6572459936141968
1392640,482.04238320401055,0.007816020222799435,0.09970702975988388,,,,,,,,0.015625,1.1612647771835327,0.003546218796723133,7.736845344613261e-07,1.4516042470932007
1400832,484.0045190100209,0.008144304638980316,0.10402832180261612,,,,,,,,0.015625,1.1549699306488037,0.004099272411354826,0.000933170717724143,1.6185554265975952
1409024,485.99980724800844,0.007846348044269716,0.09968262165784836,0.0009487308733088229,0.004674708800140104,0.0016205603492572052,66,93.13230755653872,45.0,nan,0.015625,1.175023078918457,0.002525103912172122,0.000633278521577184,1.8660486936569214
1417216,488.0233410510118,0.007591502453289875,0.09645996242761612,,,,,,,,0.015625,1.165771722793579,0.0027352343642691127,-0.00040528355000855377,1.8623234033584595
1425408,489.9880162210029,0.008639875324547961,0.1116943359375,,,,,,,,0.015625,1.1751259565353394,0.003084924800697431,0.0009194346307954941,1.6442997455596924
1433600,491.96577899801196,0.00872626478825665,0.11134033650159836,,,,,,,,0.015625,1.1781606674194336,0.0042378309072318545,0.00073158218155242,1.8421604633331299
1441792,493.91192405100446,0.007946235479817976,0.10235595703125,0.0009437074575469051,0.004513522363751343,0.0013804214712809127,66,94.01635540620137,45.0,49.5,0.015625,1.183237075805664,0.0023608678675667407,0.0005753642906351648,1.6744779348373413
1449984,495.9101048860175,0.008563205121961352,0.10794677585363388,,,,,,,,0.015625,1.1940547227859497,0.002387318804224259,0.0007223506537817709,2.3336684703826904
1458176,497.8985347650014,0.007158508871992367,0.08909912407398224,,,,,,,,0.015625,1.2071032524108887,0.0033156819882207756,0.0007404626065529689,1.9863656759262085
1466368,499.88749985201866,0.00745578210759374,0.09394531697034836,,,,,,,,0.015625,1.1978102922439575,0.002297631530562272,3.3357747417891005e-05,2.3474602699279785
1474560,501.9334200459998,0.00781220249818474,0.09544678032398224,0.0012744760443761383,0.005479797288874211,0.0019107626879561026,66,92.63506650025889,47.25,nan,0.015625,1.2054864168167114,0.003328406214978175,-0.001546994293804073,2.0634007453918457
1482752,503.910673047998,0.008139179574340029,0.10479736328125,,,,,,,,0.015625,1.207248568534851,0.0027955900599431318,0.001793564723061332,1.776542067527771
1490944,505.9049556120008,0.00804560079915999,0.10195312649011612,,,,,,,,0.0078125,1.2069151401519775,0.002307598427887514,-0.0009189881939832437,1.7060822248458862
1499136,507.8785184000153,0.007328625056811053,0.09016113728284836,,,,,,,,0.015625,1.1891365051269531,0.002477630457540714,0.0009028468556911608,1.575446605682373
1507328,509.84389543699217,0.0071238794794456555,0.0865478515625,0.0009575217710665607,0.005984359998003741,0.0015999533833001124,66,93.04737852914327,45.0,nan,0.015625,1.187765121459961,0.002952783027938233,0.001066869818361682,1.0849668979644775
1515520,511.848734247993,0.00754548431409018,0.09415283054113388,,,,,,,,0.015625,1.182741403579712,0.0019722307560461672,0.0013029619407143294,1.3937361240386963
1523712,513.8372208680084,0.007428075676889971,0.09217529743909836,,,,,,,,0.015625,1.1918022632598877,0.002487221346073676,0.0005761129610613373,1.5272018909454346
1531904,515.8054368330049,0.008453912339859624,0.10770263522863388,,,,,,,,0.015625,1.1926589012145996,0.0022480392856205514,-0.00048412374994251774,1.4900206327438354
1540096,517.7563857740024,0.009983944415833081,0.12822265923023224,0.0011324251406331642,0.005505762989914887,0.0015315474134009023,66,93.82390484668359,45.0,48.75,0.015625,1.1932756900787354,0.0019579735503211793,0.0014287142639402067,1.5666860342025757
1548288,519.8029773840099,0.0073873896995990595,0.09390868991613388,,,,,,,,0.015625,1.2004085779190063,0.0024860456922151442,0.0001911495891330724,2.0645084381103516
1556480,521.7583654500195,0.008908351872062957,0.11529541015625,,,,,,,,0.015625,1.1939467191696167,0.0019690271273480222,0.00041599080365392426,1.9295597076416016
1564672,523.7336327439989,0.0087814774102452,0.11522217094898224,,,,,,,,0.015625,1.206936001777649,0.0033813425094474936,-0.00042609301573105817,1.8669636249542236
1572864,525.701428514003,0.00787531718954084,0.10048828274011612,0.0022740832663240562,0.004780573424051882,0.0029246872623235887,66,92.52087814454418,42.75,41.25,0.015625,1.2143324613571167,0.0026533843809246507,0.0010727705866444032,2.065382242202759
1581056,527.7357991330209,0.008843912238466601,0.106689453125,,,,,,,,0.015625,1.2051116228103638,0.00225782144255694,0.0021539865468357226,2.443588972091675
1589248,529.7139527270047,0.00869248365700558,0.10883789509534836,,,,,,,,0.015625,1.2152671813964844,0.0016505121764317622,0.00013607916546618556,2.5912368297576904
1597440,531.6892018840008,0.009582752922524154,0.12482910603284836,,,,,,,,0.015625,1.2173885107040405,0.002431390533817657,0.0005184370364669933,2.5060219764709473
1605632,533.6448051579937,0.008503191454692827,0.10858154296875,0.0011617200990365895,0.0034668105521608594,0.001789665792742079,66,93.94536089875629,48.75,42.75,0.015625,1.2259602546691895,0.0028620987399837873,5.470817225441236e-05,2.0478029251098633
1613824,535.6651926870109,0.008532957367240078,0.10773926228284836,,,,,,,,0.015625,1.2362068891525269,0.0030190181236464555,0.001965646655885916,1.944614052772522
1622016,537.6374053250183,0.009594090051306554,0.11968994140625,,,,,,,,0.015625,1.2354562282562256,0.002165240236597954,0.001968331843461891,2.1471564769744873
1630208,539.5768427330186,0.009207374734362594,0.11578369140625,,,,,,,,0.0078125,1.1966623067855835,0.0016628487670577897,0.0022387139986141877,2.147287130355835
1638400,541.570159024006,0.00970193106634091,0.12410888820886612,0.0007971870395871994,0.004855307195783299,0.0012050032639673858,66,94.81001088346368,44.25,45.0,0.015625,1.2037396430969238,0.002147828531380591,-0.0002366553702299417,2.213813066482544
1646592,543.6129356340098,0.009057582285623025,0.11324463039636612,,,,,,,,0.015625,1.2087929248809814,0.0017530575254411374,-0.001137271483961403,1.406500220298767
1654784,545.5787176750018,0.008172001645070632,0.10419922322034836,,,,,,,,0.015625,1.195515751838684,0.0023157707675415806,0.0012003178019288937,1.328444480895996
1662976,547.6008173510199,0.0091870928056724,0.11820068210363388,,,,,,,,0.015625,1.199928641319275,0.0018990612792760487,-0.0006653862907367288,1.5578573942184448
1671168,549.6037188910122,0.009763530832990816,0.12554931640625,0.001806247727698218,0.005614976243068115,0.0021441005302304974,66,93.986267311643,47.25,49.5,0.015625,1.2063980102539062,0.0025681244168266008,0.0015411243254350735,1.682989478111267
1679360,551.581435132015,0.008662791997327548,0.11097412556409836,,,,,,,,0.015625,1.218445062637329,0.002490461710555303,0.0012158243579384876,1.6316413879394531
1687552,553.5242153989966,0.008538101044718973,0.10787353664636612,,,,,,,,0.015625,1.2244300842285156,0.0018509345024799173,0.0007210138635494351,1.825476884841919
1695744,555.4962747800164,0.007616257395518306,0.09531249850988388,,,,,,,,0.015625,1.2391555309295654,0.0020633111469963495,0.0013017446433565112,1.636724829673767
1703936,557.4414898630057,0.008048672785787478,0.10238037258386612,0.0008376893096275762,0.002956906465481646,0.00129448273118159,66,94.1020940218807,46.5,nan,0.015625,1.2365694046020508,0.0029388308290799418,0.0016919150654329746,1.7227489948272705
1712128,559.4816164319927,0.008558056214735727,0.10909423977136612,,,,,,,,0.015625,1.2403277158737183,0.0016587324516592061,-0.00036464665738633877,1.8030264377593994
1720320,561.4536645030021,0.009287649589060412,0.11328125,,,,,,,,0.015625,1.2290327548980713,0.0016506661111077904,0.0007193863948160087,1.9306564331054688
1728512,563.4158623800031,0.009610638520323104,0.12058105319738388,,,,,,,,0.015625,1.2478264570236206,0.002390774323343281,-0.0007245496849466122,1.3665469884872437
1736704,565.3666541950079,0.007590837618451973,0.09605713188648224,0.0005213880682057859,0.00370448970544105,0.0013390659052434529,66,92.47574939280824,48.75,nan,0.015625,1.2448004484176636,0.0025944385003419668,-0.00023515789479378217,1.5777463912963867
1744896,567.392594288016,0.010152141296553436,0.12725830078125,,,,,,,,0.015625,1.265095591545105,0.0027778824734326136,0.0008692870275774671,1.4941526651382446
1753088,569.331444697018,0.010653268481106567,0.13823242485523224,,,,,,,,0.015625,1.251631736755371,0.0022725799711609596,0.0007510172615423283,1.4180389642715454
1761280,571.3152133080002,0.008281075077435395,0.10570068657398224,,,,,,,,0.0078125,1.2462331056594849,0.0023137196684012706,0.0016817414807524741,1.6880661249160767
1769472,573.2837501690083,0.008821592110232234,0.11110839992761612,0.00048354482423629275,0.003600635354080717,0.0011191461976462036,66,93.18492374412224,48.75,nan,0.015625,1.2221169471740723,0.0020659294806347874,0.0022341553617417583,1.4162901639938354
1777664,575.315550394007,0.008937693070017756,0.11446533352136612,,,,,,,,0.015625,1.2285627126693726,0.0019122527701598614,0.0016122394840332834,0.9844959378242493
1785856,577.2463708590076,0.008320467329961648,0.10423584282398224,,,,,,,,0.015625,1.2294203042984009,0.0018721457743612448,0.000409947779340371,1.0469690561294556
1794048,579.2068644679966,0.010547165864138739,0.13480225205421448,,,,,,,,0.015625,1.2239927053451538,0.0026354499394451894,0.0009854603919228905,0.8817024230957031
1802240,581.2059321470151,0.00997820263455564,0.12629394233226776,0.00042516580261875436,0.003651499087975496,0.0011153846246080845,66,92.9025685598819,48.75,nan,0.015625,1.233018398284912,0.0018376589793552057,0.0005559150307291885,1.0983418226242065
1810432,583.2180442179961,0.009893443913523654,0.13071289658546448,,,,,,,,0.015625,1.2399601936340332,0.0020018048251971066,0.0009990472942690031,0.9665054678916931
1818624,585.1696315910085,0.009243758877785863,0.11601562798023224,,,,,,,,0.015625,1.2482032775878906,0.0018367787583403739,0.001732134752063166,1.2414358854293823
1826816,587.1333705220022,0.00954868789803143,0.12454833835363388,,,,,,,,0.015625,1.251095175743103,0.0015042893267018242,0.0016808352739254122,1.4263817071914673
1835008,589.0899356470036,0.008787142132453697,0.11105956882238388,0.00040513002254716213,0.0029638782145599563,0.0009333686127312446,66,93.5664620785253,48.75,nan,0.015625,1.254070520401001,0.002345527045102125,0.0008762673370710799,1.141845941543579
1843200,591.1015511210135,0.009085146976702289,0.11416015774011612,,,,,,,,0.015625,1.2595150470733643,0.0017586596455104854,0.0009196771768270576,1.369022250175476
1851392,593.0331535630103,0.009191521569015367,0.11812744289636612,,,,,,,,0.015625,1.2708461284637451,0.0018867990022955695,0.0015439567650537213,1.4866174459457397
1859584,594.9914980700123,0.010715906460815083,0.13775634765625,,,,,,,,0.015625,1.2640612125396729,0.0023478990546482396,0.0002637476021896076,1.2765649557113647
1867776,596.988401450013,0.009673167161091649,0.12767334282398224,0.0005155904549221102,0.0024075889466554814,0.000887105285173584,66,94.03167051237416,48.75,nan,0.015625,1.2835147380828857,0.0014867105030251238,0.0007914095916959024,1.5861648321151733
1875968,599.0086744840082,0.010004271928963615,0.12644043564796448,,,,,,,,0.015625,1.2735092639923096,0.0022972149487590853,0.002386628360612118,1.4184938669204712
1884160,600.9879161370045,0.008863705427800525,0.11351318657398224,,,,,,,,0.015625,1.2703156471252441,0.002053225530356906,0.001358083624478068,1.467937707901001
1892352,602.9529635590152,0.009712151933062052,0.12410888820886612,,,,,,,,0.015625,1.2740163803100586,0.001919132927508771,0.00201116849111424,1.5647393465042114
1900544,604.9495108789997,0.009721315441621447,0.12724609673023224,0.0006794502124495283,0.00205804988171282,0.0010279640406172575,66,94.24760350182918,48.75,nan,0.0078125,1.2313506603240967,0.0019359001953366374,0.0007753365616714978,1.1275187730789185
1908736,606.9603564830031,0.010439704214555345,0.13288573920726776,,,,,,,,0.015625,1.2445634603500366,0.002651933752167979,0.0003866398749865099,1.0433930158615112
1916928,608.9344703270181,0.008667241018135385,0.11234130710363388,,,,,,,,0.015625,1.2463903427124023,0.0021263030235036395,0.0008929147149757031,0.9334449768066406
1925120,610.8900000540016,0.00958373090925931,0.12370605766773224,,,,,,,,0.015625,1.2480515241622925,0.0017757641249582234,-0.0003657433217236933,0.950963020324707
1933312,612.8529671849974,0.010549067547599284,0.135498046875,0.00143376180892274,0.0016977471231478859,0.0016977471231478859,66,94.82853554888746,49.5,nan,0.015625,1.2485889196395874,0.00140358396855097,0.002053215661280393,1.025317907333374
1941504,614.9021682530001,0.0101410190745383,0.13206787407398224,,,,,,,,0.015625,1.2564020156860352,0.0016979749879277306,0.0003861559392695213,0.9982884526252747
1949696,616.8657014880155,0.009594795371754346,0.12353515625,,,,,,,,0.015625,1.2677031755447388,0.001417414512037263,0.0005815238602738108,1.2333282232284546
1957888,618.8477461950097,0.008764820518562965,0.11481934040784836,,,,,,,,0.015625,1.2726280689239502,0.0013786305233581487,0.00018173417638797686,1.288172721862793
1966080,620.7818971330125,0.00912884822680662,0.11347656697034836,0.0005782131164864257,0.0027272504302517375,0.0009792039497658834,66,95.17142888727791,46.5,nan,0.015625,1.2765696048736572,0.0015630577223720522,0.0027407336628438228,1.4219564199447632
1974272,622.8376506250061,0.008723923269643361,0.11116943508386612,,,,,,,,0.015625,1.2985577583312988,0.0015637114531157237,0.0015381162677197248,1.3771864175796509
1982464,624.8305240700138,0.008672090335838876,0.11309814453125,,,,,,,,0.015625,1.2825372219085693,0.001720709902490414,0.00020633193024674837,1.5916188955307007
1990656,626.786351999006,0.01028067697707731,0.13033448159694672,,,,,,,,0.015625,1.2953665256500244,0.0016428732928985724,0.00047267579331433445,1.37132728099823
1998848,628.7548966750037,0.010025371986500085,0.13178710639476776,0.000460947453093552,0.0031806750626832583,0.0008976256854972831,66,95.24288156171447,46.5,nan,0.015625,1.3036410808563232,0.0018550614927803522,0.0007731404814962772,1.234625220298767
2007040,630.7919055139937,0.009639850084587124,0.12576904892921448,,,,,,,,0.015625,1.3012793064117432,0.001759622276920092,0.002086240906059597,1.601505160331726
2015232,632.7541839079931,0.009332381111596675,0.12078857421875,,,,,,,,0.015625,1.3097858428955078,0.001507523054362936,-0.00010754550052696489,1.2825309038162231
2023424,634.682895017002,0.010126994571484,0.12932129204273224,,,,,,,,0.015625,1.3039402961730957,0.0020073068758578727,0.0013226311134587382,1.5621658563613892
2031616,636.6445016770158,0.00938568883073991,0.117431640625,0.0018325498732580936,0.00527293243905097,0.002293122893431965,66,94.91458748498242,45.0,47.25,0.0078125,1.291937232017517,0.0015576742297241154,0.0025118626802321776,1.2482150793075562
2039808,638.6606700560078,0.010622984132319928,0.13570557534694672,,,,,,,,0.015625,1.2699655294418335,0.0016478562395467633,0.0027178904498269723,0.9361978769302368
2048000,640.5903977520065,0.008591382630577854,0.10997314751148224,,,,,,,,0.015625,1.2646725177764893,0.001978441514768947,0.001220403138597323,1.6181706190109253
2056192,642.5272350200103,0.009117514118558132,0.11618652194738388,,,,,,,,0.015625,1.2706388235092163,0.002210166150716242,0.0017055484697184346,1.1303071975708008
2064384,644.4920960150193,0.00942192231608048,0.11939697712659836,0.0017420776971804885,0.005127444899770895,0.0027831634548058817,66,93.86003946312152,48.75,41.25,0.015625,1.266778826713562,0.0017669621797540614,0.002618651416719728,1.4660826921463013
2072576,646.4965112869977,0.009774360963620832,0.12393798679113388,,,,,,,,0.015625,1.2657501697540283,0.0012028729526098458,0.0012839877219912102,1.3499650955200195
2080768,648.5091234540159,0.009321148892239062,0.12064208835363388,,,,,,,,0.015625,1.263976812362671,0.001839577068056586,0.0007755063208270954,2.091327667236328
2088960,650.5023643840104,0.010895678597744068,0.14140625298023224,,,,,,,,0.015625,1.266847848892212,0.0018381254713449537,5.265992896988535e-05,1.4674104452133179
2097152,652.4788941169973,0.010904482667868748,0.13792724907398224,0.0031042443075637305,0.006337384969616744,0.004094173311859117,66,92.59308344090336,46.5,40.5,0.015625,1.263877511024475,0.0014216962120945254,0.0006219124297940897,2.0434975624084473
2105344,654.5209655009967,0.010090177404452304,0.12722168862819672,,,,,,,,0.015625,1.2593570947647095,0.0026859237623017562,0.002326363858935142,1.9456862211227417
2113536,656.4919668670045,0.010104159679877989,0.12807618081569672,,,,,,,,0.015625,1.2888156175613403,0.0016006366275573725,0.0006721645607566756,2.019564390182495
2121728,658.4593424930063,0.012014254539434206,0.15010987222194672,,,,,,,,0.015625,1.2944583892822266,0.0015285881378045985,0.0007868958307016663,2.060178518295288
2129920,660.432125796011,0.010437337137986289,0.12956543266773224,0.001841565663046607,0.003443306074538499,0.0024145040751560546,66,94.21861673203583,48.75,47.25,0.015625,1.3189741373062134,0.0015052474779433723,0.002504642249009769,1.938463568687439
2138112,662.4467965880176,0.010114785654209825,0.13016358017921448,,,,,,,,0.015625,1.2991113662719727,0.0018246589041879147,0.0018133913253552101,2.4394519329071045
2146304,664.410870644002,0.00958041384745794,0.12272949516773224,,,,,,,,0.015625,1.3084148168563843,0.0012364847035242989,0.0007728799366942484,1.7937843799591064
2154496,666.3810469010205,0.007895783988408126,0.10080566257238388,,,,,,,,0.015625,1.316331148147583,0.0014919899607848009,0.0007775818185291154,1.9861831665039062
2162688,668.341047858994,0.010776584620113475,0.13621826469898224,0.0008622655319001638,0.003362373874379665,0.0013791754486648046,66,95.03372250557034,48.75,nan,0.015625,1.3109261989593506,0.0017362346956982023,0.0019922269950883808,1.7153342962265015
2170880,670.3855341419985,0.010444345766375937,0.12932129204273224,,,,,,,,0.0078125,1.2871525287628174,0.0018115123603343775,0.0025957568225527306,1.2580327987670898
2179072,672.3462842650188,0.009537999228693698,0.12124023586511612,,,,,,,,0.015625,1.2704744338989258,0.0016658507747253082,0.0010681015507939843,1.5089588165283203
2187264,674.3387130369956,0.010177343483270524,0.12724609673023224,,,,,,,,0.015625,1.284102439880371,0.0015830880763208711,0.0012518440826236083,0.9704667925834656
2195456,676.2987259130168,0.011800890038861235,0.148681640625,0.0013144790476027346,0.005319667748235036,0.0021282125214232453,66,94.59272176266307,45.0,nan,0.015625,1.2804064750671387,0.0019721494337211153,0.0024906470159280236,1.0148823261260986
2203648,678.3079444089963,0.010508248857015616,0.12989501655101776,,,,,,,,0.015625,1.2848918437957764,0.0021564498105401397,0.0008562398215659589,0.7964030504226685
2211840,680.2793455630017,0.010172542451210433,0.13027344644069672,,,,,,,,0.015625,1.2941700220108032,0.0013597577629610115,0.0017966635054567426,0.894997239112854
2220032,682.2742889299989,0.009854623310004045,0.12535400688648224,,,,,,,,0.015625,1.2944353818893433,0.002021797183176888,0.0009941824018895058,0.9397370219230652
2228224,684.244057250995,0.009995908784890872,0.12877197563648224,0.0011529273197019574,0.005206103087469261,0.0020470148677257938,66,93.86084500117953,47.25,nan,0.015625,1.2954639196395874,0.0014248591431610946,0.0008833674249621448,1.3325861692428589
2236416,686.2722543000127,0.009127951863292244,0.11571045219898224,,,,,,,,0.015625,1.3195369243621826,0.0015370333964477624,0.00250066165939029,1.026902198791504
2244608,688.2387339420093,0.010244934797423206,0.13254395127296448,,,,,,,,0.015625,1.3151183128356934,0.0017979505674030505,0.0005206619759181392,1.0545549392700195
2252800,690.1824368000089,0.011580724957171346,0.14531250298023224,,,,,,,,0.015625,1.3110007047653198,0.0013648088766543666,0.0013779297066889905,1.254425048828125
2260992,692.1440517629962,0.010260135986097917,0.13199463486671448,0.0008909505289544928,0.003713642819276808,0.0015707479511801181,66,94.72598225691529,47.25,nan,0.015625,1.328067421913147,0.0016417319781468877,0.0016882098878493205,0.9390703439712524
2269184,694.1579631320201,0.010183733107517754,0.13186036050319672,,,,,,,,0.015625,1.336513638496399,0.0015176570151694492,0.00020326813109282553,1.0250380039215088
2277376,696.1525544309989,0.010116633909670275,0.12928466498851776,,,,,,,,0.015625,1.3398597240447998,0.002108073213368067,0.0019124370136881334,1.0914947986602783
2285568,698.1021588290168,0.009669341600389354,0.11936035007238388,,,,,,,,0.015625,1.3347431421279907,0.0012920206671867775,0.0019152886250334942,1.110552430152893
2293760,700.0426734260109,0.009874613713941285,0.12425537407398224,0.0007116416066067499,0.0019897524011454394,0.001509463916329723,66,95.06774084946007,46.5,nan,0.015625,1.333594560623169,0.0014244059639043072,0.0010526094463856478,1.4407161474227905
2301952,702.0930971320195,0.011575582073357404,0.147705078125,,,,,,,,0.0078125,1.312224268913269,0.0017334210550824182,0.00278175853408799,0.9642036557197571
2310144,704.046898614004,0.01157074266501967,0.14787597954273224,,,,,,,,0.015625,1.2837772369384766,0.0012761768611336934,0.0019247622197278618,0.9412891268730164
2318336,706.0074404719926,0.00912373522062013,0.1141357421875,,,,,,,,0.015625,1.287078857421875,0.001557342349529145,0.0017035439454986664,0.8638238310813904
2326528,707.9725696950045,0.011595588757886775,0.14447021484375,0.0008091624523771657,0.00228192778031685,0.0015665656764320857,66,94.39289926594415,48.75,nan,0.015625,1.2991816997528076,0.0016858236775118996,0.0007289624602590906,0.6337708830833435
2334720,709.9958377010189,0.012369306391900453,0.15786133706569672,,,,,,,,0.015625,1.2965061664581299,0.0019425960634032236,0.0029065874338199613,0.5512048006057739
2342912,711.9750726570201,0.011348703400074794,0.14320068061351776,,,,,,,,0.015625,1.2959483861923218,0.0009799804598368822,0.0013580817876127239,0.9281385540962219
2351104,713.9404479950026,0.012190010372226438,0.15181885659694672,,,,,,,,0.015625,1.311594843864441,0.0013750723520370102,0.00260243124074553,0.8043057322502136
2359296,715.895609625004,0.011660010282245928,0.14360351860523224,0.0011953065219856285,0.001935819755283086,0.0018337786560413405,66,94.71872524874331,48.75,nan,0.015625,1.3089672327041626,0.0012866205282365485,0.002982725593274223,0.8474960327148438
2367488,717.9087058019941,0.011587473524365817,0.14844970405101776,,,,,,,,0.015625,1.3134937286376953,0.0013684057656257465,0.0018464010444536303,0.8655115962028503
2375680,719.884771529003,0.01205527751354075,0.14866943657398224,,,,,,,,0.015625,1.327401876449585,0.0008129913072959183,0.0010357897926531327,1.079210638999939
2383872,721.8375957940007,0.010715776482230523,0.13330078125,,,,,,,,0.015625,1.332730770111084,0.0016073763600798485,0.0025292937803377776,0.825482964515686
2392064,723.7997355160187,0.010004545843042,0.12216796725988388,0.0007808627166461246,0.0020187923120116636,0.0012634467494552994,66,95.71350889415373,46.5,nan,0.015625,1.3417316675186157,0.001467537425974308,0.0028091331699596506,0.8721532821655273
2400256,725.8731402360136,0.01051294131421615,0.13153076171875,,,,,,,,0.015625,1.3358960151672363,0.0010696919421988027,0.0023011843328301133,0.9670931100845337
2408448,727.8758460450044,0.00978774031432545,0.12248535454273224,,,,,,,,0.015625,1.345685601234436,0.0018021208981564897,0.0012195381738335865,0.8352317810058594
2416640,729.9038313320198,0.011676167780025849,0.14942626655101776,,,,,,,,0.015625,1.345193862915039,0.0013887753960291405,0.0019230473557898448,0.9784059524536133
2424832,731.8347951660107,0.010958033659383479,0.13492432236671448,0.000892470626066677,0.001996398837960933,0.0013831023410117438,66,95.52932493880932,46.5,nan,0.015625,1.3414833545684814,0.0012806604514844168,0.00334929193461766,1.1759098768234253
2433024,733.9075500960171,0.010525340992416988,0.13707275688648224,,,,,,,,0.015625,1.3492846488952637,0.0013310076794494363,0.0019429310904011676,0.8818535208702087
2441216,735.8999288160121,0.009729279584053917,0.12189941853284836,,,,,,,,0.0078125,1.2997514009475708,0.001460446534368154,0.0005397815458302585,0.7104853391647339
2449408,737.8956864330103,0.011825129507064073,0.14821778237819672,,,,,,,,0.015625,1.3032258749008179,0.0016804880064657524,0.003948275383097638,0.5812331438064575
2457600,739.8303662260005,0.010857863053257278,0.13791504502296448,0.0007273832653773571,0.002097301536583041,0.0012804110530339032,66,94.57134494283997,48.75,nan,0.015625,1.3030153512954712,0.0016851373526299953,0.0015307281305231607,0.5606600642204285
2465792,741.946098446002,0.011500164617762454,0.14237061142921448,,,,,,,,0.015625,1.308579921722412,0.0014471141679148203,0.002893149770784335,0.7457588315010071
2473984,743.9251543919963,0.011605288650748976,0.14265136420726776,,,,,,,,0.015625,1.3064043521881104,0.0010577290222918534,0.0016319189266893787,0.620905876159668
2482176,745.8859400640067,0.010699793738732345,0.13175049424171448,,,,,,,,0.015625,1.3100792169570923,0.0011757042346098757,0.0013561870653742891,0.7131020426750183
2490368,747.8478095280007,0.01093528193217315,0.13874511420726776,0.0009452781358699758,0.0019236666050905682,0.0014027396868939391,66,95.11477330037103,48.75,nan,0.015625,1.3153188228607178,0.001501897877307934,-0.000569488665708407,0.7166702151298523
2498560,749.8724791940185,0.01068420236738548,0.13720703125,,,,,,,,0.015625,1.3264607191085815,0.0014588346129034036,0.003032691778785782,0.7795888781547546
2506752,751.8244600410108,0.011007006060565585,0.14206543564796448,,,,,,,,0.015625,1.3382084369659424,0.0011383046788835728,0.0011361845804666465,0.9180388450622559
2514944,753.821543625003,0.010904210963335652,0.13741455972194672,,,,,,,,0.015625,1.3387545347213745,0.0009866481127195016,0.0004029288302225877,0.9620439410209656
2523136,755.7462610639923,0.009961016068584828,0.12749023735523224,0.0010986115074710368,0.0019478166777945006,0.0016125054420318974,66,95.69419287429207,46.5,nan,0.015625,1.3416997194290161,0.001148078239580863,0.0026429495836413027,1.2353458404541016
2531328,757.758761723002,0.012140020780461233,0.14902344346046448,,,,,,,,0.015625,1.3482129573822021,0.000796146782390339,0.0025523817732912256,0.7358145117759705
2539520,759.734233804018,0.010677821088433898,0.13409423828125,,,,,,,,0.015625,1.350325107574463,0.0014865726710323714,0.0024532835902597934,1.133068323135376
2547712,761.6944850000145,0.010781272702466352,0.12874756753444672,,,,,,,,0.015625,1.3492355346679688,0.0013717473366847144,0.0029676195054431486,0.9426136016845703
2555904,763.6579349840176,0.011739406632487511,0.14599609375,0.0006516901612179105,0.0023056140768138336,0.0011200899513409523,66,96.00038038817314,46.5,nan,0.015625,1.3596959114074707,0.0017759610257045977,0.0013594190459122152,0.9159385561943054
2564096,765.6964004780166,0.011041162234449602,0.13779297471046448,,,,,,,,0.015625,1.3624560832977295,0.0012630425058790863,0.001499011766562819,0.7904837131500244
2572288,767.6350937060197,0.010002813330599936,0.12519530951976776,,,,,,,,0.0078125,1.34372878074646,0.0011601374563040224,0.002202771149828,1.0398846864700317
2580480,769.6414459920197,0.009176001769547202,0.11871337890625,,,,,,,,0.015625,1.3178592920303345,0.0009062867164744915,0.0007919159001708907,0.8913952112197876
2588672,771.6318531710131,0.011848752477864464,0.14708252251148224,0.000904486538733873,0.002124830652879284,0.0014288385389837344,66,95.81721833581825,46.5,nan,0.015625,1.31190824508667,0.0014764957385790978,0.002504149189126219,0.7598024010658264
2596864,773.6761305720138,0.011365737366906707,0.1448974609375,,,,,,,,0.015625,1.3193235397338867,0.001405195705908413,0.0012177882964036083,0.6673368215560913
2605056,775.6349154810014,0.012278530989076449,0.151123046875,,,,,,,,0.015625,1.3289542198181152,0.0014008535533681311,0.001968432522298087,0.6900343298912048
2613248,777.618618470995,0.012408740656638191,0.15935058891773224,,,,,,,,0.015625,1.3221317529678345,0.0012547925708445873,0.0012571477063424016,0.7141643762588501
2621440,779.582197686017,0.010104501538979061,0.12785644829273224,0.0004017953462797097,0.0030030845620946933,0.0008881913600137792,66,96.15146759768133,46.5,nan,0.015625,1.3376544713974,0.001513483306857688,0.0014761668327577888,0.6622579097747803
2629632,781.5903524940077,0.011481386313287802,0.14761963486671448,,,,,,,,0.015625,1.3367805480957031,0.0016436273210725162,0.00127988574669765,0.7494081854820251
2637824,783.5441494020051,0.011128820935236323,0.14259032905101776,,,,,,,,0.015625,1.3431758880615234,0.0012696247460398326,0.0023295077374421674,1.0601177215576172
2646016,785.5299107460014,0.011612329270031786,0.14112548530101776,,,,,,,,0.015625,1.3408664464950562,0.0009535243263680271,0.001949078322709086,0.9169406890869141
2654208,787.487648350012,0.01187569840427815,0.15140381455421448,0.0004464601779641253,0.0026326055105802995,0.0009117007864147709,66,96.38192765217163,46.5,49.5,0.015625,1.3523160219192505,0.0009389956955302537,0.001961092455424491,0.937970757484436
2662400,789.5078230670188,0.010856950182576222,0.13942871987819672,,,,,,,,0.015625,1.3597586154937744,0.0015698150174573101,0.00258203922731525,0.8001964688301086
2670592,791.4915373190015,0.011524700150590785,0.13974609971046448,,,,,,,,0.015625,1.3707146644592285,0.0013824315998355432,0.003326227408603428,0.7958588600158691
2678784,793.4353956550185,0.011187446532858195,0.13963623344898224,,,,,,,,0.015625,1.3713005781173706,0.0012206093517384332,0.0019830590773964106,0.8827186822891235
2686976,795.3886647710169,0.012347282571363964,0.14971923828125,0.00044566384688260463,0.003093541859334559,0.0009478696306980949,66,96.37191488485811,46.5,47.25,0.015625,1.3711422681808472,0.0011796139032907661,0.003656727241188049,1.1239553689956665
2695168,797.4366979580082,0.01139062022818386,0.14191894233226776,,,,,,,,0.015625,1.3749688863754272,0.0008116508197726247,0.002337830615902805,0.8174375891685486
2703360,799.4323448940122,0.010530329628138472,0.13120117783546448,,,,,,,,0.015625,1.372417688369751,0.0014024396385527438,0.0037564958701486574,1.019083023071289
2711552,801.3991247060185,0.011733462314078208,0.14794921875,,,,,,,,0.0078125,1.3317898511886597,0.0015558987806000403,0.002632794067534085,0.7262623906135559
2719744,803.3705064000096,0.011101376623347491,0.14365234971046448,0.0005715591581676449,0.003599391187671353,0.0011114640560007216,66,96.12826145522978,46.5,47.25,0.015625,1.3293277025222778,0.0013920595333403952,0.0010403118091569478,0.767742931842804
2727936,805.4186325189949,0.011020840195644926,0.14066162705421448,,,,,,,,0.015625,1.3365309238433838,0.0013583634347975049,0.00023262792719374835,0.6138019561767578
2736128,807.3869122960023,0.010317934974289254,0.13089600205421448,,,,,,,,0.015625,1.3308403491973877,0.001128110051653175,0.001682406051733875,0.5847479104995728
2744320,809.3318250080047,0.010912683117355992,0.13944092392921448,,,,,,,,0.015625,1.3453656435012817,0.0013522544948505355,0.0018009884486383178,0.6530801653862
2752512,811.3300420570013,0.012022739452979629,0.15363769233226776,0.0013558839252371113,0.004570145950368721,0.001971219376219702,66,95.5413639255142,46.5,49.5,0.015625,1.345774531364441,0.0015923149079957511,0.0023387223367004515,0.7077307105064392
2760704,813.3712838890206,0.009205051724688577,0.11461181938648224,,,,,,,,0.015625,1.3489818572998047,0.0015668350233711493,0.0015573905010229417,1.2140365839004517
2768896,815.3409891890187,0.013730325871417703,0.16622315347194672,,,,,,,,0.015625,1.3474502563476562,0.0013967262555426687,0.0023767786733902476,0.9171749353408813
2777088,817.2960778459965,0.011465544061142524,0.14527587592601776,,,,,,,,0.015625,1.3494374752044678,0.001419343355766445,0.0021174105553994466,1.1887434720993042
2785280,819.2831412540108,0.010739217986154181,0.13494873046875,0.000996321684024748,0.004039715925168374,0.0015935657243202229,66,95.9939401566386,46.5,nan,0.015625,1.3555318117141724,0.0010045494743690653,0.002322011066828959,1.1376839876174927
2793472,821.3409905510198,0.011698334330077487,0.14912109076976776,,,,,,,,0.015625,1.3670141696929932,0.001074545414505701,0.0005549185244655156,0.8517637252807617
2801664,823.3042114020209,0.011889954240282198,0.14932861924171448,,,,,,,,0.015625,1.3701122999191284,0.0015679692319437223,0.0013872322154296814,1.0151491165161133
2809856,825.2363892540161,0.011492843826286004,0.14298096299171448,,,,,,,,0.015625,1.3726249933242798,0.0013282260630189113,0.003148714589671418,1.1430017948150635
2818048,827.1751569769986,0.010659327147270102,0.13762207329273224,0.0019429777024162487,0.004548033148140307,0.0025345093153476997,66,96.00800821850933,48.0,49.5,0.015625,1.3818669319152832,0.0010904148514892299,0.002528932835177391,1.0266672372817993
2826240,829.1836185300199,0.013344052155896308,0.16389159858226776,,,,,,,,0.015625,1.3845652341842651,0.0010777621887580024,0.004167322874240304,1.0994004011154175
2834432,831.1777704860142,0.01066380822297407,0.13582764565944672,,,,,,,,0.015625,1.3846032619476318,0.0015399543741457023,0.0016449115506468699,1.0557349920272827
2842624,833.1933142500056,0.01063503517013019,0.13826905190944672,,,,,,,,0.0078125,1.3538460731506348,0.0014436459264932978,0.0014596289862814317,1.1068854331970215
2850816,835.1734354670043,0.010816059181552568,0.13424073159694672,0.001573677078590796,0.004923392169020369,0.0022389836018230527,66,95.93885925079566,48.0,47.25,0.015625,1.3333361148834229,0.0018955678408893008,0.0022903671496378925,0.7291459441184998
2859008,837.2170821110194,0.012009145507004888,0.15260009467601776,,,,,,,,0.015625,1.3372514247894287,0.0016084584307790252,0.0034790818026161443,0.825150191783905
2867200,839.1876226619934,0.011577376266040457,0.14559327065944672,,,,,,,,0.015625,1.339491367340088,0.0013084405306464375,0.002378552739913954,0.9614791870117188
2875392,841.1674005069945,0.013286597487071207,0.16524659097194672,,,,,,,,0.015625,1.3320955038070679,0.0009009224321555265,0.002354864174914947,0.8217723965644836
2883584,843.1140759270056,0.012245546648604649,0.15095214545726776,0.0013862583662715977,0.004888048537530077,0.0021264577557196574,66,96.0731263325926,44.25,49.5,0.015625,1.3530168533325195,0.001155184194677028,0.0018746378591646318,0.6653870940208435
2891776,845.1370821279997,0.01188069212477227,0.15528564155101776,,,,,,,,0.015625,1.3508515357971191,0.0014496433146154231,0.0016408464197964186,0.7534899711608887
2899968,847.1526326599997,0.013198910970750516,0.16148681938648224,,,,,,,,0.015625,1.353671908378601,0.001572259340605109,0.0026645372668615388,0.9118976593017578
2908160,849.0775664190005,0.013817933907658697,0.1676025390625,,,,,,,,0.015625,1.3701486587524414,0.0014337203035103996,0.0024021751964588577,0.6425463557243347
2916352,851.0964812980092,0.011482518440117918,0.144775390625,0.0017392315339349596,0.00442343292266626,0.0023309371373018252,66,96.10981558162709,47.25,nan,0.015625,1.3679678440093994,0.0017531511984944514,0.00157212873060613,0.7644808292388916
2924544,853.1364706440072,0.01227989270833102,0.15336914360523224,,,,,,,,0.015625,1.378063678741455,0.000981995390488011,0.0011325205191404179,0.7388022541999817
2932736,855.1042467640073,0.012076222614065138,0.15245361626148224,,,,,,,,0.015625,1.3772315979003906,0.001691369487249206,0.0016242420246285584,0.9629047513008118
2940928,857.0512208960135,0.009984887974265895,0.12631836533546448,,,,,,,,0.015625,1.3927870988845825,0.0012475715338923776,0.0009575341146757584,0.7676329016685486
2949120,859.0077315570088,0.010702705013152727,0.13410644233226776,0.0014201970746393622,0.0039426466557391905,0.002000783997487987,66,96.38274638924464,47.25,nan,0.015625,1.3918583393096924,0.0015212072698976955,0.0014359585348766692,0.5816618800163269
2957312,861.070066173008,0.011402097797460892,0.14476318657398224,,,,,,,,0.015625,1.3957672119140625,0.0011706434301321678,0.002056708792086905,0.7700519561767578
2965504,863.0824279410008,0.010466683339020032,0.12760010361671448,,,,,,,,0.015625,1.3960539102554321,0.0014506136063498487,0.0027728972703811197,0.7191317677497864
2973696,865.0482269280183,0.011998203265457977,0.14960937201976776,,,,,,,,0.015625,1.3975565433502197,0.0014567158451323948,0.003365945143036189,0.7155840396881104
2981888,867.0265301850159,0.010740435930514627,0.13873291015625,0.0005497924674352506,0.0033138776686306827,0.0013071583073388183,66,96.4533569100657,46.5,nan,0.0078125,1.3527419567108154,0.0014417137777921751,0.0021311668133707213,0.5734453201293945
2990080,869.0534430440166,0.012162969922368984,0.15079346299171448,,,,,,,,0.015625,1.3552327156066895,0.001266754246038937,0.0016022491620944239,0.5065575242042542
2998272,871.0532429390005,0.010490689246681457,0.13144531846046448,,,,,,,,0.015625,1.3479408025741577,0.0011562959054930543,0.002982440969256744,0.5629268884658813
3006464,873.002573255013,0.01308956598912383,0.15655517578125,,,,,,,,0.015625,1.3584017753601074,0.0014830192110762198,0.0031472801922475314,0.43642091751098633
3014656,874.9613154160033,0.013232413859194768,0.16000977158546448,0.0014086061693933116,0.004280643113218063,0.002165846069941091,66,96.05329028694526,46.5,nan,0.015625,1.3610390424728394,0.0014589660099250225,0.004054553507981349,0.5810654163360596
3022848,876.9748984329926,0.011796624606634006,0.15200196206569672,,,,,,,,0.015625,1.3634330034255981,0.0015303350317528498,0.0012157687662684741,0.5474846959114075
3031040,878.9574832380167,0.011994304876563378,0.15012207627296448,,,,,,,,0.015625,1.3644936084747314,0.0012466279184735086,0.0032091104538131752,0.7033795118331909
3039232,880.9217383530049,0.011426987550243878,0.15267334878444672,,,,,,,,0.015625,1.3712882995605469,0.0015100624200367618,-0.00039684500101707233,0.8035429120063782
3047424,882.8980591199943,0.01202784323391391,0.15427246689796448,0.0014967159218618464,0.004444607697034842,0.0023422549184484056,66,95.74647493275496,46.5,nan,0.015625,1.3748129606246948,0.001276206495088539,0.0021605094680196657,0.6577857136726379
3055616,884.9414426019939,0.011243142419072682,0.14042969048023224,,,,,,,,0.015625,1.3777165412902832,0.0014031856794029963,0.0033254756677576964,0.8476759195327759
3063808,886.8781337830005,0.013354664870909312,0.16153565049171448,,,,,,,,0.015625,1.3810447454452515,0.0015755510917676019,0.0038928515613151624,0.6758200526237488
3072000,888.8672346819949,0.013069858924268133,0.16176758706569672,,,,,,,,0.015625,1.4014558792114258,0.0013674613858396412,0.002434969971552167,0.6968889236450195
3080192,890.8344229150098,0.012029213507343102,0.14826659858226776,0.00207825510501336,0.005154606839804232,0.002811949162048977,66,95.51529625654788,48.0,nan,0.015625,1.3955426216125488,0.0013911975529843246,0.0027598636642233686,0.9888095855712891
3088384,892.8765366680163,0.012300354261032466,0.14959716796875,,,,,,,,0.015625,1.400266170501709,0.001380209924897835,0.0033923847276778013,0.9322572946548462
3096576,894.8591169019928,0.010132618739704224,0.12581788003444672,,,,,,,,0.015625,1.394095540046692,0.001467766383542768,0.002355534064309084,1.1656190156936646
3104768,896.8544078580162,0.010605874239975777,0.1365966796875,,,,,,,,0.015625,1.389445424079895,0.001655118134521183,0.001759947291715585,1.0219768285751343
3112960,898.8548643840186,0.012509592475604459,0.15219727158546448,0.0013938612077468715,0.005319790527492552,0.0022655657654554575,66,95.72376217661683,44.25,nan,0.0078125,1.3763166666030884,0.0016483753584897955,0.0023236892186255706,0.7155566215515137
3121152,900.8941334290139,0.011582317537847178,0.14383545517921448,,,,,,,,0.015625,1.3579363822937012,0.0012628831159779863,0.0018226238901156218,0.6723212599754333
3129344,902.8528700869938,0.011640024392182015,0.14190673828125,,,,,,,,0.015625,1.3487266302108765,0.0013329980942495268,0.0031663376948795514,0.8291293978691101
3137536,904.8504157529969,0.011878276420479082,0.14545898139476776,,,,,,,,0.015625,1.3479673862457275,0.0010777433440940399,0.0025970250663386683,0.622596800327301
3145728,906.821683281014,0.01120367335270116,0.13920898735523224,0.0017239695030043523,0.004815947843123725,0.002497985536150382,66,95.91876040144008,48.0,nan,0.015625,1.3574919700622559,0.0011787555263519933,0.00243639700924631,0.6472136378288269
3153920,908.8327580290206,0.012279633229349166,0.15292969346046448,,,,,,,,0.015625,1.369322419166565,0.0012374089140455681,0.0018404484562881181,0.5568825006484985
3162112,910.8191172330116,0.013686344133012214,0.17337647080421448,,,,,,,,0.015625,1.37698495388031,0.0014047738800726406,0.0017649485406584621,0.6442788243293762
3170304,912.7666724479932,0.010520024132138381,0.13104248046875,,,,,,,,0.015625,1.3742133378982544,0.0014629883101464514,0.0015296030425263384,0.7025908827781677
3178496,914.7057733160036,0.012994306988301223,0.16236571967601776,0.0011962002238917746,0.0052756811058510935,0.002121163155499717,66,96.03030851688894,44.25,nan,0.015625,1.380965232849121,0.001156570662497225,0.0032981824612964526,0.7107284069061279
3186688,916.7175056160195,0.012192055619066576,0.14804688096046448,,,,,,,,0.015625,1.3853907585144043,0.0009968958835412933,0.0017053976753489348,0.9101806879043579
3194880,918.698763826018,0.012786438621950872,0.15570068359375,,,,,,,,0.015625,1.389070749282837,0.001506586864652293,0.0021537703547933806,0.8568122982978821
3203072,920.6718586859934,0.010991233525800179,0.13753663003444672,,,,,,,,0.015625,1.4027206897735596,0.0014268322848033478,0.0013263991173547806,0.8535645604133606
3211264,922.6350811070006,0.012811643884093166,0.15330810844898224,0.00122495278125212,0.004860169508411383,0.002133911520551146,66,96.5158464179754,44.25,nan,0.015625,1.3975812196731567,0.0017062558165912179,0.004185347594267234,0.8500696420669556
3219456,924.6775171070185,0.013953366963359687,0.16961669921875,,,,,,,,0.015625,1.4069640636444092,0.001129119555342173,0.002722756262909674,1.0018948316574097
3227648,926.6555403849925,0.01225052359603026,0.15133057534694672,,,,,,,,0.015625,1.4048429727554321,0.0014712023387859375,0.0022484386604626804,0.9609156847000122
3235840,928.6296670510201,0.01136022189793842,0.141845703125,,,,,,,,0.015625,1.4139654636383057,0.0013245397462246955,0.0022782490626684264,0.9486476182937622
3244032,930.6093197650043,0.010520118447097496,0.13140869140625,0.0017110318715582995,0.004392756400131981,0.002668016002644025,66,95.96828436435611,46.5,nan,0.015625,1.4015042781829834,0.001711185343243693,0.0038739566577078418,0.8446806073188782
3252224,932.6355584200064,0.01102994155443526,0.13687744736671448,,,,,,,,0.0078125,1.364920973777771,0.0015836249028594708,0.002045594954801555,0.6752207279205322
3260416,934.6019828809949,0.012878575358617961,0.15947265923023224,,,,,,,,0.015625,1.3565186262130737,0.0010073268423587023,0.00280556933857201,0.6314975619316101
3268608,936.5738243079977,0.011587366986209633,0.14755859971046448,,,,,,,,0.015625,1.3615220785140991,0.0011172343990545897,0.0007533547340840513,0.46516257524490356
3276800,938.5305172160151,0.010199789976613685,0.13302002847194672,0.00029869963850726045,0.0028522001769716865,0.001489147855591655,66,96.09069948787509,46.5,nan,0.015625,1.3714686632156372,0.0015737535617636467,-3.940322479330061e-05,0.37511444091796875
3284992,940.5907249209995,0.012278384536493506,0.15952149033546448,,,,,,,,0.015625,1.3658666610717773,0.0014411410015419237,0.0026794247843937354,0.5370787978172302
3293184,942.553747058002,0.011530387366887558,0.14244385063648224,,,,,,,,0.015625,1.3669657707214355,0.0017438746455565536,0.0013786447850089724,0.4614637494087219
3301376,944.5412472400058,0.012008632571767064,0.14896240830421448,,,,,,,,0.015625,1.3769205808639526,0.0009057030243661557,0.0013229800871475438,0.7205669283866882
3309568,946.5138166529941,0.013360915454404527,0.16455078125,0.0007050079426101918,0.0027996198356081137,0.002026389101594306,66,95.82383279308904,46.5,nan,0.015625,1.3842616081237793,0.0015225420928082101,0.0028613699908473615,0.4767850935459137
3317760,948.5556726499926,0.011547562386710881,0.14581298828125,,,,,,,,0.015625,1.3848798274993896,0.0016550216040479683,0.0018298912833831643,0.5465585589408875
3325952,950.4996349690191,0.01330080190225362,0.16342774033546448,,,,,,,,0.015625,1.4023765325546265,0.0010688881736750644,0.002276958577475469,0.5353812575340271
3334144,952.4876820479985,0.012602258337900976,0.15750733017921448,,,,,,,,0.015625,1.4059209823608398,0.0010989641486922053,0.001956436143529178,0.6212397217750549
3342336,954.4761791130004,0.011144754702352162,0.14268799126148224,0.00032603882161919007,0.0029036151796043245,0.0013338895757015635,66,96.563830482512,46.5,nan,0.015625,1.412052035331726,0.0014143481294321858,0.0006063548893707913,0.551442563533783
3350528,956.4974902849935,0.012543262568021891,0.15278320014476776,,,,,,,,0.015625,1.4191933870315552,0.0012566366413353847,0.0023520075167981465,0.641598641872406
3358720,958.4487049140153,0.011722424731796558,0.14500732719898224,,,,,,,,0.015625,1.4224579334259033,0.0014345706456630027,0.002816848023174792,0.6956225633621216
3366912,960.3964288370044,0.01139978330599375,0.14095459878444672,,,,,,,,0.015625,1.4125984907150269,0.0013252642070676558,0.003925632027947415,0.8785188794136047
3375104,962.3529036779946,0.011331486297144581,0.13817138969898224,0.0004492008446427276,0.002799882304952506,0.0014248714849590784,66,96.65984760617293,46.5,nan,0.015625,1.413190484046936,0.0014539075081639098,0.0016127381861816541,0.4685061573982239
3383296,964.4270779149956,0.010797968686450506,0.13551025092601776,,,,,,,,0.0078125,1.3989062309265137,0.001323013681219132,0.0017369779975848724,0.5637181997299194
3391488,966.3805790900078,0.014964140128068154,0.17739258706569672,,,,,,,,0.015625,1.3774549961090088,0.0012682111709885092,0.0021663183150110346,0.49790212512016296
3399680,968.320942655002,0.013006385482868655,0.15902100503444672,,,,,,,,0.015625,1.3717917203903198,0.001652426943291141,0.0032469265217154237,0.5006546378135681
3407872,970.2732300880016,0.010827556874845526,0.13568115234375,0.0006270548379748719,0.002788598362123318,0.0015341054257788202,66,96.90530493416506,46.5,nan,0.015625,1.3725085258483887,0.0014482152159732366,0.0013464535279386154,0.450205534696579
3416064,972.3146965390188,0.012339328747178725,0.15382079780101776,,,,,,,,0.015625,1.3766875267028809,0.0010976619013640999,0.002315743472302049,0.41283369064331055
3424256,974.2969585900137,0.012954330932521005,0.15965576469898224,,,,,,,,0.015625,1.3804534673690796,0.0013031420746983159,0.0024561927036002955,0.45020291209220886
3432448,976.2853364479961,0.012729321132381417,0.14875487983226776,,,,,,,,0.015625,1.3821009397506714,0.0014551376230192204,0.004036841090051799,0.49363407492637634
3440640,978.2585944530147,0.01264930071356267,0.15903320908546448,0.0008989762172417759,0.003314370657348087,0.0018280474657065837,66,96.90818576564773,48.75,nan,0.015625,1.3820174932479858,0.0012516480229670336,0.0018692509170299245,0.5481563210487366
3448832,980.3258855550084,0.011741513278570457,0.14870606362819672,,,,,,,,0.015625,1.400144338607788,0.001481835994654135,0.0014262019713335637,0.5093830227851868
3457024,982.3374093990133,0.01393269006051398,0.16827392578125,,,,,,,,0.015625,1.4014695882797241,0.0017359928775115719,0.0033474737946630044,0.45777827501296997
3465216,984.2628724079987,0.014382914459387226,0.17795410752296448,,,,,,,,0.015625,1.4124959707260132,0.0010281382852214249,0.00270094762699454,0.3848761022090912
3473408,986.2362371580093,0.011517012646396332,0.14394532144069672,0.0002839125993516767,0.004317559410762984,0.0013842437010342379,66,96.39833352612717,48.75,nan,0.015625,1.4118882417678833,0.0013363254378137568,0.002417566481977499,0.632426381111145
3481600,988.3395945329976,0.012043920555748912,0.14980469644069672,,,,,,,,0.015625,1.420060396194458,0.0015431731173222276,0.0025045072225085,0.5299442410469055
3489792,990.3460812190024,0.013230120812027716,0.15959472954273224,,,,,,,,0.015625,1.424473762512207,0.0013595498832157716,0.0027508522760757593,0.5484091639518738
3497984,992.3359087140125,0.012337645629813852,0.15072022378444672,,,,,,,,0.015625,1.42649507522583,0.0015284401995033449,0.002297178802562348,0.5182551145553589
3506176,994.2813677939994,0.012521913748132838,0.1541748046875,0.0003852927243412907,0.0038240174118171822,0.0012040618678049399,66,97.2348593723982,48.75,nan,0.015625,1.430769920349121,0.0011786552003923646,0.002616672312480212,0.5391278862953186
3514368,996.3365451050049,0.011776146330335625,0.14462891221046448,,,,,,,,0.015625,1.424931287765503,0.0013516068414097917,0.0027035393572829077,0.6053081750869751
3522560,998.3275171620189,0.014219601369718914,0.17579345405101776,,,,,,,,0.0078125,1.37283456325531,0.0013759047527228119,0.0027453494094882786,0.41483941674232483
3530752,1000.2528522550128,0.013843588928261548,0.16231690347194672,,,,,,,,0.015625,1.3751026391983032,0.001347684601308552,0.004065609441447084,0.3450273871421814
3538944,1002.2186281210161,0.01325719080905944,0.15869140625,0.0003362000432819423,0.004076356983247232,0.0012076947992734845,66,96.99387277754715,48.75,nan,0.015625,1.377392292022705,0.001225982816744542,0.003616276366304258,0.4716818928718567
3547136,1004.2633706110064,0.013044006476828374,0.16641846299171448,,,,,,,,0.015625,1.3763937950134277,0.0014388638832861901,0.0018089894268546883,0.30748239159584045
3555328,1006.2081560640072,0.012990933784090969,0.1644287109375,,,,,,,,0.015625,1.385338306427002,0.0014440572043836197,0.002710102350017625,0.33549532294273376
3563520,1008.2023304210161,0.011995937119827646,0.145263671875,,,,,,,,0.015625,1.3980817794799805,0.0012630132004925244,0.0028707545758977315,0.395221084356308
3571712,1010.1726316900167,0.011717702998744943,0.14461670815944672,0.00035556591212437816,0.00387115023171839,0.0011952134563047224,66,97.07705550301544,48.75,nan,0.015625,1.4020822048187256,0.0009607573012713089,0.003401983847846675,0.42087775468826294
3579904,1012.2673147850146,0.012317575668719534,0.1456298828125,,,,,,,,0.015625,1.3998608589172363,0.0014128439001324879,0.003245421153937467,0.5049187541007996
3588096,1014.206134558015,0.012238123384625144,0.15152588486671448,,,,,,,,0.015625,1.4038605690002441,0.0013369552274855479,0.001629786546819886,0.5152550935745239
3596288,1016.1916574609932,0.011888780805433617,0.14606933295726776,,,,,,,,0.015625,1.4149755239486694,0.000985048390397425,0.0006725547028528223,0.4296240508556366
3604480,1018.1660535300034,0.013031377461865107,0.16531983017921448,0.00028796940374709035,0.003989402489486815,0.0011853239473232136,66,97.11559925289873,48.75,nan,0.015625,1.4172513484954834,0.0012570581913747048,0.0016802952258697262,0.33912596106529236
3612672,1020.2004268800083,0.015579859556265618,0.18806152045726776,,,,,,,,0.015625,1.4293267726898193,0.001258232861243458,0.004417433165802893,0.4582739770412445
3620864,1022.1800112769997,0.011707320419679635,0.1448974609375,,,,,,,,0.015625,1.422602653503418,0.0011842575132559375,0.001933488058104207,0.4713510572910309
3629056,1024.1805802989984,0.013393887184893939,0.16925048828125,,,,,,,,0.015625,1.4288225173950195,0.0016120294534272773,0.003548703616386752,0.43132296204566956
3637248,1026.1709046000033,0.011618589068188747,0.14372558891773224,0.0005496600938565965,0.0035129433513005795,0.001380118417752685,66,97.5306105206142,48.75,nan,0.015625,1.4250171184539795,0.0014087713545453242,0.0037820062262636637,0.6507543325424194
3645440,1028.1778228110052,0.01335330410810402,0.16214600205421448,,,,,,,,0.015625,1.4310946464538574,0.0013029699023136998,0.0034661388561262867,0.4973931312561035
3653632,1030.120735400007,0.011714878861174356,0.14871826767921448,,,,,,,,0.0078125,1.41329824924469,0.0012123020294750987,0.0022477677506305806,0.4217608571052551
3661824,1032.0957149530004,0.0121791396885036,0.15109863877296448,,,,,,,,0.015625,1.3871442079544067,0.001293003885635835,0.0030968311669754764,0.42261821031570435
3670016,1034.0495656970015,0.013713280370993354,0.16820068657398224,0.00044927025555918654,0.0027832916934115715,0.0012078644215378076,66,98.00337398494267,46.5,nan,0.015625,1.3915975093841553,0.001358630864232724,0.0032131504076907333,0.3805675208568573
3678208,1036.0786305319925,0.014627092714873488,0.16954346001148224,,,,,,,,0.015625,1.3918070793151855,0.0011641987535415566,0.0036358996500529678,0.37475574016571045
3686400,1038.040741808014,0.010677466707558024,0.13020019233226776,,,,,,,,0.015625,1.4033124446868896,0.001182211323798066,0.0023668349617857482,0.30450257658958435
3694592,1040.022849778994,0.014569881108401617,0.1817626953125,,,,,,,,0.015625,1.397312879562378,0.0013474960699542905,0.0014203379848548487,0.41187068819999695
3702784,1042.0834001420008,0.01535630579821164,0.17713622748851776,0.000824687384522238,0.0027863183011655026,0.0016477807382290323,66,97.97666623009378,42.75,nan,0.015625,1.4042209386825562,0.000992124242839354,0.004079050781819519,0.5167809724807739
3710976,1044.1521071300085,0.014508810839328557,0.17335204780101776,,,,,,,,0.015625,1.41633141040802,0.0011166881459410917,0.0038180254303622264,0.4434431195259094
3719168,1046.1624370469945,0.012024408453476798,0.15035401284694672,,,,,,,,0.015625,1.4202052354812622,0.0013091123089697177,0.002538105451316151,0.5154321193695068
3727360,1048.128809292015,0.011046733123362303,0.14095459878444672,,,,,,,,0.015625,1.4259352684020996,0.001461920846587661,0.002308991676563776,0.5094982981681824
3735552,1050.1180549449928,0.012251305309955744,0.15267334878444672,0.0009430350605349469,0.0031165300633462126,0.0018864634917324153,66,97.58468968028119,42.75,nan,0.015625,1.4269310235977173,0.0009658190229031916,0.0032008084212819424,0.6560725569725037
3743744,1052.176828338008,0.01154648678204137,0.14556884765625,,,,,,,,0.015625,1.428661823272705,0.001256563231338015,0.00144216393444893,0.49219265580177307
3751936,1054.1282585269946,0.013086029436131097,0.16013184189796448,,,,,,,,0.015625,1.4384342432022095,0.0009937282311516583,0.0022972874728352795,0.48196330666542053
3760128,1056.119637412019,0.012516452529393735,0.15391846001148224,,,,,,,,0.015625,1.4410594701766968,0.0011106380833209584,0.0028662790589020475,0.5427698493003845
3768320,1058.0882554160198,0.012703195358109426,0.15776367485523224,0.0004996420069225405,0.002687935846856904,0.001226414834066547,66,97.98376549735607,46.5,nan,0.015625,1.4405367374420166,0.0015068397752317055,0.0028875962071529936,0.5594634413719177
3776512,1060.160324536002,0.012609489250875584,0.15640869736671448,,,,,,,,0.015625,1.442160964012146,0.0013644022547807722,0.004627657188415845,0.5217902064323425
3784704,1062.120642554015,0.011371774408310248,0.14749756455421448,,,,,,,,0.015625,1.4474594593048096,0.001151457895104302,0.0028965778109813992,0.46751078963279724
3792896,1064.0833675170143,0.013201657126135172,0.15825195610523224,,,,,,,,0.0078125,1.3945412635803223,0.0013069171299832207,0.004214523409425949,0.5596532225608826
3801088,1066.0163588240102,0.011843759676498892,0.14755859971046448,0.0009353907899529723,0.003102903068249263,0.001713626868681162,66,97.88868031773866,42.75,nan,0.015625,1.3917893171310425,0.0011995455670257172,0.0036532144904143854,0.394265353679657
3809280,1068.0647279510158,0.013133073725872996,0.16182862222194672,,,,,,,,0.015625,1.38985276222229,0.0011739869728251918,0.0021501244884372574,0.3844241201877594
3817472,1070.0543485840026,0.013152831141559664,0.16243897378444672,,,,,,,,0.015625,1.3925580978393555,0.0012274219367577445,0.0022907013920994714,0.32647451758384705
3825664,1072.0122119690059,0.011556754622353803,0.14194336533546448,,,,,,,,0.015625,1.4049054384231567,0.0011079607412152527,0.0022217595707143194,0.3498525619506836
3833856,1073.9665540900023,0.013201808161293264,0.16363525390625,0.0008046937678853894,0.002983188665402226,0.0015314318506013946,66,97.95535199419628,46.5,nan,0.015625,1.408248782157898,0.0010652060540150444,0.0028004568637047585,0.3656902313232422
3842048,1076.0485260290152,0.014016887271317986,0.16724853217601776,,,,,,,,0.015625,1.4156739711761475,0.000967016996028336,0.003187439913271187,0.39957842230796814
3850240,1078.0503647190053,0.01323708347446791,0.16026611626148224,,,,,,,,0.015625,1.416854739189148,0.0013185323667900817,0.0024012177097335477,0.35532552003860474
3858432,1080.0178030420211,0.014370180742093498,0.16422119736671448,,,,,,,,0.015625,1.4206485748291016,0.001258776655330729,0.0038440346301404924,0.4376659393310547
3866624,1081.9845523679978,0.012849544026323345,0.15249024331569672,0.0006781419925335763,0.0030493038037018197,0.001416266144439804,66,97.86369676502437,46.5,nan,0.015625,1.4298717975616455,0.001106005857936354,0.004063000661042794,0.5073415637016296
3874816,1084.044928149,0.0125789528300704,0.15628662705421448,,,,,,,,0.015625,1.4320412874221802,0.0013041326111424723,0.0026280843010216357,0.5526357889175415
3883008,1086.0115822690132,0.013396783133834706,0.16041259467601776,,,,,,,,0.015625,1.4293464422225952,0.0013884202228007126,0.0029214975504011967,0.5312283635139465
3891200,1087.9362496190006,0.01469853404275891,0.18096923828125,,,,,,,,0.015625,1.441616177558899,0.0012801881869863307,0.004354144736966993,0.4866000711917877
3899392,1089.8958428449987,0.014548248381307471,0.17779541015625,0.0003662002778893614,0.0038777479107629078,0.0011125544933256904,66,97.85459986733159,48.75,nan,0.015625,1.447113275527954,0.001351279809894146,0.0036437328065152793,0.4137965142726898
3907584,1091.985523907002,0.012701847264875521,0.15632323920726776,,,,,,,,0.015625,1.4441263675689697,0.0009162589904782138,0.00410605971193552,0.4023303985595703
3915776,1093.945133767993,0.01155718204715227,0.14249268174171448,,,,,,,,0.015625,1.4513227939605713,0.0011173794301485684,0.0029098788563862547,0.5066087245941162
3923968,1095.8911658540019,0.011797146367746373,0.15167236328125,,,,,,,,0.0078125,1.410904884338379,0.0011809280487863007,0.0018364843042194706,0.5690954327583313
3932160,1097.868156662007,0.012838627136331635,0.16126708686351776,0.0007553347167217339,0.003659864807060431,0.001483658788576159,66,97.96839861055861,48.75,nan,0.015625,1.3964083194732666,0.0012681181797373653,0.003497885928970046,0.4474674165248871
3940352,1099.9325490850024,0.011267280150706457,0.14097900688648224,,,,,,,,0.015625,1.3960210084915161,0.001230948887922645,0.0016946142112464727,0.2788199484348297
3948544,1101.9470976460143,0.01365014076981752,0.16813965141773224,,,,,,,,0.015625,1.3986225128173828,0.001428359382907496,0.001976896721647685,0.27053335309028625
3956736,1103.8776408630074,0.012175961776797412,0.14718018472194672,,,,,,,,0.015625,1.3972439765930176,0.0012265404076690857,0.003339392034019455,0.31137171387672424
3964928,1105.8307995850046,0.01417678929761803,0.17808838188648224,0.000511754778250606,0.003830082545453928,0.0012709750115030062,66,97.84753365187753,48.75,nan,0.015625,1.4024677276611328,0.0012072525642815692,0.0038507529328720234,0.3386838436126709
3973120,1107.8456858230056,0.014173179124037594,0.1702880859375,,,,,,,,0.015625,1.403998851776123,0.0012653985027483274,0.0019660464747771086,0.49201926589012146
3981312,1109.8361134120205,0.015811330327385915,0.18715821206569672,,,,,,,,0.015625,1.4127893447875977,0.0012812640573519275,0.002006700768933023,0.4624978005886078
3989504,1111.7882617290015,0.012371214460679208,0.15313720703125,,,,,,,,0.015625,1.4223473072052002,0.0010316047940413299,0.002911264307358115,0.37114274501800537
3997696,1113.735406362015,0.015563852629840575,0.18535156548023224,0.0008039685989464918,0.003662840406468726,0.0016367842622592279,66,97.48366664460177,46.5,nan,0.015625,1.4265365600585938,0.001292617346293612,0.003065461290897743,0.46213600039482117
4005888,1115.7406529340078,0.01301416540574614,0.16031494736671448,,,,,,,,0.015625,1.4217441082000732,0.0010030442456236855,0.004208615708353815,0.8282961249351501
4014080,1117.703807318001,0.015160302457178471,0.18189696967601776,,,,,,,,0.015625,1.4395177364349365,0.0015533107705910766,0.004261534984109143,0.5260177850723267
4022272,1119.706136156019,0.013913578622646278,0.16452637314796448,,,,,,,,0.015625,1.4410700798034668,0.0013458173806129793,0.003161482505704704,0.4976288974285126
4030464,1121.70783715602,0.012365060014269184,0.14968262612819672,0.0006845273673381502,0.003460550913582894,0.001489312272139054,66,97.76613477693783,46.5,47.25,0.015625,1.4487727880477905,0.0012148769109909252,0.004277011212170434,0.5575191378593445
4038656,1123.7324024889967,0.013602485723592603,0.16910400986671448,,,,,,,,0.015625,1.4430832862854004,0.0011373257393599955,0.0036202932090264126,0.6933467388153076
4046848,1125.6516123579931,0.011613023417712571,0.14605712890625,,,,,,,,0.015625,1.4479442834854126,0.0010822850819985576,0.0022713694309041267,0.46616029739379883
4055040,1127.605220101017,0.013050528852505953,0.15937499701976776,,,,,,,,0.015625,1.4474796056747437,0.0012360545343187979,0.003473512115583616,0.3660926818847656
4063232,1129.5902579149988,0.015098071925227134,0.18516846001148224,0.0004947603605325313,0.003325699333021548,0.0013376887185036935,66,97.90475145996353,46.5,45.0,0.0078125,1.4052691459655762,0.0011806221031857135,0.003936816351858196,0.40539655089378357
4071424,1131.6236719950102,0.012669860838885466,0.15878906846046448,,,,,,,,0.015625,1.40061354637146,0.0013810893055486218,0.0031141858396026207,0.4520702362060547
4079616,1133.5833113889967,0.013398074518180758,0.16593018174171448,,,,,,,,0.015625,1.4022715091705322,0.0010771303720045978,0.0024325951293539022,0.39774447679519653
4087808,1135.5443140430143,0.013231989399096866,0.15522460639476776,,,,,,,,0.015625,1.4007190465927124,0.0012466120741910004,0.004251205680083521,0.36152204871177673
4096000,1137.5246538869978,0.01667432599106906,0.20020751655101776,0.0005520565013625855,0.0033057345941015174,0.0013689281143621002,66,97.8768201380729,46.5,49.5,0.015625,1.4086689949035645,0.001264568305216096,0.0019407871947841886,0.2732509672641754
4104192,1139.6141006090038,0.013247373644267493,0.166015625,,,,,,,,0.015625,1.4096583127975464,0.001400034985416221,0.0021907464694268497,0.3822745978832245
4112384,1141.6030250840122,0.014734361421706994,0.17974853515625,,,,,,,,0.015625,1.4129672050476074,0.0012879821494819921,0.003316651218076114,0.4499950408935547
4120576,1143.5788472970016,0.013294818181127788,0.16525879502296448,,,,,,,,0.015625,1.422699213027954,0.0011650088298023832,0.0024761520623382267,0.40622130036354065
4128768,1145.5392150550033,0.01388620758663079,0.17216797173023224,0.0008943898406323925,0.003385223367682977,0.001723996151799001,66,98.20955021216166,42.75,nan,0.015625,1.425938606262207,0.0014526069509220975,0.0034643773514612536,0.4209606349468231
4136960,1147.5751077590103,0.01339044581073948,0.16330567002296448,,,,,,,,0.015625,1.43565034866333,0.0011742345090332562,0.0032053368608631234,0.37848982214927673
4145152,1149.5424858860206,0.014770102780326652,0.18233643472194672,,,,,,,,0.015625,1.4447559118270874,0.0013355595128602517,0.0037454141000169226,0.41571497917175293
4153344,1151.4725249840121,0.012647981254096961,0.15532226860523224,,,,,,,,0.015625,1.4519972801208496,0.0012106108872074529,0.003041068712247134,0.44704824686050415
4161536,1153.4382178990054,0.013519002135561595,0.16778564453125,0.0009005315518455514,0.00333820783797959,0.0017019580788500634,66,98.3050438610857,42.75,nan,0.015625,1.4429826736450195,0.0013424186723285715,0.004127291202125221,0.5452794432640076
4169728,1155.479500654008,0.012966790256981678,0.15969239175319672,,,,,,,,0.015625,1.4430794715881348,0.0011793837931377894,0.0030381218283678417,0.3901502192020416
4177920,1157.4499562370183,0.01285979555049576,0.16004638373851776,,,,,,,,0.015625,1.4572608470916748,0.0012138221639955817,0.0018633973562720422,0.4411613643169403
4186112,1159.4428286199982,0.011477641509740283,0.14796142280101776,,,,,,,,0.015625,1.4537625312805176,0.001112206646053282,0.00256179387831934,0.5017260909080505
4194304,1161.4243303640105,0.013936521278928993,0.16605225205421448,0.0006444260544700153,0.0031875616770533966,0.0014545750991831752,66,98.18371938096142,46.5,nan,0.0078125,1.429744005203247,0.0010893162332540895,0.0036224913177532857,0.37867608666419983
4202496,1163.4573331010179,0.014490484267669508,0.17839355766773224,,,,,,,,0.015625,1.4053179025650024,0.001267577165683187,0.004509733068637449,0.3503776490688324
4210688,1165.4380340530188,0.012655911684045546,0.15928955376148224,,,,,,,,0.015625,1.4045178890228271,0.0013865121716985286,0.0038130659972189355,0.30480632185935974
4218880,1167.4384424710006,0.012478605980928682,0.15242920815944672,,,,,,,,0.015625,1.4053715467453003,0.0014172547491134837,0.003526869509324382,0.31473326683044434
4227072,1169.414897975017,0.014997419389858976,0.17233887314796448,0.0005024659006295229,0.003035683641571774,0.0013484676621112414,66,98.21169263983944,46.5,47.25,0.015625,1.4130122661590576,0.0010991955242862673,0.002955060774535946,0.24025379121303558
4235264,1171.4859995559964,0.013557881953654977,0.16524659097194672,,,,,,,,0.015625,1.4179993867874146,0.0011746826385376054,0.0005295117518038039,0.36425909399986267
4243456,1173.4565918669978,0.01396969107928747,0.16916504502296448,,,,,,,,0.015625,1.416242003440857,0.0013383865187106437,0.00403248339822286,0.40085649490356445
4251648,1175.4220246130135,0.01590750972959994,0.18461914360523224,,,,,,,,0.015625,1.4169987440109253,0.0011014665877496,0.0055116060687875786,0.4571179449558258
4259840,1177.3613694820087,0.014876097704420927,0.17507325112819672,0.0006786045381191874,0.0029990968572483623,0.001523063268169389,66,98.20764677734455,46.5,nan,0.015625,1.4253044128417969,0.001032599080612273,0.004038072021389534,0.41564056277275085
4268032,1179.4115794910176,0.013583462517228535,0.16563721001148224,,,,,,,,0.015625,1.4376121759414673,0.0014215071782336054,0.002116129184113895,0.4520571827888489
4276224,1181.3685541580198,0.013956902059023607,0.16694335639476776,,,,,,,,0.015625,1.446948528289795,0.001342220772858782,0.003340432008991741,0.3566218912601471
4284416,1183.3494351900008,0.014748380401800976,0.17493896186351776,,,,,,,,0.015625,1.4516297578811646,0.0011296880224262451,0.004646269471429505,0.3897974193096161
4292608,1185.2895487820206,0.015285548609508648,0.18226318061351776,0.0004852211432315734,0.0028657851952164195,0.0013127876274857343,66,98.40069135716679,46.5,nan,0.015625,1.4554593563079834,0.001209443315876635,0.002401637922765718,0.4729325473308563
4300800,1187.3420168090088,0.011468844789993798,0.14360351860523224,,,,,,,,0.015625,1.456507921218872,0.0013860363024837397,0.002485685461608597,0.43086156249046326
4308992,1189.3000997480121,0.01070582554870325,0.13758544623851776,,,,,,,,0.015625,1.4623295068740845,0.001175361994822255,0.002448159699443272,0.4575076103210449
4317184,1191.2459485270083,0.0141033787265323,0.17493896186351776,,,,,,,,0.015625,1.4540635347366333,0.0012124452800987284,0.0027843095875528783,0.39656469225883484
4325376,1193.179508767993,0.01146514357459171,0.14385986328125,0.0004359959339158559,0.002854700226658957,0.0012893303165927407,66,98.46354413247545,46.5,nan,0.015625,1.4618215560913086,0.0013597352083017157,0.0026191444102153663,0.4280136227607727
4333568,1195.262135204015,0.012925547339371658,0.16044922173023224,,,,,,,,0.0078125,1.4062118530273438,0.0013291944228393305,0.003779999393557048,0.33745479583740234
4341760,1197.2478559270094,0.013177602336227194,0.16495361924171448,,,,,,,,0.015625,1.4086860418319702,0.001296306797123792,0.0033190033443137867,0.3170672357082367
4349952,1199.2287938320078,0.015246421780591138,0.18446044623851776,,,,,,,,0.015625,1.40864896774292,0.0011605335822781782,0.004005898737500959,0.2401554435491562
4358144,1201.1654193339928,0.014187439320021394,0.17181396484375,0.0006782640852120991,0.002705978515707075,0.0014991927717603716,66,98.59026168265402,46.5,nan,0.015625,1.4123554229736328,0.001127490214676763,0.002569580682575126,0.23947766423225403
4366336,1203.211259292002,0.012984875921276543,0.15738525986671448,,,,,,,,0.015625,1.419501543045044,0.0013765366185928387,0.0031494717062005013,0.3218342661857605
4374528,1205.1388103850186,0.013621835811817598,0.15554200112819672,,,,,,,,0.015625,1.421162724494934,0.001193058447200579,0.0027680546644651104,0.2637278735637665
4382720,1207.1194156320125,0.012538473028006631,0.15904541313648224,,,,,,,,0.015625,1.4338197708129883,0.0012134424693141966,0.0022344448815537032,0.2948693335056305
4390912,1209.0822370570095,0.016002777043375993,0.18374024331569672,0.0004100404152536097,0.002544925230250017,0.0012547608756086404,66,98.67968343569876,46.5,nan,0.015625,1.4385313987731934,0.0013399457459127519,0.004091201179077088,0.39040181040763855
4399104,1211.1793492530123,0.013739023541484794,0.16181640326976776,,,,,,,,0.015625,1.441597580909729,0.0012904874753759345,0.004425436694818871,0.3580288887023926
4407296,1213.1547401169955,0.014063322860114703,0.171142578125,,,,,,,,0.015625,1.4451804161071777,0.001050774014189082,0.0020779367388714222,0.49963781237602234
4415488,1215.112676771998,0.013811885215365059,0.17098389565944672,,,,,,,,0.015625,1.4524692296981812,0.0012751223861987683,0.0032926860460977393,0.5440905690193176
4423680,1217.0622814070084,0.014069427718449719,0.17012940347194672,0.00041820644322021483,0.002500526648525836,0.0012593571139900006,66,98.63957889816801,46.5,nan,0.015625,1.4569270610809326,0.0010799867331808045,0.0014555797563517757,0.37423405051231384
4431872,1219.131378941005,0.01484124455417352,0.18023681640625,,,,,,,,0.015625,1.4640718698501587,0.0011018647143694494,0.003065154238842176,0.39154621958732605
4440064,1221.0998610870156,0.013323170172973181,0.16811524331569672,,,,,,,,0.015625,1.4587926864624023,0.001198377877075829,0.003864837834594888,0.4731491208076477
4448256,1223.0553848030104,0.013867070722039349,0.16583251953125,,,,,,,,0.015625,1.4605354070663452,0.0013753469847436308,0.003093499265883833,0.5102784037590027
4456448,1225.0298829200037,0.014174403619027304,0.16820068657398224,0.000805533752556542,0.0029279206227985966,0.0016916322246163574,66,98.57316018160964,46.5,45.0,0.015625,1.4605201482772827,0.0012455752005802068,0.004190975947277141,0.564886212348938
4464640,1227.1504970040114,0.01430043014676736,0.17575684189796448,,,,,,,,0.0078125,1.431357502937317,0.0013296875022107968,0.0036272140005708152,0.5312278866767883
4472832,1229.1457101250126,0.012167662181331565,0.15324707329273224,,,,,,,,0.015625,1.402002215385437,0.0013209188161455443,0.0007009311541606592,0.4747796058654785
4481024,1231.1013552820077,0.015001824468939393,0.18165282905101776,,,,,,,,0.015625,1.4076666831970215,0.001075681166191289,0.005779815834516342,0.3719480037689209
4489216,1233.0849557960173,0.014321847176112262,0.16988526284694672,0.0009043779634649862,0.002818213642407075,0.0017856110962108374,66,98.73886763661763,46.5,47.25,0.015625,1.4078090190887451,0.0014037796815706272,0.004284799079792783,0.32659682631492615
4497408,1235.1100938660093,0.01501832952513927,0.17445068061351776,,,,,,,,0.015625,1.4132906198501587,0.0011491577829505829,0.0051440894595326135,0.37147092819213867
4505600,1237.0467354400025,0.0178070108702944,0.20604248344898224,,,,,,,,0.015625,1.414315938949585,0.0011877497435106021,0.003395757938905937,0.37298017740249634
4513792,1239.0139423010114,0.014003990593796513,0.16907958686351776,,,,,,,,0.015625,1.427244782447815,0.0012918157693241894,0.0026337213113305797,0.33451804518699646
4521984,1241.0111369969964,0.014663912724027034,0.17641602456569672,0.0007198761377947838,0.0026109526840018106,0.0015867365605900631,66,98.89475462370471,46.5,47.25,0.015625,1.4249281883239746,0.0010966143970440156,0.0023520049521834523,0.4059527516365051
4530176,1243.0150242120144,0.013517904688317412,0.16986083984375,,,,,,,,0.015625,1.4352023601531982,0.0013539878010108254,0.0023373440084244143,0.49940797686576843
4538368,1244.971342150995,0.012206244961753269,0.15668945014476776,,,,,,,,0.015625,1.4419848918914795,0.0012896237405171874,0.0011159863580434872,0.3577062785625458
4546560,1246.9043187180068,0.012450233965968671,0.15373535454273224,,,,,,,,0.015625,1.447996735572815,0.0014118323727099536,0.0005389441534859082,0.4747510552406311
4554752,1248.9196671569953,0.012921221880844947,0.16230468451976776,0.0012112089332464437,0.002867030063207332,0.0021219296720640713,66,98.82498295280655,46.5,47.25,0.015625,1.4520667791366577,0.001378725841081463,0.004102444168683423,0.5990554690361023
4562944,1251.0207352210127,0.014055498882773111,0.1593017578125,,,,,,,,0.015625,1.4540774822235107,0.001318312788648457,0.004156445484852417,0.4654749035835266
4571136,1252.9804395760002,0.014018738142135148,0.1658935546875,,,,,,,,0.015625,1.4638242721557617,0.0008932426600313349,0.0028723527911212465,0.39599284529685974
4579328,1254.9181967260083,0.014327492163335707,0.16817627847194672,,,,,,,,0.015625,1.4681087732315063,0.0011011436182268297,0.0020528717874378627,0.5243329405784607
4587520,1256.8937660340162,0.011224474004300093,0.14073486626148224,0.0007071508158079665,0.002696191598141995,0.0015930259280552918,66,98.80727186409226,46.5,nan,0.015625,1.463011622428894,0.001261807342856558,0.0029366427518108303,0.4139969050884247
4595712,1258.958831771015,0.012839513767631625,0.15413819253444672,,,,,,,,0.015625,1.4608092308044434,0.001171904245932376,0.003782757324265364,0.4354042708873749
4603904,1260.9181630400126,0.013354621991949884,0.16318359971046448,,,,,,,,0.0078125,1.4125745296478271,0.0010739117520114916,0.004726188331678049,0.35190537571907043
4612096,1262.8868283750198,0.011588572218573156,0.14415283501148224,,,,,,,,0.015625,1.4135667085647583,0.0013861110246117803,0.002242353622628182,0.318144291639328
4620288,1264.8436946739967,0.0134892937766862,0.1605224609375,0.0006063128375886073,0.0027532228472517575,0.0015046599208332068,66,98.81469989770504,46.5,nan,0.015625,1.4193153381347656,0.001317310354934287,0.004004605015729418,0.20705631375312805
4628480,1266.9071191980038,0.012657004516422219,0.15845946967601776,,,,,,,,0.015625,1.4173736572265625,0.0011739942453801945,0.003055616376062442,0.3201843500137329
4636672,1268.883979464008,0.015266723690756934,0.18647460639476776,,,,,,,,0.015625,1.4153329133987427,0.0012802851154789408,0.003182525542856361,0.40101757645606995
4644864,1270.8735842140159,0.013706804198903261,0.17142334580421448,,,,,,,,0.015625,1.4254519939422607,0.0013265169015189372,0.002825007765180214,0.3911866843700409
4653056,1272.8673611459963,0.014257307137217085,0.17454834282398224,0.0014148538554166201,0.0033461852137262383,0.002415172779699881,66,98.56292465528965,46.5,45.0,0.015625,1.4253908395767212,0.0013962435940889307,0.0017106276287037897,0.46475496888160706
4661248,1274.8891261669924,0.01534189493726223,0.18117676675319672,,,,,,,,0.015625,1.438291311264038,0.0012071408174168297,0.00247834018812745,0.49086999893188477
4669440,1276.8796617640182,0.015070581945241648,0.18098144233226776,,,,,,,,0.015625,1.4429113864898682,0.0013970485746115258,0.0019753944158988884,0.5331658720970154
4677632,1278.8843926429981,0.013395665060624862,0.16278076171875,,,,,,,,0.015625,1.4481691122055054,0.0016025562114676873,0.00360980412138969,0.4341026842594147
4685824,1280.8416342769924,0.01252350470587681,0.15789794921875,0.0005296135649752731,0.002648782066880118,0.00144588096878161,66,98.96831705055256,46.5,nan,0.015625,1.4556268453598022,0.0013639079034370894,0.0030423553635576936,0.4409632384777069
4694016,1282.8498528769996,0.01334422622141891,0.16295166313648224,,,,,,,,0.015625,1.465501070022583,0.0012828387012193132,0.003929481157818005,0.6135614514350891
4702208,1284.8093788489932,0.01699172687379934,0.19118653237819672,,,,,,,,0.015625,1.4741288423538208,0.001305910712621683,0.0052355017941148885,0.44045019149780273
4710400,1286.7624928320001,0.012927665187121688,0.16021728515625,,,,,,,,0.015625,1.4803513288497925,0.0011860739220679207,0.0022850570865529185,0.35128483176231384
4718592,1288.7284320380131,0.011581389639425684,0.14433594048023224,0.0003383931762679371,0.0024038463326614746,0.0012574120216203412,66,98.94394554739968,46.5,nan,0.015625,1.4672250747680664,0.0012083091795808245,0.0036161818083614247,0.4974522590637207
4726784,1290.7573676989996,0.012628914217166668,0.15427246689796448,,,,,,,,0.015625,1.4711596965789795,0.0010968460748370546,0.0025753023093162183,0.4232819974422455
4734976,1292.7769488799968,0.012770559840349516,0.155029296875,,,,,,,,0.0078125,1.44993257522583,0.001345609771983669,0.0024055329457148447,0.3604081869125366
4743168,1294.734659971,0.013318324218347697,0.16307373344898224,,,,,,,,0.015625,1.419926643371582,0.0010511116224241391,0.0036959345840962537,0.27572742104530334
4751360,1296.7030901370163,0.011917010492707858,0.15234375,0.00039257375697498986,0.002611321270469469,0.0013404852336774355,66,98.87494324275593,46.5,nan,0.015625,1.420458197593689,0.0013284538153198412,0.0031972183593884946,0.2216433584690094
4759552,1298.7744758290064,0.014301421794689234,0.16958008706569672,,,,,,,,0.015625,1.4221751689910889,0.0014635672840277337,0.0034195575402535,0.2431015521287918
4767744,1300.7255164069938,0.01403542211818054,0.16813965141773224,,,,,,,,0.015625,1.426988124847412,0.0013715794278352234,0.002814515299037478,0.2369796335697174
4775936,1302.694072874001,0.014921186753979136,0.18184815347194672,,,,,,,,0.015625,1.4295966625213623,0.0010518907487481299,0.0028234640409092408,0.2492215633392334
4784128,1304.6638020919927,0.012183788553307531,0.15397949516773224,0.0005352485592650114,0.00286725669724065,0.0016707099826475669,66,98.4730234540298,42.75,nan,0.015625,1.4369384050369263,0.0013917105495099393,0.002216742425147506,0.2765878736972809
4792320,1306.7360048770206,0.013706132028725632,0.16715088486671448,,,,,,,,0.015625,1.4400198459625244,0.0013692982273855294,0.002189171103819411,0.2722923457622528
4800512,1308.699454171001,0.014659330446966984,0.1793212890625,,,,,,,,0.015625,1.4530534744262695,0.0012153651361657026,0.0029661617625184444,0.36270198225975037
4808704,1310.633713253017,0.016737274799922524,0.20371094346046448,,,,,,,,0.015625,1.4525052309036255,0.0013690898529728714,0.004006456629658502,0.32239004969596863
4816896,1312.5747586289945,0.014036859128994744,0.17156982421875,0.0005279096801383831,0.0030023929498939395,0.0016750304411615403,66,98.43548807534046,42.75,nan,0.015625,1.462217092514038,0.0011751058393837056,0.0031102946568851673,0.34982505440711975
4825088,1314.6841760120005,0.012393984407421498,0.15185546875,,,,,,,,0.015625,1.4621596336364746,0.0013649497653852706,0.0030150460880730553,0.2968061864376068
4833280,1316.6645691590093,0.01490011995555672,0.17564697563648224,,,,,,,,0.015625,1.4623713493347168,0.0015137033227821007,0.002721436599812177,0.3032545745372772
4841472,1318.6595861680107,0.015411968196076776,0.17899170517921448,,,,,,,,0.015625,1.472493290901184,0.0012069643501657068,0.0020268227179445933,0.31893858313560486
4849664,1320.6340010930144,0.013027718207007167,0.15953369438648224,0.0005328674080495865,0.002962784015303066,0.001649520012702277,66,98.48661397010757,42.75,nan,0.015625,1.470158338546753,0.0011138148664693204,0.002482610602837205,0.2837965786457062
4857856,1322.7166495170095,0.01167152252885841,0.14461670815944672,,,,,,,,0.015625,1.472867727279663,0.0012261391419005618,0.002129997997672446,0.2735213041305542
4866048,1324.668827565998,0.012213078310203617,0.1561279296875,,,,,,,,0.015625,1.4727756977081299,0.0012878832863055024,0.0019890826267685217,0.37097999453544617
4874240,1326.652578750014,0.0132232933660486,0.16949462890625,,,,,,,,0.0078125,1.4207494258880615,0.0011614744260508459,0.0016698346798832712,0.2559811770915985
4882432,1328.6573827060056,0.01168304677216855,0.15040282905101776,0.0005505850064042583,0.002799051101047867,0.0015652979147711022,66,98.73507055272712,46.5,nan,0.015625,1.419943928718567,0.0011440874168662575,0.0024738555204751743,0.23218218982219696
4890624,1330.7603756680037,0.012955813104292203,0.1563720703125,,,,,,,,0.015625,1.4233564138412476,0.0012382082008964958,0.0035010606124164685,0.2643764317035675
4898816,1332.7194168060087,0.01251933846697018,0.15045166015625,,,,,,,,0.015625,1.4255048036575317,0.0009839652309602599,0.0026121498013521667,0.17651203274726868
4907008,1334.6536963150138,0.014856149822086832,0.17283935844898224,,,,,,,,0.015625,1.4323604106903076,0.001290677461892409,0.004440461822992788,0.19410209357738495
4915200,1336.657488421013,0.013068156179136975,0.15756836533546448,0.0005924652666347008,0.0034370228785154723,0.0017978225250764425,66,98.34241473277771,42.75,nan,0.015625,1.4284087419509888,0.0013003160382719316,0.0032978956231894552,0.28780871629714966
4923392,1338.7664045230194,0.013632462896052994,0.16163329780101776,,,,,,,,0.015625,1.436316967010498,0.0012934205719630555,0.002983917814059214,0.25529661774635315
4931584,1340.7392241090129,0.013635229516664793,0.16372071206569672,,,,,,,,0.015625,1.4392175674438477,0.0012457122946380906,0.0030393553705646554,0.2633938491344452
4939776,1342.687723534007,0.014617362366332083,0.18203125894069672,,,,,,,,0.015625,1.4471018314361572,0.0012820660848368859,0.0020358223111907473,0.18021617829799652
4947968,1344.6606456559966,0.01401734782533249,0.17239990830421448,0.00030808878898314074,0.0046171089274582916,0.001496100757239327,66,97.86004536096897,48.75,nan,0.015625,1.4386000633239746,0.0014168112413938672,0.0014501951595957219,0.2519817054271698
4956160,1346.7686226860096,0.014672061975323392,0.17581787705421448,,,,,,,,0.015625,1.4569334983825684,0.001317403350885138,0.0021124952453198467,0.22653375566005707
4964352,1348.7545759000059,0.014792115553839634,0.17203369736671448,,,,,,,,0.015625,1.4582093954086304,0.0013029050980450819,0.0046763225164179745,0.2061275988817215
4972544,1350.7197163590172,0.01465312011148025,0.18204346299171448,,,,,,,,0.015625,1.453567624092102,0.001158033960873739,0.0026423160247497956,0.21276047825813293
4980736,1352.7030003980035,0.013100837515476188,0.16156005859375,0.0006140931763762847,0.005077135821746681,0.0019274902062009658,66,97.02681557992423,45.0,nan,0.015625,1.4663058519363403,0.0011587585759241902,0.0027159278609593697,0.1800188571214676
4988928,1354.8162857620046,0.013716996672905463,0.16636963188648224,,,,,,,,0.015625,1.4590754508972168,0.0015536128270290718,0.0036004700452038647,0.23556223511695862
4997120,1356.7876515160024,0.011483215830429473,0.14301757514476776,0.0007088179153581509,0.0049040849485906595,0.0018226841703536834,66,97.71925860798606,45.0,nan,0.015625,1.4637258052825928,0.0014266788445607915,0.001820873225587838,0.28764382004737854
