step,wall,approx_kl,clip_frac,eval_1mU_at_best,eval_JT_end,eval_JT_min,eval_len,eval_return,eval_t_JT_min,eval_t_first_PE,frac_done,mean_reward,min_JT,pg_loss,v_loss
8192,3.663826831994811,0.009899270426693025,0.13887940347194672,,,,,,,,0.0,-0.5784890651702881,0.10792525947637456,-0.021321292640562876,66.64830780029297
16384,5.41133457198157,0.009830574798383016,0.13551025092601776,,,,,,,,0.0,-0.5170131325721741,0.1431049393840364,-0.019888251725641227,26.73518180847168
24576,6.382514973985963,0.010146063563584919,0.12895508110523224,,,,,,,,0.0078125,-0.3129887580871582,0.1817215627187252,-0.018213358217720542,14.9121675491333
32768,7.341265794006176,0.011629967505971728,0.14713135361671448,,,,,,,,0.0,-0.2291448414325714,0.13977040805401136,-0.021330172715606298,9.91467571258545
40960,8.290818968001986,0.010626576746275932,0.12449951469898224,,,,,,,,0.0,-0.17093171179294586,0.14960500281204747,-0.017071859553836718,8.11992073059082
49152,9.25831992799067,0.007793915175623448,0.08510742336511612,,,,,,,,0.0078125,0.011188996955752373,0.15863023399294368,-0.013859872663696433,7.99310302734375
57344,10.210035731986864,0.007848871708173642,0.08820801228284836,,,,,,,,0.0,-0.027195125818252563,0.1297417214678251,-0.01217303100535016,5.705719947814941
65536,11.219416176987579,0.005124109334219071,0.04946289211511612,0.0019551086037878918,0.2201897954128531,0.21478945275811676,333,218.98142022841506,31.05,nan,0.0078125,0.03020080365240574,0.19449265649241557,-0.008720544457594017,4.442260265350342
73728,13.51801135999267,0.005861315395269397,0.05820312723517418,,,,,,,,0.0,0.15264269709587097,0.17272014146044615,-0.007532322727486174,5.009214878082275
81920,14.469390166981611,0.004550439038850706,0.04191894456744194,,,,,,,,0.0,0.08752842992544174,0.14391971872444845,-0.006001783247569258,5.087146282196045
90112,15.509379516995978,0.004528744582410317,0.04373779520392418,,,,,,,,0.0078125,0.2171989530324936,0.14359162266576989,-0.0066804431102516,5.501561641693115
98304,16.712359049997758,0.004250699250568398,0.04135742411017418,,,,,,,,0.0,0.17587828636169434,0.1373352620929237,-0.0053346010908456865,4.923863410949707
106496,17.66328141000122,0.00495610582090813,0.0458984375,,,,,,,,0.0,0.12156004458665848,0.17503530932402903,-0.006862346191492209,4.320754051208496
114688,18.669494081987068,0.004500301409084459,0.04458007961511612,,,,,,,,0.0078125,0.333143025636673,0.15897005706852485,-0.004468483499853771,3.6865146160125732
122880,19.605724029999692,0.003852988953548136,0.03338623046875,,,,,,,,0.0,0.20821751654148102,0.13345071700269098,-0.005222551888907094,5.314051628112793
131072,20.56918340700213,0.004929545249639739,0.04595947265625,0.0019018636623036045,0.22009733878094856,0.21484169192677718,333,219.0961117587285,33.300000000000004,nan,0.0078125,0.26905718445777893,0.12889438693074431,-0.005697595104531895,3.3353817462921143
139264,21.554017018992454,0.0035037570350523323,0.02932128868997097,,,,,,,,0.0,0.30696332454681396,0.1729056598947174,-0.003809402497723633,3.2031288146972656
147456,22.50060661198222,0.0038285821703439703,0.03769531473517418,,,,,,,,0.0,0.24608957767486572,0.16841010282943142,-0.004351543722844003,3.87339186668396
155648,23.46784028899856,0.0036393648333017435,0.03223877027630806,,,,,,,,0.0078125,0.36630240082740784,0.1888701515242015,-0.004350034711474482,2.355401039123535
163840,24.42826250300277,0.003494415087546346,0.03105468861758709,,,,,,,,0.0,0.305561900138855,0.14193488037424848,-0.004525155274452676,3.6521401405334473
172032,25.381885112001328,0.003902639014044421,0.03854980692267418,,,,,,,,0.0078125,0.3049507737159729,0.13265937346556858,-0.004605063379004471,3.4723358154296875
180224,26.376497271005064,0.004863450369899644,0.04932861402630806,,,,,,,,0.0,0.412894070148468,0.1782337195277799,-0.006317777653660418,2.4669740200042725
188416,27.337697277980624,0.003726113366918117,0.03388671949505806,,,,,,,,0.0,0.32730966806411743,0.12049927695606145,-0.0043449716859997045,3.1660842895507812
196608,28.280170129000908,0.004332034227684119,0.04263916239142418,0.0018707659927574838,0.2220818118688,0.2147714456109789,333,218.62221652460028,49.650000000000006,nan,0.0078125,0.406058132648468,0.14563913689824617,-0.005650310839204871,2.3857321739196777
204800,29.27902899699984,0.004054251935493572,0.0369873046875,,,,,,,,0.0,0.3674054443836212,0.17318640138768848,-0.004440400475791373,2.939570426940918
212992,30.22128198298742,0.00390795344274616,0.03278808668255806,,,,,,,,0.0,0.3002755343914032,0.1488715091109483,-0.00443911220845679,3.0592079162597656
221184,31.180517212982522,0.004986117191445635,0.05002441629767418,,,,,,,,0.0078125,0.4789367914199829,0.18701848424264997,-0.005671187512531487,1.379420280456543
229376,32.24874364200514,0.0037331548128808458,0.03310547024011612,,,,,,,,0.0,0.3823412358760834,0.1752139073240256,-0.004259500829245507,3.0923383235931396
237568,33.431510258000344,0.003897177217000092,0.03538818284869194,,,,,,,,0.0078125,0.41123858094215393,0.16453380419653593,-0.0037434377081969495,2.046279191970825
245760,34.47363669000333,0.004003669703743554,0.03591308742761612,,,,,,,,0.0,0.42324864864349365,0.16296132121602383,-0.0026738610498678395,2.4844701290130615
253952,35.50950103398645,0.002794958024052015,0.0201416015625,,,,,,,,0.0,0.35410457849502563,0.12945409790597054,-0.0028696932570026474,3.6965577602386475
262144,36.538260533998255,0.004609625505997891,0.04415283352136612,0.0021468165917352122,0.21648948604598747,0.21486630955467062,333,218.5869448941974,28.650000000000002,nan,0.0078125,0.4852645993232727,0.16416731508310795,-0.005780632665111416,1.2699493169784546
270336,37.52281687699724,0.003913794948454819,0.03840332105755806,,,,,,,,0.0,0.4329504370689392,0.1688959463482575,-0.0034905544003317832,2.6631979942321777
278528,38.505912430002354,0.003492501578683466,0.03084716759622097,,,,,,,,0.0078125,0.415771484375,0.16884532436204897,-0.004147166569124878,2.726379156112671
286720,39.456029071996454,0.004855899087308354,0.05012207105755806,,,,,,,,0.0,0.5205826163291931,0.17542937507559747,-0.0048592506616587094,1.0006427764892578
294912,40.39115700099501,0.0032263798060172253,0.02602539025247097,,,,,,,,0.0,0.4145331084728241,0.15512634692248012,-0.002640339498219218,2.268752098083496
303104,41.35402207498555,0.003942715094259757,0.03664550930261612,,,,,,,,0.0078125,0.49233943223953247,0.15908785105268364,-0.004442344577429816,1.0742124319076538
311296,42.300806688988814,0.003695929702282042,0.03281250223517418,,,,,,,,0.0,0.5005694627761841,0.16839470434249235,-0.002498201732801275,1.3633625507354736
319488,43.29885090800235,0.003202802394771125,0.02763671986758709,,,,,,,,0.0,0.4238206446170807,0.13853189295132798,-0.0024264717714552794,2.628952741622925
327680,44.25172262999695,0.00405122716552551,0.0369873046875,0.002122350653552707,0.22013228733080922,0.2149748583296794,333,218.7846578737875,27.450000000000003,nan,0.0078125,0.5629879236221313,0.17098585746802697,-0.0031683827164416716,0.6219229698181152
335872,45.24383392400341,0.0040844198370241615,0.04364013671875,,,,,,,,0.0,0.4904724955558777,0.12623618377934523,-0.0036600785812794415,1.751909613609314
344064,46.208530946983956,0.0044449666426282205,0.04536132887005806,,,,,,,,0.0078125,0.49282732605934143,0.13279424838770856,-0.0034600105704799024,1.7841538190841675
352256,47.158612700004596,0.004759131217691754,0.05059814453125,,,,,,,,0.0,0.5260223150253296,0.19246311711038183,-0.004766632222339086,0.9631127715110779
360448,48.100849391979864,0.003940888085694602,0.04006347805261612,,,,,,,,0.0,0.45635634660720825,0.18171885698059637,-0.0035892965796819054,2.491236448287964
368640,49.04843819400412,0.0044563427670095265,0.04302978515625,,,,,,,,0.0078125,0.548276960849762,0.18457903599031583,-0.0032963516150415193,0.570672333240509
376832,49.989075082005,0.00400049733160266,0.03730468824505806,,,,,,,,0.0,0.5231876969337463,0.1700126009103989,-0.003349713014271509,1.3545410633087158
385024,50.941662641998846,0.004751006442443086,0.04935302957892418,,,,,,,,0.0078125,0.5017386078834534,0.1365805485891817,-0.00461226186480191,1.936784029006958
393216,51.88773623597808,0.006752977638642816,0.07683105766773224,0.0022290937621904927,0.22100298445482633,0.21498400733576495,333,218.71244240388546,36.75,nan,0.0,0.5676671862602234,0.19676063575904562,-0.006392327872013293,0.6498121619224548
401408,52.88052498199977,0.0033608386481204042,0.02930908277630806,,,,,,,,0.0,0.4911264479160309,0.177892561746383,-0.0019163019006333652,1.8309296369552612
409600,53.84732328998507,0.0036132003045498393,0.03248291090130806,,,,,,,,0.0078125,0.5451843738555908,0.17890560795222804,-0.002632893343747356,0.8573309183120728
417792,54.79924741899595,0.004435194863265675,0.04567871242761612,,,,,,,,0.0,0.5430014729499817,0.1833660429712459,-0.0033009520413509797,0.8820866942405701
425984,55.75581616000272,0.0038870479878106838,0.03732910379767418,,,,,,,,0.0,0.4778205454349518,0.1806621739596513,-0.003516908063018945,1.6800554990768433
434176,56.76236311899265,0.004792886282264914,0.04864501953125,,,,,,,,0.0078125,0.5917150378227234,0.190998513643062,-0.002820660438369927,0.23028066754341125
442368,57.6986043509969,0.003355457628692184,0.02834472618997097,,,,,,,,0.0,0.5275028347969055,0.14517485929724017,-0.002356248081185232,1.2948496341705322
450560,58.66532282400294,0.004034094320095465,0.04173583909869194,,,,,,,,0.0078125,0.5342044830322266,0.169782650910351,-0.0035084595101600655,1.3669918775558472
458752,59.61052782597835,0.0038458726864449263,0.0345458984375,0.0023971451785271825,0.2201838958898788,0.21511149675118973,333,218.51686940854304,15.75,nan,0.0,0.5691371560096741,0.18320821933695774,-0.002662760110535604,0.6804978847503662
466944,60.602150760998484,0.0037063427169753598,0.03363037109375,,,,,,,,0.0,0.5036984086036682,0.16031327116184566,-0.002266086126011723,1.3202065229415894
475136,61.54681512399111,0.004432313824018603,0.04609375074505806,,,,,,,,0.0078125,0.5804404616355896,0.16750234676267434,-0.00331944752978125,0.41533300280570984
483328,62.48267903298256,0.003746753927439133,0.03713379055261612,,,,,,,,0.0,0.5556602478027344,0.19122311078917362,-0.002808477633031544,0.8378516435623169
491520,63.439108342980035,0.003649665184971001,0.0333251953125,,,,,,,,0.0078125,0.5252626538276672,0.19719351378960465,-0.002564933109070969,1.1645704507827759
499712,64.39919690199895,0.00472264577690983,0.05217285081744194,,,,,,,,0.0,0.5962167382240295,0.195964559676997,-0.0036786474385249687,0.3429478108882904
507904,65.32364427598077,0.004257668295942626,0.04544677957892418,,,,,,,,0.0,0.524453341960907,0.1782953408866262,-0.0029102771326967956,1.1044495105743408
516096,66.34117232699646,0.004048191221707793,0.03978271409869194,,,,,,,,0.0078125,0.5674086809158325,0.1861835543023879,-0.0033766515435148213,0.6508433222770691
524288,67.28873055099393,0.00534991270655801,0.06124267727136612,0.0015739942277059882,0.21869810640758353,0.2149557933019517,333,218.75839763564102,33.300000000000004,nan,0.0,0.5828952193260193,0.19247714277517444,-0.004541348852382796,0.45985689759254456
532480,68.2993576709996,0.003351407966109639,0.02828369103372097,,,,,,,,0.0,0.5312833786010742,0.17754288261975879,-0.002254962336310901,1.1332666873931885
540672,69.2625691209978,0.005629187658798125,0.06364746391773224,,,,,,,,0.0078125,0.6102351546287537,0.1936576428472852,-0.00360289683251358,0.15566417574882507
548864,70.19894057099009,0.004858713001873395,0.0521240234375,,,,,,,,0.0,0.5521771907806396,0.17714570201704868,-0.003856047425477776,1.0584927797317505
557056,71.15282845398178,0.004310058050511895,0.04204101487994194,,,,,,,,0.0078125,0.5642621517181396,0.1764484363116178,-0.0027018229953561144,0.9604343771934509
565248,72.0945271049859,0.004529397029426033,0.04803466796875,,,,,,,,0.0,0.5926679968833923,0.20079947315037533,-0.0033501136630281515,0.3192269206047058
573440,73.04039329299121,0.004221693273829918,0.04156494140625,,,,,,,,0.0,0.5345742702484131,0.18962194872631027,-0.003421473549041959,1.0258409976959229
581632,73.98417494198657,0.003651206190023701,0.03261718899011612,,,,,,,,0.0078125,0.5993559956550598,0.1912757301110543,-0.0019640724703278534,0.3024490773677826
589824,74.93780974898254,0.0038915837252715317,0.03754882887005806,0.0017681708688831455,0.2205008107049189,0.21495660730880756,333,218.67054736628913,33.300000000000004,nan,0.0,0.5748173594474792,0.1925622851389702,-0.002782191332475136,0.5106671452522278
598016,75.94137850799598,0.0036941560806432725,0.03518066555261612,,,,,,,,0.0078125,0.5535123348236084,0.1961678362347994,-0.003438622470423024,1.0491591691970825
606208,76.87991263298318,0.0053968029848549095,0.06020507961511612,,,,,,,,0.0,0.6111007928848267,0.203550486163125,-0.003507728292259586,0.17686371505260468
614400,77.81805019298918,0.003988336250772033,0.03940429911017418,,,,,,,,0.0,0.5665298104286194,0.18783363127280484,-0.0021462156870236393,0.6152331233024597
622592,78.75934524298646,0.003876105791598772,0.03569335862994194,,,,,,,,0.0078125,0.5922446250915527,0.17362169579354308,-0.0022311916984616878,0.3464679718017578
630784,79.69358646200271,0.003962021940225615,0.03868408128619194,,,,,,,,0.0,0.5951086282730103,0.19628726685295503,-0.0016016827127480968,0.3615953326225281
638976,80.65062079200288,0.003983884656143126,0.04019775614142418,,,,,,,,0.0,0.5521492958068848,0.18876439293974695,-0.0028305588923205,0.7217990159988403
647168,81.61112725597923,0.004789001315924119,0.050537109375,,,,,,,,0.0078125,0.6190573573112488,0.19867650612487675,-0.0029647697457446465,0.11591537296772003
655360,82.53110166298575,0.004251201244988601,0.04373779520392418,0.0019932231810103618,0.21651189392322237,0.2149618472673279,333,218.85335958077934,36.75,nan,0.0,0.5806673169136047,0.19345184437854904,-0.003269534607269831,0.6652596592903137
663552,83.61543056898518,0.003946789265594781,0.03826904296875,,,,,,,,0.0078125,0.5795987248420715,0.18832919766503103,-0.0029905749582872024,0.5859905481338501
671744,84.77343927999027,0.004904051178650182,0.0516357421875,,,,,,,,0.0,0.6017599701881409,0.1983724807711098,-0.0033142871386148687,0.27423733472824097
679936,85.81668488000287,0.004164562763240211,0.04176025465130806,,,,,,,,0.0,0.5647554397583008,0.19069357389275576,-0.0026048963615091843,0.6833653450012207
688128,86.77317593499902,0.004295560108211452,0.04445800930261612,,,,,,,,0.0078125,0.6099575161933899,0.19500038149316795,-0.003139983593491839,0.21279068291187286
696320,87.83148938498925,0.004177257518919554,0.0418701171875,,,,,,,,0.0,0.5893797874450684,0.19544299467121706,-0.0027031695949828365,0.41478028893470764
704512,88.77500618199701,0.0038512386116457786,0.03782958909869194,,,,,,,,0.0078125,0.565661609172821,0.18450305347855395,-0.0033138643722227857,0.7720205187797546
712704,89.7306381999806,0.004997026052983777,0.05419921875,,,,,,,,0.0,0.6218280792236328,0.20118182173541074,-0.0038088377674399573,0.12858407199382782
720896,90.6699600709835,0.004690214870307609,0.04548339918255806,0.0016497322848377793,0.21642036991022126,0.21497818476711736,333,218.92689881532428,39.150000000000006,nan,0.0,0.574151873588562,0.19607439810467553,-0.003734478046118853,0.4650237262248993
729088,91.70506777998526,0.005228249882105142,0.05936279520392418,,,,,,,,0.0078125,0.5978502631187439,0.1916702321915865,-0.003294315036993803,0.2729039192199707
737280,92.64758273298503,0.004420422119421522,0.04627685621380806,,,,,,,,0.0,0.6013746857643127,0.20339123405762255,-0.003296752671606215,0.2834455966949463
745472,93.60110010500648,0.0038682276547121128,0.03690185770392418,,,,,,,,0.0,0.5558550357818604,0.17957103708705674,-0.0032805666071253053,0.7621762156486511
753664,94.54623376898235,0.004807373383742349,0.04855957254767418,,,,,,,,0.0078125,0.6236326694488525,0.19179530733177538,-0.002374844681707762,0.07153405249118805
761856,95.48755645999336,0.004653878599831228,0.05108642578125,,,,,,,,0.0,0.5902388095855713,0.19448602560655828,-0.0029390035443731103,0.34031522274017334
770048,96.57471216798876,0.0037241922853044856,0.03341064602136612,,,,,,,,0.0078125,0.5945348739624023,0.18389775856621582,-0.002721893949524488,0.36814284324645996
778240,97.5015223090013,0.004093148260511159,0.04226074367761612,,,,,,,,0.0,0.6151578426361084,0.20058419637184924,-0.0023975138970465035,0.15334577858448029
786432,98.34798520497861,0.0035098952965434264,0.03099365346133709,0.0018240445664237104,0.21771821025403165,0.21503667234346424,333,218.86964474680195,15.9,nan,0.0,0.5808712840080261,0.19686942936256774,-0.002325906874400535,0.5313431024551392
794624,99.25708649700391,0.004244529502365826,0.04252929612994194,,,,,,,,0.0078125,0.6126823425292969,0.1989498988917283,-0.0019199116618177983,0.1646147072315216
802816,100.0943098779826,0.0031565690453954146,0.02755126915872097,,,,,,,,0.0,0.5984048843383789,0.20157988779535976,-0.001047545551479747,0.28629323840141296
811008,100.93648651099647,0.004663535264714275,0.04731445387005806,,,,,,,,0.0078125,0.5734003186225891,0.1934455627315493,-0.0034018506638127336,0.6910330653190613
819200,101.79723731399281,0.004747322592063707,0.05025634914636612,,,,,,,,0.0,0.6308321356773376,0.20503813569777915,-0.0032950125548461156,0.11075098812580109
827392,102.64892767198035,0.003938375901623055,0.03861084207892418,,,,,,,,0.0,0.5855705142021179,0.2006460763056738,-0.0027445467382147697,0.43719300627708435
835584,103.51670215599006,0.005064049180137964,0.05902099609375,,,,,,,,0.0078125,0.6012251973152161,0.1955524356901282,-0.0033024752195180626,0.34482523798942566
843776,104.35635820199968,0.0043685636327115,0.0467529296875,,,,,,,,0.0,0.6148022413253784,0.20029020089050067,-0.0020145303285838303,0.18171122670173645
851968,105.2200044140045,0.0029961518067499523,0.02210693433880806,0.0014785443387579367,0.21691799124735645,0.21492389325670005,333,219.0854650603549,45.0,nan,0.0,0.5755285620689392,0.2009657101919587,-0.0014449769160580232,0.554183840751648
860160,106.13161747599952,0.0059079642231623175,0.06931152194738388,,,,,,,,0.0078125,0.62949138879776,0.20804493015740239,-0.004843778806993555,0.06577078998088837
868352,106.96757167100441,0.0032924031140218915,0.02863769605755806,,,,,,,,0.0,0.6033645868301392,0.1974511991387272,-0.0014596410690822642,0.2265707105398178
876544,107.82834950098186,0.0038056563624384422,0.03465576097369194,,,,,,,,0.0078125,0.6001651287078857,0.18306021828981361,-0.0014481330422896563,0.3341760039329529
884736,108.67633497397765,0.004429044790478466,0.04624023661017418,,,,,,,,0.0,0.6290284991264343,0.2037574743338412,-0.00297759014300172,0.08689247816801071
892928,109.52707844699034,0.004266732539939207,0.04324951395392418,,,,,,,,0.0,0.5960625410079956,0.1878167635966148,-0.0019029128832608812,0.3454046845436096
901120,110.38352213200415,0.004602714630061022,0.04768066480755806,,,,,,,,0.0078125,0.6218472719192505,0.19958431934372967,-0.003455856131927737,0.11356456577777863
909312,111.22754181499477,0.0047387598413008245,0.05072021484375,,,,,,,,0.0,0.611231803894043,0.19835689763726766,-0.003239308239855747,0.14007829129695892
917504,112.08666484899004,0.004280181653496729,0.0457763671875,0.002077432658986189,0.21994975641851683,0.21511007456574646,333,218.88967868189224,19.35,nan,0.0078125,0.5916187763214111,0.19941456784677575,-0.003247658172401977,0.47134360671043396
925696,112.996283415996,0.005023093388994851,0.05289306864142418,,,,,,,,0.0,0.634929358959198,0.2022398612821751,-0.0020525987736435417,0.06833546608686447
933888,113.8399767279916,0.004277902170228968,0.04466552659869194,,,,,,,,0.0,0.6022857427597046,0.2034661522363414,-0.002510834556282282,0.39483019709587097
942080,114.70899788298993,0.004518922519762672,0.04534912109375,,,,,,,,0.0078125,0.6128105521202087,0.20028576808351972,-0.0028073764015462375,0.27054476737976074
950272,115.55266683199443,0.004273617691308489,0.04290771484375,,,,,,,,0.0,0.6173637509346008,0.19930697126079902,-0.0016864429053862632,0.14011609554290771
958464,116.39879664999899,0.003923980167094193,0.03551025316119194,,,,,,,,0.0,0.5907652378082275,0.19560821225210884,-0.002755661853965545,0.35792991518974304
966656,117.24643518897938,0.005330070031579908,0.05948486551642418,,,,,,,,0.0078125,0.630865752696991,0.20018819600943752,-0.003758783242444139,0.06441853195428848
974848,118.09038466899074,0.0038555218119729812,0.03580322489142418,,,,,,,,0.0,0.5963147282600403,0.1971858279305827,-0.00235412341158074,0.2738237977027893
983040,118.92853238098905,0.004995333366246881,0.05628662183880806,0.0024258872116855734,0.2192526859887058,0.21506496021035154,333,218.88221025908214,44.85,nan,0.0078125,0.5960000157356262,0.1946841887481497,-0.0035834697034741376,0.3777310848236084
991232,119.84488364798017,0.005065719134639668,0.05224609375,,,,,,,,0.0,0.6260276436805725,0.20370869049107462,-0.00257748992825455,0.07380802929401398
999424,120.70496712598833,0.004474335179830817,0.04533691331744194,,,,,,,,0.0,0.5998395681381226,0.2017324799861036,-0.0030751629189587717,0.2487569898366928
1007616,121.55270229798043,0.003926635049324019,0.03917236253619194,,,,,,,,0.0078125,0.6282269358634949,0.20296742970789006,-0.0021587225288163046,0.11901416629552841
1015808,122.40005566398031,0.0037641456952445134,0.03419189527630806,,,,,,,,0.0,0.6183536052703857,0.2063526236053636,-0.0015863363055487658,0.1440998762845993
1024000,123.24313813500339,0.004409320421667666,0.04383544996380806,,,,,,,,0.0078125,0.6005459427833557,0.19450960548212115,-0.003084477878748407,0.35905227065086365
1032192,124.12588844899437,0.005095212715921676,0.055908203125,,,,,,,,0.0,0.6412670612335205,0.20545629898031081,-0.0033817274215854846,0.0308428555727005
1040384,124.94315798199386,0.0047603351639900725,0.05136718973517418,,,,,,,,0.0,0.61423659324646,0.20455880629532594,-0.003548289398869016,0.1671450138092041
1048576,125.80477842499386,0.00511227393593873,0.05797119066119194,0.0016773400355767354,0.22061792096426153,0.2150069890474296,333,218.93789026597105,33.300000000000004,nan,0.0078125,0.6191504597663879,0.20358470379816337,-0.003950485771555179,0.15695221722126007
1056768,126.76909809600329,0.004855251599613854,0.05230712890625,,,,,,,,0.0,0.6273444294929504,0.20321684133253287,-0.002597988934872064,0.0890396386384964
1064960,127.6086885209952,0.004658882083212297,0.05043945461511612,,,,,,,,0.0,0.5995144248008728,0.19405263963923036,-0.00445465820430752,0.3163178563117981
1073152,128.45001114098704,0.004228695882220127,0.04324951395392418,,,,,,,,0.0078125,0.637506365776062,0.1982836725264764,-0.0026167565897536925,0.03328779339790344
1081344,129.27238938197843,0.004169748564314547,0.04145507887005806,,,,,,,,0.0,0.6123488545417786,0.2079275848642339,-0.0029082300524125642,0.16199786961078644
1089536,130.11329776598723,0.004844000132778945,0.05167236551642418,,,,,,,,0.0078125,0.611624002456665,0.19853946555630783,-0.003304373199350988,0.2560751140117645
1097728,130.95178758198745,0.004739433082131374,0.0498046875,,,,,,,,0.0,0.6376549601554871,0.20690551534277604,-0.0024157797547746003,0.05026507377624512
1105920,131.78221318198484,0.004092917360767478,0.03803711012005806,,,,,,,,0.0,0.6119664907455444,0.20169037965087164,-0.0018011666724291897,0.18338452279567719
1114112,132.6258186030027,0.00482757842324928,0.05216064676642418,0.0018214312320612436,0.21999704496272882,0.2150532866051774,333,218.9477846237329,37.95,nan,0.0078125,0.6332327127456665,0.19960831067736762,-0.0029875928713784775,0.06874901056289673
1122304,133.530419778981,0.004821690435568063,0.05401611328125,,,,,,,,0.0,0.6280331015586853,0.2052831217055368,-0.0032874758686290712,0.08500748127698898
1130496,134.3826302389789,0.0031336777445194093,0.02567138709127903,,,,,,,,0.0078125,0.6084533929824829,0.20528196552904396,-0.0013535960395917718,0.21002908051013947
1138688,135.2465574219823,0.00554896637103601,0.06256103515625,,,,,,,,0.0,0.643821656703949,0.21036957129816894,-0.003676160443452302,0.014581473544239998
1146880,136.08828241200536,0.003999481138082172,0.03870849683880806,,,,,,,,0.0,0.6247312426567078,0.20557692158952343,-0.0016920858073387651,0.10355546325445175
1155072,136.94075619798969,0.0048854051766467396,0.05063476786017418,,,,,,,,0.0078125,0.6271593570709229,0.198212721593339,-0.0022553477088955672,0.14593929052352905
1163264,137.77718308198382,0.005042596399784011,0.05611572414636612,,,,,,,,0.0,0.6340065598487854,0.20552242799446688,-0.002705731872614783,0.05481487140059471
1171456,138.616085362999,0.004959945274467731,0.05098877102136612,,,,,,,,0.0,0.6152294278144836,0.19616189233336773,-0.0034455530867605597,0.178446963429451
1179648,139.4605297719827,0.004085955834777079,0.04166259989142418,0.00133456474736382,0.21992713376847708,0.21505117049781836,333,218.98968479656577,45.0,nan,0.0078125,0.6416681408882141,0.19631832644205233,-0.002637476314797625,0.025347042828798294
1187840,140.35598575600307,0.0048519484272653655,0.05126953125,,,,,,,,0.0,0.6285341382026672,0.20330799829064702,-0.0027920692481774537,0.08058618009090424
1196032,141.20884569297777,0.0047104104106409726,0.04985351487994194,,,,,,,,0.0078125,0.621810257434845,0.20204699867193932,-0.003342311263566167,0.12319429963827133
1204224,142.0552566080005,0.005278619434388865,0.05911865457892418,,,,,,,,0.0,0.6394026279449463,0.20459375128495388,-0.0023106125984056216,0.03463335707783699
1212416,142.89214143599384,0.005073532800751806,0.05971679836511612,,,,,,,,0.0,0.6137446165084839,0.2024373949192014,-0.002819024708131255,0.15550775825977325
1220608,143.743916995998,0.0047684192125463905,0.05113525316119194,,,,,,,,0.0078125,0.6331802606582642,0.20171561516658865,-0.004184086434227822,0.08208232372999191
1228800,144.58462164798402,0.004260309204331639,0.04299316555261612,,,,,,,,0.0,0.6322126984596252,0.20640426668358045,-0.002076843673190505,0.06795702129602432
1236992,145.42871971198474,0.0038666849656351326,0.03681640699505806,,,,,,,,0.0078125,0.6152257919311523,0.20271801261500352,-0.0018651565507553502,0.144407257437706
1245184,146.277382011991,0.004814634052043326,0.05330810695886612,0.0013497219749685208,0.21801828976536738,0.215087812062017,333,219.14829024434184,40.35,nan,0.0,0.6440980434417725,0.20780333531440864,-0.0015359109983678998,0.023602766916155815
1253376,147.1688001419825,0.003928750550533377,0.03691406175494194,,,,,,,,0.0,0.6249849796295166,0.2067283203471144,-0.002196486825356359,0.12431390583515167
1261568,148.03205856200657,0.004495645619686417,0.04755859449505806,,,,,,,,0.0078125,0.6320106983184814,0.20180545028868369,-0.002391183657633412,0.08478958904743195
1269760,148.86304611997912,0.005119129374975493,0.05517578125,,,,,,,,0.0,0.6409416198730469,0.20495308213922833,-0.002692638805460916,0.02720150724053383
1277952,149.71321671199985,0.0038713431592026348,0.03769531473517418,,,,,,,,0.0,0.6232982277870178,0.20144906977108118,-0.0014493006988697697,0.1521264612674713
1286144,150.56443447698257,0.004386244442599318,0.0482177734375,,,,,,,,0.0078125,0.6451717615127563,0.2046557663761178,-0.0031922326780632233,0.016504062339663506
1294336,151.40038356898003,0.004457945794273493,0.04420166090130806,,,,,,,,0.0,0.6308488845825195,0.20681919960623324,-0.0035551760564700914,0.07277031987905502
1302528,152.24080103400047,0.004684609064737478,0.05081787332892418,,,,,,,,0.0078125,0.6274399757385254,0.20083143363991032,-0.0021812480992037214,0.10759617388248444
1310720,153.0826076719968,0.004952878972999369,0.05035400390625,0.001557713369869984,0.2208335773290789,0.21501121591314293,333,219.17341465652862,49.650000000000006,nan,0.0,0.6411316394805908,0.20819612885626354,-0.0020944922790637264,0.0357804074883461
1318912,153.996612671006,0.003703228497579711,0.03465576097369194,,,,,,,,0.0,0.6184676289558411,0.1979386354721871,-0.0015888606374741135,0.19481423497200012
1327104,154.8619285209861,0.004391807586835147,0.0428466796875,,,,,,,,0.0078125,0.6380438208580017,0.2019939531841088,-0.0021239654029457317,0.06434302777051926
1335296,155.70355350797763,0.005441654803601505,0.06209716945886612,,,,,,,,0.0,0.6398638486862183,0.20746258292765413,-0.0036809054712846467,0.03404552489519119
1343488,156.54052450400195,0.005484532261802041,0.0633544921875,,,,,,,,0.0078125,0.6253064274787903,0.2039667756143148,-0.0027469681514040237,0.1611918956041336
1351680,157.4555697540054,0.004818572089707753,0.05052490159869194,,,,,,,,0.0,0.6479580402374268,0.20926694749380048,-0.001981557239194943,0.010983370244503021
1359872,158.2977605649794,0.004800402915476199,0.05079345777630806,,,,,,,,0.0,0.6353186368942261,0.20681859495298388,-0.0027015522163545466,0.056183602660894394
1368064,159.16619236799306,0.004589651284199736,0.04788818582892418,,,,,,,,0.0078125,0.637758731842041,0.2030640532561653,-0.0024596616631820823,0.0607164166867733
1376256,160.01322338200407,0.005415352835681558,0.05856933817267418,0.0014749809956360327,0.220941474931634,0.21509316812889856,333,219.16072995378568,27.150000000000002,nan,0.0,0.6420404314994812,0.20753926311219248,-0.0030897441708883874,0.03975340351462364
1384448,160.91709835399524,0.0057040449256949574,0.06674804538488388,,,,,,,,0.0,0.6244577169418335,0.20275033932016995,-0.004608579135633814,0.13922114670276642
1392640,161.7747124339803,0.005431201920205026,0.06130371242761612,,,,,,,,0.0078125,0.6456335186958313,0.20665040263351248,-0.0039620684373106166,0.014935038052499294
1400832,162.60480267100502,0.0039851591311683855,0.03688964992761612,,,,,,,,0.0,0.6365885138511658,0.20588236884029504,-0.0017450507917254104,0.05508704110980034
1409024,163.45284554499085,0.004699586293812266,0.05195312574505806,,,,,,,,0.0078125,0.6333054900169373,0.2059254279591888,-0.002057323815648718,0.07461104542016983
1417216,164.2918281479797,0.0054583160352977556,0.0643310546875,,,,,,,,0.0,0.6443759202957153,0.20880868270438904,-0.002824651674479246,0.023675763979554176
1425408,165.12577162499656,0.004255622785274236,0.0421142578125,,,,,,,,0.0,0.6298068761825562,0.20478084030126875,-0.0023822683104548145,0.08230797946453094
1433600,165.97246928600362,0.004997419598158099,0.05625000223517418,,,,,,,,0.0078125,0.6413527131080627,0.2008812158944266,-0.003063039360993849,0.038312219083309174
1441792,166.79242779198103,0.005387170679458523,0.06124267727136612,0.0019644601501305203,0.22096708371372978,0.21514616122953742,333,219.0955258105359,42.6,nan,0.0,0.6399459838867188,0.20821141394064074,-0.0027653354775773117,0.03731424733996391
1449984,167.71393409799202,0.00356477163725715,0.03245849534869194,,,,,,,,0.0078125,0.6275200843811035,0.2046883326613545,-0.0010074875812355487,0.0930083692073822
1458176,168.5488165069837,0.005346130856273893,0.05930176004767418,,,,,,,,0.0,0.6488677859306335,0.21162191135230982,-0.0017028239976407103,0.009591939859092236
1466368,169.37745912498212,0.004256503491975644,0.04274902492761612,,,,,,,,0.0,0.6351242065429688,0.2082681609575093,-0.001397359281562599,0.05638331174850464
1474560,170.2131043089903,0.004574041659302363,0.04842529445886612,,,,,,,,0.0078125,0.6357142925262451,0.20221150745319147,-0.002262268403473478,0.054743021726608276
1482752,171.05567240397795,0.005448610066192393,0.0631103515625,,,,,,,,0.0,0.6442334055900574,0.20935953091484386,-0.003665831721717475,0.014969447627663612
1490944,171.8899380209914,0.004292731905126458,0.04381103441119194,,,,,,,,0.0,0.6309489011764526,0.20394860187259786,-0.0020378148807659964,0.0664198026061058
1499136,172.75480659198365,0.005656656279133034,0.06629639118909836,,,,,,,,0.0078125,0.6471457481384277,0.20357473831875175,-0.0026888394972214187,0.016896462067961693
1507328,173.56886254798155,0.005592144053339312,0.06740722805261612,0.0016029335667547828,0.2184247087314589,0.2151036812700126,333,218.9052909560913,31.8,nan,0.0,0.6368772387504578,0.20565117135926392,-0.00312312839502007,0.05166732147336006
1515520,174.48383566198754,0.004803875897096972,0.05341796949505806,,,,,,,,0.0078125,0.633512020111084,0.20365852705233273,-0.0019679327378477776,0.08256032317876816
1523712,175.33516228297958,0.004560242150233612,0.0489501953125,,,,,,,,0.0,0.6468721628189087,0.20966570611170518,-0.0015926394078539755,0.016061125323176384
1531904,176.17129660199862,0.005550836919825678,0.0623779296875,,,,,,,,0.0,0.6360278129577637,0.20608167603655408,-0.003385654698333035,0.054948773235082626
1540096,177.01666235999437,0.004575569372927377,0.04842529445886612,,,,,,,,0.0078125,0.643060028553009,0.20947978810995785,-0.002181058897666509,0.027533844113349915
1548288,177.83451002900256,0.0038399447620363577,0.03804931789636612,,,,,,,,0.0,0.6403548717498779,0.2086532301548624,-0.0012068911392313097,0.04786546155810356
1556480,178.66860152900335,0.004634703613583826,0.04857177659869194,,,,,,,,0.0078125,0.62736576795578,0.20725077032775768,-0.0009630004752112006,0.09870580583810806
1564672,179.5079772589961,0.005319174032816684,0.05812988430261612,,,,,,,,0.0,0.6494663953781128,0.2094014242342522,-0.0027641061698551288,0.012087042443454266
1572864,180.33019068898284,0.004208387124651116,0.04008788987994194,0.0013356089672217353,0.21944509056808878,0.2150876784059228,333,218.83793851949605,49.650000000000006,nan,0.0,0.6400514245033264,0.20749081226158714,-0.0014544119801152614,0.0382004976272583
1581056,181.2441310749855,0.004974104753839904,0.0560302734375,,,,,,,,0.0078125,0.6430205702781677,0.20389423505722798,-0.0021065255158583024,0.04046706482768059
1589248,182.08168034499977,0.005346727090052285,0.06195068359375,,,,,,,,0.0,0.6459192633628845,0.2052612498014421,-0.0036314479242804455,0.01664816401898861
1597440,182.92199949000496,0.0050993468844721945,0.05666504055261612,,,,,,,,0.0,0.634756326675415,0.2085494729807768,-0.001989691255913432,0.05971837043762207
1605632,183.76452324999264,0.005264839880024533,0.05828857421875,,,,,,,,0.0078125,0.6480901837348938,0.20871465382929427,-0.0014660241719553215,0.012815368361771107
1613824,184.605294109002,0.004390595008150366,0.04304199293255806,,,,,,,,0.0,0.6396554708480835,0.2048175219158741,-0.0020600776280708852,0.053221769630908966
1622016,185.45561334700324,0.004664453864903287,0.04912109300494194,,,,,,,,0.0078125,0.6357637643814087,0.20437110278578854,-0.0018506699994472798,0.09097780287265778
1630208,186.29323147400282,0.006383248647750731,0.079833984375,,,,,,,,0.0,0.649034857749939,0.20961898187711597,-0.0042982216592763875,0.007841480895876884
1638400,187.1298581409792,0.004327922744200928,0.04250488430261612,0.0014887718236490377,0.21916082422030603,0.21508421645804865,333,218.92318123882393,22.5,nan,0.0,0.6365010738372803,0.20950360990992195,-0.0014821546053372069,0.03089281916618347
1646592,188.16177638497902,0.005243994089331579,0.05848388746380806,,,,,,,,0.0078125,0.6450680494308472,0.20811079617106204,-0.002642753713727991,0.01979699730873108
1654784,188.99247364597977,0.004579921387417556,0.04780273512005806,,,,,,,,0.0,0.6439037322998047,0.2085307775489771,-0.0022347602398366407,0.02098364755511284
1662976,189.83079474998522,0.0042491534707639516,0.04238281399011612,,,,,,,,0.0078125,0.636581301689148,0.20679143410038417,-0.0018402668600634533,0.07164347916841507
1671168,190.67064398698858,0.004853598020140812,0.05339355394244194,,,,,,,,0.0,0.6502587795257568,0.21111442175540573,-0.001943541584462396,0.005759177263826132
1679360,191.5093823269999,0.005420137077050888,0.06090087816119194,,,,,,,,0.0,0.6429670453071594,0.20902466740918188,-0.0024682335246419196,0.022340072318911552
1687552,192.36153020599158,0.0044333426808593505,0.04466552659869194,,,,,,,,0.0078125,0.6440698504447937,0.20823347171746093,-0.0011806660686910532,0.025740891695022583
1695744,193.19423009699676,0.004196687948374696,0.03829345852136612,,,,,,,,0.0,0.6483714580535889,0.20777554149304742,-0.0016904585988581052,0.01085579302161932
1703936,194.02241940799286,0.0043384469671834645,0.0426025390625,0.002365893595443813,0.21954964185369322,0.21511426817174545,333,218.93591563402998,40.2,nan,0.0,0.638135552406311,0.2034767191374866,-0.0024939652206982313,0.04178950935602188
1712128,194.9446825219784,0.005175298366710071,0.05904541164636612,,,,,,,,0.0078125,0.6492332220077515,0.207257432987427,-0.0024371368470702606,0.009992964565753937
1720320,195.77781679399777,0.00435686695991747,0.04514160379767418,,,,,,,,0.0,0.6428665518760681,0.20903649080208475,-0.0020385822989620016,0.025456422939896584
1728512,196.63664488799986,0.004306775889265243,0.04353027418255806,,,,,,,,0.0078125,0.6400854587554932,0.2075005489467474,-0.0013813753617824072,0.047441598027944565
1736704,197.4851705909823,0.004779300294309063,0.05235595628619194,,,,,,,,0.0,0.6503211259841919,0.21039128960095616,-0.0016989451845207922,0.008386293426156044
1744896,198.33084351799334,0.005018094873472131,0.05640869215130806,,,,,,,,0.0,0.6393567323684692,0.20714436201334316,-0.0026719194319636055,0.045224931091070175
1753088,199.17937396699563,0.005717799302705078,0.06757812947034836,,,,,,,,0.0078125,0.6460527777671814,0.2078779008845356,-0.0032879781082119208,0.022719351574778557
1761280,200.00997072798782,0.004656682830678278,0.04826660081744194,,,,,,,,0.0,0.6440274715423584,0.21061705068494097,-0.0020822820735783196,0.020837565883994102
1769472,200.85090199499973,0.0047698400675583045,0.05198974534869194,0.0013054443427163998,0.2194200970357508,0.21510972623119637,333,218.96711322587566,45.0,nan,0.0078125,0.636526882648468,0.20799143506125364,-0.0019738113655044186,0.05051548406481743
1777664,201.7718736679817,0.00547463093844286,0.06182861328125,,,,,,,,0.0,0.651807963848114,0.21104774317609015,-0.0026962443665047315,0.005994416307657957
1785856,202.58859069398022,0.004422100595167113,0.04576415941119194,,,,,,,,0.0,0.642256498336792,0.20952307739275064,-0.0022144268877695846,0.028424734249711037
1794048,203.44038386299508,0.0046807012470118205,0.05021972581744194,,,,,,,,0.0078125,0.6427809596061707,0.20878409925223917,-0.0020879385815480013,0.03420202434062958
1802240,204.26783777799574,0.005205774933940273,0.05915527418255806,,,,,,,,0.0,0.6503959894180298,0.20965043902326275,-0.002549911321052929,0.01138280238956213
1810432,205.10597614198923,0.003995152219880518,0.04000244289636612,,,,,,,,0.0,0.6433448195457458,0.20895955695294463,-0.0009919759765611086,0.036082785576581955
1818624,206.13885403898894,0.005700135097448708,0.06624756008386612,,,,,,,,0.0078125,0.6510872840881348,0.2094647490907841,-0.003840396544267358,0.006430075503885746
1826816,207.08469605300343,0.0045210698535488565,0.04814453050494194,,,,,,,,0.0,0.644848108291626,0.20878723099330557,-0.001899160803852171,0.029364708811044693
1835008,207.96421910298523,0.004576162724805061,0.04875488206744194,0.0019489100977138074,0.21764653379000384,0.21513299185283033,333,218.9968459987588,32.1,nan,0.0078125,0.6393409371376038,0.20883382177613483,-0.0013171615968513525,0.07020324468612671
1843200,209.0308860130026,0.0050667308146889675,0.05604248121380806,,,,,,,,0.0,0.6522315144538879,0.2105384975761931,-0.0017506126639737348,0.004913785494863987
1851392,209.89256171800662,0.004731754210402403,0.05096435546875,,,,,,,,0.0,0.6438988447189331,0.20832477334319877,-0.0015892564386821865,0.024453861638903618
1859584,210.73385054900427,0.005039047894862588,0.05583496019244194,,,,,,,,0.0078125,0.6479398012161255,0.2101129968982646,-0.001848889377099764,0.013984649442136288
1867776,211.5961064430012,0.00488749792671809,0.05521240457892418,,,,,,,,0.0,0.6475139856338501,0.2076385496645321,-0.0014098298915521546,0.01445559598505497
1875968,212.4551006759866,0.005095218709805745,0.05817871168255806,,,,,,,,0.0078125,0.6416195631027222,0.2060179485027524,-0.0029943155363335162,0.0480673722922802
1884160,213.33948872500332,0.005126186500437697,0.05810546875,,,,,,,,0.0,0.6531675457954407,0.21065480952878982,-0.0010877402980755638,0.0045311632566154
1892352,214.15950021598837,0.004631253040429606,0.04854736477136612,,,,,,,,0.0,0.6464059352874756,0.2072015658869822,-0.0006889875720003373,0.024254189804196358
1900544,214.9919037350046,0.0051490876593842695,0.05789795145392418,0.0012123091821280019,0.21916260843520335,0.21515900016083278,333,218.85487522504033,25.950000000000003,nan,0.0078125,0.6470576524734497,0.20628128030226586,-0.0018211562317375148,0.02436019852757454
1908736,215.9183197270031,0.0052366300114651005,0.05974121019244194,,,,,,,,0.0,0.6502059102058411,0.21007010104611576,-0.0013724767934612122,0.005695288069546223
1916928,216.76959285099292,0.004769083247145239,0.05255126953125,,,,,,,,0.0,0.6424241065979004,0.20863466925039878,-0.0019996541676178246,0.017715519294142723
1925120,217.6318595619814,0.005935979045894478,0.06843262165784836,,,,,,,,0.0078125,0.6524490118026733,0.20926271399104057,-0.0026687173478446044,0.004612762480974197
1933312,218.57270056798006,0.004332331844803133,0.04127197340130806,,,,,,,,0.0,0.6501351594924927,0.210050432206226,-0.0003344151682838174,0.006821766495704651
1941504,219.40399099100614,0.004706351245232836,0.04768066480755806,,,,,,,,0.0078125,0.6462382078170776,0.20869272288015348,-0.002121123793229573,0.016864407807588577
1949696,220.2502307749819,0.004823736695856435,0.04887695237994194,,,,,,,,0.0,0.6521047353744507,0.21206932250139254,-0.0011188040214757864,0.0038975512143224478
1957888,221.06915645799018,0.005322574736370102,0.05922851711511612,,,,,,,,0.0,0.6455763578414917,0.2099757076692479,-0.002284859331852748,0.016021639108657837
1966080,221.90908227398177,0.005809307588155273,0.06932373344898224,0.0017243614677379115,0.21784470706855558,0.21516167205262904,333,219.02339340606807,19.05,nan,0.0078125,0.6500301957130432,0.21032554586434507,-0.0029769629997665266,0.011022097431123257
1974272,222.83610147898435,0.005072615189083542,0.05538330227136612,,,,,,,,0.0,0.6494047045707703,0.20769908590547845,-0.002443863715856016,0.009716308675706387
1982464,223.69288450898603,0.0046647356729660845,0.04963378980755806,,,,,,,,0.0078125,0.6439132690429688,0.2059459234973732,-0.0011333946245690343,0.02560880221426487
1990656,224.5341833650018,0.005349356006804552,0.05977783352136612,,,,,,,,0.0,0.6535298228263855,0.21152785236405242,-0.0008138173749942748,0.002936459379270673
1998848,225.3625601779786,0.005633917554506825,0.06431885063648224,,,,,,,,0.0,0.6471318602561951,0.20936767243569726,-0.0014528300336173932,0.01634913682937622
2007040,226.20353966898983,0.0052479973578921195,0.05974121019244194,,,,,,,,0.0078125,0.647146999835968,0.2090509828515675,-0.00190470843557629,0.025782978162169456
2015232,227.04532052497962,0.00549344391988334,0.06217041239142418,,,,,,,,0.0,0.6529461145401001,0.2107536166941911,-0.0016159699394560495,0.006163541227579117
2023424,227.88015199499205,0.0045520391265068605,0.04693603515625,,,,,,,,0.0,0.6442117094993591,0.20897770800029947,-0.0014910695299245548,0.028998395428061485
2031616,228.73594961100025,0.0067360826527242375,0.08416748046875,0.001591418169105574,0.21921343694467707,0.21513012833066755,333,219.0899038801973,36.45,nan,0.0078125,0.652607798576355,0.21018053631729178,-0.0033238664081085114,0.005315776448696852
2039808,229.64912591897883,0.005722680680873016,0.06699218600988388,,,,,,,,0.0,0.6503205299377441,0.2106360725915765,-0.0021253937085496605,0.010194815695285797
2048000,230.47823029698338,0.0049270988165085565,0.05396728590130806,,,,,,,,0.0078125,0.6471596360206604,0.20784052744392417,-0.001670133906412346,0.02213815227150917
2056192,231.33141372198588,0.005341721854424228,0.06082763895392418,,,,,,,,0.0,0.6540012359619141,0.21147325011287177,-0.0026452737186937027,0.0023676264099776745
2064384,232.16421596700093,0.004862657633810615,0.05406494066119194,,,,,,,,0.0,0.6494123339653015,0.20945606854595195,-0.001348277409888663,0.010594479739665985
2072576,233.02511522598797,0.00575808446732017,0.0673828125,,,,,,,,0.0078125,0.6513710021972656,0.2091500927003931,-0.0025749805291562507,0.008921000175178051
2080768,233.86621479698806,0.00476402308559055,0.05059814453125,,,,,,,,0.0,0.651819109916687,0.21023138150051338,-0.0015827713439368722,0.005364732351154089
2088960,234.71493095799815,0.005321056696489225,0.05908203125,,,,,,,,0.0078125,0.6456649899482727,0.20691154163110004,-0.0016486948583882208,0.019158795475959778
2097152,235.5439967069833,0.005388173292429477,0.05986328050494194,0.0019411442606294127,0.21875839554277934,0.21510400251916512,333,219.13413432118392,48.45,nan,0.0,0.6542048454284668,0.21052448820695635,-0.0012998909321487848,0.003778178244829178
2105344,236.51113068297855,0.0047754382630737936,0.05209961161017418,,,,,,,,0.0,0.6486603021621704,0.20952504847785244,-0.001757134769857155,0.01848677359521389
2113536,237.3532654659939,0.005781254225537412,0.0682373046875,,,,,,,,0.0078125,0.6488704681396484,0.20941840638923748,-0.0016060244795419853,0.016509030014276505
2121728,238.20106582398876,0.005484406860707507,0.06209716945886612,,,,,,,,0.0,0.6516543030738831,0.21025060977517146,-0.0017109348912502443,0.005305629223585129
2129920,239.03140112099936,0.005186603195506541,0.05914306640625,,,,,,,,0.0,0.643388569355011,0.21023650484603684,-0.0014694943655738934,0.02570863626897335
2138112,239.8764394869795,0.005676418965311028,0.06721191853284836,,,,,,,,0.0078125,0.652876615524292,0.20889198731673814,-0.0032596302476693207,0.004547227174043655
2146304,240.69212843399146,0.0059918987857763995,0.07167968899011612,,,,,,,,0.0,0.6514288187026978,0.21126598275427022,-0.001590497163086341,0.005886424332857132
2154496,241.5442556439957,0.0050891696863882,0.05589599534869194,,,,,,,,0.0078125,0.6473138928413391,0.20932634728669802,-0.001700900151370123,0.014166939072310925
2162688,242.39264086799813,0.0048907488614846895,0.05324707180261612,0.0020186523850672655,0.21802777790406247,0.215125685230012,333,219.2474263137495,47.25,nan,0.0,0.6542853713035583,0.21118233354964455,-0.0007338086907579235,0.002607335103675723
2170880,243.32719602098223,0.005237137689116448,0.0599365234375,,,,,,,,0.0,0.6489953994750977,0.21084966866671465,-0.0030328898351647637,0.008383676409721375
2179072,244.16919462298392,0.005182714468372617,0.05976562574505806,,,,,,,,0.0078125,0.6513913869857788,0.20950860782270503,-0.0017986529394163585,0.007638487499207258
2187264,245.00857437300147,0.004979716623598254,0.05738525465130806,,,,,,,,0.0,0.6518046259880066,0.2126675558484133,-0.0012354205561625653,0.003974230494350195
2195456,245.85692860200652,0.004748046804252473,0.050537109375,,,,,,,,0.0078125,0.6454054117202759,0.20783321453283085,-0.0018219858178095982,0.020023172721266747
2203648,246.7086451749783,0.005595195820039416,0.06531982868909836,,,,,,,,0.0,0.6559836864471436,0.21194602119598857,-0.0019985315634764886,0.001164487563073635
2211840,247.53746084598242,0.005388658610392593,0.06143799051642418,,,,,,,,0.0,0.6532059907913208,0.2093803231505817,-0.003042782526688997,0.004358918871730566
2220032,248.47464401400066,0.00528245886077176,0.05914306640625,,,,,,,,0.0078125,0.6520051956176758,0.208948911363345,-0.0015111368143887185,0.008639362640678883
2228224,249.32216697599506,0.0049102622305697554,0.05561523512005806,0.0014222235002946393,0.21762503123698057,0.21511232801027308,333,219.31219295906016,22.5,nan,0.0,0.653495192527771,0.2110512622196032,-0.0004087972690954728,0.002953785937279463
2236416,250.24338713899488,0.004962589902601048,0.05235595628619194,,,,,,,,0.0,0.6466626524925232,0.20904414851941194,-0.0012863876059521857,0.017414147034287453
2244608,251.07449940699735,0.00513064894216169,0.05466308817267418,,,,,,,,0.0078125,0.654346227645874,0.2077524666638689,-0.0010033215401692745,0.0034069844987243414
2252800,251.89441264499328,0.004796217387160314,0.05056152492761612,,,,,,,,0.0,0.6529272794723511,0.20980200666323756,-0.002381969651174445,0.003709935350343585
2260992,252.72105757897953,0.005245519216150069,0.05942383036017418,,,,,,,,0.0078125,0.6493991613388062,0.2096035186811584,-0.00206801664545623,0.015124121680855751
2269184,253.56583926198073,0.006577071407367703,0.08206786960363388,,,,,,,,0.0,0.6550148129463196,0.2111074466052903,-0.0029570355317419736,0.0015210489509627223
2277376,254.397158036998,0.004839665047519166,0.05086670070886612,,,,,,,,0.0,0.650704562664032,0.21076693381630007,-0.0004339500634841477,0.008544019423425198
2285568,255.24362585198833,0.005313518805237474,0.06131592020392418,,,,,,,,0.0078125,0.6527431607246399,0.21037554457853463,-0.0019320043311624802,0.006101742386817932
2293760,256.0791516159952,0.005435452584901711,0.0601806640625,0.0017987727596288083,0.22086286159547294,0.21511981839925692,333,219.2963292984922,23.700000000000003,nan,0.0,0.6533039808273315,0.21226059339812697,-0.0015550808260828984,0.0028956562746316195
2301952,257.0118168189947,0.004980288465245316,0.05561523512005806,,,,,,,,0.0078125,0.6490316987037659,0.21077305930963441,-0.0012791546021105325,0.009844671003520489
2310144,257.8585220690002,0.00764776406427348,0.10164795070886612,,,,,,,,0.0,0.6556423902511597,0.2130965327420768,-0.00480584873075026,0.0012806501472368836
2318336,258.6910785099899,0.005588124725723432,0.0653076171875,,,,,,,,0.0,0.6514022350311279,0.20962791368947298,-0.0017412787606577698,0.006680421065539122
2326528,259.5292820449977,0.00477331245891967,0.05126953125,,,,,,,,0.0078125,0.6520441770553589,0.20881048903346877,-0.0006025575644946967,0.007638096809387207
2334720,260.3654690409894,0.005276874287052938,0.06105957180261612,,,,,,,,0.0,0.654978334903717,0.21227086440223092,-0.001019343975887851,0.0023459752555936575
2342912,261.3208255879872,0.005675748600980532,0.06711425632238388,,,,,,,,0.0,0.6500829458236694,0.21079493331481775,-0.0016213551542940902,0.010973277501761913
2351104,262.40547368099215,0.0060573460730989764,0.07187499850988388,,,,,,,,0.0078125,0.6548290848731995,0.2115150467159944,-0.0022871286704922735,0.0028350804932415485
2359296,263.2537910880055,0.0051769197112329045,0.05787353590130806,0.0016437362674582845,0.22060531259288027,0.21512555001707923,333,219.30370767506523,14.4,nan,0.0,0.6535946130752563,0.21080007675837292,-0.0022594797203147436,0.0036372484173625708
2367488,264.35317369698896,0.005583241681176843,0.06451416015625,,,,,,,,0.0078125,0.6516154408454895,0.2092630875215462,-0.0012243158534121865,0.009081663563847542
2375680,265.2012071789941,0.006134278648367729,0.07382812350988388,,,,,,,,0.0,0.6558298468589783,0.2113415141513031,-0.002370228986845488,0.001188502530567348
2383872,266.0300488229841,0.005322777353348918,0.06187744066119194,,,,,,,,0.0,0.6513098478317261,0.2084795077476213,-0.002130269504953636,0.007676190230995417
2392064,266.87167474097805,0.006487616950813013,0.07890625298023224,,,,,,,,0.0078125,0.653822124004364,0.2083963617627759,-0.002371633148407652,0.005010194610804319
2400256,267.71013973798836,0.006547934326644448,0.07855224609375,,,,,,,,0.0,0.6540113687515259,0.2114469224956675,-0.002983221042429081,0.0041386946104466915
2408448,268.5233626749832,0.005476005425541816,0.06292724609375,,,,,,,,0.0078125,0.6492688059806824,0.2078728063734347,-0.0010105747879146701,0.012168265879154205
2416640,269.3658198399935,0.0071085421379476115,0.08734130859375,,,,,,,,0.0,0.655773401260376,0.21223403451385664,-0.002053878092080143,0.0008771275170147419
2424832,270.1701397369907,0.0050581238508720094,0.05872802808880806,0.0017387689367879267,0.22030888797431483,0.215134144674994,333,219.2899742193901,19.05,nan,0.0,0.6519098877906799,0.21097773232407566,-0.0005486571969609736,0.008711601607501507
2433024,271.0991635459941,0.006011146079127007,0.07427978515625,,,,,,,,0.0078125,0.6514948606491089,0.2113778295265321,-0.0019242837053635208,0.014173920266330242
2441216,271.93502471098327,0.006527909093735469,0.07965087890625,,,,,,,,0.0,0.65581876039505,0.2112651442482131,-0.002143934944376535,0.0016622472321614623
2449408,272.76068425600533,0.005365793570049801,0.05869140848517418,,,,,,,,0.0,0.6523205637931824,0.2062285795396241,-0.0015005274196080833,0.007882744073867798
2457600,273.59951286099385,0.0067272747662199955,0.08430176228284836,,,,,,,,0.0078125,0.655610203742981,0.2073358589647621,-0.0024015664785307584,0.0024487897753715515
2465792,274.41765957299503,0.004909674253360754,0.0526123046875,,,,,,,,0.0,0.6537774801254272,0.2100920701124122,-0.0014524877138897632,0.004734873306006193
2473984,275.2560172639787,0.00563404816084289,0.06708984822034836,,,,,,,,0.0078125,0.6512157917022705,0.20787410640737636,-0.0018975180408810086,0.009251071140170097
2482176,276.0881734720024,0.006845285912852991,0.08460693806409836,,,,,,,,0.0,0.6561049222946167,0.2113116959992379,-0.001858806309518376,0.0019946133252233267
2490368,276.92253030999564,0.005237334970993531,0.05983886867761612,0.001459471548280189,0.2166534357266953,0.21517598484968992,333,219.3019593879842,14.4,nan,0.0,0.6521997451782227,0.21097581758438183,-0.00020232209141835314,0.006873338017612696
2498560,277.86294772897963,0.005828509380995214,0.06833495944738388,,,,,,,,0.0078125,0.6540015935897827,0.2108397419557258,-0.0008927233757755392,0.004253886174410582
2506752,278.72009071998764,0.005957399795121052,0.07218017429113388,,,,,,,,0.0,0.6546459794044495,0.21102858976661537,-0.0025376059447629034,0.0022966221440583467
2514944,279.6463277869916,0.004589232832759977,0.04958496242761612,,,,,,,,0.0078125,0.6496992707252502,0.21139650412551406,-0.0009515685601576394,0.009058995172381401
2523136,280.498521239002,0.007940046818721637,0.10421142727136612,,,,,,,,0.0,0.6565349698066711,0.21307362158668997,-0.002812628900486974,0.0007589079323224723
2531328,281.294956267986,0.005133673475647353,0.05562744289636612,,,,,,,,0.0,0.6531559228897095,0.21196575550670665,-0.0008561645442619802,0.0034482546616345644
2539520,282.134198721993,0.005733282534623946,0.06763916462659836,,,,,,,,0.0078125,0.6527581810951233,0.21054739905326786,-0.000804668725528249,0.005591345485299826
2547712,282.96848669298925,0.005218755015735244,0.0584716796875,,,,,,,,0.0,0.6561809778213501,0.207833176449228,-0.0009272064802002482,0.0014842195669189095
2555904,283.7922088049818,0.0058036973989241195,0.06856689602136612,0.001609781859233661,0.21730629093399983,0.21515858864698473,333,219.38961786326988,14.4,nan,0.0,0.652410089969635,0.20967071266228934,-0.0017916591231217545,0.006235962267965078
2564096,284.7304552629939,0.0068550720342400355,0.08426513522863388,,,,,,,,0.0078125,0.6554924845695496,0.21197382026042963,-0.0023775026970487834,0.002218410838395357
2572288,285.53665373500553,0.0052968341185691105,0.06065673753619194,,,,,,,,0.0,0.654390275478363,0.21146782064174324,-0.00100281623619866,0.0027368045412003994
2580480,286.36508443698403,0.005571138874976294,0.06352539360523224,,,,,,,,0.0078125,0.6514393091201782,0.21001461778700717,-0.0010151576395660681,0.008987875655293465
2588672,287.199817190005,0.005858828588699844,0.06839599460363388,,,,,,,,0.0,0.6562877893447876,0.21247438377211147,-0.0012035037936859437,0.0009838048135861754
2596864,288.0263351039903,0.005466588976535663,0.06165771558880806,,,,,,,,0.0,0.6533081531524658,0.20992285154646653,-0.0013777319549634706,0.005944341421127319
2605056,288.8656741149898,0.00595181129713199,0.06960449367761612,,,,,,,,0.0078125,0.6544284820556641,0.21101360478591896,-0.0012513817153465155,0.0037422464229166508
2613248,289.7054158819956,0.0057024749153716595,0.06732177734375,,,,,,,,0.0,0.6551276445388794,0.21150990418781634,-0.0012581777639556165,0.0024246720131486654
2621440,290.5450276369811,0.004466397011202476,0.04726562649011612,0.0016936848100758128,0.21881469680854884,0.21514481171271646,333,219.39703617845518,31.8,nan,0.0078125,0.651293933391571,0.20890058877120388,0.0005775861867122903,0.009360459633171558
2629632,291.5737363329972,0.00645366076626577,0.07750244438648224,,,,,,,,0.0,0.6571800708770752,0.21275728617183637,-0.00032218609880837286,0.0008979893173091114
2637824,292.40923136498895,0.005367246116368695,0.06182861328125,,,,,,,,0.0,0.6544343829154968,0.21123426811857607,-0.0013808392390769635,0.003667218377813697
2646016,293.25385324598756,0.006590974034193066,0.08203125,,,,,,,,0.0078125,0.65374356508255,0.20977631043854958,-0.002994825652828534,0.004179082810878754
2654208,294.08259722200455,0.006287242624577343,0.07579346001148224,,,,,,,,0.0,0.6565990447998047,0.21008824967650558,-0.0014468648166916813,0.0013217316009104252
2662400,294.89949471197906,0.005222595035886315,0.05826416239142418,,,,,,,,0.0,0.6539415717124939,0.2094853162406149,-0.0007245304967793797,0.003747789654880762
2670592,295.7404862169933,0.006272535920738099,0.07545166462659836,,,,,,,,0.0078125,0.6560457944869995,0.2098542095317612,-0.001567878270239063,0.00133722391910851
2678784,296.5642315429868,0.00473991408513813,0.04914550855755806,,,,,,,,0.0,0.655158281326294,0.21116560699505987,-0.0001104074461504654,0.0020626068580895662
2686976,297.3935908069834,0.005045793816711688,0.05574951320886612,0.0011720893982334335,0.2180667124776258,0.2151516439770765,333,219.40362425646174,30.6,nan,0.0078125,0.6529197692871094,0.21081935681026986,-0.0006185628557951421,0.005885410122573376
2695168,298.35351475398056,0.005538326420552949,0.06330566853284836,,,,,,,,0.0,0.6567227840423584,0.21237215294553785,0.00038979278890587235,0.0009957394795492291
2703360,299.19112091700663,0.005551760955637884,0.06275635212659836,,,,,,,,0.0,0.653862476348877,0.2113653594119072,8.951556483423837e-05,0.0033569415099918842
2711552,300.0405875269789,0.006676143827884125,0.07944335788488388,,,,,,,,0.0078125,0.654991865158081,0.21125849639487188,-0.002567616943631486,0.0034646987915039062
2719744,300.87460431299405,0.006171599797727769,0.07344970852136612,,,,,,,,0.0,0.6559426784515381,0.21171752921460302,-0.0014356432717208983,0.0019386503845453262
2727936,301.69370266399346,0.005867333928211385,0.07069092243909836,,,,,,,,0.0078125,0.6525604128837585,0.20919745360098924,-0.0018781657513761232,0.01089018490165472
2736128,302.54167402299936,0.005958379266551718,0.07032471150159836,,,,,,,,0.0,0.6572735905647278,0.21265331883692834,-0.0006401155220555526,0.000682277895975858
2744320,303.35508109797956,0.004956649027627354,0.05533447489142418,,,,,,,,0.0,0.6554256081581116,0.21027352872776742,-0.00013062459230782784,0.003261927515268326
2752512,304.1837608719943,0.007236234370769948,0.09151611477136612,0.0016618649994257773,0.21921877585129868,0.21514806398956715,333,219.35086031268742,31.8,nan,0.0078125,0.6549661159515381,0.21065040909526506,-0.0018580569581957323,0.005357768852263689
2760704,305.1311639539781,0.005150189089862102,0.05694580078125,,,,,,,,0.0,0.6563519835472107,0.2125667029338906,-0.0006293101482053979,0.001358801731839776
2768896,305.9564437409863,0.005052766166012962,0.05670166015625,,,,,,,,0.0,0.6538082361221313,0.2110943161619241,-0.0010173834524841486,0.0037184308748692274
2777088,306.80260180699406,0.0059045866506887285,0.07260742038488388,,,,,,,,0.0078125,0.6566521525382996,0.2099364213780261,-0.000724141708380959,0.0012537285219877958
2785280,307.6270623150049,0.005560262541850204,0.06137695536017418,,,,,,,,0.0,0.6567198038101196,0.21161216841519342,-0.0021526551649893436,0.0011951233027502894
2793472,308.46799635500065,0.006210556715334028,0.07564697414636612,,,,,,,,0.0078125,0.655068039894104,0.21090515436969678,-0.001394261940844743,0.0035049908328801394
2801664,309.4130756359955,0.006063622661571431,0.07393798977136612,,,,,,,,0.0,0.6573343276977539,0.21286251378089954,-0.0013239696711077572,0.0005519366241060197
2809856,310.2930651839997,0.005425356990766964,0.06285400688648224,,,,,,,,0.0,0.6552110314369202,0.21075496961405657,-0.0016539085529599454,0.003539200173690915
2818048,311.1371770979895,0.0065732704937257165,0.08167725056409836,0.0014824163206017538,0.22084559641642962,0.21517451874740634,333,219.36136313477087,14.4,nan,0.0078125,0.6558462977409363,0.21072523280394476,-0.0021140339851675647,0.0026854597963392735
2826240,312.0589451190026,0.0054787515898005144,0.06304931640625,,,,,,,,0.0,0.6565419435501099,0.2118285261715814,-0.000589152124958935,0.0009609494591131806
2834432,312.895927673002,0.005786819147410031,0.06794434040784836,,,,,,,,0.0,0.6540970802307129,0.21101407844782671,-0.002079366989524893,0.003847133833914995
2842624,313.7542414839845,0.006713020214455476,0.08391113579273224,,,,,,,,0.0078125,0.657668948173523,0.21146880677228225,-0.003372204027938724,0.0005004912964068353
2850816,314.5770619469986,0.005255247215814631,0.05819091945886612,,,,,,,,0.0,0.6564149856567383,0.2113488750022469,-0.00048357787461964234,0.0012256399495527148
2859008,315.40807043999666,0.0057342288274791755,0.0672607421875,,,,,,,,0.0078125,0.6560851335525513,0.2117404989182988,-0.0028603574864170325,0.002963558305054903
2867200,316.2518489320064,0.005848798966801084,0.06768798828125,,,,,,,,0.0,0.6571923494338989,0.21269289784367618,-0.0005632508232520607,0.0008151181973516941
2875392,317.0819965440023,0.005461443914504043,0.0623779296875,,,,,,,,0.0,0.6551305055618286,0.210658028415336,-0.0009045810061785375,0.0022698973771184683
2883584,317.91904471997987,0.005676703068759971,0.06552734225988388,0.001659752006424542,0.22018154056128555,0.21515443670571943,333,219.39387332122573,27.150000000000002,nan,0.0078125,0.6567181348800659,0.211161751649689,-0.001064386942042053,0.0012853739317506552
2891776,318.84486298498814,0.004885929502800323,0.05437011644244194,,,,,,,,0.0,0.6557115912437439,0.21221334706180772,0.0001571845850373223,0.0026290451642125845
2899968,319.6760603519797,0.0056771631767780105,0.06678467243909836,,,,,,,,0.0078125,0.6541908383369446,0.21089034719329888,-0.0015472517457141841,0.00564545625820756
2908160,320.524113869993,0.00653583430581388,0.08182372897863388,,,,,,,,0.0,0.6572692394256592,0.21238660255259875,-0.00095756143616916,0.0009796993108466268
2916352,321.3395315069938,0.005508846366239679,0.06411132961511612,,,,,,,,0.0,0.6556264162063599,0.21213009547408307,-0.00016584273535016198,0.002742934273555875
2924544,322.1745093049831,0.006054707546228576,0.07337646931409836,,,,,,,,0.0078125,0.6560053825378418,0.21237290684079063,-0.0016034526292036293,0.0029737476725131273
2932736,323.0084347660013,0.005008814692557303,0.05655517801642418,,,,,,,,0.0,0.6561877727508545,0.211115158020564,0.00022157549390056834,0.0023577732499688864
2940928,323.83332739799516,0.005639329934760919,0.06795654445886612,,,,,,,,0.0,0.654148519039154,0.21226958823479386,-0.0006925366337792431,0.003836430609226227
2949120,324.6850716379995,0.006097446039376425,0.07380371540784836,0.0016035479927377638,0.21742412157048502,0.2151726158083805,333,219.35246934966978,48.45,nan,0.0078125,0.6572842001914978,0.21301496551838225,-0.001709068722487041,0.0005862106918357313
2957312,325.6184638379782,0.005315363225259956,0.06090087816119194,,,,,,,,0.0,0.6554039120674133,0.21232311750559957,-0.002164611229860021,0.0024654909502714872
2965504,326.4500971939997,0.005316740348636174,0.06022949144244194,,,,,,,,0.0078125,0.6546758413314819,0.21106482263649773,0.00024315546500729035,0.005337995942682028
2973696,327.2915825789969,0.005628279625673759,0.06463623046875,,,,,,,,0.0,0.6569924354553223,0.2113151268559165,-0.0006331179247768587,0.0008740932680666447
2981888,328.1256943419867,0.005557947832292393,0.06436767429113388,,,,,,,,0.0,0.6557174324989319,0.21103837889227325,-0.0013934149341350466,0.0022728857584297657
2990080,328.97639233098016,0.005461223343632671,0.06174316629767418,,,,,,,,0.0078125,0.6573185324668884,0.2114505532172497,-0.0006137330478416201,0.0012994230492040515
2998272,329.8122652210004,0.005370587118689699,0.06000976637005806,,,,,,,,0.0,0.6568992733955383,0.21161764521564302,-0.0014353190752511816,0.001124163973145187
3006464,330.6493442989886,0.00558895155308951,0.06643066555261612,,,,,,,,0.0078125,0.6554391384124756,0.2112856375135132,-0.0014302378523055274,0.0029119362588971853
3014656,331.4841415119881,0.0066294488716240295,0.08134765923023224,0.0015327824227336917,0.21762311216664246,0.21513319307809325,333,219.38414652220655,22.5,nan,0.0,0.6579863429069519,0.21188474731020518,-0.0013628230918044063,0.0005003373953513801
3022848,332.4206046119798,0.005432727159558807,0.0615234375,,,,,,,,0.0,0.6562430262565613,0.21129600913382585,-0.0014509375920640768,0.001993401674553752
3031040,333.2804161569802,0.0056010091198774445,0.06666260212659836,,,,,,,,0.0078125,0.6566662788391113,0.20949485481688926,-0.00115931622171307,0.002230945974588394
3039232,334.11609703299473,0.005727430434986142,0.06783447414636612,,,,,,,,0.0,0.6572616696357727,0.2126525321809798,-0.001119486511666224,0.0006404506857506931
3047424,334.94897530198796,0.005618659178045365,0.06397705525159836,,,,,,,,0.0,0.6559360027313232,0.2114964288982868,-0.0009077082476097415,0.003966295160353184
3055616,335.80271158300457,0.007438354152529534,0.09299316257238388,,,,,,,,0.0078125,0.6574786305427551,0.21287225704404852,-0.004741784932607367,0.000498495704960078
3063808,336.62811237800634,0.004815884786283045,0.05307617411017418,,,,,,,,0.0,0.6564056873321533,0.2112848200748736,-0.0004309394173249011,0.0014555435627698898
3072000,337.471040851,0.007049822879373649,0.08712158352136612,,,,,,,,0.0078125,0.6561235785484314,0.21153968601560788,-0.002118912052593828,0.002831272780895233
3080192,338.32592937600566,0.005597816610924728,0.064453125,0.0012652773144978813,0.21900153940353637,0.2151604865748586,333,219.36597565145215,30.6,nan,0.0,0.6567610502243042,0.21192790092976685,-0.0010416006163882705,0.0011023669503629208
3088384,339.2617923679936,0.005389662326609264,0.06043701246380806,,,,,,,,0.0,0.6552364230155945,0.21127679399948335,-0.0017008400187223762,0.002492856001481414
3096576,340.2663080469938,0.007108689093545149,0.09097900241613388,,,,,,,,0.0078125,0.6567520499229431,0.21212462047304056,-0.0014551483996324492,0.0010717600816860795
3104768,341.0976939899847,0.005603595911839121,0.06350097805261612,,,,,,,,0.0,0.6561976671218872,0.21195433423595583,-0.001248849440876552,0.001308026141487062
3112960,341.93449657197925,0.005627407806929156,0.06354980915784836,,,,,,,,0.0078125,0.6549237370491028,0.2111747897350464,0.000593509548601502,0.004765666089951992
3121152,342.7949120019912,0.007099847868477053,0.08966064453125,,,,,,,,0.0,0.6577093601226807,0.21267085488088716,-0.001084833836991388,0.00040837525739334524
3129344,343.62199018898536,0.005843389749722764,0.06843262165784836,,,,,,,,0.0,0.656582772731781,0.21188537000331534,-0.0007407255009187352,0.001165021094493568
3137536,344.4601695059973,0.006055767013317027,0.07432861626148224,,,,,,,,0.0078125,0.6567253470420837,0.2118733294402347,-0.0014070198406179802,0.0015480756992474198
3145728,345.3025446899992,0.006060463775217358,0.07205810397863388,0.0014090178260008912,0.22053385884055224,0.21513855619157723,333,219.3530047627024,27.150000000000002,nan,0.0,0.6571734547615051,0.2120787258457954,-0.0009197232714928311,0.0009538321173749864
3153920,346.3156364839815,0.005309476156704871,0.05974121019244194,,,,,,,,0.0,0.6558614373207092,0.20928373865823063,-0.0013796386068827132,0.002845762763172388
3162112,347.22306090098573,0.006945538272084418,0.08723144978284836,,,,,,,,0.0078125,0.6579082608222961,0.21261703712727278,-0.001646554253656879,0.00033975549740716815
3170304,348.06743774100323,0.006083160313272271,0.07337646931409836,,,,,,,,0.0,0.6574017405509949,0.21225283505830927,-0.0014920418267928284,0.000780144240707159
3178496,348.9205170990026,0.005015421848035733,0.05635986477136612,,,,,,,,0.0078125,0.6570642590522766,0.21152894812590603,-0.0005312462994660797,0.0016443129861727357
3186688,349.7746354659903,0.00618438343621619,0.07388915866613388,,,,,,,,0.0,0.6576181054115295,0.2098302311684838,-0.00020033804317961526,0.0004694196395576
3194880,350.6040793650027,0.00561064578955014,0.06674804538488388,,,,,,,,0.0,0.6567634344100952,0.2092895574803682,-0.0017882857681604065,0.0015523155452683568
3203072,351.4498127120023,0.007311158122302888,0.09403076022863388,,,,,,,,0.0078125,0.6578559279441833,0.2115809149622287,-0.00029902903699964854,0.0007018168107606471
3211264,352.2977726229874,0.00670136483443625,0.08277588337659836,0.0011385903004259568,0.22001803471237902,0.2151763010934816,333,219.44856408072428,30.6,nan,0.0,0.6579238176345825,0.21289662065963735,-0.002120008953443017,0.00035746750654652715
3219456,353.2546056879801,0.00652211314134753,0.08087158203125,,,,,,,,0.0078125,0.6572356224060059,0.21077054836119014,-0.0008072277661229286,0.0017215482657775283
3227648,354.1088986459945,0.007308306613039431,0.09401855617761612,,,,,,,,0.0,0.6578153371810913,0.213343952713987,-0.0010280993995670643,0.00037176450132392347
3235840,354.9424525570066,0.00582384187487506,0.07047118991613388,,,,,,,,0.0,0.656818687915802,0.21098074389709515,-0.0012524467791279836,0.0011744521325454116
3244032,355.79210963699734,0.0063289355083329425,0.07681884616613388,,,,,,,,0.0078125,0.657122790813446,0.2114068764231971,0.0001827452489721675,0.0015309378504753113
3252224,356.64699493697844,0.00632632539693777,0.07585449516773224,,,,,,,,0.0,0.65752112865448,0.21251498793221074,-0.0004193190052520018,0.0005394226172938943
3260416,357.47735802599345,0.005314439525115656,0.0582275390625,,,,,,,,0.0,0.6562721133232117,0.21205415491635474,-0.000731549487854935,0.0021246313117444515
3268608,358.34712612998555,0.00572317708083599,0.0672607421875,,,,,,,,0.0078125,0.6580111980438232,0.21310692456824065,0.0001798451051695794,0.0002490745100658387
3276800,359.19539124600124,0.005358731461759339,0.06049804762005806,0.0013053900013313413,0.21664027216526863,0.21519640813973032,333,219.47289027108178,30.6,nan,0.0,0.656795084476471,0.21202574512472458,-0.0005102566977033549,0.0008985763415694237
3284992,360.1798683249799,0.005598755158360605,0.06630859524011612,,,,,,,,0.0078125,0.6569087505340576,0.21191505953798484,-0.0007487214856586302,0.0019360497826710343
3293184,361.0058191269927,0.0057155683010670704,0.0682373046875,,,,,,,,0.0,0.6581054925918579,0.21321250467437233,-0.0009194675635362262,0.0003474925470072776
3301376,361.83354501100257,0.005140941283205415,0.05648193508386612,,,,,,,,0.0,0.6572015881538391,0.21049971574515358,-0.00048601787494243653,0.0010825768113136292
3309568,362.6839464859804,0.0065689072784171415,0.07932128757238388,,,,,,,,0.0078125,0.6579169034957886,0.21279723978715395,-0.00016616304276441204,0.000497267406899482
3317760,363.5251469069917,0.005519105253115468,0.06340332329273224,,,,,,,,0.0,0.6576776504516602,0.2128923526461747,-0.0005619503464392751,0.0005205408087931573
3325952,364.3477014579985,0.0065328523696002215,0.08104248344898224,,,,,,,,0.0078125,0.6568219661712646,0.21283715324050764,-0.0009719048405918805,0.0013095727190375328
3334144,365.21992051199777,0.006754587494792877,0.08392333984375,,,,,,,,0.0,0.6580637097358704,0.2131554915982378,-0.0011536766289821543,0.000378479715436697
3342336,366.06652050698176,0.00549622089442275,0.06386718899011612,0.0012753436032942878,0.2179605555235949,0.21518156755979514,333,219.45831863748248,27.150000000000002,nan,0.0,0.6567919850349426,0.21246779378797345,-0.0007551513365323704,0.0013583863619714975
3350528,367.03117910798755,0.007431091168431095,0.09503173828125,,,,,,,,0.0078125,0.6571648120880127,0.21198030093191123,-0.00019175107971016356,0.0012647277908399701
3358720,367.86033717598184,0.005983103731011781,0.06920166313648224,,,,,,,,0.0,0.6578525900840759,0.21316905671534464,-0.000998944917256007,0.0004388147499412298
3366912,368.71127789097955,0.005764934262359528,0.06845702975988388,,,,,,,,0.0,0.6566703915596008,0.21272863389345323,0.0004112434559113235,0.0015114343259483576
3375104,369.5907227550051,0.007194326018175274,0.09224853664636612,,,,,,,,0.0078125,0.6580716967582703,0.21344425567207756,-0.0008805654385485152,0.00037969640106894076
3383296,370.5236850139918,0.006389495228953041,0.07673340290784836,,,,,,,,0.0,0.6570282578468323,0.21256269516637585,-0.0017024261047327968,0.0010612212354317307
3391488,371.37074691799353,0.006827599456809494,0.08586426079273224,,,,,,,,0.0078125,0.6568846106529236,0.21154811550148983,-0.0007182611984185836,0.00213346048258245
3399680,372.21829237099155,0.0070399978634164044,0.08857422322034836,,,,,,,,0.0,0.6579723358154297,0.2129932901982014,-0.0011518785665165323,0.00030638393945991993
3407872,373.04536887299037,0.006235897716031946,0.07415771484375,0.0015477335776160617,0.22051582799325434,0.21517896328234073,333,219.43029403065083,23.700000000000003,nan,0.0,0.656851053237915,0.21152787659681677,-0.0016116754385219361,0.0018930751830339432
3416064,374.0276738620014,0.006802450853245362,0.085693359375,,,,,,,,0.0078125,0.6575374603271484,0.21123086470584815,-0.001659843044262583,0.0009523727931082249
3424256,374.86123757998575,0.005973443713763301,0.07064209133386612,,,,,,,,0.0,0.6573718190193176,0.2120828993983944,-0.00012996084406395193,0.0008166427141986787
3432448,375.7062625529943,0.0067044315828982464,0.0831298828125,,,,,,,,0.0078125,0.656210720539093,0.21215087147784595,-0.0007077619932432186,0.0029578458052128553
3440640,376.5734143879963,0.007381787892183966,0.09519042819738388,,,,,,,,0.0,0.6578607559204102,0.2131088004258316,0.00028111482728927745,0.0004629395843949169
3448832,377.47786267800257,0.005485932433190383,0.06422119587659836,,,,,,,,0.0,0.6567211151123047,0.21183408118148334,-0.0007972623452995931,0.0013935789465904236
3457024,378.33812918898184,0.0066227350381694895,0.08261718600988388,,,,,,,,0.0078125,0.6570655703544617,0.21304487407228065,-0.0006288628380131176,0.0011576253455132246
3465216,379.1722125170054,0.006800157169070767,0.08538818359375,,,,,,,,0.0,0.6578257083892822,0.21264527427550015,-0.0022344075986917367,0.0006661671795882285
3473408,379.9976434620039,0.00541540366788027,0.06309814751148224,0.0017166756616958656,0.21654111011838978,0.21517983677937474,333,219.4478868618089,48.45,nan,0.0,0.6569984555244446,0.2112466269411828,-0.00047551672235863574,0.001989867305383086
3481600,380.9876262629987,0.007301171552968936,0.09128417819738388,,,,,,,,0.0078125,0.6583279371261597,0.21235271745126155,-0.0018894369664336358,0.00020461040548980236
3489792,381.80436270299833,0.0057912548649175916,0.06973876804113388,,,,,,,,0.0,0.6575487852096558,0.21279404127089063,-0.0011017703478397904,0.0006976223667152226
3497984,382.6508335599792,0.008923941372128794,0.11265869438648224,,,,,,,,0.0078125,0.6570007801055908,0.2129329004666365,-0.0006098247591319499,0.001473166048526764
3506176,383.49154127700604,0.006171553505650564,0.07620849460363388,,,,,,,,0.0,0.6575987339019775,0.21235187166355912,-0.0004279337129392988,0.0007263406296260655
3514368,384.31410018500173,0.006168106699516385,0.07330322265625,,,,,,,,0.0,0.6565209031105042,0.21238130721850826,-0.0006682879535160373,0.0015615563606843352
3522560,385.16773506300524,0.0065123902599788334,0.08072509616613388,,,,,,,,0.0078125,0.6575594544410706,0.21282881224638736,4.1179668647245015e-06,0.000637832737993449
3530752,386.281636589003,0.006489159854138001,0.0799560546875,,,,,,,,0.0,0.6572052240371704,0.21212227971022757,-0.0014464296402352111,0.0013441684423014522
3538944,387.33189398999093,0.0068331450177526055,0.08306884765625,0.0018942554476665263,0.21941194835678002,0.21515882492364002,333,219.4435882354108,47.25,nan,0.0078125,0.6560922861099243,0.21152244632959438,5.452280228556374e-05,0.005859046708792448
3547136,388.48653965900303,0.006320967147752195,0.07891845703125,,,,,,,,0.0,0.6580504179000854,0.21292625123044728,-0.0004410782665782043,0.0002784108219202608
3555328,389.46577738400083,0.005613030154759412,0.06489258259534836,,,,,,,,0.0,0.6567620635032654,0.21196729713820442,-0.0008931867549835048,0.0016276565147563815
3563520,390.6941628039931,0.006677254747709996,0.08210449665784836,,,,,,,,0.0078125,0.657254159450531,0.21220223369040325,-0.0011520734079011733,0.0012710420414805412
3571712,391.85228789100074,0.005675046249436477,0.06702881306409836,,,,,,,,0.0,0.6580955386161804,0.21229431807221152,-0.0008871416747086903,0.00033580296440050006
3579904,392.80017448798753,0.005317708143093649,0.06065673753619194,,,,,,,,0.0,0.6570848822593689,0.2120000598592116,-0.00015742984213302835,0.0016288619954138994
3588096,393.6273509549792,0.007142834293859621,0.09316406399011612,,,,,,,,0.0078125,0.6583006978034973,0.21180139959565233,-0.00018796198643342656,0.00042149057844653726
3596288,394.4480754279939,0.006758066168312696,0.08424072712659836,,,,,,,,0.0,0.6576966643333435,0.2123940604066657,-8.445482036393264e-05,0.001071263919584453
3604480,395.28788450799766,0.00630513235985148,0.07502441853284836,0.001337205049909418,0.21686442235812148,0.21520351268859997,333,219.43977586710997,36.45,nan,0.0078125,0.6575301885604858,0.21230006215745817,0.0013640891465626244,0.0018968675285577774
3612672,396.2464234390063,0.005988354174139631,0.07194824516773224,,,,,,,,0.0,0.6583016514778137,0.2129307686571281,-0.0003661185633785249,0.000310104398522526
3620864,397.0560653230059,0.006058347356489971,0.07103271782398224,,,,,,,,0.0,0.6577203273773193,0.21205574202154112,-0.0011626323154192042,0.0008089509210549295
3629056,397.88237793699955,0.007613049028058871,0.101318359375,,,,,,,,0.0078125,0.6581085324287415,0.21239167665364483,-0.00242786830581467,0.0004299732099752873
3637248,398.7523399689817,0.006815481953697006,0.08380126953125,,,,,,,,0.0,0.6579294204711914,0.2124130128755936,-0.0023883612473918573,0.0009409408085048199
3645440,399.5819208920002,0.006329430497582342,0.07838135212659836,,,,,,,,0.0078125,0.6572889089584351,0.2117578712628045,-0.0009214163122323309,0.0018705811817198992
3653632,400.4265625400003,0.007061496336744008,0.08840332180261612,,,,,,,,0.0,0.65793377161026,0.21354745866707678,-2.1778562852891066e-05,0.0006239180802367628
3661824,401.364182691992,0.005660900380213961,0.06538086384534836,,,,,,,,0.0,0.6568915843963623,0.21040461079160527,-0.0008943413480724281,0.0012528279330581427
3670016,402.1921063879854,0.006758259894029376,0.08330078423023224,0.0015848828301533446,0.21952418912933588,0.21515140004650415,333,219.45139190548267,19.05,nan,0.0078125,0.6575592756271362,0.21035889798819948,-0.00031009897507941134,0.0011826887493953109
3678208,403.1512341070047,0.0067112698899287814,0.08201904594898224,,,,,,,,0.0,0.6576223373413086,0.21290015690403935,-0.0013244786660378289,0.0006513106636703014
3686400,403.99724108100054,0.006076348335570965,0.07133789360523224,,,,,,,,0.0,0.656613290309906,0.2121712316174292,-0.0005096143174245195,0.001804544823244214
3694592,404.9104017089994,0.007153415484829071,0.09219970554113388,,,,,,,,0.0078125,0.6580382585525513,0.21265092169400676,-0.0014181887544919398,0.00039633712731301785
3702784,405.9478998789855,0.006181704176443471,0.0755615234375,,,,,,,,0.0,0.657528281211853,0.21130190377050656,-0.0006496343618363322,0.0017351063434034586
3710976,407.0356494659791,0.006102507227101231,0.07396240532398224,,,,,,,,0.0078125,0.6572073698043823,0.2105731301812901,-0.0011584030841908816,0.0022617836948484182
3719168,408.0235914889781,0.005946340107344785,0.06918945163488388,,,,,,,,0.0,0.6580889225006104,0.2118008328692324,-0.0012817361287309316,0.0003683573449961841
3727360,409.00273700698745,0.005957033145413421,0.0714111328125,,,,,,,,0.0,0.6574020981788635,0.21117134633878218,-0.0011338881750599637,0.0013537175254896283
3735552,410.05176360098994,0.006196267082842453,0.07501220703125,0.0015342725212514896,0.2208784290952926,0.21514948007338455,333,219.45347027396923,14.4,nan,0.0078125,0.6581409573554993,0.21162707977396117,-0.0013914520144947557,0.0007587209693156183
3743744,411.2607862169971,0.005930983962528639,0.07093506306409836,,,,,,,,0.0,0.6582003831863403,0.21280457187462942,0.0003031420958309442,0.00037355846143327653
3751936,412.4284166469879,0.006298442570338195,0.07807617634534836,,,,,,,,0.0078125,0.6575043201446533,0.2126376203679095,9.585799965373017e-05,0.0019376609707251191
3760128,413.6400670839939,0.00624741785642698,0.07396240532398224,,,,,,,,0.0,0.6584225296974182,0.21225450606585228,0.0008647265344950684,0.0002175043773604557
3768320,414.8976838509843,0.005665087904428357,0.06663818657398224,,,,,,,,0.0,0.6579327583312988,0.21071094898917014,-0.0015792130444321616,0.0009674904868006706
3776512,416.14878305298043,0.006656691775885768,0.08294677734375,,,,,,,,0.0078125,0.6579917669296265,0.21112248929680236,-0.0007448840841363701,0.0006284602568484843
3784704,417.3994278199971,0.006443258231436397,0.07811279594898224,,,,,,,,0.0,0.658145010471344,0.21025782259958353,-0.0014090789243312348,0.00039817095967009664
3792896,418.5554861649871,0.005528618393533625,0.06367187947034836,,,,,,,,0.0,0.6575357913970947,0.21037602414789106,0.0005518739882013568,0.0014702592743560672
3801088,419.4776780829998,0.0070555884421828335,0.08854980766773224,0.0017507936128396961,0.21951731256228774,0.21514466771958393,333,219.45159915953016,28.35,nan,0.0078125,0.6581996083259583,0.21228573999108113,-0.00019988546758182248,0.00023931470059324056
3809280,420.40437842698884,0.005335613377527417,0.05953369289636612,,,,,,,,0.0,0.6579975485801697,0.21224839461130762,-3.271826681028431e-06,0.0003984058275818825
3817472,421.2353497639997,0.007450098162292401,0.09600830078125,,,,,,,,0.0078125,0.6578348278999329,0.21334348650552762,-0.0006682290842313054,0.0013439272297546268
3825664,422.0648573259823,0.007680382616174386,0.10035400837659836,,,,,,,,0.0,0.6584069132804871,0.211863494799216,-0.0010935001858257268,0.00020141692948527634
3833856,422.8785558450036,0.006194641109430339,0.07598876953125,,,,,,,,0.0,0.6576749682426453,0.21177631426532692,-0.0014225047801289092,0.0006702152313664556
3842048,423.693476741988,0.006024976734724196,0.07237549126148224,,,,,,,,0.0078125,0.6582320332527161,0.21176200451368854,0.00016045143501461725,0.0009676737827248871
3850240,424.53838307998376,0.005538090745232781,0.06312256306409836,,,,,,,,0.0,0.6584679484367371,0.21262944650462487,-0.0006133670023495499,0.00027030284400098026
3858432,425.3515837639861,0.006874868164614615,0.08685302734375,,,,,,,,0.0078125,0.6580670475959778,0.21280019571343273,-0.0005403041490473938,0.0007584471022710204
3866624,426.1874670989928,0.006804740886920058,0.08608398586511612,0.0015086165603420687,0.2169978324826689,0.21511814141296975,333,219.46228787089007,22.5,nan,0.0,0.6585721969604492,0.21306026467642405,-0.00030940100457181716,0.00014102578279562294
3874816,427.13982524798485,0.005738266011058164,0.06724853813648224,,,,,,,,0.0,0.6579761505126953,0.21299704547810072,-0.00044932102536609657,0.0004388097731862217
3883008,427.96338631398976,0.006696906192801089,0.08334960788488388,,,,,,,,0.0078125,0.6581939458847046,0.21265371401838515,-0.0011067699212116689,0.0008746489766053855
3891200,428.80537180497777,0.006133129062475597,0.07415771484375,,,,,,,,0.0,0.6583295464515686,0.21234131940789375,0.00048350136343512385,0.00041784346103668213
3899392,429.64889770699665,0.006327708358019196,0.07695312798023224,,,,,,,,0.0,0.6578738689422607,0.21181535620023148,-0.0006636309611316765,0.0019924521911889315
3907584,430.47879747199477,0.006327221466933775,0.07636719197034836,,,,,,,,0.0078125,0.6585012078285217,0.2124021760220519,0.0001815985107356472,0.00023587331816088408
3915776,431.39767619100166,0.005759415064373648,0.06855469197034836,,,,,,,,0.0,0.6581698060035706,0.21351203337333752,-0.0005499435192000383,0.0002943115250673145
3923968,432.23259437599336,0.006590352221368988,0.08197021484375,,,,,,,,0.0078125,0.6580489873886108,0.21305285432904947,-0.0003442213102416985,0.0009272933821193874
3932160,433.075737829,0.007975033866816139,0.10460205376148224,0.0016682633313539474,0.2199052436186896,0.2151600038054075,333,219.45448394356748,33.0,nan,0.0,0.6584280133247375,0.21357100450211725,-0.002422130832954983,0.0003561661869753152
3940352,434.04740095097804,0.006189742930873492,0.07517089694738388,,,,,,,,0.0,0.6576838493347168,0.21180567804812928,-0.00021356422498544853,0.0007275289972312748
3948544,434.890755653003,0.008198401113627548,0.102294921875,,,,,,,,0.0078125,0.6581143140792847,0.2120793229091396,-0.0015098165901008332,0.001855130190961063
3956736,435.71138351000263,0.005480078613519734,0.06215820461511612,,,,,,,,0.0,0.6582993268966675,0.2129237222181201,-0.0001351786253179873,0.00030092670931480825
3964928,436.53644301899476,0.006410085732412616,0.08043213188648224,,,,,,,,0.0078125,0.657931387424469,0.21217361140779195,-0.0012324344708592593,0.0012551561230793595
3973120,437.3813354589802,0.007144457657912194,0.08994140475988388,,,,,,,,0.0,0.6583995223045349,0.2136983832283898,-0.0014672461272338061,0.00018611345149111003
3981312,438.2215757329832,0.005998079883503051,0.07329101860523224,,,,,,,,0.0,0.6582483053207397,0.2124763761061877,-0.001079519918951731,0.0006065164343453944
3989504,439.05179035899346,0.0071128587402317705,0.09157714992761612,,,,,,,,0.0078125,0.6582545042037964,0.21225194143412476,0.00028707769232216493,0.0006883316673338413
3997696,440.1357541169855,0.0060242234633385875,0.07176513969898224,0.0016255259272314193,0.22059283642627725,0.21516011695492554,333,219.45382940993255,9.75,nan,0.0,0.6584600806236267,0.21357276908094236,-0.0004665766556026275,0.0002574038808234036
4005888,441.41073634198983,0.00609561319333042,0.07380371540784836,,,,,,,,0.0,0.657913088798523,0.21284196721957466,-0.0006196969532970154,0.002216590568423271
4014080,442.8512630519981,0.006853396275392417,0.08660888671875,,,,,,,,0.0078125,0.6585993766784668,0.21260049868283049,6.560342870034274e-05,0.00024496825062669814
4022272,444.3066054789815,0.006149322551785741,0.07388915866613388,,,,,,,,0.0,0.6583881378173828,0.21263334357602476,-0.00038395240651652824,0.000579115585424006
4030464,445.567243847996,0.00679345086883814,0.08669433742761612,,,,,,,,0.0078125,0.6580395698547363,0.212808767022547,-0.0001820438544350271,0.0009449346107430756
4038656,446.60666572500486,0.005786146891252692,0.06844482570886612,,,,,,,,0.0,0.6585517525672913,0.21276717428490807,-0.0002463285015052028,0.00012886592594441026
4046848,447.66271632298594,0.005240934687037817,0.0596923828125,,,,,,,,0.0,0.6580089330673218,0.21296544219536345,0.0004542970519235066,0.00027074097306467593
4055040,448.8275730239984,0.008807934620948263,0.11616211384534836,,,,,,,,0.0078125,0.6581596732139587,0.21374156437968161,0.0002786590284611903,0.001067681354470551
4063232,449.99323415599065,0.006451581680404145,0.08021240681409836,0.0017451862375635896,0.2205082160992824,0.21511049786631128,333,219.46301374735884,23.700000000000003,nan,0.0,0.6583097577095032,0.21320529243972586,-0.0014820298518723662,0.00028034657589159906
4071424,451.3754475909809,0.006957676270065213,0.08927001804113388,,,,,,,,0.0078125,0.65800940990448,0.21279377546166994,-0.0003453039897721576,0.00125999900046736
4079616,452.52165940898703,0.007642731666044004,0.09783935546875,,,,,,,,0.0,0.6583572626113892,0.21404937806953553,0.000372784505385883,0.00032750394893810153
4087808,453.6974253729859,0.005500244922665043,0.06284179538488388,,,,,,,,0.0,0.657936692237854,0.2135670727783198,0.00021394014851710275,0.00032885558903217316
4096000,454.84403020498576,0.006606398754929525,0.08342285454273224,,,,,,,,0.0078125,0.6579933762550354,0.21333012521379086,-0.0007019617368602825,0.0019940624479204416
4104192,455.9845927559945,0.006115777551009793,0.07384033501148224,,,,,,,,0.0,0.658277690410614,0.21291060047656366,2.2246047054398037e-05,0.00037010942469350994
4112384,457.19356887199683,0.005830911471447771,0.07025146484375,,,,,,,,0.0,0.6576153635978699,0.2127594129816051,0.0005222214784980642,0.0009885773761197925
4120576,458.477675378992,0.007060269057439015,0.08897705376148224,,,,,,,,0.0078125,0.6585434675216675,0.21320224292978388,-0.0003119162234786293,0.000255946273682639
4128768,459.85850109899184,0.005987513591959661,0.07357177883386612,0.0016507904945396445,0.22075509834127466,0.21515332812183866,333,219.4629716180566,23.700000000000003,nan,0.0,0.6582516431808472,0.21280013068803405,-0.001032650060503526,0.0003157871251460165
4136960,461.3660342739895,0.006431328042426113,0.07996826618909836,,,,,,,,0.0078125,0.6581315398216248,0.21224785800490636,0.001096256069880292,0.001118037267588079
4145152,462.74159366998356,0.006685172507388511,0.08226318657398224,,,,,,,,0.0,0.658399760723114,0.21346158326960168,-0.00032252378059373414,0.0002911865885835141
4153344,463.98410712898476,0.005466435042101151,0.06290283054113388,,,,,,,,0.0,0.6579674482345581,0.21328809041672492,0.0006092899126637859,0.0009519376908428967
4161536,465.1738271059876,0.007469664240963733,0.09650879353284836,,,,,,,,0.0078125,0.6581871509552002,0.21350264064078278,-0.0019128185044940873,0.0004623713903129101
4169728,466.3182846689888,0.0060442523503600395,0.07204589992761612,,,,,,,,0.0,0.6579163670539856,0.21307329863650418,-0.0009232532928950204,0.0003942656039725989
4177920,467.5488952609885,0.006396154989077582,0.08066406100988388,,,,,,,,0.0078125,0.657709538936615,0.21221011144022728,-0.000495772960174798,0.0012866677716374397
4186112,468.7441854820063,0.007309282601024357,0.09427490085363388,,,,,,,,0.0,0.6584872603416443,0.21342476468897745,-0.0008013371360877562,0.00013352339738048613
4194304,469.89662008499727,0.005985748525545516,0.07032471150159836,0.001814824234421919,0.2187097993675653,0.21515010158013442,333,219.44595176890485,9.75,nan,0.0,0.6578906178474426,0.21252799303074457,0.0006918691914604924,0.0005771336145699024
4202496,471.2376001740049,0.005821694092603365,0.06820068508386612,,,,,,,,0.0078125,0.6581485271453857,0.21278861881254413,0.000584653700357957,0.002213191008195281
4210688,472.4067161839921,0.006741853014013277,0.08516845852136612,,,,,,,,0.0,0.658553957939148,0.21244411280911613,5.184441456867115e-05,0.0002337066689506173
4218880,473.5475635039911,0.007436868398838437,0.09785156697034836,,,,,,,,0.0,0.6583608984947205,0.2133137388001353,-0.0028625564213384316,0.0005089262849651277
4227072,474.66968005598756,0.007245515680460091,0.09111328423023224,,,,,,,,0.0078125,0.658604621887207,0.21348084601903197,-0.0006689646108165557,0.00018984285998158157
4235264,475.84073137000087,0.00603953828519032,0.07254638522863388,,,,,,,,0.0,0.6581775546073914,0.21347472897773662,-0.0013010783747483279,0.00036295430618338287
4243456,477.0486906769802,0.008992287830548966,0.11582031100988388,,,,,,,,0.0078125,0.658044695854187,0.21349807804542195,-0.002228728452683711,0.000560404674615711
4251648,480.7038567699783,0.0063060482725784866,0.07802734524011612,,,,,,,,0.0,0.6585806012153625,0.21300078902073866,-0.0005986205999740019,0.0002033074852079153
4259840,486.5041086800047,0.007052061570950435,0.08997803181409836,0.00158834321936141,0.2196745281745589,0.21513304299909825,333,219.44113575771738,36.45,nan,0.0,0.6584585905075073,0.21293679744895386,-4.792833465875053e-05,0.0005071804043836892
4268032,493.6446536979929,0.006840748824101642,0.08631592243909836,,,,,,,,0.0078125,0.6585230827331543,0.21273515509863353,-0.0004823447453942238,0.0007756375707685947
4276224,499.2561901419831,0.006224291743234266,0.07656250149011612,,,,,,,,0.0,0.658476710319519,0.21311690786757712,-0.0009139339897928364,0.00037104630609974265
4284416,505.11799351798254,0.007783823657682352,0.10100097954273224,,,,,,,,0.0078125,0.6580271124839783,0.21346960531510714,-0.0009023872852482577,0.0013349674409255385
4292608,511.58636406899313,0.007654434118085063,0.09963379055261612,,,,,,,,0.0,0.6587228178977966,0.21266379628823562,-0.0006874115029026263,0.0001503630046499893
4300800,518.0207840919902,0.005971748240928351,0.07200928032398224,,,,,,,,0.0,0.6585125923156738,0.21230572431705483,-0.0004749816194078273,0.0005872334586456418
4308992,524.3431506030029,0.007719382397216298,0.10093994438648224,,,,,,,,0.0078125,0.6584089994430542,0.21143611675620683,-0.0005357575187387418,0.0009808925678953528
4317184,530.3644042249944,0.006750837621543763,0.08574219048023224,,,,,,,,0.0,0.658464789390564,0.2127897673039731,-0.0014112145953415888,0.000365820451406762
4325376,536.3309504849894,0.005799342286286861,0.06925048679113388,0.0014257944764295427,0.21882833868995227,0.21510461965368638,333,219.4336503550981,22.5,nan,0.0,0.657861053943634,0.212380898726552,0.0004146271655947274,0.001239771954715252
4333568,543.3741797169787,0.014937946755923396,0.17896728217601776,,,,,,,,0.0078125,0.6581020355224609,0.21255487567616096,0.004105691070330729,0.0030447968747466803
4341760,549.2996772039915,0.006635703527144914,0.08273925632238388,,,,,,,,0.0,0.6584501266479492,0.21303218108082295,-0.001154094842494419,0.00028348766500130296
4349952,555.2504067679984,0.009435617094689928,0.11988525837659836,,,,,,,,0.0078125,0.658206582069397,0.21278359552891649,-0.0013359497743241314,0.0020285218488425016
4358144,561.2221362160053,0.007289926532293146,0.09346923977136612,,,,,,,,0.0,0.6586723327636719,0.2135636998600678,-0.000643169685687705,0.00028049401589669287
4366336,567.5550333669817,0.006223077588166613,0.07329101860523224,,,,,,,,0.0,0.6585551500320435,0.21212859946701373,-0.0005292688316842558,0.000629259564448148
4374528,574.002728314983,0.008610644237445854,0.11237793415784836,,,,,,,,0.0078125,0.6582257747650146,0.2112133680356622,-3.1455644161203656e-06,0.0010214302456006408
4382720,580.1551475239976,0.006890843463734305,0.08802490681409836,,,,,,,,0.0,0.6585014462471008,0.21318087123833523,-0.0014271382827093799,0.0002386813284829259
4390912,585.9696663299983,0.006696425677915823,0.08336181938648224,0.0017447771581970972,0.21806927149480954,0.2151313950424744,333,219.45034300676883,19.05,nan,0.0078125,0.6581261157989502,0.21313516892563436,0.00013215509656629157,0.001098435022868216
4399104,593.1457553019864,0.007841678037446627,0.10360107570886612,,,,,,,,0.0,0.6587105393409729,0.21244602842800558,-0.00021236114018416427,0.00029139904654584825
4407296,599.0849716829835,0.0069950017364417295,0.08900146931409836,,,,,,,,0.0,0.6584343910217285,0.21247056483378118,0.00011281916275366117,0.00031062043854035437
4415488,605.0286971439782,0.007914619580423004,0.09990234673023224,,,,,,,,0.0078125,0.658287763595581,0.21276482084913934,-0.001261695854730207,0.0011392824817448854
4423680,610.977366089006,0.00709314147842462,0.09146728366613388,,,,,,,,0.0,0.6585824489593506,0.21306147751474333,-0.0009233737598531779,0.00020161089196335524
4431872,616.998165809986,0.006164945109634789,0.07608642429113388,,,,,,,,0.0,0.6583555936813354,0.21281583828125786,-0.00026607535156247206,0.0013342619640752673
4440064,622.9115362360026,0.007238474966481976,0.09365234524011612,,,,,,,,0.0078125,0.6585842370986938,0.21286597536388768,0.00011926869839945303,0.0003139620239380747
4448256,628.7843851109792,0.006744320439264373,0.08511962741613388,,,,,,,,0.0,0.658378005027771,0.2135030876452007,-0.0010699316930580056,0.0002569115022197366
4456448,634.6610694559931,0.006961816778801901,0.08653564751148224,0.0016311399317904263,0.21860559386520212,0.21519285943538607,333,219.4418408547076,45.75,nan,0.0078125,0.6582989692687988,0.2128799792967619,0.0011188183110719912,0.0006830972270108759
4464640,641.639564794983,0.006819816309999513,0.08697509765625,,,,,,,,0.0,0.6590004563331604,0.21395798229955793,-0.0006382517145136637,0.00015709926083218306
4472832,647.3527868859819,0.006141450319942459,0.07457275688648224,,,,,,,,0.0,0.6589615345001221,0.21346977262427153,0.0001550845492652418,0.0003206072433385998
4481024,653.3698985799856,0.007167559559297077,0.08837890625,,,,,,,,0.0078125,0.6588233113288879,0.21311817497590568,-0.00032953183406886154,0.00023636889818590134
4489216,659.3252608139883,0.006550099334420319,0.08226318657398224,,,,,,,,0.0,0.658726155757904,0.21339291788885997,-0.0003360915319929308,0.0010037428000941873
4497408,665.5255804240005,0.00701965645968456,0.08927001804113388,,,,,,,,0.0078125,0.6583917140960693,0.21290327484371335,-0.0007298210508517064,0.0034020624589174986
4505600,671.3810903989943,0.007734058082529445,0.09996338188648224,,,,,,,,0.0,0.6589791178703308,0.21384671214323822,0.0011433139664656557,0.0001203856008942239
4513792,677.0280562029802,0.006599284549828066,0.08353271335363388,,,,,,,,0.0,0.6589343547821045,0.21292244862734963,-0.0002771031824493436,0.00013950311404187232
4521984,682.9008237719827,0.007199053095494318,0.08994140475988388,0.001452627166660836,0.21860202659449537,0.2151043396512003,333,219.44625127674902,27.150000000000002,nan,0.0078125,0.658846378326416,0.21298810051704745,7.955840231580365e-05,0.00037881595198996365
4530176,689.8285200109822,0.007488279556199762,0.09587402641773224,,,,,,,,0.0,0.6585545539855957,0.213871773540659,-0.0007592780455001687,0.00013235044025350362
4538368,695.5925767399895,0.0069251829641244576,0.08837890625,,,,,,,,0.0,0.6582621932029724,0.21252679305037786,-6.687524685789068e-05,0.0004694858507718891
4546560,701.551033005002,0.007352929731098571,0.09379883110523224,,,,,,,,0.0078125,0.6587082743644714,0.21195357042346194,-0.0011153864319081394,0.00020309211686253548
4554752,707.6026470199868,0.0072382876752004974,0.09488525241613388,,,,,,,,0.0,0.6585901975631714,0.21300066333680862,0.0006038055936150048,0.00035686208866536617
4562944,713.6895476529899,0.00819720647494757,0.10090332478284836,,,,,,,,0.0078125,0.6583765745162964,0.21276778394924345,0.0004228106772522196,0.0015298834769055247
4571136,714.9454577559954,0.007548578272473397,0.09803467243909836,,,,,,,,0.0,0.6588164567947388,0.21368240511958797,-0.0005487739131734906,0.0001374588318867609
4579328,715.7990480680019,0.006725085094888398,0.08530273288488388,,,,,,,,0.0,0.6585253477096558,0.21321458938756935,-0.0007369555411731711,0.0007665116572752595
4587520,716.719873213995,0.00729977686231611,0.09140624850988388,0.001190811007967918,0.216674667163424,0.21514241224750266,333,219.43924671733706,35.25,nan,0.0078125,0.6586332321166992,0.21280483852974705,-0.00028018826407363927,0.00034531066194176674
4595712,717.6850806599832,0.007204022042005046,0.09328613430261612,,,,,,,,0.0,0.6584659814834595,0.21372624441188504,-0.00021984466720989158,0.00018779061792884022
4603904,718.5361269539862,0.007171722304729577,0.09180908650159836,,,,,,,,0.0078125,0.658259391784668,0.21297214194694702,-0.00043704044384216113,0.002037652535364032
4612096,719.3686001339811,0.007546899782987147,0.099609375,,,,,,,,0.0,0.6587653756141663,0.21328426510104398,0.00012595383576883187,9.458401473239064e-05
4620288,720.2459553979861,0.00697716678029163,0.08745117485523224,,,,,,,,0.0,0.6583962440490723,0.21298063789894894,-0.0010577671905232238,0.0002645984059199691
4628480,721.1739500359981,0.007483903301328351,0.09470214694738388,,,,,,,,0.0078125,0.6585417985916138,0.21296430248241296,0.0001937136277610968,0.0003769726608879864
4636672,722.0517703139922,0.006309793389823246,0.07644043117761612,,,,,,,,0.0,0.6586987376213074,0.21371072675713526,-0.0001573268898738641,9.575119474902749e-05
4644864,722.9303782409988,0.007035188597253947,0.08958740532398224,,,,,,,,0.0,0.6585444808006287,0.21332052498122053,-0.0010183704267323161,0.0016137975035235286
4653056,723.8463869080006,0.008273594520855423,0.11041259765625,0.001424070593045279,0.22037745569975278,0.21514220664350234,333,219.44051119055254,22.5,nan,0.0078125,0.658721923828125,0.2130803791980171,0.0003791907348265303,0.00013255703379400074
4661248,724.9027353340061,0.006671388187166289,0.08554687350988388,,,,,,,,0.0,0.6586119532585144,0.21361398482471317,0.0001685186788445855,0.0001545333507237956
4669440,725.767985841987,0.008102326160754337,0.10294189304113388,,,,,,,,0.0078125,0.6584097743034363,0.2136217753399427,0.0011008629158380178,0.001364242285490036
4677632,726.6219591779809,0.00703932373588316,0.08909912407398224,,,,,,,,0.0,0.6588312387466431,0.21402058202914342,0.0014696589157303262,0.00012903740571346134
4685824,727.5036136689887,0.006484514242231978,0.08111572265625,,,,,,,,0.0,0.6585956811904907,0.21353373753545948,0.00027812554544566384,0.00026177740073762834
4694016,728.4002474669833,0.0068469687149115156,0.08699951320886612,,,,,,,,0.0078125,0.658644437789917,0.2136608186511697,0.0014598725639360607,0.0013590584276244044
4702208,729.3184950639843,0.007399285304420473,0.09578857570886612,,,,,,,,0.0,0.6586456298828125,0.2131019155359246,-0.002261159888338623,0.00017545824812259525
4710400,730.1952962799987,0.006449013328342944,0.08006592094898224,,,,,,,,0.0078125,0.6583847403526306,0.2124664921152856,0.0006511667290504253,0.0007233895594254136
4718592,731.0621364139952,0.007448385595745422,0.094482421875,0.0014283245395880773,0.2166973666582949,0.2151764266940463,333,219.45801442055387,45.75,nan,0.0,0.6588989496231079,0.21418507952607233,-0.00032112663332173287,7.747917697997764e-05
4726784,732.0716943059815,0.006339803467489594,0.07969971001148224,,,,,,,,0.0,0.6586229801177979,0.2139310712241405,-0.0006635186050873927,0.00015721317322459072
4734976,732.8916525690001,0.006294972361933857,0.07664795219898224,,,,,,,,0.0078125,0.6585890054702759,0.2138258143066946,0.0012982554532587978,0.0008093894575722516
4743168,733.696341325005,0.006956054877929225,0.08820801228284836,,,,,,,,0.0,0.658778190612793,0.2125386892383633,-0.0007002459957815868,0.00011533011274877936
4751360,734.5660786980006,0.006558201488385067,0.08046875149011612,,,,,,,,0.0,0.6586066484451294,0.21263829624119474,0.0003885124939057502,0.0009596578893251717
4759552,735.4795362250006,0.00961546567410248,0.12397461384534836,,,,,,,,0.0078125,0.6585590839385986,0.2125182491734719,0.0020281772133742292,0.0005106804892420769
4767744,736.3870073879953,0.007006608554335921,0.08792724460363388,,,,,,,,0.0,0.6587728261947632,0.21258465150769507,-0.0006844853137848763,0.00029552067280746996
4775936,737.3218247939949,0.007522354091470628,0.09847412258386612,,,,,,,,0.0078125,0.6585766673088074,0.21143210561521902,-0.0001324747914387545,0.0007301392615772784
4784128,738.2557191149972,0.00727936363849471,0.09360351413488388,0.0012281003258463041,0.2190353176000357,0.21515443051869904,333,219.4673549975612,30.6,nan,0.0,0.6587989330291748,0.21375437428678476,0.0007831128189188963,0.00014004412514623255
4792320,739.3543915909831,0.005815861161282292,0.06850586086511612,,,,,,,,0.0,0.6584707498550415,0.2127239564108805,0.0005069721128880321,0.00046420074068009853
4800512,740.3161191229883,0.00878300979114816,0.11557617038488388,,,,,,,,0.0078125,0.6586410999298096,0.21276931813572228,0.0015997833769049348,0.0010776006383821368
4808704,741.2168882849801,0.007575934607531348,0.098876953125,,,,,,,,0.0,0.6587996482849121,0.21350357152464752,-0.0002792909500644879,0.00044055283069610596
4816896,742.193761550996,0.006968824211587957,0.08879394829273224,,,,,,,,0.0078125,0.658755898475647,0.21277098658770116,-0.00013010814982327237,0.001395792351104319
4825088,743.2393352179788,0.009204760701993933,0.12327881157398224,,,,,,,,0.0,0.6588934659957886,0.21397944679836978,0.0008195741292950529,0.00016778572171460837
4833280,744.2086608730024,0.006473633545205296,0.07850342243909836,,,,,,,,0.0,0.6588373184204102,0.21376103201495317,0.001144931579351473,0.0003411706129554659
4841472,745.1588458399929,0.007782839511367823,0.10098876804113388,,,,,,,,0.0078125,0.6586827635765076,0.21403665979785766,0.0006131662715442578,0.0011779855703935027
4849664,746.1206455329957,0.006382475952582855,0.07967529445886612,0.0014626677834002066,0.22073527839574775,0.21511827654179308,333,219.48383927588634,36.45,nan,0.0,0.6586951613426208,0.21375876345952016,0.0004372431487090415,0.0002551086072344333
4857856,747.2543695659842,0.006831518617833438,0.08514404296875,,,,,,,,0.0,0.6584082245826721,0.2130395698326138,-0.00020715927709471582,0.0003243839892093092
4866048,748.2530599629972,0.008425199509445504,0.11342773586511612,,,,,,,,0.0078125,0.6588152050971985,0.21363977066615464,-0.0015245674290320604,0.000167691134265624
4874240,749.2466761719843,0.00706368939745313,0.09079589694738388,,,,,,,,0.0,0.6588736772537231,0.21298815190683587,0.0009320107575213348,0.00043350813211873174
4882432,750.2569701939938,0.006882494636756212,0.08638916164636612,,,,,,,,0.0078125,0.6587464213371277,0.21246501722557568,-3.573785808324659e-05,0.0009097378933802247
4890624,751.290820825001,0.008013236634433252,0.10611572116613388,,,,,,,,0.0,0.6588016748428345,0.2141371800419757,0.000848480568535506,9.620849596103653e-05
4898816,752.2714866570022,0.006541843547795714,0.08132324367761612,,,,,,,,0.0,0.6587050557136536,0.21340162500748092,-0.000448766102225627,0.0001747123897075653
4907008,753.2908320129791,0.008427299303863526,0.11246337741613388,,,,,,,,0.0078125,0.6588024497032166,0.21313780935477705,0.0004299656230658683,0.0006381103303283453
4915200,754.3000862110057,0.00738907610533225,0.09331054985523224,0.0017447103125939334,0.2201113057959343,0.2151616550335978,333,219.48989545188937,42.300000000000004,nan,0.0,0.6586535573005676,0.21346927593655923,-0.00011310698788138306,0.00017285435751546174
4923392,755.5428267819807,0.008070348619585933,0.10330810397863388,,,,,,,,0.0078125,0.6585166454315186,0.2131044302213462,-0.0008371750984237103,0.0007855930598452687
4931584,756.5407255949976,0.008039735943021183,0.10611572116613388,,,,,,,,0.0,0.6589515209197998,0.21432913794270497,0.0007059882689570512,5.5591368436580524e-05
4939776,757.5361513099924,0.006471982016177736,0.08245849609375,,,,,,,,0.0,0.6587303876876831,0.21369793754497163,2.894777749669216e-05,0.00016277866961900145
4947968,758.5255796139827,0.007811153090623854,0.10211181640625,,,,,,,,0.0078125,0.6587004661560059,0.213802282825788,0.0009164460583248364,0.0004700344579759985
4956160,759.5352918650024,0.00668125601132342,0.08380126953125,,,,,,,,0.0,0.6589159965515137,0.21381158457050725,-0.0006032773717448838,0.00032242899760603905
4964352,760.5393747490016,0.006543726559052223,0.08175048977136612,,,,,,,,0.0,0.6587452292442322,0.2131902045339237,0.0009958480231586084,0.0011361659271642566
4972544,761.5918317860051,0.013495818136445481,0.17304687201976776,,,,,,,,0.0078125,0.6586662530899048,0.2129580220046257,0.0013624788501399845,0.0011922260746359825
4980736,762.589221732982,0.006424713977856361,0.08016357570886612,0.0013911831505784011,0.22052587068192034,0.21512301831720806,333,219.47650600478113,31.8,nan,0.0,0.6588022708892822,0.21384478280332203,-0.0008429085321276536,0.00015248429554048926
4988928,763.7186517189839,0.007668669519349663,0.09599609673023224,,,,,,,,0.0078125,0.6586789488792419,0.21338291565837095,-0.0011767844603379589,0.0006462814635597169
4997120,764.6231704799866,0.008377771209395155,0.11134033650159836,,,,,,,,0.0,0.6589058637619019,0.2137381805328919,-0.0006358489749216786,0.00016289213090203702
5005312,765.5464727699873,0.006437914707416609,0.078857421875,,,,,,,,0.0,0.6588064432144165,0.2128891606556674,0.0010304767192744612,0.0003768018796108663
5013504,766.4332940449822,0.00827999466091673,0.10805664211511612,,,,,,,,0.0078125,0.6587851047515869,0.21323407955273743,0.00021312240716034274,0.0006227812846191227
5021696,767.4007859469857,0.006434761694379293,0.08029785007238388,,,,,,,,0.0,0.658894956111908,0.21341373191895738,0.0005706955547202283,0.00015158664609771222
5029888,768.4091802559851,0.0062933940628275425,0.07786865532398224,,,,,,,,0.0078125,0.6586854457855225,0.21345348755145097,-0.0008018290028807064,0.0032732603140175343
5038080,769.4637634289975,0.008377919494223271,0.11118163913488388,,,,,,,,0.0,0.6589382290840149,0.21362236286615527,0.001680881669245079,0.00016136521298903972
5046272,770.5164299960015,0.007105097901166839,0.09130859375,0.0013331238429505898,0.21849518137105065,0.21514995538560808,333,219.47452926964218,22.5,nan,0.0,0.6587562561035156,0.21349277771314693,-0.0008738238413998488,0.0002836291678249836
5054464,771.7688691319781,0.0074278933890732785,0.09617920219898224,,,,,,,,0.0078125,0.6587561964988708,0.21289049082156358,0.0003333047255705951,0.0011622877791523933
5062656,772.8127303670044,0.007382567900720116,0.09418945759534836,,,,,,,,0.0,0.6589003205299377,0.21426587123042506,-0.001140892006682826,8.378180064028129e-05
5070848,773.8467668499798,0.006382947911729254,0.0789794921875,,,,,,,,0.0,0.6588186621665955,0.2139390881440734,-4.1334410607410887e-05,0.000279692787444219
5079040,774.8673763679981,0.007128669161909032,0.09144287556409836,,,,,,,,0.0078125,0.6588630676269531,0.21329464567684603,0.001222784521636387,0.000717782590072602
5087232,775.9173452940013,0.007201011820393616,0.09475097805261612,,,,,,,,0.0,0.6585555076599121,0.21389745796204446,-0.0003420204939634784,0.0001248044427484274
5095424,776.9617577680037,0.006631059333343903,0.08238525688648224,,,,,,,,0.0078125,0.6584988832473755,0.2139453705515742,-0.00032571669479017763,0.0020624645985662937
5103616,778.0495957309904,0.007762097410382135,0.10114746540784836,,,,,,,,0.0,0.6590484380722046,0.21370250171907848,0.00042615396388229567,0.00011249603994656354
5111808,779.1100053239788,0.006873214149050547,0.08803711086511612,0.0013225866623162164,0.22008990936952055,0.21520089826944822,333,219.4700812891298,49.2,nan,0.0,0.6588432192802429,0.21310626210077427,-0.000773409359505947,0.00028619615477509797
5120000,780.3738438799919,0.007984912062140114,0.10093994438648224,,,,,,,,0.0078125,0.6587283611297607,0.21309763537782617,-0.00047911112115594395,0.0005619937437586486
5128192,781.4882557539968,0.007454220714621377,0.09624023735523224,,,,,,,,0.0,0.6588690876960754,0.21352518324294842,0.0012062688642602848,0.00010644944995874539
5136384,782.5340868549829,0.007486155547531162,0.09517822414636612,,,,,,,,0.0078125,0.658673882484436,0.2130808548594818,-0.0009605812291460521,0.0017654619878157973
5144576,783.5637315359781,0.009408297668042112,0.12965087592601776,,,,,,,,0.0,0.6589123010635376,0.21265904447896591,-0.0009160453702960602,0.000105280450952705
5152768,784.6564009969879,0.0060925752362687114,0.07492675632238388,,,,,,,,0.0,0.6587693691253662,0.21250855153137108,0.00017623378402219065,0.00023782822245266289
5160960,785.7106851509889,0.008138096790817737,0.10573730617761612,,,,,,,,0.0078125,0.6587207913398743,0.21310258640019417,0.0008612511636663438,0.0005441784160211682
5169152,786.8821475229925,0.007692515845717872,0.10181885212659836,,,,,,,,0.0,0.6588636040687561,0.21382484594671652,-0.0002628751670003424,0.0001448748225811869
5177344,787.9850090499967,0.006199095767048069,0.07658691704273224,0.0014305159368455111,0.2190309398565128,0.2151584274358854,333,219.4569586927527,36.45,nan,0.0,0.6587667465209961,0.21336354810940733,0.0005005423377758828,0.00018499880388844758
5185536,789.3144901669875,0.007998612359317099,0.10540771484375,,,,,,,,0.0078125,0.6588736772537231,0.21339763652619329,0.0009368696959902938,0.00011454539344413206
5193728,790.3731644789805,0.008443536732789761,0.1087646484375,,,,,,,,0.0,0.6586806774139404,0.21385886223031148,-0.0002687399442405089,0.0005251818220131099
5201920,791.5097838899819,0.008481850660674884,0.10820312798023224,,,,,,,,0.0078125,0.6586537957191467,0.21392519722325357,-0.0004382655783994661,0.0009483620524406433
5210112,792.5774682000047,0.008154282069592523,0.10832519829273224,,,,,,,,0.0,0.6588599681854248,0.21367136755856708,0.0010457103363173286,0.00017619147547520697
5218304,793.6949939790065,0.006586212169698642,0.08303222805261612,,,,,,,,0.0,0.6587527990341187,0.21335597950495458,3.266972929596794e-05,0.0002087202447000891
5226496,794.8054074329848,0.008902389743123143,0.1160888671875,,,,,,,,0.0078125,0.658837080001831,0.2130302278487855,0.0006319664417015064,0.000372337584849447
5234688,795.8806204150023,0.007763542667376486,0.10355224460363388,,,,,,,,0.0,0.6589683294296265,0.21259849390822852,0.00029066978147787977,0.00019962048099841923
5242880,797.005926968006,0.0067301374915839434,0.08372803032398224,0.0011616467904626004,0.22026256677567066,0.21516913723529343,333,219.4612710853857,30.6,nan,0.0078125,0.6588258147239685,0.21249363644328362,0.00015366531753251446,0.0012522194301709533
5251072,798.2337522580056,0.011458857788463957,0.15131835639476776,,,,,,,,0.0,0.6590286493301392,0.2135569369726414,0.0031081974001176496,0.00015619531041011214
5259264,799.2068320779945,0.007828793647257512,0.10430908203125,,,,,,,,0.0,0.6588658094406128,0.21337385357581823,-0.001440671499103563,9.798962128115818e-05
5267456,800.1476406159927,0.013980782494254197,0.16058349609375,,,,,,,,0.0078125,0.6587179899215698,0.21403984158290004,0.006294788642627823,0.004795446526259184
5275648,801.1046778029995,0.008026203157429948,0.10578613728284836,,,,,,,,0.0,0.6587586402893066,0.21405146830808372,0.002820659410061796,0.0004526195116341114
5283840,802.1222985909844,0.007090923849622233,0.09067382663488388,,,,,,,,0.0,0.6589446067810059,0.21385037750543945,-0.0006862191960575363,0.0001284877653233707
5292032,803.2187295629992,0.008411236151164554,0.10880126804113388,,,,,,,,0.0078125,0.6589174270629883,0.2141297870218183,-0.00047396955087550057,0.00012199968477943912
5300224,804.3427191939845,0.007487027947515887,0.09744872897863388,,,,,,,,0.0,0.6589558124542236,0.21388362395230415,-0.0009013736667220387,0.00010357752034906298
5308416,805.4595499110001,0.008287572582692386,0.10561523586511612,0.0012232150840100209,0.2188070123789813,0.21516782177409577,333,219.45608484988463,30.6,nan,0.0078125,0.6589269638061523,0.2138739761025356,0.000294786072650359,0.00028172149905003607
5316608,806.7476427390066,0.007271482880489186,0.09361572563648224,,,,,,,,0.0,0.658795177936554,0.21432651758260027,0.0005879604261835479,0.00011516953964019194
5324800,807.8453965460067,0.0080597157152939,0.10535889118909836,,,,,,,,0.0,0.6586055755615234,0.21343496617368704,0.0011233096808406374,0.0010837885783985257
5332992,808.9330247129838,0.009838433885707666,0.13237304985523224,,,,,,,,0.0078125,0.6587655544281006,0.21355264852599212,0.0012781344551139326,0.00024092588864732534
5341184,810.0325158159831,0.008093338869670197,0.10936279594898224,,,,,,,,0.0,0.6589440107345581,0.21335826261240212,-0.00046538156531953604,9.535689605399966e-05
5349376,811.1900405380002,0.00767521124282254,0.09914550930261612,,,,,,,,0.0078125,0.6588115692138672,0.21344325772900077,0.0006989782682867164,0.0004993873299099505
5357568,812.486728955002,0.00874222122287225,0.11625976860523224,,,,,,,,0.0,0.6590265035629272,0.21439032677668526,0.0009267279343206453,8.97502904990688e-05
5365760,813.7077862099977,0.007392872126719824,0.09603271633386612,,,,,,,,0.0,0.6587353348731995,0.21420182611836364,-0.001278952517888884,0.00018653056758921593
5373952,814.8753926909994,0.008410352220342044,0.11217041313648224,0.001399986855779467,0.22044867769032056,0.21518062461557333,333,219.47059711053106,41.1,nan,0.0078125,0.6587933301925659,0.2137399833907993,-5.88894234859414e-05,0.002970457775518298
5382144,816.3020952460065,0.008172225160585985,0.10960693657398224,,,,,,,,0.0,0.6589749455451965,0.21407079480616803,-0.00027627709674470937,7.432371057802811e-05
5390336,817.4583136299916,0.006873154902662951,0.08812256157398224,,,,,,,,0.0,0.6589667797088623,0.2132411608537454,-0.0001123961835282631,0.00016258400864899158
5398528,818.6109489749942,0.0076726894981635,0.09635009616613388,,,,,,,,0.0078125,0.6588866114616394,0.21324765216382685,0.0004636707409165126,0.000162445823661983
5406720,819.7286966539978,0.00790801848266394,0.10366211086511612,,,,,,,,0.0,0.6589498519897461,0.21427892071825086,-0.0005038258776183886,0.00012047986820107326
5414912,820.8256349629955,0.007549582421009578,0.09876709431409836,,,,,,,,0.0078125,0.658881664276123,0.21363132464096418,0.0006131716230681071,0.00045112217776477337
5423104,821.9823078560003,0.008208866403306299,0.10909423977136612,,,,,,,,0.0,0.6590114831924438,0.21441120333140745,0.00041743504755806726,9.549283277010545e-05
5431296,823.1261800850043,0.006585617925036308,0.08187256008386612,,,,,,,,0.0,0.6588686108589172,0.21393250066243605,0.000164454833935038,0.0001760789891704917
5439488,824.2407951429777,0.009833407052695413,0.13155518472194672,0.001121582286670697,0.220397994119195,0.2151860965518607,333,219.47928566393426,39.900000000000006,nan,0.0078125,0.6586092710494995,0.2137144583075067,0.00011075673863974103,0.0017672479152679443
5447680,825.6695373620023,0.007695389339124953,0.10101318359375,,,,,,,,0.0,0.6588625907897949,0.21432007661342145,0.0006109904747868941,6.40537982690148e-05
5455872,826.8560793949873,0.006467905988845702,0.08104248344898224,,,,,,,,0.0078125,0.6588791608810425,0.21399998233937317,-0.0002923075169767518,0.0010266024619340897
5464064,828.1216290169978,0.008662482471820788,0.11192627251148224,,,,,,,,0.0,0.6587812304496765,0.21409796574207696,0.0014448824038291387,0.00011997830733889714
5472256,829.2865504309884,0.006441092228515044,0.08050537109375,,,,,,,,0.0,0.6586316823959351,0.21345906606003315,0.0005187510171974534,0.0001378091546939686
5480448,830.393855339993,0.008721162687104402,0.11672363430261612,,,,,,,,0.0078125,0.6587457060813904,0.21313293279291162,-0.0008083074782752061,0.0009656520560383797
5488640,831.5116380759864,0.007506046466929553,0.09956055134534836,,,,,,,,0.0,0.6589505672454834,0.21376121101144957,-0.0002947354478876958,5.254523784969933e-05
5496832,832.6677085339907,0.006359915745726795,0.07769775390625,,,,,,,,0.0,0.6589655876159668,0.21354008781240325,-0.0009752489228784391,0.0008361926302313805
5505024,833.83936558399,0.008414380628792219,0.11049804836511612,0.0018395269424985594,0.22018639618319172,0.21525065233991253,333,219.47343566419835,32.1,nan,0.0078125,0.6588132381439209,0.2133977862600338,0.0004534263868443649,0.00014485254359897226
5513216,835.066873017,0.007871824509373135,0.10267334431409836,,,,,,,,0.0,0.6587345004081726,0.21412098960611395,0.0009429165661380516,0.0001524121908005327
5521408,836.0868400269828,0.008271429823205079,0.1058349609375,,,,,,,,0.0078125,0.6586924195289612,0.2140569708154397,0.000645879755560586,0.0004231255443301052
5529600,837.1033156109916,0.008547505172280962,0.11663818359375,,,,,,,,0.0,0.6590392589569092,0.21405529874588675,-0.00034455951563788025,0.00019003430497832596
5537792,838.0750159540039,0.007660260387841043,0.09953613579273224,,,,,,,,0.0,0.6588963270187378,0.2137224024843094,-1.7573185843135134e-05,0.0003117979213129729
5545984,839.0399320799916,0.010100649446588419,0.13347168266773224,,,,,,,,0.0078125,0.6589771509170532,0.21399886234024498,0.0021060847446767016,0.0003783953143283725
5554176,840.0296642970061,0.007952278348571368,0.10395508259534836,,,,,,,,0.0,0.6589658856391907,0.21347163104423336,0.0011726328013848355,0.0001548701256979257
5562368,841.0156726980058,0.008015656135329443,0.10552978515625,,,,,,,,0.0,0.6589760780334473,0.21341899235174577,-0.0003408155128353396,0.002903183689340949
5570560,842.0865774510021,0.009427524292390105,0.12202148884534836,0.001620621558986124,0.2198302607480412,0.21519599043588503,333,219.4769226842421,37.65,nan,0.0078125,0.658911943435669,0.21434325772392487,-0.0010434327988835556,6.330148607958108e-05
5578752,843.4776089130028,0.007389197062478126,0.09591064602136612,,,,,,,,0.0,0.6589255928993225,0.21406628000267786,-0.0003726651493017463,9.862674778560176e-05
5586944,844.554039301991,0.006953939771071388,0.08619385212659836,,,,,,,,0.0078125,0.6589213013648987,0.21386316156307045,0.00016095855692827417,0.00013577158097177744
5595136,845.5680176829919,0.0076827414595480835,0.10140381008386612,,,,,,,,0.0,0.6589313745498657,0.21338117193834677,0.0010364980036478729,5.800462167826481e-05
5603328,849.0483895289944,0.0075924313516379785,0.10103759914636612,,,,,,,,0.0,0.6588079333305359,0.21273475379942358,-0.00027041658360294293,0.00013411804684437811
5611520,854.6407245309965,0.0082490055634248,0.10581054538488388,,,,,,,,0.0078125,0.6588561534881592,0.21275167396889896,-0.00041213733564494015,8.492291090078652e-05
5619712,860.1856850549811,0.007806143802632476,0.10100097954273224,,,,,,,,0.0,0.6588352918624878,0.2134019068282519,-0.00233358174208024,7.363848999375477e-05
5627904,865.8657680290053,0.008856526532515025,0.11503906548023224,,,,,,,,0.0078125,0.6587958335876465,0.21276640358702498,-0.00037933100562732316,0.0015857774997130036
5636096,871.5041950079903,0.008867335933384445,0.12102051079273224,0.0012645335978189731,0.21747508797249232,0.21517326146078894,333,219.4946597091703,39.900000000000006,nan,0.0,0.6590672731399536,0.21436952543255913,-4.667546145093807e-05,5.6022337957983837e-05
5644288,878.4055132089998,0.007446295989237903,0.09748535603284836,,,,,,,,0.0,0.6588900089263916,0.21355789844935544,-0.0009418004234270335,0.00012633021106012166
5652480,884.055419915996,0.00990539161150072,0.1348876953125,,,,,,,,0.0078125,0.6589815020561218,0.21395954470606182,0.0007147622383541106,0.0027560745365917683
5660672,889.5996925929794,0.007055460780411198,0.09078369289636612,,,,,,,,0.0,0.6589467525482178,0.21401599824323161,-0.00016022641070169986,6.435441173380241e-05
5668864,895.108529975987,0.007599798408255186,0.09913330525159836,,,,,,,,0.0,0.6589875221252441,0.21388016307141142,4.333285400248536e-05,0.0002735787711571902
5677056,900.6606276950042,0.009833270577049292,0.13068847358226776,,,,,,,,0.0078125,0.659031331539154,0.21438863645456602,0.002629514562220803,5.502096610143781e-05
5685248,906.3239996880002,0.0076747667444776214,0.1007080078125,,,,,,,,0.0,0.6589528918266296,0.2143886178711965,-0.000951002436269706,9.038016287377104e-05
5693440,912.3308598699805,0.009423018970901975,0.1243896484375,,,,,,,,0.0078125,0.658842921257019,0.21391795237604466,0.0007321047655576516,0.000849321426358074
5701632,918.3639876199886,0.00925951956678152,0.12696532905101776,0.0015024328221440175,0.2171168091428816,0.21517117569331012,333,219.5220497778788,31.8,nan,0.0,0.6589382886886597,0.21412447850346958,0.0010868105733156542,0.00010160943929804489
5709824,925.5124582439894,0.007586755184328687,0.09874267876148224,,,,,,,,0.0,0.6587735414505005,0.21302282459416372,0.00046776225593936463,0.0002179391885874793
5718016,931.306400831003,0.01153575948557864,0.14882813394069672,,,,,,,,0.0078125,0.659047544002533,0.2136513235991751,0.0018716672687760082,0.0003977199667133391
5726208,937.0746585899906,0.0070038527021018876,0.08950195461511612,,,,,,,,0.0,0.6590954661369324,0.2142177432956036,-0.0003840570616376205,9.133767161983997e-05
5734400,942.9904995769903,0.011231772023784623,0.13227538764476776,,,,,,,,0.0078125,0.6587786078453064,0.2142368658123756,0.0005348879555187957,0.002037466038018465
5742592,948.819670263998,0.014742896493968288,0.19332276284694672,,,,,,,,0.0,0.6581563353538513,0.2142026646733702,0.002442879719601202,0.006327272858470678
5750784,954.5661562689929,0.010648430864929545,0.15327148139476776,,,,,,,,0.0,0.6588736176490784,0.2141482662957642,-0.005979835759551164,0.00027747469721361995
5758976,960.5099066569819,0.009162199889572923,0.11824951320886612,,,,,,,,0.0078125,0.6590790152549744,0.21391379061816482,0.0016342675104813959,0.000721424410585314
5767168,966.311093900993,0.008916880232733591,0.11778564751148224,0.001261814406716133,0.21770286852283854,0.2151908367093927,333,219.5195673660674,27.150000000000002,nan,0.0,0.6590439677238464,0.21411268378816167,7.229070789522016e-05,0.00010008904064306989
5775360,973.5107558229938,0.007659339443031482,0.10054931789636612,,,,,,,,0.0,0.6590054035186768,0.21330831520026777,-0.0009391666784156636,0.00048057385720312595
5783552,979.2499677549931,0.015230158632264124,0.20445556938648224,,,,,,,,0.0078125,0.6584423780441284,0.2144958513780376,0.002291384276016623,0.0033683457877486944
5791744,985.0621364819817,0.008813245880936212,0.11849365383386612,,,,,,,,0.0,0.6590092778205872,0.21368804631041702,-5.138514640654003e-05,0.00019547562988009304
5799936,990.8598779949825,0.009026746884281324,0.11839599907398224,,,,,,,,0.0078125,0.6589876413345337,0.21398882141277215,0.0010595535527514847,0.003523989114910364
5808128,995.6085601539817,0.008867596251091773,0.11898193508386612,,,,,,,,0.0,0.6592324376106262,0.21444956172948965,0.00243625860157658,7.891191489761695e-05
5816320,996.4579470249882,0.006909435690920247,0.08809814602136612,,,,,,,,0.0,0.6591299772262573,0.21418569878063692,0.001287238249824538,0.00016995663463603705
5824512,997.3324006290059,0.009503493484025042,0.12598876655101776,,,,,,,,0.0078125,0.6589477062225342,0.21373985443720875,-0.0014693954277779156,0.0002512904757168144
5832704,998.2554412089812,0.007922922511148895,0.10518798977136612,0.0021922086720810308,0.2200881212590796,0.21523241174939095,333,219.51375963833922,49.5,nan,0.0,0.6588584780693054,0.2141267472789234,-3.972076996947128e-05,8.138358680298552e-05
5840896,999.378515354998,0.00912897599891942,0.12047119438648224,,,,,,,,0.0078125,0.6587709188461304,0.21405670066689342,-0.0003213968780962847,0.0015859354753047228
5849088,1000.2618025089905,0.008306871681276027,0.11219482868909836,,,,,,,,0.0,0.6589992046356201,0.21399763784142595,-0.0007211912878138313,8.253692794824019e-05
5857280,1001.1232299849798,0.00680524471318032,0.08624267578125,,,,,,,,0.0,0.6590188145637512,0.21358403601244702,0.00013066667085772442,0.00010614975326461717
5865472,1002.0071721839777,0.010980080586248006,0.14488525688648224,,,,,,,,0.0078125,0.6589406132698059,0.21329353346889007,-0.00028517647485536623,0.0005985304596833885
5873664,1002.8787488649832,0.007095374284341209,0.09101562947034836,,,,,,,,0.0,0.6591156721115112,0.21465765879963478,0.0016743260453674102,0.00010469221888342872
5881856,1003.7869764369971,0.007311933718526318,0.09407959133386612,,,,,,,,0.0,0.6590476036071777,0.2141962911521056,5.926293839760614e-05,0.001737236394546926
5890048,1004.6671743140032,0.008093052141561322,0.10532226413488388,,,,,,,,0.0078125,0.6590101718902588,0.214545605644336,0.0016877624881760354,9.47895459830761e-05
5898240,1005.4426453469787,0.007629330443646666,0.10006103664636612,0.001298640587404254,0.21672379798988656,0.21520889597965892,333,219.51666004187018,22.5,nan,0.0,0.6589363813400269,0.21400254738257413,-0.00037494844240082003,7.463496876880527e-05
5906432,1006.3911005929986,0.007315900695900804,0.09282226860523224,,,,,,,,0.0078125,0.6589087247848511,0.214100566975073,0.0017964660243942308,0.0001501464139437303
5914624,1007.2718638999795,0.008082837734409485,0.10932617634534836,,,,,,,,0.0,0.6591817736625671,0.21444006052779163,0.001213883343997576,4.6979064791230485e-05
5922816,1008.1952661979885,0.007409655170706512,0.09511718899011612,,,,,,,,0.0,0.6590131521224976,0.21452896943314143,-0.0005278122545759793,8.551275095669553e-05
5931008,1009.0972995850025,0.008961430736294204,0.11506348103284836,,,,,,,,0.0078125,0.6591119766235352,0.21451677550608744,0.00037482008605192816,0.00013669101463165134
5939200,1009.9730284450052,0.007535426475086382,0.10031738132238388,,,,,,,,0.0,0.6590448021888733,0.21432515827075532,0.0012143651059402759,7.663440192118287e-05
5947392,1010.8467540099809,0.007664444902668078,0.09732665866613388,,,,,,,,0.0078125,0.6590476036071777,0.21415864416660474,0.0019152855780110991,0.0007033746223896742
5955584,1011.7227118849987,0.008453173226553529,0.11341553181409836,,,,,,,,0.0,0.6590921878814697,0.2142558674448519,0.0007691558380009426,4.098572753719054e-05
5963776,1012.6053457919916,0.007942265662527133,0.10422363132238388,0.001583670608324872,0.21760759757917553,0.21520893504403857,333,219.5389768303013,19.05,nan,0.0,0.6590391397476196,0.21415857050094494,0.0006352985141393783,0.00010945261601591483
5971968,1013.7228877689922,0.011005839454704834,0.14281006157398224,,,,,,,,0.0078125,0.6590260863304138,0.21378736678181406,0.0007523357026157023,0.0002750938874669373
5980160,1014.6009575179778,0.007717663128615951,0.10120850056409836,,,,,,,,0.0,0.6591158509254456,0.2144248563810342,0.0003023349939096111,6.177242175908759e-05
5988352,1015.4802765109926,0.007722542413746311,0.10103759914636612,,,,,,,,0.0,0.6589516997337341,0.2140869232682753,0.0002311377977568729,0.00217377464286983
5996544,1016.4336719299899,0.00989520730331392,0.12209472805261612,,,,,,,,0.0078125,0.6590934991836548,0.2143854839890506,-0.0027493088801792682,8.246755896834657e-05
6004736,1017.3385120930034,0.007109661267276452,0.09146728366613388,,,,,,,,0.0,0.6590176224708557,0.2142778078795582,-0.00033064156647064405,5.9016019804403186e-05
6012928,1018.2271292399964,0.008331370454879253,0.10725098103284836,,,,,,,,0.0078125,0.6589220762252808,0.21424839642663493,-0.0007297464372835855,0.0005431240424513817
6021120,1019.1696741539927,0.009388176788781254,0.12460937350988388,,,,,,,,0.0,0.6589407920837402,0.21387865240687404,0.00179118376527745,0.0001468196278437972
6029312,1020.0749936609936,0.008134811598725936,0.10770263522863388,0.0019163491704592417,0.2167925939481472,0.2151868111854823,333,219.53941394119136,48.150000000000006,nan,0.0,0.6588592529296875,0.21422906293269733,-0.0008359470009853629,8.456152136204764e-05
6037504,1021.2036070729955,0.010449410728845828,0.13815918564796448,,,,,,,,0.0078125,0.6589260101318359,0.21357257683673142,0.0006533816769118696,0.00022396599524654448
6045696,1022.1215811329894,0.007654883241576121,0.10187988728284836,,,,,,,,0.0,0.658936083316803,0.21417219552952277,0.0005011675527837343,0.00013014748401474208
6053888,1023.0578604559996,0.0077767133757768855,0.10057373344898224,,,,,,,,0.0078125,0.6589515805244446,0.21348369898076433,0.0009550909841688292,0.00042013992788270116
6062080,1024.049983347999,0.00915293150754667,0.12360840290784836,,,,,,,,0.0,0.6590002179145813,0.21404646045167505,0.0023567913638614553,0.0006960107129998505
6070272,1024.9690028989862,0.006955321840981238,0.08845215290784836,,,,,,,,0.0,0.6589769721031189,0.2134690387528313,0.000535961961432991,0.000673928705509752
6078464,1025.9380135249812,0.00774995418971983,0.09946288913488388,,,,,,,,0.0078125,0.6589139699935913,0.21327661448989751,0.0013491285602234306,0.012354682199656963
6086656,1026.8628790749935,0.00815516652489983,0.10756836086511612,,,,,,,,0.0,0.6590890884399414,0.2139028624714357,0.0007731929739384255,0.0001636007073102519
6094848,1027.8456471769896,0.007267667243304636,0.09440918266773224,0.0019088620064158235,0.21878060173043729,0.21522251520652672,333,219.53040344129664,46.95,nan,0.0,0.6590069532394409,0.21368259389437072,-0.00027222016897049037,0.0040297056548297405
6103040,1029.0194898829795,0.010478345486554717,0.14136962592601776,,,,,,,,0.0078125,0.659078061580658,0.21419080292843762,0.0003780493295001574,0.0007972493767738342
6111232,1029.9306489510054,0.007075968261606004,0.09149169921875,,,,,,,,0.0,0.6591222882270813,0.21446853149179587,0.000860710716996441,0.00015864694432821125
6119424,1030.8887283869844,0.007894876163959515,0.10045166313648224,,,,,,,,0.0078125,0.6590585708618164,0.21444386943487923,0.0001852483540905427,0.0020590024068951607
6127616,1031.849030821002,0.009471589689660713,0.12957763671875,,,,,,,,0.0,0.6590472459793091,0.21425686585874568,0.00014908712853966755,0.00013432504783850163
6135808,1032.8691696589813,0.006782383852136174,0.08657226711511612,,,,,,,,0.0,0.6590984463691711,0.21396666274828208,0.00035267213578989495,0.000782302871812135
6144000,1033.8076187729894,0.009187307679306771,0.11956787109375,,,,,,,,0.0078125,0.6589224934577942,0.21397014258448874,0.00043697174091378776,0.00031140775536186993
6152192,1034.739782538003,0.006768534392585489,0.08518066257238388,,,,,,,,0.0,0.6589460968971252,0.21433807636543328,0.0007885577169647246,8.329721458721906e-05
6160384,1035.6882356340066,0.008422408209472895,0.10140381008386612,0.0015945570801614295,0.2192677368178375,0.2152178628441374,333,219.53551241125575,28.35,nan,0.0078125,0.6588312387466431,0.214147599421061,0.0012974004590228334,0.0005193535471335053
6168576,1036.839361655002,0.008367919241935655,0.11247558891773224,,,,,,,,0.0,0.6591828465461731,0.21443035088188594,0.0023141509128654057,4.305514448788017e-05
6176768,1037.7622543089965,0.006557904431450304,0.08265381306409836,,,,,,,,0.0,0.6590503454208374,0.21384155437477897,-0.001525400084499206,0.0003056608547922224
6184960,1038.7228539770003,0.01156833082040467,0.15144042670726776,,,,,,,,0.0078125,0.658789873123169,0.213801114416315,0.002005720868260188,0.0030562339816242456
6193152,1039.6701809509832,0.009264284506639204,0.12734375894069672,,,,,,,,0.0,0.6590201258659363,0.2142815437821947,0.0013632847392559596,0.00037132290890440345
6201344,1040.6640825049835,0.008968278503690783,0.12174072116613388,,,,,,,,0.0,0.6590183973312378,0.21394737985809126,-0.0015963858381454093,0.0004804804048035294
6209536,1041.6874100239947,0.01014309309096622,0.12943115830421448,,,,,,,,0.0078125,0.6590421795845032,0.2144327502510627,0.000622223116766892,0.00014636863488703966
6217728,1042.7248086159816,0.007182772502704076,0.09438476711511612,,,,,,,,0.0,0.6590136885643005,0.21454510688245346,-0.000614160928233761,0.00011953317880397663
6225920,1043.752922654996,0.00922781203652385,0.12075195461511612,0.0017337979550789973,0.2175420892347216,0.21524574976503402,333,219.54476778231782,28.35,nan,0.0078125,0.6590070724487305,0.21441495318350295,-0.0006095410350963782,0.0004850970290135592
6234112,1045.0049728159793,0.007772442270556082,0.10305175930261612,,,,,,,,0.0,0.6590320467948914,0.2142733734683278,0.001711281397378566,7.545278640463948e-05
6242304,1045.9828188009851,0.007231774609139503,0.09296875447034836,,,,,,,,0.0,0.6590498089790344,0.21415830478116252,0.00033543979210477396,0.004944931715726852
6250496,1047.049011879979,0.009649811888462409,0.12944336235523224,,,,,,,,0.0078125,0.6589614152908325,0.21421463242724417,0.00151865330041276,0.00010592082981020212
6258688,1048.1432547989825,0.00788139677232827,0.10219726711511612,,,,,,,,0.0,0.6589634418487549,0.21448254264031416,0.00029040719203522297,6.55497278785333e-05
6266880,1049.2095291059813,0.00914721026061077,0.11829834431409836,,,,,,,,0.0078125,0.6587960124015808,0.21356226024912844,0.001955644868337602,0.0001703371381154284
6275072,1050.3158340359805,0.008892364130655753,0.12050781399011612,,,,,,,,0.0,0.6590549945831299,0.21425692167490706,-0.0001402542146695467,6.017996929585934e-05
6283264,1051.2961863079981,0.008658142764534624,0.1153564453125,,,,,,,,0.0,0.6590160131454468,0.21401545919462825,0.0009652604359382089,9.62654230534099e-05
6291456,1052.3359199179977,0.008279790788774749,0.10712891072034836,0.001109192917721602,0.21792325378830238,0.21522965632004093,333,219.55790348513685,44.550000000000004,nan,0.0078125,0.659016489982605,0.21384079280117088,0.002249305857261386,0.0008512339554727077
6299648,1053.5627324229863,0.008404421794353231,0.1134033203125,,,,,,,,0.0,0.6590211391448975,0.21427525315054638,0.0008079306087137206,6.42658633296378e-05
6307840,1054.608061943989,0.008268317072267262,0.10897216945886612,,,,,,,,0.0,0.6588963866233826,0.2137764023509575,0.0017095825771817207,8.801023795967922e-05
6316032,1055.6372199659818,0.01382529837741154,0.17596435546875,,,,,,,,0.0078125,0.658967137336731,0.21351794897801776,0.003895444822737103,0.0007215739460662007
6324224,1056.8070894939883,0.008890008978003334,0.11900635063648224,,,,,,,,0.0,0.6591375470161438,0.2144109447843833,-0.0008945850630482665,0.00040575163438916206
6332416,1058.046255748981,0.008985669479143829,0.11260986328125,,,,,,,,0.0078125,0.6591225266456604,0.21425332011552575,0.003097752323431774,0.00033399995299987495
6340608,1059.1551311689836,0.008470111103672037,0.1148681640625,,,,,,,,0.0,0.6591244339942932,0.21480920062642475,-0.0008478600970722414,4.0982944483403116e-05
6348800,1060.2864242819778,0.00740752145254292,0.0963134765625,,,,,,,,0.0,0.6590222120285034,0.2143923935294277,0.0004605668861127489,0.00011227293725823984
6356992,1061.3743500129785,0.010325515990925033,0.13658447563648224,0.0018292656645726435,0.21668165949688087,0.21519605560297408,333,219.55122779934752,48.150000000000006,nan,0.0078125,0.6590077877044678,0.2144697825055022,-0.000537395992662913,0.0005542559665627778
6365184,1062.676036808989,0.00790934005863748,0.10544433444738388,,,,,,,,0.0,0.6591510772705078,0.21446095114403724,-0.0012360009632187152,9.716267959447578e-05
6373376,1063.798647988995,0.008998845629461917,0.11661376804113388,,,,,,,,0.0078125,0.6590355038642883,0.21404658059538656,0.00046037966562662773,0.0011598685523495078
6381568,1064.8591168489947,0.008140233633659386,0.10761719197034836,,,,,,,,0.0,0.659109354019165,0.21472324137204218,0.002250869648580154,6.219332863111049e-05
6389760,1065.9097342309833,0.009142529579539161,0.12209472805261612,,,,,,,,0.0,0.6589195728302002,0.21425714406322505,0.0008932877069767805,0.0005524151492863894
6397952,1067.0350984839897,0.01140502009875136,0.14829102158546448,,,,,,,,0.0078125,0.6589802503585815,0.21402815852794163,0.0014467585571056733,0.0005174606922082603
6406144,1068.0818024309992,0.009166659926921755,0.12681885063648224,,,,,,,,0.0,0.6591340899467468,0.2143579144978069,6.425752505852212e-05,8.483640704071149e-05
6414336,1069.1138408579864,0.007350786968201299,0.09489746391773224,,,,,,,,0.0,0.6589949131011963,0.2141098608497271,0.0016002481451684262,0.0013208931777626276
6422528,1070.0792262000032,0.012372922767335037,0.166748046875,0.001537010370963099,0.21752820153607658,0.21523357301570853,333,219.54926915945953,36.45,nan,0.0078125,0.6589985489845276,0.2144300313630913,0.0011658183579497956,0.00022350029030349106
6430720,1071.2664527960005,0.009002916531255718,0.12108154594898224,,,,,,,,0.0,0.6590531468391418,0.21417109202335705,-0.0003903596087407601,8.256450382759795e-05
6438912,1072.2217442179972,0.009440760926517551,0.12449951469898224,,,,,,,,0.0078125,0.6590521931648254,0.21370243957501028,0.001941956713264626,0.00019838186562992632
6447104,1073.1486263700062,0.008294650205189455,0.11115723103284836,,,,,,,,0.0,0.6592683792114258,0.21432940634578537,0.0011881794136675413,7.912163709988818e-05
6455296,1074.1122669219912,0.0076289310681126295,0.10125732421875,,,,,,,,0.0,0.6591517925262451,0.2140934915102631,0.0006097939071444832,0.0035027095582336187
6463488,1075.2036017309874,0.008272194472907366,0.10867919772863388,,,,,,,,0.0078125,0.6591278314590454,0.21432692464586672,0.0015726818407819166,0.00059347233036533
6471680,1076.275342538982,0.008250209418104507,0.11062011867761612,,,,,,,,0.0,0.6591673493385315,0.21447586046916461,0.0011886816591675797,3.462913082330488e-05
6479872,1077.3769223080017,0.008622353818574272,0.10333251953125,,,,,,,,0.0078125,0.659055233001709,0.21425337120585283,-2.911386386295909e-05,0.0010085752001032233
6488064,1078.4507668769802,0.01795498431404049,0.22913818061351776,0.001333351828559648,0.21708888213829858,0.2152097391318201,333,219.5572590143411,36.45,nan,0.0,0.6587390899658203,0.21484963404710622,0.007418666289812671,0.0036073182709515095
6496256,1079.8591081949999,0.009907335243797815,0.13753663003444672,,,,,,,,0.0,0.6590039134025574,0.2143880079932036,-0.0016356094047453946,0.00010995339107466862
6504448,1080.9608659899968,0.010975937644656772,0.14520263671875,,,,,,,,0.0078125,0.6591383218765259,0.2143656426272298,0.00044678746524027033,0.0007208579336293042
6512640,1082.0926024049986,0.010246370762966675,0.14351807534694672,,,,,,,,0.0,0.6591840386390686,0.21462155104101438,0.0016045320631086616,5.2398594561964273e-05
6520832,1083.196774240001,0.00733485879223306,0.09593506157398224,,,,,,,,0.0,0.6590969562530518,0.21413401187936665,-0.0009488255974141873,0.00011535141675267369
6529024,1084.2967110030004,0.012629519263085854,0.16522216796875,,,,,,,,0.0078125,0.6589300036430359,0.21417422372308645,0.0029954205495676465,0.0008635228732600808
6537216,1085.3585383330064,0.00892940710018796,0.11826171725988388,,,,,,,,0.0,0.6590874791145325,0.21429984879575098,0.0007632800417286624,7.686251046834514e-05
6545408,1086.4302831429814,0.01196437445047784,0.14246825873851776,,,,,,,,0.0078125,0.6588672399520874,0.21387234660140755,-0.0009857357834868053,0.003367739962413907
6553600,1087.511204712995,0.010503973689388461,0.13974609971046448,0.0013192503088326202,0.21872386952727046,0.21522726524516078,333,219.55982294187362,45.75,nan,0.0,0.659274697303772,0.2147006142148633,0.0031493550501353346,0.00010422675404697657
6561792,1088.8707939930027,0.008033242442911889,0.10743408650159836,,,,,,,,0.0,0.6591652631759644,0.2142753633144603,0.0006541313880340776,0.00011735219595720991
6569984,1089.9421860169969,0.012219702576183183,0.15748290717601776,,,,,,,,0.0078125,0.6592201590538025,0.21445258688725094,0.00198485611288201,0.00010007197124650702
6578176,1091.0897047909966,0.008151490456383218,0.1094970703125,,,,,,,,0.0,0.6591836214065552,0.21426852494426316,0.0006674170229903628,5.238684389041737e-05
6586368,1092.2427576810005,0.009597986742998995,0.12255859375,,,,,,,,0.0078125,0.6590428948402405,0.21412477048350181,0.0018412371214362958,0.00014020803791936487
6594560,1093.3357226020016,0.012658339042330859,0.17124024033546448,,,,,,,,0.0,0.659132719039917,0.2143681960889031,0.0025400226376120494,8.0762394645717e-05
6602752,1094.4693085610052,0.008563123574555895,0.11564941704273224,,,,,,,,0.0,0.659178614616394,0.21412761577068226,0.0016866500018134876,4.871486817137338e-05
6610944,1095.598401558993,0.009641133942158181,0.13107910752296448,,,,,,,,0.0078125,0.6591167449951172,0.21451511899183404,0.0029619216915808023,0.0004901770735159516
6619136,1096.7324667199864,0.00906773683797603,0.12172851711511612,0.0020174187101875685,0.2170229634881664,0.2152486914362266,333,219.57296460068193,49.35,nan,0.0,0.6591092348098755,0.2146684108544925,0.00072522736375032,5.7897577789844945e-05
6627328,1098.2001600899966,0.007773190559292816,0.1038818359375,,,,,,,,0.0,0.6589733958244324,0.2140533694604309,-0.0014434500480936066,0.0006704888655804098
6635520,1099.322874882986,0.010812416116174646,0.13756103813648224,,,,,,,,0.0078125,0.6591891050338745,0.21408537634788732,0.0007915183376246735,5.977599721518345e-05
6643712,1100.4645567410043,0.008102330357390134,0.10755615681409836,,,,,,,,0.0,0.6592245697975159,0.21455233593330578,0.0001882828619253452,4.640174665837549e-05
6651904,1101.55285369599,0.013300485150332662,0.17156982421875,,,,,,,,0.0078125,0.6588908433914185,0.2144234701432454,0.002726005230585875,0.003838453209027648
6660096,1102.6744393589906,0.01757994631162373,0.22702637314796448,,,,,,,,0.0,0.6590815782546997,0.2148128850052306,0.006151813976127789,0.0006154464790597558
6668288,1103.751380005997,0.010150419641266763,0.14061279594898224,,,,,,,,0.0,0.659213662147522,0.2145256758532001,-0.0012850944208023267,6.476527778431773e-05
6676480,1104.8849972419848,0.011679506476709949,0.15700684487819672,,,,,,,,0.0078125,0.6590371131896973,0.21434611750927474,0.002037657255895783,0.0006392197101376951
6684672,1106.0348031969916,0.009880492238746883,0.133544921875,0.0015379567815009265,0.21662860080865803,0.2152671091326448,333,219.5764417527598,37.65,nan,0.0,0.6591546535491943,0.21440830086312776,0.00197844366368976,4.815406282432377e-05
6692864,1107.5915089199843,0.00878178219738269,0.11503906548023224,,,,,,,,0.0078125,0.6590902805328369,0.21433258282877882,0.0012789165305107301,0.00018010090570896864
6701056,1108.6480795689858,0.011619652010384068,0.15732422471046448,,,,,,,,0.0,0.6592506170272827,0.214707589878248,0.00351343347109465,8.842668466968462e-05
6709248,1109.7292823919852,0.00700613034017875,0.09139404445886612,,,,,,,,0.0,0.6591811776161194,0.21468835916623924,-1.7925844043806912e-05,0.00017334714357275516
6717440,1110.78386739298,0.012181015011240868,0.15767823159694672,,,,,,,,0.0078125,0.6590448617935181,0.21452753024510662,1.1700867365451286e-05,0.0006163085927255452
6725632,1111.853089029988,0.009873659964937326,0.13338623940944672,,,,,,,,0.0,0.6593163013458252,0.21468633188156966,0.002551475754252861,6.803601718274876e-05
6733824,1112.8989891310048,0.00845816637960804,0.11407470703125,,,,,,,,0.0,0.6591826677322388,0.21447456067490928,0.0017068640256671973,7.095230830600485e-05
6742016,1114.0059060280037,0.01125529364027297,0.15396729111671448,,,,,,,,0.0078125,0.659178614616394,0.21447657437377435,0.0018787225957584497,0.00026251489180140197
6750208,1115.1976300609822,0.009097327389728061,0.12338867038488388,0.0012664054282545134,0.21852327879134142,0.2152887509202539,333,219.59049384266646,49.2,nan,0.0,0.6591644287109375,0.21448688318993203,0.00020152360844425426,0.0005688820383511484
6758400,1116.663671457005,0.008969073492084456,0.11457519978284836,,,,,,,,0.0078125,0.659035325050354,0.21433783747597626,0.001566421050395384,0.0018909744685515761
6766592,1117.8455176790012,0.01153572531116627,0.16367188096046448,,,,,,,,0.0,0.6593082547187805,0.21470366999745782,0.0028981415786573845,6.68312277412042e-05
6774784,1118.9938288689882,0.008049901615662266,0.10501708835363388,,,,,,,,0.0,0.6592283248901367,0.21467413159046597,0.0018428684128638717,6.139458128018305e-05
6782976,1120.1696226039785,0.02157518667723119,0.24857178330421448,,,,,,,,0.0078125,0.6588289737701416,0.21442816433315018,0.0029846023202252346,0.0016138848150148988
6791168,1121.30774870998,0.01114920812108889,0.15621338784694672,,,,,,,,0.0,0.6592351198196411,0.21473999931045556,0.0003703731800891036,0.0007584567065350711
6799360,1122.3712369709974,0.01051727074878907,0.14100341498851776,,,,,,,,0.0078125,0.659209132194519,0.2144819903665382,0.0011327800970755892,0.001240203739143908
6807552,1123.5113476219994,0.011610336575362524,0.16010741889476776,,,,,,,,0.0,0.6592621207237244,0.2146813710165906,0.002345866016576497,4.447196261025965e-05
6815744,1124.7147454349906,0.00960051277296993,0.13255615532398224,0.0013897790379543418,0.2172149759431934,0.2153250740685339,333,219.58635402345763,28.35,nan,0.0,0.6591911911964417,0.21437171963380225,-0.0011276162416013723,4.209546386846341e-05
6823936,1126.1132405299868,0.010993250051119789,0.14838866889476776,,,,,,,,0.0078125,0.6590597629547119,0.214355164935299,0.0017326527871415769,0.00043665189878083766
6832128,1127.1957021609996,0.0087953445136478,0.11921387165784836,,,,,,,,0.0,0.6592270731925964,0.21440023209642045,0.00312616348249785,4.629298928193748e-05
6840320,1128.247761288978,0.0077865962426308406,0.10347900539636612,,,,,,,,0.0,0.6590314507484436,0.21318220426170228,0.0010906573046575421,0.00015872321091592312
6848512,1129.3433535579825,0.014586912174429418,0.19246827065944672,,,,,,,,0.0078125,0.659216582775116,0.21368163352305108,0.0009403879021560578,0.00027122657047584653
6856704,1130.3885006899945,0.010675932756793094,0.14766846597194672,,,,,,,,0.0,0.659247875213623,0.21472257839093892,0.0012639853861239325,0.0004398442979436368
6864896,1133.966704483988,0.01089866787292664,0.13731689751148224,,,,,,,,0.0078125,0.6590867042541504,0.21455828684795725,0.002677598417367577,0.0014849983854219317
6873088,1139.8918350519962,0.011684713972939551,0.15900878608226776,,,,,,,,0.0,0.6592544913291931,0.21427065288813485,-0.0015177796007745494,0.0002672458649612963
6881280,1145.812642749981,0.008842344233078605,0.12050781399011612,0.0010054750895981401,0.21806539725957,0.21528235187168146,333,219.5938963706335,48.0,nan,0.0,0.6591671109199524,0.21410175269805154,-0.0008401694345995282,0.0003131020057480782
6889472,1153.1154492709902,0.011070081299800423,0.14862060546875,,,,,,,,0.0078125,0.6592139601707458,0.21403479354398675,0.001592018402486936,0.00020536173542495817
6897664,1158.8845916139835,0.009554416539408445,0.12879638373851776,,,,,,,,0.0,0.6593577861785889,0.2147849186172134,0.0012075576109862114,6.879457941977307e-05
6905856,1164.9417313519807,0.009896093004448214,0.12846679985523224,,,,,,,,0.0078125,0.6591914892196655,0.21480225608742595,0.0025186857974720802,0.00032271561212837696
6914048,1171.2796208699874,0.014602398856684656,0.19692383706569672,,,,,,,,0.0,0.6591923236846924,0.2149148932481355,0.0010252337624619841,0.0011999112321063876
6922240,1177.4220511669992,0.009132691312088981,0.12629394233226776,,,,,,,,0.0,0.6593154072761536,0.21463342445806705,0.001081463736184023,4.386873479234055e-05
6930432,1183.607474185992,0.01094937359450583,0.14670410752296448,,,,,,,,0.0078125,0.659136950969696,0.2146566477495694,0.00050498372328599,0.0015805024886503816
6938624,1189.4072223090043,0.011171134437703898,0.1485595703125,,,,,,,,0.0,0.6593928933143616,0.21483533283215936,0.002329515414945228,7.517800986533985e-05
6946816,1195.1308019860007,0.007478619612855466,0.09678955376148224,0.0016034172666868907,0.2173119734472729,0.21528276065330246,333,219.60045087472795,43.5,nan,0.0,0.6592931151390076,0.2145995176278117,0.0001274329755911309,5.3141451644478366e-05
6955008,1202.2670578339894,0.009486044455099773,0.12666015326976776,,,,,,,,0.0078125,0.6592574715614319,0.21465363524901587,0.0011978558246222859,0.0001843895297497511
6963200,1207.9115184269904,0.008803155633233459,0.11992187798023224,,,,,,,,0.0,0.6592134833335876,0.21454308115327136,0.0026969865059195716,4.4035808969056234e-05
6971392,1214.0107185329834,0.00946307121171734,0.11578369140625,,,,,,,,0.0078125,0.6591678857803345,0.21414953602625383,0.00108084163921709,0.0014258609153330326
6979584,1219.951318035979,0.013607873259513842,0.17950439453125,,,,,,,,0.0,0.6592690348625183,0.21482845820447571,-0.000560974741135269,7.647708844160661e-05
6987776,1225.9057396480057,0.009082910130534179,0.12382812798023224,,,,,,,,0.0,0.6592697501182556,0.21454676171815365,0.0006370015078162009,4.6128378016874194e-05
6995968,1231.5861421180016,0.012681694709160403,0.16768799722194672,,,,,,,,0.0078125,0.6591283082962036,0.21450884314076196,-0.00012668226406809563,0.00034988668630830944
7004160,1237.4677226979984,0.008958631178526622,0.12136230617761612,,,,,,,,0.0,0.6593508720397949,0.21447811376011675,0.0012000096953699764,5.283390055410564e-05
7012352,1243.2294294549793,0.010757803539851347,0.13848876953125,0.0014894476409079704,0.2180643800124748,0.21524157733400587,333,219.59778736078482,46.95,nan,0.0078125,0.6592303514480591,0.21443597160345668,0.000426731395546256,0.00042539494461379945
7020544,1250.6617787339783,0.00905907118892392,0.12381591647863388,,,,,,,,0.0,0.6593949198722839,0.21480476864307846,0.0017176124732165426,0.00027573038823902607
7028736,1256.4067032099993,0.008994862308416778,0.12214355915784836,,,,,,,,0.0,0.6593202948570251,0.2146066364868847,0.00031461931655772397,0.0007905827951617539
7036928,1262.1530956299976,0.00946915828078751,0.12608642876148224,,,,,,,,0.0078125,0.6592444777488708,0.21445375479215617,0.0006546504206372379,0.000765530567150563
7045120,1267.9063475969888,0.00970799161186651,0.13392333686351776,,,,,,,,0.0,0.6592943668365479,0.21469578492274538,0.0001636370169331756,3.140642002108507e-05
7053312,1273.858546804986,0.009128781802426806,0.12469482421875,,,,,,,,0.0,0.6591649055480957,0.21465940869207692,0.0008563093154630797,5.677334775100462e-05
7061504,1279.9165141289996,0.01090372096466159,0.1324462890625,,,,,,,,0.0078125,0.659393846988678,0.21460197089779406,-0.00013348216053406188,7.227934111142531e-05
7069696,1285.938559963979,0.008203784688084087,0.11176758259534836,,,,,,,,0.0,0.6593747735023499,0.21472419059827863,-0.0006587180720889128,9.802852582652122e-05
7077888,1291.9085560319945,0.007968166352885431,0.101318359375,0.0014660382997037091,0.22004104861979418,0.215259629251381,333,219.60130564423153,42.300000000000004,nan,0.0078125,0.659328043460846,0.21448432719623356,0.001304099302576934,0.0009214882156811655
7086080,1298.405178643996,0.010303088305193242,0.14346924424171448,,,,,,,,0.0,0.6593884825706482,0.21477415862422702,0.0034935250584250906,4.7071516746655107e-05
7094272,1299.3336680459906,0.008802629644254682,0.11761474609375,,,,,,,,0.0,0.6593690514564514,0.214224179367034,0.001399569358216848,6.0321799537632614e-05
7102464,1300.2168629009975,0.011013305175670446,0.14626465737819672,,,,,,,,0.0078125,0.6592833399772644,0.21415676645589438,0.0010510731583273781,0.00042309434502385557
7110656,1301.0902057269996,0.00874359607428211,0.116943359375,,,,,,,,0.0,0.6593337655067444,0.21451813043088513,0.0015898257157458602,4.152365727350116e-05
7118848,1302.004200056981,0.009589862890890703,0.12319336086511612,,,,,,,,0.0078125,0.6591066122055054,0.21465663548340985,0.0020836398762470692,0.0007956430199556053
7127040,1302.8551243699912,0.009822622650012694,0.13466797769069672,,,,,,,,0.0,0.6593234539031982,0.21470700453614405,0.0015929816247754844,0.00021500546426977962
7135232,1303.7614292759972,0.008048408716760139,0.10911865532398224,,,,,,,,0.0,0.6591870188713074,0.21431036422922625,0.0014614514914587846,0.0004163239209447056
7143424,1304.6248773499974,0.011271323456803923,0.15043945610523224,0.001247655527162439,0.21842683093331144,0.2152561373210728,333,219.58335110632447,45.75,nan,0.0078125,0.6590396165847778,0.2143035740160555,0.0027313396142135643,0.0038559206295758486
7151616,1305.7939382809855,0.009391391534129895,0.12998047471046448,,,,,,,,0.0,0.6593220233917236,0.2146220651822531,0.0031764825286007096,3.789749098359607e-05
7159808,1306.6274794699857,0.007644515936587832,0.10023193806409836,,,,,,,,0.0,0.6592322587966919,0.21455816570663644,0.0013095342728239867,0.000551253033336252
7168000,1307.5155279790051,0.010416525976083496,0.1358642578125,,,,,,,,0.0078125,0.659207284450531,0.21480592567059528,-9.063125088374369e-05,0.0002989095519296825
7176192,1308.3861818359874,0.00876071149193883,0.11821289360523224,,,,,,,,0.0,0.659256100654602,0.21423035788473732,0.0014105195842553841,4.380101017886773e-05
7184384,1309.2364763289806,0.01087244148324107,0.13564454019069672,,,,,,,,0.0078125,0.6592108011245728,0.2140695211485824,0.0034769354128023123,0.0007867139647714794
7192576,1310.0110127980006,0.010456756689328318,0.14426270127296448,,,,,,,,0.0,0.6593575477600098,0.21459728253093613,0.0033902775694785686,2.5794899556785822e-05
7200768,1310.8135208029998,0.008543569887948887,0.11365967243909836,,,,,,,,0.0,0.6592158675193787,0.2145345686290765,0.0018023376474282683,0.0002659254823811352
7208960,1311.7630676709814,0.011315333022050627,0.15125732123851776,0.0012403084213523652,0.21778007015059067,0.21525731330867282,333,219.594964427183,41.1,nan,0.0078125,0.659170389175415,0.21439399262406716,0.0012974300621928275,9.098498412640765e-05
7217152,1312.936245896999,0.008286854711167297,0.11019287258386612,,,,,,,,0.0,0.6592769622802734,0.2144306741605464,0.001777027314190804,0.00035462132655084133
7225344,1313.8039651580038,0.011177467659735742,0.13150635361671448,,,,,,,,0.0078125,0.6590721607208252,0.21428228279533648,0.0041504573475137545,0.0005654341657646
7233536,1314.6565900239802,0.010126518166857501,0.13972167670726776,,,,,,,,0.0,0.659407377243042,0.21476995618755912,0.001952967440954907,2.7308095013722777e-05
7241728,1315.5571844429942,0.0073606175407639925,0.09531249850988388,,,,,,,,0.0,0.659229576587677,0.21441661971882636,0.00037775602861596407,7.721073779975995e-05
7249920,1316.4571316060028,0.010517869353601711,0.13907471299171448,,,,,,,,0.0078125,0.6592451930046082,0.21436326919137963,0.0014199679723805128,0.00024828515597619116
7258112,1317.2609190539806,0.009979446337666845,0.13905028998851776,,,,,,,,0.0,0.6593156456947327,0.2148211079212897,0.0020266528687909713,4.172342596575618e-05
7266304,1318.1684883020062,0.00934607164073851,0.12592773139476776,,,,,,,,0.0,0.659263551235199,0.2145799554080471,-0.0008222715451413926,0.0005530509515665472
7274496,1319.05391517299,0.012335797744772711,0.16728515923023224,0.001858036008720032,0.21669197080834784,0.21529196814646148,333,219.59369159965945,35.4,nan,0.0078125,0.6593115329742432,0.21459194487388394,0.0013541093029575829,9.86332815955393e-05
7282688,1320.1462756269902,0.009109559583337935,0.12403564900159836,,,,,,,,0.0,0.6593121290206909,0.21476944780640675,0.002090867016899292,8.596191764809191e-05
7290880,1321.0288329829928,0.01098340049640123,0.14093017578125,,,,,,,,0.0078125,0.6591749787330627,0.21451693869707741,0.0022416592500785113,0.0018048620549961925
7299072,1321.9217391699785,0.01018527241619888,0.14033202826976776,,,,,,,,0.0,0.6593050956726074,0.21479858541607313,0.003980339349721286,4.646968955057673e-05
7307264,1322.7685246969922,0.009055579622848952,0.1234130859375,,,,,,,,0.0,0.6591786742210388,0.21469392213073957,0.0013522771967445267,3.726618524524383e-05
7315456,1323.600649473985,0.011361052364237838,0.14866943657398224,,,,,,,,0.0078125,0.6592392325401306,0.21466968911480105,0.002875084245425298,0.0006787322927266359
7323648,1324.4402250550047,0.009144552777502276,0.12359619140625,,,,,,,,0.0,0.6593506336212158,0.21470721352756156,0.001895583831827932,2.706144550757017e-05
7331840,1325.3163607110037,0.009566084999498172,0.12246093899011612,,,,,,,,0.0078125,0.6591855883598328,0.21447741229726974,0.002038435438814871,0.002042121719568968
7340032,1326.209514747985,0.01040444996395629,0.14211426675319672,0.001902176470654604,0.21922605880264884,0.215252613651294,333,219.59529952349234,44.7,nan,0.0,0.6594697833061218,0.2149371545430784,0.001544741962149729,2.3715387214906514e-05
7348224,1327.251456730999,0.008288417237043547,0.10751952975988388,,,,,,,,0.0,0.6593655347824097,0.21478656703977914,0.0010601609067496154,2.4533093892387114e-05
7356416,1328.1255958399852,0.0117931652071016,0.15895996987819672,,,,,,,,0.0078125,0.6593112945556641,0.21472599516130422,0.0025695371874887834,5.730215343646705e-05
7364608,1329.057027657982,0.009763128308356867,0.13276366889476776,,,,,,,,0.0,0.6592751145362854,0.21481377151594364,0.0005094987630652311,2.144174140994437e-05
7372800,1329.9449249639874,0.0082997826674882,0.11212158203125,,,,,,,,0.0,0.6591830253601074,0.21451493382331485,0.0017045671323155142,3.991587072960101e-05
7380992,1330.8403357329953,0.0114682828409196,0.14630126953125,,,,,,,,0.0078125,0.6592624187469482,0.2141134243594895,0.004269297570817202,5.856481220689602e-05
7389184,1331.7786847429816,0.010101357932685894,0.14075927436351776,,,,,,,,0.0,0.6592475771903992,0.21455929780861935,0.0011445933877296513,0.00015738923684693873
7397376,1332.7285014219815,0.011474715424322698,0.15131835639476776,,,,,,,,0.0078125,0.659081757068634,0.2142027877517197,0.0016005523748050322,0.0015499545261263847
7405568,1333.7085195049876,0.010780649343182678,0.15177002549171448,0.0010158109176983121,0.22028159184277932,0.21527886843744343,333,219.58577400765284,43.35,nan,0.0,0.6592833995819092,0.2148525497708032,0.0014719819259065032,4.210113547742367e-05
7413760,1334.9224853189953,0.008413173071514391,0.11170654743909836,,,,,,,,0.0,0.6591472029685974,0.21447987437524385,0.00029050742745362443,3.531335460138507e-05
7421952,1335.8798630819947,0.013707652813943103,0.18331299722194672,,,,,,,,0.0078125,0.6592836976051331,0.21441966322120334,0.0024021061593863732,8.468791202176362e-05
7430144,1336.847978624981,0.009212189889817732,0.12185058742761612,,,,,,,,0.0,0.659404993057251,0.21485802776398882,0.00228696752215657,3.5802266211248934e-05
7438336,1337.800135662983,0.009729791347852332,0.12493896484375,,,,,,,,0.0078125,0.6592795848846436,0.2145018693511363,0.002625518336385281,0.0013878013705834746
7446528,1338.7731248849886,0.020599731418561057,0.2568725645542145,,,,,,,,0.0,0.659115195274353,0.21478011638719186,0.004864206186174679,0.0022225044667720795
7454720,1339.6567584129807,0.009158329201664017,0.12423095852136612,,,,,,,,0.0,0.659217894077301,0.21473273490453643,0.0012202899626996499,3.8376518205041066e-05
7462912,1340.6451930879848,0.013163408472620198,0.17579345405101776,,,,,,,,0.0078125,0.6591367125511169,0.21440310068506868,0.002938316278328607,0.00042099060374312103
7471104,1341.612968275993,0.010249893400644368,0.14049072563648224,0.00174315404312686,0.2177431844461942,0.21521141551176198,333,219.60029599407676,46.95,nan,0.0,0.6593648791313171,0.21467372009341648,0.0014770538629600611,2.9630080462084152e-05
7479296,1342.8763113869936,0.00875862962984118,0.11658935993909836,,,,,,,,0.0,0.6592475175857544,0.2144546412362946,0.00074931363758969,6.470602238550782e-05
7487488,1343.8882281270053,0.013168016493778141,0.1729736328125,,,,,,,,0.0078125,0.6591377258300781,0.21458418128291384,0.002002380704498125,0.0005313354777172208
7495680,1344.860405836982,0.00791890097218092,0.10454101860523224,,,,,,,,0.0,0.6593734622001648,0.21452128573884913,0.0009370947228664545,0.0004713047237601131
7503872,1345.9444037999783,0.010327570854331627,0.13775634765625,,,,,,,,0.0078125,0.6591587066650391,0.2144212247321257,0.002782558327087105,0.00022315974638331681
7512064,1347.0184013289982,0.009680654221597754,0.13270263373851776,,,,,,,,0.0,0.6593650579452515,0.21495309044011274,0.0020358294530307486,2.650087117217481e-05
7520256,1348.1608829140023,0.009944136767086218,0.13625489175319672,,,,,,,,0.0,0.6591330170631409,0.21488532808219502,0.0013167035874877078,3.014472713402938e-05
7528448,1349.3181689560006,0.009968922903170222,0.13168945908546448,,,,,,,,0.0078125,0.6591530442237854,0.21481550345353545,0.0009144471675788177,0.002910542069002986
7536640,1350.4553850499797,0.008520926297418704,0.11558838188648224,0.0017282025507180387,0.21766993801788473,0.2152023699650424,333,219.60563747759934,48.150000000000006,nan,0.0,0.6591878533363342,0.21438540842723727,0.0013854969491019315,0.00016396315186284482
7544832,1351.9401343229983,0.009036316627200395,0.12039794772863388,,,,,,,,0.0078125,0.6589819192886353,0.21458683435669923,0.0005202321193305569,0.0003925242926925421
7553024,1353.0488346380007,0.015631732043378033,0.20759277045726776,,,,,,,,0.0,0.6593648195266724,0.21493337964476997,0.006339983440502345,0.00011366781836841255
7561216,1354.1595975600067,0.007577325233715234,0.09805908054113388,,,,,,,,0.0,0.6593186855316162,0.21480792619112737,0.0008530964994169368,2.7842912459163927e-05
7569408,1355.204787184979,0.00997712782912221,0.13355712592601776,,,,,,,,0.0078125,0.659171998500824,0.21482191498956538,0.0030176985308606225,0.00016193653573282063
7577600,1356.3151018889912,0.010586836362589941,0.14708252251148224,,,,,,,,0.0,0.6594141125679016,0.21495978905517155,0.0029099639773073373,3.978800305048935e-05
7585792,1357.3711088389973,0.008855596290912926,0.11892089992761612,,,,,,,,0.0,0.659194827079773,0.21464877069538058,-8.556358065952122e-06,7.171095785452053e-05
7593984,1358.3771701130026,0.012364532167285612,0.16165772080421448,,,,,,,,0.0078125,0.6591746807098389,0.21476771773648395,0.0016860459509003619,0.0001292239030590281
7602176,1359.4023457839794,0.008371720638559505,0.11044921725988388,0.0020004034989064,0.2166041994517513,0.21517908354594267,333,219.60038375526557,48.150000000000006,nan,0.0,0.6591918468475342,0.21464804266694465,0.0014249116459553507,5.690686157322489e-05
7610368,1360.6695406530052,0.01040765442723636,0.13409423828125,,,,,,,,0.0078125,0.659026026725769,0.2145695789476997,0.0032736385072552722,0.0006854687235318124
7618560,1361.6956302809995,0.011540593252762967,0.15601806342601776,,,,,,,,0.0,0.6594854593276978,0.21502795655213008,0.0030080784725286737,2.420660348434467e-05
7626752,1362.757005108986,0.009828234484577383,0.13273926079273224,,,,,,,,0.0,0.6592777967453003,0.21443394716638742,-0.00018284487635671174,0.0003442387096583843
7634944,1363.8439825020032,0.014997676094630683,0.18862305581569672,,,,,,,,0.0078125,0.6593316197395325,0.21445893155519474,0.0032128664029463603,0.00028817341080866754
7643136,1364.9392470610037,0.008936863964955678,0.11948242038488388,,,,,,,,0.0,0.65941321849823,0.21437356963535437,0.0019609063262274796,3.632824154919945e-05
7651328,1366.0216895869817,0.009035208503189908,0.11799316853284836,,,,,,,,0.0078125,0.6592611074447632,0.21395736685222294,0.0026331195184001134,0.0015593284042552114
7659520,1367.1427537129784,0.015688201669450893,0.20543213188648224,,,,,,,,0.0,0.6593618988990784,0.21481306689644764,0.005150749561511369,0.0001633791980566457
7667712,1368.1797181729926,0.009136568651836065,0.12163086235523224,0.0021528276169026084,0.2176441093151865,0.21519413054609376,333,219.59090399002417,48.150000000000006,nan,0.0,0.6593953371047974,0.214099144456627,0.002211795315069247,3.879704308928922e-05
7675904,1369.557731827983,0.011371726497095357,0.151123046875,,,,,,,,0.0078125,0.659218966960907,0.21411374277735545,0.001373884092520418,0.00010187239240622148
7684096,1370.6068451119936,0.01015349634913774,0.1373291015625,,,,,,,,0.0,0.6594645977020264,0.21500458406626088,0.001692898197128608,2.0367018805700354e-05
7692288,1371.6758784370031,0.00997027090884851,0.13569335639476776,,,,,,,,0.0,0.6592468619346619,0.2147343045652627,0.0009838299328122746,8.225082274293527e-05
7700480,1372.7064422300027,0.011899398863503673,0.16049805283546448,,,,,,,,0.0078125,0.6593179702758789,0.21449535066664596,0.0030330875918123308,0.0002968792978208512
7708672,1373.7555119119934,0.009455235795007094,0.13057862222194672,,,,,,,,0.0,0.659331738948822,0.21447743808816971,0.0016787956465029224,0.0009516779682599008
7716864,1374.7773753259971,0.010655044173571292,0.13687744736671448,,,,,,,,0.0078125,0.6592255234718323,0.21441425287657406,0.0026411697873293984,0.00011265785724390298
7725056,1375.847335340979,0.010911057727014818,0.14975586533546448,,,,,,,,0.0,0.659419059753418,0.2148351462827398,0.002071073766899253,0.00013310025678947568
7733248,1376.893010431988,0.009448777486868877,0.13010254502296448,0.001570095873210775,0.2205001864457469,0.21515997591034589,333,219.5907230424151,45.75,nan,0.0,0.6593362092971802,0.21470320919244376,0.0007370960897620085,4.624899520422332e-05
7741440,1378.4254273299885,0.011109657536264753,0.14986573159694672,,,,,,,,0.0078125,0.659359872341156,0.21461193225701636,0.0023423044172402358,0.00012390248593874276
7749632,1379.5763314759824,0.009118855900645746,0.12338867038488388,,,,,,,,0.0,0.659437894821167,0.21489852540348467,-0.0011255820385649596,2.609538751130458e-05
7757824,1380.659212931001,0.008590886493696584,0.1124267578125,,,,,,,,0.0078125,0.6592268347740173,0.21459947408276822,0.0015474535232459742,0.0019854640122503042
7766016,1381.701972415991,0.011103721006129372,0.152587890625,,,,,,,,0.0,0.6594759821891785,0.2150620861873708,0.005046278276623116,3.2045372790889814e-05
7774208,1382.7748134800058,0.00893489486312629,0.11964111775159836,,,,,,,,0.0,0.6594221591949463,0.21446318297595507,0.0006909053889938065,2.584389403637033e-05
7782400,1383.8533644969866,0.011430850914817612,0.14749756455421448,,,,,,,,0.0078125,0.6592485904693604,0.21423883391108825,0.002959148370485541,0.00021992021356709301
7790592,1384.9209182669874,0.010334108710790869,0.14267578721046448,,,,,,,,0.0,0.6594613194465637,0.21453022630394095,0.003925541133409818,1.9057792087551206e-05
7798784,1385.9888366629893,0.010042799846863576,0.13743896782398224,0.0014741356016609863,0.21720095176244975,0.21517088366214332,333,219.5980536848419,45.75,nan,0.0,0.6592245101928711,0.21445456874777444,0.0011374662274887127,0.0013423555064946413
7806976,1387.4082644809969,0.015977076821468067,0.20963135361671448,,,,,,,,0.0078125,0.6593064665794373,0.2144779480329937,0.003148864066721119,0.00010413389099994674
7815168,1388.5006937409926,0.008464728823335006,0.11373291164636612,,,,,,,,0.0,0.6593273878097534,0.2145435280316875,8.954580326601829e-05,2.443570519972127e-05
7823360,1389.628385633987,0.011682625200545896,0.15274658799171448,,,,,,,,0.0078125,0.6592026948928833,0.21447174476290365,0.0011148473168432428,0.00026088228332810104
7831552,1390.7749530790024,0.01637043061245353,0.20847168564796448,,,,,,,,0.0,0.6592991948127747,0.21480295756472717,-0.0021468751448046187,0.002071692142635584
7839744,1391.896792702988,0.008058550706569658,0.10708007961511612,,,,,,,,0.0,0.6593122482299805,0.2145396690625368,0.0018663802062883564,3.181096326443367e-05
7847936,1392.9017391199886,0.015343830498893521,0.19576416909694672,,,,,,,,0.0078125,0.6591669917106628,0.21455370501301307,0.004362313102271583,0.0001848487590905279
7856128,1393.9014553710003,0.008927604560783392,0.11923827975988388,,,,,,,,0.0,0.659259557723999,0.21465455379373766,0.0020392284461029533,3.422543522901833e-05
7864320,1394.8836416819831,0.011328012048147687,0.15284423530101776,0.0015741125901869157,0.21702822381058123,0.21520776972299188,333,219.60108562850837,41.1,nan,0.0078125,0.6590175032615662,0.214390165453869,0.001667400159619208,0.00010773022950161248
7872512,1396.1867223879963,0.017389089218286982,0.22089843451976776,,,,,,,,0.0,0.6594002842903137,0.21500440238226556,0.005471768577920962,7.073590677464381e-05
7880704,1397.1456473580038,0.009074242139682947,0.12343750149011612,,,,,,,,0.0,0.6593284606933594,0.21461985120505403,0.0012624724481983573,2.3661987142986618e-05
7888896,1398.1686197639792,0.010340040894467743,0.13852539658546448,,,,,,,,0.0078125,0.6591942310333252,0.21457875335775545,0.0040496052292599,0.0017087452579289675
7897088,1399.2538240549911,0.009127534327696252,0.12546387314796448,,,,,,,,0.0,0.659379243850708,0.2143895252804962,0.0021540000989850997,2.0975434381398372e-05
7905280,1400.3412152559904,0.00946757013004744,0.12612305581569672,,,,,,,,0.0,0.6591536998748779,0.2142332295173326,0.001040728820992776,6.413042137864977e-05
7913472,1401.4238296109834,0.01410251243924257,0.18647460639476776,,,,,,,,0.0078125,0.6592655181884766,0.2144561313436156,0.002771280177726666,0.0001657358225202188
7921664,1402.5377632239833,0.00906371982640113,0.12379150837659836,,,,,,,,0.0,0.6593456268310547,0.21393764466474274,0.0019978557437775,2.6119198082596995e-05
7929856,1403.669491551991,0.011438831287270657,0.15422363579273224,0.001785963818250691,0.22002412592966025,0.21521846540173564,333,219.61274325860998,43.5,nan,0.0078125,0.6592522263526917,0.2138668287003942,0.0023181976509033396,0.0009340202668681741
7938048,1405.1049180069822,0.013518811338147236,0.1845703125,,,,,,,,0.0,0.6593770980834961,0.21490053690268202,0.0014265551459470517,6.302046676864848e-05
7946240,1406.3377088529815,0.009495457523054902,0.13004150986671448,,,,,,,,0.0,0.6593212485313416,0.21454532518023856,0.002552357222380849,2.4461947759846225e-05
7954432,1407.6397755779908,0.015101108444846901,0.19910888373851776,,,,,,,,0.0078125,0.6591102480888367,0.2145131583435543,0.002343525881319693,0.0006095357239246368
7962624,1408.8024312389898,0.00995826517677623,0.13491211831569672,,,,,,,,0.0,0.6593543887138367,0.21454693658912558,0.001561923584275196,0.00012702555977739394
7970816,1410.0592924119846,0.009571147830224275,0.12877197563648224,,,,,,,,0.0078125,0.6590934991836548,0.21434559471230083,0.0022663060185062604,0.0013153764884918928
7979008,1411.2261472039972,0.014040077318439018,0.18671874701976776,,,,,,,,0.0,0.6593828201293945,0.21488616563473523,0.002210332886593769,0.00010774592374218628
7987200,1412.3415968859917,0.009293450842259953,0.12706299126148224,,,,,,,,0.0,0.6593028903007507,0.21482102014457422,0.0007918745722674726,2.6726425858214498e-05
7995392,1413.5058519640006,0.010556690847048335,0.13438721001148224,0.0013422202250344961,0.21805088442097892,0.21522663095081654,333,219.61733709611173,41.1,nan,0.0078125,0.6591984033584595,0.21475021389555543,0.0008621139216078658,0.0001305123878410086
8003584,1414.866731482005,0.009425906957676783,0.12783204019069672,,,,,,,,0.0,0.6593440771102905,0.21436267804272338,0.0006919579093149378,2.289859185111709e-05
8011776,1415.9628069049795,0.009337675098972485,0.12418212741613388,,,,,,,,0.0,0.6591140031814575,0.2143237721774008,0.0010649602663378153,7.17979492037557e-05
8019968,1417.0860287069809,0.017006800484654565,0.21746826171875,,,,,,,,0.0078125,0.6592088937759399,0.21470604328273873,0.0016924442261858229,0.0006347140297293663
8028160,1418.2199602479814,0.009613275945209693,0.13164062798023224,,,,,,,,0.0,0.6593118906021118,0.2146812346201213,0.002963222873461232,2.3033766410662793e-05
8036352,1419.4209222520003,0.013334718673377877,0.16007080674171448,,,,,,,,0.0078125,0.6592115759849548,0.21458377571280213,0.0034769129119479798,0.0015159172471612692
8044544,1420.5494437459856,0.013098585033408508,0.17917481064796448,,,,,,,,0.0,0.6594076752662659,0.21459640376909586,0.0032120483704022235,7.445822848239914e-05
8052736,1421.6494614229887,0.009562212347796046,0.12879638373851776,,,,,,,,0.0,0.6593073606491089,0.21442271777362126,0.002569735852132222,4.450516644283198e-05
8060928,1422.6706402899872,0.01692975031863117,0.21143798530101776,0.001802024136906999,0.2173964961197472,0.2151813131528701,333,219.6183917494697,48.150000000000006,nan,0.0078125,0.6592336893081665,0.21470635159363724,0.0014385274823103741,0.0031034820713102818
8069120,1423.7278221639863,0.010738655092019404,0.14748536050319672,,,,,,,,0.0,0.6595613956451416,0.21490533925482666,0.003859902680930544,3.068511068704538e-05
8077312,1424.5514434269862,0.010103959031817197,0.13718262314796448,,,,,,,,0.0078125,0.6593098640441895,0.21456852213299107,0.002656885919276715,0.00011179000284755602
8085504,1425.3853383859969,0.014361254515895663,0.17537842690944672,,,,,,,,0.0,0.6595378518104553,0.2148660168221148,0.00594505383973924,6.585419760085642e-05
8093696,1426.1970494779816,0.00950790213547199,0.12982177734375,,,,,,,,0.0,0.6594134569168091,0.21459735923903742,-0.00017751635075654218,3.7340934795793146e-05
8101888,1427.0380337729875,0.012768780612283226,0.16616211831569672,,,,,,,,0.0078125,0.6593174338340759,0.21476731630871196,0.0015647228236723059,0.000250189594225958
8110080,1427.8646582670044,0.011624710318521438,0.1593017578125,,,,,,,,0.0,0.6594386100769043,0.21492746445241254,0.00345113127885356,1.723853165458422e-05
8118272,1428.6931558880024,0.009030019645044872,0.12293701618909836,,,,,,,,0.0,0.6592734456062317,0.21467020355776537,0.0010418465165252452,3.766560257645324e-05
8126464,1429.5316692899796,0.01620274386483156,0.20906983315944672,0.0015040298815811592,0.219779829411543,0.21523365570915326,333,219.61658741156586,46.95,nan,0.0078125,0.6591551899909973,0.21455565561831452,0.0046703785106815615,0.0006282557151280344
8134656,1430.6065111619828,0.011022967311196993,0.15217284858226776,,,,,,,,0.0,0.6593984961509705,0.2144542565154261,0.004069672479406364,0.00022301581338979304
8142848,1431.4165983349958,0.01084423046375706,0.14169922471046448,,,,,,,,0.0078125,0.6592262983322144,0.2144793119316589,0.003649627954482869,0.0007436519372276962
8151040,1432.2303719659976,0.011769741417993964,0.15787354111671448,,,,,,,,0.0,0.6594630479812622,0.21500279088283558,-0.00038353697698024103,6.682593084406108e-05
8159232,1433.0438588380057,0.008982583979934745,0.12214355915784836,,,,,,,,0.0,0.6593419909477234,0.21463333099562773,-0.00013576343621545607,3.5831584682455286e-05
8167424,1434.8908462509862,0.013919383499534711,0.18120117485523224,,,,,,,,0.0078125,0.6592522859573364,0.21463064767573656,0.0026931963403614002,0.0012591093545779586
8175616,1440.2950867239852,0.010679729451888487,0.1429443359375,,,,,,,,0.0,0.6594749093055725,0.2149714188642903,0.0016525603829003546,7.191951590357348e-05
8183808,1445.6608584279893,0.009402183306321034,0.12832032144069672,,,,,,,,0.0078125,0.6592685580253601,0.2148517042864857,0.003188554039393181,8.626720227766782e-05
8192000,1450.926839481981,0.013771696751460574,0.17738036811351776,0.0016230963911442187,0.22019282535646698,0.21521224572486522,333,219.6186534013906,42.300000000000004,nan,0.0,0.6595197319984436,0.2150606585370657,0.006028556040451834,6.62601669318974e-05
8200192,1457.7958761869813,0.009873358825993217,0.13425293564796448,,,,,,,,0.0,0.6594089865684509,0.2149090955674605,0.001728338828841659,9.589195542503148e-05
8208384,1463.3090776019963,0.011463074870092274,0.15008544921875,,,,,,,,0.0078125,0.6592782735824585,0.21480727580360467,0.003119117046157943,0.0008217450231313705
8216576,1468.8970382929838,0.010749482989114914,0.1458740234375,,,,,,,,0.0,0.6594269275665283,0.2147330717072075,0.004072458919404715,0.0004787398502230644
8224768,1474.7126217820041,0.009347088824302073,0.12778320908546448,,,,,,,,0.0,0.6592789888381958,0.21451569879566929,0.003972211194000924,4.471021384233609e-05
8232960,1480.2319255189796,0.011638100224821722,0.1514892578125,,,,,,,,0.0078125,0.6593455672264099,0.21470114389678002,0.0021711042738197656,0.0001742392050800845
8241152,1485.5614750079985,0.009787656470420203,0.13133545219898224,,,,,,,,0.0,0.6593901515007019,0.2146073495359778,0.002996267711998732,2.7021382265957072e-05
8249344,1490.7567648469994,0.011693442441459591,0.15764160454273224,,,,,,,,0.0078125,0.6591554284095764,0.21427278590167362,0.002233701025528474,0.0010138759389519691
8257536,1496.204807521979,0.010639093189025223,0.1474609375,0.0010763335317174327,0.22037422911549948,0.21523650555265922,333,219.61360265968077,48.0,nan,0.0,0.6595704555511475,0.2149002835908409,0.0014472201773798475,2.7423669962445274e-05
8265728,1503.0855316819798,0.009683380831655252,0.12972413003444672,,,,,,,,0.0,0.6593213081359863,0.2146577288431541,0.003560932605492022,4.504711978370324e-05
8273920,1508.4746811469959,0.011268200003894918,0.15279541909694672,,,,,,,,0.0078125,0.6593470573425293,0.2145643482239127,0.0019149063002267535,0.0018175507429987192
8282112,1513.6940705330053,0.010327664804150406,0.14154052734375,,,,,,,,0.0,0.6594259142875671,0.2148450083646957,0.0009430013690165336,2.5488096071057953e-05
8290304,1519.0078067689901,0.010811473801321449,0.14948730170726776,,,,,,,,0.0,0.6592211723327637,0.2144049779833312,0.0033183142069554052,7.214731158455834e-05
8298496,1524.450338626979,0.01634603561271863,0.21328125894069672,,,,,,,,0.0078125,0.6594942808151245,0.21493905987254053,0.0023530787482665006,8.794548193691298e-05
8306688,1529.727835964004,0.009005127873217047,0.12192382663488388,,,,,,,,0.0,0.6594831943511963,0.21468108321367702,0.0003020449643970257,2.3905973648652434e-05
8314880,1535.0385387970018,0.012319187186844728,0.16208496689796448,,,,,,,,0.0078125,0.6593360900878906,0.2145213511492574,0.0008860492448078118,0.00029082412947900593
8323072,1540.4202242500032,0.01059861471834129,0.14322510361671448,0.0021780761740425314,0.2185980047831594,0.21525591339553274,333,219.61317264008056,40.050000000000004,nan,0.0,0.6594511866569519,0.2146243053616065,0.0027671748263969776,2.4723314709262922e-05
8331264,1547.406873142987,0.009610518543080886,0.1322021484375,,,,,,,,0.0,0.6592780351638794,0.21456946111084546,0.0008247869702021528,0.00018260139040648937
8339456,1553.1655461280025,0.01567102052381792,0.20416259765625,,,,,,,,0.0078125,0.6593115329742432,0.21468732226753356,0.00554682014924455,0.000683810852933675
8347648,1558.7645220590057,0.009003028736538207,0.12298583984375,,,,,,,,0.0,0.6594057083129883,0.21476347060004372,0.0013176311556201811,1.9849443560815416e-05
8355840,1564.4942008020007,0.012415431752006252,0.16346435248851776,,,,,,,,0.0078125,0.6591556072235107,0.2146929715632267,0.004668933767814799,0.0021521185990422964
8364032,1566.3643121159985,0.01035546371727677,0.14157715439796448,,,,,,,,0.0,0.6595658659934998,0.21479439712867648,0.0021102873248016202,0.00013676674279849976
8372224,1567.0345530199993,0.009013017547736908,0.11964111775159836,,,,,,,,0.0,0.6592808365821838,0.21479533507229331,0.00026305132690961026,8.690174581715837e-05
8380416,1567.7326059299812,0.011833552711949769,0.15777587890625,,,,,,,,0.0078125,0.6593351364135742,0.21490924586331395,0.0036227036212125724,0.002961970865726471
8388608,1568.4142476179986,0.009143323445407709,0.12526856362819672,0.001386141077863834,0.21818632638016325,0.21521991631856605,333,219.61049311259572,39.900000000000006,nan,0.0,0.6594671010971069,0.21496279367718177,0.0007966747413217494,2.5713950890349224e-05
8396800,1569.2793911449844,0.009503193858072568,0.1279296875,,,,,,,,0.0,0.6592073440551758,0.2145513519334942,0.0024784900996144468,0.0010543171083554626
8404992,1569.9975516409904,0.015266626792795427,0.1842041015625,,,,,,,,0.0078125,0.6594950556755066,0.21504268176285915,0.0017214615366162008,3.729554737219587e-05
8413184,1570.6719823039894,0.010750865006873125,0.14650879800319672,,,,,,,,0.0,0.6594472527503967,0.21476295669618942,0.002545420977997624,3.575543451006524e-05
8421376,1571.3552933449973,0.011366412185701025,0.15506592392921448,,,,,,,,0.0078125,0.659263551235199,0.21459900503432947,0.0019537356811462074,0.0004092240706086159
8429568,1572.044797280978,0.010477841130168293,0.14279785752296448,,,,,,,,0.0,0.659496009349823,0.2147673391236172,0.002657671446818724,2.1086258129798807e-05
8437760,1572.7351231829962,0.009679096100749074,0.13044433295726776,,,,,,,,0.0,0.6592021584510803,0.2146089968763317,0.0026202750642124054,0.00018579808238428086
8445952,1573.441596124001,0.011311631184482453,0.14681397378444672,,,,,,,,0.0078125,0.659351110458374,0.2144329819928236,0.002086674171449719,0.0001399042666889727
8454144,1574.1418967969948,0.01085115160581875,0.14520263671875,0.002091688288839322,0.2203864935442304,0.21520927242514873,333,219.60652563786255,44.7,nan,0.0,0.6594067811965942,0.21433321085774595,0.002444402128556378,0.00022905222431290895
8462336,1575.01741412899,0.01041620267869861,0.13544921576976776,,,,,,,,0.0078125,0.6592158079147339,0.21434397644191033,0.004493304358073757,0.00041728420183062553
8470528,1575.7322018709965,0.010937784574574347,0.14498291909694672,,,,,,,,0.0,0.6595572233200073,0.2150436814534442,0.0026340812933735185,0.0008353755692951381
8478720,1576.4543715479958,0.008831342993335817,0.11862792819738388,,,,,,,,0.0,0.6594216823577881,0.21485776479884805,0.002411845795241885,0.00011190526856807992
8486912,1577.2840915659908,0.014389896274883907,0.18795166909694672,,,,,,,,0.0078125,0.6593772768974304,0.21459363665361209,0.0029665832572613234,0.0007890650886110961
8495104,1578.060837233992,0.009328446178516562,0.12468262016773224,,,,,,,,0.0,0.6594897508621216,0.2148931822963592,0.0018480247636900604,2.418068288534414e-05
8503296,1579.0118439880025,0.00890659989585157,0.12061768025159836,,,,,,,,0.0,0.6592827439308167,0.21460758178786174,0.002486990811311548,0.0010069302516058087
8511488,1580.1238272299815,0.01424004079528913,0.18570557236671448,,,,,,,,0.0078125,0.6594970226287842,0.21515313304240985,0.00543904382624477,3.175282108713873e-05
8519680,1581.2454558419995,0.009095646520764897,0.12451171875,0.0019355501229413319,0.21857067399395338,0.21528829274625108,333,219.6022698375449,34.2,nan,0.0,0.6594709753990173,0.21480688248000396,0.0002830890647944445,3.3991236705332994e-05
8527872,1582.3544942929875,0.010783250760287869,0.14515380561351776,,,,,,,,0.0078125,0.659246027469635,0.2148006591639129,0.0014741123430586688,0.00011958237882936373
8536064,1583.158304416982,0.009467040769673307,0.12911377847194672,,,,,,,,0.0,0.6595315933227539,0.21489980274679374,0.0009855113110931195,5.272537237033248e-05
8544256,1583.9821146930044,0.00932478122319058,0.12739257514476776,,,,,,,,0.0,0.6592308878898621,0.21471121545802183,0.0008501374940755283,3.658780042314902e-05
8552448,1584.874828836997,0.011332058438949053,0.14799804985523224,,,,,,,,0.0078125,0.6594070792198181,0.21472222679407227,0.0031660573617740234,5.844660336151719e-05
8560640,1585.8190553059976,0.009121596269561853,0.12325439602136612,,,,,,,,0.0,0.6594393849372864,0.21481658886573513,0.0028344612166237735,0.0007480702479369938
8568832,1586.742674373003,0.01003800620047117,0.126708984375,,,,,,,,0.0078125,0.6592559218406677,0.2147213580492051,0.0015849582484593783,0.0009222531807608902
8577024,1587.6705550389888,0.010658128869285808,0.14409179985523224,,,,,,,,0.0,0.6595162153244019,0.2149055230201929,0.003248760011551838,1.6748474081396125e-05
8585216,1588.5432454989932,0.010730081777624563,0.14631347358226776,0.001350270729864933,0.21802487824246425,0.21519660901996684,333,219.60488862747846,41.1,nan,0.0,0.6593735814094543,0.21459090656193208,0.0022458947195320308,2.409003172942903e-05
8593408,1589.693873799988,0.011356274364525704,0.14990234375,,,,,,,,0.0078125,0.6593661308288574,0.21459597903887756,0.0013792922427137925,6.59875149722211e-05
8601600,1590.5650956080062,0.01093299375820898,0.14926758408546448,,,,,,,,0.0,0.6595372557640076,0.21499791762797194,0.003982040808267743,1.2768517080985475e-05
8609792,1591.4846071049978,0.008971248710802049,0.11864013969898224,,,,,,,,0.0,0.6593252420425415,0.2145497318523278,0.003143834573453397,0.0012354974169284105
8617984,1592.401677418995,0.017766121236628664,0.22734375298023224,,,,,,,,0.0078125,0.6592649221420288,0.21475616701659014,0.0022899621425142083,0.00035061276867054403
8626176,1593.3400384720007,0.009931021842178334,0.13554687798023224,,,,,,,,0.0,0.6593359708786011,0.21483052597063462,0.0037812952290846623,4.311295197112486e-05
8634368,1594.2547867009998,0.014324049560699964,0.17646484076976776,,,,,,,,0.0078125,0.6591492295265198,0.21463959842056757,0.004392998735831754,0.00017363108054269105
8642560,1595.154115341982,0.012620852496601928,0.17303466796875,,,,,,,,0.0,0.6595190167427063,0.21459288193155265,0.0021828325380177146,3.8448695704573765e-05
8650752,1596.0611720769957,0.008778494990264387,0.11604004353284836,0.0015423030906684954,0.21779643182303937,0.21523800799522816,333,219.61028121476235,48.45,nan,0.0,0.6593239307403564,0.21426378519044653,0.003389276748978466,4.267336043994874e-05
8658944,1597.3352498539898,0.014913735491679897,0.19422607123851776,,,,,,,,0.0078125,0.6593412160873413,0.21418456298993252,0.0016363949771349149,0.00016341845912393183
8667136,1598.2835706619953,0.008993441069881187,0.12154541164636612,,,,,,,,0.0,0.6593570709228516,0.21481772627562087,0.0010397841905858776,0.00019218941451981664
8675328,1599.279681112006,0.0120568484552983,0.15239258110523224,,,,,,,,0.0078125,0.6591878533363342,0.21447273490807536,0.004219576970554917,0.00605083117261529
8683520,1600.2929248599976,0.015810229773263056,0.20292969048023224,,,,,,,,0.0,0.6594184637069702,0.21510879271835798,0.0035864813950012044,0.00016043357027228922
8691712,1601.2590406340023,0.009635127665744432,0.13360595703125,,,,,,,,0.0,0.6594018936157227,0.21484616840675516,0.0011970633293635884,2.3125450752559118e-05
8699904,1602.2398057740065,0.014025000562139109,0.18748779594898224,,,,,,,,0.0078125,0.6593042016029358,0.21461159990763998,0.004336177803517413,8.154360693879426e-05
8708096,1603.2081116259797,0.010948898533621501,0.14768067002296448,,,,,,,,0.0,0.6595661044120789,0.21485460053175234,0.0023711547439002976,1.706875082163606e-05
8716288,1604.2127695779782,0.011132659094361633,0.15203857421875,0.0015308343007112146,0.21702948729391722,0.2152623574828159,333,219.62640426155937,48.45,nan,0.0,0.6593276858329773,0.21470740758906853,8.462465239090032e-05,4.150368113187142e-05
8724480,1605.5042867680022,0.014917578043084743,0.18770752847194672,,,,,,,,0.0078125,0.659427285194397,0.21473510102167565,0.002008134956118526,5.6142012908821926e-05
8732672,1606.491043891001,0.010691675192319814,0.14532470703125,,,,,,,,0.0,0.6593406796455383,0.21479711266920004,0.0041137196255124076,3.393675433471799e-05
8740864,1607.4924130209838,0.01617600126654239,0.202392578125,,,,,,,,0.0078125,0.6591799259185791,0.21458750050771563,0.008784439052968624,0.00019364814215805382
8749056,1608.460354313982,0.009315105611351022,0.12868653237819672,,,,,,,,0.0,0.6595735549926758,0.21492578369333865,0.0026489618184029656,0.00011267974332440645
8757248,1609.4925565189915,0.009005147716735834,0.12259521335363388,,,,,,,,0.0,0.6594269275665283,0.2147842875070594,0.0020182514360168264,3.650220969575457e-05
8765440,1610.5229191329854,0.014329065770166372,0.18922118842601776,,,,,,,,0.0078125,0.6594352722167969,0.214888241938962,0.004535865030982531,0.00031569830025546253
8773632,1611.478711623,0.010172247057077994,0.13991700112819672,,,,,,,,0.0,0.6595251560211182,0.21497471658808504,0.0037312172143053506,2.322735781490337e-05
8781824,1612.4084033459949,0.011944083791085617,0.15986327826976776,0.0013631213420352006,0.22040804478389658,0.21520764536109058,333,219.61307451884062,49.2,nan,0.0078125,0.6593337059020996,0.21486726328493783,0.0035403188962365413,0.00021008183830417693
8790016,1613.608959479985,0.010926651601611962,0.15186767280101776,,,,,,,,0.0,0.6594176888465881,0.21496899232701067,0.003587476723387334,2.147994928236585e-05
8798208,1614.531678247993,0.008450655092648916,0.11384277790784836,,,,,,,,0.0,0.6592872142791748,0.21463172614886078,0.0025461970833966447,0.00010718740668380633
8806400,1615.443208098004,0.013558108667726103,0.17645263671875,,,,,,,,0.0078125,0.6592264175415039,0.21456403329385929,0.00426135483299257,0.0002661583130247891
8814592,1616.3863847210014,0.009857253425679426,0.13410644233226776,,,,,,,,0.0,0.6594827175140381,0.21501055501146812,0.0015142723715631961,0.0010296665132045746
8822784,1617.319368262979,0.010977188244915073,0.15189209580421448,,,,,,,,0.0,0.6592060923576355,0.21468634515019658,0.002328661800416585,0.00010063215449918061
8830976,1618.2793325819948,0.014246767948809233,0.18604736030101776,,,,,,,,0.0078125,0.6593954563140869,0.2147954560581129,0.0032357243066900515,8.580394933233038e-05
8839168,1619.2076507789898,0.009992932130854157,0.13459472358226776,,,,,,,,0.0,0.6593108773231506,0.21484577730793702,-8.392400849725843e-05,2.5264453142881393e-05
8847360,1620.1108663640043,0.010647866738845236,0.1455078125,0.0012092448532556865,0.21692060207570268,0.2151971423734967,333,219.61055449898393,44.550000000000004,nan,0.0078125,0.6592282652854919,0.21477728650496916,0.0033975994959983035,0.0006319026579149067
8855552,1621.290299736982,0.011078050231798276,0.15469971299171448,,,,,,,,0.0,0.6594669818878174,0.2149893921451675,0.0022932187216293115,2.1780337192467414e-05
8863744,1622.2730378659908,0.01025852205941053,0.14090576767921448,,,,,,,,0.0,0.6592877507209778,0.21460071833562488,0.0013914370540918117,4.7112636821111664e-05
8871936,1623.3057551870006,0.014450464619511216,0.19608154892921448,,,,,,,,0.0078125,0.6592704057693481,0.21454460218714116,0.0019806661395640394,0.00017018379003275186
8880128,1624.3556893460045,0.010764334304354091,0.15163575112819672,,,,,,,,0.0,0.6594687700271606,0.21481711023538225,0.002141881368299743,2.025284084083978e-05
8888320,1625.4141456320067,0.011128009386815975,0.14458008110523224,,,,,,,,0.0078125,0.6593126654624939,0.21439989826705053,0.0036834606381624074,0.0009716997155919671
8896512,1626.4998164819845,0.024339504246665533,0.2857421934604645,,,,,,,,0.0,0.6592621803283691,0.2150035500560087,0.005647885923991841,0.00023947018780745566
8904704,1627.520587143983,0.010667293505740747,0.1470947265625,,,,,,,,0.0,0.6593345999717712,0.21479520460377138,0.002721241288650488,3.306766666355543e-05
8912896,1628.5570753699867,0.011662746026003472,0.15438233315944672,0.0017540998702003652,0.21670880274997653,0.21518313064841998,333,219.61768597072825,48.150000000000006,nan,0.0078125,0.65931236743927,0.21473527914866994,0.0026470709518287418,0.0005483286804519594
8921088,1629.8520827289904,0.010050962025393066,0.13779297471046448,,,,,,,,0.0,0.6595554947853088,0.2149452717027899,0.003189669491947676,2.622127612994518e-05
8929280,1630.9386481909896,0.010060772601393776,0.13795165717601776,,,,,,,,0.0,0.6593114137649536,0.2147547869351921,0.004558440016274899,0.0001926243130583316
8937472,1631.993554087996,0.013994469078308031,0.18177489936351776,,,,,,,,0.0078125,0.659477174282074,0.21500868932706302,0.0027686022880527325,5.258855162537657e-05
8945664,1633.0211520659795,0.010313391070845704,0.14156495034694672,,,,,,,,0.0,0.6594105958938599,0.21496697639161205,0.0015019138107178146,0.00044253887608647346
8953856,1634.0675654889783,0.012386709673544678,0.165283203125,,,,,,,,0.0078125,0.6593373417854309,0.21485366529636568,0.004179778016752104,0.0008311718120239675
8962048,1635.1170975519926,0.01079472028815988,0.14719238877296448,,,,,,,,0.0,0.6595188975334167,0.2150144661770129,0.0035072416570286037,1.7370131899951957e-05
8970240,1636.1774475440034,0.01022944234059235,0.14262695610523224,,,,,,,,0.0,0.6593663692474365,0.21484959948046406,0.0029212280165705306,2.7400843464420177e-05
8978432,1637.2564574849966,0.011045037296515452,0.14727783203125,0.0013127892947331077,0.21750808583566647,0.21521823535131354,333,219.61563629483757,45.75,nan,0.0078125,0.6593666076660156,0.21477009930471058,0.004157634270148083,0.00016507251712027937
8986624,1638.6263454750006,0.010247873095407166,0.13974609971046448,,,,,,,,0.0,0.6594248414039612,0.2149736908190482,0.002160984635253077,2.7976535420748405e-05
8994816,1639.6855417759798,0.010257086351046201,0.13908691704273224,,,,,,,,0.0078125,0.6591392159461975,0.2148926100240161,0.0029564744299602134,0.00010908604599535465
9003008,1640.9550757609832,0.012489941855844608,0.16997070610523224,,,,,,,,0.0,0.6595131158828735,0.21497341314044366,0.003466331185696654,0.00017119062249548733
9011200,1642.1330242159893,0.009097495334916618,0.12042236328125,,,,,,,,0.0,0.6593238115310669,0.2147110530879796,0.0032036879840705614,0.0003458653518464416
9019392,1643.2722019589855,0.012213365876644835,0.16280518472194672,,,,,,,,0.0078125,0.6593152284622192,0.2144728345635746,0.0032698735160727934,0.0007525598048232496
9027584,1644.4073948519945,0.00893306591335584,0.12081298977136612,,,,,,,,0.0,0.6595059037208557,0.2148861445704798,0.0018131456740863175,2.1419898985186592e-05
9035776,1645.4911440440046,0.010281081838109045,0.13909912109375,,,,,,,,0.0,0.6592938303947449,0.21465066057843463,0.0031485546064387083,0.00022324593737721443
9043968,1646.5694275760034,0.012883508295027721,0.17434082925319672,0.001751362720220917,0.2188818277591879,0.2152127519918387,333,219.61849861964794,43.5,nan,0.0078125,0.6594220995903015,0.21485072933995722,0.0032072026975758098,0.00014074976206757128
9052160,1647.971444744995,0.010077476737292326,0.13548584282398224,,,,,,,,0.0,0.659437358379364,0.2149844665394521,0.0024263089340743867,2.5146649932139553e-05
9060352,1649.0508614899882,0.011828982212993444,0.14985351264476776,,,,,,,,0.0078125,0.6593220829963684,0.21470800824336672,0.003677197084028182,0.0033084049355238676
9068544,1650.1308409569901,0.010234282027374711,0.1396484375,,,,,,,,0.0,0.659579336643219,0.21496226800394322,0.002161714145252075,1.233552484336542e-05
9076736,1651.2015066510066,0.010090351292178362,0.13774414360523224,,,,,,,,0.0,0.6594213247299194,0.214941652876182,0.003827994905397348,3.988865137216635e-05
9084928,1652.3146862949943,0.014111268658564003,0.18166504800319672,,,,,,,,0.0078125,0.6593654751777649,0.2149838263567782,-7.951666213842223e-05,7.352745160460472e-05
9093120,1653.3925162289815,0.010999469658667788,0.15037842094898224,,,,,,,,0.0,0.6595069169998169,0.2150707780133081,0.0027123641743288713,1.6444972061435692e-05
9101312,1654.4261958439893,0.01175367718294314,0.15052489936351776,,,,,,,,0.0078125,0.6592179536819458,0.2148417249749944,0.001591964479396109,8.972359501058236e-05
9109504,1655.4272993049817,0.012264930685064358,0.16899414360523224,0.0021116880542824124,0.21660265041655644,0.2152080964699207,333,219.61044157805588,49.35,nan,0.0,0.6596056818962097,0.21503745917063735,0.004278033513967698,4.490107312449254e-05
9117696,1656.7561930810043,0.01170422586455701,0.15949706733226776,,,,,,,,0.0,0.6594059467315674,0.21474992151246855,0.0006310151681349897,7.031280983937904e-05
9125888,1657.7607152949786,0.014417343037055413,0.18782959878444672,,,,,,,,0.0078125,0.6593549251556396,0.21483050024983022,0.004552559444325725,9.681697702035308e-05
9134080,1658.805129193992,0.010898028596565605,0.14700928330421448,,,,,,,,0.0,0.6593992114067078,0.21477587240609028,0.00290812268957409,4.3308184103807434e-05
9142272,1659.7381997740013,0.01132829736171606,0.15196533501148224,,,,,,,,0.0,0.6591823697090149,0.2147031487417856,0.002205430663235026,0.00032151691266335547
9150464,1660.856456102978,0.012354783317423457,0.15849609673023224,,,,,,,,0.0078125,0.659450113773346,0.2147136909066249,0.0014093709474456721,0.0014338688924908638
9158656,1661.8268036759982,0.010023201096859339,0.13811035454273224,,,,,,,,0.0,0.6594158411026001,0.21478275788345083,0.0007894300637143391,2.084848892991431e-05
9166848,1662.8225303810032,0.010356468542379848,0.14157715439796448,,,,,,,,0.0078125,0.659243643283844,0.21453619801932872,0.0023110057430759156,0.00025912869023159146
9175040,1663.8560119449976,0.010355555863933864,0.14403076469898224,0.0012447616715139942,0.220154231766769,0.2151683981205529,333,219.60520561848443,44.550000000000004,nan,0.0,0.6595112681388855,0.21503144881242933,0.003906193422442361,1.782151775842067e-05
9183232,1665.277330648998,0.010141672681012646,0.13419190049171448,,,,,,,,0.0,0.6593235731124878,0.21484271043768585,0.002231715368892753,4.626634836313315e-05
9191424,1666.3962363819883,0.013177091114710575,0.17164306342601776,,,,,,,,0.0078125,0.6593235731124878,0.2147204841605866,0.0025989108184085244,8.287563832709566e-05
9199616,1667.481510918995,0.009355474706145991,0.12687988579273224,,,,,,,,0.0,0.6594370007514954,0.2148261406498801,0.0021044404978909554,2.0556326489895582e-05
9207808,1668.6563291929779,0.011994026773041769,0.15617676079273224,,,,,,,,0.0078125,0.6591544151306152,0.21472797299525506,0.004958397848314118,0.0005102245486341417
9216000,1669.825386897981,0.011454395245971073,0.15736083686351776,,,,,,,,0.0,0.6595922112464905,0.21511783095622855,0.0037947785239267826,6.539223250001669e-05
9224192,1670.999975210987,0.010590416530255692,0.14407959580421448,,,,,,,,0.0,0.6593489646911621,0.21481455288700854,0.002897224998398805,0.0004831831029150635
9232384,1672.1482375809865,0.011620699236981401,0.15723876655101776,,,,,,,,0.0078125,0.6593214869499207,0.21464512476195644,0.003704514219549822,0.00015259011706802994
9240576,1673.253285298997,0.010084085080990596,0.13901367783546448,0.002213141187205059,0.2166788630930998,0.21518885272118218,333,219.6078664706501,49.35,nan,0.0,0.6594022512435913,0.21491263270759053,-0.00024148397492224929,1.7092403140850365e-05
9248768,1674.7360787579964,0.009850503304060197,0.13311767578125,,,,,,,,0.0,0.6592144966125488,0.21463479027483284,0.00031190401138214707,0.0001635122753214091
9256960,1675.9414127149794,0.012098331930723481,0.16182862222194672,,,,,,,,0.0078125,0.6594434380531311,0.21478328528484272,0.002029475348578901,3.608956831158139e-05
9265152,1677.0960510929872,0.010304388232522433,0.14191894233226776,,,,,,,,0.0,0.6594332456588745,0.21480290099983015,0.0031891319925763384,1.9322182197356597e-05
9273344,1678.2117013979878,0.009508095129070838,0.12490234524011612,,,,,,,,0.0078125,0.6591997742652893,0.21470793790676593,0.00293368042851309,0.0003242853854317218
9281536,1679.3915660579805,0.011606024551243863,0.1617431640625,,,,,,,,0.0,0.6595735549926758,0.214912238504539,0.0021352345601089963,1.5722422176622786e-05
9289728,1680.4697184370016,0.009371802626151752,0.12769775092601776,,,,,,,,0.0,0.6593360304832458,0.21478006699631655,0.0014693327721190417,3.471667878329754e-05
9297920,1681.5815068979864,0.013551991760211941,0.1785888671875,,,,,,,,0.0078125,0.6593666672706604,0.2147139655564429,0.0038535422710979234,0.0004293186648283154
9306112,1682.6601027970028,0.010250097265499358,0.14381103217601776,0.0011932906813938438,0.22004886456012707,0.21520240202872415,333,219.61070280243553,39.900000000000006,nan,0.0,0.6595137119293213,0.21486222422869913,0.0032788843455380796,2.8761534849763848e-05
9314304,1684.120909794001,0.011033743955411415,0.14908447861671448,,,,,,,,0.0078125,0.659302294254303,0.2148860269264984,0.004278353573948026,0.0038449016865342855
9322496,1685.2645379889873,0.0137473100769965,0.18734131753444672,,,,,,,,0.0,0.6595224142074585,0.21507990419780793,0.0040392386095787864,2.8495147489593364e-05
9330688,1686.3295132859785,0.010266711565130211,0.14133301377296448,,,,,,,,0.0,0.6593457460403442,0.21483486731498025,0.003362638676664733,1.931779297592584e-05
9338880,1691.1125365549815,0.01467352206394457,0.19102783501148224,,,,,,,,0.0078125,0.6592899560928345,0.21463719313113958,0.002337507272737957,0.0002222883776994422
9347072,1697.100951075001,0.01180003037837889,0.1593017578125,,,,,,,,0.0,0.6595025062561035,0.2150008844276298,0.0016794781162110467,2.021835280174855e-05
9355264,1702.9015186449979,0.009624866344309943,0.1304931640625,,,,,,,,0.0,0.6593021750450134,0.21456368278403234,0.0022488051968239837,3.0169234378263354e-05
9363456,1709.1110087049892,0.01584928085304424,0.20499268174171448,,,,,,,,0.0078125,0.659477710723877,0.214721771821007,0.0030426350878395604,6.545982614625245e-05
9371648,1715.1406385659939,0.010405433674935835,0.14266358315944672,0.002136725632251202,0.2165805839537293,0.21520119244159946,333,219.61457641989136,49.35,nan,0.0,0.6595284342765808,0.2149279653136676,0.0026483911513961803,2.3827531549613923e-05
9379840,1723.3652637399791,0.012618309087985592,0.16861572861671448,,,,,,,,0.0078125,0.6593466997146606,0.2146678434435349,0.004434162804505693,0.0003741870750673115
9388032,1729.338664015988,0.012033553375398819,0.16531983017921448,,,,,,,,0.0,0.6596231460571289,0.21499395443555386,0.0036805662316623275,1.4751276466995478e-05
9396224,1735.2230791829934,0.010112994412961844,0.13894043862819672,,,,,,,,0.0,0.6593773365020752,0.2148990496575544,0.002618205440587649,2.8999103960813954e-05
9404416,1740.9028957429982,0.01357168788646056,0.17725829780101776,,,,,,,,0.0078125,0.6594167947769165,0.21500596418303358,0.0025474292494834998,6.91395762260072e-05
9412608,1746.499414210004,0.009325917065704485,0.12530517578125,,,,,,,,0.0,0.6594485640525818,0.21493000001122184,0.001765317422354025,0.0004145099373999983
9420800,1751.970338921994,0.012732126717840265,0.1683349609375,,,,,,,,0.0078125,0.6592693328857422,0.21480819219426056,0.00449592919927168,0.0013024406507611275
9428992,1757.3646236519853,0.01316660328114363,0.18309326469898224,,,,,,,,0.0,0.6595010757446289,0.21512667175549088,0.0044249971604484566,3.756352452910505e-05
9437184,1762.8269609329873,0.009675042352645226,0.13325195014476776,0.0012130642641717815,0.2198788354043335,0.21517043652155227,333,219.59875518553798,44.550000000000004,nan,0.0,0.6594206094741821,0.21491545509044144,0.0015491889791044808,2.522975228202995e-05
9445376,1770.3866399599938,0.013134322347439761,0.16669921576976776,,,,,,,,0.0078125,0.6593414545059204,0.21482233072290416,0.004160226223575969,7.908182305982336e-05
9453568,1776.2491998759797,0.010596649665039348,0.14536133408546448,,,,,,,,0.0,0.6595512628555298,0.21497153217407158,0.0032663333076783114,2.666846921783872e-05
9461760,1782.0451625660062,0.009854004685147716,0.13400879502296448,,,,,,,,0.0,0.659346878528595,0.2147832855485936,0.003398006049661396,0.0005821180529892445
9469952,1787.6665151839843,0.014767034475155283,0.19340820610523224,,,,,,,,0.0078125,0.6594565510749817,0.21495035676198807,0.003955581653025181,3.5620323615148664e-05
9478144,1794.8163896100014,0.010160126658671146,0.13725586235523224,,,,,,,,0.0,0.6594366431236267,0.2149832747762535,0.0031843868390684636,1.803695340640843e-05
9486336,1804.4713076039916,0.014614692595659402,0.19027100503444672,,,,,,,,0.0078125,0.659218430519104,0.2148451847643083,0.0053080528336984945,9.071692329598591e-05
9494528,1813.3277955749945,0.01037576467396405,0.1434326171875,,,,,,,,0.0,0.659538209438324,0.2149559521574346,0.0032708903822352546,0.00020550040062516928
9502720,1819.1653786230017,0.01045538376406372,0.14133301377296448,0.001983214278616696,0.2167715400243179,0.21527113206131393,333,219.6075677328655,49.35,nan,0.0,0.6593462228775024,0.2148110970009395,0.0019317938067845966,0.002864620415493846
9510912,1827.7025777849776,0.014709845330579214,0.1932373046875,,,,,,,,0.0078125,0.6594205498695374,0.2148718473440184,0.0050076861775205025,4.5146196498535573e-05
9519104,1834.6077324129874,0.010315813056634725,0.14273682236671448,,,,,,,,0.0,0.6594462394714355,0.21491754391421627,0.0031763952267656694,1.4150154129310977e-05
9527296,1841.1356770199782,0.011476684042926304,0.14775390923023224,,,,,,,,0.0078125,0.6592710018157959,0.2147504919419793,0.004211437627483521,5.8186935348203406e-05
9535488,1847.7199311869917,0.016866798787697958,0.22099609673023224,,,,,,,,0.0,0.6594274640083313,0.21504836736542984,0.004786429090610965,6.882336310809478e-05
9543680,1853.3763576489873,0.010553654544729386,0.14212647080421448,,,,,,,,0.0,0.6593930721282959,0.2149158709330042,0.0035801561389424614,1.9607552530942485e-05
9551872,1854.430692000984,0.015182196883622968,0.19643555581569672,,,,,,,,0.0078125,0.6592816114425659,0.21477034224359914,0.00408144249062228,7.610581087647006e-05
9560064,1855.3771876429964,0.010321685677640571,0.14089356362819672,,,,,,,,0.0,0.659536600112915,0.21503022775202596,0.003131864235729403,1.0848832971532829e-05
9568256,1856.2705184139777,0.010494159030328395,0.14471435546875,0.0011625509128544431,0.2203522087666213,0.2151840670748149,333,219.6122102210683,49.2,nan,0.0,0.659290075302124,0.21471469885657765,0.0020705566840831615,0.0003149771655444056
9576448,1857.471672529995,0.013685398811705114,0.176025390625,,,,,,,,0.0078125,0.6595109701156616,0.21476505287332165,0.0029719190592473904,5.369874634197913e-05
9584640,1858.4470856839907,0.009967274640307123,0.13469238579273224,,,,,,,,0.0,0.6594703793525696,0.21498363350735716,0.0019313248066763688,1.654925654293038e-05
9592832,1859.479722714983,0.013687912283441886,0.1737060546875,,,,,,,,0.0078125,0.6593394875526428,0.2149006212237674,0.00473326131685206,0.00033525150502100587
9601024,1860.477043047984,0.01233484046477655,0.16972656548023224,,,,,,,,0.0,0.6595888137817383,0.21517578640471774,0.003107304034711267,2.1230669517535716e-05
9609216,1861.4697075639851,0.010676459836119276,0.144775390625,,,,,,,,0.0,0.6594225764274597,0.21485111344763327,0.0017678658439485074,7.238572288770229e-05
9617408,1862.4634090449836,0.01967828146337916,0.24671630561351776,,,,,,,,0.0078125,0.6592844128608704,0.21485342935146953,0.006387516870578452,0.00043811663636006415
9625600,1863.381510893989,0.011259998187338747,0.15346680581569672,,,,,,,,0.0,0.6594674587249756,0.21477608420327904,0.001223713247258032,0.0009708047145977616
9633792,1864.2845090549963,0.013248350868057025,0.17315673828125,0.0012077597485649072,0.22019487409637564,0.21521296481976945,333,219.60160449819844,39.900000000000006,nan,0.0078125,0.6593475341796875,0.21479472263466798,0.003911402631849696,0.0001249160704901442
9641984,1865.5687104509852,0.011511868214702512,0.15776367485523224,,,,,,,,0.0,0.6595427989959717,0.2151006353754045,0.003834217359233307,3.320685573271476e-05
9650176,1866.5203342610039,0.011082435229538678,0.153564453125,,,,,,,,0.0,0.6594921946525574,0.21504510966563228,0.002025803038486149,1.5881416402407922e-05
9658368,1867.5256834989996,0.011938962206817123,0.16022948920726776,,,,,,,,0.0078125,0.6593225002288818,0.21491141653468798,0.0038254085495687895,0.00015495710249524564
9666560,1868.46633078999,0.010148832003867413,0.14069823920726776,,,,,,,,0.0,0.6595543026924133,0.21505193936771821,0.002583887824813393,1.863240686361678e-05
9674752,1869.3345832469931,0.01100638728926044,0.15036621689796448,,,,,,,,0.0,0.6593645811080933,0.2147327659865957,0.002914693429781229,0.00011268816160736606
9682944,1870.0982094839856,0.01274561260760107,0.17340087890625,,,,,,,,0.0078125,0.6594874262809753,0.21480183285274532,0.0042769973361887715,6.358949758578092e-05
9691136,1870.8873511059792,0.01099674094748361,0.15297852456569672,,,,,,,,0.0,0.659415066242218,0.21507924980742943,0.0026566270236243945,1.554509435663931e-05
9699328,1871.676743094984,0.014471547836057403,0.18275146186351776,0.001525483894197377,0.2186083517580935,0.21520106279512413,333,219.6079082613736,46.95,nan,0.0078125,0.6592905521392822,0.21487458737605186,0.005314513932917644,0.001323407399468124
9707520,1872.779571623978,0.01458122556931619,0.19766846299171448,,,,,,,,0.0,0.6594952344894409,0.21497201649658257,0.002289838727527631,0.00011522054410306737
9715712,1873.7320724219899,0.009686321065513474,0.13011474907398224,,,,,,,,0.0,0.6594685912132263,0.21487380425083447,0.002601882037454526,8.286361116915941e-05
9723904,1874.7086786449945,0.01423637390365009,0.18809814751148224,,,,,,,,0.0078125,0.6594101786613464,0.21486481612485497,0.004066540755509654,0.0004398702585604042
9732096,1875.6674719069852,0.010577195251088294,0.14769287407398224,,,,,,,,0.0,0.6595262885093689,0.2149339488578486,0.0029950975269248704,2.0042933101649396e-05
9740288,1876.6408109249896,0.013483950727535388,0.15895996987819672,,,,,,,,0.0078125,0.6592536568641663,0.21470977259602236,0.005206521847310266,0.00014447220019064844
9748480,1877.6847779550008,0.01553944588093067,0.21121826767921448,,,,,,,,0.0,0.6595739722251892,0.21508853862787478,0.00426324516911837,3.168789771734737e-05
9756672,1878.7254856849904,0.012177415726599245,0.16561280190944672,,,,,,,,0.0,0.6594024896621704,0.21481135860268014,0.0032918408027300277,2.2411613826989196e-05
9764864,1879.7671174069983,0.014349029528452645,0.18928222358226776,0.0013431330177854361,0.21941417654052936,0.21517328936329058,333,219.60156669426914,45.75,nan,0.0078125,0.6593160629272461,0.2147974240301568,0.003464372685223357,0.0031262412667274475
9773056,1881.1269199789967,0.011112202083164324,0.15130615234375,,,,,,,,0.0,0.6595890522003174,0.21509996037433016,0.0022289831855291926,3.68418732250575e-05
9781248,1882.1093949359783,0.009061381902421952,0.12412109225988388,,,,,,,,0.0,0.6592918038368225,0.21488979715598844,0.0026484311386140652,2.540261448302772e-05
9789440,1883.1081234120065,0.01284015252133804,0.16268311440944672,,,,,,,,0.0078125,0.6594738960266113,0.21486599365151632,0.0027099084012404706,3.3017899113474414e-05
9797632,1884.1878787869937,0.010391871834244846,0.14138184487819672,,,,,,,,0.0,0.6593836545944214,0.21478850524469606,0.002698462991039723,1.4056146028451622e-05
9805824,1885.387640551984,0.01473980125090657,0.18707275390625,,,,,,,,0.0078125,0.6592217087745667,0.214661353496594,0.005552834401784668,7.388029916910455e-05
9814016,1886.50936610598,0.018292073325689273,0.22645263373851776,,,,,,,,0.0,0.6594024300575256,0.2151125608701871,0.0014654428468503919,0.002806530799716711
9822208,1887.5870947919902,0.010148115686360468,0.1392822265625,,,,,,,,0.0,0.6594609022140503,0.21477163501694646,0.00355976709249332,2.3976699594641104e-05
9830400,1888.7342625089805,0.014820489197018017,0.19503174722194672,0.002239783326515976,0.21695935861098073,0.2151802969572562,333,219.60748158707975,49.35,nan,0.0078125,0.6593841910362244,0.21473645269100738,0.0039010673373553436,0.00011141072172904387
9838592,1890.0825567669817,0.010460694429473717,0.14614258706569672,,,,,,,,0.0,0.6595264077186584,0.21495580542474868,0.0029844569285762115,1.4301578630693257e-05
9846784,1891.1276890120062,0.0113045986630851,0.14436034858226776,,,,,,,,0.0078125,0.6592060923576355,0.21467543858674856,0.001771235342465689,0.00031365692848339677
9854976,1892.1465671259793,0.01281412920301464,0.17655029892921448,,,,,,,,0.0,0.6596246361732483,0.2150769584220209,0.003480017067544978,2.9429564165184274e-05
9863168,1893.2479165809928,0.01138512917037887,0.15694580972194672,,,,,,,,0.0,0.659461259841919,0.21466372585093735,0.0028074121987274763,1.6377534848288633e-05
9871360,1894.4199586049945,0.015002040418267233,0.20131836831569672,,,,,,,,0.0078125,0.6593703627586365,0.21468754390832429,0.006374576940901911,5.631414751405828e-05
9879552,1895.298955723003,0.009824932717745252,0.13291016221046448,,,,,,,,0.0,0.6595062017440796,0.21500538580851666,0.003819421322884096,1.296409209317062e-05
9887744,1896.1820797499968,0.011795512300822394,0.16175536811351776,,,,,,,,0.0,0.659259557723999,0.21479780639882312,0.002043254999479749,0.0007717572734691203
9895936,1897.0701526469784,0.021009259483960874,0.24934081733226776,0.0019297344848286935,0.22030555316186465,0.21511602243274539,333,219.61424549937334,48.150000000000006,nan,0.0078125,0.6593390107154846,0.2148881133282273,0.004296728555366086,0.00016165789566002786
9904128,1898.3071902309894,0.010931727561228963,0.14989013969898224,,,,,,,,0.0,0.6594736576080322,0.21497147507468192,0.0014903349202494147,2.280666376464069e-05
9912320,1899.25476208498,0.013798584148688842,0.18669433891773224,,,,,,,,0.0078125,0.6593509316444397,0.21478926846369553,0.0028841491558407473,0.0004895752063021064
9920512,1900.174327643006,0.01841309359004633,0.23060302436351776,,,,,,,,0.0,0.6595264077186584,0.2148939690691838,0.0021583543346311907,0.00028792282682843506
9928704,1901.0792336779996,0.010210443024891595,0.14066162705421448,,,,,,,,0.0,0.6595149636268616,0.21492032990994966,2.199580679547019e-07,2.0658555513364263e-05
9936896,1901.995175508986,0.013288581376202618,0.17979736626148224,,,,,,,,0.0078125,0.6593854427337646,0.21480629405264326,0.0052096851489821586,0.0004640115366782993
9945088,1902.914156465995,0.011350512512803036,0.15202637016773224,,,,,,,,0.0,0.659561276435852,0.21473186409391948,0.003663255501803313,3.3018186513800174e-05
9953280,1903.8799400179996,0.011535778513682114,0.15609131753444672,,,,,,,,0.0078125,0.6592423319816589,0.21468782360721836,0.004391271805954464,0.0007444709772244096
9961472,1904.7856278200052,0.011008306825590477,0.15070800483226776,0.001742645658642572,0.2192841162023067,0.21520616427123085,333,219.6205929103648,48.150000000000006,nan,0.0,0.6596292853355408,0.21518395592442538,0.004286599016495421,1.601749136170838e-05
9969664,1906.3601327789947,0.013110052682813662,0.18146972358226776,,,,,,,,0.0,0.6594472527503967,0.2149733879659189,0.003529631674407019,2.4095012122415937e-05
9977856,1907.4818988799816,0.011373984368557605,0.153076171875,,,,,,,,0.0078125,0.6593862771987915,0.2146606082386897,0.00445220062608886,0.003451254218816757
9986048,1908.5624001539836,0.012491485656248719,0.17000733315944672,,,,,,,,0.0,0.6595669388771057,0.21505588506394385,0.004605406561234335,1.426718972652452e-05
9994240,1909.690034765983,0.010035460502875383,0.13826905190944672,,,,,,,,0.0,0.6594082713127136,0.2148316673106596,0.0016048171154070903,9.883817983791232e-05
10002432,1910.8411752399988,0.017660784978286093,0.21970215439796448,,,,,,,,0.0078125,0.6594218015670776,0.2149173381009964,0.00531626314266648,6.347407907014713e-05
10010624,1911.9416578770033,0.01096323419745783,0.15058593451976776,,,,,,,,0.0,0.6594778895378113,0.2149479529845229,0.00020274262333245434,1.9653132767416537e-05
10018816,1913.1260568879952,0.01212235723305929,0.16147461533546448,,,,,,,,0.0078125,0.6592981815338135,0.21481967280321784,0.005530013233894248,8.157877891790122e-05
10027008,1914.3772651559848,0.013764092677339822,0.186767578125,0.0015550781360201826,0.2182898372509045,0.21517394458014336,333,219.62743665323742,46.95,nan,0.0,0.6595208644866943,0.21491898742562818,0.0017515441437105075,0.0006155312294140458
10035200,1915.9302939409972,0.01368597434210376,0.18449707329273224,,,,,,,,0.0,0.6593970656394958,0.2149111011228563,0.004565706006616276,4.9184101953869686e-05
10043392,1917.1055460530042,0.015362438501716515,0.19846192002296448,,,,,,,,0.0078125,0.6594196557998657,0.2146754795088927,0.004332524620205479,7.962050585774705e-05
10051584,1918.2950242179795,0.010890466242758103,0.14805908501148224,,,,,,,,0.0,0.6595953702926636,0.21500398177246932,0.0039883934965383614,1.4664721675217152e-05
10059776,1919.4929226670065,0.012546171922794717,0.16431884467601776,,,,,,,,0.0078125,0.6593567132949829,0.21484673869086834,0.0053140297627738056,0.0002465159341227263
10067968,1920.6400083119806,0.014474462312708014,0.19157715141773224,,,,,,,,0.0,0.6595722436904907,0.2151627827513988,0.0025098121387417786,6.257907807594165e-05
10076160,1921.7911018839804,0.010821871988518384,0.15377198159694672,,,,,,,,0.0,0.6594904661178589,0.21501457297187837,0.0018410966984228221,1.980564593395684e-05
10084352,1922.991734398005,0.014408433475179712,0.18596191704273224,,,,,,,,0.0078125,0.659406304359436,0.21478349169381797,0.00391482033495893,0.00036610523238778114
10092544,1924.155684923986,0.011172980086807536,0.15085449814796448,0.0017162395900551797,0.21701540770876995,0.2151879829712128,333,219.6201062595537,48.150000000000006,nan,0.0,0.659509003162384,0.21507166083102286,0.0024663835436593167,1.1237409125897102e-05
10100736,1925.7476666949806,0.010417052974456215,0.1422119140625,,,,,,,,0.0,0.6593691110610962,0.21479557263110166,0.002377662938790357,0.0011621181620284915
10108928,1926.9784211189835,0.011680249958764892,0.15524902939796448,,,,,,,,0.0078125,0.6593769788742065,0.21462796435293643,0.001066399576801661,0.00028075568843632936
10117120,1928.1930975639843,0.011682097656372185,0.15831299126148224,,,,,,,,0.0,0.6595655679702759,0.2149848573898479,0.0029843563172027875,1.8425398593535647e-05
10125312,1929.1887482710008,0.012885435869751988,0.17073975503444672,,,,,,,,0.0078125,0.6593225002288818,0.21482450333696135,0.004913644325017858,0.00033853293280117214
10133504,1930.1470688830013,0.016053212314562824,0.21342773735523224,,,,,,,,0.0,0.6595578789710999,0.2149857531595965,0.004527716451983503,0.0003397644031792879
10141696,1931.1210562869965,0.010593478772487263,0.14503173530101776,,,,,,,,0.0,0.6594294309616089,0.21472544935694465,0.0015147256211742054,5.474568024510518e-05
10149888,1932.1222064199974,0.013229069124288468,0.17493896186351776,,,,,,,,0.0078125,0.6594200730323792,0.2146539628744978,0.004978334601565108,0.00011078659736085683
10158080,1933.0906129439827,0.011321244895096422,0.1572265625,0.0011990846738445526,0.21716718138957264,0.21533442941177933,333,219.62253181196814,45.0,nan,0.0,0.6595206260681152,0.21486845987795414,0.0030272816405173286,1.697953666734975e-05
10166272,1934.4183984629926,0.011809947402605945,0.15876464545726776,,,,,,,,0.0078125,0.6593212485313416,0.21463104845141925,0.0022863409765887708,0.0002858852967619896
10174464,1935.433757206978,0.012655606306986209,0.16683350503444672,,,,,,,,0.0,0.6596041321754456,0.21502319499293204,0.004797869403239226,3.316813672427088e-05
10182656,1936.3335070659814,0.010302741656435688,0.13907471299171448,,,,,,,,0.0,0.6594846248626709,0.2149477976564398,0.0030566237015071775,0.0006129969842731953
10190848,1937.318795002997,0.012690277936561432,0.17561034858226776,,,,,,,,0.0078125,0.6593823432922363,0.2148202096889706,0.004273671229006934,0.0008973241201601923
10199040,1938.3341739589814,0.011370447489003056,0.15871582925319672,,,,,,,,0.0,0.6595470905303955,0.21493235625556256,0.003964857291741859,5.327052349457517e-05
10207232,1939.3660335459863,0.012872442963886508,0.1788330078125,,,,,,,,0.0,0.6593949794769287,0.2147595225342433,0.004087008684849941,5.774961391580291e-05
10215424,1940.6846685530036,0.014127810310989253,0.18507079780101776,,,,,,,,0.0078125,0.6594606637954712,0.2146642300512204,0.003386580138795458,0.00010446485975990072
10223616,1942.0064131479885,0.010426434934856971,0.14374999701976776,0.0022981774336577887,0.21905496940698305,0.2152716288304402,333,219.62608449407884,45.900000000000006,nan,0.0,0.6595180630683899,0.21490173401026066,0.0019758859934955095,3.4916003642138094e-05
10231808,1943.6788848739816,0.01268742772729429,0.1683349609375,,,,,,,,0.0078125,0.659294605255127,0.21495379235536585,0.00417881242456723,0.003568451153114438
10240000,1944.94577419298,0.01561119304535772,0.20482178032398224,,,,,,,,0.0,0.659451425075531,0.2151541904137939,-0.0024791182713767633,0.00019456820155028254
10248192,1946.1776830829913,0.010366392118133718,0.14417724311351776,,,,,,,,0.0,0.6594974994659424,0.2149460586839113,0.0021983000806583193,5.9785463236039504e-05
10256384,1947.336402326997,0.014993697431774181,0.19570313394069672,,,,,,,,0.0078125,0.6594611406326294,0.2147036756150118,0.00557088946337629,0.00011246525536989793
10264576,1948.569297976006,0.010495510831512027,0.14400635659694672,,,,,,,,0.0,0.6595422625541687,0.21499961721300892,0.0038212305933869595,1.5344134226324968e-05
10272768,1949.7693914650008,0.01154021632126904,0.15522460639476776,,,,,,,,0.0078125,0.6593657732009888,0.21480416467331404,0.005247008959112998,8.811669977148995e-05
10280960,1950.9630541460065,0.014075765696959792,0.19047851860523224,,,,,,,,0.0,0.6595306396484375,0.2152048948838337,0.0008077302911231632,5.102859722683206e-05
10289152,1952.1331866059918,0.009756820734396626,0.13404540717601776,0.0018433082967398429,0.21761584659491634,0.21528520251511093,333,219.6312855076806,40.050000000000004,nan,0.0,0.6595531702041626,0.21489628583345027,0.0032527189788443493,1.9748913473449647e-05
10297344,1953.7813890069956,0.011434086357026455,0.15008544921875,,,,,,,,0.0078125,0.6594122052192688,0.21474378418942347,0.0027633967275144788,0.002575443359091878
10305536,1955.0218964309897,0.014056459176101946,0.18793945014476776,,,,,,,,0.0,0.6596418023109436,0.215218251290831,0.005064725783392803,2.7268299163552e-05
10313728,1956.116863348987,0.010780799247345395,0.14621582627296448,,,,,,,,0.0,0.6594957113265991,0.21502135935007982,0.004069523778909096,2.5747807740117423e-05
10321920,1957.3857487560017,0.014797147483158957,0.18698731064796448,,,,,,,,0.0078125,0.6595121622085571,0.2149944861022673,0.0024516309224262727,0.00013673648936674
10330112,1958.7476013129926,0.011143249964941692,0.15432129800319672,,,,,,,,0.0,0.659570038318634,0.21495247683908886,0.002967684904053738,6.640522042289376e-05
10338304,1960.0799307529815,0.013091329172752126,0.17281495034694672,,,,,,,,0.0078125,0.6593926548957825,0.21477304100126324,0.0038109034275867013,0.00014182645827531815
10346496,1961.2948986669944,0.01279151137676926,0.174560546875,,,,,,,,0.0,0.659574568271637,0.2150423939450294,0.0024480362625545933,2.0604817109415308e-05
10354688,1962.4747631269856,0.008963872806458864,0.12166748195886612,0.0017977396437407478,0.21705745713491598,0.21520368081130567,333,219.63057098730735,46.95,nan,0.0,0.6593683958053589,0.21486841243076485,0.0012422222607917843,2.87025668512797e-05
10362880,1964.1814164579846,0.012937976913354812,0.16292725503444672,,,,,,,,0.0078125,0.6594175100326538,0.21478819483863315,0.004817804685636516,0.00014308528625406325
10371072,1965.2940142620064,0.011742100949482089,0.16196289658546448,,,,,,,,0.0,0.6595340371131897,0.21507629700191688,0.0017531478918196477,0.00052900321315974
10379264,1966.3306136080064,0.012074615463188387,0.16074219346046448,,,,,,,,0.0078125,0.6593353748321533,0.2148237594449857,0.0027487941663758477,0.00030901681748218834
10387456,1967.3576210229949,0.012264085643335122,0.16839599609375,,,,,,,,0.0,0.659561038017273,0.2151094664023708,0.0027398616071588697,2.222489274572581e-05
10395648,1968.323829639994,0.00983149666106274,0.13531494140625,,,,,,,,0.0,0.6595207452774048,0.21502362618744786,0.0017926732028946879,2.3158849216997623e-05
10403840,1969.3015448990045,0.013800128141121623,0.18081055581569672,,,,,,,,0.0078125,0.6593660116195679,0.2149086600249563,0.0033076120268923205,0.00043509286479093134
10412032,1970.2890021439816,0.011716869228462433,0.16140137612819672,,,,,,,,0.0,0.6595662236213684,0.21486990472385536,0.003334843058716159,2.2714160877512768e-05
10420224,1971.2529948489973,0.010016450103073775,0.13853760063648224,0.0011689487980705016,0.22036733152486768,0.21518563055838036,333,219.62708202414484,49.2,nan,0.0,0.6593740582466125,0.21475347510442205,0.0029316850835837713,0.00011188798089278862
10428416,1972.57412402099,0.015101055340940235,0.20048828423023224,,,,,,,,0.0078125,0.6594663262367249,0.2147196647198722,0.003686534230861092,0.00019914119911845773
10436608,1973.5777699289902,0.010606415564098769,0.14952392876148224,,,,,,,,0.0,0.6595218181610107,0.21507248621076278,0.002185983255363791,1.526163578091655e-05
10444800,1974.5834626249853,0.013809840157380245,0.16853027045726776,,,,,,,,0.0078125,0.6593968272209167,0.2149842634101295,0.003867150439941238,0.0026968594174832106
10452992,1975.6378175739956,0.013597764124555996,0.18294678628444672,,,,,,,,0.0,0.6595951914787292,0.21483797645808314,0.0017052885619494433,5.712563870474696e-05
10461184,1976.6540123799932,0.01142366557115644,0.15554200112819672,,,,,,,,0.0,0.6595009565353394,0.21476702755899013,0.003567023745779581,0.0001611298939678818
10469376,1977.6736062639975,0.013943886746920077,0.17620849609375,,,,,,,,0.0078125,0.6594639420509338,0.21477192919373808,0.00365097520282031,5.008350854041055e-05
10477568,1978.7108857319981,0.011137221310410351,0.1541748046875,,,,,,,,0.0,0.6595633029937744,0.21500870704084396,0.004262173453305126,1.874745976238046e-05
10485760,1979.7072214529908,0.013355370283436037,0.16593018174171448,0.0010649203166744892,0.22033188601975354,0.21522915790765224,333,219.61880989500978,49.2,nan,0.0078125,0.6593864560127258,0.2148723009626948,0.00406143690541534,0.0002445712743792683
10493952,1980.985878343985,0.01518383378874603,0.20389404892921448,,,,,,,,0.0,0.659498393535614,0.2151498529204033,0.004857477715801313,7.092051964718848e-05
10502144,1985.0037754460063,0.010322786790062797,0.1414794921875,,,,,,,,0.0,0.6595000624656677,0.2150475052703682,0.00311000394445888,4.776388232130557e-05
10510336,1990.602383356978,0.013585362404015781,0.18142090737819672,,,,,,,,0.0078125,0.6593565940856934,0.21488738851797912,0.002566145368656353,5.404185503721237e-05
10518528,1996.380022886995,0.01085352553765223,0.15147705376148224,,,,,,,,0.0,0.6596291065216064,0.2150773209603448,0.0025733207959580066,2.6030405933852307e-05
10526720,2001.9395711300022,0.010350142839893753,0.14241944253444672,,,,,,,,0.0,0.6593655347824097,0.21480881710316962,0.0028560300904310726,0.0017474923515692353
10534912,2011.5377461040043,0.014978740512157071,0.19183349609375,,,,,,,,0.0078125,0.6595107316970825,0.21493432972832466,0.004060330669964617,3.799552723648958e-05
10543104,2028.142704117985,0.011824576949551831,0.16464844346046448,,,,,,,,0.0,0.6594704985618591,0.21496793662187988,0.001999706856784963,1.4856318557576742e-05
10551296,2036.935962018004,0.013581624010741972,0.17600098252296448,0.0016211223371734862,0.21721607850731856,0.21518940150800944,333,219.62132132011328,42.300000000000004,nan,0.0078125,0.6593164205551147,0.21493770377489274,0.0015175731185591238,5.5016764235915616e-05
10559488,2045.578476517985,0.011055058874126167,0.15407715737819672,,,,,,,,0.0,0.6595903038978577,0.2149892206631488,0.0025176392619566837,4.1810115362750366e-05
10567680,2053.992410624982,0.010065647311452007,0.13881836831569672,,,,,,,,0.0,0.6594901084899902,0.21485805469678546,0.0030309180531938136,2.14712017623242e-05
10575872,2061.823652249004,0.011615809469891679,0.15668945014476776,,,,,,,,0.0078125,0.6593599915504456,0.21469051693135266,0.0036720015302010704,0.0007449588738381863
10584064,2069.6899485329923,0.012283195712104669,0.16409912705421448,,,,,,,,0.0,0.6595568060874939,0.21498007255540358,0.005893964211215432,2.7911717552342452e-05
10592256,2077.1779462760023,0.01157616493122628,0.15255127847194672,,,,,,,,0.0078125,0.6593102216720581,0.2148681247201869,0.004249638595594149,0.0007341759628616273
10600448,2084.1339445959893,0.018024300056218936,0.22138671576976776,,,,,,,,0.0,0.6595364212989807,0.21518775043173846,0.002719917774431412,0.00016960359062068164
10608640,2090.55324310399,0.011044735181151552,0.14888916909694672,,,,,,,,0.0,0.6594735383987427,0.21501163947926566,0.0029192126518489594,1.5430499843205325e-05
10616832,2097.057845787989,0.012392796320759658,0.16270752251148224,0.0010615218333643872,0.21950493365181364,0.21522667946399285,333,219.61174626814255,39.900000000000006,nan,0.0078125,0.6593479514122009,0.21492479335008602,0.005712828458264117,8.57196791912429e-05
10625024,2105.9651227690047,0.010058808922564838,0.13677978515625,,,,,,,,0.0,0.6595245599746704,0.2148715054974905,0.0013930479304794605,5.499036706169136e-05
10633216,2112.502006781986,0.011051698496266466,0.154052734375,,,,,,,,0.0,0.659285843372345,0.21488139580080817,0.0040133159609067005,3.7398927815956995e-05
10641408,2119.0651899520017,0.024169867060484865,0.2894653379917145,,,,,,,,0.0078125,0.6592264175415039,0.2149078214225987,0.007953071141276812,0.000887315662112087
10649600,2126.5336815420014,0.009484714821409822,0.12839356064796448,,,,,,,,0.0,0.6595014929771423,0.21499827001690544,0.003378392210383237,2.098506774927955e-05
10657792,2133.670896063006,0.011895090074254742,0.15562744438648224,,,,,,,,0.0078125,0.6593400835990906,0.21480741435338965,0.005675469786822139,0.0012598244938999414
10665984,2140.5238621599856,0.01075218668308465,0.14520263671875,,,,,,,,0.0,0.6595487594604492,0.21494703439844512,0.003508191730829049,2.5674564312794246e-05
10674176,2141.8973533239914,0.011633667448237493,0.15888671576976776,,,,,,,,0.0,0.6594301462173462,0.2150101007425865,0.004458179678535313,3.250615918659605e-05
10682368,2143.0657031149894,0.013149309291685635,0.17230224609375,0.0011701482525202644,0.22008792964790175,0.2152154318644269,333,219.60610014431165,39.900000000000006,nan,0.0078125,0.659343421459198,0.2149513598446926,0.0040523486937648,0.00014562586147803813
10690560,2144.150125457003,0.010520304174622207,0.14252929389476776,,,,,,,,0.0,0.6595713496208191,0.21471873487748422,0.002876519671205012,4.582644396577962e-05
10698752,2144.9202078990056,0.009548159716206463,0.12337646633386612,,,,,,,,0.0078125,0.6592984199523926,0.21475221991857557,0.0038810984611878773,0.0003874564717989415
10706944,2145.696104959992,0.013906877913135635,0.18009033799171448,,,,,,,,0.0,0.6595820188522339,0.21507687301360262,0.007114343789717637,1.3700572708330583e-05
10715136,2146.4535146779963,0.011354439465591322,0.15546874701976776,,,,,,,,0.0,0.6594144701957703,0.2148252476404584,0.003814728778247297,2.377152668486815e-05
10723328,2147.4423019159876,0.011886031742253804,0.15753173828125,,,,,,,,0.0078125,0.6593377590179443,0.2147643058804855,0.005517055146549248,8.049531606957316e-05
10731520,2148.425154142984,0.01126413380468313,0.15705566108226776,,,,,,,,0.0,0.6595407724380493,0.21480709288023436,0.002636341351371955,3.194889723090455e-05
10739712,2149.4639014569984,0.010201540360776412,0.14259032905101776,,,,,,,,0.0,0.659331202507019,0.2148143016307007,0.003714678865714249,0.0001836605224525556
10747904,2150.59781384698,0.020761627569055394,0.25611573457717896,0.0018802917684421772,0.21679827377450817,0.21517751826756215,333,219.61610669520246,43.5,nan,0.0078125,0.6593378782272339,0.21484354733074285,0.006069699423046516,0.0008245903300121427
10756096,2151.9966522780014,0.011468210377373873,0.15651856362819672,,,,,,,,0.0,0.6595075130462646,0.21500871977956887,0.001967509783927407,2.252381636935752e-05
10764288,2153.0406002679956,0.014034839043564513,0.18599854409694672,,,,,,,,0.0078125,0.6593360900878906,0.2148901950782506,0.0028046131216583423,0.005209431983530521
10772480,2154.155755579006,0.013504593692276683,0.17750243842601776,,,,,,,,0.0,0.6595506072044373,0.21505844945815933,0.0017774279317367679,9.753200720297173e-05
10780672,2155.240796998987,0.01010443832142574,0.13953857123851776,,,,,,,,0.0,0.6594420671463013,0.21489852004188426,0.0038833176221886034,3.431450386415236e-05
10788864,2156.3074628449976,0.0219889922789324,0.2698120176792145,,,,,,,,0.0078125,0.6590932607650757,0.2147477795397624,0.009312838946740523,0.0002780538925435394
10797056,2157.394577466999,0.013809427009896017,0.18916015326976776,,,,,,,,0.0,0.6594592332839966,0.21501763266554588,0.0038599766159989387,4.1617964598117396e-05
10805248,2158.408670742996,0.011152101631143541,0.15085449814796448,,,,,,,,0.0078125,0.6592128872871399,0.2146870670697084,0.003182384077416832,4.094429095857777e-05
10813440,2159.502786309982,0.013426829619733177,0.16779784858226776,0.0018090570226522162,0.21720602325666757,0.21526872350606943,333,219.60582249075873,34.2,nan,0.0,0.6596390604972839,0.21514099158325153,0.004794429945729562,1.590759893588256e-05
10821632,2161.002842835005,0.012975412785275864,0.17634277045726776,,,,,,,,0.0,0.6594588756561279,0.2149307750898702,0.004690707836550814,1.6697758837835863e-05
10829824,2162.1059681329934,0.015468054958329586,0.1968994140625,,,,,,,,0.0078125,0.659393310546875,0.2149048777447408,0.003379601586059604,4.5990389480721205e-05
10838016,2163.244200896006,0.011367960838540678,0.15543213486671448,,,,,,,,0.0,0.6595547795295715,0.2149223266653594,0.001962627668298997,1.1765529052354395e-05
10846208,2164.25684555099,0.012633653813834493,0.17424316704273224,,,,,,,,0.0,0.6594113707542419,0.2147192548546753,0.002949172698930385,2.2194761186256073e-05
10854400,2165.1423364199873,0.014203880114280554,0.19013671576976776,,,,,,,,0.0078125,0.659396231174469,0.21493240134395708,0.004367889936942354,6.040879088686779e-05
10862592,2165.977141057985,0.010865060967876379,0.14820556342601776,,,,,,,,0.0,0.6594362258911133,0.21494364148574677,0.003777487978018596,1.9303974113427103e-05
10870784,2166.860618309991,0.012631063520975417,0.16951905190944672,,,,,,,,0.0078125,0.6592144966125488,0.2148397817300173,0.004494669762136243,0.0007946958066895604
10878976,2167.7392351309827,0.015485023404848917,0.20042724907398224,0.001823341102478837,0.21780215174279377,0.21515788340228686,333,219.60895460081582,48.150000000000006,nan,0.0,0.6595830917358398,0.21507944107450264,0.0029514346372776557,0.00024393519561272115
10887168,2168.8431687209813,0.01019529608065625,0.13979493081569672,,,,,,,,0.0,0.659428060054779,0.21487619626807422,0.0011448174478167052,4.509157224674709e-05
10895360,2169.6983797239955,0.014145359710933529,0.18282471597194672,,,,,,,,0.0078125,0.6593737006187439,0.21486485553674312,0.0060713701878988835,6.48181012365967e-05
10903552,2170.5782441969786,0.011319631510472477,0.15133057534694672,,,,,,,,0.0,0.659532904624939,0.2150109435309267,0.0027998058505481027,1.7662827303865924e-05
10911744,2171.469776488986,0.011068243303775968,0.14822998642921448,,,,,,,,0.0078125,0.6593076586723328,0.2148746921033386,0.0019756279589490558,0.00017862276581581682
10919936,2172.3557860779983,0.019131177476787893,0.23997803032398224,,,,,,,,0.0,0.6594709157943726,0.21505434615663277,0.005112481699943025,0.00029197856201790273
10928128,2173.2000894559897,0.011735477973800538,0.16099853813648224,,,,,,,,0.0,0.6595272421836853,0.2146935804034238,0.004819316956756713,1.905487442854792e-05
10936320,2174.1977543229877,0.012568629602442542,0.17183838784694672,,,,,,,,0.0078125,0.6594066619873047,0.214855115285229,0.0048091361981684455,0.0004144244303461164
10944512,2175.308439771994,0.010401894574204346,0.14315186440944672,0.0014009709029610962,0.21751998469022307,0.21518404341550226,333,219.60600428869793,49.650000000000006,nan,0.0,0.6594657897949219,0.21494816106627535,0.0027475597378991026,1.3279433005664032e-05
10952704,2176.793058365991,0.011787814455792809,0.15989990532398224,,,,,,,,0.0,0.659244179725647,0.2149295047089804,0.0025814622786362916,3.2743013434810564e-05
10960896,2177.928981183999,0.013041214551453168,0.17038574814796448,,,,,,,,0.0078125,0.6593987345695496,0.21462684079221242,0.0018001536328746308,0.00010207706509390846
10969088,2179.040143588005,0.010435907169093232,0.14093017578125,,,,,,,,0.0,0.6595733761787415,0.21507656438257458,0.0038662325667970067,4.670649650506675e-05
10977280,2180.285383562994,0.013739116658777624,0.17983399331569672,,,,,,,,0.0078125,0.6592637896537781,0.214830773569872,0.005209986337183013,0.0009884756291285157
10985472,2181.552037846006,0.011927803027425798,0.16530762612819672,,,,,,,,0.0,0.6595902442932129,0.21495324065516458,0.002926013475534712,1.031449301081011e-05
10993664,2182.884911457979,0.011176799216198546,0.15267334878444672,,,,,,,,0.0,0.659290611743927,0.214881623144677,0.0033154020917060822,1.752609205141198e-05
11001856,2184.1433526129986,0.012507989335652898,0.16665039956569672,,,,,,,,0.0078125,0.6593769192695618,0.21481638185833157,0.005129902075704726,5.716205487260595e-05
11010048,2185.3048115049896,0.010072976151667974,0.13804931938648224,0.0015426071364510463,0.21712836002588837,0.21513658675245267,333,219.60333330516693,45.75,nan,0.0,0.6595344543457031,0.21506433592065063,0.002169177603417043,7.698544504819438e-05
11018240,2186.9312852429866,0.011848699274967641,0.16267089545726776,,,,,,,,0.0,0.6592972874641418,0.2148535348703709,0.0037525565285809973,0.0019784008618444204
11026432,2188.084619735979,0.0182822427024804,0.22526855766773224,,,,,,,,0.0078125,0.6594708561897278,0.21505463523200857,0.004984735496923718,6.910388037795201e-05
11034624,2189.250207525998,0.010294025510312494,0.13909912109375,,,,,,,,0.0,0.6594064831733704,0.2148460713015392,0.00300155705426292,1.6612766557955183e-05
11042816,2190.4550642019894,0.01312229362115927,0.16434326767921448,,,,,,,,0.0078125,0.6592928171157837,0.21477248241581476,0.005602292705398773,3.983560236520134e-05
11051008,2191.645006207982,0.011279110782168865,0.15583495795726776,,,,,,,,0.0,0.6595844030380249,0.21505440764454425,0.0031682780391404683,4.5097247493686154e-05
11059200,2192.904176015989,0.010815637340826724,0.14407959580421448,,,,,,,,0.0,0.659404993057251,0.21497958290187796,0.002389289618870977,6.454617687268183e-05
11067392,2194.2239499429998,0.014088968353840381,0.18314209580421448,,,,,,,,0.0078125,0.6594719886779785,0.2148347013830126,0.005077005986866787,3.778066093218513e-05
11075584,2195.1613870800065,0.01045681762097413,0.14327393472194672,0.0019001426934722732,0.21662207991751567,0.21517898987286838,333,219.60078386133898,38.85,nan,0.0,0.6595390439033508,0.21503880645711856,0.0036255204624430107,7.537796773249283e-05
11083776,2196.470259010006,0.013034872822356694,0.16749267280101776,,,,,,,,0.0078125,0.6592750549316406,0.21479313715318055,0.003951976147894403,0.0017940826946869493
11091968,2197.4428443539946,0.013661070444228436,0.18504638969898224,,,,,,,,0.0,0.6596217751502991,0.21508649411396347,0.00540961948073796,1.6294570741592906e-05
11100160,2198.3617125269957,0.012168173936646754,0.16459961235523224,,,,,,,,0.0,0.6593660712242126,0.21500801497476477,0.005644167704197589,1.8315387933398597e-05
11108352,2199.3092309639906,0.01780732107330197,0.21733398735523224,,,,,,,,0.0078125,0.6593958735466003,0.2149137536454772,0.007473464450458785,4.1470259020570666e-05
11116544,2200.260223413992,0.013791145455379334,0.19095459580421448,,,,,,,,0.0,0.6594973206520081,0.21485291020792582,0.0035360758349169356,1.5928511857055128e-05
11124736,2201.190344542003,0.011634082459261959,0.15898437798023224,,,,,,,,0.0,0.6592907309532166,0.21490897620100574,0.004425648027155685,4.164266283623874e-05
11132928,2202.2002135019866,0.0160514443334568,0.20755615830421448,,,,,,,,0.0078125,0.6594963073730469,0.21501346806035335,0.0010970879981925727,5.808968489873223e-05
11141120,2203.130230426992,0.01074878701480874,0.14693604409694672,0.002070148762767343,0.21962530574120892,0.21514520330704562,333,219.60700038895993,48.150000000000006,nan,0.0,0.659508466720581,0.21494980426722515,0.004075733966425426,1.7127496903412975e-05
11149312,2204.4408117679995,0.015218269885485148,0.19479981064796448,,,,,,,,0.0078125,0.6592994332313538,0.21497919399919127,0.005899151279204358,0.00014582548465114087
11157504,2205.417927615985,0.014608623819248693,0.19733886420726776,,,,,,,,0.0,0.65958571434021,0.21495964240089377,0.0062807215566413836,1.5995159628801048e-05
11165696,2206.3273593109916,0.010750369812805569,0.14617919921875,,,,,,,,0.0,0.6593337655067444,0.21484745337953526,0.004041224938228736,0.0015773045597597957
11173888,2207.199426392006,0.01580825085882263,0.2054443359375,,,,,,,,0.0078125,0.6594379544258118,0.2148025270740003,0.0041221944589555515,4.418271782924421e-05
11182080,2207.998592171003,0.01152837809017516,0.16054688394069672,,,,,,,,0.0,0.6594703197479248,0.21507674396584825,0.004065268757609875,1.2988425623916555e-05
11190272,2208.8144725569873,0.016433966873820708,0.20416259765625,,,,,,,,0.0078125,0.6592321991920471,0.21481531327807776,0.005208246571024056,5.2780844271183014e-05
11198464,2209.6150509190047,0.01243249002977983,0.17232666909694672,,,,,,,,0.0,0.6596322655677795,0.21510702595558864,0.0011913527322345706,0.0025303943548351526
11206656,2210.419525061996,0.012020301655798139,0.16757813096046448,0.0019982753759563154,0.21951038535454165,0.2151326323325448,333,219.60352419301617,48.150000000000006,nan,0.0,0.6594299674034119,0.21493561527586585,0.004056742718908644,2.3460559532395564e-05
11214848,2211.5463033389824,0.014944975990677428,0.19000244140625,,,,,,,,0.0078125,0.6594195365905762,0.21496721694250262,0.003992539531528602,3.4753058571368456e-05
11223040,2212.358947917004,0.011772517361592837,0.16367188096046448,,,,,,,,0.0,0.6595243215560913,0.2148771608390049,0.0010303088505288765,1.1232797987759113e-05
11231232,2213.1711696189886,0.011871609302705153,0.16135254502296448,,,,,,,,0.0,0.6593205332756042,0.21461547933522218,0.0018167900203030747,0.0006319341482594609
11239424,2213.9809641040047,0.01498044237231607,0.19510498642921448,,,,,,,,0.0078125,0.6594932079315186,0.2150424392139049,0.0038561660699321394,2.3532711566076614e-05
11247616,2214.7640436619986,0.011019847877354905,0.15151368081569672,,,,,,,,0.0,0.6594334840774536,0.21491084323716064,0.0024356774648466232,1.3805140042677522e-05
11255808,2215.59246186199,0.01410313999941252,0.17855225503444672,,,,,,,,0.0078125,0.6592353582382202,0.21489560063867325,0.005915976237920587,3.8517147913808e-05
11264000,2216.400076116988,0.011314107983766053,0.15552978217601776,,,,,,,,0.0,0.6595594882965088,0.21504420610463693,0.002569922391790564,1.199200141854817e-05
11272192,2217.2310632249864,0.01095142281949445,0.14912109076976776,0.0012360406662916823,0.21763826851684284,0.2152429705294796,333,219.6114817328401,48.0,nan,0.0,0.6592859029769897,0.21500528947389372,0.0013603077971315683,3.617661786847748e-05
11280384,2218.369108252984,0.015444976436923536,0.19777832925319672,,,,,,,,0.0078125,0.659414529800415,0.21495605006222562,0.0043905965768255536,7.593553891638294e-05
11288576,2219.170344438986,0.013330167905270172,0.17841796576976776,,,,,,,,0.0,0.6594372987747192,0.21478458565621178,0.00497878856731132,1.581965079822112e-05
11296768,2219.987770579988,0.014571857539772276,0.18562011420726776,,,,,,,,0.0078125,0.6592345237731934,0.2147207837252234,0.004743202199058857,0.0013436301378533244
11304960,2220.8467412320024,0.013352578747068187,0.17849121987819672,,,,,,,,0.0,0.6595505475997925,0.21515721895962173,0.004547567735754799,2.1741097953054123e-05
11313152,2221.665228124999,0.009222617105500491,0.12514649331569672,,,,,,,,0.0,0.6593850255012512,0.2149199429745034,0.0019708106230717087,1.461972169636283e-05
11321344,2222.483700985991,0.013705069161790324,0.18327637016773224,,,,,,,,0.0078125,0.6593549251556396,0.21467317309071904,0.0032856341244928383,4.422529673320241e-05
11329536,2223.308303940983,0.011206355112223988,0.15495605766773224,,,,,,,,0.0,0.6595423817634583,0.21496230220537807,0.0030080525050891703,1.9346543922438286e-05
11337728,2224.1484354029817,0.010656925274995342,0.14780274033546448,0.0016324991494047758,0.21860793848512822,0.21515919775573117,333,219.6063895989023,45.75,nan,0.0,0.6593053936958313,0.21467074168717687,0.0030560971583595167,0.000640548940282315
11345920,2225.3194744929788,0.01859971130924799,0.22774659097194672,,,,,,,,0.0078125,0.6594856381416321,0.21500872725506076,0.004172728719206315,0.00019107088155578822
11354112,2226.142511001992,0.010133596564655062,0.13898925483226776,,,,,,,,0.0,0.6594579815864563,0.21482331692448872,0.0032801631044731792,1.6936637621256523e-05
11362304,2226.9650248260004,0.013145941101296936,0.17398682236671448,,,,,,,,0.0078125,0.6592656970024109,0.21477974704013233,0.004353143036784285,7.189688039943576e-05
11370496,2227.7827911209897,0.013658269966551013,0.18751220405101776,,,,,,,,0.0,0.6595932245254517,0.21492360511176184,0.004606602623394538,1.390209945384413e-05
11378688,2228.6058967869903,0.01044193984027485,0.14335937798023224,,,,,,,,0.0,0.659335732460022,0.21477372346529394,0.004680203557898838,0.0012040233705192804
11386880,2229.4343167019833,0.014628547200425009,0.18754883110523224,,,,,,,,0.0078125,0.6595169901847839,0.21475688288443853,0.0020117284253349833,3.568504689610563e-05
11395072,2230.2692544809834,0.011126149889161198,0.15449218451976776,,,,,,,,0.0,0.6594876050949097,0.21507244195529576,0.0038872229891606714,1.1318161341478117e-05
11403264,2231.1146415899857,0.013510406538306936,0.17274169623851776,0.0021208332444091482,0.21732919642206264,0.21521444199766634,333,219.60943895251629,40.050000000000004,nan,0.0078125,0.6592984199523926,0.21485756519543106,0.0038410986329259823,0.00010133425530511886
11411456,2232.3401231299795,0.015435168164768665,0.21002197265625,,,,,,,,0.0,0.6594910621643066,0.21505514435530954,0.005196569740252998,0.0005137264379300177
11419648,2233.2203535449808,0.010555424536913625,0.14583741128444672,,,,,,,,0.0,0.6593748331069946,0.21487785696820735,0.004498234728182091,2.1727795683545992e-05
11427840,2234.1026082150056,0.014659045686789269,0.18748779594898224,,,,,,,,0.0078125,0.6593104004859924,0.21490349752310506,0.0023205189227035947,0.00027274919557385147
11436032,2234.940156755998,0.012209900611105414,0.16807861626148224,,,,,,,,0.0,0.6595243811607361,0.21496337326870152,0.004898817085520335,1.192300896946108e-05
11444224,2235.766330490005,0.01030942340116918,0.13967286050319672,,,,,,,,0.0,0.6592516303062439,0.21487764946114835,0.004264502751570157,0.000297871622024104
11452416,2236.6048045869975,0.029272059349254878,0.28905031085014343,,,,,,,,0.0078125,0.6595373153686523,0.21482287825524088,0.004037837652523674,0.0001468728150939569
11460608,2237.429735523998,0.011706797367061969,0.15869140625,,,,,,,,0.0,0.6595293283462524,0.2149480091498303,0.0029982916015281963,1.6012591004255228e-05
11468800,2238.2446818799945,0.012529015028110463,0.16403809189796448,0.0015342412778269754,0.2169558655347117,0.2152382844673945,333,219.61642268614912,36.45,nan,0.0078125,0.6593822240829468,0.21482734928469882,0.005077345279107866,0.0003335699439048767
11476992,2239.4193980519776,0.011490930696954926,0.16031494736671448,,,,,,,,0.0,0.6596136093139648,0.2150876221789917,0.005431804851766002,0.00020291435066610575
11485184,2240.266041366005,0.011794408539830176,0.16119384765625,,,,,,,,0.0,0.6593831181526184,0.21497720048031446,0.003905830207079144,2.6839974452741444e-05
11493376,2241.1433937819966,0.014983022613152203,0.19608154892921448,,,,,,,,0.0078125,0.6594725251197815,0.21483931961718716,0.0035894303886116266,4.244036608724855e-05
11501568,2241.974129009992,0.010641891748911784,0.14449463784694672,,,,,,,,0.0,0.659468412399292,0.2150331425344731,0.004038052315781366,3.121783447568305e-05
11509760,2242.8291882310004,0.014074342716619581,0.18210449814796448,,,,,,,,0.0078125,0.659264326095581,0.21490553324510864,0.005880570776647232,0.0004904136876575649
11517952,2243.6743141519837,0.011922285357374923,0.1650390625,,,,,,,,0.0,0.6595669388771057,0.21518309680832962,0.0034891856945524075,9.790402145881671e-06
11526144,2244.5042568649806,0.010314858785283194,0.14230957627296448,,,,,,,,0.0,0.6594212055206299,0.2149619627121775,0.0024109520837172567,1.532898750156164e-05
11534336,2245.3564169470046,0.01356956188201789,0.17191162705421448,0.0020346228880949724,0.21660250624030336,0.21527624131191242,333,219.61028750897086,49.35,nan,0.0078125,0.6593560576438904,0.2148983370317167,0.005763472679235349,3.77470460080076e-05
11542528,2246.552435788006,0.010894667473996228,0.15030518174171448,,,,,,,,0.0,0.6595868468284607,0.21507058390982556,0.00470905904997234,0.00013417843729257584
11550720,2247.471595512994,0.01146813990305712,0.15375976264476776,,,,,,,,0.0,0.6592786312103271,0.2147966915405004,0.003392756557281049,0.0010358145227655768
11558912,2248.591592171986,0.01626799828802646,0.21076659858226776,,,,,,,,0.0078125,0.6595449447631836,0.2148691390855301,0.005988690664641125,2.1451020074891858e-05
11567104,2249.5656156079785,0.011138942284094358,0.1513671875,,,,,,,,0.0,0.6594354510307312,0.21495531074305654,0.0035371424872368273,1.3430039871309418e-05
11575296,2250.668610919005,0.015623360200079685,0.19307862222194672,,,,,,,,0.0078125,0.6593555808067322,0.21474169313426664,0.005855667627548813,4.541770613286644e-05
11583488,2251.571559278993,0.011935075168245443,0.1666259765625,,,,,,,,0.0,0.6595908403396606,0.21507571612381038,0.0031604302705438717,9.524735105514992e-06
11591680,2252.405434280983,0.011021152328963751,0.14676514267921448,,,,,,,,0.0,0.6594213247299194,0.21495476636513788,0.0031813118616190145,2.5716642994666472e-05
11599872,2253.257068453997,0.012909076246605837,0.17125244438648224,0.0020305907854397676,0.21976163797487724,0.21516615423996632,333,219.59958676524025,43.5,nan,0.0078125,0.6594749689102173,0.21488652022890756,0.004414409310644229,0.00023539054382126778
11608064,2254.425209952984,0.010128654318261869,0.14057616889476776,,,,,,,,0.0,0.6595107913017273,0.2148934512239969,0.002718134965136538,0.002186593832448125
11616256,2255.2723787459836,0.014953592677871514,0.19652099907398224,,,,,,,,0.0078125,0.6592680215835571,0.21480980768908134,0.004720371861888838,0.0012339832028374076
11624448,2256.1223294639785,0.012088638422157535,0.16229248046875,,,,,,,,0.0,0.6595941185951233,0.21512696383134036,0.0013673334464769883,1.5680998330935836e-05
11632640,2256.971900059987,0.011163077508841567,0.15048828721046448,,,,,,,,0.0,0.659448504447937,0.21486418221540063,0.002303985463837268,5.547608088818379e-05
11640832,2257.8588411409874,0.012915936695088719,0.17033691704273224,,,,,,,,0.0078125,0.65935218334198,0.21503579103184003,0.0020964332199368842,0.0009170366683974862
11649024,2258.7245968689967,0.011382317534719128,0.15640869736671448,,,,,,,,0.0,0.6595675349235535,0.21504792409836376,0.004762602410887811,1.7059115634765476e-05
11657216,2259.5484946199867,0.011543948887456018,0.1575927734375,,,,,,,,0.0,0.6592441201210022,0.21495727579832535,0.004277264479504709,0.00011544369772309437
11665408,2260.423402981978,0.018321866316900536,0.21905517578125,0.0017627063706200374,0.22032701501910962,0.21513968052652266,333,219.595924278746,46.95,nan,0.0078125,0.6595672369003296,0.2149834845221902,0.00905280348286146,2.6202091248705983e-05
11673600,2261.6026546570065,0.012156963254394158,0.16611328721046448,,,,,,,,0.0,0.6594472527503967,0.21505536887212995,0.005781767419115163,1.6979323845589533e-05
11681792,2262.4346074049827,0.013031671228239667,0.16038818657398224,,,,,,,,0.0078125,0.6593538522720337,0.21487998906377218,0.003984986739311005,0.0002863512490876019
11689984,2263.413490793988,0.010141447196180263,0.13841553032398224,,,,,,,,0.0,0.6595433950424194,0.21508540914426777,0.0036234368240621595,1.1300026926619466e-05
11698176,2264.238385448989,0.011203018954577294,0.15334473550319672,,,,,,,,0.0,0.6593735814094543,0.21475636542142573,0.0037202225818068844,0.0028083124198019505
11706368,2265.0534221629787,0.016351781309295824,0.20672607421875,,,,,,,,0.0078125,0.6594365239143372,0.21485254572287366,0.006720160425615779,4.343914406490512e-05
11714560,2265.868723580992,0.01011334945317289,0.14085693657398224,,,,,,,,0.0,0.6595426797866821,0.21500042277385148,0.003297466574749403,1.4254607776820194e-05
11722752,2266.7231435129943,0.016007504544950712,0.18397216498851776,,,,,,,,0.0078125,0.6592363119125366,0.2147846133741113,0.006943822234828859,0.00027328921714797616
11730944,2267.5866967070033,0.012119003867540095,0.16717529296875,0.001533122329670955,0.21708543807112987,0.21521475620092087,333,219.59740205711253,42.300000000000004,nan,0.0,0.6595556735992432,0.21502687057337985,0.0044690743500305245,1.2216461072966922e-05
11739136,2268.814515465987,0.011197317436671714,0.15604248642921448,,,,,,,,0.0,0.6593362092971802,0.21484591823248142,0.00322849827192205,2.1478048438439146e-05
11747328,2269.6426772279956,0.015172938920650997,0.20241700112819672,,,,,,,,0.0078125,0.6593053936958313,0.214795303041381,0.004914697104587286,9.737969230627641e-05
11755520,2270.605506990978,0.011720608911741651,0.16289062798023224,,,,,,,,0.0,0.6595215201377869,0.2150317015112319,0.004547887359744907,1.3003836102143396e-05
11763712,2271.614718577999,0.011516419881174187,0.15916748344898224,,,,,,,,0.0,0.6592158079147339,0.21493347884182518,0.00489328801681091,0.001519076176919043
11771904,2274.5754787189944,0.016933224603092635,0.21600341796875,,,,,,,,0.0078125,0.6595425605773926,0.21484489006729643,0.005471690586924544,2.2398926375899464e-05
11780096,2291.134101409989,0.011672434311582113,0.16254882514476776,,,,,,,,0.0,0.6594753265380859,0.21496769227520027,0.0029514760354680566,1.3561203559220303e-05
11788288,2301.5063887230062,0.014645795698076988,0.18814697861671448,,,,,,,,0.0078125,0.6593130230903625,0.21487952517675651,0.004305156761333767,3.8938072975724936e-05
11796480,2307.3589346929803,0.016798050243783027,0.21866455674171448,0.0017641560001087075,0.22080644679583972,0.2151778438036828,333,219.59439622687893,48.45,nan,0.0,0.659489095211029,0.21503165566041518,0.004174647294651922,3.682075112010352e-05
11804672,2318.134467980999,0.012217924857884711,0.16695557534694672,,,,,,,,0.0,0.6593448519706726,0.2148936552003224,0.004408059311163064,2.1338064470910467e-05
11812864,2326.65689842499,0.01589733259049071,0.20093993842601776,,,,,,,,0.0078125,0.6594200134277344,0.21476809289845328,0.005583077705006026,6.391984061338007e-05
11821056,2333.922476824984,0.01155578880085345,0.15992431342601776,,,,,,,,0.0,0.6595821380615234,0.21499674191194304,0.003875274927278792,1.1621552403084934e-05
11829248,2342.0176588869945,0.01366511766287498,0.1781005859375,,,,,,,,0.0078125,0.6592720746994019,0.21474231412169992,0.005148958512971421,0.002012601587921381
11837440,2350.0395185679954,0.012668769666504605,0.17460937798023224,,,,,,,,0.0,0.6596410870552063,0.21508084849505046,0.002023347721718008,1.6253346984740347e-05
11845632,2357.205162566999,0.01185282817471055,0.164794921875,,,,,,,,0.0,0.6593966484069824,0.2149458814248344,0.0038580959480694387,1.5323927073040977e-05
11853824,2364.0081338519813,0.013934824408279235,0.18244628608226776,,,,,,,,0.0078125,0.6593731045722961,0.214871270989901,0.005955199177306585,4.11507353419438e-05
11862016,2370.518828924978,0.01158721304310964,0.15640869736671448,0.001955748187292272,0.21845950870782596,0.2151553501839898,333,219.59615638074774,43.5,nan,0.0,0.6595155596733093,0.21502796368021318,0.003756476713116211,9.624522135709412e-06
11870208,2379.359371230006,0.010160767471354757,0.13959960639476776,,,,,,,,0.0,0.6592506170272827,0.21491166779371712,0.002110525710227729,2.495400076441001e-05
11878400,2386.747871397005,0.014298560538479386,0.17974853515625,,,,,,,,0.0078125,0.659460186958313,0.215013014536182,0.004538265914422734,7.248789916047826e-05
11886592,2394.3690054119797,0.011732551771089623,0.15910644829273224,,,,,,,,0.0,0.659420907497406,0.21497119043620097,0.0036571676734354006,1.4237134564609732e-05
11894784,2401.76587517999,0.013168953654737437,0.17088623344898224,,,,,,,,0.0078125,0.6592674255371094,0.21484845516464265,0.004874363902771785,0.0007792945834808052
11902976,2409.2331199889886,0.01533240609073952,0.20250244438648224,,,,,,,,0.0,0.659536600112915,0.21515821504969773,-0.0007248789318929692,5.381266964832321e-05
11911168,2416.0248238829954,0.0097925128362182,0.13836669921875,,,,,,,,0.0,0.6594201922416687,0.2148513826519698,0.001569254431572726,2.2212843759916723e-05
11919360,2422.5877024649817,0.010683263973713185,0.14401856064796448,,,,,,,,0.0078125,0.6594300866127014,0.21490639890995777,0.0039955206711557644,7.511116564273834e-05
11927552,2428.7360761879827,0.01066233742867844,0.14886474609375,0.0014416413966878983,0.21767911756403957,0.21514144487315243,333,219.59964449327782,45.75,nan,0.0,0.6595228314399719,0.2150295977860593,0.002808555465913925,1.5925514162518084e-05
11935744,2431.5893317799782,0.013957703194794597,0.18618164956569672,,,,,,,,0.0078125,0.659190833568573,0.21489167640218984,0.004312879563445847,5.194428376853466e-05
11943936,2432.366532405984,0.01673037518461905,0.21766357123851776,,,,,,,,0.0,0.6595214009284973,0.21514260210413244,0.0028605861650001807,0.000297553779091686
11952128,2433.3081099889823,0.012172873154304896,0.16791991889476776,,,,,,,,0.0,0.6592839956283569,0.2149353231230688,0.0033666219312469404,1.4829461179033387e-05
11960320,2434.3717849630048,0.014573934187236393,0.19134521484375,,,,,,,,0.0078125,0.6593257188796997,0.214769820223974,0.004254975011689707,9.754770871950313e-05
11968512,2435.445400933997,0.011906391672698573,0.16574707627296448,,,,,,,,0.0,0.6595320701599121,0.21504893795561714,0.001281697804646451,5.3394021961139515e-05
11976704,2436.5154724830063,0.011715812304982734,0.15958252549171448,,,,,,,,0.0,0.6593587398529053,0.21493644688522556,0.004672976615642335,0.0052940757013857365
11984896,2437.650582910981,0.018869296039639605,0.235107421875,,,,,,,,0.0078125,0.65944904088974,0.21496550533686629,0.0027443862862400817,5.8503625041339546e-05
11993088,2438.890045099979,0.011678482934977447,0.16301269829273224,0.002358044026433803,0.2165933179023129,0.21518154715016463,333,219.5951770859271,44.7,nan,0.0,0.6594735383987427,0.21495403050855305,0.003995591281321797,1.6264266378129832e-05
12001280,2440.3870869659877,0.014655828346705695,0.18983153998851776,,,,,,,,0.0078125,0.659209132194519,0.2147731193379961,0.00608494107508783,3.7175264878896996e-05
12009472,2441.4095550570055,0.010409105077467713,0.14515380561351776,,,,,,,,0.0,0.6596531867980957,0.2150999685869141,0.003148699361617275,8.891484867490362e-06
12017664,2442.4946405749943,0.010659263803927205,0.14810791611671448,,,,,,,,0.0,0.6593926548957825,0.2149684995693605,0.0022936197953614935,0.00014154260861687362
12025856,2443.522395485983,0.01481929949030954,0.18793945014476776,,,,,,,,0.0078125,0.6594443321228027,0.21492780672351858,0.007263533767231671,2.9366388844209723e-05
12034048,2444.543383362994,0.01300273246949394,0.18165282905101776,,,,,,,,0.0,0.6595003008842468,0.2150216120876348,0.0031627193435416513,1.305386012973031e-05
12042240,2445.5593799749913,0.014397392314453262,0.18531493842601776,,,,,,,,0.0078125,0.6591430306434631,0.2149342093817904,0.0069826465025291055,5.022761979489587e-05
12050432,2446.6228137,0.018650461938342328,0.24443359673023224,,,,,,,,0.0,0.6595546007156372,0.2151015650100414,0.002683833867791771,0.00031052701524458826
12058624,2447.6574862709967,0.011128462821978184,0.15202637016773224,0.0016859107519319183,0.22091334704788035,0.21513929792786562,333,219.5929999539481,42.300000000000004,nan,0.0,0.6594070792198181,0.21492300445189189,0.0039380804354387676,1.6528587366337888e-05
12066816,2449.145673049992,0.014659908341754235,0.18994140625,,,,,,,,0.0078125,0.6593049168586731,0.2148808679436383,0.00400564233348322,0.00010277575347572565
12075008,2450.2485189389845,0.011213071282233032,0.15314941108226776,,,,,,,,0.0,0.6595456600189209,0.2150233209265957,0.004037011927464303,1.9716060705832206e-05
12083200,2451.2385269539955,0.012435808915981728,0.17470704019069672,,,,,,,,0.0,0.6593272686004639,0.21477722916536143,0.0035909836926121493,4.397795055410825e-05
12091392,2452.119783798,0.014768275968542858,0.18758545815944672,,,,,,,,0.0078125,0.6594614386558533,0.21497926525273187,0.00499808214222818,3.240491059841588e-05
12099584,2452.9509136439883,0.011374758075857822,0.15605469048023224,,,,,,,,0.0,0.6594801545143127,0.2149531325741259,0.003216745481494092,1.7691763787297532e-05
12107776,2453.98321967799,0.011833940772125844,0.15050049126148224,,,,,,,,0.0078125,0.6591916084289551,0.21478277993919667,0.005399056550062022,0.0010600409004837275
12115968,2454.9695892849995,0.024696144980420515,0.29920655488967896,,,,,,,,0.0,0.6594984531402588,0.21506859612223345,0.005433567694349235,0.00010872748680412769
12124160,2455.9560976549983,0.01176423062727109,0.16280518472194672,0.0019011313658813256,0.21778261555406667,0.21513523635283174,333,219.60326809977278,46.95,nan,0.0,0.6592682003974915,0.21486414675660376,0.0038965518500186473,2.3184720703284256e-05
12132352,2457.5134875609947,0.015945035020185874,0.20578613877296448,,,,,,,,0.0078125,0.6593634486198425,0.2148062826143246,0.004229227421984985,5.627866630675271e-05
12140544,2458.6574440359836,0.012222955856521554,0.16977539658546448,,,,,,,,0.0,0.6594396829605103,0.21499038935297202,0.004980898230529823,1.5085541235748678e-05
12148736,2459.877200908988,0.013830222622210526,0.18380127847194672,,,,,,,,0.0078125,0.6591980457305908,0.2147949114203404,0.005062046324175781,0.0014127591857686639
12156928,2461.0646244990057,0.015053026989641272,0.19895020127296448,,,,,,,,0.0,0.6595510244369507,0.21508012144185334,0.0029612107511890677,4.857185194850899e-05
12165120,2462.1883794659807,0.012233162256866667,0.17023925483226776,,,,,,,,0.0,0.6594687700271606,0.21489038852550252,0.0036236493574482603,2.067200512101408e-05
12173312,2463.262117626,0.01626858224362093,0.20380859076976776,,,,,,,,0.0078125,0.6593524217605591,0.21489097072093882,0.006661859278633044,4.746563718072139e-05
12181504,2464.3676024449815,0.011458782976528612,0.15511475503444672,,,,,,,,0.0,0.6595666408538818,0.21504409671175914,0.003466283717313008,1.1000111953762826e-05
12189696,2465.487546111981,0.012284776339561987,0.16990967094898224,0.0011350817661229806,0.21754269276413596,0.21515342249223282,333,219.60496578474857,44.550000000000004,nan,0.0,0.6593019366264343,0.21484728461072664,0.003135760733067188,2.0692628822871484e-05
12197888,2467.0406692950055,0.014464763531267017,0.1885986328125,,,,,,,,0.0078125,0.6594952344894409,0.21496143960240316,0.005048191077396275,2.9029395591351204e-05
12206080,2468.179873271991,0.010955096253004731,0.15065918862819672,,,,,,,,0.0,0.6594677567481995,0.21493725621857807,0.001373818224223987,4.285628892830573e-05
12214272,2469.3719357239897,0.01300146747186187,0.1695556640625,,,,,,,,0.0078125,0.6592113971710205,0.21487872333781585,0.0025760000056017935,0.001514566713012755
12222464,2470.5889571000007,0.011734797291989734,0.15910644829273224,,,,,,,,0.0,0.6596099734306335,0.21508671417772987,0.003344811703754648,9.353265340905637e-06
12230656,2471.726784854982,0.012220802079589317,0.16844482719898224,,,,,,,,0.0,0.6593242287635803,0.2148047295431287,0.003130131812714674,1.9470076949801296e-05
12238848,2472.908397007006,0.01383825658612911,0.17713622748851776,,,,,,,,0.0078125,0.6594316363334656,0.21468761313998502,0.0036577848185402337,3.469877628958784e-05
12247040,2473.9701431609865,0.011355568974497134,0.15631103515625,,,,,,,,0.0,0.6595271825790405,0.21505633314197445,0.0033760493045141616,1.2587540368258487e-05
12255232,2474.8942990519863,0.012836781399525982,0.16228027641773224,0.0021373893586493775,0.21670915942519292,0.21520352783706004,333,219.60818746187277,46.050000000000004,nan,0.0078125,0.659300684928894,0.21492632984367313,0.003967701036235419,5.0993741751881316e-05
12263424,2476.2305865850067,0.022914242096944547,0.2757568359375,,,,,,,,0.0,0.659218966960907,0.21503321406921594,0.00374402386950279,0.0005296120652928948
12271616,2477.1292972179945,0.013814690588707887,0.18870849907398224,,,,,,,,0.0,0.6594191789627075,0.21485590171299732,0.005218986193791586,3.907473001163453e-05
12279808,2478.0563608059892,0.01796075412769618,0.23089599609375,,,,,,,,0.0078125,0.6592479348182678,0.2148388595856035,0.005447851807356796,0.0029573745559901
12288000,2478.9736204849905,0.014804688544891649,0.19670410454273224,,,,,,,,0.0,0.6595536470413208,0.21502420057204402,0.005720915279924837,3.1371626391774043e-05
12296192,2480.3310041700024,0.011802894064446515,0.16301269829273224,,,,,,,,0.0,0.6593199372291565,0.2148735938457992,0.0037018956570977245,3.0311502996482886e-05
12304384,2481.6201870600053,0.01684606316783308,0.2259521484375,,,,,,,,0.0078125,0.659467875957489,0.21491396105707064,0.005357554983059093,0.0001158956074505113
12312576,2482.7240098959883,0.010917605113538346,0.15113525092601776,,,,,,,,0.0,0.6595228314399719,0.21503660436749636,0.00401823393137779,1.3928224689152557e-05
12320768,2483.915761933982,0.01506361704735717,0.19205322861671448,0.0012218207128795733,0.22007285182259903,0.2151323817573363,333,219.60553823964497,49.2,nan,0.0078125,0.6593208909034729,0.21486290033381442,0.005022968318273178,6.120164471212775e-05
12328960,2485.562707078003,0.009452693308583615,0.13154296576976776,,,,,,,,0.0,0.6595972776412964,0.21508622822242382,0.0023847490976754136,1.060352133208653e-05
12337152,2486.7724584990065,0.013848158701384332,0.18980713188648224,,,,,,,,0.0,0.6594024300575256,0.21492260986488954,0.003388170099764631,1.6867486920091324e-05
12345344,2488.031641324982,0.015000045811816597,0.19263915717601776,,,,,,,,0.0078125,0.6593899726867676,0.21484824859974583,0.0050767632996471385,4.171900945948437e-05
12353536,2489.361458372994,0.013951284375540142,0.18829345703125,,,,,,,,0.0,0.6594511270523071,0.21494747206638568,0.006291824872213312,2.1233843654044904e-05
12361728,2490.773973885982,0.014833121590842012,0.18146972358226776,,,,,,,,0.0078125,0.6591747999191284,0.21476742211262426,0.0041920084517800505,0.00122500688303262
12369920,2492.000038520986,0.01488907638321988,0.20057372748851776,,,,,,,,0.0,0.6595475673675537,0.21499645776174287,0.004538944897695909,1.084624818759039e-05
12378112,2493.3419315299834,0.011500767485772695,0.15974120795726776,,,,,,,,0.0,0.6594662666320801,0.21470827039144996,0.0025270200341880778,1.790917849575635e-05
12386304,2494.5915095630044,0.014033061429921004,0.18446044623851776,0.0011865702542056544,0.21806321879714835,0.21513727370665908,333,219.59783195704023,44.550000000000004,nan,0.0078125,0.6592990159988403,0.21476523438036596,0.003592304717721328,3.907063364749774e-05
12394496,2496.206253224984,0.010860991961493786,0.14619140326976776,,,,,,,,0.0,0.6595125198364258,0.2150023449342567,0.0032844199113218338,2.6226602130918764e-05
12402688,2497.4226588129823,0.011948702497212225,0.161376953125,,,,,,,,0.0,0.6592298150062561,0.21487621816424157,0.0021022335562765624,0.00022759991406928748
12410880,2498.7693252860045,0.01868260862952529,0.22006836533546448,,,,,,,,0.0078125,0.6595091819763184,0.2150265382224769,0.007609155696913785,4.287341653252952e-05
12419072,2500.1226494089933,0.009983313878743684,0.13725586235523224,,,,,,,,0.0,0.6594722867012024,0.21483607930809073,0.003064453836768054,1.1770355740736704e-05
12427264,2501.2641411889927,0.014723859181982664,0.18939208984375,,,,,,,,0.0078125,0.6592627763748169,0.2148982745047998,0.004265107019764601,5.066156154498458e-05
12435456,2502.204128908983,0.011700550642540065,0.16602782905101776,,,,,,,,0.0,0.6595247387886047,0.2150276657631378,0.0029792524698368968,3.0248525945353322e-05
12443648,2503.173904133,0.012414870244789142,0.17113037407398224,,,,,,,,0.0,0.6593237519264221,0.21490188541135374,0.003722171797689012,8.869190787663683e-05
12451840,2504.208753746003,0.013785912211298646,0.18032227456569672,0.001707723379303916,0.21663215609002617,0.21516481763695663,333,219.60262435954965,45.75,nan,0.0078125,0.6593577861785889,0.21485270703196463,0.004314476666430999,0.0003302209370303899
12460032,2505.518422530993,0.013647372250750451,0.18771973252296448,,,,,,,,0.0,0.6595622897148132,0.2150392854320519,0.006568811902933927,0.0001822191261453554
12468224,2506.5545755600033,0.014219724310629046,0.18032227456569672,,,,,,,,0.0078125,0.6592223644256592,0.21491989737209116,0.006628395982112523,0.0005494315992109478
12476416,2507.785979086999,0.02738557887134523,0.30565187335014343,,,,,,,,0.0,0.659325897693634,0.21502163544932923,0.008673639434580235,0.0003129398392047733
12484608,2509.007954340981,0.012801799532033387,0.17403565347194672,,,,,,,,0.0,0.6593804359436035,0.21494250149969374,0.003086692523076466,2.9609514967887662e-05
12492800,2510.3664503390028,0.014587391020758381,0.1942138671875,,,,,,,,0.0078125,0.6592299938201904,0.21480277725544245,0.005365305795839569,0.00022100601927377284
12500992,2511.5950068329985,0.012364154934509472,0.17120361328125,,,,,,,,0.0,0.6595260500907898,0.21505273375984396,0.0006573473649317706,7.210896728793159e-05
12509184,2513.06993662499,0.012189757859018827,0.16614989936351776,,,,,,,,0.0,0.6593525409698486,0.21484286651139892,0.0053616611411288415,8.738797623664141e-05
12517376,2514.421014091,0.017429810054910788,0.21599121391773224,0.0015900304741081062,0.21748895854257114,0.21517110307956053,333,219.6129270492364,49.650000000000006,nan,0.0078125,0.6595108509063721,0.21489037640424785,0.005249913431139216,3.7119138141861185e-05
12525568,2516.0132652439934,0.014567651298121837,0.19479981064796448,,,,,,,,0.0,0.6595144271850586,0.21482261690167773,0.004414621679296071,1.4361163266585208e-05
12533760,2517.1980065199896,0.015031316433287015,0.18861083686351776,,,,,,,,0.0078125,0.6593077778816223,0.21468464862147552,0.0027672434759850742,0.0004886995884589851
12541952,2518.5737507809827,0.01690442294430902,0.225341796875,,,,,,,,0.0,0.6594993472099304,0.21506004993273486,0.004941375247028008,0.00014568216283805668
12550144,2520.028309871006,0.012365765084436493,0.16569824516773224,,,,,,,,0.0,0.6593747138977051,0.21489143681390294,0.0037636483019501247,2.1989382730680518e-05
12558336,2521.5577686569886,0.016133386755438996,0.20491944253444672,,,,,,,,0.0078125,0.6593541502952576,0.21482793590904214,0.004530431804351154,0.00017773144645616412
12566528,2523.056670994003,0.012997791229095588,0.17619629204273224,,,,,,,,0.0,0.6595620512962341,0.21508457116580285,0.0031460935465200315,9.997481538448483e-05
12574720,2524.437187645992,0.013444952022022767,0.1810302734375,,,,,,,,0.0078125,0.6592823266983032,0.21489547186332253,0.0044636502239995685,0.0003243570390623063
12582912,2525.8309328049945,0.011653871427234274,0.15773926675319672,0.002274903097649994,0.2193750280680827,0.21522169190408288,333,219.60974884716285,44.85,nan,0.0,0.6596449613571167,0.2150238649268911,0.0030050163549303205,1.0568716788839083e-05
12591104,2527.6535305939906,0.01119620225218141,0.15523682534694672,,,,,,,,0.0,0.659479558467865,0.21488919266568823,0.0025482200895713784,1.6373853213735856e-05
12599296,2528.9608595290047,0.01402521693199883,0.18563233315944672,,,,,,,,0.0078125,0.6593557596206665,0.2148003921664397,0.005531745922523832,0.0002686073712538928
12607488,2530.2108338300022,0.01211403259555209,0.16750489175319672,,,,,,,,0.0,0.6595650911331177,0.2148762510237892,0.005049945511286617,1.8638171241036616e-05
12615680,2531.16783061999,0.01206896635573582,0.16134034097194672,,,,,,,,0.0,0.6593747138977051,0.21461693823418063,0.004920759207044757,5.429571683635004e-05
12623872,2532.1871402609977,0.01692599402718884,0.19394531846046448,,,,,,,,0.0078125,0.6594608426094055,0.21475981720609894,0.005379144109570793,4.4928889110451564e-05
12632064,2533.18830564199,0.010857519056330651,0.14951172471046448,,,,,,,,0.0,0.6594831943511963,0.2148974442113063,0.0032464035504908765,0.0002109155320795253
12640256,2534.233352356998,0.014309735618280773,0.18552246689796448,,,,,,,,0.0078125,0.6592980623245239,0.21468325935906915,0.00554088993893203,0.00025427000946365297
12648448,2535.260688210983,0.011012455634367818,0.15316163003444672,0.0013911028751963928,0.21658412320255063,0.2151795630233797,333,219.60689336852283,44.550000000000004,nan,0.0,0.6595369577407837,0.21505653306902972,0.0031175504349725113,1.3249613402877003e-05
12656640,2536.9886818979867,0.01094644395079304,0.14992676675319672,,,,,,,,0.0,0.659374475479126,0.21486118300218443,0.0033427650922507376,7.478537008864805e-05
12664832,2538.450946723984,0.015593220398589267,0.19949951767921448,,,,,,,,0.0078125,0.6593785881996155,0.21480230105265652,0.007342844822346345,0.00015634966257493943
12673024,2539.9308660929964,0.011745213658739729,0.16251221299171448,,,,,,,,0.0,0.6596274971961975,0.21488723673796292,0.004194257189079969,1.7609896531212144e-05
12681216,2541.41382345499,0.013569851276378487,0.18216553330421448,,,,,,,,0.0078125,0.659351110458374,0.21489299845162563,0.003738214825365814,0.0003773932985495776
12689408,2542.9144971710048,0.012242779504653785,0.16822509467601776,,,,,,,,0.0,0.6596033573150635,0.21504195808465432,0.0034962686951569215,3.9713107980787754e-05
12697600,2544.342093713989,0.009386503118207427,0.12661133706569672,,,,,,,,0.0,0.6594229936599731,0.21471593055227686,0.0044347111620564586,1.4030782040208578e-05
12705792,2545.6650681739848,0.01681196115402712,0.21240234375,,,,,,,,0.0078125,0.6593626737594604,0.21463856115387253,0.006881239692343416,7.84691292210482e-05
12713984,2547.023437080992,0.01157262072620634,0.162353515625,0.0018437390841659074,0.2206777922129643,0.21517303759459136,333,219.5966316614675,43.5,nan,0.0,0.6595801115036011,0.21515442360267972,0.005351057456660959,9.39236724661896e-06
12722176,2548.9795873269904,0.01131557826739609,0.15487061440944672,,,,,,,,0.0,0.659429132938385,0.21482605842903815,0.002147324859258845,0.00041270192014053464
12730368,2550.475390604988,0.01591413122799319,0.19904784858226776,,,,,,,,0.0078125,0.6594743728637695,0.21506121840858322,0.006261610937748788,2.756127832981292e-05
12738560,2551.786962163984,0.010723885476086418,0.14859619736671448,,,,,,,,0.0,0.6595081090927124,0.21483233710912636,0.004806279709792809,1.2260221410542727e-05
12746752,2553.1435208019975,0.016298105938195844,0.20462647080421448,,,,,,,,0.0078125,0.659195065498352,0.21474206794489326,0.007775087086335005,0.00014074116188567132
12754944,2554.4317148189875,0.012059371885348492,0.16416016221046448,,,,,,,,0.0,0.6595518589019775,0.2150450174332103,0.0045608626690906,2.2546411855728365e-05
12763136,2555.755373263004,0.012782794631340978,0.17410889267921448,,,,,,,,0.0,0.6593438982963562,0.21471824217778077,0.0035174238502011673,0.00017800310160964727
12771328,2557.0922302310064,0.017591915903251865,0.22161865234375,,,,,,,,0.0078125,0.6593344211578369,0.21473245435695437,0.005695615023989412,0.00010394112177891657
12779520,2558.4352661739977,0.013525284813388931,0.18582764267921448,0.0012471291517988092,0.22016940404744312,0.21513762557335298,333,219.59720391631032,49.2,nan,0.0,0.6594889163970947,0.21497085714522385,0.005242389737837487,1.0305111572961323e-05
12787712,2566.2172571539995,0.015456939563508899,0.19517822563648224,,,,,,,,0.0078125,0.6591014862060547,0.21466734293061643,0.004962564947562281,0.0020460474770516157
12795904,2571.785925220989,0.01347398793572658,0.1837158203125,,,,,,,,0.0,0.6596469879150391,0.21516043604204377,0.005519707467594243,9.619726370146964e-06
12804096,2578.6810245660017,0.011497874851142424,0.1573486328125,,,,,,,,0.0,0.6594986915588379,0.21489644734685204,0.0025369731541614858,1.536864510853775e-05
12812288,2585.3373967339867,0.01720456355567005,0.21259765326976776,,,,,,,,0.0078125,0.6593860387802124,0.21487158078116547,0.008311774794392159,5.2288949518697336e-05
12820480,2591.6481247579795,0.01520038339609971,0.19925537705421448,,,,,,,,0.0,0.6596106886863708,0.21507221320078443,0.00681167478446977,1.4529327927448321e-05
12828672,2598.0512953900034,0.01555705207033108,0.20897217094898224,,,,,,,,0.0,0.659409761428833,0.21477761396130773,0.006030800726645556,0.003787315683439374
12836864,2604.9266213229857,0.014442274218275592,0.19451904296875,,,,,,,,0.0078125,0.6594691276550293,0.21502004096485527,0.004695531221161369,5.913813583902083e-05
12845056,2611.862085565983,0.011166431000115261,0.15186767280101776,0.001322461548608156,0.21837058076644636,0.21522845173631144,333,219.5989098875122,36.45,nan,0.0,0.6595237255096436,0.21489702985115228,0.0028946514051540607,1.055595748766791e-05
12853248,2622.977134249988,0.016678152639875238,0.19843749701976776,,,,,,,,0.0078125,0.6592133045196533,0.21475721799357356,0.0044684050871246035,4.145977072766982e-05
12861440,2630.4646412289876,0.012792154104997407,0.175537109375,,,,,,,,0.0,0.659626305103302,0.2151401231839754,0.004288784174847413,9.589754881744739e-06
12869632,2637.4031159259903,0.012033248568585364,0.16287842392921448,,,,,,,,0.0,0.6593950390815735,0.21495704669209342,0.002606695914777987,1.4330299563880544e-05
12877824,2644.6937055309827,0.01750562704757031,0.22016601264476776,,,,,,,,0.0078125,0.6593974232673645,0.21486276136538912,0.006215162815613411,4.096681368537247e-05
12886016,2651.545823335997,0.011907718509069794,0.164794921875,,,,,,,,0.0,0.6595026850700378,0.21485858698771723,0.0038879200681722677,1.2701493687927723e-05
12894208,2657.883002488001,0.0147738898207883,0.18260498344898224,,,,,,,,0.0078125,0.6592127084732056,0.21479986954626393,0.005988517043682271,3.5921064409194514e-05
12902400,2665.0933374509914,0.012923987389735436,0.1754150390625,,,,,,,,0.0,0.6595709323883057,0.2150402196000743,0.003877382904098112,8.799831448413897e-06
12910592,2672.2676586720045,0.013706434390135365,0.18477784097194672,0.0016675154198808606,0.21988182843377274,0.21518492018840277,333,219.60614635926902,45.75,nan,0.0,0.6594573259353638,0.2149473520001742,0.0031421897640671465,1.438976323697716e-05
12918784,2682.767510596983,0.015596221491575274,0.19069825112819672,,,,,,,,0.0078125,0.6593420505523682,0.21472754858306292,0.006196268952287086,6.340981053654104e-05
12926976,2689.7884153789782,0.011203885230839192,0.15434570610523224,,,,,,,,0.0,0.6595808863639832,0.21505330310202334,0.0036927481848512606,3.76739444618579e-05
12935168,2695.6541515330027,0.010734949079049443,0.14549560844898224,,,,,,,,0.0,0.6593629717826843,0.21483904090262035,0.003721885754214996,0.0002854008926078677
12943360,2702.369531625998,0.014326435848670466,0.18897704780101776,,,,,,,,0.0078125,0.6594395637512207,0.21495465125128513,0.004471404394361535,5.664743002853356e-05
12951552,2709.4450698069995,0.013076735107498108,0.18166504800319672,,,,,,,,0.0,0.6594860553741455,0.21487283462642376,0.00610206958117567,1.2289933692954946e-05
12959744,2716.597070027987,0.01437153889169428,0.18105469644069672,,,,,,,,0.0078125,0.6591846346855164,0.21487382830023055,0.00718814885335416,0.0006358570535667241
12967936,2723.325194061006,0.014209122890088875,0.1881103515625,,,,,,,,0.0,0.6595752239227295,0.21497341053506144,0.004833925863043087,1.0466806088516023e-05
12976128,2729.78573839998,0.011759006309922696,0.16375732421875,0.0012622155971161453,0.21812197547997755,0.21522509918444963,333,219.59808444740344,49.650000000000006,nan,0.0,0.6593145132064819,0.21480366085736563,0.0027163015371164272,2.214611231465824e-05
12984320,2732.180998580996,0.01655273193138333,0.21343994140625,,,,,,,,0.0078125,0.6593661308288574,0.21484468195180734,0.007686097126815172,0.00012717150093521923
12992512,2733.1503640289884,0.011700502388453127,0.16116943955421448,,,,,,,,0.0,0.6595133543014526,0.21487802186225163,0.004514566038587539,4.522511153481901e-05
13000704,2734.179084381991,0.012162438375097043,0.16225586831569672,,,,,,,,0.0078125,0.6592884063720703,0.2148343543983541,0.0036314422994860166,0.00014884902338963002
13008896,2735.3623932399787,0.014913130922340145,0.1981201171875,,,,,,,,0.0,0.659562349319458,0.21508632258378751,0.007202127628726716,1.5689180145272985e-05
13017088,2736.468835159001,0.012884279702754598,0.17336426675319672,,,,,,,,0.0,0.659513533115387,0.21495410965772713,0.006029215654860524,1.4594784261134919e-05
13025280,2737.5164304979844,0.015106891204064983,0.19127197563648224,,,,,,,,0.0078125,0.6593390703201294,0.21487477138263436,0.006786250402496594,0.0008329702541232109
13033472,2738.5950524910004,0.010971452009623146,0.15053711831569672,,,,,,,,0.0,0.6595368385314941,0.21499951066148867,0.0047936117679834534,9.127214980253484e-06
13041664,2739.632689232996,0.012377487111952527,0.16875000298023224,0.0011643555608780165,0.2204696198641202,0.21516145950982052,333,219.5978126589394,49.2,nan,0.0,0.6592786908149719,0.21492177016341815,0.004891030864022123,3.3797841751948e-05
13049856,2741.0881690690003,0.023104181881029272,0.27845460176467896,,,,,,,,0.0078125,0.6593104004859924,0.21485651063818642,0.0032779295803775257,0.0008033648482523859
13058048,2741.980932431994,0.011843229574110098,0.16635742783546448,,,,,,,,0.0,0.659473717212677,0.2149368681888006,0.0039075262652117975,1.05858589449781e-05
13066240,2743.0687160700036,0.016962559951999186,0.20761719346046448,,,,,,,,0.0078125,0.6592292785644531,0.21476272384593229,0.007014697550936916,9.15738201001659e-05
13074432,2743.931611128006,0.011916620620647703,0.16380615532398224,,,,,,,,0.0,0.6596102714538574,0.21512544582034673,0.005494933164683533,8.003598850336857e-06
13082624,2744.696365348005,0.011812948254490141,0.16450195014476776,,,,,,,,0.0,0.6593971848487854,0.21493561475832093,0.002026487835559146,1.4975746125855949e-05
13090816,2745.539760483982,0.013922582319030392,0.18531493842601776,,,,,,,,0.0078125,0.6594065427780151,0.21489783013326283,0.005549048992707271,6.203330121934414e-05
13099008,2746.6086389559787,0.01315821208291963,0.17841796576976776,,,,,,,,0.0,0.6595035195350647,0.21498903143800835,0.004841999520168569,1.0221551747235935e-05
13107200,2747.744847488997,0.014874813024454276,0.19304199516773224,0.0014869607197409707,0.21743122206063395,0.21513677343764823,333,219.60073558511755,45.75,nan,0.0078125,0.6592238545417786,0.21485244393162994,0.008579972058954206,0.00020622643933165818
13115392,2749.365981630981,0.021011347607336636,0.2630371153354645,,,,,,,,0.0,0.6594617962837219,0.21507675051668432,0.007968983912913709,7.194314821390435e-05
13123584,2750.380078761984,0.012541280278949414,0.1710205078125,,,,,,,,0.0,0.6594406366348267,0.21487047538913626,0.004908037375922318,1.499096742918482e-05
13131776,2751.3611574560055,0.014457667674504251,0.19327393174171448,,,,,,,,0.0078125,0.6592283248901367,0.21478735488979042,0.00414991269290742,0.00038547642179764807
13139968,2752.455233782006,0.01542289966571258,0.21389161050319672,,,,,,,,0.0,0.6595175266265869,0.21503972976535005,0.0037571616017136227,0.0003026530612260103
13148160,2753.4965798729972,0.012726814861669742,0.17567138373851776,,,,,,,,0.0,0.6593146324157715,0.21489937517863605,0.00385560342297041,0.0007714938255958259
13156352,2754.5287690999976,0.01994618907496844,0.25269776582717896,,,,,,,,0.0078125,0.6594202518463135,0.21490731002416363,0.0035205660685293317,0.0001213725918205455
13164544,2755.5960378359887,0.010253783752252821,0.14141845703125,,,,,,,,0.0,0.6595481634140015,0.21496406770756377,0.0032713829230449883,1.3043586477579083e-05
13172736,2756.6911777359783,0.01590401732610433,0.20269775390625,0.0016115561701891545,0.2203229978363503,0.21516416386366893,333,219.6022053396956,46.95,nan,0.0078125,0.6593511700630188,0.21490217552856944,0.006027000865007641,8.341633656527847e-05
13180928,2758.253733953985,0.01550234454772983,0.20386962592601776,,,,,,,,0.0,0.65957111120224,0.21519857206440487,0.003763573209811329,0.00010856372682610527
13189120,2759.355234033981,0.013051133091393241,0.18028564751148224,,,,,,,,0.0,0.6594997644424438,0.2150070553335118,0.003417017331711317,3.3767173590604216e-05
13197312,2760.531548431987,0.016282884957797738,0.19737549126148224,,,,,,,,0.0078125,0.65946364402771,0.21491557817344834,0.007850547701565467,4.0403840102953836e-05
13205504,2761.6509452890023,0.011986181693249776,0.16591797769069672,,,,,,,,0.0,0.6595863699913025,0.21504735679824977,0.004743314803643187,9.647173101257067e-06
13213696,2762.7827140750014,0.013642906438685189,0.18205566704273224,,,,,,,,0.0078125,0.6593139171600342,0.21494093633294944,0.0044669257685788655,0.00010259723057970405
13221888,2763.980465331988,0.016840224731570957,0.22187499701976776,,,,,,,,0.0,0.6595304012298584,0.21502403810673845,0.006058670879837078,0.0001578350638737902
13230080,2764.9180593539786,0.011443195041783606,0.15688477456569672,,,,,,,,0.0,0.6595263481140137,0.21486482367813342,0.0029899085817672163,1.8670700228540227e-05
13238272,2765.8332009089936,0.017977465202692833,0.22364501655101776,0.0017276142920970017,0.220459612012387,0.21513248459758222,333,219.60251114089436,46.95,nan,0.0078125,0.6593366265296936,0.21493627529529796,0.007187913726124246,0.0005324074300006032
13246464,2767.07460331099,0.0139160513452954,0.19415283203125,,,,,,,,0.0,0.6595856547355652,0.2150673358612169,0.0035196863219889942,0.0008299741894006729
13254656,2767.9627837720036,0.011830635011050906,0.159912109375,,,,,,,,0.0,0.6593565344810486,0.21482183957358933,0.0036873259567686226,1.8020475181401707e-05
13262848,2768.849451707996,0.017585243381663753,0.21976318955421448,,,,,,,,0.0078125,0.6594538688659668,0.21498865467703446,0.0033668487082185307,2.8041531550115906e-05
13271040,2769.820429764979,0.012148652141734197,0.16854248940944672,,,,,,,,0.0,0.6594252586364746,0.21494436576603965,0.0026034255471900085,1.0810720596055035e-05
13279232,2770.9192560859956,0.014460192579219303,0.18398438394069672,,,,,,,,0.0078125,0.6592175960540771,0.2148628622858705,0.005035963135188666,8.301762136397883e-05
13287424,2772.0936452629976,0.013127785374107886,0.17806397378444672,,,,,,,,0.0,0.6595571041107178,0.2149721513532771,0.003946068075853262,9.412251529283822e-06
13295616,2773.341782573989,0.01239709525025325,0.16455078125,,,,,,,,0.0,0.6594341397285461,0.2148226571250437,0.004734526746264726,1.8484231986803934e-05
13303808,2774.576257448003,0.016687953698346636,0.20626221597194672,0.0015307021369700413,0.21744778252551913,0.21511889386470914,333,219.5981042704316,45.75,nan,0.0078125,0.6593812704086304,0.21478303352328676,0.00679496100142971,4.137633368372917e-05
13312000,2776.368560384988,0.012784319673512474,0.17044678330421448,,,,,,,,0.0,0.659604549407959,0.2150090444028526,0.006010522599813755,2.1790361643070355e-05
13320192,2777.61124660098,0.014238105507335622,0.19167481362819672,,,,,,,,0.0078125,0.6592889428138733,0.21496411158509052,0.005252615193583473,0.00041705515468493104
13328384,2778.840918806003,0.01579927703690825,0.20230713486671448,,,,,,,,0.0,0.659573495388031,0.21515368764752707,0.007113834562890511,1.0963046406686772e-05
13336576,2780.0308608500054,0.01240084099386159,0.17318116128444672,,,,,,,,0.0,0.6594362258911133,0.21487290668766987,0.00365838594451158,1.7328782632830553e-05
13344768,2781.239910718985,0.01694435636950964,0.21506348252296448,,,,,,,,0.0078125,0.6592689156532288,0.21485876028286008,0.007408411567947551,4.8416775825899094e-05
13352960,2782.4131497140042,0.013078921653226628,0.18234863877296448,,,,,,,,0.0,0.659600019454956,0.21501775140284685,0.0023766361489291695,2.1402212951215915e-05
13361152,2783.507379871997,0.011473012724188384,0.15825195610523224,,,,,,,,0.0,0.6593081951141357,0.21491849571540053,0.0024511872454879013,0.00026755870203487575
13369344,2784.6631462509977,0.018602393640631543,0.22930908203125,0.0017060072418223493,0.22005353509041686,0.2151426183933412,333,219.59426921112217,48.45,nan,0.0078125,0.6593946814537048,0.2148542121436472,0.002450505006457479,0.00044347933726385236
13377536,2786.5509910020046,0.012852544013149461,0.17889404296875,,,,,,,,0.0,0.6594504714012146,0.2149505804100326,0.004760955095012388,1.1241643733228557e-05
13385728,2787.891063849005,0.013937445191256975,0.172607421875,,,,,,,,0.0078125,0.6592199802398682,0.21480286713195285,0.006071942878787071,4.223205542075448e-05
13393920,2789.1026253169985,0.014650482864068316,0.19444580376148224,,,,,,,,0.0,0.6596088409423828,0.21497285566436058,0.007299054518252024,1.2890355719719082e-05
13402112,2790.256419265992,0.011825704212826856,0.16175536811351776,,,,,,,,0.0,0.6594916582107544,0.21486493848110952,0.005130913277122514,1.7855451005743816e-05
13410304,2791.325188424991,0.02310533895352451,0.2789062559604645,,,,,,,,0.0078125,0.6593119502067566,0.21467003891676123,0.006950900919811276,0.001607150654308498
13418496,2792.2617407809885,0.012113215867070079,0.16721192002296448,,,,,,,,0.0,0.6596069931983948,0.21496199067645008,0.0027942725734859345,1.872374014055822e-05
13426688,2793.2301951439877,0.01423480851968772,0.18916015326976776,,,,,,,,0.0078125,0.6592556238174438,0.21471441445380468,0.004509079308711509,9.259911166736856e-05
13434880,2794.1901001679944,0.01601845296249693,0.20612792670726776,0.0013165341959643362,0.22018633505665136,0.21511403169282767,333,219.58919909885742,44.550000000000004,nan,0.0,0.6596097350120544,0.21505663585073145,0.006468690555158541,2.1956240743747912e-05
13443072,2795.5612427250016,0.013098475543193544,0.18135987222194672,,,,,,,,0.0,0.6594635844230652,0.21492716361493042,0.004001428739189088,1.3861828847439028e-05
13451264,2796.619861310988,0.014743301490147853,0.19289551675319672,,,,,,,,0.0078125,0.6593241095542908,0.21493477661833169,0.00753459345686619,0.0001670787896728143
13459456,2797.910205211985,0.011821155451207118,0.16455078125,,,,,,,,0.0,0.6595843434333801,0.21497867474244942,0.00392907040425951,1.1199814252904616e-05
13467648,2799.2139185419946,0.01278608107614229,0.17653809487819672,,,,,,,,0.0,0.6593444347381592,0.21493890802131105,0.005646676634019024,2.4625738660688512e-05
13475840,2800.4243144229986,0.015354401808374019,0.20688477158546448,,,,,,,,0.0078125,0.6593673825263977,0.21485959874722016,0.003448769947452158,0.00018376852676738054
13484032,2801.6984740939806,0.011413915299453872,0.15935058891773224,,,,,,,,0.0,0.6595454812049866,0.21500743870864292,0.00409756572780047,1.2121750842197798e-05
13492224,2802.9918947639817,0.013826021806324612,0.18271484971046448,,,,,,,,0.0078125,0.6592559814453125,0.21481252527103528,0.005953504309583642,0.0004006939416285604
13500416,2804.238623010984,0.01595516898815205,0.20982666313648224,0.00116377687604019,0.21976177609220202,0.21514489312702056,333,219.60205435255602,49.2,nan,0.0,0.6595887541770935,0.21507969551690045,0.005364855959370788,0.00015244529640767723
13508608,2806.1097547029785,0.013380871025717618,0.17957763373851776,,,,,,,,0.0,0.6594805717468262,0.2148841610553315,0.005138088248610253,1.8851102140615694e-05
13516800,2807.441256559978,0.017679531902346064,0.21145020425319672,,,,,,,,0.0078125,0.6594098806381226,0.21474334483333482,0.007741863685599412,3.944015406887047e-05
13524992,2808.726707492984,0.011701869192322786,0.1614990234375,,,,,,,,0.0,0.6596543788909912,0.21506161963073187,0.004953372302242363,9.742212569108233e-06
13533184,2810.0560057609982,0.014030822869233095,0.18475341796875,,,,,,,,0.0078125,0.659308135509491,0.215025258151667,0.005537821273434055,9.345246508019045e-05
13541376,2811.5313502159843,0.023739325867878663,0.27996826171875,,,,,,,,0.0,0.6594763398170471,0.21507798729250208,0.006643387798549855,0.00015754759078845382
13549568,2812.8276904030063,0.013131095301468478,0.177001953125,,,,,,,,0.0,0.6594236493110657,0.21492447055512803,0.005634456781120365,1.9642964616650715e-05
13557760,2814.1668650069914,0.016215853751365937,0.21381835639476776,,,,,,,,0.0078125,0.6593061685562134,0.214863495518896,0.005842602736264687,0.00015708454884588718
13565952,2815.49143625499,0.012368040251837166,0.17619629204273224,0.00168563225838525,0.21685590413314365,0.21513806118604992,333,219.60167970986203,46.95,nan,0.0,0.6595022082328796,0.21502915579983903,0.00432908756448268,9.713816325529478e-06
13574144,2817.5380929499806,0.012350783623133575,0.16976319253444672,,,,,,,,0.0,0.6592889428138733,0.21487878642383884,0.0029460640444302897,2.705615224840585e-05
13582336,2818.9476179819903,0.017149212463667195,0.21329346299171448,,,,,,,,0.0078125,0.6594057083129883,0.21489092550105462,0.006612674891342864,5.4305339290294796e-05
13590528,2819.995155210985,0.011848277217633249,0.16485595703125,,,,,,,,0.0,0.6595517992973328,0.21502823481006267,0.0038745969820035936,2.1285286493366584e-05
13598720,2820.9945637259807,0.012900665729668881,0.17271728813648224,,,,,,,,0.0078125,0.6592363715171814,0.21489466684466083,0.004742439321610221,0.0013683269498869777
13606912,2822.01945606299,0.013545655205527944,0.18413086235523224,,,,,,,,0.0,0.659522533416748,0.2150720355951002,0.0034673671469268885,8.768547559157014e-06
13615104,2822.98821756299,0.013971300675605687,0.18593750894069672,,,,,,,,0.0,0.659278929233551,0.2148733813814904,0.004492061001794065,1.6256593880825676e-05
13623296,2823.9348302739963,0.01831125493672061,0.21610108017921448,,,,,,,,0.0078125,0.6592987179756165,0.2147607273028258,0.008029387424867631,3.665520125650801e-05
13631488,2825.2100995949877,0.01449186910284847,0.18820801377296448,0.0021249203873556777,0.21742518381636278,0.21521416127506376,333,219.60734987691566,40.050000000000004,nan,0.0,0.6595791578292847,0.21507939494161926,0.0067345319411506845,1.0223094250250142e-05
13639680,2827.1188127129863,0.014202117893421913,0.19097900390625,,,,,,,,0.0078125,0.6593002080917358,0.21486726712141108,0.006295383976189256,0.00015694207104388624
13647872,2828.6287797789846,0.016462462555687757,0.20626221597194672,,,,,,,,0.0,0.6595640182495117,0.21509604005582622,0.009996919867540567,1.614804205019027e-05
13656064,2829.9475234439888,0.012903082774780129,0.17894287407398224,,,,,,,,0.0,0.6595144867897034,0.21486385154445142,0.0020617416487135913,2.487155143171549e-05
13664256,2831.1984165039903,0.014947960357320595,0.19663086533546448,,,,,,,,0.0078125,0.6593599915504456,0.2148377668626345,0.0040990755937734295,0.00017360768106300384
13672448,2832.667985617998,0.013443219323460518,0.17967529594898224,,,,,,,,0.0,0.6595519781112671,0.21506680373686246,0.00555998575349662,2.9443344828905538e-05
13680640,2834.031713584991,0.013016465772261027,0.17559814453125,,,,,,,,0.0,0.6593409776687622,0.21494288410027126,0.006400598282058275,5.300003249431029e-05
13688832,2835.4421513629786,0.019974504702971983,0.24534912407398224,,,,,,,,0.0078125,0.6593832969665527,0.21498606881675858,0.004926412258841074,9.925453923642635e-05
13697024,2836.7564564819913,0.0129154823054217,0.17830811440944672,0.0011654893167903912,0.22096234807009396,0.2151415457503266,333,219.60322579591457,44.550000000000004,nan,0.0,0.6596018075942993,0.21496079426534825,0.005323304582447061,2.4763512556091882e-05
13705216,2838.865194965998,0.01787359572986005,0.22541503608226776,,,,,,,,0.0078125,0.6592885851860046,0.2148936756078911,0.007333649400478007,0.0017271615797653794
13713408,2840.2977944229788,0.011126513244747678,0.14860840141773224,,,,,,,,0.0,0.6596624851226807,0.21507264320442387,0.004079794843552664,8.57076702232007e-06
13721600,2841.6918924319907,0.013387578896206571,0.18299560248851776,,,,,,,,0.0,0.6594946384429932,0.21490165356507665,0.005648255831843927,1.8723438188317232e-05
13729792,2842.970156923984,0.015833129547370598,0.19938965141773224,,,,,,,,0.0078125,0.6594304442405701,0.21494814959725103,0.005661783726761266,4.0679089579498395e-05
13737984,2844.303635327,0.01029481566838277,0.13839112222194672,,,,,,,,0.0,0.6595349311828613,0.21506811435322618,0.0014897179439295684,9.919658623402938e-06
13746176,2845.690010708,0.011926057276784934,0.16583251953125,,,,,,,,0.0,0.659301221370697,0.21489733646736603,0.0046201218555668375,0.0002685910149011761
13754368,2846.9644260439964,0.018518688053046906,0.22503662109375,,,,,,,,0.0078125,0.6595679521560669,0.2150653720710301,0.007820983405523443,1.991893986996729e-05
13762560,2848.192023786978,0.011506716025384226,0.16154785454273224,0.0017614981779719985,0.21908888354941794,0.21514934446338949,333,219.60751591927354,45.75,nan,0.0,0.6595236659049988,0.21503580553081442,0.00471370682753837,1.2211909051984549e-05
13770752,2849.679827060987,0.01501027547750094,0.1884765625,,,,,,,,0.0078125,0.6593198776245117,0.21494346351737711,0.005704358556552593,7.081493095029145e-05
13778944,2850.7190863879805,0.013369083466518248,0.18333740532398224,,,,,,,,0.0,0.6595762372016907,0.21505696587610337,0.004999502127124724,9.231871445081197e-06
13787136,2851.7115968269936,0.012187669339264249,0.16629639267921448,,,,,,,,0.0,0.6593598127365112,0.21488271789419494,0.0046797568091464644,0.00026677982532419264
13795328,2852.693348081986,0.016613132827139228,0.20725098252296448,,,,,,,,0.0078125,0.6594610810279846,0.21493183537458402,0.006496920400885159,2.9541677577071823e-05
13803520,2853.9772231550014,0.011909270487938193,0.16312256455421448,,,,,,,,0.0,0.6596064567565918,0.21492334820281678,0.00416425901660649,1.2915329534735065e-05
13811712,2855.235256007989,0.015767875168308607,0.20025634765625,,,,,,,,0.0078125,0.6592761278152466,0.21491418332358064,0.0076397186893074455,0.00010043607471743599
13819904,2856.4520727259805,0.011615499101852906,0.15998534858226776,,,,,,,,0.0,0.6596856117248535,0.21513783532514785,0.0031620409652006985,3.94881353713572e-05
13828096,2857.6726042699884,0.011396357339462204,0.15769043564796448,0.001745352643084619,0.21937485694882547,0.2151173302689194,333,219.59180227515375,48.45,nan,0.0,0.6594563126564026,0.21496114066782773,0.006025866507414991,1.3967149243399035e-05
13836288,2859.5650507359824,0.01631754493953248,0.21300049126148224,,,,,,,,0.0078125,0.659427285194397,0.214920913662313,0.006192403501273183,8.59087667777203e-05
13844480,2860.9350302139937,0.012117055479984061,0.16707764565944672,,,,,,,,0.0,0.6595986485481262,0.21506134890115008,0.004823439366045888,7.529666618211195e-05
13852672,2862.3870980439824,0.012888187433538307,0.17856445908546448,,,,,,,,0.0,0.6594042778015137,0.21485180374068552,0.0054182300402193595,0.00040819525020197034
13860864,2863.913787731988,0.016512876853830145,0.20974121987819672,,,,,,,,0.0078125,0.6595523953437805,0.21518031983699798,0.0038446570821185455,1.5700778021709993e-05
13869056,2865.23855337,0.01197609181569955,0.16251221299171448,,,,,,,,0.0,0.6595214605331421,0.21493050059536317,0.004335249767621295,1.2469967259676196e-05
13877248,2866.5329992749903,0.015025764836615142,0.18475341796875,,,,,,,,0.0078125,0.6592884063720703,0.2149688948326259,0.005295572317377367,0.0006015896215103567
13885440,2871.8240321509948,0.015026767493727212,0.19355468451976776,,,,,,,,0.0,0.6595656275749207,0.2150302377282792,0.006175177224971323,0.00010727741755545139
13893632,2878.8175200349942,0.01128640268796656,0.15416260063648224,0.0018680046821943908,0.22072374483312768,0.21517653579991386,333,219.60242917174455,48.150000000000006,nan,0.0,0.6593242287635803,0.2148113972617407,0.003213851278262397,2.498166031728033e-05
13901824,2888.8172163919953,0.015985413832567748,0.20875243842601776,,,,,,,,0.0078125,0.6594207882881165,0.21478791791539514,0.006001280912647972,0.00033195686410181224
13910016,2895.8420178479864,0.012504583010350054,0.17244873940944672,,,,,,,,0.0,0.6594941020011902,0.2148620039820241,0.005700918088650097,1.6618239897070453e-05
13918208,2902.5691206209885,0.013407159739910425,0.17235107719898224,,,,,,,,0.0078125,0.6591687202453613,0.2148057590634759,0.005670970269175454,0.00035974543425254524
13926400,2909.802498806006,0.014370846479794273,0.19553223252296448,,,,,,,,0.0,0.6595745086669922,0.2151236187965168,0.0069655555606655305,8.70850544743007e-06
13934592,2916.8205772459914,0.01068834211608945,0.14750976860523224,,,,,,,,0.0,0.6593515872955322,0.21506044047809164,0.0028082501048608405,2.578804014774505e-05
13942784,2923.1957743149833,0.015067061049601913,0.19132080674171448,,,,,,,,0.0078125,0.6593381762504578,0.2148952174082203,0.0068421879120748545,0.0004737512208521366
13950976,2929.444201181992,0.014412225102416066,0.19704590737819672,,,,,,,,0.0,0.6595292687416077,0.21499681340749155,0.006456270210856305,1.1014988558599725e-05
13959168,2936.285189123999,0.01409962541879431,0.18691407144069672,0.0014135271016747497,0.21681539841559333,0.21517697658454984,333,219.59969484552437,45.0,nan,0.0,0.6592717170715332,0.2148576566998892,0.005518642743781838,0.000754408014472574
13967360,2945.8503760769963,0.017483749645616338,0.2095947265625,,,,,,,,0.0078125,0.6594714522361755,0.21505572872958917,0.005378641623012569,3.140503031318076e-05
13975552,2952.751694081002,0.012278824622602855,0.16987304389476776,,,,,,,,0.0,0.6594763994216919,0.21501334762250807,0.0051093903404139645,1.5131619875319302e-05
13983744,2960.072234830004,0.014243322792671695,0.18662109971046448,,,,,,,,0.0078125,0.6592098474502563,0.2149311683686419,0.0058822900434268716,4.746607010019943e-05
13991936,2967.7941844619927,0.011970623707716413,0.16126708686351776,,,,,,,,0.0,0.659605860710144,0.21501408663004873,0.002816226175624057,1.1284793799859472e-05
14000128,2974.607812667993,0.012670841477234969,0.17393799126148224,,,,,,,,0.0,0.6593174338340759,0.21493204022823761,0.004057807598700218,0.0002227078948635608
14008320,2982.009069497988,0.019109787239082094,0.22982178628444672,,,,,,,,0.0078125,0.6594438552856445,0.21494962996822903,0.008257623704131054,3.668770659714937e-05
14016512,2988.4351120670035,0.014718470378695248,0.19412842392921448,,,,,,,,0.0,0.6594893932342529,0.21495037304045686,0.006095717589580954,1.3629510249302257e-05
14024704,2995.1495411639917,0.016373298046394837,0.20218506455421448,0.0010584130396016356,0.21672601899617985,0.2151773324600667,333,219.59999346222236,43.35,nan,0.0078125,0.6592375040054321,0.2148586331782696,0.0072552259099018905,0.002172933192923665
14032896,3005.6872415560065,0.012651451970314566,0.17038574814796448,,,,,,,,0.0,0.6595528721809387,0.2150683596495911,0.006054060822204642,7.6264886956778355e-06
14041088,3012.4592381760012,0.012521598450290184,0.17208252847194672,,,,,,,,0.0,0.6593924760818481,0.21491333175028884,0.0028879316477660277,1.7937732991413213e-05
14049280,3019.2088608369813,0.01434988356600947,0.18460693955421448,,,,,,,,0.0078125,0.6593017578125,0.2148469422057683,0.005520820947788451,2.8314363589743152e-05
14057472,3026.1025562389987,0.01431359128334784,0.19747315347194672,,,,,,,,0.0,0.6595559120178223,0.2148949094792773,0.006675964913259783,1.0592268154141493e-05
14065664,3032.7539201259788,0.012927440824011111,0.17747803032398224,,,,,,,,0.0,0.6592631936073303,0.21491243128844428,0.005096254444418052,2.84350953734247e-05
14073856,3036.142495948996,0.01567047809668081,0.19715575873851776,,,,,,,,0.0078125,0.6594836711883545,0.2150474101616847,0.007416605877177629,1.7950527762877755e-05
14082048,3037.0538387279958,0.012698482261250905,0.17508545517921448,,,,,,,,0.0,0.6594352722167969,0.21504433636604134,0.004481456787768075,1.4244206795410719e-05
14090240,3037.8174167419784,0.017924322056426047,0.21538086235523224,0.0016424014482644411,0.2209735989392033,0.21518045635783065,333,219.5910032811214,42.300000000000004,nan,0.0078125,0.6592197418212891,0.2148666081565272,0.008166804494855634,0.0005808473797515035
14098432,3039.140481776005,0.01201624628318429,0.16544190049171448,,,,,,,,0.0,0.6596176028251648,0.21511997020286694,0.004982645013598532,1.094128492695745e-05
14106624,3040.2123819009867,0.011479753271348203,0.15906982123851776,,,,,,,,0.0,0.6592995524406433,0.21493246432582896,0.003152760270644238,1.8474876924301498e-05
14114816,3041.1874605850026,0.01656916437605348,0.20676270127296448,,,,,,,,0.0078125,0.6594443321228027,0.2149393402471548,0.005393708953390148,2.435341593809426e-05
14123008,3042.268429390999,0.012601960304985536,0.17031250894069672,,,,,,,,0.0,0.6594759821891785,0.21503100958669202,0.004765098646526249,1.1749299119401257e-05
14131200,3043.398614665988,0.016562991613937424,0.21065674722194672,,,,,,,,0.0078125,0.6592220067977905,0.21489297997764037,0.008275993569247622,4.1331648390041664e-05
14139392,3044.540552305989,0.012918652718330854,0.17536620795726776,,,,,,,,0.0,0.6595680713653564,0.21503785912490375,0.004286200151119421,9.627042345528025e-06
14147584,3045.6567137959937,0.011947576056540652,0.16518555581569672,,,,,,,,0.0,0.6594271659851074,0.21482328746494353,0.004607999229898261,2.4386246877838857e-05
14155776,3046.7457322769915,0.016978133992061585,0.21347656846046448,0.0012290903580153278,0.2191140951215392,0.21513766563617848,333,219.5829693997623,48.0,nan,0.0078125,0.6593071222305298,0.21484114108566216,0.008989642200918075,5.8511308452580124e-05
14163968,3048.1689603730047,0.013956689152566022,0.19222413003444672,,,,,,,,0.0,0.659598708152771,0.21505615113653875,0.005140562895616967,1.1171120604558382e-05
14172160,3049.133962407999,0.011547187127278365,0.15754394233226776,,,,,,,,0.0,0.6592561602592468,0.21486670263671007,0.004362823037033059,0.0047868951223790646
14180352,3050.237104806991,0.018998109926899476,0.23125000298023224,,,,,,,,0.0078125,0.6594650745391846,0.21499639270336765,0.004957826590672789,3.289939559181221e-05
14188544,3051.3055790869985,0.014187237914241195,0.18902587890625,,,,,,,,0.0,0.6593809723854065,0.2148942072698224,0.003275902874075242,1.2712755960819777e-05
14196736,3052.332766935986,0.013760007771159148,0.18012695014476776,,,,,,,,0.0078125,0.6591970324516296,0.21480970751968392,0.00506764954663603,3.032268250535708e-05
14204928,3053.3990975649795,0.013387427943002298,0.18563233315944672,,,,,,,,0.0,0.6595534086227417,0.21497669276258188,0.005602611981544846,9.422261427971534e-06
14213120,3054.3955787779996,0.01178215544891041,0.16042481362819672,,,,,,,,0.0,0.6592346429824829,0.21486661490705594,0.0030585399684444113,1.7094032955355942e-05
14221312,3055.506879927998,0.014769459402687386,0.18754883110523224,0.0021226997680713344,0.2173152098460276,0.21514296590680507,333,219.58253194645624,46.95,nan,0.0078125,0.6594025492668152,0.21473653595423162,0.005297846306217573,2.2458758394350298e-05
14229504,3057.052574364003,0.016366813768327503,0.21535645425319672,,,,,,,,0.0,0.6594926118850708,0.2150706386090205,0.007592488704172108,1.1229317351535428e-05
14237696,3057.9200360380055,0.015975466876526224,0.20748291909694672,,,,,,,,0.0078125,0.6591984033584595,0.21486192228979112,0.007856830629889022,4.215096851112321e-05
14245888,3058.759820103005,0.014273158129539151,0.1888427734375,,,,,,,,0.0,0.6595434546470642,0.21511184131574645,0.005257189001600711,8.160041033988819e-06
14254080,3059.876251174981,0.01132418311994099,0.15533447265625,,,,,,,,0.0,0.659392237663269,0.21489818472069336,0.00369539894270495,1.4795363313169219e-05
14262272,3060.9455525729863,0.016412684915675057,0.21120606362819672,,,,,,,,0.0078125,0.6592171788215637,0.21487363479390206,0.005576520228512731,3.1679734092904255e-05
14270464,3062.0244280640036,0.013225932849309108,0.1805419921875,,,,,,,,0.0,0.6594939827919006,0.2149898141689373,0.005975574038722986,1.1013466064468957e-05
14278656,3063.1894602440007,0.01472339116096415,0.19659423828125,,,,,,,,0.0,0.6591153144836426,0.21478118688870781,0.006550717844851662,2.5352243028464727e-05
14286848,3064.4750061309896,0.016660537611950965,0.21661376953125,0.001497989706947811,0.21722394636264747,0.21513511879458477,333,219.59120410735747,41.1,nan,0.0078125,0.6595276594161987,0.21469637383220594,0.005141405716667149,2.7798916562460363e-05
14295040,3066.2537498569873,0.012905310147283182,0.17650146782398224,,,,,,,,0.0,0.6594753265380859,0.21496941178023463,0.004406098030901594,8.201217133319005e-05
14303232,3067.284167787002,0.014682212897664552,0.19118653237819672,,,,,,,,0.0078125,0.6593008637428284,0.21481785781969048,0.0075263685410512544,5.612782479147427e-05
14311424,3068.305086326989,0.012396191077918976,0.16949462890625,,,,,,,,0.0,0.6595038771629333,0.2149945016086774,0.003779797568638692,2.0283054254832678e-05
14319616,3069.4275574689964,0.013473977030288686,0.18369141221046448,,,,,,,,0.0,0.6592624187469482,0.2149119164968915,0.004395265273718538,9.64019782259129e-05
14327808,3070.5320646979962,0.013836050845709824,0.17904053628444672,,,,,,,,0.0078125,0.659408688545227,0.21481913460804686,0.007058537936152746,0.00035611542989499867
14336000,3071.7427702939895,0.014218122779657616,0.19340820610523224,,,,,,,,0.0,0.65957111120224,0.21501682966775842,0.006145321787991,1.1101333257101942e-05
14344192,3073.0630389720027,0.013285973657912748,0.17756347358226776,,,,,,,,0.0078125,0.659282922744751,0.21487338036661163,0.006273280086857487,6.547557859448716e-05
14352384,3074.261042583006,0.012444498098298637,0.17142334580421448,0.002294012166381143,0.22099223436173995,0.21515313992189306,333,219.58789641996827,46.050000000000004,nan,0.0,0.6595547199249268,0.21500737794962288,0.005737210870940971,2.2149726646603085e-05
14360576,3075.9745323009847,0.011156353128291075,0.15374755859375,,,,,,,,0.0,0.6593907475471497,0.2149131684616837,0.004386448447565888,0.0001373755221720785
14368768,3077.0853593779902,0.016281150831864624,0.21444092690944672,,,,,,,,0.0078125,0.6592707633972168,0.2147740649467996,0.006213055290387783,0.0008841531234793365
14376960,3078.222282517003,0.012238407265591403,0.16596679389476776,,,,,,,,0.0,0.6595760583877563,0.2151324743777318,0.003808214574435645,9.652855624153744e-06
14385152,3079.4551006559923,0.01247195589051816,0.16663818061351776,,,,,,,,0.0,0.6592696309089661,0.2149295189704979,0.004130766628384311,8.262223855126649e-05
14393344,3080.7582282259827,0.02113900474177473,0.24560546875,,,,,,,,0.0078125,0.659489631652832,0.21494271619134167,0.0054230218713970865,2.2287042156676762e-05
14401536,3081.638990630978,0.012865341206944561,0.17353515326976776,,,,,,,,0.0,0.6593886017799377,0.21493839367637685,0.004379940924967458,1.353947209281614e-05
14409728,3082.5480342389783,0.014668459101681897,0.18698731064796448,,,,,,,,0.0078125,0.6592316627502441,0.21493299062764043,0.004443839969331955,0.0021792936604470015
14417920,3083.5223105539917,0.013176612315132025,0.18012695014476776,0.0021407527604702103,0.21738739748023012,0.21518101350012642,333,219.59382772127944,41.400000000000006,nan,0.0,0.6594767570495605,0.21500125248818275,0.005362513161915889,2.425507227599155e-05
14426112,3084.9139207609987,0.012691908946695227,0.17708741128444672,,,,,,,,0.0,0.6592714786529541,0.2149403111781393,0.004815344827819111,1.5547700968454592e-05
14434304,3085.85521473299,0.02107916896189475,0.24957275390625,,,,,,,,0.0078125,0.6593351364135742,0.21492235952902888,0.005194254551672753,6.598257459700108e-05
14442496,3087.1766802839993,0.01175450553133016,0.16387939453125,,,,,,,,0.0,0.6595766544342041,0.21504236549013514,0.003788025154707163,1.2037586202495731e-05
14450688,3088.641754921002,0.014866701926876509,0.17702637612819672,,,,,,,,0.0078125,0.6592435836791992,0.21480618968336979,0.005576654986865172,4.537021231953986e-05
14458880,3089.830740092002,0.023260310198784856,0.2801269590854645,,,,,,,,0.0,0.6596262454986572,0.2151331977418524,0.00967347468145447,7.662925781914964e-05
14467072,3091.0518600700016,0.014145507944516784,0.19133301079273224,,,,,,,,0.0,0.6594865918159485,0.21501457297693807,0.006905885977363466,2.3656644771108404e-05
14475264,3092.134366048005,0.01592260774033073,0.2005615234375,,,,,,,,0.0078125,0.6593672037124634,0.21486794114781174,0.004794138348463413,0.00044837157474830747
14483456,3093.3223112979904,0.013639782601343157,0.18487548828125,0.0017215687658594936,0.21655215998003752,0.21520526308892332,333,219.60873855576665,43.800000000000004,nan,0.0,0.6595433950424194,0.21510723523617084,0.005377355190419272,1.7859774743556045e-05
14491648,3095.1514774509997,0.013866948182174894,0.18990479409694672,,,,,,,,0.0,0.6593279242515564,0.21498542852997002,0.006009631411279747,2.7596337531576864e-05
14499840,3096.495227838983,0.02016059311675433,0.24801026284694672,,,,,,,,0.0078125,0.6595267653465271,0.21494024632793915,0.009435890267747632,1.827257619879674e-05
14508032,3097.848719467991,0.011697857370016053,0.16046142578125,,,,,,,,0.0,0.6594811081886292,0.21496686356742392,0.003513181093977977,1.2182416867290158e-05
14516224,3099.2647372710053,0.014782973462835303,0.19481201469898224,,,,,,,,0.0078125,0.6593208312988281,0.21488213706083506,0.006994237483276305,4.319900835980661e-05
14524416,3100.6641229439992,0.012246791119093131,0.16707764565944672,,,,,,,,0.0,0.6595867872238159,0.2150594939709532,0.003659977005573351,6.0447800933616236e-05
14532608,3102.0081036329793,0.010897012731734216,0.1495361328125,,,,,,,,0.0,0.6594330072402954,0.21490048482291954,0.0037356162458115696,0.0008014172199182212
14540800,3103.294160307996,0.014483218441524136,0.19313965737819672,,,,,,,,0.0078125,0.6594347357749939,0.21481545258577667,0.005547972789212603,0.0001840676850406453
14548992,3104.573779516999,0.013352340521024292,0.18137207627296448,0.0018609143750165646,0.22023385697796383,0.21518934926325445,333,219.61049725763087,48.150000000000006,nan,0.0,0.6596509218215942,0.21508231467876898,0.005937631942988939,1.121272271120688e-05
14557184,3106.466356171004,0.013899715006658217,0.17705078423023224,,,,,,,,0.0078125,0.6593460440635681,0.21495257992003497,0.0043859981351927575,0.00029423387604765594
14565376,3107.747235986986,0.013006932208729012,0.18178711831569672,,,,,,,,0.0,0.6596444249153137,0.21507861604651804,0.005399579366582372,1.2953198165632784e-05
14573568,3108.977816622006,0.011432005204541911,0.15650634467601776,,,,,,,,0.0,0.6594760417938232,0.21497558492826677,0.005310102071134717,1.758265534590464e-05
14581760,3109.9731341019797,0.01605180333208156,0.20838622748851776,,,,,,,,0.0078125,0.659412145614624,0.21493504374848205,0.005536079896330708,5.854565097251907e-05
14589952,3110.9690566019854,0.011721670508888817,0.16123047471046448,,,,,,,,0.0,0.6595813035964966,0.2150634730935447,0.0021375163771084242,9.190292075800244e-06
14598144,3111.951228521997,0.011579205951442687,0.15708008408546448,,,,,,,,0.0,0.6593848466873169,0.21496251841522168,0.0052028064007597526,0.00026201954460702837
14606336,3112.912021567987,0.01787399601853556,0.21544189751148224,,,,,,,,0.0078125,0.6594759821891785,0.21485466766065825,0.003664939506515297,3.5126355214742944e-05
14614528,3113.8721541590057,0.01257591717896612,0.17170409858226776,0.0022236583203925075,0.22062102995280114,0.21511467666040934,333,219.60305251989135,48.150000000000006,nan,0.0,0.6594951748847961,0.21498059528934088,0.004248450645620437,1.4289215869212057e-05
14622720,3115.921690988005,0.014057827271905497,0.18278808891773224,,,,,,,,0.0078125,0.6592825651168823,0.21492421724771088,0.006856382625705742,5.0346276111667976e-05
14630912,3117.375739399984,0.013416870528933651,0.18422852456569672,,,,,,,,0.0,0.659605860710144,0.21509622172945178,0.0040868287119174215,1.1983400327153504e-05
14639104,3118.7549698509974,0.014231319753687736,0.19460450112819672,,,,,,,,0.0,0.6594288945198059,0.21497501772252048,0.006007741021946358,0.00011750655539799482
14647296,3120.078002786002,0.015948543847162832,0.20411376655101776,,,,,,,,0.0078125,0.6593929529190063,0.21493230989901452,0.00738086699129663,7.800397725077346e-05
14655488,3121.3715954569925,0.014301625989402031,0.1953125,,,,,,,,0.0,0.6595478653907776,0.21503518795086118,0.006805001734865524,0.00012873609375674278
14663680,3122.586408592004,0.016062466265049903,0.20579834282398224,,,,,,,,0.0078125,0.6592318415641785,0.21490217127699968,0.005049616489270499,0.0008789139683358371
14671872,3123.7683681559865,0.024028686165650966,0.2905029356479645,,,,,,,,0.0,0.6595988273620605,0.21505833323579915,0.012576183266150752,4.335119228926487e-05
14680064,3125.0293179419823,0.01552031088951738,0.20482178032398224,0.0022339367838276614,0.21886467447045627,0.21516952793405014,333,219.60343286562005,46.050000000000004,nan,0.0,0.6594641208648682,0.21497031834498181,0.006927364520118867,1.8676593754207715e-05
14688256,3127.008199865988,0.01868968547918527,0.23261718451976776,,,,,,,,0.0078125,0.6594280004501343,0.21478729580202124,0.007059149727318662,0.00014840894436929375
14696448,3128.4024249239883,0.013984485551709426,0.1890869140625,,,,,,,,0.0,0.6595710515975952,0.21508234440360474,0.004561901089432892,9.309012966696173e-06
14704640,3129.8709424999834,0.01403202043173958,0.19224853813648224,,,,,,,,0.0,0.65937340259552,0.2148726983494115,0.005715975041913936,5.130962745170109e-05
14712832,3131.217907434999,0.01656745274451164,0.20163574814796448,,,,,,,,0.0078125,0.6594985127449036,0.2148287442347804,0.004386308195494457,2.187489917560015e-05
14721024,3132.5674143639917,0.011627221278836189,0.15937499701976776,,,,,,,,0.0,0.6595457792282104,0.21491595874768116,0.004455398586990088,4.203869684715755e-05
14729216,3133.9059676269826,0.014411991493774718,0.18715821206569672,,,,,,,,0.0078125,0.6592698097229004,0.21479981130363462,0.005601554774751834,0.00021974765695631504
14737408,3135.3528926889994,0.014146619323241294,0.19527588784694672,,,,,,,,0.0,0.6596332788467407,0.21513809036691076,0.004127333458277413,7.831636321498081e-05
14745600,3136.5975349269866,0.016773283643291892,0.21800537407398224,0.0019479922277839679,0.21665352996556506,0.2151215682187629,333,219.59930100702041,46.95,nan,0.0,0.6594179272651672,0.21489934245675416,0.006112294992177064,2.567302180978004e-05
14753792,3138.282032068004,0.015129521601712829,0.20002441108226776,,,,,,,,0.0078125,0.6594669818878174,0.21481369292100988,0.006358160987641928,0.00011597517732298002
14761984,3139.276182011992,0.013738049676383868,0.18370361626148224,,,,,,,,0.0,0.6595624685287476,0.2151068144480035,0.004761050468450286,4.4979260565014556e-05
14770176,3140.2449035869795,0.01556035952136966,0.20997314155101776,,,,,,,,0.0078125,0.659308910369873,0.21492145751283398,0.006175110699653966,0.00017428123101126403
14778368,3141.222935216996,0.02207599484631684,0.2767578065395355,,,,,,,,0.0,0.6594789028167725,0.21510866974076595,0.005805024408182708,0.00026923869154416025
14786560,3142.2107982710004,0.013526710973651063,0.1837158203125,,,,,,,,0.0,0.6594717502593994,0.2150415324131068,0.005587810896831006,1.864177465904504e-05
14794752,3143.38862824798,0.017734977547688834,0.21962891519069672,,,,,,,,0.0078125,0.659360408782959,0.21497328586568343,0.006430802630746266,0.0005663443589583039
14802944,3144.880120240996,0.011995330525362941,0.16517333686351776,,,,,,,,0.0,0.6595484018325806,0.21510403910384537,0.005044897518332841,8.427537977695465e-06
14811136,3146.2492020729987,0.013730480323396743,0.18112793564796448,0.0020683111267987275,0.21801067415041014,0.21520769687395327,333,219.59927662506976,38.85,nan,0.0,0.6593514680862427,0.21491567734386358,0.005472762978567002,0.00016364516341127455
14819328,3148.1831234899873,0.015715785463835116,0.20273438096046448,,,,,,,,0.0078125,0.6594749093055725,0.21498871367176267,0.006144605233943369,3.414013553992845e-05
14827520,3149.5257892869995,0.013566882133680083,0.18424072861671448,,,,,,,,0.0,0.6595155000686646,0.21492119521834724,0.006245038843950849,1.2934017831867095e-05
14835712,3150.8892493679887,0.015686690128303604,0.20488281548023224,,,,,,,,0.0078125,0.6592419147491455,0.21484868195864873,0.005788207096369354,8.494494977639988e-05
14843904,3152.192810107983,0.014235146798698962,0.189697265625,,,,,,,,0.0,0.6595383286476135,0.21500765072439854,0.005800192039582795,1.844075995904859e-05
14852096,3153.6234129679797,0.011994057668154924,0.16363525390625,,,,,,,,0.0,0.6592985391616821,0.21490002371833214,0.005154495288462327,3.064305929001421e-05
14860288,3155.0711248799926,0.018727607007913257,0.23439942300319672,,,,,,,,0.0078125,0.659410297870636,0.21487896282889526,0.006912479766310021,0.0001462416839785874
14868480,3156.4949170579785,0.014320286272768965,0.18911133706569672,,,,,,,,0.0,0.6594946980476379,0.21505668842557255,0.006572519442744675,1.2516271453932859e-05
14876672,3157.924573384982,0.01662687146312569,0.21359863877296448,0.00107912906956531,0.216906558558076,0.21515064488472163,333,219.60038409751527,48.0,nan,0.0078125,0.6592879295349121,0.21491469192791962,0.005984709084452275,0.00034515533479861915
14884864,3159.911947315006,0.013314998936918846,0.18010254204273224,,,,,,,,0.0,0.6595691442489624,0.21505655831929293,0.0044110651782476714,8.27614712761715e-06
14893056,3161.1449096139986,0.012326736519939135,0.17180176079273224,,,,,,,,0.0,0.6594642996788025,0.2150181658733222,0.005293223429981891,1.2979218809050508e-05
14901248,3162.516534133989,0.014986693715657917,0.19075928628444672,,,,,,,,0.0078125,0.6593160629272461,0.21483207948156147,0.006481287873180138,6.214825407369062e-05
14909440,3163.8468636629987,0.014023762928403044,0.18968506157398224,,,,,,,,0.0,0.6595599055290222,0.2150230794420907,0.006137781169625421,0.00040306136361323297
14917632,3165.2874143069785,0.01539239448116937,0.20753173530101776,,,,,,,,0.0,0.6593233346939087,0.21495283874611384,0.007077715755828199,0.00021800350805278867
14925824,3166.730185506982,0.01713894092532836,0.20308838784694672,,,,,,,,0.0078125,0.6595160365104675,0.21491325011619272,0.005960928945979961,2.49481472565094e-05
14934016,3168.0091765849793,0.011552353408769426,0.16072998940944672,,,,,,,,0.0,0.6595433354377747,0.21504306407247636,0.004421109437579478,1.0053264304588083e-05
14942208,3168.9659426919825,0.014915611032288424,0.19693604111671448,0.001116482780213146,0.2179715257747238,0.21518402473538037,333,219.60224667669667,43.35,nan,0.0078125,0.6592808961868286,0.2149186337713878,0.007583090330339265,7.637580711161718e-05
14950400,3170.356199444999,0.015300163348319585,0.20909424126148224,,,,,,,,0.0,0.6595550179481506,0.21510031225973764,0.004518088654511091,3.7234494811855257e-05
14958592,3171.3610468489933,0.013906976938888344,0.18977050483226776,,,,,,,,0.0,0.659335196018219,0.2149848415226137,0.005261240397294489,0.0004918245831504464
14966784,3174.5805715549795,0.015763704315874018,0.20238037407398224,,,,,,,,0.0078125,0.6594012975692749,0.21496633363580303,0.005138122505922913,5.5823209549998865e-05
14974976,3181.6843397860066,0.012715762745262482,0.17420653998851776,,,,,,,,0.0,0.6594753861427307,0.21503073394453645,0.00581706956128287,1.1131473002023995e-05
14983168,3188.948499135993,0.014874675313385766,0.19216309487819672,,,,,,,,0.0078125,0.6592267751693726,0.21487476981488896,0.00506222904287037,4.8960017011268064e-05
14991360,3196.0151368139777,0.013813301860531913,0.18718262016773224,,,,,,,,0.0,0.6595613360404968,0.21509224555677223,0.004862816435515013,1.1940908734686673e-05
14999552,3202.342081405979,0.013536098888894565,0.18587647378444672,,,,,,,,0.0,0.6595180630683899,0.21491452032191433,0.005999357459329867,1.5160694601945579e-05
15007744,3209.022409342986,0.016726891056033373,0.20883789658546448,0.0013136693667202826,0.21910115964203744,0.21509781062969774,333,219.59150774501177,49.2,nan,0.0078125,0.6593433618545532,0.2148206273382922,0.007073576084707888,0.00011632942914729938
15015936,3219.99339803998,0.01390460510264973,0.19194336235523224,,,,,,,,0.0,0.6595907211303711,0.21512894682113362,0.005233954344370585,1.3935788956587203e-05
15024128,3227.1276971889893,0.01345961018934967,0.18740235269069672,,,,,,,,0.0,0.659345269203186,0.21486325546291166,0.005300189603084162,3.372619903529994e-05
15032320,3233.88153364099,0.02002082707434978,0.24167481064796448,,,,,,,,0.0078125,0.6595048904418945,0.21499513952199645,0.009544121604203027,2.3139373297453858e-05
15040512,3241.5505801219842,0.014222328327913317,0.19619141519069672,,,,,,,,0.0,0.6594642996788025,0.21505193644430087,0.00374225217742388,4.623467611963861e-05
15048704,3248.6851424149936,0.014873260097245506,0.18726806342601776,,,,,,,,0.0078125,0.6592690944671631,0.21492164723429225,0.007087393692255054,0.0022017089650034904
15056896,3255.888906421984,0.014690269280368623,0.20155028998851776,,,,,,,,0.0,0.6595878005027771,0.21508928948212866,0.006831626642818839,7.607492534589255e-06
15065088,3262.910540326993,0.013747613871295989,0.18430176377296448,,,,,,,,0.0,0.6594116687774658,0.2149258869040381,0.004898730738655136,1.827302730816882e-05
15073280,3270.0000325400033,0.01511046341471934,0.19364014267921448,0.0018182741841314964,0.21780055600963802,0.21511152200079703,333,219.592831868909,46.95,nan,0.0078125,0.6593802571296692,0.21484355400543298,0.005490445306378752,2.3744834834360518e-05
15081472,3280.461472058989,0.011690260654709387,0.16086426377296448,,,,,,,,0.0,0.6594635248184204,0.21497078825997754,0.0032545819716993706,9.327511179435533e-06
15089664,3287.648073169985,0.014268493721081335,0.18597412109375,,,,,,,,0.0078125,0.6591729521751404,0.21488676505061322,0.007019781568500401,3.003401798196137e-05
15097856,3293.463742235006,0.013668698579202799,0.18245850503444672,,,,,,,,0.0,0.6595181226730347,0.21502070691993197,0.004648187338009012,7.842201739549637e-06
15106048,3299.5888585530047,0.014641491757719267,0.19732666015625,,,,,,,,0.0,0.6594222784042358,0.214919287435762,0.005062536083079299,1.155858080892358e-05
15114240,3306.310981928982,0.019433693981414576,0.23441162705421448,,,,,,,,0.0078125,0.659244954586029,0.2148919659778849,0.008784634674656473,3.322571501485072e-05
15122432,3313.0981457140006,0.016481467434434592,0.21464844048023224,,,,,,,,0.0,0.6596246361732483,0.21489255955350584,0.008344831461939855,1.1318852557451464e-05
15130624,3319.8364343580033,0.01314087471296671,0.17894287407398224,,,,,,,,0.0,0.6593492031097412,0.21468609702212543,0.0067635647774623945,1.739633626129944e-05
15138816,3327.314876532997,0.0169903658981677,0.21381835639476776,0.001268204830357389,0.22101181211209622,0.21513877584481889,333,219.58202857836568,39.900000000000006,nan,0.0078125,0.6595034599304199,0.21492633816879506,0.007806776549670336,2.413703259662725e-05
15147008,3337.438394733006,0.015778105085573754,0.21080322563648224,,,,,,,,0.0,0.6594712734222412,0.21496549044418808,0.007497313961610142,1.2582948329509236e-05
15155200,3344.6206248889794,0.016154443169152863,0.21218262612819672,,,,,,,,0.0078125,0.6592684984207153,0.214859175993961,0.0057496241686559695,0.00015948576037772
15163392,3348.974358859996,0.011836247127013425,0.16213379800319672,,,,,,,,0.0,0.6595597863197327,0.21514961413473643,0.005564826475051832,7.663901669729967e-06
15171584,3349.9455629659933,0.013722773715973698,0.18959961831569672,,,,,,,,0.0,0.6593989133834839,0.21493064801681422,0.006945884674999759,2.7947098715230823e-05
15179776,3350.943980637996,0.01419728449587168,0.18577881157398224,,,,,,,,0.0078125,0.6593178510665894,0.21485471628091743,0.0062078795859110076,5.262712875264697e-05
15187968,3351.9936710860056,0.013788976970111944,0.183837890625,,,,,,,,0.0,0.6595079898834229,0.21496422926660091,0.006567136287208015,1.515303574706195e-05
15196160,3353.000784432981,0.015614239980137971,0.19393311440944672,,,,,,,,0.0078125,0.6591212153434753,0.2148431694250909,0.005858087627031493,0.0001802201586542651
15204352,3354.0993783790036,0.013576920258432624,0.18580321967601776,0.0019382755303140042,0.21661369060352337,0.21520079099838524,333,219.58696928085476,43.5,nan,0.0,0.6595968008041382,0.21504419888630077,0.006379006240936434,9.409794074599631e-06
15212544,3355.7783735889825,0.013523612864620761,0.18269042670726776,,,,,,,,0.0,0.6594484448432922,0.21487580136510326,0.005429704643391955,6.479341391241178e-05
15220736,3356.816453377978,0.01622823914561914,0.20374755561351776,,,,,,,,0.0078125,0.6592639684677124,0.21474928329031093,0.0071407920519073135,4.771635212819092e-05
15228928,3357.7589283999987,0.014425570027009582,0.19880370795726776,,,,,,,,0.0,0.6595843434333801,0.2148762276142054,0.008008012143399561,0.00011338298645569012
15237120,3358.530296735,0.014192504887163318,0.19337157905101776,,,,,,,,0.0,0.6593179106712341,0.21474273464872673,0.0061793000254331005,4.741679731523618e-05
15245312,3359.376689309982,0.01963615768057883,0.23114013671875,,,,,,,,0.0078125,0.6594969630241394,0.21485262658333543,0.009585262135102749,2.3412554583046585e-05
15253504,3360.3929643519805,0.012730470790390837,0.17282715439796448,,,,,,,,0.0,0.659489095211029,0.2150422630654051,0.005059415811222054,1.2232299013703596e-05
15261696,3361.398010932986,0.01708252153787165,0.21184082329273224,,,,,,,,0.0078125,0.6592835187911987,0.21485526911740133,0.010241599863316728,0.0002078460529446602
15269888,3362.4020740230044,0.013703324045832006,0.18326416611671448,0.0016735036339656784,0.21758682262142667,0.2152257362046559,333,219.5840122823622,39.900000000000006,nan,0.0,0.6595647931098938,0.2151693861820593,0.00496621350734883,3.356663364684209e-05
15278080,3364.0025832559913,0.013278771471729844,0.18284912407398224,,,,,,,,0.0,0.659394383430481,0.21497509988834698,0.003273456304986862,0.0002614025434013456
15286272,3365.213371349004,0.01777522119718114,0.22633056342601776,,,,,,,,0.0078125,0.6593283414840698,0.2149719410956102,0.007571642582905183,7.80139016569592e-05
15294464,3366.340873813984,0.01578879219579265,0.2120361328125,,,,,,,,0.0,0.6595804691314697,0.21504763753629708,0.007907452495488881,1.1090161024185363e-05
15302656,3367.2966809089994,0.016473034828560346,0.21722412109375,,,,,,,,0.0078125,0.6592143177986145,0.21475639618581374,0.0065610091680107525,0.0013032103888690472
15310848,3368.3413897209975,0.01379718285968045,0.18498535454273224,,,,,,,,0.0,0.6596401333808899,0.21512058747505,0.005677007008502669,1.1236680620640982e-05
15319040,3369.2868388339994,0.013767997569941404,0.18389892578125,,,,,,,,0.0,0.6594959497451782,0.21493500966869267,0.0057295068354739735,1.3725104508921504e-05
15327232,3370.3703973219963,0.016892400437296118,0.20623779296875,,,,,,,,0.0078125,0.6593348383903503,0.21492571739151772,0.008604232265071147,4.36470982094761e-05
15335424,3371.547711653984,0.013005779431896628,0.17803955078125,0.0020211628381983093,0.21757045472066738,0.21515079110873478,333,219.58346919627618,43.5,nan,0.0,0.6595464944839478,0.21505255132683526,0.0060354017308353125,1.0208085768681485e-05
15343616,3373.1400898089923,0.016054355722590827,0.21141357719898224,,,,,,,,0.0,0.6593151688575745,0.214883847631963,0.007496401699980543,2.9092041586409323e-05
15351808,3374.3459335609805,0.016577794177199952,0.214111328125,,,,,,,,0.0078125,0.6594472527503967,0.21504115749184974,0.007327874715005328,2.4780849344097078e-05
15360000,3375.496708953986,0.01437578311712626,0.19595947861671448,,,,,,,,0.0,0.6594399809837341,0.21486560750493627,0.005922439117202184,1.8750602976069786e-05
15368192,3376.6101159050013,0.014589900690482473,0.19378662109375,,,,,,,,0.0078125,0.6591691374778748,0.21489349217760262,0.007490263658899241,0.00020606606267392635
15376384,3377.5209640399844,0.014535895050431381,0.19456787407398224,,,,,,,,0.0,0.6595873236656189,0.21516472307179152,0.006638441934784258,9.622387551644351e-06
15384576,3378.4122869099956,0.013947103847177737,0.18807373940944672,,,,,,,,0.0,0.6594201922416687,0.21497626324533478,0.005853246304547624,2.4412496713921428e-05
15392768,3379.3117034629977,0.015613690313170107,0.20197753608226776,,,,,,,,0.0078125,0.6593335866928101,0.2148849585650082,0.006959495715657425,3.340732291690074e-05
15400960,3380.1801375600044,0.013586061711533405,0.18626709282398224,0.0010667355895942476,0.21929492155252528,0.2151509032144887,333,219.58518288726384,43.35,nan,0.0,0.6595249772071838,0.2150466802041906,0.004334644324809986,9.628910447645467e-06
15409152,3381.8363222799962,0.016141095745936963,0.20343017578125,,,,,,,,0.0078125,0.6590903401374817,0.2149144579157658,0.0073966310079609165,0.0002993847883772105
15417344,3382.9632237449987,0.014829885526799765,0.19713135063648224,,,,,,,,0.0,0.6596489548683167,0.2150914413308897,0.006514960177835267,1.133293699240312e-05
15425536,3384.006792559987,0.012717486713137145,0.17352294921875,,,,,,,,0.0,0.6594521403312683,0.21488046252898402,0.004029210826720849,1.4376496437762398e-05
15433728,3385.130454203987,0.016824189565056817,0.21236573159694672,,,,,,,,0.0078125,0.6593087315559387,0.21481147155566602,0.0038342969537080622,7.454537990270182e-05
15441920,3386.333968116989,0.015982314547212554,0.21334229409694672,,,,,,,,0.0,0.6595064997673035,0.21503588810527624,0.007138125987851504,1.9869212337653153e-05
15450112,3387.424946390005,0.013393982768328889,0.18323974311351776,,,,,,,,0.0,0.6593292951583862,0.21498742215329866,0.0050056313591784795,1.6923384464462288e-05
15458304,3388.511538861989,0.015064676672133962,0.19281005859375,,,,,,,,0.0078125,0.6594173312187195,0.21498441285271822,0.005744757314557979,3.5510955058271065e-05
15466496,3389.6670114900044,0.013592000194560633,0.18549804389476776,0.0015529968351040147,0.2196952490957304,0.21510980028291188,333,219.5898353569698,45.75,nan,0.0,0.659483015537262,0.2150053567215633,0.004474510046102136,1.2596038686751854e-05
15474688,3391.4501301599958,0.014207572999615437,0.18596191704273224,,,,,,,,0.0078125,0.6591441631317139,0.21487028743630715,0.005902728957585269,0.0013492899015545845
15482880,3392.718481269985,0.013329804447916139,0.18621826171875,,,,,,,,0.0,0.6595533490180969,0.2150256602023975,0.005189029747634719,9.787479939404875e-06
15491072,3393.905659929005,0.01287954382704373,0.17265625298023224,,,,,,,,0.0,0.6593491435050964,0.2149535769952259,0.004059054399867637,1.7279704479733482e-05
15499264,3395.0974407210015,0.017247976864079972,0.20954589545726776,,,,,,,,0.0078125,0.6593087911605835,0.2148533101568216,0.0038188509945895747,6.11624782322906e-05
15507456,3396.280671813991,0.015254679043725801,0.20543213188648224,,,,,,,,0.0,0.6595283150672913,0.2149800126594489,0.007294854207717318,1.1578994417504873e-05
15515648,3397.558850478992,0.017042531982092334,0.21452637016773224,,,,,,,,0.0078125,0.659163773059845,0.2148104808298083,0.007162037988635814,7.733681559329852e-05
15523840,3398.7659316920035,0.01526255311151194,0.20600585639476776,,,,,,,,0.0,0.6595643758773804,0.21501982429105015,0.006935145359723345,1.999806409003213e-05
15532032,3399.9335745360004,0.013781459732497427,0.18527832627296448,0.001826484214814017,0.22101802368285406,0.21521648756624842,333,219.57854321367046,42.6,nan,0.0,0.6594330072402954,0.21493511382718994,0.006261138501774554,1.6256715753115714e-05
15540224,3401.800604959979,0.0134361175298376,0.17662353813648224,,,,,,,,0.0078125,0.6592875123023987,0.21481291961506507,0.00493690514464754,0.0001485625107306987
15548416,3402.889881369978,0.013276626591669151,0.17961426079273224,,,,,,,,0.0,0.6594367027282715,0.21497607856849038,0.005729693028090028,9.60175475483993e-06
15556608,3403.777183169994,0.010597571491425163,0.14459228515625,,,,,,,,0.0,0.6591646075248718,0.2148517883959952,0.003113692338371871,8.240673196269199e-05
15564800,3404.7384430749808,0.017482184986494568,0.22113037109375,,,,,,,,0.0078125,0.6593737006187439,0.21485516616876912,0.00911629531440078,2.5247782104997896e-05
15572992,3405.703989409987,0.015777986064147827,0.2078857421875,,,,,,,,0.0,0.65950608253479,0.21489384361146402,0.004738314331553442,1.1063625606766436e-05
15581184,3406.6532554430014,0.019685868449147655,0.2406005859375,,,,,,,,0.0078125,0.6591351628303528,0.2147158710613175,0.00695361835669514,0.00011030222958652303
15589376,3407.5726241949887,0.013686057822858012,0.1849365234375,,,,,,,,0.0,0.6595864295959473,0.21509453280513874,0.005478473755180741,0.0003344836295582354
15597568,3408.8665185909776,0.012852900530215131,0.17622070014476776,0.002229076983023437,0.2165226650885795,0.21516450531298115,333,219.58266522754766,46.050000000000004,nan,0.0,0.6593408584594727,0.21496119742569886,0.004129243959572981,2.0362598661449738e-05
15605760,3410.665409159992,0.01871353388574316,0.23288574814796448,,,,,,,,0.0078125,0.6593025922775269,0.2148988810846706,0.003291097064519235,8.186144987121224e-05
15613952,3411.9846865339787,0.0159042142313346,0.21054688096046448,,,,,,,,0.0,0.6594718098640442,0.21490601945663584,0.003241480310420318,1.7369495253660716e-05
15622144,3413.219621023978,0.014639205180576013,0.18778076767921448,,,,,,,,0.0078125,0.6591454148292542,0.21472728378714928,0.006084045971205305,0.0010738972341641784
15630336,3414.5137282549986,0.016693714587893288,0.22410888969898224,,,,,,,,0.0,0.6596020460128784,0.2152070059905585,0.009323120707064543,1.0449710316606797e-05
15638528,3415.7405128459795,0.013040751834978645,0.18076172471046448,,,,,,,,0.0,0.6595243215560913,0.21503965095575003,0.005437721029381388,1.2294130101508927e-05
15646720,3417.044470327004,0.01575191229368128,0.20583496987819672,,,,,,,,0.0078125,0.6592960953712463,0.21499575553335917,0.008457660687593222,3.8522699469467625e-05
15654912,3418.3503123339906,0.016999879542403624,0.22695313394069672,,,,,,,,0.0,0.6595463752746582,0.21505130849949955,0.00840792249147859,1.3845547982782591e-05
15663104,3419.7012817779905,0.013379929426419569,0.180419921875,0.0014349186099383848,0.21977592940934812,0.2150810543907212,333,219.57622939614697,49.650000000000006,nan,0.0,0.6592960357666016,0.21490434085616078,0.0036093690904572314,3.102763366769068e-05
15671296,3421.7337483779993,0.016905246116977784,0.21097412705421448,,,,,,,,0.0078125,0.659416675567627,0.21488791748649683,0.007999760140249947,2.8527645554277115e-05
15679488,3423.0801317509904,0.013191816477279367,0.18187256157398224,,,,,,,,0.0,0.6595293283462524,0.21493389657600512,0.004053722864156869,1.0988742360495962e-05
15687680,3424.5422140689916,0.017454550677292586,0.2099609375,,,,,,,,0.0078125,0.6591898202896118,0.21486414417423974,0.006319641498033907,0.0005490356707014143
15695872,3425.854784717987,0.017843100489878635,0.22919921576976776,,,,,,,,0.0,0.6595554351806641,0.21516864568093905,0.0034301241655265964,7.554078911198303e-05
15704064,3427.13770679399,0.014006637087041019,0.18814697861671448,,,,,,,,0.0,0.6594132781028748,0.21484452882672822,0.004352203060081876,3.6993962567066774e-05
15712256,3428.422827055998,0.02189018139936275,0.26746827363967896,,,,,,,,0.0078125,0.6593800783157349,0.21479628523409286,0.006632629640320348,9.73182832240127e-05
15720448,3429.6939807760064,0.014844184815702828,0.20063476264476776,,,,,,,,0.0,0.6595202684402466,0.21501822102062743,0.0033948678282109124,2.1549501980189234e-05
15728640,3430.779083996982,0.01680877209721917,0.21666260063648224,0.0011798213388761747,0.21771335837098768,0.2151528552453112,333,219.60322102560644,44.550000000000004,nan,0.0078125,0.6592933535575867,0.21490646005874656,0.006676680708724497,4.889503543381579e-05
15736832,3432.2821569909866,0.015201743973288842,0.19901123642921448,,,,,,,,0.0,0.6595554947853088,0.2151157549586784,0.006026421479954457,1.416923896613298e-05
15745024,3433.301518266002,0.014684565982594617,0.20087890326976776,,,,,,,,0.0,0.6595052480697632,0.21499016174233695,0.005965074846068145,1.2610224075615406e-05
15753216,3434.2822081339837,0.01823725879138679,0.23140870034694672,,,,,,,,0.0078125,0.6592467427253723,0.2149198676214667,0.008331514990282455,7.607020961586386e-05
15761408,3435.2737563439878,0.015274317375870986,0.20754395425319672,,,,,,,,0.0,0.6595829725265503,0.2150810685446039,0.004731609112080925,0.0001906228717416525
15769600,3436.476896132983,0.013699676578963444,0.18375244736671448,,,,,,,,0.0,0.6593579053878784,0.2149070358131621,0.005173920429858019,3.494784687063657e-05
15777792,3437.890806925978,0.0154241525555534,0.19852295517921448,,,,,,,,0.0078125,0.6594571471214294,0.21499546552306686,0.006349157499210683,0.00013514851161744446
15785984,3439.39626340798,0.013284462582180363,0.18370361626148224,,,,,,,,0.0,0.6595733761787415,0.21502949328517418,0.004321246956632205,1.14606100396486e-05
15794176,3440.760444755986,0.01570162998546401,0.19888916611671448,0.0016966343490271152,0.21718791536892118,0.21512739200555156,333,219.6175770515351,48.45,nan,0.0078125,0.6592779755592346,0.2148138171505835,0.006770444816732529,0.0008474532514810562
15802368,3442.6711600940034,0.013254341352454298,0.18039551377296448,,,,,,,,0.0,0.6596246361732483,0.2149856289218952,0.0037134314296599804,1.2038405657222029e-05
15810560,3444.0036122029996,0.013434615503278707,0.18260498344898224,,,,,,,,0.0,0.6594323515892029,0.21498150091582358,0.0039520254532065535,1.580781099619344e-05
15818752,3445.285820699006,0.016458843394667962,0.20977783203125,,,,,,,,0.0078125,0.6593997478485107,0.2148942330212949,0.006471166591021495,4.1743969632079825e-05
15826944,3446.637654941005,0.012991767821641645,0.18049316108226776,,,,,,,,0.0,0.6595965623855591,0.21510172960382462,0.003325199710917705,1.1398520655347966e-05
15835136,3447.9183138959925,0.014312092460526,0.18967285752296448,,,,,,,,0.0078125,0.6593750715255737,0.21491983952127494,0.004332822417422782,0.0011857873760163784
15843328,3449.0818746369914,0.013892126991356366,0.18532715737819672,,,,,,,,0.0,0.6595701575279236,0.21512270284458804,0.006851628004386934,9.92677450994961e-06
15851520,3450.3964365790016,0.01356420175295401,0.18233643472194672,,,,,,,,0.0,0.6595743894577026,0.21502548582207387,0.006211372838566313,1.1122609976155218e-05
15859712,3451.6323357549845,0.01788053876500137,0.21656493842601776,0.0020175180257772096,0.22099470573834856,0.21515465067518985,333,219.61158924428702,43.5,nan,0.0078125,0.6593430638313293,0.2148751366479677,0.005692094821349896,3.0576477001886815e-05
15867904,3453.6696663500043,0.011228919371258118,0.1558837890625,,,,,,,,0.0,0.6596266627311707,0.21511599988348357,0.004161698939035241,1.8520511730457656e-05
15876096,3455.133985506982,0.013705637669774916,0.18553467094898224,,,,,,,,0.0,0.6593844294548035,0.21492256512316765,0.003568320105378208,1.865666672529187e-05
15884288,3456.6870675410028,0.015412597449629369,0.19747315347194672,,,,,,,,0.0078125,0.6595019102096558,0.21494215120320637,0.003960021834802196,2.5655423087300733e-05
15892480,3458.225837476988,0.013648846698509432,0.19020996987819672,,,,,,,,0.0,0.6595616340637207,0.21502737921665233,0.0047781970731219274,9.361837328469846e-06
15900672,3459.8213961349975,0.017279188504208544,0.21857909858226776,,,,,,,,0.0078125,0.6593025922775269,0.21483944912455288,0.007511906533311186,0.0001414630387444049
15908864,3461.1092041829834,0.01444492176316151,0.19816894829273224,,,,,,,,0.0,0.6596240401268005,0.21520605055527944,0.006972805284728996,1.3758784007222857e-05
15917056,3462.148344924004,0.011672413083996603,0.162841796875,,,,,,,,0.0,0.6594926118850708,0.21500689244949975,0.0025727132489785105,1.5368837921414524e-05
15925248,3463.253193691984,0.018723448138480002,0.23673096299171448,0.0011551990200383555,0.21725359722364349,0.21521369103300336,333,219.61269839447226,43.35,nan,0.0078125,0.659410834312439,0.214985384217062,0.008271412363706956,3.634828681242652e-05
15933440,3464.7442160049977,0.011223100295547975,0.15411376953125,,,,,,,,0.0,0.659586489200592,0.2151007887034408,0.004147000420441738,2.0474135453696363e-05
15941632,3465.7831747389864,0.0157366482002284,0.21071778237819672,,,,,,,,0.0078125,0.6593146324157715,0.21496653779610467,0.009093751169802555,0.0001332251849817112
15949824,3466.843476134003,0.01564968676651318,0.20363770425319672,,,,,,,,0.0,0.6595486998558044,0.2150586502967966,0.006019153022200545,0.00027080505969934165
15958016,3467.8266038979928,0.01311272577296736,0.17982177436351776,,,,,,,,0.0,0.6594902276992798,0.21492811959795338,0.0036904993322866703,1.3316370313987136e-05
15966208,3468.8195688200067,0.017449397864865903,0.22026367485523224,,,,,,,,0.0078125,0.6592352986335754,0.21484099438046447,0.007402372959576152,3.2494695915374905e-05
15974400,3469.831593006995,0.012897332301216003,0.176513671875,,,,,,,,0.0,0.6596167087554932,0.2149763339398262,0.004536765679434285,9.475223123445176e-06
15982592,3470.804488717986,0.013537904670533486,0.18072509765625,,,,,,,,0.0,0.6593480706214905,0.21480853506094752,0.004638363890772322,0.00013046943058725446
15990784,3471.9394145869883,0.018074155860017607,0.22484131157398224,0.0014556767340926369,0.2203495808238199,0.2151638703353353,333,219.6009427470422,45.75,nan,0.0078125,0.6594429016113281,0.21488643348640452,0.00846262732683425,3.8796071748947725e-05
15998976,3474.059651708987,0.012976401884474222,0.17670898139476776,,,,,,,,0.0,0.6594539284706116,0.21499665504204937,0.004262394449572482,1.715399048407562e-05
16007168,3475.330022649985,0.01583268605833807,0.20623779296875,,,,,,,,0.0078125,0.6592134833335876,0.21486086065663873,0.007313920513173842,0.0003868204657919705
16015360,3476.6213261270022,0.018749150635489303,0.24492187798023224,,,,,,,,0.0,0.6595432758331299,0.2151109441456421,0.004526912414605398,5.2685762057080865e-05
16023552,3478.1416798909777,0.014806194053988714,0.197509765625,,,,,,,,0.0,0.659473180770874,0.2149348242894257,0.006985418581909345,1.734362194838468e-05
16031744,3479.546784093982,0.01603726411781701,0.20775146782398224,,,,,,,,0.0078125,0.6593700051307678,0.214826809957288,0.005633345899668819,5.9288828197168186e-05
16039936,3480.8863244349777,0.013701748261479697,0.18524169921875,,,,,,,,0.0,0.6596382260322571,0.21497652825041746,0.005630835123070722,2.78355637419736e-05
16048128,3482.1018859419855,0.014480981852584774,0.19071045517921448,,,,,,,,0.0078125,0.6593165993690491,0.21490554796539266,0.003816303304318567,0.0009936345741152763
16056320,3483.2982053229935,0.017990056450659486,0.22445069253444672,0.0021276335375691735,0.22136977655277046,0.2151038109138607,333,219.58833424312337,47.25,nan,0.0,0.6596054434776306,0.21503548647962095,0.00887276668096186,8.72706550580915e-06
16064512,3487.2378074509907,0.012442393120555133,0.17048339545726776,,,,,,,,0.0,0.65949946641922,0.21494294820185478,0.006186251278059474,1.0474184819031507e-05
16072704,3493.797398281982,0.01638389885290801,0.21204833686351776,,,,,,,,0.0078125,0.6593099236488342,0.21493275523788688,0.007167653401626334,5.22328082297463e-05
16080896,3500.9418500119937,0.014401083970820922,0.19228516519069672,,,,,,,,0.0,0.6596230864524841,0.21499948403887087,0.004266643043211939,8.171652552846354e-06
16089088,3507.861061832984,0.01248282553119404,0.16975097358226776,,,,,,,,0.0,0.6593354940414429,0.21495674483199873,0.0036665898999869865,1.6587688151048496e-05
16097280,3515.5046521640033,0.018513843109152793,0.22305908799171448,,,,,,,,0.0078125,0.659445583820343,0.21481395451382004,0.0066826442804264145,2.9269989681779407e-05
16105472,3522.194623763993,0.012828336707417965,0.17215576767921448,,,,,,,,0.0,0.6595033407211304,0.21502337746017183,0.003287615167114141,1.017666272673523e-05
16113664,3529.183529451984,0.01667603701630519,0.21330566704273224,,,,,,,,0.0078125,0.6592448949813843,0.21484720623495898,0.0052832144031839945,5.515952580026351e-05
16121856,3536.2813949949923,0.012658136603661403,0.17464600503444672,0.002053268483074522,0.22062774312789793,0.2151199739578654,333,219.58545148465808,47.25,nan,0.0,0.6595771312713623,0.21504620693789334,0.0034304756818104697,1.0030998055299278e-05
16130048,3545.278869807982,0.011691449435497457,0.15803222358226776,,,,,,,,0.0,0.6594350934028625,0.21492543434730585,0.004409323619203528,1.321915078733582e-05
16138240,3550.935442574002,0.017401916995204297,0.21776123344898224,,,,,,,,0.0078125,0.659288227558136,0.21487558521323852,0.005681207765181358,3.8735492125852033e-05
16146432,3557.842533180985,0.012614645012141485,0.16859130561351776,,,,,,,,0.0,0.6595583558082581,0.2150572891664002,0.0054127219620192304,2.371080881857779e-05
16154624,3564.5099735889817,0.01759554826088436,0.22568359971046448,,,,,,,,0.0078125,0.6591204404830933,0.21486769359044175,0.007378195460170465,0.0009855316020548344
16162816,3572.0196486899804,0.016492196912719297,0.20572510361671448,,,,,,,,0.0,0.6596431136131287,0.21516565283563413,0.007197288164343613,9.460680303163826e-06
16171008,3579.190458323981,0.01484235283079172,0.20256347954273224,,,,,,,,0.0,0.6595045328140259,0.21504845161081215,0.007811790189642039,1.1604075552895665e-05
16179200,3586.8107547980035,0.01787426087027281,0.22237549722194672,,,,,,,,0.0078125,0.6593215465545654,0.21497578461366884,0.00827899242153238,9.715203486848623e-05
16187392,3594.7729631919938,0.01221361095525428,0.16759033501148224,0.0014263168598080966,0.22010777401658693,0.21512161657119128,333,219.58187087606382,49.650000000000006,nan,0.0,0.6595836877822876,0.21512859535127443,0.005123170200410465,9.933034561981913e-06
16195584,3605.8566370119806,0.012865306718997839,0.17659913003444672,,,,,,,,0.0,0.6593372821807861,0.21483052158876634,0.005465198612711236,1.5478075511055067e-05
16203776,3613.203595734987,0.017636833749679153,0.22006836533546448,,,,,,,,0.0078125,0.6594285368919373,0.21492060924720433,0.006865469665280633,4.804222771781497e-05
16211968,3620.7384013889823,0.012387636104181768,0.1654052734375,,,,,,,,0.0,0.6595338582992554,0.21498480762099842,0.0042062202359501024,1.5965835700626485e-05
16220160,3628.020706965006,0.016554196179288504,0.21778564155101776,,,,,,,,0.0078125,0.659232497215271,0.2148224288777883,0.008522355430359526,5.338037226465531e-05
16228352,3634.8476686719805,0.012915310811840143,0.17891846597194672,,,,,,,,0.0,0.6595784425735474,0.21513369691834697,0.004889811860727119,1.0340058906876948e-05
16236544,3641.806563388993,0.013725101620088238,0.18372802436351776,,,,,,,,0.0,0.6593962907791138,0.21495113313492262,0.004063963614711241,1.4902502698532771e-05
16244736,3648.7809171109984,0.017419223373650095,0.22531738877296448,,,,,,,,0.0078125,0.6592766642570496,0.21472117477277197,0.007295721360816358,5.793559830635786e-05
16252928,3655.5509081569908,0.016009186449884867,0.20638428628444672,0.0010316452308497537,0.22149871383568134,0.2151149233029867,333,219.5824697174038,48.0,nan,0.0,0.6595627665519714,0.21494737010782203,0.00731343936052371,1.0490055501577444e-05
16261120,3665.7298362809815,0.013232647833462561,0.17449951171875,,,,,,,,0.0078125,0.6591197848320007,0.2147462719502801,0.006478822007895383,0.0009556908044032753
16269312,3673.357464094006,0.02433764155777925,0.27501222491264343,,,,,,,,0.0,0.6596057415008545,0.21513422028950066,0.008903028742041115,2.9077622457407415e-05
16277504,3675.0961749689886,0.012925764082409023,0.1766357421875,,,,,,,,0.0,0.6594610214233398,0.21500645501852644,0.004856529580648403,1.0483038749953266e-05
16285696,3675.937200474,0.014989839067835499,0.19703368842601776,,,,,,,,0.0078125,0.659290611743927,0.21485213810686604,0.006986181241009199,4.00325698137749e-05
16293888,3676.760922364978,0.02277313221068171,0.28077393770217896,,,,,,,,0.0,0.6595684885978699,0.21512042721248448,0.011850928565478936,2.206237695645541e-05
16302080,3677.691399731004,0.015267758856772645,0.20272217690944672,,,,,,,,0.0,0.659402072429657,0.21492526300202033,0.006757892737560995,4.770177838508971e-05
16310272,3678.7793504830042,0.017780518630893305,0.22695313394069672,,,,,,,,0.0078125,0.6593808531761169,0.2148479352374794,0.003944444716430662,6.644741370109841e-05
16318464,3679.8875553339894,0.012225539305221467,0.16938476264476776,0.0021604532610220994,0.21919871264311824,0.21509196756957824,333,219.5831337997283,47.25,nan,0.0,0.6594604253768921,0.21496675822164976,0.004618843828041659,1.689085729594808e-05
16326656,3681.555950545997,0.014915193673320832,0.19916991889476776,,,,,,,,0.0078125,0.6591030955314636,0.2148675036824636,0.005311406206595332,6.499127630377188e-05
16334848,3682.647250755981,0.012895419541347148,0.17734375596046448,,,,,,,,0.0,0.6596412062644958,0.21514512426068913,0.00430903154248373,0.0005384876276366413
16343040,3683.6693484169955,0.013752487298790929,0.18953858315944672,,,,,,,,0.0,0.6594225764274597,0.21494735223577172,0.005142505803908178,1.3421362382359803e-05
16351232,3684.719112880004,0.016070234805025556,0.20808105170726776,,,,,,,,0.0078125,0.6593194603919983,0.21484493905973429,0.00720975652278124,4.4064388930564746e-05
16359424,3685.7441941119905,0.013860259172774054,0.18996582925319672,,,,,,,,0.0,0.6595547199249268,0.21499225576497277,0.004117631736655665,9.29156976781087e-06
16367616,3686.7125908820017,0.015346719009614797,0.20258788764476776,,,,,,,,0.0078125,0.6591872572898865,0.2148168320797112,0.005678489928541994,3.7497196899494156e-05
16375808,3687.751181065978,0.015191765973040616,0.19886474311351776,,,,,,,,0.0,0.6595774292945862,0.21520337951195292,0.009907988739981853,1.1361494216544088e-05
16384000,3688.8434535499837,0.013416835393653273,0.18240967392921448,0.0019587177664633915,0.2168455339281571,0.21503248950500803,333,219.58556838887955,48.45,nan,0.0,0.6594719290733337,0.214998106602235,0.005618168107910174,1.4862840544083156e-05
16392192,3690.4872510889836,0.015025520604199231,0.20062255859375,,,,,,,,0.0078125,0.6592684984207153,0.21478108421438838,0.005775488093258609,0.0007635643123649061
16400384,3691.5499627990066,0.014530550984922098,0.19003906846046448,,,,,,,,0.0,0.6595771312713623,0.21513668922062598,0.006579328423889125,2.33660848607542e-05
16408576,3692.632445856987,0.011861092852641147,0.16370849311351776,,,,,,,,0.0,0.6593519449234009,0.21488119417612528,0.005571886385894087,1.5603503925376572e-05
16416768,3693.6951280479843,0.01836607820238859,0.23548583686351776,,,,,,,,0.0078125,0.6593469381332397,0.21490201116380345,0.007475526115830167,3.386411117389798e-05
16424960,3694.7863388849946,0.013374275227621883,0.18742676079273224,,,,,,,,0.0,0.6594785451889038,0.2149357729168932,0.0040921235095919065,1.1515237929415889e-05
16433152,3695.641800493002,0.016542353931308363,0.20535889267921448,,,,,,,,0.0078125,0.6590358018875122,0.214838762310182,0.005605413574787928,0.0001388332457281649
16441344,3696.489263038995,0.020930594763005746,0.2645019590854645,,,,,,,,0.0,0.6595897078514099,0.21507554002435278,0.007234114496575583,2.842817411874421e-05
16449536,3697.317051142978,0.013532343548938654,0.17878417670726776,0.001990142636570047,0.2187226660218537,0.21513325652945095,333,219.58944581509394,42.300000000000004,nan,0.0,0.6593709588050842,0.2149648290404112,0.004726860336330541,2.0608873455785215e-05
16457728,3698.558288330998,0.02019351408132949,0.24556885659694672,,,,,,,,0.0078125,0.6593465805053711,0.21484222086121157,0.008377018037524919,3.294137422926724e-05
16465920,3699.402442755003,0.01269205849585563,0.17717285454273224,,,,,,,,0.0,0.6595907211303711,0.21504784202702365,0.0037816094542077582,1.9461474948911928e-05
16474112,3700.5604430130043,0.013326620387015403,0.18259277939796448,,,,,,,,0.0,0.6592986583709717,0.2149694526516463,0.006577347442305448,0.0005700648762285709
16482304,3701.717923432996,0.01971733493951938,0.24582520127296448,,,,,,,,0.0078125,0.659525990486145,0.21511325380198243,0.011333266940549931,3.3680185879347846e-05
16490496,3702.7940184850013,0.013057457760681474,0.18201903998851776,,,,,,,,0.0,0.6594471335411072,0.21492348811516923,0.004124910988195499,1.3250881238491274e-05
16498688,3703.9112368899805,0.014423605029249454,0.1904296875,,,,,,,,0.0078125,0.6591918468475342,0.21488713320922675,0.0063365285370387235,3.119278699159622e-05
16506880,3705.0583451550046,0.01377071069608178,0.19071045517921448,,,,,,,,0.0,0.6595634818077087,0.2150121222420855,0.004632845643794298,1.1076519513153471e-05
16515072,3706.123432566994,0.012478802456048894,0.17008057236671448,0.0016194659849315673,0.21809060205621625,0.21507423266648568,333,219.59285826434373,45.75,nan,0.0,0.6593196988105774,0.21489419832308684,0.0053308608154062605,2.0417332052602433e-05
16523264,3707.7759445709817,0.018165210830459383,0.22773437201976776,,,,,,,,0.0078125,0.659397304058075,0.2149109942164824,0.007471322742321072,4.6011304220883176e-05
16531456,3708.9390107060026,0.014702750941625438,0.20024414360523224,,,,,,,,0.0,0.6595633029937744,0.21503925815780858,0.0067253602084471524,1.6576503185206093e-05
16539648,3710.1202071649896,0.015749933405924427,0.20194092392921448,,,,,,,,0.0078125,0.6591763496398926,0.21489691072632958,0.007128822071369525,0.0005912729538977146
16547840,3711.3181439129985,0.01683219690460555,0.21832275390625,,,,,,,,0.0,0.6596499681472778,0.2151411071372072,0.0034325007990512707,0.00011867610010085627
16556032,3712.5298238199903,0.011803298064923466,0.15577392280101776,,,,,,,,0.0,0.6594167947769165,0.21495888550830142,0.0053981561803029005,1.2258826245670207e-05
16564224,3713.7316907809873,0.016171124008989908,0.2110595703125,,,,,,,,0.0078125,0.6593098640441895,0.214689596080127,0.004225289688042481,0.0003523483464960009
16572416,3714.891671707999,0.019898547567675763,0.25511476397514343,,,,,,,,0.0,0.6594781279563904,0.2150450941846414,0.004383241356331142,3.8657584809698164e-05
16580608,3716.0355496759876,0.012303113401019854,0.16853027045726776,0.0019289501733140701,0.2211650199276057,0.21520714197284502,333,219.59678349099693,43.5,nan,0.0,0.6592523455619812,0.21489335801405107,0.004840777431294276,8.873031765688211e-05
16588800,3717.7730758370017,0.017921474462715574,0.21550293266773224,,,,,,,,0.0078125,0.6594976782798767,0.2150217872720775,0.008812044727287367,2.34389808611013e-05
16596992,3718.808078306989,0.014811349715826726,0.19631348550319672,,,,,,,,0.0,0.6594871282577515,0.21494729989724326,0.00789103256438766,1.5609994079568423e-05
16605184,3719.963704367983,0.015863515534423767,0.20218506455421448,,,,,,,,0.0078125,0.6592220067977905,0.2148159434822261,0.005658785102068998,0.00010819020826602355
16613376,3720.907229731005,0.022681980339117287,0.27495118975639343,,,,,,,,0.0,0.659602165222168,0.21517064044926246,0.007810030915919572,5.491565752890892e-05
16621568,3721.8666721670015,0.014897351026631736,0.19942627847194672,,,,,,,,0.0,0.6594184637069702,0.2148745080029062,0.0046536729039552876,0.0005344910314306617
16629760,3722.787029228988,0.023030146827820893,0.2730346620082855,,,,,,,,0.0078125,0.659351646900177,0.21495669851502047,0.009998016713714898,0.00017411929729860276
16637952,3723.7331568079826,0.02231362489257301,0.2768920958042145,,,,,,,,0.0,0.6594499945640564,0.21504255956278223,0.00810005799024862,7.152772741392255e-05
16646144,3724.6794971229974,0.016482637288775366,0.21566163003444672,0.001964414140587456,0.21898663540773772,0.2150538425945036,333,219.60110361217892,49.650000000000006,nan,0.0078125,0.6591800451278687,0.21486832976321338,0.007303823228550262,8.544092270312831e-05
16654336,3726.1383354360005,0.013901230206514875,0.18707275390625,,,,,,,,0.0,0.6595746278762817,0.21505477853418706,0.003738749583466497,1.7567892427905463e-05
16662528,3727.0604822659807,0.013600239484691985,0.1876220703125,,,,,,,,0.0,0.6593484878540039,0.2147885258592414,0.004474075913454323,1.6061740097939037e-05
16670720,3727.9990577279823,0.016199850031776288,0.21307373046875,,,,,,,,0.0078125,0.6592609882354736,0.21483249937286933,0.007045865386072475,0.00019392352260183543
16678912,3728.9560253209784,0.01736006347980244,0.23066405951976776,,,,,,,,0.0,0.6595633625984192,0.21509329692709528,0.0072335598893774646,1.276959119422827e-05
16687104,3729.90155284098,0.014264865003824068,0.19381104409694672,,,,,,,,0.0,0.659325122833252,0.21492180800867638,0.005848277897881933,0.0002664922794792801
16695296,3730.9372418519924,0.01527618625475411,0.19962158799171448,,,,,,,,0.0078125,0.6595377922058105,0.2149878939293275,0.006906252347267138,1.5178360627032816e-05
16703488,3732.2595394740056,0.014170760557586044,0.19217529892921448,,,,,,,,0.0,0.6595547795295715,0.21498249867633673,0.007146581802278481,1.159750627266476e-05
16711680,3733.4750693389797,0.01747572725937114,0.21796874701976776,0.001735620721884601,0.21675853048486834,0.2150819497397088,333,219.60391682157257,45.75,nan,0.0078125,0.6592377424240112,0.21484352273179871,0.00802156919916516,3.533525159582496e-05
16719872,3735.5828202059784,0.013558659862335768,0.18258057534694672,,,,,,,,0.0,0.6596466302871704,0.2150107575695533,0.006521746913672322,0.00016937039617914706
16728064,3736.83908763199,0.015395717748726357,0.20867919921875,,,,,,,,0.0,0.6593726277351379,0.21491408257286843,0.006229086027647008,1.729205541778356e-05
16736256,3738.0948526169814,0.016044674667865348,0.20942382514476776,,,,,,,,0.0078125,0.6594755053520203,0.2148788739335671,0.004637691464227797,2.9486900530173443e-05
16744448,3739.401830147981,0.011938668950877475,0.16510009765625,,,,,,,,0.0,0.659579336643219,0.2149957116919094,0.0040779387796202075,8.629877811472397e-06
16752640,3740.6042192129826,0.016492637481306454,0.2088623046875,,,,,,,,0.0078125,0.6593227386474609,0.21489308930158102,0.007607169937333025,0.0005673611303791404
16760832,3741.889407710987,0.022109813342678107,0.27775880694389343,,,,,,,,0.0,0.6595786809921265,0.21520197666024,0.010159824657512933,3.992994243162684e-05
16769024,3743.2051722889883,0.016351875848689367,0.21800537407398224,,,,,,,,0.0,0.6595163941383362,0.2149596678577947,0.007476196922782047,1.6394396880059503e-05
16777216,3744.5696747079783,0.018099277824087903,0.22995606064796448,0.0017847126808667735,0.21652964086282708,0.21507712154869113,333,219.61142918522864,48.45,nan,0.0078125,0.6593710780143738,0.21487563074642657,0.009445007174017653,8.013308251975104e-05
16785408,3746.662253778981,0.025192993222632267,0.28814697265625,,,,,,,,0.0,0.6594734191894531,0.21507358044940567,0.007472887635197877,0.00013652695633936673
16793600,3747.873896420002,0.016827781873595134,0.21695557236671448,,,,,,,,0.0,0.6593608856201172,0.21482667728794547,0.006962013481033808,6.243204552447423e-05
16801792,3749.210349415982,0.017756263263868904,0.21992187201976776,,,,,,,,0.0078125,0.6595903635025024,0.21500290152790735,0.005319797895490805,2.0719689928228036e-05
16809984,3750.410771038005,0.01452997282721785,0.19272461533546448,,,,,,,,0.0,0.6596039533615112,0.21496593577886364,0.003921896638223023,1.1448710210970603e-05
16818176,3751.578501159005,0.01620476223667523,0.20975342392921448,,,,,,,,0.0078125,0.6593210697174072,0.21473246797268933,0.008280119220497071,5.0891343562398106e-05
16826368,3752.9115326589963,0.013965199117069125,0.19357910752296448,,,,,,,,0.0,0.6596360206604004,0.2150662023477674,0.005577565564921367,8.571437319915276e-06
16834560,3754.092677940993,0.013611421081087836,0.18331299722194672,,,,,,,,0.0,0.6593344211578369,0.21491894458843475,0.0038262352273110674,0.0001179841929115355
16842752,3755.0938997649937,0.016761497861252053,0.21564941108226776,0.0017132511700044262,0.22163722740189784,0.2151503927358172,333,219.60414269487296,43.800000000000004,nan,0.0078125,0.6594614386558533,0.21489149016516804,0.005833964343182599,2.4787867005215958e-05
16850944,3756.642261756002,0.014517242702245282,0.20023193955421448,,,,,,,,0.0,0.6595910787582397,0.21511753750104562,0.006507001646240467,1.1673647350107785e-05
16859136,3757.606463634991,0.017204728190399712,0.21719971299171448,,,,,,,,0.0078125,0.6593304872512817,0.2148708427284093,0.00779315005636089,0.0005663070478476584
16867328,3758.54916482899,0.023353092567578376,0.2762817442417145,,,,,,,,0.0,0.6595390439033508,0.21502375317494296,0.008350065967245869,4.536575943347998e-05
16875520,3759.504448069987,0.013768927492773479,0.18503418564796448,,,,,,,,0.0,0.6594590544700623,0.21493169260063216,0.002468438969805954,2.0091098122065887e-05
16883712,3760.5387101109955,0.016716971315004592,0.21010743081569672,,,,,,,,0.0078125,0.6593365669250488,0.21491972891210281,0.007058499063402045,7.195659418357536e-05
16891904,3761.5383677939826,0.013721098465207623,0.19267578423023224,,,,,,,,0.0,0.6596749424934387,0.2149766553142584,0.004709402250522483,1.803111626941245e-05
16900096,3762.5614800519834,0.014573915312655084,0.19439697265625,,,,,,,,0.0,0.6593977212905884,0.21491339835124212,0.004651693651691688,6.567472883034497e-05
16908288,3763.503570898989,0.01998004609831025,0.24710693955421448,0.0010100213512280742,0.2197730596947171,0.2152252078369631,333,219.60189936576438,48.0,nan,0.0078125,0.6595685482025146,0.21494275285868142,0.010197573914003553,2.5221932446584105e-05
16916480,3765.3164031909837,0.013552928427240221,0.1875,,,,,,,,0.0,0.6595406532287598,0.21496652874297317,0.005380594346238328,1.11812869363348e-05
16924672,3766.6453172009788,0.01728379923783135,0.22276611626148224,,,,,,,,0.0078125,0.6592932343482971,0.21477685553317022,0.007666218321459754,5.0371018005535007e-05
16932864,3768.091701603,0.014197106027035286,0.190673828125,,,,,,,,0.0,0.6595828533172607,0.2150348775337713,0.005891972187154682,1.7095884686568752e-05
16941056,3769.3072776329936,0.015238740445925587,0.20501708984375,,,,,,,,0.0,0.6593149900436401,0.21493027023378378,0.006322940728322167,4.579160668072291e-05
16949248,3770.5861044210033,0.017276670001129254,0.21577148139476776,,,,,,,,0.0078125,0.6594147086143494,0.21496479106737473,0.006818771618161472,3.8735579437343404e-05
16957440,3771.9272004109807,0.014799935350051653,0.19492188096046448,,,,,,,,0.0,0.6595512628555298,0.21487042036689216,0.004531605433902613,0.00014080904657021165
16965632,3773.335943694983,0.016417300258772766,0.21951904892921448,,,,,,,,0.0078125,0.6592482924461365,0.21480813238987798,0.00465567850140974,0.00024639719049446285
16973824,3774.787163671979,0.014574832306194772,0.19764403998851776,0.0020239410255997736,0.2218060734691473,0.21512133282780738,333,219.5873510735221,42.300000000000004,nan,0.0,0.6596125364303589,0.21515826026054347,0.005495756053060189,1.966872878256254e-05
16982016,3776.9595883729926,0.01223609891011842,0.16840820014476776,,,,,,,,0.0,0.6594981551170349,0.21479920823019313,0.0034191785681252705,1.518652425147593e-05
16990208,3778.2774546239816,0.01678498967607524,0.21391601860523224,,,,,,,,0.0078125,0.6593359708786011,0.21484202446435208,0.00718708256164779,0.0003165790985804051
16998400,3779.6304845749983,0.013535326917020541,0.17767333984375,,,,,,,,0.0,0.659667432308197,0.215105798139983,0.0059775766685969,9.639338713895995e-06
17006592,3780.882226924994,0.01218298347965964,0.16551513969898224,,,,,,,,0.0,0.6593426465988159,0.2149596322304991,0.004658279224908099,0.00016880354087334126
17014784,3782.2114103439962,0.022972870087420976,0.2666015625,,,,,,,,0.0078125,0.6595337986946106,0.21494987594242576,0.00769400094939456,2.4973507606773637e-05
17022976,3783.502149587992,0.012808026050779776,0.17955322563648224,,,,,,,,0.0,0.6594532132148743,0.21500960505695904,0.0041092658220452764,1.5641922800568864e-05
17031168,3784.707387934992,0.014285154024907515,0.18605957925319672,,,,,,,,0.0078125,0.6592066884040833,0.2148664803468813,0.004237891622920384,8.672993863001466e-05
17039360,3785.8621455699904,0.013902475745018357,0.19017334282398224,0.00157555775681395,0.21647979068321316,0.21500523490590545,333,219.57369354214174,49.2,nan,0.0,0.6595416069030762,0.21511172597429576,0.004983850185146847,1.2946568858751561e-05
17047552,3787.3252164110017,0.01214425927043424,0.16347657144069672,,,,,,,,0.0,0.6592325568199158,0.2148913008207749,0.004508934321898007,2.8061896955478005e-05
17055744,3788.2407384779945,0.02021783209740708,0.24431152641773224,,,,,,,,0.0078125,0.6592926383018494,0.2148868331322657,0.010813433681309735,0.00013861757179256529
17063936,3789.1392162099946,0.014164761732723241,0.1907958984375,,,,,,,,0.0,0.6594889163970947,0.21502549770295362,0.005345936524385891,1.2476899428293109e-05
17072128,3790.059950559982,0.017931129117491118,0.218505859375,,,,,,,,0.0078125,0.6590626239776611,0.21473910363421161,0.007639404709600561,0.0012098015286028385
17080320,3790.9713379799796,0.014928850753850155,0.20406495034694672,,,,,,,,0.0,0.6596086025238037,0.21517049269961847,0.005460590594829801,7.96748554421356e-06
17088512,3791.971084669989,0.013473469476146636,0.18621826171875,,,,,,,,0.0,0.6594520807266235,0.2149013674803665,0.00391746131169272,2.0589272025972605e-05
17096704,3797.32965906398,0.016823027845391893,0.21652832627296448,,,,,,,,0.0078125,0.6592797040939331,0.21470825463846527,0.007816678075599614,3.646810000645928e-05
17104896,3803.3609821699793,0.013308613659881292,0.17349854111671448,0.0015352696205752636,0.21748948281140792,0.21511725873574652,333,219.58575388529852,46.2,nan,0.0,0.6596270799636841,0.21498265367658376,0.006901107295895862,1.0682647371140774e-05
17113088,3813.6438817000017,0.012738865355164136,0.17239990830421448,,,,,,,,0.0,0.6592855453491211,0.214843070445488,0.005249863952749519,8.687151421327144e-05
17121280,3820.8058253519994,0.02071476532347721,0.24929200112819672,,,,,,,,0.0078125,0.6595292091369629,0.21496110274955985,0.008553291172006912,0.00014660347369499505
17129472,3828.0915945159795,0.015052030804217898,0.20069579780101776,,,,,,,,0.0,0.659523069858551,0.2149872501782489,0.005214128283117893,1.2912386409880128e-05
17137664,3835.1895745169895,0.021294355183187796,0.26105958223342896,,,,,,,,0.0078125,0.6593337059020996,0.2148736829272345,0.011101640395581376,3.948682206100784e-05
17145856,3842.5231906719855,0.021663640208924462,0.2583862245082855,,,,,,,,0.0,0.6595302224159241,0.21504925132514302,0.007802635665620026,6.822292925789952e-05
17154048,3849.8053909519804,0.014512831501239899,0.19760742783546448,,,,,,,,0.0,0.6594420671463013,0.2148165121324023,0.0071562703162914125,0.0006490738596767187
17162240,3856.840320372983,0.02279682750119799,0.26862794160842896,,,,,,,,0.0078125,0.6593077778816223,0.21486208922993008,0.0073844855862387595,9.162497735815123e-05
17170432,3863.2558189279807,0.014330594440838701,0.19279785454273224,0.001246837568912973,0.21680805901889114,0.2151137581103312,333,219.59452600327063,46.2,nan,0.0,0.6595522165298462,0.21502843730558063,0.002387307059360765,3.8319703890010715e-05
17178624,3873.0305961229897,0.016161442438570064,0.20977783203125,,,,,,,,0.0078125,0.6592234969139099,0.21489667047547045,0.0062199402040796145,3.978226595791057e-05
17186816,3874.1555030219897,0.014244744674978728,0.19429932534694672,,,,,,,,0.0,0.6596164107322693,0.21517918446094214,0.005089160041841382,9.264294931199402e-06
17195008,3875.3165150849964,0.013145041112770399,0.18177489936351776,,,,,,,,0.0,0.6594339609146118,0.2149126017507021,0.0058018361181947885,1.2078287909389473e-05
17203200,3876.4739608679956,0.01772046882578749,0.22474364936351776,,,,,,,,0.0078125,0.6592473387718201,0.21488086531965284,0.008193795994243653,7.69451871747151e-05
17211392,3877.504475088994,0.014406987770614632,0.196044921875,,,,,,,,0.0,0.6595231890678406,0.21498105551193397,0.005451514052783471,1.0060237400466576e-05
17219584,3878.4784322839987,0.01667485104742594,0.21844482421875,,,,,,,,0.0,0.6591631770133972,0.2147879917566836,0.007632961903529495,3.402163929422386e-05
17227776,3879.2387108569965,0.01585761270309079,0.20352783799171448,,,,,,,,0.0078125,0.6594879627227783,0.2147635667158133,0.007050656908549885,2.2632020773016848e-05
17235968,3879.982373254985,0.013744863462365487,0.18504638969898224,0.0012785157562930083,0.21712728565110742,0.21502919887457767,333,219.59540177755392,48.0,nan,0.0,0.659493088722229,0.21495805464369355,0.0060374722812924116,1.0914143786067143e-05
17244160,3881.1056590529915,0.01966487698947666,0.24307861924171448,,,,,,,,0.0078125,0.6592297554016113,0.21485948585589187,0.008245604574091387,0.00029414574964903295
17252352,3881.993514108006,0.020537837692637725,0.25251466035842896,,,,,,,,0.0,0.6595357656478882,0.2151123898772171,0.0073341676140252,5.288408283377066e-05
17260544,3883.0180412879854,0.014672725468464749,0.19644775986671448,,,,,,,,0.0,0.6593677997589111,0.2149580053347123,0.007195427011119516,1.5597517631249502e-05
17268736,3884.0625762319833,0.02023343342250071,0.24870605766773224,,,,,,,,0.0078125,0.6593296527862549,0.21489223576509686,0.00701725598635499,0.00012542688637040555
17276928,3885.069097708998,0.014051967912167835,0.19625245034694672,,,,,,,,0.0,0.6595842838287354,0.21497559887114542,0.006716221289741062,1.2781993973476347e-05
17285120,3886.155485678988,0.016770691437528896,0.21822510659694672,,,,,,,,0.0078125,0.659142792224884,0.21487591278014145,0.005448937699568656,0.0001859693875303492
17293312,3887.1890485470067,0.0231448656313325,0.28406983613967896,,,,,,,,0.0,0.6596156358718872,0.2150786801755514,0.010914081521097643,8.890273602446541e-05
17301504,3888.2629029479867,0.013695026041569764,0.18673096597194672,0.0016631043310914029,0.21654133159679723,0.21500085945858713,333,219.58537446225256,49.2,nan,0.0,0.6594694256782532,0.21494216689442366,0.005552602296860449,1.8808843378792517e-05
17309696,3889.8075243399944,0.016408413692317717,0.21738281846046448,,,,,,,,0.0078125,0.6593417525291443,0.21486154751364644,0.0064172136946013154,0.00019006369984708726
17317888,3890.8450579390046,0.012515665764146934,0.17031250894069672,,,,,,,,0.0,0.6595633625984192,0.21503479412826967,0.003853781159997335,1.5634494047844782e-05
17326080,3891.9682545859832,0.01347259976304887,0.18218994140625,,,,,,,,0.0,0.6592361927032471,0.21488723300172868,0.005537216818661402,2.7647052775137126e-05
17334272,3893.126323325996,0.017850530198730313,0.22089843451976776,,,,,,,,0.0078125,0.6594679951667786,0.21489255620592798,0.007429430717241763,8.596559200668707e-05
17342464,3894.236297722993,0.015154261898602328,0.20758056640625,,,,,,,,0.0,0.6594749689102173,0.21496341848340098,0.006327154082868858,1.0521122931095306e-05
17350656,3895.2713302009797,0.015582388730593429,0.19932861626148224,,,,,,,,0.0078125,0.6591429114341736,0.21491184061509264,0.007069773555362558,4.185694342595525e-05
17358848,3896.1502842719783,0.018817823293495357,0.24453125894069672,,,,,,,,0.0,0.6595118045806885,0.21498083172468366,0.007086804752377132,3.668808494694531e-05
17367040,3897.1737537669833,0.012528900790101428,0.17434082925319672,0.0008493441427207538,0.21975362190481912,0.2152458116650043,333,219.59430516528317,46.800000000000004,nan,0.0,0.659307599067688,0.21480061814675788,0.0034417853419911534,7.374650158453733e-05
17375232,3898.560112142004,0.02176972945434777,0.2604614198207855,,,,,,,,0.0078125,0.6593477725982666,0.21476222668796024,0.009937054184955517,0.00018040287250187248
17383424,3899.3055739389965,0.014690827740518875,0.19749756157398224,,,,,,,,0.0,0.6596315503120422,0.2150869601253284,0.00645301611095141,9.9145599961048e-06
17391616,3900.0720783009892,0.016979461944605152,0.21955566108226776,,,,,,,,0.0078125,0.6592997908592224,0.21485218732440478,0.0065261896446614015,9.769067401066422e-05
17399808,3900.841424871993,0.014684032485873345,0.19589844346046448,,,,,,,,0.0,0.6596456170082092,0.21502438126586862,0.00617808172753309,9.246219633496366e-06
17408000,3901.6430794949993,0.013376273536208395,0.18303222954273224,,,,,,,,0.0,0.659455418586731,0.2149606678327492,0.003798414971449233,2.5578758140909486e-05
17416192,3902.7096778709965,0.016876882060726305,0.210693359375,,,,,,,,0.0078125,0.6593412160873413,0.2149139243516999,0.006590806962977813,0.00010952961019938812
17424384,3903.7400065480033,0.016888501432663273,0.22402344644069672,,,,,,,,0.0,0.6595578789710999,0.21508629334010015,0.0073659987845020175,1.5025757420517039e-05
17432576,3904.783607939986,0.015773639492311267,0.20882569253444672,0.001769618155225916,0.21648945151098906,0.21503990526004818,333,219.5950685777693,49.2,nan,0.0,0.6593079566955566,0.21489313704578827,0.007399162073156229,0.0002339982456760481
17440768,3906.4267474509834,0.01704604382699296,0.20476074516773224,,,,,,,,0.0078125,0.6595132350921631,0.2149436921374855,0.006434740699238881,2.3729637177893892e-05
17448960,3907.390681119985,0.014730313999840884,0.19495849311351776,,,,,,,,0.0,0.6596113443374634,0.21499964199404675,0.006621367847139484,1.3009807844355237e-05
17457152,3908.356788412988,0.014756573645774882,0.19541016221046448,,,,,,,,0.0078125,0.6593368053436279,0.21485983863390126,0.0053355792882362075,0.0010654276702553034
17465344,3909.415829279984,0.014660595979297676,0.20280762016773224,,,,,,,,0.0,0.6596697568893433,0.21506651522393497,0.006776836431155889,8.190631888282951e-06
17473536,3910.5811725920066,0.015385594170732925,0.20346680283546448,,,,,,,,0.0,0.6594258546829224,0.21495012602069657,0.00504688260202285,1.5545429050689563e-05
17481728,3911.677067290002,0.016975392733230312,0.20955811440944672,,,,,,,,0.0078125,0.6594292521476746,0.2149569569392716,0.004510706778439508,2.6872241505770944e-05
17489920,3912.6761615849973,0.013020282311795701,0.17880859971046448,,,,,,,,0.0,0.6595706939697266,0.21495692427784507,0.004111196112250527,1.163996694231173e-05
17498112,3913.7426430269843,0.015215289111150727,0.20051269233226776,0.0017020354579366792,0.2217804144347267,0.21505480756546444,333,219.60161225826218,45.75,nan,0.0078125,0.6592644453048706,0.21483319710450144,0.005561133464652118,0.001079424051567912
17506304,3915.383683530992,0.01625233692640025,0.21348877251148224,,,,,,,,0.0,0.6595689058303833,0.21513944881598132,0.005277509522003582,1.4183096936903894e-05
17514496,3916.4461645139963,0.011941843476175757,0.16058349609375,,,,,,,,0.0,0.6594175696372986,0.2149644327920322,0.0036169067018454446,1.1642953722912353e-05
17522688,3917.463474699005,0.016782007122192567,0.21676026284694672,,,,,,,,0.0078125,0.6593124270439148,0.21487655944086498,0.006165029619319028,2.846608367690351e-05
17530880,3918.4118932730053,0.02059774744357197,0.2572998106479645,,,,,,,,0.0,0.6595954895019531,0.21511670138483888,0.006408382285239468,3.194059900124557e-05
17539072,3919.388498685992,0.014256939489818621,0.18854980170726776,,,,,,,,0.0,0.6593744158744812,0.2149150337269068,0.006423923981390533,1.580304160597734e-05
17547264,3920.177493727999,0.018734440241560374,0.23786620795726776,,,,,,,,0.0078125,0.6594369411468506,0.2148796284227513,0.008344305914783141,3.4401946322759613e-05
17555456,3920.931275651994,0.012682499685806753,0.17770996689796448,,,,,,,,0.0,0.6595646739006042,0.21501045247114256,0.005147813226885164,1.1092362001363654e-05
17563648,3921.7183123569994,0.017202204491749723,0.22095946967601776,0.0021065828876983828,0.21949211000923124,0.21507503288165952,333,219.61407905385397,46.95,nan,0.0078125,0.6592564582824707,0.21485041369260896,0.008151108765381282,3.33764728566166e-05
17571840,3922.936330522003,0.014506356979976565,0.19434814155101776,,,,,,,,0.0,0.6596956849098206,0.21514002133847696,0.0052483516232185974,7.598785487061832e-06
17580032,3924.029303171992,0.013046668811736134,0.17897950112819672,,,,,,,,0.0,0.6594540476799011,0.21488262629861485,0.005583251342947241,2.0476762074395083e-05
17588224,3925.2182240109832,0.019446147275645587,0.24514161050319672,,,,,,,,0.0078125,0.659420907497406,0.21483461960599654,0.007157905470989862,7.34967106836848e-05
17596416,3926.245543883997,0.01663422256769729,0.22075195610523224,,,,,,,,0.0,0.6595755815505981,0.21509125136241747,0.007857942204102426,3.2004481909098104e-05
17604608,3927.33533188398,0.017701205466111255,0.22271728515625,,,,,,,,0.0078125,0.659324586391449,0.21488816257397966,0.0076181478689798495,6.96865827194415e-05
17612800,3928.319322528987,0.014546011982571173,0.19167481362819672,,,,,,,,0.0,0.6596500277519226,0.2151698015249511,0.005744234711487437,7.695091881032567e-06
17620992,3929.290728288004,0.012264766021870158,0.16594238579273224,,,,,,,,0.0,0.6595624089241028,0.21503240790363365,0.0044281885955704805,1.4876116438244935e-05
17629184,3930.297109916981,0.01763622938362251,0.21601562201976776,0.0020714262562783192,0.21943041596451773,0.21512123620587764,333,219.60861873551752,47.25,nan,0.0078125,0.6593359112739563,0.2149838328666625,0.008098181620528494,0.00014369368727784604
17637376,3931.9960966329963,0.01274623897966491,0.17453613877296448,,,,,,,,0.0,0.6595828533172607,0.21506835049327103,0.00204845927641732,3.977056985604577e-05
17645568,3932.987471862987,0.012862375227673938,0.18199463188648224,,,,,,,,0.0,0.6593286395072937,0.2148698917889566,0.006447523262612486,9.323721315013245e-05
17653760,3934.185430649988,0.019100525991355928,0.23438720405101776,,,,,,,,0.0078125,0.6595293283462524,0.2149042421167453,0.00617702953364834,0.0001461359061067924
17661952,3935.3032659589953,0.014657841690916157,0.19462890923023224,,,,,,,,0.0,0.6595912575721741,0.21505590232127586,0.005012983262222388,9.483456778980326e-06
17670144,3936.331013463001,0.016777389464015087,0.21430663764476776,,,,,,,,0.0078125,0.6592932343482971,0.21492529795638524,0.00674423501028049,0.0003891287778969854
17678336,3937.2894830970035,0.015520239678211326,0.21165771782398224,,,,,,,,0.0,0.6596289873123169,0.21509284537877787,0.005716615351808368,2.727529499679804e-05
17686528,3938.395186787995,0.01681664080405605,0.21583251655101776,,,,,,,,0.0,0.6594354510307312,0.2149379292975818,0.008050773955909347,1.8220074707642198e-05
17694720,3939.429413543985,0.015456119836457078,0.20457763969898224,0.0020059921008598325,0.22112148873189166,0.21507261724484034,333,219.60991091581212,46.95,nan,0.0078125,0.6594580411911011,0.21493279063905518,0.005958414245244542,3.4923221392091364e-05
17702912,3940.9516712210025,0.013994146424138583,0.18419189751148224,,,,,,,,0.0,0.6595810651779175,0.21509486109756595,0.004726192766177678,1.4761931197426748e-05
17711104,3941.720827938989,0.01853274769406332,0.23472900688648224,,,,,,,,0.0078125,0.6593369841575623,0.21493533241854004,0.00831285221802457,0.00021263961389195174
17719296,3942.50523160398,0.014905645797481307,0.19443359971046448,,,,,,,,0.0,0.6596291661262512,0.21517720543312824,0.006271158507708674,9.752241567184683e-06
17727488,3943.262000427989,0.01575356915657531,0.21207275986671448,,,,,,,,0.0,0.6595624685287476,0.2149262473191032,0.00798900286457027,1.641216476855334e-05
17735680,3944.0310524170054,0.01789506735634205,0.21242676675319672,,,,,,,,0.0078125,0.6593635082244873,0.2147861863025875,0.00847324325092482,7.079431088641286e-05
17743872,3945.0256733119895,0.01514798273084627,0.20242920517921448,,,,,,,,0.0,0.6596786975860596,0.21514312832483057,0.00601433768346647,6.11080031376332e-05
17752064,3946.086120061984,0.01520241189400263,0.19898681342601776,,,,,,,,0.0,0.6594026684761047,0.21494807066516813,0.005842181270126258,2.4821854822221212e-05
17760256,3947.290345831978,0.020709360127918564,0.2548461854457855,0.0017546012550245793,0.2191328836638704,0.21501656668624966,333,219.60218161899485,49.650000000000006,nan,0.0078125,0.6595461368560791,0.21500482397231707,0.006527898876971228,3.6408200685400516e-05
17768448,3948.835097764997,0.011825717191620694,0.16269531846046448,,,,,,,,0.0,0.6595833897590637,0.2150162042809384,0.004401282846246741,2.4757511710049585e-05
17776640,3949.784507646982,0.01488611913680987,0.19538573920726776,,,,,,,,0.0078125,0.6593265533447266,0.21463936701014147,0.007260937250428839,0.00040545081719756126
17784832,3950.7715772869997,0.014962235581849372,0.20223389565944672,,,,,,,,0.0,0.6596295833587646,0.21508267619495727,0.006793464059743554,7.577321412099991e-06
17793024,3951.7973215439997,0.012894788703847132,0.17769776284694672,,,,,,,,0.0,0.6594343185424805,0.21495793390877194,0.005652683615957832,1.3264664630696643e-05
17801216,3952.79336891399,0.017298885450574328,0.22476807236671448,,,,,,,,0.0078125,0.6594328880310059,0.21482493173599929,0.005491484375897401,3.303309858893044e-05
17809408,3953.821533474984,0.014644627366221236,0.19930420815944672,,,,,,,,0.0,0.6596099138259888,0.21513182571039713,0.005525915506690165,1.935787804541178e-05
17817600,3954.8521234789805,0.014913070846626665,0.19431152939796448,,,,,,,,0.0078125,0.6592872142791748,0.21490593781845013,0.0059798691750894365,0.00016711432544980198
17825792,3956.0839733199973,0.01324771726152364,0.17770996689796448,0.0022112383870735997,0.2216059227878698,0.21522242478139222,333,219.60093282954443,46.050000000000004,nan,0.0,0.6596214771270752,0.21518510574825397,0.005301976111601939,8.08402728580404e-06
17833984,3957.7232834299793,0.012987098531350702,0.17756347358226776,,,,,,,,0.0,0.6595190167427063,0.21502973858183413,0.00546557348871343,0.00012098475417587906
17842176,3958.7789904380043,0.015137827555110324,0.19879150390625,,,,,,,,0.0078125,0.6593104004859924,0.21491183325976954,0.007050283444675776,2.976003997900989e-05
17850368,3959.8727545169822,0.015045363809631238,0.20493164658546448,,,,,,,,0.0,0.6596398949623108,0.21506978339437838,0.008757531703774942,8.741963029024191e-06
17858560,3960.9245841069787,0.015524228185497368,0.21146240830421448,,,,,,,,0.0,0.6592714190483093,0.21493907352792002,0.007440036248000908,2.6459840228199027e-05
17866752,3961.993106462003,0.01977843578418915,0.23520508408546448,,,,,,,,0.0078125,0.6595381498336792,0.21496993774482473,0.007576194075129761,2.0203448002575897e-05
17874944,3963.0264932829887,0.014385111498889817,0.19467774033546448,,,,,,,,0.0,0.659558892250061,0.21489913602089,0.0032973178280111025,2.088965629809536e-05
17883136,3963.8185086319863,0.017058216844117124,0.21788330376148224,,,,,,,,0.0078125,0.6593390703201294,0.21470083697584835,0.007048595196272524,0.00032725557684898376
17891328,3964.5903825399873,0.012343718189919313,0.17015381157398224,0.0030750974395860053,0.2213802565090138,0.21519163009364575,333,219.5864668751833,49.35,nan,0.0,0.6596656441688538,0.21523296397884714,0.005218283438006679,1.0153473340324126e-05
17899520,3965.7614696259843,0.012003061363798867,0.16650390625,,,,,,,,0.0,0.6595080494880676,0.21504357527909498,0.0055603115009329376,1.2208661246404517e-05
17907712,3966.553913812997,0.016349527558931484,0.21494141221046448,,,,,,,,0.0078125,0.6593949794769287,0.21495516532244047,0.006783568235205076,3.3053798688342795e-05
17915904,3967.4727153870044,0.012493367458337071,0.17509765923023224,,,,,,,,0.0,0.6595593690872192,0.21497846637652027,0.006041921971091214,1.0170765563088935e-05
17924096,3968.6181396860047,0.018500624284200264,0.22987060248851776,,,,,,,,0.0078125,0.6591385006904602,0.21492182990371939,0.006690276616501384,3.92906840716023e-05
17932288,3969.807259074005,0.015587830513971796,0.20515136420726776,,,,,,,,0.0,0.6596032381057739,0.2150671238193716,0.00842899533927435,1.174464250652818e-05
17940480,3970.8984142339905,0.015642904783234185,0.20225830376148224,,,,,,,,0.0,0.6594595909118652,0.2149763950399667,0.006948565316044904,2.8350657885312103e-05
17948672,3971.9587772270024,0.01934466291847916,0.23790283501148224,,,,,,,,0.0078125,0.659318208694458,0.2148934295254493,0.009077809862125946,5.2788524044444785e-05
17956864,3973.0642526629963,0.014667382105244606,0.19943848252296448,0.0023663417560109146,0.21727419736436898,0.2151051323834594,333,219.5784366676541,48.45,nan,0.0,0.6596626043319702,0.21511363409535833,0.0070297361758149745,5.0142782129114494e-05
17965056,3974.6015591179894,0.013454676770585879,0.18332520127296448,,,,,,,,0.0,0.6593546271324158,0.21489340017618255,0.005802274940218618,2.2642254407401197e-05
17973248,3975.5467259239813,0.020660359672909273,0.25103759765625,,,,,,,,0.0078125,0.6594944596290588,0.21481252618917632,0.00888586183489761,3.4464024793123826e-05
17981440,3976.609672858991,0.012673190719702368,0.17398682236671448,,,,,,,,0.0,0.6594834327697754,0.21503900242508825,0.0030097660103498855,1.16147120934329e-05
17989632,3977.6790530979924,0.018228778739690515,0.22076416015625,,,,,,,,0.0078125,0.6592333316802979,0.21484030567292084,0.00848909879390399,0.0002155407128157094
17997824,3978.8135101909866,0.01549415158416774,0.20804443955421448,,,,,,,,0.0,0.6596014499664307,0.21511657933885683,0.008100996584539942,7.970311344251968e-06
18006016,3979.9153638459975,0.010533830052273997,0.14475098252296448,,,,,,,,0.0,0.6594176888465881,0.2149736323694984,0.004173040692566588,1.525190509710228e-05
18014208,3980.9826477390015,0.01983183461261342,0.24516601860523224,,,,,,,,0.0078125,0.6593239903450012,0.2147161053094854,0.009414457000689283,3.4955792216351256e-05
18022400,3982.06225027499,0.014204444243958704,0.19349364936351776,0.0015292370772611585,0.22048059030523395,0.21503098328165646,333,219.58801304241027,49.650000000000006,nan,0.0,0.6595767736434937,0.21509324490591228,0.006373645976831039,3.3782474929466844e-05
18030592,3983.607229813002,0.014695742973628224,0.19252930581569672,,,,,,,,0.0078125,0.659187912940979,0.2148953763744268,0.005765127539004465,3.655604814412072e-05
18038784,3984.623579048988,0.016506922787795735,0.21440429985523224,,,,,,,,0.0,0.6596255302429199,0.21515102189599883,0.008705240642115536,4.3251744500594214e-05
18046976,3985.3970407939923,0.012262799821872115,0.16618652641773224,,,,,,,,0.0,0.6594352722167969,0.2150160442812607,0.00494934011678478,1.2508494364737999e-05
18055168,3986.1681539679994,0.017681176686224365,0.21798096597194672,,,,,,,,0.0078125,0.6593173146247864,0.21491883362083625,0.008386896844895648,0.00027298773056827486
18063360,3986.950531762006,0.01418632660539081,0.19371338188648224,,,,,,,,0.0,0.6596322655677795,0.21515246706765417,0.006345995959017567,7.306617135327542e-06
18071552,3987.7318937100063,0.013937137160194686,0.1832275390625,,,,,,,,0.0,0.6593840718269348,0.21490954187837058,0.004797736404016083,2.9109249226166867e-05
18079744,3988.6488928409817,0.018365138510687606,0.23172608017921448,,,,,,,,0.0078125,0.659479022026062,0.21486199338017226,0.008502205565641761,2.0170986317680217e-05
18087936,3989.7523444679973,0.014825020881834884,0.20413818955421448,0.0015323119431444043,0.2208452640310908,0.21504549043862578,333,219.5843598742065,49.650000000000006,nan,0.0,0.6594887971878052,0.21500391723060272,0.00737683919303256,1.1292504495941103e-05
18096128,3991.496798598004,0.016528155792051902,0.2099609375,,,,,,,,0.0078125,0.6592270135879517,0.21487332522065228,0.008959648775335297,3.6946952604921535e-05
18104320,3992.591950945003,0.015550610033418689,0.20960693061351776,,,,,,,,0.0,0.6596637964248657,0.21513160612853768,0.007144760580665501,6.840505648142425e-06
18112512,3993.6996262109897,0.01330607673788546,0.18411865830421448,,,,,,,,0.0,0.6594969034194946,0.214972590093956,0.006959582224887318,2.320638122910168e-05
18120704,3994.7024494519865,0.01721498758870452,0.22332763671875,,,,,,,,0.0078125,0.6594051718711853,0.2149648177678652,0.0061945204159764775,3.1023137125885114e-05
18128896,3995.685548090987,0.012594483659961754,0.17196045815944672,,,,,,,,0.0,0.659631073474884,0.21510092587167465,0.003492872161524606,1.4754802577954251e-05
18137088,3996.6523209089937,0.01707102457683039,0.20942382514476776,,,,,,,,0.0078125,0.6592161655426025,0.21479665638170736,0.007709254523685708,0.00024290350847877562
18145280,3997.709090368997,0.01587465057357602,0.20986329019069672,,,,,,,,0.0,0.6596550941467285,0.21513597273954993,0.00757191108473728,1.0189334716415033e-05
18153472,3998.7219060719945,0.012859886833802542,0.17957763373851776,0.0015284296949598097,0.2165086080292283,0.21501173531415801,333,219.58432278007126,49.2,nan,0.0,0.6594249606132507,0.2149742363409534,0.004996134864684608,1.7516051229904406e-05
18161664,4000.337702547986,0.017934239047520957,0.22175292670726776,,,,,,,,0.0078125,0.6592947840690613,0.21488558004952005,0.007416952010022068,7.136952626751736e-05
18169856,4001.311661615997,0.015299827755271448,0.20574951171875,,,,,,,,0.0,0.6596118807792664,0.21506083392043068,0.007923748529874333,6.982262220844859e-06
18178048,4002.29653742598,0.014436450350060727,0.19477538764476776,,,,,,,,0.0,0.6593599915504456,0.21492779646646665,0.005916629650116921,0.00014248338993638754
18186240,4003.48953120198,0.0178538644909897,0.22630615532398224,,,,,,,,0.0078125,0.6594595909118652,0.21503916745173188,0.0066034513602766355,3.94516609958373e-05
18194432,4004.6804064189782,0.012647518019504778,0.17060546576976776,,,,,,,,0.0,0.6595218181610107,0.2150727988792608,0.004387803773031391,2.1686333639081568e-05
18202624,4005.7137447839777,0.019056192078520256,0.23878173530101776,,,,,,,,0.0078125,0.6591750383377075,0.21486030667966943,0.00814470895545973,4.873642683378421e-05
18210816,4006.512861791998,0.015710426055849238,0.20695801079273224,,,,,,,,0.0,0.6595714092254639,0.21509140026612905,0.006460513195097651,3.9957121771294624e-05
18219008,4007.2939095860056,0.013563328829812253,0.18319092690944672,0.0018575249182922748,0.21986214621538855,0.21497147327345273,333,219.5741438509989,49.650000000000006,nan,0.0,0.6593325138092041,0.21492656126987125,0.0038303100326615063,1.856971903180238e-05
18227200,4008.4840740869986,0.019554866177017873,0.24545899033546448,,,,,,,,0.0078125,0.659308135509491,0.21489773023385345,0.008949295438724856,3.9705490053165704e-05
18235392,4009.262877745001,0.015218354557978384,0.20098876953125,,,,,,,,0.0,0.6595433950424194,0.21507859777053526,0.006977808156548068,1.0614933671604376e-05
18243584,4010.2237129799905,0.015641150666530875,0.20014648139476776,,,,,,,,0.0078125,0.6591379046440125,0.21472065735146723,0.007089064600964499,0.0003484497428871691
18251776,4011.2417271099985,0.01358134316606764,0.18256835639476776,,,,,,,,0.0,0.6596652269363403,0.2151880830918745,0.005918262039302652,1.391032765241107e-05
18259968,4012.2058004319842,0.01444523870325194,0.19379882514476776,,,,,,,,0.0,0.6594762802124023,0.2150157844161184,0.006253126991768366,1.0518563613004517e-05
18268160,4013.157082144986,0.017932875947105766,0.23004150390625,,,,,,,,0.0078125,0.6592954397201538,0.21492099442049564,0.004993727156807778,4.5206386857898906e-05
18276352,4014.149617605988,0.012641856876064833,0.17269288003444672,,,,,,,,0.0,0.6595286130905151,0.2150983418240972,0.004808903295155978,4.64029326394666e-05
18284544,4015.194133523997,0.013433063672231196,0.17978516221046448,0.001451388529214448,0.2194060320304238,0.21507517594601358,333,219.58233237150998,45.0,nan,0.0,0.6592769622802734,0.21495303946613312,0.005204283392075687,1.4715714314661454e-05
18292736,4016.7779493159906,0.01571054557044676,0.19781494140625,,,,,,,,0.0078125,0.6594520807266235,0.2148748912294655,0.006664124824861413,4.3211675802012905e-05
18300928,4017.7778665660007,0.013894419163108003,0.19316406548023224,,,,,,,,0.0,0.659582793712616,0.21504697833729874,0.005780344950166181,9.255897566617932e-06
18309120,4018.8116837120033,0.018139048443441653,0.23016357421875,,,,,,,,0.0078125,0.6592027544975281,0.21492397461524315,0.00701361877512401,0.0006920461892150342
18317312,4019.795579605998,0.013067099136887146,0.18100586533546448,,,,,,,,0.0,0.6596131920814514,0.21514227866352287,0.00607405222546225,9.021932783070952e-06
18325504,4020.786601445987,0.01312653884316854,0.18447266519069672,,,,,,,,0.0,0.6593451499938965,0.21500406230096414,0.005653621143724937,1.244260693056276e-05
18333696,4021.701510513987,0.017200768844486108,0.21359863877296448,,,,,,,,0.0078125,0.6593572497367859,0.214969133414322,0.008427155755650539,2.1858277250430547e-05
18341888,4022.656479594996,0.015346556053901185,0.20135498046875,,,,,,,,0.0,0.6595262885093689,0.21502331406542194,0.006556204176883918,8.387868547288235e-06
18350080,4023.6642868449853,0.018385265647759715,0.21826171875,0.001684301879618988,0.21813344572791835,0.21513208620615284,333,219.58767768817535,41.1,nan,0.0078125,0.659197211265564,0.21483989668866682,0.008470069848878433,0.0003048533690162003
18358272,4025.1541185090027,0.01369875231026384,0.18697510659694672,,,,,,,,0.0,0.6595820784568787,0.21508112027289267,0.003767412030645969,9.248396054317709e-06
18366464,4026.2246196600026,0.011201817463759237,0.15729980170726776,,,,,,,,0.0,0.6594581007957458,0.21493103695841947,0.004841721451434099,1.0303701856173575e-05
18374656,4027.2920207119896,0.019849227340894723,0.23439942300319672,,,,,,,,0.0078125,0.659293532371521,0.2149077788155393,0.006505720063406168,3.0032306312932633e-05
18382848,4028.184392708994,0.016446881717851563,0.21865235269069672,,,,,,,,0.0,0.659564733505249,0.21510955098058662,0.006923678298265203,1.93647629203042e-05
18391040,4028.9493810870044,0.013009220040134776,0.18034668266773224,,,,,,,,0.0,0.6593493819236755,0.21497412280327724,0.003415415645958378,1.5497671483899467e-05
18399232,4029.774511267984,0.016936788956809303,0.21365967392921448,,,,,,,,0.0078125,0.6594507694244385,0.2149116197597866,0.007189734960572483,1.9939348931075074e-05
18407424,4030.559197105991,0.014890901587641793,0.20004883408546448,,,,,,,,0.0,0.6595562696456909,0.21498439247388013,0.006663808585025303,1.3906765161664225e-05
18415616,4031.456901921978,0.016492427597795557,0.20540772378444672,0.0012892477205048714,0.21724603648298033,0.2151473462326734,333,219.59143445880287,39.900000000000006,nan,0.0078125,0.6592171788215637,0.21487790821588965,0.009700345364881105,6.799345283070579e-05
18423808,4033.126341722993,0.017311596336295015,0.23005370795726776,,,,,,,,0.0,0.6596306562423706,0.21503582255546108,0.006759422514751332,9.738914377521724e-05
18432000,4034.238024083985,0.013283086228651035,0.1817626953125,,,,,,,,0.0,0.6594055891036987,0.21499668309438716,0.0038412085369083204,1.4273866327130236e-05
18440192,4035.2890453139844,0.01945899284696516,0.24331055581569672,,,,,,,,0.0078125,0.6594061255455017,0.21494217092860607,0.0065696072477563795,0.00011811971489805728
18448384,4036.2271375790006,0.013493658978337276,0.18426513671875,,,,,,,,0.0,0.6595488786697388,0.21513790035989033,0.0056543611723908725,0.0012384895235300064
18456576,4037.1411612899974,0.0146916432566602,0.19697265326976776,,,,,,,,0.0078125,0.6592715978622437,0.21497038545402333,0.006950739066751058,5.224153937888332e-05
18464768,4038.2084997069906,0.019152224804096958,0.24763183295726776,,,,,,,,0.0,0.659549355506897,0.2152060514747393,0.01098446299334375,1.7893000404001214e-05
18472960,4039.271209227998,0.011551436434210466,0.15789794921875,,,,,,,,0.0,0.6594893932342529,0.21504400495855278,0.0033871793875419696,9.865659194474574e-06
18481152,4040.356995256996,0.015406914654122562,0.19975586235523224,0.001692969023161739,0.2209502742686181,0.21513994139297998,333,219.59518382695447,43.800000000000004,nan,0.0078125,0.6592960357666016,0.21495851148119285,0.007118079915391537,4.738406278192997e-05
18489344,4042.059925000998,0.02541191540193153,0.29344484210014343,,,,,,,,0.0,0.6595911383628845,0.2151253754584911,0.008732438423210722,5.224736742093228e-05
18497536,4043.150970746996,0.014854703216723409,0.19941405951976776,,,,,,,,0.0,0.659393846988678,0.2149986951709107,0.005163771039765473,1.676642023085151e-05
18505728,4044.2645457449835,0.01768517346604878,0.2249755859375,,,,,,,,0.0078125,0.6594751477241516,0.21500098596692302,0.008779430306631794,3.3923424780368805e-05
18513920,4045.275388182985,0.013866688087783042,0.19406738877296448,,,,,,,,0.0,0.659548819065094,0.21499278236758426,0.0042149540803588185,9.638572919357102e-06
18522112,4046.2333806309907,0.016643067513934653,0.21380615234375,,,,,,,,0.0078125,0.6592416763305664,0.21491681026394294,0.0074675697974676035,9.028423664858565e-05
18530304,4047.2951415209973,0.013749942618603739,0.187744140625,,,,,,,,0.0,0.6595876216888428,0.21513238727718567,0.0044633286468997784,1.0485496204637457e-05
18538496,4048.3725922199956,0.015459000552556584,0.20721435546875,,,,,,,,0.0,0.6593545079231262,0.21496746229892422,0.0045420939274497365,1.3999657312524505e-05
18546688,4049.2224088039948,0.015808430694249163,0.20144043862819672,0.0011650369155838947,0.22097245865311127,0.21507144882159773,333,219.59547362599946,48.0,nan,0.0078125,0.6593815684318542,0.214944610351832,0.004475905071723226,3.214177195332013e-05
18554880,4050.419543046999,0.014119288387637095,0.18962402641773224,,,,,,,,0.0,0.6595613360404968,0.2151291371472031,0.005624612059357616,0.00026490623713470995
18563072,4051.2048652459926,0.013047438613136604,0.17692871391773224,,,,,,,,0.0078125,0.6593469381332397,0.21493923147009383,0.005832678337610569,0.001147356117144227
18571264,4052.019034500001,0.018591508725233307,0.24040527641773224,,,,,,,,0.0,0.6595115065574646,0.2151219077919539,0.00918872955487632,3.0222412533476017e-05
18579456,4053.010702589003,0.013895340114075078,0.18804931640625,,,,,,,,0.0,0.6594852805137634,0.21501607801999517,0.004128783796998685,1.2661665095947683e-05
18587648,4054.1233656079858,0.016263593365726057,0.20219726860523224,,,,,,,,0.0078125,0.659245491027832,0.2149411955755705,0.007112617389752312,3.450847361818887e-05
18595840,4055.2875964939885,0.020573784254256308,0.2626586854457855,,,,,,,,0.0,0.6595372557640076,0.215098367057282,0.005169860973339622,5.995039828121662e-05
18604032,4056.2439122840005,0.014606285234706879,0.19915771484375,,,,,,,,0.0,0.659338116645813,0.21496439162237552,0.006980889813255492,1.8147342416341417e-05
18612224,4057.2072418369935,0.018669537175079073,0.23116455972194672,0.0020246624733287755,0.21652758558174204,0.2151395748802329,333,219.60140403433672,49.2,nan,0.0078125,0.6594088077545166,0.21491579359441784,0.007414878068007014,7.475179882021621e-05
18620416,4058.812883938983,0.015082970960419545,0.19742432236671448,,,,,,,,0.0,0.65951007604599,0.21500703953763245,0.006176544011306885,1.3030626178078819e-05
18628608,4059.8569101189787,0.01921001231007483,0.23681640625,,,,,,,,0.0078125,0.6592769622802734,0.2149069946817003,0.009628450423880903,3.576512244762853e-05
18636800,4060.931744325004,0.019486248638998435,0.24558106064796448,,,,,,,,0.0,0.6596163511276245,0.21514733808170844,0.009501277447629117,1.9739874915103428e-05
18644992,4061.9535606709833,0.013289676211665689,0.17885743081569672,,,,,,,,0.0,0.6594600081443787,0.21499074776838634,0.0048291163905329225,3.785886292462237e-05
18653184,4062.997406576993,0.019646579395441656,0.25238037109375,,,,,,,,0.0078125,0.6593740582466125,0.21481577615737346,0.006273905958686848,0.00012092315591871738
18661376,4064.0172187259886,0.014138816144826621,0.19562987983226776,,,,,,,,0.0,0.6595278978347778,0.2150750034474036,0.00231950205457559,2.22386352106696e-05
18669568,4064.9990148009965,0.015940749504756154,0.21340332925319672,,,,,,,,0.0078125,0.6592327952384949,0.21482255927798694,0.005425786751147338,0.00023226691700983793
18677760,4066.0530766159936,0.018899157860477234,0.24379883706569672,0.002200145714641666,0.21769072357835043,0.21504198353754272,333,219.59433115609437,48.45,nan,0.0,0.6595209240913391,0.21519882771048748,0.006573822229005277,2.8280055630602874e-05
18685952,4067.6002149939886,0.01364682549196205,0.18199463188648224,,,,,,,,0.0,0.6595260500907898,0.21505928753006037,0.00589988179062052,9.402384421264287e-06
18694144,4068.6210643230006,0.02042664225230404,0.2471923828125,,,,,,,,0.0078125,0.6592695713043213,0.2149173732342486,0.006086166552589822,0.00028312476933933794
18702336,4069.640365119005,0.013298322538653234,0.184814453125,,,,,,,,0.0,0.6596364378929138,0.21511489353650348,0.007356975730965391,6.984337233006954e-06
18710528,4070.6192398369894,0.013368406542034902,0.18302002549171448,,,,,,,,0.0,0.6593093276023865,0.2149492712562744,0.005914943621569649,1.4283024938777089e-05
18718720,4071.4261402279953,0.01840075615815897,0.227783203125,,,,,,,,0.0078125,0.6594710946083069,0.21496468571521032,0.007393479638601999,3.217608900740743e-05
18726912,4072.2134804379893,0.01458973573282315,0.19300536811351776,,,,,,,,0.0,0.6595418453216553,0.21499448629420814,0.007329770933068858,1.1311966773064341e-05
18735104,4073.021460027987,0.01858147062903765,0.23380127549171448,,,,,,,,0.0078125,0.6592902541160583,0.21494231053252402,0.009145802573736608,0.0010930148418992758
18743296,4073.8661856059916,0.018488900295181927,0.24509277939796448,0.0012651338291697067,0.22137312614947927,0.21508596975047073,333,219.58355598463558,44.550000000000004,nan,0.0,0.6596347093582153,0.21521422464675397,0.008740350793564559,0.0014273709384724498
18751488,4075.432402787992,0.014096668938028085,0.19405518472194672,,,,,,,,0.0,0.6595208644866943,0.21493119471795255,0.0068474372274898755,2.0754245269927196e-05
18759680,4076.4093986179796,0.016774645235482655,0.22575683891773224,,,,,,,,0.0078125,0.6593133211135864,0.21483322595000726,0.00679736378256913,0.000782615679781884
18767872,4077.46558905,0.013331986898710558,0.18323974311351776,,,,,,,,0.0,0.6595859527587891,0.2151140568811433,0.007104047240527076,1.1521694432303775e-05
18776064,4078.6239994979987,0.015363105886495039,0.20279541611671448,,,,,,,,0.0078125,0.659160852432251,0.21485610475735678,0.006657702389579176,0.0034483105409890413
18784256,4079.7268818930024,0.01581278742642771,0.20317383110523224,,,,,,,,0.0,0.659551739692688,0.21515655377391182,0.006587032165594576,9.371654414280783e-06
18792448,4080.7083153860003,0.012966961059340794,0.17536620795726776,,,,,,,,0.0,0.6594265103340149,0.21502800822897253,0.004351695950279111,1.0581604328763206e-05
18800640,4081.7079452119942,0.014461095305566602,0.19211426377296448,,,,,,,,0.0078125,0.6592166423797607,0.21492159694214624,0.0076507264993151474,0.00021176098380237818
18808832,4082.6985761079995,0.012200104378812542,0.1676025390625,0.0011182049462350463,0.21681219389781306,0.21516315067175645,333,219.58578625324787,46.800000000000004,nan,0.0,0.6596566438674927,0.2150803070633706,0.005833285576537341,8.79432809597347e-06
18817024,4084.301798314991,0.015265245231185762,0.20244140923023224,,,,,,,,0.0,0.6594095230102539,0.21497590937551334,0.008768438664882042,0.0002557911502663046
18825216,4085.2873192539846,0.019589140241329114,0.24285888671875,,,,,,,,0.0078125,0.6595064401626587,0.21489664686673132,0.008600715222811443,3.285610000602901e-05
18833408,4086.3034747399797,0.013144807792650929,0.18479004502296448,,,,,,,,0.0,0.6596193909645081,0.21506879952523267,0.005658880029923036,3.3704429370118305e-05
18841600,4087.422146545985,0.014515862050866116,0.18996582925319672,,,,,,,,0.0078125,0.6593422293663025,0.2149207372348346,0.008748851038596501,7.26979342289269e-05
18849792,4088.5152855619963,0.013479227543903339,0.18743896484375,,,,,,,,0.0,0.6596052646636963,0.2151643677510599,0.004902646576150055,1.2762892765749712e-05
18857984,4089.5810440899804,0.013361652578085179,0.18382568657398224,,,,,,,,0.0,0.6594715714454651,0.21498086617464582,0.0061592772252181335,0.00028228730661794543
18866176,4090.6603018919996,0.019970268707149706,0.24846191704273224,,,,,,,,0.0078125,0.6593133807182312,0.21491872219727637,0.008067595672509682,5.631726162391715e-05
18874368,4091.640181545983,0.015225652065560256,0.20112304389476776,0.0025314953097556048,0.21912646143077893,0.21507014253464035,333,219.57761654742183,47.25,nan,0.0,0.6596560478210449,0.2150473283414082,0.005440696235678245,9.461084118811414e-06
18882560,4093.0958531979995,0.017262232782839466,0.22152100503444672,,,,,,,,0.0078125,0.6592679619789124,0.214885256919568,0.009634664441974443,5.031975524616428e-05
18890752,4093.8846279610007,0.017171995865780346,0.21176758408546448,,,,,,,,0.0,0.6595757603645325,0.2151560792628818,0.00903671622424131,1.3833670891472138e-05
18898944,4094.6303149719897,0.013811778840680812,0.18990479409694672,,,,,,,,0.0,0.6594275236129761,0.21498832130907278,0.004535022206200035,2.7816795409307815e-05
18907136,4095.406254294998,0.01794688553745229,0.2293701171875,,,,,,,,0.0078125,0.6592351198196411,0.2149230449677654,0.008990374030134186,6.911303353263065e-05
18915328,4096.299832008983,0.01341915918720254,0.18746338784694672,,,,,,,,0.0,0.6596472859382629,0.21519200341867112,0.00518409806178469,8.216634341806639e-06
18923520,4097.290755483991,0.013511972666951722,0.1824951171875,,,,,,,,0.0,0.6594491004943848,0.21497341193507133,0.006036573991587141,4.902599539491348e-05
18931712,4098.274446213996,0.01615465265277743,0.19813232123851776,,,,,,,,0.0078125,0.659475564956665,0.21492883471519372,0.0058770547029819795,6.524592026835307e-05
18939904,4099.337910846982,0.01265402950744171,0.17255859076976776,0.001696973657094314,0.22192721184344094,0.21511377332593482,333,219.5806141632014,41.1,nan,0.0,0.6595960259437561,0.21503131274769474,0.005866910335587394,1.778533260221593e-05
18948096,4100.943251144985,0.0152416629793121,0.19927978515625,,,,,,,,0.0078125,0.6592839956283569,0.2148802270511784,0.00826056060267256,0.00010683936125133187
18956288,4102.128595891991,0.015249633807601632,0.20576171576976776,,,,,,,,0.0,0.6596583127975464,0.21515954004624355,0.00715080484668424,1.0770861081255134e-05
18964480,4103.2035615310015,0.013119513414133989,0.179931640625,,,,,,,,0.0,0.659508466720581,0.21501106336137998,0.0049342948099373105,1.607653575774748e-05
18972672,4104.273857488995,0.015939537941554418,0.20711670815944672,,,,,,,,0.0078125,0.6593272089958191,0.21494656822821612,0.006746247838330973,0.00012985162902623415
18980864,4105.260929572978,0.012077187244936378,0.17142334580421448,,,,,,,,0.0,0.6596026420593262,0.21508460569646765,0.005416121904762407,0.0009336468647234142
18989056,4106.282106347004,0.014872584542453255,0.20186768472194672,,,,,,,,0.0078125,0.6591876745223999,0.21490953704049526,0.006108707971921018,4.808665835298598e-05
18997248,4107.237237235997,0.017449612481771997,0.21729736030101776,,,,,,,,0.0,0.65964275598526,0.21511281152997327,0.007542376112687397,1.0869087418541312e-05
19005440,4108.235196239984,0.01253380469640335,0.17458496987819672,0.0014689268271850242,0.21645929779866385,0.21501923949004936,333,219.58623546371786,49.2,nan,0.0,0.659513533115387,0.21507952836252947,0.0046586751974095645,9.48413071455434e-06
19013632,4110.033396975981,0.017843576511001,0.22185058891773224,,,,,,,,0.0078125,0.6593396067619324,0.21489062444919793,0.0076490040857290185,3.808924157056026e-05
19021824,4111.252058946993,0.015818107576208353,0.20889893174171448,,,,,,,,0.0,0.6595946550369263,0.2151241427192742,0.006609189167660984,7.857796845200937e-06
19030016,4112.231685801991,0.014043769766642518,0.19161377847194672,,,,,,,,0.0,0.6594146490097046,0.2148801204738598,0.004572782687696998,0.00014839878713246435
19038208,4113.347686082998,0.017301697888927287,0.21711425483226776,,,,,,,,0.0078125,0.6594470143318176,0.21483217232443885,0.0060992893694189945,3.202227526344359e-05
19046400,4114.375975011004,0.013913166067875335,0.18876953423023224,,,,,,,,0.0,0.6596212983131409,0.21507812167979456,0.005486032576953024,1.5775505744386464e-05
19054592,4115.290234766988,0.015435130293828132,0.20089112222194672,,,,,,,,0.0078125,0.6592504382133484,0.21488696393711587,0.007230532360965297,5.838460856466554e-05
19062784,4116.081318465003,0.014125634849660876,0.190673828125,,,,,,,,0.0,0.6595823168754578,0.2150312948858844,0.007716700942243452,7.709785677434411e-06
19070976,4116.816067926993,0.012235247068334324,0.17025147378444672,0.0014403653267544003,0.21933620787659974,0.21508769892320506,333,219.5984758644984,45.0,nan,0.0,0.659370481967926,0.2150194241328308,0.004752709533025848,1.3514231795852538e-05
19079168,4118.071761962987,0.023671500828206044,0.2708740234375,,,,,,,,0.0078125,0.6593337655067444,0.21488899905599673,0.011720855519616803,3.448831557761878e-05
19087360,4118.97944503199,0.016653842858318873,0.22301025688648224,,,,,,,,0.0,0.6596524715423584,0.2150473290553047,0.006869093478493954,0.00018969157827086747
19095552,4119.952695404005,0.01762481576105104,0.22723388671875,,,,,,,,0.0078125,0.6593672633171082,0.2148668117105363,0.008540205330369156,7.110047590686008e-05
19103744,4121.031080336979,0.027922539166561913,0.30482178926467896,,,,,,,,0.0,0.6595090627670288,0.21500332506347325,0.011226371677553948,8.120302663883194e-05
19111936,4122.128244050982,0.015455149684739478,0.20895996689796448,,,,,,,,0.0,0.659489631652832,0.21495389090916447,0.00534096160470511,2.219714951934293e-05
19120128,4123.163442278979,0.01876535182734865,0.24266357719898224,,,,,,,,0.0078125,0.659338653087616,0.21488255102743153,0.007122207827849678,0.0014105449663475156
19128320,4124.149483789981,0.015302313249299773,0.20452880859375,,,,,,,,0.0,0.6595977544784546,0.21514404434233633,0.006239815688809646,1.3519717867893633e-05
19136512,4125.2526227479975,0.013790400954161997,0.18812255561351776,0.0014640319657276413,0.22108808238939673,0.21524186091205916,333,219.59891460619286,36.45,nan,0.0,0.6594102382659912,0.2149677674795179,0.005939116090353142,2.3851342120906338e-05
19144704,4126.954112635984,0.015905002162728117,0.2093505859375,,,,,,,,0.0078125,0.6593844890594482,0.21497939847311698,0.006245130679738859,8.535310917068273e-05
19152896,4128.047298219986,0.014666551388132894,0.20256347954273224,,,,,,,,0.0,0.6595411896705627,0.21505479594855453,0.0061010567075989,1.1384275239834096e-05
19161088,4129.043127910001,0.015593405626110292,0.20504151284694672,,,,,,,,0.0078125,0.6591743230819702,0.21492493770213267,0.00664178707050251,6.17314362898469e-05
19169280,4130.042378405982,0.0116322929808455,0.16115723550319672,,,,,,,,0.0,0.6596976518630981,0.21513614057927052,0.004069276690085779,7.185353297245456e-06
19177472,4131.048718534992,0.013677381389300509,0.187744140625,,,,,,,,0.0,0.6595076322555542,0.21506081524476292,0.003965349947209488,1.1938459465454798e-05
19185664,4132.064383966004,0.015089207781451739,0.19898681342601776,,,,,,,,0.0078125,0.6594342589378357,0.21484678856325448,0.0062552982686569355,0.00013635691720992327
19193856,4133.077623450983,0.013671980765391079,0.18797607719898224,,,,,,,,0.0,0.6595919728279114,0.2150852113659568,0.005057073339690344,1.2800708645954728e-05
19202048,4134.119136359979,0.015190707229766304,0.20567627251148224,0.0017395708561417367,0.2198750157706907,0.21497630451843475,333,219.60185470644345,49.650000000000006,nan,0.0,0.6593126654624939,0.21489217015024473,0.007491035449144819,0.007551189046353102
19210240,4135.827078423987,0.019611753446991977,0.22982178628444672,,,,,,,,0.0078125,0.6595531105995178,0.21515912165997625,0.0043779486496226885,1.3173618754080962e-05
19218432,4136.688355252001,0.013927116056049293,0.18549804389476776,,,,,,,,0.0,0.6595200896263123,0.2150596768563004,0.0061461823502901095,1.008111303235637e-05
19226624,4137.4739403809945,0.015358964240892524,0.19973145425319672,,,,,,,,0.0078125,0.6592870354652405,0.2149447515953836,0.005570412785541848,2.6250276278005913e-05
19234816,4138.278165931988,0.023061894787765713,0.2811523377895355,,,,,,,,0.0,0.6595531702041626,0.21509773324855233,0.00765535023695175,5.323619188857265e-05
19243008,4139.0920834749995,0.013322277446254222,0.18144531548023224,,,,,,,,0.0,0.6594502329826355,0.2150115926923212,0.006283277684776198,1.7890331946546212e-05
19251200,4140.049003441003,0.019873339235564252,0.24830321967601776,,,,,,,,0.0078125,0.6594532132148743,0.21497926424100017,0.00945600357066309,4.732932575279847e-05
19259392,4141.044055488979,0.01866013022208587,0.23748779296875,,,,,,,,0.0,0.6596307754516602,0.21508684139874262,0.010139504746615466,9.816662895900663e-06
19267584,4142.059087911999,0.018673997404441676,0.23269043862819672,0.002086984952240578,0.21731168312371732,0.2150416432868345,333,219.6100481025973,48.45,nan,0.0078125,0.6593090295791626,0.21498324665879703,0.0078083128752012565,0.00014808167179580778
19275776,4143.540113005001,0.019268986282028517,0.24062500894069672,,,,,,,,0.0,0.659643828868866,0.21518378668687493,0.006114287875502396,3.855951581499539e-05
19283968,4144.506740160985,0.012292907521270753,0.16724853217601776,,,,,,,,0.0,0.6595415472984314,0.21500575818353646,0.004238358171889114,1.278831041418016e-05
19292160,4145.589819082001,0.019833836809875896,0.24375000596046448,,,,,,,,0.0078125,0.659483015537262,0.21491089338660047,0.008685670044703862,3.018168172275182e-05
19300352,4146.720204029989,0.015359827626512699,0.20555420219898224,,,,,,,,0.0,0.659614622592926,0.21507162837595267,0.003668142532740958,2.0323794160503894e-05
19308544,4147.830829744984,0.013511973497175384,0.1873779296875,,,,,,,,0.0,0.6594362854957581,0.2149574199945929,0.0044506625117595065,1.8558615920483135e-05
19316736,4148.999146393995,0.01996445491266592,0.23529052734375,,,,,,,,0.0078125,0.6595583558082581,0.21508937708085515,0.01106489535345809,4.780930976266973e-05
19324928,4149.988408854988,0.013210951993421606,0.17745362222194672,,,,,,,,0.0,0.6596021056175232,0.21500763462321051,0.004567087311444271,1.1396464287827257e-05
19333120,4150.952606006991,0.01588204741109608,0.20070801675319672,0.0014785773057226503,0.2207280219399253,0.21511778518191912,333,219.61569422629586,49.650000000000006,nan,0.0078125,0.6593345403671265,0.2148347514396663,0.005857833452616464,2.966906140500214e-05
19341312,4152.414647403988,0.017809979732928305,0.22822265326976776,,,,,,,,0.0,0.6596069931983948,0.21516945723778158,0.007263080806748124,0.00012121929466957226
19349504,4153.41393714599,0.01470946455044509,0.19586181640625,,,,,,,,0.0,0.6594287157058716,0.2149551100411148,0.006280092828912494,4.950331276631914e-05
19357696,4154.434899330983,0.018009660807047755,0.22620849311351776,,,,,,,,0.0078125,0.6594635248184204,0.2149003881398412,0.0071684280168300115,4.927231930196285e-05
19365888,4155.413940670987,0.013910251216308234,0.18752442300319672,,,,,,,,0.0,0.6596038341522217,0.21509039022814053,0.004982975821554363,1.172478459920967e-05
19374080,4156.478578102979,0.01768375053032256,0.2222900390625,,,,,,,,0.0078125,0.6592758893966675,0.214982010896339,0.007082267069328799,0.00030029850313439965
19382272,4157.571081870003,0.013707421727860998,0.18963623046875,,,,,,,,0.0,0.6596387028694153,0.21507687564626649,0.006521052379389084,8.559719390177634e-06
19390464,4158.651369818981,0.01551720133901634,0.21055908501148224,,,,,,,,0.0,0.6594594717025757,0.21492961460129414,0.005589674256242738,1.069108384399442e-05
19398656,4159.472525077988,0.016818930680284585,0.21113280951976776,0.001399714148992648,0.22045420082136585,0.2151778557910672,333,219.62330325499977,45.0,nan,0.0078125,0.659385085105896,0.21487404315664108,0.006061896718894125,2.8019099772791378e-05
19406848,4160.699106088985,0.025057793856866253,0.2900146543979645,,,,,,,,0.0,0.6595083475112915,0.21513796489933673,0.0072852066368337635,6.007153933751397e-05
19415040,4161.487317255989,0.012454051042558182,0.17408446967601776,,,,,,,,0.0,0.6593793034553528,0.21501061760561693,0.0038972591270117346,7.052098953863606e-05
19423232,4162.363347317005,0.022463846908070725,0.2669433653354645,,,,,,,,0.0078125,0.659527063369751,0.2149971140085277,0.0067749553644272514,2.9455588446580805e-05
19431424,4163.434396669007,0.014185487348017008,0.19643555581569672,,,,,,,,0.0,0.6595895290374756,0.2149775326150371,0.006068290189123029,1.1766322131734341e-05
19439616,4164.424196473003,0.01746703577012972,0.22540283203125,,,,,,,,0.0078125,0.6593442559242249,0.21492090775646955,0.005255832526224486,4.077905396115966e-05
19447808,4165.5056309000065,0.013233790573036558,0.18242187798023224,,,,,,,,0.0,0.6596517562866211,0.2151633172902334,0.004946936460648824,2.804121140798088e-05
19456000,4166.532774958992,0.012887700739909292,0.17910157144069672,,,,,,,,0.0,0.6593563556671143,0.2149400158437865,0.003948812136782562,2.4545384803786874e-05
19464192,4167.444358977984,0.018131088417376925,0.21379394829273224,0.0026386779591478504,0.22139116078364451,0.21524231766615015,333,219.62111571862337,45.900000000000006,nan,0.0078125,0.6594816446304321,0.21494150261821637,0.006781356993098667,2.7072697776020505e-05
19472384,4168.973630127002,0.014588300468245247,0.2000732421875,,,,,,,,0.0,0.6596310138702393,0.215032255288305,0.005361514880447709,1.0793079127324745e-05
19480576,4170.024219015002,0.019762415022056043,0.2322998046875,,,,,,,,0.0078125,0.6593995094299316,0.21493308151186147,0.008981796806848921,0.005463415291160345
19488768,4171.111731818004,0.012980399686469447,0.17860107123851776,,,,,,,,0.0,0.6596791744232178,0.21523951487575171,0.005685756776852455,6.274237875913968e-06
19496960,4172.132727555989,0.013601846213576374,0.18568114936351776,,,,,,,,0.0,0.6595783233642578,0.21503508099824162,0.004474902931936814,1.0537459274928551e-05
19505152,4173.199079530983,0.016593868602424035,0.20863036811351776,,,,,,,,0.0078125,0.659401535987854,0.2148307639673582,0.007822837652185008,2.521131500543561e-05
19513344,4174.1863251509785,0.013791978970490192,0.18787841498851776,,,,,,,,0.0,0.659626841545105,0.21505852775570075,0.006431151453049306,8.932237506087404e-06
19521536,4175.210553152981,0.014858292497262268,0.1954345703125,,,,,,,,0.0,0.6593931913375854,0.21483990874495063,0.006547485833743512,1.5597390301991254e-05
19529728,4176.230977397005,0.017362441254160206,0.22108153998851776,0.00217120728525233,0.2208488245250076,0.21518343066806733,333,219.6289704107006,46.050000000000004,nan,0.0078125,0.6595703959465027,0.21502367743642012,0.007331514766480956,1.4657993233413436e-05
19537920,4177.805502967996,0.015599789825122777,0.21134033799171448,,,,,,,,0.0,0.6596211791038513,0.21505549211715258,0.0072566022019428305,8.951595191319939e-06
19546112,4178.863564209983,0.017184481382452946,0.22023926675319672,,,,,,,,0.0078125,0.6593422889709473,0.2149903128781762,0.007657797498299177,2.6342930141254328e-05
19554304,4179.905213806982,0.015438561560758346,0.20628662407398224,,,,,,,,0.0,0.6596543788909912,0.21509035165476154,0.00771123075955725,1.0258801921736449e-05
19562496,4180.962474033993,0.01376797359090925,0.18937988579273224,,,,,,,,0.0,0.6594163775444031,0.2149022996821261,0.005061121343335549,0.00016427297668997198
19570688,4181.914324382,0.017690903431481716,0.22034911811351776,,,,,,,,0.0078125,0.6594594717025757,0.21493190612842022,0.007809520343902261,2.3100234102457762e-05
19578880,4182.699906088994,0.015716256018382193,0.20600585639476776,,,,,,,,0.0,0.6595412492752075,0.2150913641815652,0.007927052115668886,8.047601113503333e-06
19587072,4183.5192963320005,0.018920571417323142,0.22758789360523224,,,,,,,,0.0078125,0.659297525882721,0.214847696145195,0.005005899416284937,3.148975520161912e-05
19595264,4184.31259166298,0.013712753814213385,0.1903076171875,0.0014858946792843941,0.22030179649216355,0.21506434617674822,333,219.6091061189548,49.650000000000006,nan,0.0,0.6596239805221558,0.2151952977012655,0.0071329690322256365,7.708701559749898e-06
19603456,4185.754197525006,0.014006452137653886,0.19484864175319672,,,,,,,,0.0,0.6595388650894165,0.21503675424857477,0.006161005088928838,1.184568645840045e-05
19611648,4186.736681384995,0.017851413939875063,0.22792969644069672,,,,,,,,0.0078125,0.6593469381332397,0.21492403254491738,0.006586308781200862,3.0662638891953975e-05
19619840,4187.686246297002,0.013286916022863741,0.17973633110523224,,,,,,,,0.0,0.659610390663147,0.2150559250033155,0.005006686690998994,9.685922123026103e-06
19628032,4188.657617450983,0.01351827894947008,0.18680420517921448,,,,,,,,0.0,0.6592876315116882,0.2148945375363493,0.005857855512313347,1.7715530702844262e-05
19636224,4189.648932284996,0.022328774057789776,0.25800782442092896,,,,,,,,0.0078125,0.65952068567276,0.21497429855167582,0.005740456654075029,0.00011105233716079965
19644416,4190.745068391989,0.01196155539792073,0.16500245034694672,,,,,,,,0.0,0.6595118045806885,0.2149905932726733,0.003033197301421703,1.653697108849883e-05
19652608,4191.775246873993,0.0169413550756069,0.21954345703125,,,,,,,,0.0078125,0.6592808961868286,0.21489627753588275,0.006625214819714578,5.054678695159964e-05
19660800,4192.770868327003,0.012540010150865939,0.17092286050319672,0.0015129687215640342,0.22150564904899742,0.21513616172548705,333,219.60060282728247,45.75,nan,0.0,0.6596167087554932,0.21515938190994927,0.0059174542098434715,8.213714863813948e-06
19668992,4194.45730253699,0.012358429072949631,0.16716308891773224,,,,,,,,0.0,0.6593883037567139,0.2149905491500125,0.004913756398841201,1.4529930012940895e-05
19677184,4195.52012594798,0.017687933156866165,0.21955566108226776,,,,,,,,0.0078125,0.6593886613845825,0.21488883669698403,0.00745618750007359,4.391291440697387e-05
19685376,4196.62724274199,0.015404182927425897,0.20635986328125,,,,,,,,0.0,0.6594985723495483,0.21508232106351738,0.004385119378986877,1.0051417120848782e-05
19693568,4197.776836620003,0.015662876822825297,0.20343017578125,,,,,,,,0.0078125,0.6592423319816589,0.21489266130364199,0.005500576668413457,0.00027124080224893987
19701760,4198.78440194999,0.01443788566232644,0.19514159858226776,,,,,,,,0.0,0.6596142053604126,0.21514795450219765,0.006720674431574378,6.888760253787041e-06
19709952,4199.87876178298,0.012970540041715124,0.16860352456569672,,,,,,,,0.0,0.6595412492752075,0.21492491638566597,0.006492445239053727,1.1360255484760273e-05
19718144,4200.921276081994,0.0178337631796365,0.21723632514476776,,,,,,,,0.0078125,0.6593595743179321,0.214945752117027,0.005904733750254457,3.099004607065581e-05
19726336,4201.91680307599,0.013744214150591506,0.18607178330421448,0.0018053757557088268,0.2168214014804119,0.21506650222943818,333,219.61364622050394,48.45,nan,0.0,0.6596834063529968,0.2151691364020562,0.004483011410906727,7.785668458382133e-06
19734528,4203.381379661005,0.01383465496940739,0.18966065347194672,,,,,,,,0.0,0.659437894821167,0.21484757035536287,0.003680746659124723,0.0003610163403209299
19742720,4204.162171103002,0.024552920033422333,0.28508302569389343,,,,,,,,0.0078125,0.6595703959465027,0.21475302997265797,0.00804523535298844,2.6682113457354717e-05
19750912,4204.948639538983,0.017146094235453553,0.22672119736671448,,,,,,,,0.0,0.6595333218574524,0.21502800046009116,0.008004753931884262,9.76089904725086e-06
19759104,4205.752789002989,0.015467300944514834,0.19808350503444672,,,,,,,,0.0078125,0.6593547463417053,0.21485738457739606,0.0068990404070489696,3.298645606264472e-05
19767296,4206.546033883991,0.014517668670077208,0.19392089545726776,,,,,,,,0.0,0.659631609916687,0.21510858643897107,0.007674440786385419,7.234551503643161e-06
19775488,4207.513049781992,0.014631519703211507,0.19448243081569672,,,,,,,,0.0,0.6594906449317932,0.21496170259035208,0.005541429841385739,1.3963056517241057e-05
19783680,4208.530005810986,0.0191627923851303,0.24007569253444672,,,,,,,,0.0078125,0.6594441533088684,0.21490444832516756,0.006254123320562759,3.801271304837428e-05
19791872,4209.559757241979,0.014105589667070165,0.18964843451976776,0.0018205679850650247,0.2214318625766579,0.21510155105629764,333,219.61481612947148,46.95,nan,0.0,0.659608781337738,0.2150171607389367,0.005713926077334158,1.015734324028017e-05
19800064,4211.170719510992,0.018732168681414297,0.2274169921875,,,,,,,,0.0078125,0.6593289375305176,0.21488158889340386,0.007080160482543846,0.00012928202340845019
19808256,4212.153981418989,0.016285172587786795,0.22237549722194672,,,,,,,,0.0,0.6596551537513733,0.2152405725160978,0.008076028331925366,7.153648311941652e-06
19816448,4213.194411714998,0.014265831495450687,0.19219970703125,,,,,,,,0.0,0.6595473885536194,0.215015100972867,0.005727727658317633,1.2079914995410945e-05
19824640,4214.296729986003,0.017160233259942714,0.21735839545726776,,,,,,,,0.0078125,0.6593652963638306,0.21481248080868948,0.007923724574780178,7.0453759690281e-05
19832832,4215.362735573988,0.015021427227624215,0.20142821967601776,,,,,,,,0.0,0.6596469879150391,0.21510465894937342,0.007636982764492617,2.4770706659182906e-05
19841024,4216.438855222979,0.015036851251753214,0.19912110269069672,,,,,,,,0.0,0.6593844890594482,0.2150092358783271,0.008340580278791077,0.001804886618629098
19849216,4217.420228740986,0.02375694994231564,0.2748657166957855,,,,,,,,0.0078125,0.6595507264137268,0.21500763824272123,0.008695910427949205,6.642202788498253e-05
19857408,4218.400156585005,0.012699042885918416,0.17401123046875,0.0017558293880352016,0.22133582090896983,0.21514585567414737,333,219.61392283029295,46.95,nan,0.0,0.6595445871353149,0.21501811052858888,0.0027422961669724306,8.745731975068338e-06
19865600,4219.965861820994,0.017196732904317457,0.22111816704273224,,,,,,,,0.0078125,0.6593731045722961,0.2148607908227102,0.008804797194039466,3.3127053029602394e-05
19873792,4220.952398155001,0.015365834126049433,0.20880126953125,,,,,,,,0.0,0.6596028804779053,0.2151359272918166,0.00818335768106707,8.064409485086799e-06
19881984,4221.93822115098,0.013466340351676901,0.18218994140625,,,,,,,,0.0,0.659476637840271,0.21492788467121043,0.0031211521926562897,1.7132899301941507e-05
19890176,4222.9992749090015,0.018970515538890377,0.23365478217601776,,,,,,,,0.0078125,0.6593960523605347,0.21495214408114482,0.007033484019724797,2.5595893021090887e-05
19898368,4224.045248882001,0.013764967686944083,0.18953858315944672,,,,,,,,0.0,0.6595901250839233,0.21509351724274697,0.0048831056079904275,9.317999683844391e-06
19906560,4225.139662461006,0.017587119301343768,0.22272948920726776,,,,,,,,0.0078125,0.6592639684677124,0.21488560452514655,0.009308632887707438,3.384381125215441e-05
19914752,4225.982743633998,0.014795396291740981,0.19499512016773224,,,,,,,,0.0,0.6596781015396118,0.2152237352567552,0.00681204533796185,7.002682195889065e-06
19922944,4226.768526606,0.014969783422323408,0.20238037407398224,0.001931331758006749,0.21896272461523175,0.21503616923480667,333,219.59755283067187,49.650000000000006,nan,0.0,0.6595306992530823,0.21500165369463714,0.0071460843882835,1.0112619747815188e-05
19931136,4228.025081200001,0.020375539310949112,0.24466553330421448,,,,,,,,0.0078125,0.6593765616416931,0.21488554246457442,0.011078479872591768,3.482246756902896e-05
19939328,4228.942813192989,0.01566198735280596,0.21290282905101776,,,,,,,,0.0,0.6595960259437561,0.21506817916991205,0.005432405349925796,2.4198203391279094e-05
19947520,4229.970898875996,0.014514281774800459,0.19017334282398224,,,,,,,,0.0,0.6593528985977173,0.21495357425213563,0.004856119473522041,6.605585076613352e-05
19955712,4230.97415278299,0.019610648907964875,0.24744872748851776,,,,,,,,0.0078125,0.6595050096511841,0.21492819844065844,0.005441538506078741,3.214233947801404e-05
19963904,4231.895275224,0.014595127330434632,0.2015380859375,,,,,,,,0.0,0.6595117449760437,0.21507093565162924,0.007439867271728811,9.281026905227918e-06
19972096,4232.86683564898,0.01724518507081917,0.22296142578125,,,,,,,,0.0078125,0.6592992544174194,0.21489263029706404,0.008670857769866258,4.3347459723008797e-05
19980288,4233.902653094003,0.01679920699927856,0.21439209580421448,,,,,,,,0.0,0.6595851182937622,0.21512738343993135,0.00807905633248474,4.745009573525749e-05
19988480,4234.937521201005,0.01631431984181595,0.21636962890625,0.0013585979607917409,0.21733304234727382,0.21505999232674014,333,219.60365799601013,49.2,nan,0.0,0.6594449281692505,0.21494102477943877,0.008764856402841434,0.00011052862828364596
19996672,4236.760645414004,0.01845545424741274,0.22908936440944672,0.003133911194926564,0.21828350042753245,0.21523342548855626,333,219.60171366576827,49.5,nan,0.0078125,0.6593754887580872,0.21488064014148756,0.006386030049539567,7.354257832048461e-05
