step,wall,approx_kl,clip_frac,eval_1mU_at_best,eval_JT_end,eval_JT_min,eval_len,eval_return,eval_t_JT_min,eval_t_first_PE,frac_done,mean_reward,min_JT,pg_loss,v_loss
8192,5.571076635009376,0.002726372205496026,0.02060546912252903,,,,,,,,0.0078125,0.6469802260398865,0.10823949869016664,-0.003669241045811296,59.65407180786133
16384,7.164093683997635,0.0021814366552448928,0.015332031063735485,,,,,,,,0.015625,0.6553714871406555,0.10528846121541141,-0.0025842520762519097,20.783828735351562
24576,8.684066823014291,0.0035920913467685635,0.03875732421875,,,,,,,,0.015625,0.6594009399414062,0.12892026419559044,-0.004427358212357399,5.7469401359558105
32768,10.524737697996898,0.0028117157501458467,0.02679443359375,0.002181648794397195,0.2153934871057847,0.2150102161195265,66,43.52892759283053,0.75,nan,0.015625,0.6567004919052124,0.11555488581090317,-0.004038900930738699,3.318758726119995
40960,13.906046313000843,0.0029562516479290646,0.02189941518008709,,,,,,,,0.015625,0.6612907648086548,0.09532366952532416,-0.00275918190825876,0.5383270382881165
49152,15.999571018008282,0.004069360434355527,0.03992919996380806,,,,,,,,0.015625,0.657701849937439,0.08553958379085648,-0.005219337852261584,1.355829119682312
57344,17.923441481019836,0.006722638874477638,0.0865478515625,,,,,,,,0.015625,0.6624265313148499,0.12941659101705708,-0.008554769284671894,0.41122332215309143
65536,19.988030462001916,0.005024953576213754,0.05587158352136612,0.0021761168174108114,0.2164073003977951,0.21503154415712777,66,43.471062903777415,0.75,nan,0.015625,0.6632982492446899,0.16366062009034113,-0.007321698469465504,0.16955743730068207
73728,21.930328378017293,0.0036743434178885164,0.03480224683880806,,,,,,,,0.015625,0.6692679524421692,0.10053986916235735,-0.005175664402679194,0.0581718347966671
81920,23.983363185019698,0.0033633831422508007,0.02681884728372097,,,,,,,,0.015625,0.6674927473068237,0.1676219974911859,-0.00426994606602705,0.21432338654994965
90112,25.961202399019385,0.00452004089289198,0.04642334207892418,,,,,,,,0.015625,0.6681716442108154,0.13129758732193592,-0.004535768119206195,0.1810096800327301
98304,28.046441614016658,0.003498682835301563,0.03194580227136612,0.002175179255918036,0.21620771306812386,0.21500545779581687,66,43.51612794678325,0.75,nan,0.015625,0.6707587838172913,0.15113070926025585,-0.0031335375115308707,0.07049759477376938
106496,30.15047540399246,0.00268530105569609,0.01793213002383709,,,,,,,,0.015625,0.6699548959732056,0.15259720921590386,-0.0025177819702131028,0.06713748723268509
114688,32.541609228006564,0.0028253944786077387,0.02403564564883709,,,,,,,,0.015625,0.6702526807785034,0.12309463642097085,-0.002308083982033311,0.1309143453836441
122880,34.73474417699617,0.003235377290098476,0.03041992150247097,,,,,,,,0.015625,0.676164448261261,0.09772777330232318,-0.0029711609055566605,0.0938209518790245
131072,36.813527799997246,0.0033609383513456027,0.02552490308880806,0.001650570222877401,0.192847077810193,0.1924986034137072,66,45.294640760872916,47.25,nan,0.015625,0.675119936466217,0.05109269056214062,-0.002471504362677252,0.3935742974281311
139264,38.90843985902029,0.004803307344910581,0.052734375,,,,,,,,0.0078125,0.6814650297164917,0.10211994544271152,-0.004922525356099532,0.17003710567951202
147456,40.98440450700582,0.004091339711921585,0.0408935546875,,,,,,,,0.015625,0.6752229928970337,0.10259413590773607,-0.0043593161951814355,0.632023274898529
155648,42.98612684800173,0.005276786249265939,0.05487060546875,,,,,,,,0.015625,0.6771853566169739,0.12419517920236145,-0.0052380625164274415,0.5384086966514587
163840,45.22942540800432,0.005680782311093951,0.064208984375,0.0011043232030245598,0.19553483622097398,0.1941455053025684,66,45.313202853149754,34.5,nan,0.015625,0.6818562746047974,0.12961649370213374,-0.00544288265636494,0.19732427597045898
172032,47.2083451890212,0.0042158999907116555,0.04356689378619194,,,,,,,,0.015625,0.682482123374939,0.1503127315172898,-0.004854415594522478,0.06471208482980728
180224,49.18832370502059,0.005783823338368164,0.06419678032398224,,,,,,,,0.015625,0.6846593022346497,0.15031493426825243,-0.005841554844743708,0.04244855046272278
188416,51.33529432301293,0.004986463625975882,0.05378418043255806,,,,,,,,0.015625,0.6864702701568604,0.15461833072332315,-0.00550618997370575,0.0760548859834671
196608,53.438497423019726,0.0038532059879740205,0.03461914137005806,0.0025301414747610496,0.17561174792897946,0.17399324709731512,66,46.968692358497385,36.75,nan,0.015625,0.6874181032180786,0.11180891109843727,-0.004254299849855624,0.24105516076087952
204800,55.43506105200504,0.0029408894549044344,0.02318115346133709,,,,,,,,0.015625,0.6901350617408752,0.1107654081885101,-0.002002798405787008,0.24077649414539337
212992,57.549634354014415,0.0049705533926957465,0.05345458909869194,,,,,,,,0.015625,0.6959661245346069,0.08615885305663151,-0.003974246619372834,0.20188908278942108
221184,59.57185973299784,0.005669243894339702,0.06510009616613388,,,,,,,,0.015625,0.6949756741523743,0.10296748118106289,-0.005435288583411005,0.22806143760681152
229376,61.71949404501356,0.005048398426057879,0.05487060546875,0.003546260774768162,0.15060617953951172,0.15060617953951172,66,49.0285425980665,49.5,nan,0.015625,0.6935905814170837,0.12195987480353998,-0.005137540992344244,0.4291153848171234
237568,63.933431551005924,0.005394162204455305,0.06153564527630806,,,,,,,,0.015625,0.6967641711235046,0.1113616719601699,-0.004251405424552238,0.3300100862979889
245760,65.93841925502056,0.00431914829187534,0.04600830003619194,,,,,,,,0.015625,0.701738715171814,0.12681035181675315,-0.003088419211593649,0.4770500659942627
253952,68.13103388401214,0.004075526513096767,0.03736572340130806,,,,,,,,0.015625,0.7042951583862305,0.10630180227798126,-0.0022613580459687178,0.499614953994751
262144,70.33280456901412,0.004792975843923003,0.04807129129767418,0.001342478503670752,0.15573796384714433,0.15460856535511733,66,48.66433183634179,42.75,nan,0.015625,0.7045931220054626,0.11501128031092817,-0.0049753201713201535,0.29242005944252014
270336,72.42468154701055,0.0046574478924185135,0.04730224609375,,,,,,,,0.015625,0.7041663527488708,0.11009496471382482,-0.00402216678800095,0.37240323424339294
278528,74.31080418502097,0.004804831126368878,0.05482177808880806,,,,,,,,0.0078125,0.7057814598083496,0.1121681251370981,-0.0037829144072614564,0.2791604697704315
286720,76.15242911301902,0.005447502253478893,0.05784912034869194,,,,,,,,0.015625,0.7118497490882874,0.09532354954825836,-0.0037026022599081568,0.17255717515945435
294912,77.97895846699248,0.005193045574753523,0.05797119066119194,0.0012299244296534173,0.13515957158702546,0.13449096815942663,66,50.44258606781612,47.25,nan,0.015625,0.7151089310646057,0.09705325558887429,-0.004389269143207421,0.2497691661119461
303104,79.8220148840046,0.005250651190986649,0.05828857421875,,,,,,,,0.015625,0.717832088470459,0.10138809186728194,-0.005946873075635327,0.39959263801574707
311296,81.60907002401655,0.005149902873636323,0.05731201171875,,,,,,,,0.015625,0.7275246977806091,0.09034555847868381,-0.004205563514546859,0.2517475187778473
319488,83.50274116999935,0.006172037133311354,0.07734375447034836,,,,,,,,0.015625,0.7356714606285095,0.08390487618383413,-0.004883464538873741,0.5525606274604797
327680,85.28685684601078,0.006020220664350963,0.07060547173023224,0.0011346745527335278,0.10126154454151215,0.10029709831928772,66,54.45393447237639,48.75,nan,0.015625,0.7374633550643921,0.08371496821331319,-0.005178963718753951,0.24152301251888275
335872,87.17645505801192,0.0051912089514211755,0.05207519605755806,,,,,,,,0.015625,0.7446379065513611,0.06615339641569248,-0.004592460332081945,0.6747728586196899
344064,88.98820455401437,0.006014732936401766,0.06812744587659836,,,,,,,,0.015625,0.7614666223526001,0.07068796416651248,-0.0043715268189494045,0.5846986174583435
352256,90.8558249490161,0.005151259179547812,0.0518798828125,,,,,,,,0.015625,0.7590131163597107,0.06402048289788502,-0.0026756563271669977,0.5997970700263977
360448,92.75961693000863,0.005260494784694399,0.05765381082892418,0.0004411491358135011,0.07616873632028613,0.07417706242232618,66,57.39705831863168,48.75,nan,0.015625,0.7661866545677185,0.06420542474219436,-0.004243639729659874,0.6245835423469543
368640,94.6645734560152,0.00407362488393878,0.03920898586511612,,,,,,,,0.015625,0.7769719362258911,0.06453727614236436,-0.0032947448589291358,0.6520916819572449
376832,96.5002347289992,0.00477382687199132,0.04973144456744194,,,,,,,,0.015625,0.7827311754226685,0.05935668889881919,-0.003943297079539382,1.0790597200393677
385024,98.35843982099323,0.00524072507416319,0.05632324144244194,,,,,,,,0.015625,0.7919183373451233,0.04338797396613247,-0.0046784138714426144,0.7322077751159668
393216,100.21649535000324,0.004417879206598726,0.04517822340130806,0.0006285931800807942,0.06121676470543308,0.05927559237350314,66,60.76638013548392,48.75,nan,0.015625,0.8016026020050049,0.04534734759467293,-0.002478058344355666,1.0158183574676514
401408,102.08147991201258,0.004166247170129792,0.03732910379767418,,,,,,,,0.015625,0.7978259921073914,0.052349864097193104,-0.003261053263431089,1.423104166984558
409600,103.92066770800739,0.00432484670677332,0.04293213039636612,,,,,,,,0.0078125,0.8009576201438904,0.052649973093821724,-0.0021200094200535826,0.7717671394348145
417792,105.81382441500318,0.004489942498862748,0.0474853515625,,,,,,,,0.015625,0.8048902750015259,0.05291226398885284,-0.0024359460037774896,0.6518398523330688
425984,107.62365108501399,0.003886645693112768,0.03652343899011612,0.003182017654110636,0.05409367642216084,0.05409367642216084,66,61.5687860239285,49.5,nan,0.015625,0.8080488443374634,0.049889009986545524,-0.0024167728805547066,0.97761070728302
434176,109.4644057030091,0.004514539080660914,0.04444580152630806,,,,,,,,0.015625,0.7967724800109863,0.05156992227237764,-0.0024574932433997086,1.0511934757232666
442368,111.29661388101522,0.004089611335859592,0.038818359375,,,,,,,,0.015625,0.8051126599311829,0.043478843988652774,-0.0015281987340372049,0.5711106061935425
450560,113.12178387501626,0.004999950912097782,0.0523681640625,,,,,,,,0.015625,0.8123315572738647,0.04673510171027887,-0.0028637300609619305,0.5489802360534668
458752,114.94534644301166,0.004544105138293386,0.04641113430261612,0.0022100939516588314,0.05038233396732336,0.04925635723234846,66,62.674476162729356,48.75,nan,0.015625,0.8213720321655273,0.045512260912541735,-0.002328064426505845,0.5513076186180115
466944,116.84301668501575,0.003735168299205849,0.03339843824505806,,,,,,,,0.015625,0.8242754340171814,0.04324219245442501,-0.0016579514207747477,0.8315214514732361
475136,118.6719264050189,0.005716086053116902,0.06461181491613388,,,,,,,,0.015625,0.8286327123641968,0.03196934176331142,-0.0037756793244571487,0.9265413284301758
483328,120.53720874999999,0.004258542377172695,0.04222412034869194,,,,,,,,0.015625,0.8232439160346985,0.028311919714087832,-0.0021300736318853888,1.0862427949905396
491520,122.3927505009924,0.0038921627860871097,0.03883056715130806,0.0021300626992069027,0.0397879280557523,0.03967616152863188,66,65.08983890615717,47.25,nan,0.015625,0.8416353464126587,0.02413905383514775,-0.0011313876736207913,1.0788277387619019
499712,124.31955104699591,0.004817618844102945,0.04855957254767418,,,,,,,,0.015625,0.8411738276481628,0.036653397489295206,-0.0020055400697462276,0.8828567862510681
507904,126.15221970199491,0.0036098545901853403,0.03078613243997097,,,,,,,,0.015625,0.8432056903839111,0.033850773503091194,-0.001118336191591258,1.2515519857406616
516096,127.98993464000523,0.005266986875889023,0.05924072489142418,,,,,,,,0.015625,0.8413683176040649,0.03909527140732893,-0.004359252669372163,1.2498555183410645
524288,129.84978365100687,0.004599461417237822,0.04874267801642418,0.0019142691044746751,0.036410560203425694,0.03475635930524342,66,66.58428604309634,48.75,nan,0.015625,0.8468740582466125,0.028142223357413468,-0.002445436742390338,1.4474200010299683
532480,131.77758252000785,0.00456854320766347,0.046142578125,,,,,,,,0.015625,0.8531602621078491,0.024335682453462706,-0.0031925895923997313,1.2831138372421265
540672,133.74001437801053,0.004766491540823421,0.05008545145392418,,,,,,,,0.015625,0.8533095121383667,0.027690033079315536,-0.00299871892674711,1.481691837310791
548864,135.65515521800262,0.004553732296261039,0.04624023661017418,,,,,,,,0.0078125,0.8505623936653137,0.027879902012768146,-0.002346641634826914,1.0853699445724487
557056,137.5237368310045,0.0055666695210869616,0.06256103515625,0.0014487854082473328,0.04105741121885997,0.039313218420209975,66,64.97446673473085,48.75,nan,0.015625,0.8415470719337463,0.036956362584058,-0.0031108218516869186,1.114723563194275
565248,139.46797587300534,0.004818586181680927,0.05131835862994194,,,,,,,,0.015625,0.848234236240387,0.039457374010258964,-0.0029078525027544304,0.932597815990448
573440,141.37454894001712,0.005563582016754498,0.06027832254767418,,,,,,,,0.015625,0.8590521216392517,0.03435625613600409,-0.003853767178854331,0.6654423475265503
581632,143.27884628099855,0.004588365064126152,0.04644775390625,,,,,,,,0.015625,0.8610960245132446,0.028759554015160782,-0.0014967597744221777,0.9492397308349609
589824,145.18091271800222,0.004736391823245924,0.05021972581744194,0.001223030884487053,0.03472349882792484,0.0331882459197732,66,66.73638482735016,48.75,nan,0.015625,0.8628543019294739,0.02959583449515483,-0.002951173258468965,0.9217319488525391
598016,147.0110192610009,0.005482031435050001,0.06257324665784836,,,,,,,,0.015625,0.8617116808891296,0.02076740224024979,-0.003141465433518764,1.095167636871338
606208,148.87794185001985,0.004509726498102105,0.04532470926642418,,,,,,,,0.015625,0.8699588179588318,0.02835267404720833,-0.0015191592476724008,0.9750959277153015
614400,150.67831653999747,0.005475098722236865,0.05908203125,,,,,,,,0.015625,0.8763344287872314,0.016881124064473896,-0.0026157359083953747,1.2203067541122437
622592,152.52064623101614,0.0039692813086938585,0.03481445461511612,0.0019021165227148806,0.023879881891608737,0.023363479328868966,66,70.43065109883445,47.25,nan,0.015625,0.8830851316452026,0.01938500528577757,-0.0012200585488738981,1.6945194005966187
630784,154.4286938229925,0.0051517710155945615,0.05706787109375,,,,,,,,0.015625,0.8846720457077026,0.021372754878470648,-0.001862460311080392,1.421507716178894
638976,156.25723303700215,0.0055188626535960725,0.06353759765625,,,,,,,,0.015625,0.8889574408531189,0.016509821214428955,-0.003448761008582041,1.4448693990707397
647168,158.0825625389989,0.004429415666522751,0.04489746317267418,,,,,,,,0.015625,0.8813037872314453,0.023531972829048745,-0.0017730617775599637,1.473288893699646
655360,159.9353220720077,0.004986722342044743,0.05633544921875,0.0026230638048972965,0.027254724071340542,0.026037641323781936,66,69.05779417987955,47.25,nan,0.015625,0.9007909893989563,0.020265657897137093,-0.0024962447606669312,1.4078736305236816
663552,161.7980227190128,0.004924614455777517,0.05278320237994194,,,,,,,,0.015625,0.8931107521057129,0.021870555497971844,-0.002424719094182874,1.5829569101333618
671744,163.62516492800205,0.00489203011339142,0.05030517652630806,,,,,,,,0.015625,0.9067027568817139,0.02022153472697598,-0.0018006727493638495,1.2472772598266602
679936,165.52929977700114,0.005428588983120225,0.06265868991613388,,,,,,,,0.0078125,0.9042691588401794,0.019290459252123904,-0.0021085639184655874,1.1620086431503296
688128,167.45367815200007,0.0038712084441312774,0.03812256082892418,0.0017990140906700702,0.02536245889937353,0.023933904451106738,66,69.30778719645805,47.25,nan,0.015625,0.8890626430511475,0.02060764136355088,-0.0005472805372274805,1.2865660190582275
696320,171.94139004399767,0.004792566442016021,0.04914550855755806,,,,,,,,0.015625,0.8993955850601196,0.01281953248388822,-0.0005752056182331413,0.7531032562255859
704512,175.1605292620079,0.005385632642120996,0.06175537034869194,,,,,,,,0.015625,0.905384361743927,0.022301608492688575,-0.001814292219068451,0.9232184290885925
712704,177.3242392760003,0.0048826913932152535,0.05329589918255806,,,,,,,,0.015625,0.9000699520111084,0.016189814550831672,-0.0019058047252186877,1.0798090696334839
720896,180.07601998900645,0.004022721052697266,0.03951416164636612,0.003924252111800919,0.012143824269819116,0.012143824269819116,66,76.19404352526941,49.5,nan,0.015625,0.909825325012207,0.021596646471987082,-0.0011738166125167696,1.046420931816101
729088,182.90481961899786,0.004487904407271666,0.04562988504767418,,,,,,,,0.015625,0.9192324280738831,0.015660930425272692,-0.001453943064805303,1.3145058155059814
737280,185.92162640800234,0.004040224105345512,0.03870849683880806,,,,,,,,0.015625,0.917113184928894,0.01755257357567318,-0.0010310787493543166,1.2528804540634155
745472,188.56240175600396,0.004723709604061884,0.05120849609375,,,,,,,,0.015625,0.9196739792823792,0.015801281537245106,-0.0011413462669743548,1.378817081451416
753664,190.87167744300677,0.0048969800677912,0.05424804612994194,0.0012954409537966338,0.01403294958192779,0.012423688047889259,66,74.96044151647027,48.75,nan,0.015625,0.9170247316360474,0.015825303549311744,-0.0016832747361756743,1.5338550806045532
761856,193.43840520799858,0.005438766136205884,0.06273193657398224,,,,,,,,0.015625,0.928145706653595,0.007838474431147746,-0.0018281805993855178,2.0223464965820312
770048,196.3387178760022,0.005860474739267506,0.06629639118909836,,,,,,,,0.015625,0.9226714968681335,0.015092918026336423,-0.0026222535919284565,1.5734132528305054
778240,199.1720981010003,0.004173147487751642,0.04355468973517418,,,,,,,,0.015625,0.9428704380989075,0.014209942744903737,-5.22710580164931e-05,1.4373083114624023
786432,201.64362548000645,0.00507339938346333,0.05544433742761612,0.0018929710164165003,0.010947323631629525,0.008519119964645173,66,78.2304398240547,47.25,nan,0.015625,0.9332970380783081,0.008191312855391908,-0.0014258251352955295,1.9803380966186523
794624,203.95728707601666,0.004801210504448055,0.05351562425494194,,,,,,,,0.015625,0.9404242634773254,0.00985499305719676,-0.0015689134375670676,2.391059637069702
802816,206.72132572400733,0.005017282315196096,0.05511474609375,,,,,,,,0.015625,0.9610214233398438,0.01100284811688107,-0.001252213643961021,2.114030599594116
811008,209.2037256420008,0.005748002877503013,0.06566162407398224,,,,,,,,0.015625,0.9635252356529236,0.010888598664217443,-0.0024792754883783555,1.4818350076675415
819200,211.97511833001045,0.004968943306790254,0.05322265625,0.0011602769420429038,0.00943639062254812,0.004680284175184057,66,80.43914398256355,48.75,nan,0.0078125,0.9371355772018433,0.006877663756889996,-0.002236451269280192,1.9187639951705933
827392,214.7927380540059,0.005073734468139756,0.05563965067267418,,,,,,,,0.015625,0.9390533566474915,0.0091574070139829,-0.0007023253374618222,1.7383530139923096
835584,217.48355025201454,0.004870881712301715,0.05120849609375,,,,,,,,0.015625,0.9473652839660645,0.010198129453576267,-0.0008570503603660984,1.4412274360656738
843776,220.31798514002003,0.004735868315435655,0.04854736477136612,,,,,,,,0.015625,0.9450011253356934,0.00857677925651904,-0.000864285208436539,1.6867002248764038
851968,223.13322710301145,0.00563448305076663,0.06501465290784836,0.0010749898210414832,0.007503847480293347,0.003306777768454283,66,82.24864793283346,48.75,nan,0.015625,0.9695183634757996,0.0065026565410505,-0.0009014386823962731,1.7482095956802368
860160,226.09897652702057,0.0051578945643962325,0.05687255784869194,,,,,,,,0.015625,0.9675028920173645,0.008563612326149916,-0.0011322950641072462,1.6891502141952515
868352,228.60810051101726,0.005605589014313176,0.0633544921875,,,,,,,,0.015625,0.9752978086471558,0.012346183602224182,-0.000892984312424332,1.2854790687561035
876544,230.6075262580125,0.005099956237087531,0.05681152269244194,,,,,,,,0.015625,0.9700581431388855,0.009054599953973452,-0.0021803374242913573,1.7808973789215088
884736,233.09162117200322,0.00608082180622355,0.07127685844898224,0.0018135219842244643,0.008441495140153011,0.004860113385112663,66,82.95221615716943,45.0,nan,0.015625,0.9884459376335144,0.008504189165295217,-0.0028321813375682837,1.881395697593689
892928,236.0491784220212,0.005647417585778624,0.06531982868909836,,,,,,,,0.015625,0.9764707088470459,0.0059999265276150186,-0.0020006902917725964,1.8116592168807983
901120,238.88507540500723,0.004868508328472788,0.05313720926642418,,,,,,,,0.015625,0.9928340911865234,0.006000346108334876,-0.00052749517840486,2.173485040664673
909312,242.02565403401968,0.005636117201470898,0.06640625,,,,,,,,0.015625,0.9820197820663452,0.004845918252659354,-0.001053186978975583,2.2691590785980225
917504,245.29599927499657,0.0055482934764803146,0.06522216647863388,0.0026608468067724766,0.007076914851947736,0.005234667287256956,66,82.02976957586645,47.25,nan,0.015625,0.9965289831161499,0.003875584734120119,-0.0020600559840919653,2.8342723846435547
925696,249.36672828200972,0.005828566130168467,0.06877441704273224,,,,,,,,0.015625,0.9965721368789673,0.0068065141264479385,-0.0017543727552423807,2.253995895385742
933888,252.29747697900166,0.006426228917395933,0.07767333835363388,,,,,,,,0.015625,1.016491174697876,0.005673448707973295,-0.0038334435671620068,1.7165790796279907
942080,255.21954611499677,0.005456200194332721,0.06074218824505806,,,,,,,,0.015625,1.0107866525650024,0.0076158849271912195,-0.0012145829002291294,1.7724087238311768
950272,258.0150921230088,0.004414927170713371,0.04353027418255806,0.0027644704500456863,0.007934394820325019,0.004940799620205938,66,83.29666850061024,47.25,nan,0.0078125,1.0150349140167236,0.006247237371018366,-0.0003293553068951939,2.0828049182891846
958464,260.83817480001017,0.005889547269182545,0.06990966945886612,,,,,,,,0.015625,1.0120580196380615,0.006206084856845474,-0.0018816477130642823,1.597991704940796
966656,262.97003388099256,0.00552290838539297,0.06397705525159836,,,,,,,,0.015625,1.0106395483016968,0.00618281286843766,-6.917757398483352e-05,1.4485619068145752
974848,265.05824962601764,0.005430473140022015,0.06278076022863388,,,,,,,,0.015625,1.0194824934005737,0.0073780036342337655,-0.0016887347424991168,1.4506748914718628
983040,268.1465004950005,0.0059930296464283436,0.0693359375,0.0012288709496768302,0.004929268428337375,0.002076049708878658,66,86.32019349361745,48.75,nan,0.015625,1.014281153678894,0.00646673432349173,-0.0015623564859644252,1.6062252521514893
991232,271.4870270419924,0.005234635225956291,0.05826416239142418,,,,,,,,0.015625,1.0214415788650513,0.0032392890246984666,-0.0007734054073176046,1.7489646673202515
999424,275.2567011990177,0.0053571050237476645,0.06004638597369194,,,,,,,,0.015625,1.0180708169937134,0.004969218817143729,-0.0003761637140498031,1.8074705600738525
1007616,278.4632072770037,0.0057913532489721285,0.06777343899011612,,,,,,,,0.015625,1.0341233015060425,0.006635025456369748,-0.0017990504514416182,2.1407947540283203
1015808,281.7181767949951,0.005714031109158011,0.06541748344898224,0.0020039481893265876,0.004175644036524717,0.003072226096818065,66,86.6271284381233,48.75,nan,0.015625,1.039856195449829,0.0050902577614905355,-0.0008814552143831535,1.8381274938583374
1024000,284.68548407801427,0.0062621849171248245,0.07614745944738388,,,,,,,,0.015625,1.026806116104126,0.006516113664185264,-0.001654096752064016,2.030503988265991
1032192,287.42513964601676,0.006612331637068522,0.08128662407398224,,,,,,,,0.015625,1.0493630170822144,0.005222951453898561,-0.0009815758021127553,2.2292449474334717
1040384,290.19075826500193,0.005988889979802303,0.07183837890625,,,,,,,,0.015625,1.0672529935836792,0.0044420948616788695,-0.0010763895861846922,1.7813876867294312
1048576,293.32310352500645,0.006454454885682765,0.07862549275159836,0.0016748422307467647,0.006353462809571775,0.00267954241182492,66,86.11825616528769,48.75,nan,0.015625,1.047191858291626,0.005639175863924118,-0.002506011757162862,1.5730220079421997
1056768,295.9307979750156,0.005721229233595165,0.0672607421875,,,,,,,,0.015625,1.0704621076583862,0.005758501681568918,-0.0005325614320148694,1.9208984375
1064960,298.0752842660004,0.005663575831438124,0.06507568806409836,,,,,,,,0.015625,1.0822622776031494,0.004956453208996636,-0.002424917799886578,2.1142029762268066
1073152,300.3428877630213,0.0050213569674094835,0.05499267578125,,,,,,,,0.015625,1.0676934719085693,0.0018130451108166468,-0.0005704198481505118,2.5955028533935547
1081344,303.29068558401195,0.005502810786594226,0.06416016072034836,0.001999301519442387,0.0038529615093314874,0.002446405645166594,66,88.24507884915835,48.75,nan,0.015625,1.0723693370819092,0.006100176426764692,-0.0010205347193170428,2.0432302951812744
1089536,306.42862718499964,0.005641542057714582,0.06613769382238388,,,,,,,,0.0078125,1.0625706911087036,0.004355051609704341,-0.0013882219926820076,1.9800986051559448
1097728,309.34352461699746,0.00567886458513602,0.06627197563648224,,,,,,,,0.015625,1.0551509857177734,0.004219238473091503,-0.000741665240776478,1.7924429178237915
1105920,312.31439325699466,0.0065046510855001835,0.07512207329273224,,,,,,,,0.015625,1.0672930479049683,0.004508064130040646,-0.0019034208315586644,1.17973792552948
1114112,315.22730047701043,0.005721150661761456,0.06748046725988388,0.002068870275253154,0.0037992981209506896,0.0024992139532947436,66,88.15761875622538,48.75,nan,0.015625,1.0737003087997437,0.0035599150334508223,-0.0006857538428176309,1.6439205408096313
1122304,318.382180798013,0.00599031095368659,0.07100830227136612,,,,,,,,0.015625,1.0737125873565674,0.004771994542974712,-0.0007498241931039053,1.1018781661987305
1130496,321.5154974560137,0.007036423861386515,0.08770751953125,,,,,,,,0.015625,1.069596529006958,0.004487513991160286,-0.0023906466841011305,1.4389647245407104
1138688,324.45238651600084,0.005218651937966807,0.05815429612994194,,,,,,,,0.015625,1.096627116203308,0.0031599025231984768,-0.0008397593061268178,1.9038819074630737
1146880,327.3827736370149,0.005537258890966517,0.06376953423023224,0.0026574365515541487,0.004039004400971303,0.0029958276941506215,66,88.1614026943626,48.75,nan,0.015625,1.0739165544509888,0.00392170199571259,-6.567076653892097e-05,1.9409099817276
1155072,329.5914029350097,0.00555157913974809,0.06558837741613388,,,,,,,,0.015625,1.0957778692245483,0.003429313776754428,9.337602030427396e-05,1.9203354120254517
1163264,331.92891680201865,0.006175106210409105,0.07518310844898224,,,,,,,,0.015625,1.090667724609375,0.004444811293751749,-0.0004388072068278511,1.6697266101837158
1171456,334.60963390101097,0.006143361881748092,0.07567138969898224,,,,,,,,0.015625,1.0990679264068604,0.005255433095527929,3.939008676747324e-05,1.8225252628326416
1179648,339.3077389280079,0.00638873062956328,0.07590331882238388,0.0023944168246361475,0.0038557832159550444,0.0025864316066019355,66,89.09125454604491,48.75,49.5,0.015625,1.1105459928512573,0.002885024783864709,-0.0010007712403981373,2.0197315216064453
1187840,342.9561694310105,0.0054025741672355946,0.06212158128619194,,,,,,,,0.015625,1.1107286214828491,0.0020770893522463196,-0.0002023654516241746,2.0914268493652344
1196032,346.31296012501116,0.006856080652499305,0.08656006306409836,,,,,,,,0.015625,1.1150075197219849,0.0032009330756856413,-0.0013885169971755576,2.2799599170684814
1204224,349.3308007050073,0.0061840194868973,0.07412109524011612,,,,,,,,0.015625,1.1202174425125122,0.0034504911399973696,-0.0007793679252852156,1.8718124628067017
1212416,352.31900255399523,0.005705412452741142,0.06741943210363388,0.002671965563457279,0.00432688345968012,0.0029060920240917,66,89.41201600664996,48.75,nan,0.015625,1.1213163137435913,0.002533644263039692,0.0010530800775677737,2.4924514293670654
1220608,355.4852792460006,0.005849156333032256,0.06942138820886612,,,,,,,,0.0078125,1.1153287887573242,0.0031079399119474773,-0.0009065301834207184,2.156132698059082
1228800,358.71531316501205,0.006059979512826276,0.07192382961511612,,,,,,,,0.015625,1.0977232456207275,0.004338625957179454,0.00023295574393040032,1.449683427810669
1236992,361.86644853200414,0.006092249505510409,0.074951171875,,,,,,,,0.015625,1.1024994850158691,0.004086072395154384,0.00014822314134174363,1.3954232931137085
1245184,364.62741554901004,0.005593832900993057,0.06407471001148224,0.0029094058334969697,0.004119628113956908,0.003324800666802064,66,88.99617381477992,48.75,nan,0.015625,1.1031687259674072,0.004120611746565517,-0.001266293493231308,1.4495347738265991
1253376,366.8672170790087,0.006386521276037924,0.07709961384534836,,,,,,,,0.015625,1.1076838970184326,0.003732905175912771,-0.0013397068734527402,1.5926051139831543
1261568,369.0028446810029,0.00597629519666976,0.07076416164636612,,,,,,,,0.015625,1.1038939952850342,0.0036476374049692396,-0.00037178410926705277,1.9758862257003784
1269760,371.1142083950108,0.006943438983098341,0.08842773735523224,,,,,,,,0.015625,1.1145260334014893,0.003573855965177886,-0.001903531015063955,1.5614680051803589
1277952,373.2304034870176,0.006436592785032282,0.0767822265625,0.0014867646084443242,0.00401918199711252,0.0030028938687571283,66,89.72181129166418,42.75,nan,0.015625,1.1255817413330078,0.0038890803902235207,-0.000861782839923103,1.7082961797714233
1286144,375.35267368599307,0.006649478866783476,0.08430176228284836,,,,,,,,0.015625,1.134222388267517,0.003104636733805799,-0.0021551787572674404,1.9014692306518555
1294336,377.44328770501306,0.006253183684438258,0.07509765774011612,,,,,,,,0.015625,1.1415051221847534,0.00274418854366848,0.0002847629986510651,1.8803539276123047
1302528,379.5033117700077,0.006941016445430505,0.08537597954273224,,,,,,,,0.015625,1.1384623050689697,0.004573362990197916,0.00011448631987931253,1.7340363264083862
1310720,381.53891812000074,0.0066973223905418405,0.084716796875,0.00141875900540811,0.004638111104731324,0.0023371521080368554,66,88.78875536532934,48.75,nan,0.015625,1.143609881401062,0.0037983029819906537,0.00012355433200407262,1.5999994277954102
1318912,383.6069207669934,0.006719199363955515,0.08586426079273224,,,,,,,,0.015625,1.161784291267395,0.003373921812367742,0.00042943280570444814,1.4724514484405518
1327104,385.63492260102066,0.007624558734164079,0.09871826320886612,,,,,,,,0.015625,1.1656455993652344,0.0022176422832948517,-0.00013980414435099458,1.6514053344726562
1335296,387.6801206890086,0.007063856439010405,0.08839111775159836,,,,,,,,0.015625,1.1699100732803345,0.0030983502558249556,-0.0017248401420239597,1.9055826663970947
1343488,389.71019549199264,0.006841541659652631,0.08574219048023224,0.0011063589084452374,0.004565012328669605,0.0021986811834368127,66,89.0122084815802,48.75,nan,0.015625,1.1653417348861694,0.002891697560712581,0.0009133120526061884,1.9843835830688477
1351680,391.80728455699864,0.0067674608255814984,0.08334960788488388,,,,,,,,0.015625,1.1683716773986816,0.0032029508691061694,0.0005512607277240889,1.8097511529922485
1359872,393.920993673004,0.006658671021273777,0.08164062350988388,,,,,,,,0.0078125,1.132192850112915,0.004867995044546037,-0.0015636280514893502,1.271066665649414
1368064,395.95655073801754,0.006779171167491792,0.08100586384534836,,,,,,,,0.015625,1.1327813863754272,0.0022680700124284472,0.000705196858578613,1.5005546808242798
1376256,397.94882529301685,0.006952625433412305,0.08807373046875,0.0012892330270555252,0.0035156406373633487,0.0018919980847811658,66,90.65385829784006,48.75,nan,0.015625,1.140897274017334,0.0026727404749267492,-0.0004562112054951149,1.3111352920532227
1384448,399.99449385801563,0.0067884292345555125,0.08258056640625,,,,,,,,0.015625,1.143721580505371,0.003131125409660507,-0.0005180120135157035,1.403628945350647
1392640,401.96968072399613,0.0070895006372368695,0.09104003757238388,,,,,,,,0.015625,1.1499322652816772,0.0032728974103997444,-0.0006933149637298832,1.5402710437774658
1400832,403.9680023289984,0.006240717666904813,0.07611083984375,,,,,,,,0.015625,1.1553000211715698,0.004078141090912746,-0.0002834237443940577,1.758474349975586
1409024,405.96224051201716,0.007009668378900076,0.08887939900159836,0.002620211390549354,0.006561820874549918,0.0030047988480512602,66,91.51606948930026,45.0,47.25,0.015625,1.1528985500335693,0.002595764851489635,0.00013268094107302388,2.2067885398864746
1417216,408.04464506101795,0.005724557375932304,0.06560058891773224,,,,,,,,0.015625,1.1570700407028198,0.0038973284579504664,-0.0002753032462279468,2.067986249923706
1425408,410.1665787730017,0.007784464997222684,0.09989013522863388,,,,,,,,0.015625,1.1577335596084595,0.0023713867073534957,-2.6621080024542184e-05,2.1255016326904297
1433600,412.23159675701754,0.007233647832290935,0.09195556491613388,,,,,,,,0.015625,1.1655874252319336,0.0018210177829501518,0.0007702076553673867,1.9805049896240234
1441792,414.2596940000076,0.007023342032602665,0.08973389118909836,0.0009571715716544249,0.005744265548153694,0.0013762017404075678,66,92.1751057741931,46.5,49.5,0.015625,1.1653507947921753,0.0036242770979329265,0.0008907565604255552,1.7173210382461548
1449984,416.3492205130169,0.007680021378798585,0.09791260212659836,,,,,,,,0.015625,1.1839098930358887,0.0030212372449733294,-0.0008938845481376745,2.0048317909240723
1458176,418.3937509160023,0.006814087908727258,0.08271484822034836,,,,,,,,0.015625,1.1984243392944336,0.0020960673557698485,-0.00043195594394019514,2.055210590362549
1466368,420.4238285270112,0.006466651304376412,0.08104248344898224,,,,,,,,0.015625,1.1881989240646362,0.0029400644185837324,0.0003109542045529818,2.1408004760742188
1474560,422.45483360701473,0.006925059547068631,0.08413086086511612,0.0008132835323949594,0.005327782797016079,0.0013813014475755891,66,92.13737252960821,46.5,nan,0.015625,1.188124418258667,0.0029859738625938603,-4.139627969538223e-05,2.343012571334839
1482752,424.5007314690156,0.006826107381168155,0.08265381306409836,,,,,,,,0.015625,1.195989966392517,0.0017693825355722282,0.0017224326260676223,1.945717453956604
1490944,426.5884321400081,0.007678496300034698,0.09982910007238388,,,,,,,,0.0078125,1.186125636100769,0.002910249406099952,0.0006340354445492049,1.744673728942871
1499136,428.6223163130053,0.00733423046199053,0.09454345703125,,,,,,,,0.015625,1.1736466884613037,0.0030811232838505176,-0.0008640161784233575,2.0320041179656982
1507328,430.6730022029951,0.007012412070467196,0.08714599907398224,0.0017219912101910095,0.0058472686047483236,0.0020743992624381647,66,92.65259011091679,45.0,47.25,0.015625,1.1718863248825073,0.002407683804358152,0.0009537833139159973,1.498377799987793
1515520,432.8090347349935,0.007385973018580236,0.09458007663488388,,,,,,,,0.015625,1.1689647436141968,0.002929741958738086,-0.0005643696602744211,1.4275957345962524
1523712,434.9030280029983,0.007670210478187476,0.10078125447034836,,,,,,,,0.015625,1.177962064743042,0.00256038635671908,-0.0009101984558245746,1.3228946924209595
1531904,439.0483066460001,0.008078139760379091,0.10603027790784836,,,,,,,,0.015625,1.183171033859253,0.0032249909283821212,0.00021319428328832866,1.586219072341919
1540096,443.1027360630105,0.006947155273868933,0.087158203125,0.0012923790788932354,0.00580715912814126,0.0017076787214958756,66,93.38743187546139,45.0,45.0,0.015625,1.1851893663406372,0.0016464650085321053,-0.0002942157062788048,1.9296661615371704
1548288,445.46552840800723,0.006897668494429703,0.08836670219898224,,,,,,,,0.015625,1.1885480880737305,0.0022467286299263536,-0.00013068292615156995,1.9755924940109253
1556480,448.35810902301455,0.007620176509503045,0.09871826320886612,,,,,,,,0.015625,1.186866283416748,0.003543548856786616,-0.0014519111106501708,1.8228596448898315
1564672,451.8824414590199,0.007156242717806072,0.09093017876148224,,,,,,,,0.015625,1.201037883758545,0.002171605529840137,-0.0018309437873825893,1.7771419286727905
1572864,455.1771418309945,0.008345514684240204,0.10855712741613388,0.0016651503738238649,0.005258533944789379,0.0020254754829088896,66,93.81273193522819,46.5,45.0,0.015625,1.20587956905365,0.002522927254078178,0.0007423867387695013,2.0366101264953613
1581056,458.23465257001226,0.007060383512191392,0.08768310397863388,,,,,,,,0.015625,1.2093418836593628,0.0023929437406003174,0.0015406272860603212,1.8077003955841064
1589248,461.18594687699806,0.006797074309667002,0.08358154445886612,,,,,,,,0.015625,1.2235347032546997,0.0019422488160736663,0.0006987835359673489,2.1030776500701904
1597440,464.25201760901837,0.007001862692259395,0.08934326469898224,,,,,,,,0.015625,1.2235037088394165,0.002594834097120591,-0.0006474923596661835,2.1341464519500732
1605632,467.86031482199905,0.007473599958609501,0.09532471001148224,0.0008095246697521485,0.003751514159610403,0.0011324846045149938,66,93.92680018730245,46.5,47.25,0.015625,1.2381349802017212,0.0015455766637406554,0.00103541557813365,2.11108660697937
1613824,471.83758777199546,0.0073330561599769225,0.09006347507238388,,,,,,,,0.015625,1.2426143884658813,0.0019765215853238317,0.0011947961713556087,1.85387122631073
1622016,475.92040699601057,0.00858014093457041,0.10848388820886612,,,,,,,,0.015625,1.2447211742401123,0.0008501093585969399,0.0004480654985508868,1.8586750030517578
1630208,478.7431610109925,0.00773395294008402,0.0986328125,,,,,,,,0.0078125,1.21051824092865,0.0021636416599809193,0.0008761409105745815,1.4765475988388062
1638400,481.01566111602006,0.007471016981373313,0.09462890774011612,0.0011281545472108245,0.002908438537503366,0.0014395620238120245,66,94.44033595107048,46.5,47.25,0.015625,1.2018671035766602,0.0017456026339523036,0.00015038807554842664,1.770345687866211
1646592,483.46292700999766,0.007427832342944031,0.09401855617761612,,,,,,,,0.015625,1.2162599563598633,0.002183576048937697,-0.00023708402338607406,1.267242670059204
1654784,487.087133996014,0.006141651639134795,0.073974609375,,,,,,,,0.015625,1.1959924697875977,0.002509490776136525,0.0006776381051208288,1.2331517934799194
1662976,491.5401086290076,0.007924684321962791,0.10092773288488388,,,,,,,,0.015625,1.198681116104126,0.0013333155631167215,-0.001473202569803721,1.283189296722412
1671168,495.3786564040056,0.007697382150962662,0.09891357272863388,0.0009331631316198408,0.0031336824364888273,0.0011970338670795556,66,94.01596768477417,48.75,47.25,0.015625,1.2087842226028442,0.002152216720096456,0.0004570283678638565,1.2558929920196533
1679360,499.070093590999,0.007126912300088293,0.09093017876148224,,,,,,,,0.015625,1.222693920135498,0.001975687907576729,-0.0009154845728128671,1.2746763229370117
1687552,502.1285891229927,0.007228248023693711,0.09129638969898224,,,,,,,,0.015625,1.2239744663238525,0.0021122150996267463,0.00177791252540556,1.3142794370651245
1695744,505.36310129999765,0.0079797785962281,0.1007080078125,,,,,,,,0.015625,1.233827829360962,0.002330945073064983,0.0009122229225728845,1.3764139413833618
1703936,508.96123099699616,0.007714809777410982,0.09801025688648224,0.0005626371059727076,0.0038695788731030745,0.0008289223412473291,66,94.21470229819712,48.75,49.5,0.015625,1.2294869422912598,0.0020258402653913323,0.0016464824673178354,1.2551345825195312
1712128,512.8171038909932,0.008077200404960091,0.10576172173023224,,,,,,,,0.015625,1.2366584539413452,0.0020821711336226458,-0.0015203829551161498,1.661088228225708
1720320,517.7607025809994,0.0074987495854366044,0.09514160454273224,,,,,,,,0.015625,1.2280170917510986,0.0026672400208096803,-0.0003272506424590016,1.5095208883285522
1728512,520.4289603040088,0.008887950692001113,0.11308594048023224,,,,,,,,0.015625,1.2392849922180176,0.0015732522021477792,-0.0013906965106712335,1.3214938640594482
1736704,523.0321687410178,0.007049673368333453,0.08948975056409836,0.0005588566360883451,0.005148405341834684,0.0010966882554247603,66,93.01630478991703,45.0,nan,0.015625,1.2446962594985962,0.002735187758049962,0.0002903322076044542,1.3992500305175781
1744896,526.4944068850018,0.008282612244672706,0.10541992634534836,,,,,,,,0.015625,1.2550182342529297,0.0020996589567963907,0.0009093249985719976,1.3072086572647095
1753088,530.2976059539942,0.007980540235291425,0.10056152194738388,,,,,,,,0.015625,1.2494169473648071,0.0021007954512975656,0.0007774671362353659,1.2444530725479126
1761280,533.9302646520082,0.006598502080244276,0.08216553181409836,,,,,,,,0.0078125,1.2454127073287964,0.002639351234639642,0.000738742804097099,1.3478808403015137
1769472,537.729677640018,0.007222362527805473,0.09208984673023224,0.0005369408206596926,0.0049833534454092445,0.0011417764436662536,66,93.34370042905454,45.0,nan,0.015625,1.2140107154846191,0.002590391291808325,0.000240078910506438,1.1173186302185059
1777664,541.283214146999,0.007621015416344266,0.09923096001148224,,,,,,,,0.015625,1.2315995693206787,0.0017854047825190179,0.0012141870073566084,1.016292929649353
1785856,544.6861924830009,0.008519303803857708,0.10958252102136612,,,,,,,,0.015625,1.2258540391921997,0.001336525399873645,0.0013347830570143153,1.1594748497009277
1794048,548.0254453459929,0.008564652350701809,0.11166992038488388,,,,,,,,0.015625,1.2264217138290405,0.001975063297147395,-0.0012305450052465434,0.8278476595878601
1802240,551.5747309630096,0.009247884843877615,0.11949463188648224,0.0013161721432393136,0.0040266479950314404,0.0018775348693320538,66,91.98036546518323,47.25,nan,0.015625,1.2364948987960815,0.0018965211889674705,-0.00032489024445484535,1.0062575340270996
1810432,555.040319399006,0.00777843369399047,0.10051269829273224,,,,,,,,0.015625,1.2336883544921875,0.0021721481796383004,-5.912042023931191e-05,0.8614789843559265
1818624,558.4191294240009,0.008481221076491843,0.10838623344898224,,,,,,,,0.015625,1.2444846630096436,0.001985837862526141,0.0009460947878873697,1.0434545278549194
1826816,561.0690591160092,0.007588684404665769,0.09626465290784836,,,,,,,,0.015625,1.2472926378250122,0.0018378789681603336,0.0018629577529152978,1.0834944248199463
1835008,564.0545908609929,0.00776957492089703,0.0994873046875,0.000679831948077747,0.005313864564655668,0.0011783963905441454,66,93.45027870421795,45.0,nan,0.015625,1.2549378871917725,0.0015468203526795123,0.00163781556043754,1.2104623317718506
1843200,567.9942281700205,0.00908308291652104,0.11826171725988388,,,,,,,,0.015625,1.2572020292282104,0.0017369520492708347,0.0008788942314754569,1.4025909900665283
1851392,571.7442311909981,0.008443395405543513,0.10859375447034836,,,,,,,,0.015625,1.2679338455200195,0.0019110308181878978,0.0011815480254111562,1.2963409423828125
1859584,575.408781442995,0.009078426625501606,0.12075195461511612,,,,,,,,0.015625,1.2660597562789917,0.002222759988074097,2.694632847495455e-05,1.098695158958435
1867776,578.9604430470208,0.007691044513301242,0.09882812947034836,0.0006642731035515492,0.003950451468402194,0.0009627526866787917,66,94.57434258233067,48.75,49.5,0.015625,1.2835808992385864,0.0023367047496753003,0.0008542851419106921,1.1376641988754272
1875968,582.9138359590142,0.007637782345719705,0.09453125298023224,,,,,,,,0.015625,1.2845613956451416,0.002228312713247627,0.0006327261004356773,1.2736005783081055
1884160,586.6739944250148,0.00698662172503889,0.08768310397863388,,,,,,,,0.015625,1.273181676864624,0.0017834538666746782,0.0007631297100365294,1.289763331413269
1892352,590.453455926996,0.008407648901442442,0.11011963337659836,,,,,,,,0.015625,1.2747914791107178,0.0013537259136208292,0.0007245898801413403,1.5932695865631104
1900544,594.2016650580044,0.007798273214512747,0.09890136867761612,0.0007106043682708618,0.004114990947451369,0.0010040099749891397,66,94.40360878040339,48.75,49.5,0.0078125,1.2158470153808594,0.0026978345006337338,0.0008340082381587698,1.2058957815170288
1908736,598.0857180590101,0.008725461064516776,0.10981445759534836,,,,,,,,0.015625,1.2414263486862183,0.0016673945936753198,-9.755191210819121e-05,1.0627045631408691
1916928,600.7282770659949,0.008453360801878286,0.11203613132238388,,,,,,,,0.015625,1.241489291191101,0.0010540772138543431,2.2239134488737162e-05,0.9627861380577087
1925120,603.4295443489973,0.008011700148100959,0.10256347805261612,,,,,,,,0.015625,1.2464611530303955,0.0017318737137876794,-0.0011424042804214843,0.893835723400116
1933312,607.1589835399936,0.008457477096294398,0.11009521782398224,0.0009709848137180455,0.004810433257621528,0.0012677399625509068,66,94.32702875571145,48.75,49.5,0.015625,1.246725082397461,0.0011970599382638782,-8.874674236536854e-05,0.8731549382209778
1941504,611.1018373020052,0.010534562700252114,0.13833008706569672,,,,,,,,0.015625,1.256287693977356,0.0014905546812669869,0.00021577821484411978,1.0106228590011597
1949696,615.0926125720143,0.00790541700428579,0.10100097954273224,,,,,,,,0.015625,1.2559748888015747,0.0012881034888578724,-0.0006947640961600344,1.1171947717666626
1957888,618.7518255230098,0.00826821673863084,0.11003418266773224,,,,,,,,0.015625,1.2702200412750244,0.002037036854300156,-0.0013823092241830046,1.264145851135254
1966080,622.9943956210045,0.007675381359437342,0.09498291462659836,0.001129918471175384,0.004993019848182401,0.001462191934403323,66,94.50302382455806,48.75,49.5,0.015625,1.2680485248565674,0.0019641576282944384,0.0022112632196006786,1.5635517835617065
1974272,626.9290484920202,0.006952875655013956,0.08640136569738388,,,,,,,,0.015625,1.294446349143982,0.00142240058907136,0.0009435824216888149,1.1889561414718628
1982464,630.4389539000113,0.008309878805762666,0.10445556789636612,,,,,,,,0.015625,1.2766214609146118,0.0023165243985660113,0.0014720857201557637,0.9744429588317871
1990656,634.3521664889995,0.008135067833440396,0.10529785603284836,,,,,,,,0.015625,1.2851909399032593,0.0023511773711777707,-4.363036427936437e-05,1.0785037279129028
1998848,638.445976285002,0.007620159614628672,0.09696044772863388,0.000906395101411106,0.0036433841586508975,0.0012482564280989707,66,94.92982882255593,48.75,47.25,0.015625,1.3066717386245728,0.0017716884342273587,0.0003829434372703525,1.3470548391342163
2007040,641.2100962460099,0.007086563691022613,0.0899658203125,,,,,,,,0.015625,1.3017406463623047,0.0013898697670757243,0.0004329554506241217,1.370700716972351
2015232,643.8849858450121,0.009562434573850958,0.12425537407398224,,,,,,,,0.015625,1.3120578527450562,0.0012075639595541588,0.0005462428733264585,1.228563904762268
2023424,648.0756810260064,0.0077127467484245016,0.09788818657398224,,,,,,,,0.015625,1.3009384870529175,0.0015123783977887386,-0.0004570193531305892,1.4458599090576172
2031616,651.8798363480018,0.00781570297441031,0.09910888969898224,0.0008174626702937005,0.003953332411566402,0.0011826047199517632,66,95.15252472602003,48.75,49.5,0.0078125,1.282439947128296,0.0014025109287240213,0.0007728270292291767,1.2919107675552368
2039808,655.6149760510016,0.008506886604979709,0.10909423977136612,,,,,,,,0.015625,1.259765863418579,0.0020291538807965083,-0.0006005243016344757,0.8979153037071228
2048000,659.3249684790208,0.008622233366588449,0.10772705078125,,,,,,,,0.015625,1.26318359375,0.0018368635586136662,0.0006110640909006048,1.107365369796753
2056192,663.3121948190092,0.008765699114264445,0.11098632961511612,,,,,,,,0.015625,1.2674334049224854,0.0016652370656946914,0.0012038293007711354,0.7697979807853699
2064384,667.3554034749977,0.0075106014860139144,0.09539794921875,0.0011189866891607725,0.0025107961091275556,0.0017534917081554525,66,96.15201657365446,42.0,45.0,0.015625,1.277593731880188,0.0016814049979355318,0.0008854982464957368,1.3209021091461182
2072576,671.1160888900049,0.00966837166673301,0.12403564900159836,,,,,,,,0.015625,1.2859258651733398,0.0013778956847919745,0.002828554156504902,1.0237258672714233
2080768,674.6627208510181,0.008319451663746938,0.10812988132238388,,,,,,,,0.015625,1.2869877815246582,0.0012663328666808638,0.0010532328864442172,1.4277095794677734
2088960,678.6900284920121,0.010350784757184015,0.13388672471046448,,,,,,,,0.015625,1.2952663898468018,0.0015452104625603424,0.0016084696910811606,1.0506033897399902
2097152,682.3157950729947,0.00827700871317213,0.10581054538488388,0.001189896308319005,0.003073114546695821,0.0015857111288912207,66,95.72174866600892,48.75,47.25,0.015625,1.2953267097473145,0.0016204760925174868,0.001197638670487624,1.3679231405258179
2105344,685.0536846590112,0.008707249571796175,0.10750732570886612,,,,,,,,0.015625,1.3001930713653564,0.0015277608706056767,0.0022801952577896317,1.2596639394760132
2113536,688.3277132780058,0.007837134490047732,0.10074462741613388,,,,,,,,0.015625,1.311179280281067,0.0013104051388649453,0.001508496767407885,1.6110775470733643
2121728,692.6202137749933,0.009107037315120886,0.11784668266773224,,,,,,,,0.015625,1.3164150714874268,0.001688510082987038,0.0017340874899394725,1.163157343864441
2129920,696.7652727700188,0.009274310449922933,0.11879882961511612,0.0007289454423164976,0.004374860810603687,0.0012051350615613799,66,94.53529770193035,48.75,nan,0.015625,1.3167623281478882,0.0011641481524727992,0.002571540985761737,0.8429209589958191
2138112,700.3452647929953,0.008412881609974871,0.10924072563648224,,,,,,,,0.015625,1.3251901865005493,0.0011592179200868968,-0.0001623168696173604,1.226171612739563
2146304,704.1061334630067,0.010768240142103896,0.13950195908546448,,,,,,,,0.015625,1.3193433284759521,0.0015252020450934878,0.0007272872373206096,0.9214652180671692
2154496,708.1315184069972,0.007824936857926226,0.09847412258386612,,,,,,,,0.015625,1.3250977993011475,0.0017970447702477244,0.0017189479193584697,1.1311701536178589
2162688,724.9790762810153,0.00969537356373519,0.12919922173023224,0.000679557183448698,0.004061065978276746,0.0011727548546202173,66,94.41917286648246,48.75,nan,0.015625,1.3183526992797852,0.0018324703486420346,0.0004064778469514784,0.930333137512207
2170880,742.5950130090059,0.009018172025750715,0.11781006306409836,,,,,,,,0.0078125,1.2776566743850708,0.0011893748259411809,-0.0011199451988185036,0.9799135327339172
2179072,758.8738822980085,0.010504487467971948,0.13930664956569672,,,,,,,,0.015625,1.2855134010314941,0.0016140927466972044,0.001326995450990385,0.8343960642814636
2187264,775.021681143,0.008862447247834582,0.11893310397863388,,,,,,,,0.015625,1.2869818210601807,0.0012832298921883535,0.001489067256274697,0.6160320043563843
2195456,791.833165884018,0.008676998953351311,0.11256103962659836,0.0007364690122206863,0.0038353420509504746,0.0011703412850022743,66,94.79246807605838,48.75,nan,0.015625,1.2870638370513916,0.001747585695776921,-0.0004839819512495198,0.7984011769294739
2203648,810.0729849860072,0.007885855868001364,0.10091552883386612,,,,,,,,0.015625,1.2907215356826782,0.0015034000264840031,0.0005258701584349537,0.7820119261741638
2211840,827.1452610080014,0.010115717334907424,0.13149414956569672,,,,,,,,0.015625,1.3009535074234009,0.0017244250764492876,0.002268393135724936,0.7960831522941589
2220032,840.3182633249962,0.009115660241354196,0.11942138522863388,,,,,,,,0.015625,1.2998173236846924,0.0016512992497270118,0.001563711112589921,0.7022374272346497
2228224,843.263703877019,0.00895330612684655,0.11835937947034836,0.0014836543970294658,0.00268580872009222,0.0019098800658839622,66,95.50808241867722,48.75,nan,0.015625,1.3028534650802612,0.001829924263269278,0.0005694525343075538,1.0459059476852417
2236416,846.5512101180211,0.008992697792430443,0.11727295070886612,,,,,,,,0.015625,1.3210396766662598,0.0008023940286507325,0.0003739299771937533,0.8526811599731445
2244608,849.4091692579968,0.00853887492284591,0.10820312798023224,,,,,,,,0.015625,1.3253754377365112,0.0014716264640694532,0.0004806429865088422,0.936710774898529
2252800,852.0844567439926,0.008859843240859117,0.1114501953125,,,,,,,,0.015625,1.3176047801971436,0.0015016954124314253,0.0006364495506241665,1.2863229513168335
2260992,854.6108522709983,0.007927738255151754,0.09932861477136612,0.0012051054883639445,0.0023776556610152766,0.0017177964823852478,66,96.36444779725335,46.5,45.75,0.015625,1.3402116298675537,0.0016656949552424805,0.0011116001863155469,1.2327343225479126
2269184,857.3599039470137,0.00899458347347346,0.11613769829273224,,,,,,,,0.015625,1.3353239297866821,0.0013913915282289025,0.0004272271275734494,1.2096871137619019
2277376,860.2180589560012,0.007390920743748875,0.09326171875,,,,,,,,0.015625,1.3416030406951904,0.0013504271224986097,0.0012404003949265938,1.3902286291122437
2285568,862.9726695830177,0.008029612670065604,0.10197754204273224,,,,,,,,0.015625,1.3355538845062256,0.0014237059740659476,0.0007964199931246507,1.1245067119598389
2293760,865.9249224340019,0.008001455227861502,0.10122070461511612,0.0010502682029809307,0.0025066751174392166,0.0015884410271652329,66,96.27044240719684,46.5,47.25,0.015625,1.337269902229309,0.0009680600085187563,0.001402122190843452,1.3614848852157593
2301952,868.9817118660139,0.007622703200089984,0.09801025688648224,,,,,,,,0.0078125,1.3198518753051758,0.0011258876605311997,0.0007843550656051617,1.0508743524551392
2310144,872.0217460179992,0.009897984211423475,0.12998047471046448,,,,,,,,0.015625,1.2913964986801147,0.002194460527492781,0.0006584385259736046,0.8480583429336548
2318336,874.9271599519998,0.010609237709373961,0.13697509467601776,,,,,,,,0.015625,1.3036580085754395,0.001450951134334788,0.0028890285238965226,0.9356586337089539
2326528,877.9919643280155,0.008396674092183807,0.10728760063648224,0.0012460818010057162,0.002384934271875261,0.0017694876465529476,66,96.29526767807546,46.5,47.25,0.015625,1.3103854656219482,0.0013504719045865144,-0.0001533329573479206,0.776857852935791
2334720,881.2541726130003,0.008383918574404384,0.10976562649011612,,,,,,,,0.015625,1.3006435632705688,0.0011839565956069165,0.0012699560198090628,0.8455185890197754
2342912,884.3169288430072,0.010352986597626047,0.13125000894069672,,,,,,,,0.015625,1.316575050354004,0.0018417421126878054,0.0009179409105495644,0.7198494672775269
2351104,886.6049958440126,0.009002534436614544,0.11948242038488388,,,,,,,,0.015625,1.3260480165481567,0.0012304213499900185,-0.00044026364549476846,0.7348576784133911
2359296,888.9767774700013,0.00966163614575098,0.11888428032398224,0.0012760499667847647,0.002805673787580909,0.0018389741877981591,66,96.16504362925504,46.5,47.25,0.015625,1.324357509613037,0.0017774292584865293,0.0014127378986651955,0.9036839604377747
2367488,892.104498975008,0.008075398992115594,0.10272216796875,,,,,,,,0.015625,1.321927547454834,0.0018548793033379752,0.0008670387396337295,1.0471605062484741
2375680,895.6006192180212,0.009223183957872434,0.11997070163488388,,,,,,,,0.015625,1.3448750972747803,0.00087818818296318,0.0014478825205189135,0.8703212738037109
2383872,898.9955210350163,0.009726550241067933,0.12349853664636612,,,,,,,,0.015625,1.34134042263031,0.0017335104990130802,0.001863217660671812,1.213405966758728
2392064,902.7101417310187,0.008297251553288497,0.1026611328125,0.0016649123460205084,0.004264199051260975,0.0024203760959612963,66,95.87071508808525,47.25,43.5,0.015625,1.3409157991409302,0.0018280983478276781,0.0013850659745282526,1.0408518314361572
2400256,906.2563281960029,0.007526935008526206,0.09091796725988388,,,,,,,,0.015625,1.3489705324172974,0.0014049890441765968,0.0017478387647793824,1.5954110622406006
2408448,909.8004221750016,0.010510618490634525,0.14006347954273224,,,,,,,,0.015625,1.3458468914031982,0.0012233889938746301,0.0014789011997778097,1.4204902648925781
2416640,913.2664672819956,0.008519224798739258,0.10953368991613388,,,,,,,,0.015625,1.342592716217041,0.0015702732522634988,0.0020725528929980107,1.5723515748977661
2424832,916.7763086009945,0.00899139573178675,0.11397705227136612,0.0013435811013370325,0.005186674707723549,0.002261681987378539,66,95.96666284134238,47.25,42.75,0.015625,1.3545433282852173,0.0017117814739373016,0.0023835854719683218,1.2482433319091797
2433024,920.5160218400124,0.011095887793462645,0.14554443955421448,,,,,,,,0.015625,1.3567650318145752,0.0018752326221343708,0.0021389619652279154,1.0221296548843384
2441216,923.3702231570205,0.008473074152024473,0.10556640475988388,,,,,,,,0.0078125,1.3048224449157715,0.001523820523645847,0.0008478319736964263,1.2242748737335205
2449408,925.8923889640137,0.010502272862781704,0.13323974609375,,,,,,,,0.015625,1.3122502565383911,0.0018611206212520216,0.002279375002160899,0.844576358795166
2457600,928.8625576299964,0.010710846086222713,0.13887940347194672,0.001050644124637512,0.0048184115909541865,0.0018993295495634555,66,96.23477912801056,47.25,42.75,0.015625,1.3156397342681885,0.001471802486692242,0.0012677849853172756,1.06065833568573
2465792,932.7605155250058,0.009366844870278132,0.12238769978284836,,,,,,,,0.015625,1.317901611328125,0.001255346785583933,0.0013191166371554499,0.8812209963798523
2473984,936.2513357209973,0.00939087921292358,0.11835937947034836,,,,,,,,0.015625,1.3126928806304932,0.0016592759483807897,0.0008665438768853097,0.8198129534721375
2482176,940.0456070280052,0.010820992825005397,0.13597412407398224,,,,,,,,0.015625,1.326037883758545,0.0016340214472270076,0.0023715664105773654,0.844042956829071
2490368,943.7654077890038,0.011679039045827866,0.15045166015625,0.0011022489886534093,0.002014119854849683,0.0017850181643164988,66,96.4908841476816,42.75,49.5,0.015625,1.3408268690109253,0.0014834901914400846,-0.00013703266322804075,0.9488449096679688
2498560,947.5659484440112,0.009276163367811313,0.11571045219898224,,,,,,,,0.015625,1.3478320837020874,0.001573494080666238,0.0013147284256085643,0.7376841902732849
2506752,951.0139628190082,0.008787815286252765,0.11451416462659836,,,,,,,,0.015625,1.349865436553955,0.0010413493849930845,0.0014664790212382266,1.2323276996612549
2514944,954.7021359990176,0.0103096056615017,0.13380126655101776,,,,,,,,0.015625,1.351050615310669,0.0017308576747770644,-0.00029706839020248593,1.237298607826233
2523136,958.5261672680208,0.010079990032129588,0.13094483315944672,0.0010471864124820263,0.00395379800526191,0.001737570367503183,66,96.55714284733044,47.25,45.0,0.015625,1.3577885627746582,0.001557314256287279,0.0011288856490662914,1.2941187620162964
2531328,962.3479636910197,0.009032906124347314,0.11574707180261612,,,,,,,,0.015625,1.3670237064361572,0.0011368643943757363,0.0015637880969858694,1.2267353534698486
2539520,965.0752577510139,0.009434424935128376,0.12187500298023224,,,,,,,,0.015625,1.363194465637207,0.001330426737738344,0.0032911818446610982,1.0944067239761353
2547712,968.0171482840087,0.009273909271595817,0.1165771484375,,,,,,,,0.015625,1.380720853805542,0.0013175304976975055,0.0009624946112238878,1.300531268119812
2555904,971.680883582012,0.009302868700072669,0.12003173679113388,0.0010534099601275937,0.003685986321794255,0.0016906156337453183,66,96.68656265260016,47.25,45.0,0.015625,1.3741189241409302,0.0014749591580650702,0.0028918764384406772,1.1427172422409058
2564096,975.3747054999985,0.009816233852117088,0.12987060844898224,,,,,,,,0.015625,1.369788408279419,0.0015761971826674936,0.0013598042600772501,1.0202831029891968
2572288,979.4734465700167,0.00869284927082711,0.11002197116613388,,,,,,,,0.0078125,1.3426593542099,0.0013360192279525563,0.0018078631087930432,1.1325751543045044
2580480,983.1425814480172,0.010106588448306081,0.12641601264476776,,,,,,,,0.015625,1.322082281112671,0.0011213124816081943,0.002573111402400459,0.9140644073486328
2588672,987.0977393280191,0.01200814726907317,0.14323730766773224,0.0010378605948476727,0.0036144768909891823,0.0016669976820327449,66,96.72612222060071,47.25,45.0,0.015625,1.3276866674423218,0.0009376056897689167,0.0034663868036732453,0.9123015403747559
2596864,991.2834694180056,0.008783656066898807,0.11406250298023224,,,,,,,,0.015625,1.3276665210723877,0.0017591795199860428,0.0014313656624677347,0.769027054309845
2605056,995.0316705650184,0.009715001823626807,0.12215576320886612,,,,,,,,0.015625,1.3329044580459595,0.0014942393162713842,0.0015267700739900708,0.7517892718315125
2613248,998.965556486015,0.010313804382816356,0.13504639267921448,,,,,,,,0.015625,1.3314181566238403,0.0014253521307162288,0.0008169590413135593,0.7816168665885925
2621440,1002.0701099490107,0.010127233630891031,0.13304443657398224,0.0011185121397110365,0.005541610633501771,0.0018733536597129842,66,96.43423861109478,47.25,43.5,0.015625,1.3417561054229736,0.0015504166430570067,0.0017754243882749064,1.0327167510986328
2629632,1004.9677173689997,0.010523662956809435,0.13530273735523224,,,,,,,,0.015625,1.3393323421478271,0.001322444921343491,0.0017911285009718691,1.0697067975997925
2637824,1008.3375752670108,0.009498659716364106,0.12030029296875,,,,,,,,0.015625,1.342707633972168,0.0011521890935303758,0.0018082012557714194,1.251713752746582
2646016,1012.0546245519945,0.009059842939134958,0.11890869587659836,,,,,,,,0.015625,1.347280502319336,0.001032479205699788,0.0014700349776281879,1.0926334857940674
2654208,1015.9839516100183,0.010072374746225911,0.13200683891773224,0.0012518308140073708,0.0028850271558249377,0.0018551302648419977,66,96.66485417283731,46.5,49.5,0.015625,1.3591796159744263,0.001061867468379718,0.0024366976508649685,1.0281085968017578
2662400,1020.2279584479984,0.01100570860717668,0.14301757514476776,,,,,,,,0.015625,1.3759405612945557,0.001271006597684854,0.002356573149838383,0.962393581867218
2670592,1023.9948993849976,0.009244625974815407,0.11787109822034836,,,,,,,,0.015625,1.3799750804901123,0.0016552024189798844,0.0018439452814694177,0.8861414194107056
2678784,1027.8145617260016,0.010244403927979357,0.12935791909694672,,,,,,,,0.015625,1.3876383304595947,0.001367810136919745,0.0013115657636904136,0.800402820110321
2686976,1031.602148031001,0.010275468907967478,0.12753906846046448,0.0010939296237211238,0.0035794740901166633,0.0016686936968978274,66,96.70470410597183,47.25,47.25,0.015625,1.3844516277313232,0.0014197439098153964,0.0035706214994703288,1.0177234411239624
2695168,1035.5769157489995,0.010424361259831701,0.13656006753444672,,,,,,,,0.015625,1.3826435804367065,0.0014034661744261158,0.0023704530141465566,1.2369593381881714
2703360,1039.3727801500063,0.00820061282944189,0.10369873046875,,,,,,,,0.015625,1.373089075088501,0.0013254053812349455,0.001679515133622829,1.2146769762039185
2711552,1042.5906941769936,0.009484910736866801,0.12220459431409836,,,,,,,,0.0078125,1.3390052318572998,0.0014061187290445587,0.0014903290655574393,0.7581990361213684
2719744,1045.2350747669989,0.010990326345803419,0.13843993842601776,0.0009687626511963865,0.004414210292033915,0.0015894194840752164,66,96.73278450442893,47.25,47.25,0.015625,1.337951898574829,0.00127952508356598,0.002663150670935033,0.8818767666816711
2727936,1048.1727462190029,0.010394464728543926,0.13292236626148224,,,,,,,,0.015625,1.341552495956421,0.0014944707935101833,0.001849494676244468,0.7352644801139832
2736128,1065.4866262690048,0.009108328550870268,0.11668701469898224,,,,,,,,0.015625,1.347425937652588,0.0012132887971190499,0.001283529505129141,0.675750732421875
2744320,1082.429154234007,0.01119164156086939,0.13601075112819672,,,,,,,,0.015625,1.3492848873138428,0.001338719135048494,0.0024636592922417447,0.5269562602043152
2752512,1099.7413125900202,0.011164233905131025,0.147216796875,0.0014253680525723178,0.005465959845008273,0.0021715887029463035,66,96.76194216125738,47.25,47.25,0.015625,1.350588083267212,0.0016105024664875402,0.0022090177788246144,0.9695634841918945
2760704,1117.3581824730209,0.012816299300910057,0.15927734971046448,,,,,,,,0.015625,1.3576726913452148,0.0017429716511974448,0.0021939676686419866,1.135483741760254
2768896,1135.4312744759955,0.00913005911642677,0.11684570461511612,,,,,,,,0.015625,1.3511321544647217,0.0016500446968062633,0.0018245281319713338,1.0037806034088135
2777088,1152.2264289960149,0.01082183302116826,0.13974609971046448,,,,,,,,0.015625,1.356712818145752,0.0019434566435765689,0.0016533222632627326,0.9715061187744141
2785280,1170.0292241169955,0.008551011102328124,0.10693359375,0.001310000775340936,0.006680520814364621,0.0022551462125841026,66,96.33063689013215,40.5,42.75,0.015625,1.3545012474060059,0.001542416695752935,0.0022800959615835894,1.6468037366867065
2793472,1184.8036096699943,0.01194259424885178,0.15202637016773224,,,,,,,,0.015625,1.369829773902893,0.0010080811379727607,0.00342119822257361,1.137528419494629
2801664,1187.463423548994,0.00892541802739176,0.11639404296875,,,,,,,,0.015625,1.3609809875488281,0.0017009980876227515,0.00041259882487447913,1.6070412397384644
2809856,1189.7917642510147,0.009292793662089183,0.1141357421875,,,,,,,,0.015625,1.3587404489517212,0.002107395955705138,0.0025632265898411165,1.3061208724975586
2818048,1192.618479989993,0.011370967796029583,0.15163575112819672,0.0012231663796561376,0.006635509512149029,0.0022203089101141215,66,96.42027164346555,45.0,42.75,0.015625,1.3717035055160522,0.00122869814739216,0.000299391316368691,1.1926257610321045
2826240,1195.6829496160208,0.009675309860393718,0.12581788003444672,,,,,,,,0.015625,1.3676589727401733,0.0018248646686467196,0.0025389755099170185,1.3899990320205688
2834432,1198.524421006994,0.010234330320766552,0.1336669921875,,,,,,,,0.015625,1.3741841316223145,0.0016837033745889741,0.0006810094721404034,1.5845681428909302
2842624,1201.4756587159936,0.009801306254568015,0.12930908799171448,,,,,,,,0.0078125,1.3534200191497803,0.001483206216182198,0.001825773240744099,1.2224326133728027
2850816,1204.0793796569924,0.010199586023527342,0.13055419921875,0.0011150321901872706,0.00641023010911409,0.0020562229588711903,66,96.9378663934781,40.5,43.5,0.015625,1.3312145471572876,0.0017724934350235146,0.002443847527978814,0.9924216270446777
2859008,1207.104438350012,0.010761579747655764,0.14149169623851776,,,,,,,,0.015625,1.3308532238006592,0.001905224540070749,0.0021145676929066894,0.8608517050743103
2867200,1210.0830682980013,0.009473914391192051,0.12143554538488388,,,,,,,,0.015625,1.3341600894927979,0.0011822614303905411,0.0010890530355434503,1.1380890607833862
2875392,1213.04524739302,0.011475087547730157,0.15211181342601776,,,,,,,,0.015625,1.3367506265640259,0.0018465429577490312,0.0014195633726627162,1.0250681638717651
2883584,1215.5007089069986,0.01121981658379477,0.14382325112819672,0.0008243832210547142,0.00527424358869032,0.001702431574185448,66,97.34572282214253,45.0,43.5,0.015625,1.3444428443908691,0.0016992964271607903,0.0022413893369482626,0.9251331686973572
2891776,1217.832248732011,0.01474565600408962,0.18886719644069672,,,,,,,,0.015625,1.3510597944259644,0.0014345408085480018,0.0032957617773254097,1.0632970333099365
2899968,1220.497998819017,0.009831316927102086,0.1300048828125,,,,,,,,0.015625,1.354758858680725,0.0015281247374562823,0.002880776193541143,1.0616281032562256
2908160,1223.883652665012,0.009942737521667067,0.131103515625,,,,,,,,0.015625,1.3707531690597534,0.0016082871335357908,0.0020936654548742635,0.8728531002998352
2916352,1227.5215088340046,0.011158805452479964,0.13929443061351776,0.0009711604229045712,0.005140867873641797,0.0017951737170308292,66,97.19243493166873,48.75,49.5,0.015625,1.3668345212936401,0.0016081820736999375,0.002525244329784953,1.0168254375457764
2924544,1231.3207654060097,0.010638489155778886,0.13925781846046448,,,,,,,,0.015625,1.381252646446228,0.0016994958627504332,0.0023915428853349403,0.9048625826835632
2932736,1234.8119585720124,0.009135664085562841,0.11671143025159836,,,,,,,,0.015625,1.3741140365600586,0.0015680992547218665,0.0015745371712869976,1.1446866989135742
2940928,1238.218832818995,0.011043385468775617,0.14067383110523224,,,,,,,,0.015625,1.393763542175293,0.0013626865410289015,0.001616217690584215,0.7470957636833191
2949120,1242.068052504008,0.009274717989984119,0.11806640774011612,0.0010452663308778698,0.0053128964955067364,0.0020128392946557995,66,97.15405496288199,44.25,nan,0.015625,1.3916468620300293,0.0017302018363018036,0.002682786867322662,0.9669124484062195
2957312,1245.8098182649992,0.009242269416244417,0.12424316257238388,,,,,,,,0.015625,1.400147557258606,0.001484697514535449,0.0006937009857498417,0.6898008584976196
2965504,1249.3934086500085,0.010260726244864071,0.13038329780101776,,,,,,,,0.015625,1.4047454595565796,0.0014916475213131775,0.0033250373841610596,0.7106671333312988
2973696,1252.3860417560209,0.010188996418984773,0.12921142578125,,,,,,,,0.015625,1.4046199321746826,0.0012117996113996,0.0021333616220257155,0.8202760815620422
2981888,1254.9613493850047,0.011913566066653112,0.15476074814796448,0.0009844042489569604,0.005184390131232897,0.0019112372728281259,66,97.41600410419093,44.25,nan,0.0078125,1.361440896987915,0.0017911766420337983,0.0019084300642346773,0.738865077495575
2990080,1257.9056204220105,0.01090611529315545,0.1397705078125,,,,,,,,0.015625,1.3599892854690552,0.0013195629874633297,0.0020425825730258865,0.6732460260391235
2998272,1261.6569754380034,0.010704589802288882,0.13320313394069672,,,,,,,,0.015625,1.353835105895996,0.0015091982729436794,0.0031668028671343372,0.7912344336509705
3006464,1265.4760491290072,0.00971394355669478,0.12336426228284836,,,,,,,,0.015625,1.3658113479614258,0.0012614899767834033,0.001848829679536846,0.5371344685554504
3014656,1269.19323970002,0.010779545195226834,0.13671875,0.0010284281297222586,0.005040571926516024,0.0017896750046106802,66,97.52983013636012,48.75,nan,0.015625,1.3681612014770508,0.0015612641547256502,0.003025678672094018,0.5852084159851074
3022848,1273.0036313279998,0.0098049359751929,0.12587891519069672,,,,,,,,0.015625,1.369015097618103,0.0012709929244928532,0.0027130695081926718,0.6158058047294617
3031040,1276.7989147659973,0.01108474876586401,0.14400635659694672,,,,,,,,0.015625,1.36149001121521,0.001472717823569114,0.0016625781573083324,0.9260011911392212
3039232,1280.5844449670112,0.011097474340206298,0.13165283203125,,,,,,,,0.015625,1.371045470237732,0.0018408991580045053,0.0026105411614531604,0.903367817401886
3047424,1284.498766824021,0.009423884746488647,0.12259521335363388,0.0008861408762497192,0.004989409940415735,0.0018041964469385774,66,97.51813664637253,44.25,nan,0.015625,1.376312017440796,0.0014985794694415745,0.0007545207962613994,0.7537397146224976
3055616,1288.1035041330033,0.010474354177354499,0.1351318359375,,,,,,,,0.015625,1.3912032842636108,0.0010668537608139572,0.0015007520120427313,0.8861916661262512
3063808,1291.6751895600173,0.010525759428792546,0.13356934487819672,,,,,,,,0.015625,1.3933384418487549,0.00130250971438185,0.003115099063636224,0.8146911859512329
3072000,1294.4058701420145,0.0112885947848727,0.14852295815944672,,,,,,,,0.015625,1.4100563526153564,0.001402493881802991,0.002190870710850762,0.8798324465751648
3080192,1297.0715581870172,0.012274055097648288,0.14844970405101776,0.0013273883290250144,0.004352050230096916,0.0019958298987936885,66,97.11739260138687,47.25,nan,0.015625,1.4094569683074951,0.0012726329991429863,0.004430326971669889,0.8231872916221619
3088384,1301.116998648009,0.011172452276750582,0.13970947265625,,,,,,,,0.015625,1.4045830965042114,0.0010235538702868198,0.0028639792524441827,0.7160651087760925
3096576,1305.2832146860019,0.00990165144115459,0.12999267876148224,,,,,,,,0.015625,1.413586139678955,0.0013636853892579183,0.001907336591533461,0.6747202277183533
3104768,1308.9006743899954,0.010001559961058277,0.12690429389476776,,,,,,,,0.015625,1.4071321487426758,0.001109199077138301,0.0024395642430254365,0.8113176226615906
3112960,1312.6206673770212,0.012770891268518467,0.15885010361671448,0.0010522808746930012,0.003751525019962665,0.0017497675069566454,66,96.60196641289131,47.25,nan,0.0078125,1.392179250717163,0.0012252554078741595,0.0021645525555801393,0.6606654524803162
3121152,1316.911962178012,0.010441652241475044,0.13216553628444672,,,,,,,,0.015625,1.3644754886627197,0.001506041397574387,0.00256868606653316,0.4513919949531555
3129344,1321.1969510909985,0.01105572036660766,0.14067383110523224,,,,,,,,0.015625,1.3608745336532593,0.0013608785692104221,0.0017649398232603628,0.47226983308792114
3137536,1325.320438077004,0.010598276049482297,0.13323974609375,,,,,,,,0.015625,1.3626034259796143,0.001550626208503425,0.0016856677247945743,0.3709924519062042
3145728,1328.8830431700044,0.010178709567439676,0.13265381753444672,0.0012514025929256656,0.0032515682112756908,0.002022895229794608,66,96.3220536917617,47.25,nan,0.015625,1.367926836013794,0.0010638209057707627,0.0022847972280120622,0.44145479798316956
3153920,1332.491204157006,0.00983942030601921,0.12497558444738388,,,,,,,,0.015625,1.3783659934997559,0.001494168609528701,0.001645680785229091,0.43290987610816956
3162112,1335.287142429006,0.010777075761139608,0.14083252847194672,,,,,,,,0.015625,1.3812313079833984,0.0012989234857710642,4.8919639625213956e-05,0.5280136466026306
3170304,1338.4627241610142,0.010668355244334024,0.14158935844898224,,,,,,,,0.015625,1.3836933374404907,0.0013132853768217047,0.0004669716258989526,0.47296449542045593
3178496,1342.7356961650075,0.011078738443418001,0.13957519829273224,0.0012153681934031768,0.0033393923411213834,0.0019979355225808403,66,96.48726084047603,47.25,nan,0.015625,1.3917886018753052,0.0015242572643784924,0.0023175835355757914,0.45000025629997253
3186688,1346.905504451017,0.010340102920395784,0.13277588784694672,,,,,,,,0.015625,1.3967406749725342,0.0015000444744397768,0.0013869644866365315,0.5666865706443787
3194880,1353.798224772996,0.010341801252685042,0.12816162407398224,,,,,,,,0.015625,1.4012727737426758,0.0011829334089440537,0.0013659015565901213,0.5381488800048828
3203072,1369.9098817259946,0.00982609260204777,0.12598876655101776,,,,,,,,0.015625,1.417572021484375,0.001048981070464039,0.00208561929948707,0.6469042897224426
3211264,1387.4460533510137,0.013451218569552642,0.16425780951976776,0.001127226195374087,0.00424045109746517,0.0018121646856433472,66,97.24403050344395,47.25,nan,0.015625,1.4101427793502808,0.0013657168640367147,0.004984044152370759,0.6709338426589966
3219456,1406.1142161850003,0.012650438444714765,0.15848389267921448,,,,,,,,0.015625,1.417540192604065,0.0014340984114777355,0.003226698212064595,0.7120222449302673
3227648,1424.0603633370192,0.011710124873029923,0.14162598550319672,,,,,,,,0.015625,1.4260858297348022,0.00130411540658274,0.00324179319546599,0.6748892664909363
3235840,1440.9501931900159,0.01024316260589884,0.13138428330421448,,,,,,,,0.015625,1.4267998933792114,0.0014576128907678567,0.001917346956303024,0.7510599493980408
3244032,1455.769498603011,0.010355106654511595,0.13101807236671448,0.0013744564516482427,0.00331101958483101,0.0022407531045346984,66,96.40189235553252,47.25,nan,0.015625,1.4208049774169922,0.0014413433107593023,0.00396860212356101,0.681840717792511
3252224,1473.5307495830057,0.011266123925832174,0.14722900092601776,,,,,,,,0.0078125,1.374584436416626,0.0011916536277616686,0.002064261285206092,0.3761958181858063
3260416,1491.0148151119938,0.011671895562569002,0.14910888671875,,,,,,,,0.015625,1.3661365509033203,0.0015734924531341733,0.0026573374545451017,0.4468803405761719
3268608,1502.2309470860055,0.010314356130057873,0.13773193955421448,,,,,,,,0.015625,1.3731932640075684,0.0015463636243388534,0.001560026693540732,0.29413291811943054
3276800,1505.060964328004,0.01356479121244848,0.17061768472194672,0.000722659130049208,0.0025104389692658714,0.0017891099264340739,66,96.71601041251725,46.5,nan,0.015625,1.3805397748947144,0.0013449860065150587,0.0024752269759116675,0.3232916295528412
3284992,1507.9330365259957,0.011352222975162208,0.14783935248851776,,,,,,,,0.015625,1.373683214187622,0.0015900132443296912,0.0024313414800170192,0.45427456498146057
3293184,1511.046851349005,0.013153220688453674,0.16655273735523224,,,,,,,,0.015625,1.3757191896438599,0.001296414660471379,0.003070144133067502,0.421260267496109
3301376,1513.752627828013,0.010999919945115299,0.14208984375,,,,,,,,0.015625,1.3926799297332764,0.0012822619929042545,0.003803086109018094,0.46181049942970276
3309568,1516.5766689220036,0.011587736423387457,0.14589844644069672,0.0009133427530516602,0.0025082149755806583,0.0021702826606337824,66,96.01580347908583,46.5,nan,0.015625,1.3931057453155518,0.0015857233375711544,0.0020495348327360004,0.4648171365261078
3317760,1519.320287311013,0.011535243444047789,0.14765624701976776,,,,,,,,0.015625,1.3954994678497314,0.001379615341450291,0.002099307507013543,0.5197177529335022
3325952,1521.7225557570055,0.012143458537300434,0.15084229409694672,,,,,,,,0.015625,1.4057892560958862,0.001346204720594757,0.0020937820384929937,0.45302724838256836
3334144,1524.6318784329924,0.011313356310588846,0.13981933891773224,,,,,,,,0.015625,1.410077452659607,0.0014427216558807188,0.0029336924411926184,0.4203886091709137
3342336,1527.634113748005,0.011971149977357463,0.15152588486671448,0.0007798359537055655,0.002436175017996989,0.002104056033696844,66,96.2608373169768,42.75,nan,0.015625,1.4174429178237915,0.0014363374271826657,0.0013440172380477487,0.37838783860206604
3350528,1530.8338497219956,0.011006638568351415,0.13779297471046448,,,,,,,,0.015625,1.420563817024231,0.0015177522699630131,0.0014442243808736486,0.4803400933742523
3358720,1534.0934254229942,0.011289413864217161,0.14543457329273224,,,,,,,,0.015625,1.4229886531829834,0.001235431162032208,0.002324746171662506,0.39365413784980774
3366912,1537.3818613479962,0.010868281150773706,0.14019775390625,,,,,,,,0.015625,1.4206422567367554,0.0016642365633200542,0.002403634521707437,0.4758198857307434
3375104,1540.798258513998,0.010697711079419336,0.13359375298023224,0.0008486145180529592,0.002557228865468042,0.0020827116556021764,66,96.53484773992899,42.75,nan,0.015625,1.4187616109848022,0.0015565992031191358,0.0032781602996412836,0.3520292341709137
3383296,1544.334799666016,0.01095046795654894,0.1453857421875,,,,,,,,0.0078125,1.4010076522827148,0.001766177476923525,0.0015752335947890929,0.4404481053352356
3391488,1548.073411321995,0.01240011086092263,0.15299072861671448,,,,,,,,0.015625,1.3809601068496704,0.001417785940747096,0.0038537479989783382,0.38900044560432434
3399680,1550.5596803560038,0.009912607163180633,0.12778320908546448,,,,,,,,0.015625,1.3773105144500732,0.0011612055074757932,0.002090855968223358,0.2926636338233948
3407872,1553.0483209910162,0.010334366120943399,0.13162842392921448,0.0007212646343621731,0.0021968269251659736,0.0018160964845459816,66,97.00557001348102,42.75,nan,0.015625,1.385624647140503,0.0016520125404239196,0.0015599368989049796,0.31495967507362366
3416064,1556.0609683910152,0.014129604966982649,0.17388916015625,,,,,,,,0.015625,1.3873108625411987,0.001425669115728512,0.004255681168033884,0.3029390871524811
3424256,1559.7403571589966,0.012935092692833789,0.15810547769069672,,,,,,,,0.015625,1.3883073329925537,0.0016612825151974932,0.002834409997024241,0.38454094529151917
3432448,1563.399723237002,0.010961759166447406,0.14223633706569672,,,,,,,,0.015625,1.392227053642273,0.0014132799591293989,0.0023571539693348926,0.4023047983646393
3440640,1567.5987192699977,0.011212703712472636,0.14592285454273224,0.0008143042822688074,0.0020299429268879066,0.001636523453162242,66,97.76951504476582,46.5,nan,0.015625,1.3974411487579346,0.0012706740872095224,0.002325254379094131,0.48354122042655945
3448832,1571.3302486650064,0.009768797297259036,0.12774658203125,,,,,,,,0.015625,1.4097038507461548,0.0016901508819337054,0.0017086774580627392,0.43619218468666077
3457024,1575.0746885450208,0.01505393586640693,0.17990723252296448,,,,,,,,0.015625,1.4198068380355835,0.0012139311508401974,0.0046545581046976555,0.502004861831665
3465216,1578.812494509999,0.011444344052641792,0.14720459282398224,,,,,,,,0.015625,1.4261022806167603,0.0012996270111013232,0.0014733848558299326,0.47197896242141724
3473408,1582.589844268019,0.011275333191810509,0.14501953125,0.0007636186471258188,0.0020288971848195004,0.0016754677330852786,66,97.76321631198459,42.75,nan,0.015625,1.4288794994354248,0.001380346714757097,0.0018528668899432726,0.5417856574058533
3481600,1586.4418106130033,0.012514929436714018,0.16311036050319672,,,,,,,,0.015625,1.4344429969787598,0.0012823060699584388,0.0023189619394739787,0.5469127893447876
3489792,1589.111368812999,0.010692819743887201,0.13450928032398224,,,,,,,,0.015625,1.4381753206253052,0.001057388526628722,0.0017341078697173488,0.5927462577819824
3497984,1591.7664931910113,0.011291596140800456,0.14132080972194672,,,,,,,,0.015625,1.4367867708206177,0.0014600739204211678,0.003403578883704611,0.4879378378391266
3506176,1595.5116043380112,0.010036483196131298,0.12897948920726776,0.0007689392256553518,0.001976559486115848,0.001601271437424623,66,97.99222299754156,42.75,nan,0.015625,1.4370397329330444,0.001580740549928572,0.0033979106921553878,0.4988541305065155
3514368,1599.545867873996,0.010761300985986481,0.13229981064796448,,,,,,,,0.015625,1.4374749660491943,0.0012701072292313654,0.00398326639350967,0.6057277917861938
3522560,1603.5567317340174,0.012364407027031796,0.15615235269069672,,,,,,,,0.0078125,1.3903659582138062,0.0013489733038059783,0.0020701700484421883,0.49538564682006836
3530752,1607.6289313460002,0.011019019653605917,0.14287109673023224,,,,,,,,0.015625,1.3906630277633667,0.0013565181815695993,0.001375181973920749,0.4695571959018707
3538944,1611.1934044510126,0.011172507529762787,0.14080810546875,0.0006657101325178161,0.001865446343464805,0.0014895119213698905,66,97.95243468537703,42.75,nan,0.015625,1.3909553289413452,0.0011932554973170695,0.0025291779984400278,0.4149964451789856
3547136,1614.9654290759936,0.011360426029062997,0.14390869438648224,,,,,,,,0.015625,1.3905727863311768,0.0013822692864703058,0.0015092199796501405,0.3868998885154724
3555328,1618.8689849690127,0.01174144337382496,0.15097656846046448,,,,,,,,0.015625,1.3926328420639038,0.0013001342313555654,0.002169871258096396,0.34530848264694214
3563520,1623.0466599520005,0.00983973997880582,0.12662354111671448,,,,,,,,0.015625,1.4024277925491333,0.001339629456460878,0.0030647168592718432,0.2988836169242859
3571712,1626.8303997140029,0.01129864803789808,0.14630126953125,0.0006588838966256061,0.0019427172893056067,0.0014812609078832196,66,97.91272115614494,42.75,nan,0.015625,1.4104876518249512,0.0012610617942529047,0.001806647533486969,0.4388187527656555
3579904,1629.833132261003,0.011820561926795611,0.1475830078125,,,,,,,,0.015625,1.4094353914260864,0.001170084034771557,0.0034110588414752157,0.5241832137107849
3588096,1632.6314551490068,0.010907484816147773,0.14309082925319672,,,,,,,,0.015625,1.4107671976089478,0.0011206424273745852,0.0030603001281272655,0.47141751646995544
3596288,1636.4645581970108,0.010464347106243041,0.13674317300319672,,,,,,,,0.015625,1.4274024963378906,0.0013571592074016594,0.0019782381308647056,0.5464696884155273
3604480,1640.7171263030032,0.01095136565287474,0.13972167670726776,0.0008162374543939643,0.002082540294563218,0.0016486207716084223,66,97.87859974190931,46.5,nan,0.015625,1.4303171634674072,0.0014352547945228778,0.0018126794865945682,0.38883495330810547
3612672,1644.807658491016,0.01063808235989859,0.13699951767921448,,,,,,,,0.015625,1.4414072036743164,0.0012570216415756065,0.0020816374430908694,0.6131187677383423
3620864,1648.646208148013,0.00954037247552008,0.12412109225988388,,,,,,,,0.015625,1.4325664043426514,0.0015095125156690315,0.0017068136762408194,0.5805800557136536
3629056,1652.3709083330177,0.011429819762010084,0.14499512314796448,,,,,,,,0.015625,1.436946153640747,0.0011793439605017554,0.00403403408534479,0.5011473894119263
3637248,1663.5966130919987,0.012434013998129346,0.15294189751148224,0.0008481463668613687,0.0021379827486151526,0.0016755559574625934,66,97.93198808217826,46.5,nan,0.015625,1.4348673820495605,0.0013076559887525874,0.004896616861315703,0.6023430228233337
3645440,1681.990026763,0.011077308740350565,0.13968506455421448,,,,,,,,0.015625,1.444459080696106,0.0012265709022514116,0.0027038328535051678,0.5054180026054382
3653632,1698.8879576509935,0.01159002957356478,0.14790038764476776,,,,,,,,0.0078125,1.4178850650787354,0.001436066711170747,0.0028751160792285435,0.6604060530662537
3661824,1714.8464055960067,0.01048216682410199,0.13465575873851776,,,,,,,,0.015625,1.3906481266021729,0.0011694603683268469,0.0037046207316712484,0.48077866435050964
3670016,1730.2090521840146,0.011414724666253056,0.14613036811351776,0.001361974674743971,0.0028020130171986127,0.0022148493107324698,66,97.92580904976646,46.5,47.25,0.015625,1.3945281505584717,0.0014483250778956403,0.003161209191869885,0.4169885814189911
3678208,1751.6721402440162,0.012734759059520602,0.16226807236671448,,,,,,,,0.015625,1.3970837593078613,0.001165066015438343,0.0024948812339850336,0.39398619532585144
3686400,1769.2701527110185,0.012055892149125759,0.16175536811351776,,,,,,,,0.015625,1.402482271194458,0.001007138659484441,0.0022545754731644343,0.33745381236076355
3694592,1791.2643623950134,0.012148425249370664,0.15274658799171448,,,,,,,,0.015625,1.4011973142623901,0.0013947733461751157,0.0034545021532197276,0.4302692413330078
3702784,1821.2872255450056,0.013864159294233831,0.17707519233226776,0.000953662107735731,0.002263257163863075,0.0017640537872588681,66,98.10618132310637,46.5,49.5,0.015625,1.4036178588867188,0.0014460890120831294,0.002854188217767625,0.520500123500824
3710976,1847.697031343996,0.012756404639933813,0.16500245034694672,,,,,,,,0.015625,1.4120525121688843,0.001263680843398285,0.00309437999130208,0.41748982667922974
3719168,1868.2946552490175,0.011805988614078146,0.14642333984375,,,,,,,,0.015625,1.4180121421813965,0.0014242251693051045,0.002592445697805654,0.4831436276435852
3727360,1886.530514448008,0.011552984476673338,0.14631347358226776,,,,,,,,0.015625,1.4240268468856812,0.0011507697888908709,0.0023264426554323943,0.6027562022209167
3735552,1903.4111704590032,0.010827455244789851,0.14096680283546448,0.0006478262271851776,0.0019746681914083355,0.00154388416482133,66,97.95401368854915,42.75,nan,0.015625,1.4277840852737427,0.0012329820800732862,0.003352430742719393,0.6888659596443176
3743744,1919.3960423789977,0.010613938249712707,0.13859863579273224,,,,,,,,0.015625,1.4358482360839844,0.001263949627270067,0.001509470154808242,0.4769793450832367
3751936,1936.2393291210174,0.012687405537743246,0.16339111328125,,,,,,,,0.015625,1.4446675777435303,0.0011855899178960683,0.0029560617445507044,0.404451459646225
3760128,1939.7234613170149,0.011376574439928061,0.14368896186351776,,,,,,,,0.015625,1.4410239458084106,0.0010136660291475308,0.0024883324284836455,0.5858374834060669
3768320,1942.822175223002,0.009307889424925865,0.12115478515625,0.0006186745627461132,0.002124322684835478,0.001579541235814419,66,97.70292726315542,42.75,nan,0.015625,1.4371808767318726,0.001447809971987668,-0.00027870966877010866,0.44143733382225037
3776512,1946.0891234470182,0.010599014024204968,0.13666991889476776,,,,,,,,0.015625,1.4377937316894531,0.001510122564476768,0.001963166604262035,0.410358190536499
3784704,1949.119578562997,0.01143118315054664,0.15115967392921448,,,,,,,,0.015625,1.4477617740631104,0.0014795727807260463,0.002501229642915978,0.3745785653591156
3792896,1952.3476326450182,0.011052312257989486,0.13958740234375,,,,,,,,0.0078125,1.3907973766326904,0.0011752291043099718,0.002839998957080487,0.37920942902565
3801088,1955.6417463630205,0.012868496750252227,0.16376952826976776,0.0009632195069476657,0.002777194919028625,0.001977253767665965,66,97.23570393411873,42.75,nan,0.015625,1.3918144702911377,0.001107161192716377,0.0016448016129738238,0.3669636845588684
3809280,1958.9135904099967,0.011991115087020693,0.15450440347194672,,,,,,,,0.015625,1.3908116817474365,0.0011834184352129797,0.002848543589965271,0.21408596634864807
3817472,1961.522031889006,0.01269659158064848,0.16429443657398224,,,,,,,,0.015625,1.396337866783142,0.001253759277069777,0.0036088932732015427,0.30675503611564636
3825664,1964.0502930950024,0.014071078176487763,0.17286376655101776,,,,,,,,0.015625,1.4061826467514038,0.001338278841076368,0.003697598922567751,0.21729505062103271
3833856,1967.2376154109952,0.011864077390113047,0.14742432534694672,0.0006213807188816256,0.0019091527428069966,0.001492059735598461,66,98.07474022999092,42.75,nan,0.015625,1.4068231582641602,0.0012397214492226084,0.003132202344300799,0.3037237823009491
3842048,1970.8647676930123,0.013499551260553681,0.16816405951976776,,,,,,,,0.015625,1.4173203706741333,0.0015577151460671403,0.003116335814061467,0.28746283054351807
3850240,1975.034617265017,0.011235197399539175,0.14265136420726776,,,,,,,,0.015625,1.4222643375396729,0.0012416895864748923,0.0020338045391459984,0.3964439034461975
3858432,1979.1185469320044,0.011285981718014895,0.14523926377296448,,,,,,,,0.015625,1.4266071319580078,0.0012573410471986236,0.003333762827038211,0.39498066902160645
3866624,1982.56461742401,0.01095168201380114,0.13627929985523224,0.000737178691251561,0.0019444809513891827,0.0015815065924678407,66,98.1280955549268,42.75,nan,0.015625,1.4353487491607666,0.0011314399236462493,0.0028421520965726216,0.5079633593559265
3874816,1986.5733912400028,0.010286957914659603,0.12711182236671448,,,,,,,,0.015625,1.4407764673233032,0.0012825353393704276,0.0023593083640323963,0.4164252281188965
3883008,1990.7158121200046,0.012508825278506398,0.15737305581569672,,,,,,,,0.015625,1.4370766878128052,0.0010830253970407157,0.0045471426698809716,0.426598459482193
3891200,1995.1648363459972,0.01268649845350327,0.15585938096046448,,,,,,,,0.015625,1.448279857635498,0.00109880334986302,0.0029681117151045787,0.4413807988166809
3899392,1998.5723744550196,0.012388064888524883,0.15451660752296448,0.0007725210012321515,0.0024175926843548524,0.0017237554168541337,66,97.55399272457159,42.75,nan,0.015625,1.4473439455032349,0.0013846763317290622,0.005151608790608004,0.38976994156837463
3907584,2001.4666518710146,0.012388922211954282,0.16177979111671448,,,,,,,,0.015625,1.445981502532959,0.0012158989623141437,0.003361359384199715,0.37810277938842773
3915776,2004.468148526008,0.010903476565996027,0.13945312798023224,,,,,,,,0.015625,1.4474260807037354,0.0013586703959853508,0.002504438090439888,0.3532599210739136
3923968,2008.0125141830067,0.011833564266996173,0.14420166611671448,,,,,,,,0.0078125,1.4184560775756836,0.0009443352961527097,0.0014834551305618164,0.45955878496170044
3932160,2011.7410931769991,0.01172523735164086,0.1497802734375,0.0007224152305645992,0.00240049044706433,0.0016259376351670852,66,97.72088277749985,42.75,nan,0.015625,1.399141550064087,0.001336504191552146,0.001962645001057836,0.35290977358818054
3940352,2015.862112859002,0.010443969180691097,0.13519287109375,,,,,,,,0.015625,1.3998773097991943,0.0015065580865733508,0.0015444683053945332,0.24942544102668762
3948544,2020.1486488810042,0.013674517488505608,0.168212890625,,,,,,,,0.015625,1.3999660015106201,0.0012811627766992628,0.004105761823339649,0.24182792007923126
3956736,2023.8925502480124,0.01223264327293745,0.1566162109375,,,,,,,,0.015625,1.3996376991271973,0.0011950766709172612,0.0037990449170779783,0.19313094019889832
3964928,2028.373828795011,0.01211583136112486,0.15010987222194672,0.0009306580976796708,0.002904558722162365,0.0018941022213343373,66,97.4866899684034,42.75,nan,0.015625,1.4047315120697021,0.0013295739067677005,0.0032861029717097534,0.279764860868454
3973120,2032.5540678300022,0.015318688641633988,0.18995361030101776,,,,,,,,0.015625,1.410410761833191,0.0011739542792886027,0.002136006282512925,0.35999947786331177
3981312,2036.674179107009,0.014103491954827786,0.18006591498851776,,,,,,,,0.015625,1.4146989583969116,0.0014415945518528317,0.0024515577956461983,0.3435613811016083
3989504,2040.828311796009,0.014263812726011233,0.17280273139476776,,,,,,,,0.015625,1.4255800247192383,0.0013750077506846537,0.0020962577980575443,0.3195648789405823
3997696,2044.5278032860078,0.014266283342572595,0.17625732719898224,0.0006617026531197112,0.0019340223620200603,0.0014991387852011486,66,98.08779551835248,42.75,nan,0.015625,1.431053638458252,0.0011616856759949612,0.003611747641116591,0.36347755789756775
4005888,2047.876912534004,0.012138721431852482,0.15239258110523224,,,,,,,,0.015625,1.4341946840286255,0.0010371364044933328,0.0031423047789825385,0.5194641947746277
4014080,2051.6205094180186,0.012184099420264423,0.14851073920726776,,,,,,,,0.015625,1.438904047012329,0.0013832537877682127,0.004227234032807405,0.46131497621536255
4022272,2055.942147507012,0.011177293948751964,0.13872070610523224,,,,,,,,0.015625,1.4479748010635376,0.001377119940189553,0.003612645720336133,0.4676606357097626
4030464,2060.0548468100023,0.011467525541771516,0.14539794623851776,0.0009800508593257318,0.002161169623437098,0.0018513161558865732,66,98.02313162204918,42.75,45.0,0.015625,1.4511827230453491,0.0013117471575309183,0.00343309594137578,0.4439053535461426
4038656,2064.6832286879944,0.012447776503105025,0.15916748344898224,,,,,,,,0.015625,1.4523752927780151,0.0014104953919568232,0.0032791676102272697,0.5018607974052429
4046848,2069.1809214800014,0.013710568823203529,0.17056885361671448,,,,,,,,0.015625,1.4530854225158691,0.00136795451298658,0.004497408560993624,0.4277110993862152
4055040,2073.400424830994,0.011499210935406668,0.14614258706569672,,,,,,,,0.015625,1.4542195796966553,0.0011941110722154648,0.0031558597922284153,0.35771939158439636
4063232,2079.5650931650016,0.012601388168235328,0.15716552734375,0.0013796414602464946,0.0029254419137156318,0.0023807877202357886,66,97.64696647983989,46.5,42.75,0.0078125,1.4034970998764038,0.0015801285159703028,0.0024262240424870692,0.39176905155181885
4071424,2101.0343557629967,0.010780476404907731,0.13853760063648224,,,,,,,,0.015625,1.4017258882522583,0.0010853354006323257,0.00183656605858096,0.48661866784095764
4079616,2120.4619149490027,0.0122523483392394,0.15430907905101776,,,,,,,,0.015625,1.407749891281128,0.0014735273823565877,0.0033816472417841415,0.22673474252223969
4087808,2139.9120997650025,0.012014907215440438,0.15089111030101776,,,,,,,,0.015625,1.4078741073608398,0.0012117736326957896,0.003552340389339206,0.36359572410583496
4096000,2155.9160953880055,0.013416990700679865,0.1741943359375,0.0012251314105483635,0.0024517855650516454,0.0021625439797350213,66,97.86727900669517,46.5,45.0,0.015625,1.4087567329406738,0.0012235932532241535,0.002825983779511249,0.30529484152793884
4104192,2173.168087225,0.010331638041096153,0.13656006753444672,,,,,,,,0.015625,1.4147065877914429,0.001376657813859994,0.0014853700324703113,0.36752375960350037
4112384,2189.9381038110005,0.012178989044369717,0.16120605170726776,,,,,,,,0.015625,1.4157253503799438,0.0012146490054154469,0.0027580458510897453,0.4037068784236908
4120576,2207.2937901910045,0.010869500894886714,0.14030762016773224,,,,,,,,0.015625,1.4248493909835815,0.0014943505675188873,0.0012818977045803215,0.4204779267311096
4128768,2225.702377550013,0.013351615196157993,0.16228027641773224,0.0010267417413171165,0.0023122655849078357,0.0018988094678707213,66,98.06444099962852,46.5,47.25,0.015625,1.4286688566207886,0.001469252738254434,0.003121035013557246,0.5136969685554504
4136960,2243.3489963720203,0.012003866873788842,0.1512451171875,,,,,,,,0.015625,1.4427416324615479,0.0015323722433606135,0.003131668201229962,0.32143813371658325
4145152,2259.719598116004,0.01321413500129312,0.16915284097194672,,,,,,,,0.015625,1.4436407089233398,0.001283524140485548,0.0031562951867188994,0.42332860827445984
4153344,2278.0417692540213,0.012218877446647628,0.15435791015625,,,,,,,,0.015625,1.4478800296783447,0.0013186202701022665,0.003277538574473884,0.5151548385620117
4161536,2299.81166276001,0.011431494385303822,0.14656983315944672,0.0013034480536407989,0.0033945078786623895,0.0023189668618397775,66,97.70864704360947,47.25,43.5,0.015625,1.4511337280273438,0.0015522926913829394,0.003353250463608312,0.4998489320278168
4169728,2314.226217434014,0.012284544956110166,0.15395508706569672,,,,,,,,0.015625,1.4441916942596436,0.0011274102701317346,0.0023288949107582585,0.6222800612449646
4177920,2317.1600604880077,0.011837739917026337,0.15345458686351776,,,,,,,,0.015625,1.4627755880355835,0.0013365274151995066,0.0016943191981723463,0.3391335904598236
4186112,2319.9074595560087,0.010702950278947172,0.13999024033546448,,,,,,,,0.015625,1.455647587776184,0.0015552209771994342,0.0028477357051679554,0.3909083306789398
4194304,2322.781503870996,0.01190480450292819,0.15300293266773224,0.0014642577529317968,0.002915122529753356,0.0024215943314563563,66,97.87559799266847,46.5,45.0,0.0078125,1.4284929037094116,0.0015220732502205236,0.0033273506165342457,0.4034532606601715
4202496,2325.819755200995,0.01097878042434071,0.14298096299171448,,,,,,,,0.015625,1.4085716009140015,0.0015149627066726068,0.0021429714604742725,0.3454226553440094
4210688,2328.539413763996,0.012333314696146486,0.15933838486671448,,,,,,,,0.015625,1.4111607074737549,0.0014166701659564908,0.002896595730439051,0.2770543098449707
4218880,2331.4613050369953,0.011013478704263224,0.14000244438648224,,,,,,,,0.015625,1.4071358442306519,0.0014320201736050975,0.002835038905316549,0.3075005114078522
4227072,2334.3050458880025,0.01404258135069695,0.17424316704273224,0.0013044787665486002,0.003368908617345257,0.0023232842139534584,66,97.83711941979192,47.25,43.5,0.015625,1.4137263298034668,0.001448145590800587,0.0022149327413842957,0.25401571393013
4235264,2337.244418051996,0.013930411678327096,0.17049561440944672,,,,,,,,0.015625,1.4199674129486084,0.001401292675833632,0.003231175952568093,0.26191601157188416
4243456,2340.173772569018,0.012315282312890169,0.15988770127296448,,,,,,,,0.015625,1.4190882444381714,0.0015106689362112903,0.002032234855799267,0.3400329351425171
4251648,2342.4573202829924,0.014725111890811774,0.17908935248851776,,,,,,,,0.015625,1.4231148958206177,0.001358148893079958,0.004796324665212813,0.4396076202392578
4259840,2344.6399838479992,0.011198490552982514,0.14283446967601776,0.0014636803017941125,0.0028854145737093775,0.002408176494391279,66,98.04170351254973,46.5,nan,0.015625,1.4364677667617798,0.0014837754244049761,0.0034869079911340364,0.3337208926677704
4268032,2347.629458468,0.011505310472429961,0.1484375,,,,,,,,0.015625,1.4422792196273804,0.0012854496651882542,0.002490028413176745,0.4275631904602051
4276224,2350.880662128009,0.012323812058656377,0.15750733017921448,,,,,,,,0.015625,1.452253818511963,0.001403412269263471,0.0029635940358147253,0.3079020380973816
4284416,2354.2146257389977,0.012906401806169858,0.16204833984375,,,,,,,,0.015625,1.4521663188934326,0.001484188495044181,0.00354940014125683,0.34325936436653137
4292608,2357.342947020021,0.015774152388841417,0.19841308891773224,0.0011028673288815405,0.0038077753159997288,0.002079460813617773,66,97.94728848849185,47.25,45.0,0.015625,1.4602645635604858,0.001245524025872713,0.0031245450420230867,0.4108296036720276
4300800,2360.5598455300205,0.010573324749210404,0.13612060248851776,,,,,,,,0.015625,1.4585168361663818,0.001509008964665648,0.0030510985636436083,0.37342020869255066
4308992,2363.6677020130155,0.012576738793999419,0.16026611626148224,,,,,,,,0.015625,1.46177077293396,0.0013127865579512289,0.003547448891681518,0.431950181722641
4317184,2367.163589578995,0.011464242934473628,0.14887695014476776,,,,,,,,0.015625,1.4573447704315186,0.0016457196320602719,0.0020880623732367647,0.3382938802242279
4325376,2370.506109834998,0.011395299670390114,0.14478759467601776,0.001040808055830067,0.004026486574945076,0.002008554633131021,66,97.99773448106708,47.25,47.25,0.015625,1.4640412330627441,0.001443460342413816,0.00412659657410207,0.33384713530540466
4333568,2373.6050030130136,0.012321347495549967,0.15816651284694672,,,,,,,,0.0078125,1.4114673137664795,0.00156302200102848,0.0037318777403246156,0.2973407208919525
4341760,2376.7052529689972,0.012575250101850642,0.156494140625,,,,,,,,0.015625,1.4149935245513916,0.0013446057407516478,0.0014814396663740837,0.24803124368190765
4349952,2379.622217804019,0.012857152686294726,0.16273193061351776,,,,,,,,0.015625,1.416117787361145,0.0014984887621888434,0.00227568718787857,0.19498740136623383
4358144,2382.708622751001,0.01180474499130135,0.1513671875,0.0011933383461683045,0.0034531316179936215,0.0021406032989810145,66,98.07632660117366,47.25,47.25,0.015625,1.4158257246017456,0.0014633108716647471,0.0014123430220834912,0.24415074288845062
4366336,2386.9916105080047,0.016495045134870743,0.19455567002296448,,,,,,,,0.015625,1.4195449352264404,0.001501662418642036,0.005980547095577733,0.29603156447410583
4374528,2391.078801936994,0.012058487616327713,0.14846192300319672,,,,,,,,0.015625,1.4246788024902344,0.0013136937086702162,0.0025934310511801528,0.2865198254585266
4382720,2395.4207803989993,0.01319795956308624,0.16741943359375,,,,,,,,0.015625,1.4333404302597046,0.0013265955570781586,0.002702391516161583,0.3027406632900238
4390912,2399.851075696002,0.013165486903982119,0.16495361924171448,0.0010367673061352223,0.004143565282437878,0.0020574942780786087,66,97.90619031120887,47.25,45.0,0.015625,1.4363200664520264,0.0015018991709039198,0.00293519735901148,0.4124751091003418
4399104,2405.3119259609957,0.013566548372917998,0.17376708984375,,,,,,,,0.015625,1.4403609037399292,0.0014663123747872377,0.003633288297165471,0.33603379130363464
4407296,2411.893466884998,0.014474090389236409,0.18697510659694672,,,,,,,,0.015625,1.4444786310195923,0.0015565431066064562,0.0032476396953572033,0.4524429738521576
4415488,2416.1723097749928,0.013822685186394186,0.16763916611671448,,,,,,,,0.015625,1.4541105031967163,0.0013448162276286425,0.0038716840302888606,0.3612217903137207
4423680,2420.4894733880064,0.011041721715070034,0.14291992783546448,0.0011899649852312733,0.00266514499715006,0.0021306301968573196,66,98.24142799428462,46.5,nan,0.015625,1.454572319984436,0.0014688846686991552,0.0011930124202188268,0.40762075781822205
4431872,2425.2187627550156,0.01179525982150749,0.15086670219898224,,,,,,,,0.015625,1.4620357751846313,0.001569778563226565,0.002953620333745079,0.342690110206604
4440064,2428.8555075960176,0.011364624899773176,0.14366455376148224,,,,,,,,0.015625,1.4591999053955078,0.0014466026557474422,0.003934012030534255,0.42919984459877014
4448256,2432.0386060640158,0.012417798165784671,0.15716552734375,,,,,,,,0.015625,1.4597848653793335,0.0014513335804062222,0.0034506601484304484,0.40509673953056335
4456448,2435.8734397689987,0.014458331705874104,0.174560546875,0.0010228463816448485,0.002462364372770709,0.0019628160690927546,66,98.32759281398273,46.5,nan,0.015625,1.4601424932479858,0.0015658864358293002,0.003536775228624975,0.4341602325439453
4464640,2440.171223923011,0.013438287269942763,0.16727295517921448,,,,,,,,0.0078125,1.4365378618240356,0.0012443645288292672,0.003696827688419387,0.40348154306411743
4472832,2444.487369017006,0.012129224643479021,0.15799561142921448,,,,,,,,0.015625,1.411299467086792,0.0013696256130800834,0.0018227617597471745,0.26161137223243713
4481024,2449.025763448997,0.013107613276338604,0.16267089545726776,,,,,,,,0.015625,1.417019248008728,0.0014850849978454207,0.004242259722457355,0.26106637716293335
4489216,2453.5077993610175,0.013426066289827327,0.16936035454273224,0.0008990214880573166,0.002306119140696106,0.0018431108413622056,66,98.37183479298403,46.5,nan,0.015625,1.4182698726654053,0.0014697773986246943,0.002982218602754546,0.18544505536556244
4497408,2465.781269169005,0.013143554975531019,0.16567383706569672,,,,,,,,0.015625,1.421635627746582,0.0013174518327147113,0.0023627318429158338,0.22196064889431
4505600,2488.212997319002,0.015052670647073513,0.18260498344898224,,,,,,,,0.015625,1.4226901531219482,0.0013851608960812611,0.002944391815860093,0.2818639278411865
4513792,2506.0586394809943,0.01331839264815004,0.16517333686351776,,,,,,,,0.015625,1.427077054977417,0.0014138724526224222,0.003232703149187219,0.27197834849357605
4521984,2526.967400999012,0.012715800491482944,0.16009521484375,0.000619857889556652,0.0020627048539418325,0.0016573205369876276,66,98.19100409940353,42.75,nan,0.015625,1.4306766986846924,0.0013733889286951296,0.0019148629208165834,0.26704904437065125
4530176,2546.481950645015,0.013738777641854223,0.17034912109375,,,,,,,,0.015625,1.4365917444229126,0.0013956857898111408,0.0030171425976941372,0.3311755359172821
4538368,2565.3046384780027,0.012057844869981241,0.15291748940944672,,,,,,,,0.015625,1.4471995830535889,0.001547367953268919,0.0012594305220829547,0.23473043739795685
4546560,2586.3087322350184,0.01314834963415662,0.16746826469898224,,,,,,,,0.015625,1.4491665363311768,0.001413164581885995,0.002881419536885333,0.23719008266925812
4554752,2607.9601026849996,0.013058431494225302,0.16018067300319672,0.0005593229372885533,0.00199996013264373,0.001575321673232233,66,98.24211659483032,42.75,nan,0.015625,1.459794521331787,0.0012527190520138177,0.0019453602751405335,0.34661146998405457
4562944,2628.735508478014,0.012120102281835396,0.15526123344898224,,,,,,,,0.015625,1.4601420164108276,0.001466097881714157,0.003576226999788912,0.2958056926727295
4571136,2647.4053433579975,0.013947677561512856,0.17750243842601776,,,,,,,,0.015625,1.4590661525726318,0.0013112545165598788,0.004491763393595398,0.30408021807670593
4579328,2667.353772628994,0.014312019066087367,0.17746582627296448,,,,,,,,0.015625,1.4614942073822021,0.0014067238065917365,0.002369495569492712,0.38737815618515015
4587520,2687.220079933002,0.01082594995269595,0.13669434189796448,0.0005132056596198753,0.0020603084476900845,0.0015007620932345645,66,98.29754364695704,42.75,nan,0.015625,1.4682127237319946,0.0014717329722201966,0.0029751240544733503,0.26509448885917664
4595712,2708.773370553012,0.011174464625578964,0.14302979409694672,,,,,,,,0.015625,1.4643363952636719,0.0012158529128014962,0.0031891530216655918,0.2784005105495453
4603904,2725.847506499995,0.012946136837559859,0.1654052734375,,,,,,,,0.0078125,1.4138211011886597,0.0014847827476815014,0.004672460785501137,0.24461117386817932
4612096,2745.538386995002,0.014185110469022412,0.17364501953125,,,,,,,,0.015625,1.4137921333312988,0.0013814275832067736,0.003457924908727559,0.20128846168518066
4620288,2763.9805049569986,0.012956142873557275,0.16496582329273224,0.0005230098615315315,0.0021312501768791293,0.0015046585941580815,66,98.31328361855368,42.75,nan,0.015625,1.418053388595581,0.0014549545512158148,0.0038606129954887208,0.1948542445898056
4628480,2770.732809775014,0.012946703036181588,0.16787110269069672,,,,,,,,0.015625,1.4205212593078613,0.0015168250030760944,0.004597786026441829,0.2476147711277008
4636672,2773.9122787660162,0.012294825956369496,0.15941162407398224,,,,,,,,0.015625,1.423352837562561,0.001415010462703259,0.0034855818131140507,0.21503596007823944
4644864,2776.9241405570065,0.01261439298348322,0.16259765625,,,,,,,,0.015625,1.4296629428863525,0.0013902300098965427,0.0039008690803414036,0.267356812953949
4653056,2780.3040056659956,0.01337790931772554,0.17170409858226776,0.0005257999897185783,0.002002505718122849,0.001493100079556642,66,98.37857998421566,42.75,nan,0.015625,1.435337781906128,0.001459561932013409,0.0032176831888761173,0.26522013545036316
4661248,2783.483348525013,0.013836438328100088,0.173095703125,,,,,,,,0.015625,1.446826696395874,0.001335636633360282,0.003223893335653802,0.25531500577926636
4669440,2786.538629952993,0.013762330274592702,0.17160645127296448,,,,,,,,0.015625,1.4463785886764526,0.00136154601995665,0.00375256167960299,0.26026374101638794
4677632,2789.362455671013,0.014155839816473104,0.17531739175319672,,,,,,,,0.015625,1.4529333114624023,0.0012759985586368373,0.0048251328461431115,0.24119065701961517
4685824,2792.3081373080204,0.01453393103986332,0.18244628608226776,0.0006686385456811106,0.002410714639691081,0.001706418980650726,66,97.96473338814192,42.75,nan,0.015625,1.457079291343689,0.0012606671654416758,0.0023640970375476272,0.2525497376918793
4694016,2795.8866311680176,0.01337102294823302,0.16660156846046448,,,,,,,,0.015625,1.467460036277771,0.001413780731768044,0.003348070070446207,0.28647977113723755
4702208,2799.3572617290192,0.01150131374158642,0.14374999701976776,,,,,,,,0.015625,1.4657126665115356,0.0013946204041363486,0.0032646283756970597,0.2720543444156647
4710400,2802.6099925730086,0.010536632973932794,0.13703612983226776,,,,,,,,0.015625,1.4762945175170898,0.0013159420552125824,0.0022545676428323397,0.2028493881225586
4718592,2806.0485718180134,0.012420673359424669,0.15618896484375,0.00048777227465590656,0.001953965454263462,0.0014822947406679333,66,98.28324902449097,42.75,nan,0.015625,1.4657199382781982,0.0013452878682257974,0.0035838465936734233,0.3278370499610901
4726784,2809.8966248530196,0.010380984156109944,0.13188476860523224,,,,,,,,0.015625,1.4694409370422363,0.001322602155699515,0.002055495325490749,0.34350472688674927
4734976,2813.691613531002,0.012130401145124623,0.14974366128444672,,,,,,,,0.0078125,1.4467074871063232,0.001449378593864148,0.0030061373103551425,0.20431561768054962
4743168,2817.420428106998,0.011851393799008727,0.15031738579273224,,,,,,,,0.015625,1.421136498451233,0.0015150415014578813,0.0025162512728260592,0.2334328442811966
4751360,2821.216249296005,0.01341860361669253,0.16253662109375,0.0009224589171289432,0.002228946874052917,0.0019184003602770062,66,98.31503308357117,46.5,47.25,0.015625,1.417216181755066,0.001264047160822146,0.004951398994732394,0.254130095243454
4759552,2825.08359148202,0.012739751502706438,0.16075439751148224,,,,,,,,0.015625,1.4206498861312866,0.0012429482432995244,0.004002703771463022,0.24464426934719086
4767744,2827.8334013730055,0.012699847589621706,0.15816651284694672,,,,,,,,0.015625,1.4183928966522217,0.0016488485423781342,0.004059369650421145,0.248299241065979
4775936,2830.810804206005,0.015944436027506198,0.19011230766773224,,,,,,,,0.015625,1.4275068044662476,0.001299805082325578,0.0036127802550118037,0.2772676646709442
4784128,2834.777736418997,0.012208412532862945,0.15609131753444672,0.0007950065866293432,0.0021058490822331577,0.0018410923664670675,66,98.31533712625416,42.75,nan,0.015625,1.4334323406219482,0.0012476837391497298,0.0017070349345922591,0.2392885535955429
4792320,2839.372546249011,0.013114066156835753,0.1619873046875,,,,,,,,0.015625,1.4406483173370361,0.00145527135949729,0.0015467850855618095,0.2476658672094345
4800512,2843.395368380996,0.01269903528837742,0.16163329780101776,,,,,,,,0.015625,1.4517302513122559,0.0013086136695025785,0.0023939431601731516,0.25211673974990845
4808704,2847.394626793015,0.012809638335855085,0.16380615532398224,,,,,,,,0.015625,1.4538456201553345,0.0013021269540284819,0.0035437850215092,0.2489733248949051
4816896,2851.4356224109943,0.013110796658543545,0.1649169921875,0.0006876274911800095,0.002114921475759901,0.0017464511024172125,66,98.35397263203014,42.75,nan,0.015625,1.4599766731262207,0.0013999632695896993,0.003595783539776942,0.26532992720603943
4825088,2856.5968039410072,0.012743346139251169,0.16058349609375,,,,,,,,0.015625,1.4632792472839355,0.0014367346756120171,0.0036903848993658315,0.2851223051548004
4833280,2861.005271571019,0.01300663617958463,0.16744385659694672,,,,,,,,0.015625,1.4634665250778198,0.001480846818535342,0.0014057823327388139,0.2565886676311493
4841472,2864.8829272440053,0.011700885158622857,0.14814452826976776,,,,,,,,0.015625,1.4696608781814575,0.00142967771783743,0.0019708195721576055,0.2983897626399994
4849664,2868.623157149006,0.013948641450305133,0.17658691108226776,0.0005365528298479916,0.0020830566417957444,0.0016025004338636407,66,98.18064607398297,42.75,nan,0.015625,1.4715831279754639,0.0012788643115638878,0.004438533422346776,0.2950063943862915
4857856,2871.953782302997,0.012421329988656249,0.15683594346046448,,,,,,,,0.015625,1.4716798067092896,0.0011994932568002326,0.003380169727577802,0.26512423157691956
4866048,2875.9653091820073,0.010547699493942669,0.13731689751148224,,,,,,,,0.015625,1.4704893827438354,0.0013595174093937402,0.0024290718030676606,0.2823112905025482
4874240,2880.9703207139974,0.012360428095810998,0.16068115830421448,,,,,,,,0.0078125,1.4201130867004395,0.001393453066071737,0.002124243166241458,0.22349491715431213
4882432,2886.720813121996,0.010748076035268884,0.13743896782398224,0.000555167504901033,0.0020548253879172917,0.0015903236664036925,66,98.34815789731455,42.75,nan,0.015625,1.4173084497451782,0.0014389295742130216,0.0029486782029489837,0.2948441207408905
4890624,2892.0550666550116,0.012649482274417315,0.16452637314796448,,,,,,,,0.015625,1.4224714040756226,0.001291997714322102,0.0029613960321721207,0.20952601730823517
4898816,2896.5560810680036,0.013019951236298717,0.16666260361671448,,,,,,,,0.015625,1.4250961542129517,0.0015759206249124859,0.002814738708474934,0.1428515911102295
4907008,2900.859393020015,0.012469986904086839,0.15965576469898224,,,,,,,,0.015625,1.4266482591629028,0.0013198828636715176,0.003161325122873049,0.18480053544044495
4915200,2905.653166414995,0.012618556527542785,0.16202393174171448,0.0007132716726555577,0.0027182771915684415,0.001848766209900832,66,97.839215301031,42.75,nan,0.015625,1.4260480403900146,0.001416429643962347,0.003016132729715384,0.21246348321437836
4923392,2910.45053088601,0.012950003358466834,0.16452637314796448,,,,,,,,0.015625,1.4373970031738281,0.0014351922399130303,0.0035219354394436016,0.15969312191009521
4931584,2916.4639514720184,0.012793343594701502,0.15872803330421448,,,,,,,,0.015625,1.4421714544296265,0.0011297671388008524,0.0033011811300605017,0.2119310349225998
4939776,2921.6354744330165,0.012683240726790935,0.16184082627296448,,,,,,,,0.015625,1.451189398765564,0.0012476649903687131,0.0016091103932956688,0.1589534729719162
4947968,2940.1471081199998,0.012788753622288096,0.16193847358226776,0.0006788904505274918,0.002884791409280163,0.0017799262069947532,66,98.10062725684358,42.75,nan,0.015625,1.4474563598632812,0.0015342304206762748,0.0018950662589309606,0.18050870299339294
4956160,2962.460007368005,0.015008957363903973,0.18292236328125,,,,,,,,0.015625,1.459064245223999,0.001250813231164416,0.0037665816961209827,0.2122838944196701
4964352,2984.05097390202,0.013390933547763134,0.16690674424171448,,,,,,,,0.015625,1.4623053073883057,0.001321710016514588,0.003849280288604107,0.28132811188697815
4972544,3008.1210842000146,0.011574379441041671,0.14739990234375,,,,,,,,0.015625,1.4653337001800537,0.0013076602286626994,0.002166773859547489,0.2596839368343353
4980736,3030.905656768009,0.012316056043825923,0.15390625596046448,0.0008339386393528825,0.0032297990820418735,0.0019801114241981724,66,97.95593123802591,42.75,nan,0.015625,1.4752264022827148,0.0014347331547475918,0.0032022071441538263,0.21786856651306152
4988928,3051.200490140007,0.012708958278987546,0.15758056938648224,,,,,,,,0.015625,1.4707382917404175,0.0014689178807752669,0.0032224429698900514,0.22267881035804749
4997120,3069.748815964005,0.011040664478700104,0.14515380561351776,0.0007421337348219037,0.0029961710985556226,0.0018177303394521062,66,98.1167044425942,42.75,nan,0.015625,1.4746915102005005,0.0013038394754559036,0.0006739679944125778,0.21569502353668213
