step,wall,approx_kl,clip_frac,eval_1mU_at_best,eval_JT_end,eval_JT_min,eval_len,eval_return,eval_t_JT_min,eval_t_first_PE,frac_done,mean_reward,min_JT,pg_loss,v_loss
8192,12.528166652016807,0.004282374730604262,0.03695068508386612,,,,,,,,0.0,0.6217827200889587,0.1662285978420671,-0.004252844663873499,20.716083526611328
16384,25.75985031700111,0.0037783970728262894,0.03376464918255806,,,,,,,,0.0,0.5032111406326294,0.15541710515653614,-0.005194258982132612,7.5125627517700195
24576,39.93498490302591,0.0037806513422894653,0.03642578050494194,,,,,,,,0.0078125,0.5564706921577454,0.1432150046794223,-0.006027783976100696,7.5186967849731445
32768,51.2429199310136,0.004884052867930477,0.05552978441119194,,,,,,,,0.0,0.6467641592025757,0.18197762383502608,-0.004687683980978883,2.197192430496216
40960,56.17667922200053,0.006711969851071416,0.08775635063648224,,,,,,,,0.0,0.6449507474899292,0.16448246503430197,-0.008079571553177024,2.1259703636169434
49152,60.753730572003406,0.003950904542214085,0.03383789211511612,,,,,,,,0.0078125,0.6544936299324036,0.16450482987295464,-0.004299061200883863,3.6035516262054443
57344,67.39337163401069,0.003982989675737585,0.04237060621380806,,,,,,,,0.0,0.6582004427909851,0.20466225924720072,-0.0033607547450106136,0.6973607540130615
65536,81.05020037901704,0.003319130399194579,0.02175292931497097,0.0023212558478942213,0.21662036533893372,0.21499666663852152,333,219.66755234156884,0.75,nan,0.0078125,0.6590216159820557,0.20645852044698496,-0.002544921097737815,1.8247034549713135
73728,100.77748076900025,0.006628895467538258,0.08310546725988388,,,,,,,,0.0,0.6590515375137329,0.20971552443705757,-0.006413115470338242,0.2842988669872284
81920,113.97184480802389,0.004743306726151125,0.04595947265625,,,,,,,,0.0,0.6575376987457275,0.20881488995343972,-0.0030105416539300193,0.4009465277194977
90112,126.30427654902451,0.0030575798677111824,0.025634765625,,,,,,,,0.0078125,0.6585649847984314,0.20219531681516031,-0.003255980306018326,0.41064950823783875
98304,139.35851904199808,0.005635844804758458,0.066162109375,,,,,,,,0.0,0.6607038378715515,0.19748320501133362,-0.004473415971087228,0.1627935916185379
106496,153.41609238702222,0.0029571189571533712,0.01800537109375,,,,,,,,0.0,0.6627012491226196,0.19651462896964608,-0.002394292208305218,0.2868413031101227
114688,167.0248851409997,0.004521398778509901,0.04836425930261612,,,,,,,,0.0078125,0.6586415767669678,0.19809427972191157,-0.002964285160422016,0.09141170978546143
122880,181.01812893900205,0.005241128239089978,0.06159668043255806,,,,,,,,0.0,0.6577497720718384,0.20664202238870977,-0.004456662132651965,0.10881441831588745
131072,194.38015332000214,0.002853304192898937,0.01905517652630806,0.0023069960775101706,0.21761231578762338,0.21509266382260867,333,219.61250670300996,0.45,nan,0.0078125,0.6590631008148193,0.20414443687525757,-0.0028093124558782527,0.1291152834892273
139264,207.52620048102108,0.005381705231244841,0.06132812425494194,,,,,,,,0.0,0.6585396528244019,0.2127600729232674,-0.005310791980522944,0.03912568464875221
147456,220.12395370201557,0.0033615878193225136,0.02744140662252903,,,,,,,,0.0,0.6584264039993286,0.20722250756188632,-0.0032266827981988996,0.08936073631048203
155648,233.78737408001325,0.004291843505154428,0.04239502176642418,,,,,,,,0.0078125,0.6577471494674683,0.20325209650518877,-0.003912957954597579,0.12687143683433533
163840,247.20960645601735,0.0040543924620533665,0.04100341722369194,,,,,,,,0.0,0.6573492884635925,0.20615304773260212,-0.004253337900377292,0.050719309598207474
172032,254.05734943100833,0.00463206195258867,0.04598388820886612,,,,,,,,0.0078125,0.655535876750946,0.2022773737738724,-0.004507195138153329,0.43827494978904724
180224,258.5347350590164,0.005524474029253382,0.06317138671875,,,,,,,,0.0,0.658568263053894,0.2130839861986177,-0.007021647782885389,0.02203294076025486
188416,262.8347701470193,0.004261598977568614,0.04425048828125,,,,,,,,0.0,0.6579135060310364,0.21388185471407586,-0.004667454128361706,0.03719819709658623
196608,266.92459426200367,0.00453875099557278,0.04324951395392418,0.002153214475231091,0.21932722853972703,0.2151484447765099,333,219.7167003447439,0.45,nan,0.0078125,0.6587064266204834,0.21021459479280166,-0.004496290345338077,0.04456777125597
204800,270.98962145502446,0.0061412086499461616,0.07058105617761612,,,,,,,,0.0,0.6576441526412964,0.2139867055397351,-0.004405658995987526,0.02648353949189186
212992,274.97529156002565,0.0025768899194082684,0.01334228552877903,,,,,,,,0.0,0.6589189767837524,0.21254077873508465,-0.002318822944803981,0.09780722856521606
221184,278.9666694800253,0.004721721207361982,0.05217285081744194,,,,,,,,0.0078125,0.6590579748153687,0.2135160366349204,-0.005794525486856654,0.020237315446138382
229376,282.9078737460077,0.0038974656601559288,0.03831787034869194,,,,,,,,0.0,0.6590632200241089,0.2135947869591638,-0.004008376629484713,0.023604312911629677
237568,286.8232960200112,0.004015770568966815,0.03928222879767418,,,,,,,,0.0078125,0.6591755747795105,0.21169823599291174,-0.005002707803744219,0.03683587536215782
245760,290.7895249330031,0.005037106653363963,0.05593261867761612,,,,,,,,0.0,0.6590300798416138,0.21345926011117294,-0.004899656593100756,0.017919525504112244
253952,294.72737421499914,0.004896727815309115,0.05112304911017418,,,,,,,,0.0,0.6587017178535461,0.2135740542146579,-0.004885005042083655,0.048570968210697174
262144,298.655672154011,0.00398998255965161,0.04096679762005806,0.0022405933893745456,0.216488783423739,0.21498806540246895,333,219.6765478518044,43.5,nan,0.0078125,0.6590898036956787,0.21336274803075211,-0.003523280147253359,0.026135368272662163
270336,302.66455752801266,0.003955720724373842,0.03311767801642418,,,,,,,,0.0,0.6589715480804443,0.21416671427175477,-0.0036996740329040784,0.019148407503962517
278528,306.6469088990125,0.003617013893214088,0.0328369140625,,,,,,,,0.0078125,0.6586478352546692,0.213091827048298,-0.004474704620716506,0.038795411586761475
286720,310.5307405590138,0.004829465718290776,0.05352783203125,,,,,,,,0.0,0.6592936515808105,0.21401226682437194,-0.005256071407856185,0.020474785938858986
294912,314.41195199100184,0.004219247573513015,0.04082031175494194,,,,,,,,0.0,0.6587415933609009,0.21328845391498946,-0.004304037956538618,0.017782920971512794
303104,318.35408368101344,0.0036065307738423814,0.03326416015625,,,,,,,,0.0078125,0.6591324210166931,0.21301391452361867,-0.003718537287781844,0.06413602083921432
311296,322.2106892680167,0.00530601863460362,0.06063232570886612,,,,,,,,0.0,0.6594775915145874,0.2139669425594716,-0.004992193664914441,0.014778840355575085
319488,326.11573097400833,0.0034475685119082517,0.02324218861758709,,,,,,,,0.0,0.6591477990150452,0.2137775744273036,-0.0030926247245170904,0.0714530423283577
327680,330.03543989302125,0.0061150324820094136,0.07363281399011612,0.0019883688321298276,0.21760857692269542,0.2152910778886103,333,219.57209525964458,0.45,nan,0.0078125,0.6594051122665405,0.2141460962249035,-0.0051557575232907184,0.015697713941335678
335872,334.05595716802054,0.003967989759669314,0.03758544847369194,,,,,,,,0.0,0.6591633558273315,0.21424738591483625,-0.003649799897927038,0.022202664986252785
344064,338.00358958600555,0.0040482892901882745,0.03767089918255806,,,,,,,,0.0078125,0.659113347530365,0.213355078118656,-0.00442869636681493,0.038938235491514206
352256,341.8506513160246,0.005289972804028909,0.06027832254767418,,,,,,,,0.0,0.6595689654350281,0.21439426078402907,-0.004393371341228242,0.009667579084634781
360448,345.75478176001343,0.004599300380149269,0.04652099683880806,,,,,,,,0.0,0.659022331237793,0.21433849590817497,-0.004199332493908586,0.016842283308506012
368640,349.6616910500161,0.004720772312214035,0.04938964918255806,,,,,,,,0.0078125,0.6593596935272217,0.21387466164045085,-0.004766182333110211,0.022392302751541138
376832,353.53003907500533,0.005299040631718663,0.06086425855755806,,,,,,,,0.0,0.6593103408813477,0.21402355198929296,-0.006024484038778858,0.008972302079200745
385024,357.4169857870147,0.0037398447260777058,0.03466796875,,,,,,,,0.0078125,0.6589768528938293,0.21345861978903602,-0.0045389450119630356,0.037486471235752106
393216,361.30510829002014,0.0048552763821610645,0.05220947414636612,0.00179796279899902,0.21806763271596172,0.2150742379739754,333,219.75789218455,49.35,nan,0.0,0.6596355438232422,0.21419986911791952,-0.004529871583646546,0.010073784738779068
401408,365.37829795101425,0.0036627348805795823,0.0330810546875,,,,,,,,0.0,0.6594839096069336,0.21387560712353754,-0.004440669675693898,0.013427930884063244
409600,369.30121152399806,0.005494428551889538,0.0650634765625,,,,,,,,0.0078125,0.6594175100326538,0.21351201879706125,-0.005470209899538392,0.020144833251833916
417792,373.18896705500083,0.005497404076099419,0.06380615383386612,,,,,,,,0.0,0.6596150398254395,0.21429386402782638,-0.005555490592442831,0.00811021775007248
425984,377.07375783100724,0.0030575295349945155,0.02238769643008709,,,,,,,,0.0,0.6596047282218933,0.21346089376879332,-0.0035731058446063224,0.027703402563929558
434176,380.9815375060134,0.005757215533733635,0.07000732421875,,,,,,,,0.0078125,0.6594986915588379,0.21384775587373128,-0.004343024429735615,0.00914131011813879
442368,384.8873893880227,0.0059384805303569895,0.06956787407398224,,,,,,,,0.0,0.6598416566848755,0.21401616218146374,-0.005815463012437095,0.007393799722194672
450560,388.79431295301765,0.003003146029631403,0.023193359375,,,,,,,,0.0078125,0.6597331762313843,0.21332538451885957,-0.0037204281103151975,0.02534070611000061
458752,392.6762058780005,0.004742613813982769,0.051513671875,0.001515440169614024,0.2180514613793197,0.2148939404305581,333,219.81865261272077,46.95,nan,0.0,0.6599675416946411,0.21424211701625553,-0.005067312413582694,0.007991999387741089
466944,396.7271770950174,0.004601767176193973,0.04776611551642418,,,,,,,,0.0,0.6600699424743652,0.21331224992039616,-0.005189599961675764,0.01659623347222805
475136,400.6543001670216,0.005255175860680057,0.06040039286017418,,,,,,,,0.0078125,0.6597724556922913,0.21311619816239397,-0.00433268872959879,0.014752929098904133
483328,404.6531900940172,0.006319798928565066,0.07827148586511612,,,,,,,,0.0,0.66014164686203,0.21410168658048848,-0.0053441910586086725,0.0061546447686851025
491520,408.6552090300247,0.0038967071378199097,0.03272705152630806,,,,,,,,0.0078125,0.6602690815925598,0.21332450443656525,-0.002043629351103281,0.055931445211172104
499712,412.5836904300086,0.007460559767966804,0.09715576469898224,,,,,,,,0.0,0.6598690152168274,0.2144597530380826,-0.005650346479829573,0.006063410546630621
507904,416.59414691501297,0.003987653353760362,0.03905029222369194,,,,,,,,0.0,0.6599428057670593,0.2137034312500234,-0.005133271083479766,0.01129088457673788
516096,420.5279246610007,0.0035864343358392795,0.03146972879767418,,,,,,,,0.0078125,0.6597814559936523,0.21317475348577478,-0.003979414930682968,0.022041967138648033
524288,424.47370178901474,0.005767889509474669,0.06906738132238388,0.0008972304975404244,0.21616892291776088,0.21458637930130808,333,219.9242072975498,48.0,nan,0.0,0.6601490378379822,0.21433814986078822,-0.005912187246455723,0.005069473292678595
532480,428.5310290660127,0.002605415540094285,0.01732177846133709,,,,,,,,0.0,0.6603170037269592,0.21382300765400458,-0.003565283495547641,0.023057205602526665
540672,432.4519174550078,0.005515620879443269,0.06313476711511612,,,,,,,,0.0078125,0.6599211096763611,0.21375209000029982,-0.005224913773808702,0.009980014525353909
548864,436.302253337024,0.005663231991711176,0.06590576469898224,,,,,,,,0.0,0.6601343154907227,0.21396152374124608,-0.006977389394839795,0.005901661701500416
557056,440.16628604300786,0.004217212440069099,0.04039306566119194,,,,,,,,0.0078125,0.660164475440979,0.21331052500922695,-0.004519427253139723,0.017145002260804176
565248,444.04803778399946,0.006501845800652427,0.07895507663488388,,,,,,,,0.0,0.6602045893669128,0.21437205171967136,-0.006326707684095544,0.0039749485440552235
573440,447.9093698100187,0.004795205726074673,0.05120849609375,,,,,,,,0.0,0.6603600978851318,0.21374731272197178,-0.005692790120774301,0.012360776774585247
581632,451.7751953040133,0.0036051389529092553,0.03254394605755806,,,,,,,,0.0078125,0.6600541472434998,0.2135610482252257,-0.0031770530339466623,0.015026298351585865
589824,455.60875461500837,0.006344339166270682,0.07763671875,0.001192269113112654,0.21594300394630134,0.21426576343452575,333,219.99639463344658,49.2,nan,0.0,0.660234272480011,0.21441072231623645,-0.00631662782564465,0.0039032890927046537
598016,459.6819014560024,0.003049276125174541,0.02100830152630806,,,,,,,,0.0078125,0.6603941917419434,0.2139227583767076,-0.0031854028154646844,0.028254110366106033
606208,463.58028172299964,0.006178257107844642,0.07431640475988388,,,,,,,,0.0,0.6600574851036072,0.21455801107592448,-0.004156127271941186,0.005447092466056347
614400,467.4289621640055,0.005489349625716697,0.06588134914636612,,,,,,,,0.0,0.660553514957428,0.21415079829110256,-0.006963051683595973,0.006011544726788998
622592,471.324629448005,0.0046559025162146,0.05125732347369194,,,,,,,,0.0078125,0.6602662801742554,0.21366867710956527,-0.005008819453115315,0.02112315595149994
630784,475.1874178830185,0.005981141223299716,0.07319336384534836,,,,,,,,0.0,0.6603863835334778,0.2141233718396259,-0.005116656500908222,0.0035496316850185394
638976,479.0504207810154,0.002926312108659193,0.01813964918255806,,,,,,,,0.0,0.6606829166412354,0.21374146847727737,-0.0033728593461523695,0.049975935369729996
647168,482.9235897480103,0.006576162408210783,0.08321533352136612,,,,,,,,0.0078125,0.6599262952804565,0.21355573605776618,-0.006575800085569056,0.007018616888672113
655360,486.80982374600717,0.006354128018588631,0.07878418266773224,0.0016016453651732654,0.21669254164287383,0.2141320119268165,333,220.08435218291856,48.150000000000006,nan,0.0,0.66030353307724,0.2142273296093839,-0.004898879618482753,0.004528383258730173
663552,490.81639426000766,0.002720942047459531,0.014550781808793545,,,,,,,,0.0078125,0.660480797290802,0.2136312532356603,-0.002583086526763523,0.047006841748952866
671744,494.6748607280024,0.006472735336130695,0.07829590141773224,,,,,,,,0.0,0.6602234840393066,0.21448796216333288,-0.005581064002147859,0.0032520852982997894
679936,498.5312727060227,0.0037737205192310054,0.03221435472369194,,,,,,,,0.0,0.6608055830001831,0.21337736406666444,-0.003805395774485992,0.013569354079663754
688128,502.40082031901693,0.004622248243503801,0.04901123046875,,,,,,,,0.0078125,0.6602795124053955,0.21338537353453435,-0.005321552609684379,0.021742481738328934
696320,506.2266842430108,0.006950592821037486,0.08656006306409836,,,,,,,,0.0,0.6606301665306091,0.21408716591479177,-0.006697538614635139,0.0031970832496881485
704512,510.11608373801573,0.0036334692541330547,0.03142089769244194,,,,,,,,0.0078125,0.6609617471694946,0.21329965791182004,-0.0046475604247615794,0.024145936593413353
712704,513.9916689440142,0.005706327106327234,0.06766357272863388,,,,,,,,0.0,0.6603460907936096,0.21440386320818744,-0.006043938355693778,0.005511994007974863
720896,517.8436921900138,0.006080911967560685,0.07416992634534836,0.001617261461789865,0.21563740737676285,0.21400610483917198,333,220.16942663604436,49.35,nan,0.0,0.6609155535697937,0.21405768114368348,-0.0041843377489659645,0.004950776696205139
729088,521.9178303010121,0.0035013006969790376,0.0316162109375,,,,,,,,0.0078125,0.6605455875396729,0.21280153440899857,-0.004072572933081217,0.0702800527215004
737280,525.7586651380116,0.006388764343632742,0.07962646335363388,,,,,,,,0.0,0.6604725122451782,0.21395390954715424,-0.006117138945246305,0.004540999419987202
745472,529.6234636029985,0.0037384708181000636,0.03342285379767418,,,,,,,,0.0,0.6611979007720947,0.21338305117936707,-0.004766375976445638,0.04913423955440521
753664,533.5300426510221,0.0068202499063018535,0.08521728962659836,,,,,,,,0.0078125,0.660114049911499,0.2132849259784581,-0.0063273657432150136,0.004980572499334812
761856,537.3310445010138,0.005298846690220103,0.05827636644244194,,,,,,,,0.0,0.6605494022369385,0.2140490405611352,-0.005471294683373741,0.007128607016056776
770048,541.2406834880239,0.004900263234719317,0.0523681640625,,,,,,,,0.0078125,0.6607128381729126,0.21340638843511966,-0.004917693922459328,0.020179560407996178
778240,545.0891054890235,0.005729578747016691,0.06694336235523224,,,,,,,,0.0,0.660342812538147,0.21437793321377466,-0.003867659666077104,0.004908476956188679
786432,548.9387724020053,0.004571145373342188,0.0469970703125,0.0017313004794412556,0.217586863382699,0.21387605764892528,333,220.14180216558287,48.150000000000006,nan,0.0,0.6610209345817566,0.21371551901849223,-0.004975484391269495,0.019185198470950127
794624,552.9893785120221,0.004971150424866458,0.05531005933880806,,,,,,,,0.0078125,0.6603809595108032,0.2135001674819114,-0.005037279211338679,0.008001644164323807
802816,556.8244743550022,0.005783715599492289,0.06894531100988388,,,,,,,,0.0,0.66072678565979,0.21371294465404503,-0.005443211023897835,0.003275783732533455
811008,560.7134318580211,0.004485159736323548,0.044189453125,,,,,,,,0.0078125,0.6611811518669128,0.21294616740914152,-0.005125413700550377,0.009576029144227505
819200,564.5776150980091,0.005206040013632229,0.05877685546875,,,,,,,,0.0,0.6602725982666016,0.21459931287048578,-0.006436539293725361,0.005560669582337141
827392,568.4289867480111,0.006035120518758936,0.07276611775159836,,,,,,,,0.0,0.6610307097434998,0.21385970341494712,-0.0050311129746773596,0.005144001450389624
835584,572.282705545018,0.0031839906307161783,0.02578124962747097,,,,,,,,0.0078125,0.6607303619384766,0.21343921095930596,-0.003945937497804273,0.017263177782297134
843776,576.1380442320078,0.0059763671497554405,0.07310791313648224,,,,,,,,0.0,0.6606870293617249,0.214230142932399,-0.004720762589840575,0.003938925452530384
851968,580.0188592940103,0.005038237254478266,0.05257568508386612,0.0014801544377343046,0.21540005099941334,0.213992732474065,333,220.129371548936,46.95,nan,0.0,0.6616032719612122,0.21313623653806774,-0.004431664285195242,0.017591793090105057
860160,584.0780736680026,0.007956617269839842,0.10189209133386612,,,,,,,,0.0078125,0.6602044105529785,0.2130677953773517,-0.007795612406829914,0.007795608136802912
868352,587.9238839060126,0.007293086540399344,0.09536132961511612,,,,,,,,0.0,0.6608814001083374,0.2139827241765825,-0.00741973832141416,0.0034970883280038834
876544,591.7815649140102,0.0043161392701779756,0.04331054911017418,,,,,,,,0.0078125,0.6610302329063416,0.2135607775380121,-0.004889420762618012,0.01018504984676838
884736,595.6021055410092,0.00696202599886845,0.08835449069738388,,,,,,,,0.0,0.66046142578125,0.2144917133537295,-0.006341870036577423,0.002886188682168722
892928,599.5075123150018,0.004343865511111421,0.04338378831744194,,,,,,,,0.0,0.6614593267440796,0.2135022746272377,-0.004514750271402616,0.012456928379833698
901120,603.3835882720014,0.005217158639710183,0.05992431566119194,,,,,,,,0.0078125,0.6606098413467407,0.21291990181692433,-0.005249715685350805,0.006934824865311384
909312,607.2528152800223,0.0068697772410198496,0.08922119438648224,,,,,,,,0.0,0.6609129309654236,0.21402252999903282,-0.0058129256096922585,0.002281780354678631
917504,611.1394548450189,0.0043984613166994915,0.04342041164636612,0.0020748348040495745,0.21571383346759956,0.21416145820739757,333,220.147450458638,49.5,nan,0.0078125,0.6614646911621094,0.21339894418317243,-0.004944068187184835,0.008690690621733665
925696,615.1678477020178,0.006257275566720484,0.07683105766773224,,,,,,,,0.0,0.6603803634643555,0.21447675926325008,-0.00428750772320334,0.003389773890376091
933888,618.984469322022,0.005618355683664394,0.06519775837659836,,,,,,,,0.0,0.6613690853118896,0.2133023525085329,-0.006558564020695945,0.007164083421230316
942080,622.9138214160048,0.004944512697145831,0.05227050930261612,,,,,,,,0.0078125,0.6610088348388672,0.21311931238197493,-0.004929631200210345,0.01456634420901537
950272,626.7413239390007,0.007467286518954986,0.09663086384534836,,,,,,,,0.0,0.660544753074646,0.21428796248199916,-0.0071259074332603745,0.0023280903697013855
958464,630.5974988770031,0.004702174532423546,0.04729003831744194,,,,,,,,0.0,0.66155606508255,0.2133196701968712,-0.005282371980801973,0.017381498590111732
966656,634.5003567770182,0.006115005473661147,0.07532959431409836,,,,,,,,0.0078125,0.6602353453636169,0.21325539820077286,-0.005196104530690278,0.0065544056706130505
974848,638.3576321990113,0.005880281553546617,0.06904297322034836,,,,,,,,0.0,0.6610212326049805,0.21365792231999073,-0.006561259209665642,0.005114325787872076
983040,642.2387442199979,0.005835530519670843,0.06746826320886612,0.0016882702851837017,0.21541681627619763,0.2138173879147892,333,220.1903517676733,43.5,nan,0.0078125,0.6612200140953064,0.21303230187329764,-0.005006939529327637,0.012581154704093933
991232,646.235352276999,0.00787939867294434,0.10134277492761612,,,,,,,,0.0,0.6604511737823486,0.2143932959499654,-0.006934957887319404,0.0021468165796250105
999424,650.1500940340047,0.00393242439330281,0.03532714769244194,,,,,,,,0.0,0.6615267992019653,0.2133485862463457,-0.004347022414359589,0.01183923240751028
1007616,654.0464662290178,0.005698361451718698,0.06649170070886612,,,,,,,,0.0078125,0.6604885458946228,0.21311226688179913,-0.005334942543182329,0.008825068362057209
1015808,657.8949446270126,0.007630227131320751,0.10085449367761612,,,,,,,,0.0,0.6608095765113831,0.21420293762885464,-0.007444398483981783,0.0026705760974437
1024000,661.7539734620077,0.005063512365719471,0.05565185472369194,,,,,,,,0.0078125,0.6615584492683411,0.21314805378249252,-0.004542760298343969,0.013989451341331005
1032192,665.6354183689982,0.0063246673901061175,0.07833252102136612,,,,,,,,0.0,0.6602463722229004,0.2146481015452982,-0.0057188729480617305,0.0026786879170686007
1040384,669.4649140700058,0.006666801814839016,0.08443603664636612,,,,,,,,0.0,0.6612327098846436,0.2137949847380083,-0.00542816037289188,0.003877547336742282
1048576,673.383494446025,0.0037737915944157357,0.03370361402630806,0.001018157505777717,0.2171629022077346,0.21409997036666054,333,220.16781345943247,43.35,nan,0.0078125,0.6608996391296387,0.21322570067962549,-0.004065981140110193,0.03367360308766365
1056768,677.4007774190104,0.0061788819523165535,0.07253418117761612,,,,,,,,0.0,0.6604461669921875,0.21438006370365623,-0.005837094598744919,0.003632355248555541
1064960,681.2785270190216,0.005228797377282499,0.06014404445886612,,,,,,,,0.0,0.6617279052734375,0.2131991757942458,-0.006097772944695093,0.014028014615178108
1073152,685.1781623960123,0.007457830476172673,0.09687500447034836,,,,,,,,0.0078125,0.6602237224578857,0.21312640717935066,-0.007972351861943184,0.007837307639420033
1081344,689.0322002440225,0.007350158982345575,0.0928955078125,,,,,,,,0.0,0.6610889434814453,0.21385529749050813,-0.007432345770159223,0.0025757101830095053
1089536,692.8766078040062,0.004209785831410073,0.04219970852136612,,,,,,,,0.0078125,0.6613091826438904,0.2132472297372105,-0.005715176693829605,0.02106737345457077
1097728,696.7422362280195,0.006117770721349869,0.07399902492761612,,,,,,,,0.0,0.6604524850845337,0.21450217248934692,-0.005938115650341781,0.003089521313086152
1105920,700.6365726830263,0.004288318334385458,0.04334716871380806,,,,,,,,0.0,0.6615592837333679,0.21368131166792473,-0.004429746480850891,0.012938104569911957
1114112,704.5344280170102,0.005165561008217569,0.06013183668255806,0.0016770203266417427,0.21671158215524772,0.2137136714980515,333,220.25342455153378,43.5,nan,0.0078125,0.6606519222259521,0.2135105876219606,-0.00607723066138702,0.01505298912525177
1122304,708.5326697390119,0.006142034007247572,0.07449951022863388,,,,,,,,0.0,0.6609464883804321,0.21405043861085482,-0.005173702669449783,0.004425951279699802
1130496,712.4044685430126,0.004103717353004114,0.03914795070886612,,,,,,,,0.0078125,0.6616867780685425,0.21300397426680484,-0.0039017010695330447,0.020321780815720558
1138688,716.3005758900254,0.006165101877945137,0.07438965141773224,,,,,,,,0.0,0.6603492498397827,0.21471495375800723,-0.004845869768952546,0.0033089437056332827
1146880,720.2211156150152,0.007090316231625107,0.09025879204273224,,,,,,,,0.0,0.6614242792129517,0.21373070645016878,-0.005651864253399974,0.0027887083124369383
1155072,724.1188281510258,0.004768412547817925,0.05290527269244194,,,,,,,,0.0078125,0.6611220836639404,0.21316438810792565,-0.005406745843080796,0.027753526344895363
1163264,728.0180517210101,0.007290605004294307,0.09426269680261612,,,,,,,,0.0,0.6606959104537964,0.214118925606985,-0.005940835011894626,0.001570932217873633
1171456,731.9003426310082,0.00498822873418047,0.05386963114142418,,,,,,,,0.0,0.6619449257850647,0.21312908584594195,-0.005848579789940584,0.009198871441185474
1179648,735.8124602550233,0.007081573856957159,0.09110107272863388,0.001350083624984788,0.2163560321210824,0.2132932579804224,333,220.3196725341367,49.2,nan,0.0078125,0.6603801250457764,0.2129485476658321,-0.006936718492737182,0.0029342675115913153
1187840,739.8548737110104,0.006826690554231768,0.08677978813648224,,,,,,,,0.0,0.6613733768463135,0.21377761750112687,-0.005952382749814118,0.003006481099873781
1196032,743.7568481790076,0.0036953765877917114,0.03072509728372097,,,,,,,,0.0078125,0.661655843257904,0.2129443633884344,-0.003918167578105733,0.04910493642091751
1204224,747.6185649970139,0.00782019406932743,0.10352783650159836,,,,,,,,0.0,0.6606936454772949,0.21438947272177597,-0.0064609608748122495,0.001779035897925496
1212416,751.5154464950028,0.006605505236541876,0.08315429836511612,,,,,,,,0.0,0.6620473861694336,0.21322810066368772,-0.006862879807671383,0.005534598138183355
1220608,755.406689839001,0.006149688451650977,0.07587891072034836,,,,,,,,0.0078125,0.6608645915985107,0.21295675006354658,-0.005437298001456025,0.007582762278616428
1228800,759.2480978050153,0.006467965304337769,0.07926025241613388,,,,,,,,0.0,0.6610009074211121,0.21392479179101564,-0.006436742953287423,0.002985091181471944
1236992,763.2105932690029,0.004702178575687315,0.04720459133386612,,,,,,,,0.0078125,0.6620736718177795,0.21273786635942052,-0.0043650184489446965,0.020547717809677124
1245184,767.0581197749998,0.0070681995006527795,0.08822021633386612,0.0015773936546966683,0.21447896776272474,0.21345527933332203,333,220.25644483227288,48.150000000000006,nan,0.0,0.6603218913078308,0.2146184711885908,-0.00674137101369492,0.0032440554350614548
1253376,771.098671269021,0.007876204912912826,0.10245361179113388,,,,,,,,0.0,0.6615719795227051,0.21380526294590063,-0.004947567715029366,0.002236164640635252
1261568,775.0128895870002,0.004064456219750423,0.04034423828125,,,,,,,,0.0078125,0.6612610816955566,0.2130479865874745,-0.005205199171711703,0.0165164303034544
1269760,778.8450162380177,0.008345938800619632,0.10886230319738388,,,,,,,,0.0,0.6607422232627869,0.2144193262855208,-0.007619973037509603,0.0013040127232670784
1277952,782.6915999330231,0.00469421073919747,0.05042724683880806,,,,,,,,0.0,0.6620944738388062,0.213166509366159,-0.006339930197196024,0.006940455641597509
1286144,786.5939714660053,0.006344081696094048,0.07954102009534836,,,,,,,,0.0078125,0.660362184047699,0.21306820484223105,-0.006774845295445634,0.004451621323823929
1294336,790.462322182022,0.007508132509142611,0.09746094048023224,,,,,,,,0.0,0.661200225353241,0.2139144155802477,-0.007565030650630958,0.0016644835704937577
1302528,794.4224639550084,0.004306805030072476,0.04468994215130806,,,,,,,,0.0078125,0.6615254878997803,0.2132645573545781,-0.004877479206489377,0.01764656975865364
1310720,798.313433065021,0.007298481076329607,0.09272461384534836,0.002028694500655459,0.21651844542102672,0.21389831638318202,333,220.18618492225158,49.5,nan,0.0,0.6605169773101807,0.21461792342304098,-0.0035455729629349448,0.0013048643013462424
1318912,802.4050148990063,0.00531944345566291,0.06024169921875,,,,,,,,0.0,0.6617509126663208,0.21350162194931976,-0.006482621380165733,0.00934914406388998
1327104,806.3106861340057,0.005262623386420595,0.06154785305261612,,,,,,,,0.0078125,0.6607754826545715,0.2131692298808224,-0.006861215890729986,0.006432484835386276
1335296,810.1440760999976,0.0076240891027654694,0.09956055134534836,,,,,,,,0.0,0.6608096361160278,0.2142649811321426,-0.0060548955976308235,0.0013081989018246531
1343488,814.0352645480016,0.004433008156973921,0.04468994215130806,,,,,,,,0.0078125,0.6618815064430237,0.2134281083009586,-0.005107482288525547,0.021113431081175804
1351680,817.9043276900193,0.0076300171181397786,0.10035400837659836,,,,,,,,0.0,0.660193145275116,0.21486295321668503,-0.007346811022242328,0.0017865122063085437
1359872,821.7917112820141,0.007653398017207569,0.10065918415784836,,,,,,,,0.0,0.6612817645072937,0.2138396020330092,-0.007308797479893818,0.00212557939812541
1368064,825.7262216110248,0.003675172194139792,0.03166503831744194,,,,,,,,0.0078125,0.6610875725746155,0.21316802870084897,-0.0038655460026215047,0.04153778776526451
1376256,829.5983240260102,0.007313157993271344,0.09403076022863388,0.001646255894203974,0.21699383118627283,0.2139343362883388,333,220.17142982703885,43.5,nan,0.0,0.6605880856513977,0.21452819431250672,-0.006936447441293194,0.0013899080222472548
1384448,833.6479400940007,0.0034041074686417556,0.0284423828125,,,,,,,,0.0,0.661626398563385,0.2137677925079425,-0.002277023392880054,0.0401596836745739
1392640,837.5495183410239,0.0077400943950539924,0.09927978366613388,,,,,,,,0.0078125,0.6602687835693359,0.21354657690392523,-0.007346114976452287,0.0037104447837918997
1400832,841.4030481869995,0.0076271967026794035,0.09987793117761612,,,,,,,,0.0,0.6609500646591187,0.21418548139560856,-0.0072295289775806395,0.0016520143253728747
1409024,845.2898374659999,0.004905284034517555,0.05095214769244194,,,,,,,,0.0078125,0.6614474058151245,0.21342632226182742,-0.006429978772003681,0.008390254341065884
1417216,849.1404888289981,0.008278579879162978,0.11171875149011612,,,,,,,,0.0,0.6603925228118896,0.21459779262528939,-0.007748512779704313,0.001622580923140049
1425408,853.0116314199986,0.006331109171726391,0.07596435397863388,,,,,,,,0.0,0.6615252494812012,0.21365300665756598,-0.006387987596694578,0.004127581138163805
1433600,856.9003150910139,0.005251741101950558,0.06112060695886612,,,,,,,,0.0078125,0.6607590317726135,0.2133425480548295,-0.00575973382503022,0.008528146892786026
1441792,860.7271609880263,0.00856198871703045,0.11422119289636612,0.0012839431660713885,0.21512469765366657,0.21349900373590133,333,220.21583774989548,48.150000000000006,nan,0.0,0.6608820557594299,0.21406546765426754,-0.007692005043670131,0.0009151937556453049
1449984,864.7393871930253,0.003978262445689951,0.035888671875,,,,,,,,0.0078125,0.6619484424591064,0.21318921199039126,-0.004522913535404541,0.050625480711460114
1458176,868.6219526120112,0.006528925154419632,0.08021240681409836,,,,,,,,0.0,0.6602025628089905,0.21484718872257358,-0.005506969348992067,0.0018117160070687532
1466368,872.4666197530169,0.007629651919717187,0.10039062798023224,,,,,,,,0.0,0.6612902879714966,0.21402759567737487,-0.00761336634640593,0.002142959041520953
1474560,876.3440110790252,0.004401928375980107,0.04407959058880806,,,,,,,,0.0078125,0.6610803008079529,0.21336729407151284,-0.0051545230865584065,0.017277657985687256
1482752,880.1740549740207,0.008998591520787474,0.123046875,,,,,,,,0.0,0.6606786847114563,0.2143570848137856,-0.007753029768690778,0.0010918964399024844
1490944,884.052987684001,0.005267865192572202,0.05933837965130806,,,,,,,,0.0,0.6619628071784973,0.21342996605552744,-0.0050350361006546995,0.010806986130774021
1499136,887.925293443026,0.0069660144005215365,0.09018554538488388,,,,,,,,0.0078125,0.660458505153656,0.21323256608006927,-0.006371368866914082,0.0034639667719602585
1507328,891.774595283001,0.008214193287470783,0.10965576022863388,0.0022507780720266712,0.21596851514963872,0.2139673653865087,333,220.1362989852455,49.5,nan,0.0,0.6612271070480347,0.21402290934782103,-0.008007728739934555,0.001305065001361072
1515520,895.8310575440119,0.0036105988800501617,0.03128662332892418,,,,,,,,0.0078125,0.6617208123207092,0.21314962606126425,-0.004325111435307986,0.04792572930455208
1523712,899.7208803980029,0.008316975428872738,0.10980224609375,,,,,,,,0.0,0.6605857014656067,0.21459929693988386,-0.006752684332758001,0.0012748254230245948
1531904,903.6000918500067,0.006342065607057128,0.07773437350988388,,,,,,,,0.0,0.6618612408638,0.21346848903454724,-0.006415078508479774,0.004776389803737402
1540096,907.4450934380002,0.005281227366069763,0.05924072489142418,,,,,,,,0.0078125,0.6609480381011963,0.21318977577187215,-0.006263122946982786,0.015296190977096558
1548288,911.3135586400167,0.009347048989689341,0.12680664658546448,,,,,,,,0.0,0.6611313223838806,0.21416411645875927,-0.008354643142800983,0.0009860377758741379
1556480,915.2360284550232,0.006107050882912002,0.07475586235523224,,,,,,,,0.0078125,0.6622340083122253,0.2122800558216938,-0.005982167582115808,0.0202049408107996
1564672,919.1693777650071,0.008553695581753524,0.11212158203125,,,,,,,,0.0,0.6603512763977051,0.2147345427142487,-0.007481369438261104,0.0013695070520043373
1572864,923.0234018260089,0.007724952575115489,0.10051269829273224,0.0012956780090846998,0.21435563190257373,0.21328232879083092,333,220.3580835217781,48.150000000000006,nan,0.0,0.6615177989006042,0.21378031067485986,-0.007622936896599989,0.002161381533369422
1581056,927.031352053018,0.005602281766860054,0.06629639118909836,,,,,,,,0.0078125,0.6613450050354004,0.21321510271100225,-0.006115772488549751,0.016877543181180954
1589248,930.8543863689993,0.007863641823908314,0.10196533054113388,,,,,,,,0.0,0.6608639359474182,0.21423963413905356,-0.008089855816722835,0.0012871737126260996
1597440,934.7022663509997,0.004778678579804689,0.05161133036017418,,,,,,,,0.0,0.6621993184089661,0.21332154094583297,-0.006713575106292816,0.013521336019039154
1605632,938.6047993079992,0.006301312928940534,0.076171875,,,,,,,,0.0078125,0.660576581954956,0.21321568044140213,-0.007854379217667094,0.006547251250594854
1613824,942.4290865040093,0.00864072786227627,0.11317139118909836,,,,,,,,0.0,0.6613655686378479,0.2138258403447073,-0.008096388709073225,0.0011398732895031571
1622016,946.333647979016,0.004810507042213365,0.0506591796875,,,,,,,,0.0078125,0.6618871092796326,0.21292349374259154,-0.005877708549702893,0.01989857293665409
1630208,950.2343547590135,0.008349721472577513,0.10975342243909836,,,,,,,,0.0,0.6606153249740601,0.21437301859158492,-0.006093465858598309,0.0008669672533869743
1638400,954.1020428950142,0.007364823059240991,0.09650879353284836,0.0014049804453006853,0.21670524423105203,0.2133373294014031,333,220.33189639444615,48.150000000000006,nan,0.0,0.6619915962219238,0.21299031779340125,-0.006525357850379533,0.003215548349544406
1646592,958.1509952380147,0.0060724395386952505,0.07403564453125,,,,,,,,0.0078125,0.6609597206115723,0.21282215379880606,-0.00630052912445849,0.008496188558638096
1654784,962.0256068370072,0.008737919678529294,0.11606445163488388,,,,,,,,0.0,0.6610080003738403,0.21419823269635896,-0.007258103922641951,0.0009317997028119862
1662976,965.9253303139994,0.005301475380458154,0.05919189378619194,,,,,,,,0.0078125,0.6620897054672241,0.21323912806814332,-0.0058274805132259005,0.015153779648244381
1671168,969.839252655016,0.008480472578966216,0.11339111626148224,,,,,,,,0.0,0.6604284048080444,0.2144563273878856,-0.007867838399744377,0.0014602275332435966
1679360,973.7003584790218,0.007926396332786806,0.10555420070886612,,,,,,,,0.0,0.6616556644439697,0.21363493129153954,-0.007285566784864035,0.0019411795074120164
1687552,977.576692068018,0.006352691512217211,0.07741699367761612,,,,,,,,0.0078125,0.6614903211593628,0.21313212350920482,-0.006347772417937628,0.007922947406768799
1695744,981.430515015003,0.008536159234876188,0.1136474609375,,,,,,,,0.0,0.6608648896217346,0.2142110409039811,-0.006901605872141742,0.000992080313153565
1703936,985.3240634100221,0.004505075769483136,0.0450439453125,0.0017706428400788843,0.2168880530117901,0.213378291391926,333,220.251940323537,48.150000000000006,nan,0.0,0.6624272465705872,0.21309768234265286,-0.005540737968987883,0.014965327456593513
1712128,989.3777933020028,0.007334976500110696,0.09528809040784836,,,,,,,,0.0078125,0.6606032848358154,0.21282230736148003,-0.007581642542867033,0.0026231524534523487
1720320,993.2143715030106,0.008675587667635862,0.11529541015625,,,,,,,,0.0,0.6613957285881042,0.21374672158445446,-0.007283548423085548,0.0012452385853976011
1728512,997.0850640510034,0.004805934257686171,0.05169677734375,,,,,,,,0.0078125,0.6619622707366943,0.21292561637750934,-0.005438013616832684,0.008835392072796822
1736704,1000.9410415000166,0.008262417716026328,0.11046142876148224,,,,,,,,0.0,0.6607009768486023,0.2144958545389653,-0.005878361917279978,0.0021510091610252857
1744896,1004.812588566012,0.006788870838172971,0.08469238132238388,,,,,,,,0.0,0.6623057126998901,0.21313309744289097,-0.0074328719811570815,0.004981575068086386
1753088,1008.7094331740227,0.0070179932347961245,0.09051513671875,,,,,,,,0.0078125,0.6611912846565247,0.21276085940246428,-0.008303671005427194,0.010154838673770428
1761280,1012.5905262830202,0.008481217412431852,0.11257324367761612,,,,,,,,0.0,0.661249577999115,0.21399552733333488,-0.007109707589381665,0.0008416378987021744
1769472,1016.4406639630033,0.005448899750467621,0.06223144754767418,0.0016968618468244934,0.21701221349191768,0.21356254268188707,333,220.23414055043742,46.95,nan,0.0078125,0.6626400351524353,0.21222223872470428,-0.006450715741427613,0.006941494531929493
1777664,1020.5026220150176,0.007458235853976734,0.09522705525159836,,,,,,,,0.0,0.6604112386703491,0.21469095508865066,-0.005554874805899063,0.0036375790368765593
1785856,1024.341277880012,0.009242480084842403,0.123046875,,,,,,,,0.0,0.6617723107337952,0.2134451514152087,-0.007121970925877255,0.0020512130577117205
1794048,1028.218810202001,0.006236746443927852,0.07603760063648224,,,,,,,,0.0078125,0.6616964936256409,0.21288761569829684,-0.008356146989157518,0.018786095082759857
1802240,1032.0731348300178,0.009101140086141882,0.12053222954273224,,,,,,,,0.0,0.6609255075454712,0.21423733418442398,-0.007615850856296115,0.0007707620388828218
1810432,1035.9643536890217,0.005215540929113014,0.0596923828125,,,,,,,,0.0,0.6625761389732361,0.21310492175108728,-0.006139645719374462,0.01404649019241333
1818624,1039.947374625015,0.006725150831655841,0.08579101413488388,,,,,,,,0.0078125,0.6606150269508362,0.21298980280996438,-0.008592332907643167,0.002721782075241208
1826816,1043.781661163026,0.008335754033976886,0.10997314751148224,,,,,,,,0.0,0.6614934802055359,0.21376596672296927,-0.007082050837695225,0.0007948491838760674
1835008,1047.6626970580255,0.005147512484018259,0.058837890625,0.00113473517634477,0.21674362646304055,0.21367247659969518,333,220.27401043580335,44.550000000000004,nan,0.0078125,0.6620776653289795,0.21291664443109098,-0.005573450992054852,0.0066003696992993355
1843200,1051.7036866680137,0.007835628519142058,0.10354004055261612,,,,,,,,0.0,0.6606830954551697,0.2144415535248536,-0.007937717894162404,0.0011192739475518465
1851392,1055.5884009350266,0.00727041741084169,0.09548339992761612,,,,,,,,0.0,0.6622006297111511,0.2134026087977421,-0.0073846654887780696,0.002835934516042471
1859584,1059.4726074800128,0.005696543011592356,0.06751709431409836,,,,,,,,0.0078125,0.6611320972442627,0.21299555284125193,-0.006787551816024463,0.011023645289242268
1867776,1063.3761479100212,0.009067487481209802,0.12100829929113388,,,,,,,,0.0,0.6611690521240234,0.2139940741090077,-0.008233073939079339,0.0008678866433911026
1875968,1067.258960110019,0.005314325993428137,0.06107177957892418,,,,,,,,0.0078125,0.6625712513923645,0.2129476117125313,-0.004917989151889526,0.012206372804939747
1884160,1071.1583133100066,0.008488215483501722,0.11156006157398224,,,,,,,,0.0,0.6604309678077698,0.21465756093969807,-0.006357736161155388,0.001509655499830842
1892352,1075.005616147013,0.008165340449195311,0.10715331882238388,,,,,,,,0.0,0.66188645362854,0.21371793549720758,-0.005809395129039205,0.0016111908480525017
1900544,1078.9268901360047,0.005933398490763603,0.07169189304113388,0.0010494501762332575,0.21455182015260613,0.21341821131433353,333,220.30832620290573,49.2,nan,0.0078125,0.6617116332054138,0.21314391018145346,-0.007627727893365867,0.005957398097962141
1908736,1082.9638111660024,0.008361058285026026,0.11116943508386612,,,,,,,,0.0,0.6608069539070129,0.21410446079703563,-0.008628863425957135,0.0010197310475632548
1916928,1086.824284655013,0.00630793251439914,0.07746582478284836,,,,,,,,0.0,0.6623693704605103,0.21304647152764625,-0.005161698975362311,0.005678403191268444
1925120,1090.6706930340151,0.008062916098590623,0.1083984375,,,,,,,,0.0078125,0.6605420708656311,0.21306499180953362,-0.009111321081693772,0.0030835168436169624
1933312,1094.5583722029987,0.009003575239942168,0.120849609375,,,,,,,,0.0,0.6614286303520203,0.21379620214990697,-0.008085119704594603,0.0010639524552971125
1941504,1098.515438049013,0.006265815034215416,0.0770263671875,,,,,,,,0.0078125,0.662049412727356,0.21301188105319882,-0.007087532596026795,0.012761617079377174
1949696,1102.4030151800252,0.00931819214941034,0.12525634467601776,,,,,,,,0.0,0.6606419086456299,0.21448919015734247,-0.006531115433982379,0.0011196103878319263
1957888,1106.2678032650147,0.008090813805109415,0.10560303181409836,,,,,,,,0.0,0.6621772646903992,0.21329069576983986,-0.006924742892641689,0.002301074331626296
1966080,1110.1279197280237,0.006194187253222454,0.07637939602136612,0.0017530614826176683,0.2151880243894379,0.21336377136267387,333,220.31667547914833,49.35,nan,0.0078125,0.6611641049385071,0.2129119341665134,-0.006996537060681374,0.014133813790977001
1974272,1114.1290554190055,0.008083586989501387,0.10808105766773224,,,,,,,,0.0,0.6611806154251099,0.2140188906371152,-0.007274096161883026,0.0008766534156166017
1982464,1118.0165460910066,0.004526024785449049,0.04486083984375,,,,,,,,0.0078125,0.6626149415969849,0.2128792585664802,-0.005156774066344308,0.026165587827563286
1990656,1121.8857720670057,0.00935302536610855,0.12558594346046448,,,,,,,,0.0,0.6603930592536926,0.21448219836230478,-0.00958980891936631,0.0012711273739114404
1998848,1125.746887702,0.008281674542608206,0.11037597805261612,,,,,,,,0.0,0.6618285179138184,0.21351220994931883,-0.006212984859147942,0.002079074503853917
2007040,1129.648106927023,0.005401695583098393,0.06265868991613388,,,,,,,,0.0078125,0.6616907119750977,0.2131251351349229,-0.007844503325375486,0.028279289603233337
2015232,1133.5111360480078,0.008867060264374666,0.11727295070886612,,,,,,,,0.0,0.6610217094421387,0.21402297106873253,-0.006102566377906452,0.0008457658695988357
2023424,1137.3657758780173,0.0049964958161175105,0.05588379129767418,,,,,,,,0.0,0.6627192497253418,0.21305032453149927,-0.005483542341075897,0.013624265789985657
2031616,1141.2566735310247,0.009007222867460321,0.11826171725988388,0.0016834562209724346,0.21501597032561742,0.21329860245537993,333,220.3885007865686,48.150000000000006,nan,0.0078125,0.6607106328010559,0.2127772682002774,-0.0077634315192433336,0.00348878582008183
2039808,1145.3072876960214,0.00869595530449096,0.11695557087659836,,,,,,,,0.0,0.6617289185523987,0.21365824303165087,-0.00692128879082796,0.0008868081495165825
2048000,1149.1767887920141,0.0047196475810292226,0.04864501953125,,,,,,,,0.0078125,0.6623067855834961,0.212938111321959,-0.00574609726684363,0.018418053165078163
2056192,1153.0753085320175,0.009720060517498444,0.13021241128444672,,,,,,,,0.0,0.6607804894447327,0.21429526501821478,-0.0076217446257421636,0.0009282940300181508
2064384,1156.894946934015,0.00802765055742395,0.10675048828125,,,,,,,,0.0,0.6623950600624084,0.21313060272829493,-0.006762857242101224,0.002336585894227028
2072576,1160.8108612950018,0.004690453502721942,0.05177002027630806,,,,,,,,0.0078125,0.6613655686378479,0.2127985160628739,-0.006785772967271425,0.01406822819262743
2080768,1164.6671331690159,0.00806689943160264,0.10677490383386612,,,,,,,,0.0,0.6614320278167725,0.2139547976536781,-0.006923705585148005,0.0006373574724420905
2088960,1168.506227817008,0.006208844431838882,0.07791747897863388,,,,,,,,0.0078125,0.6629770994186401,0.2128589411109711,-0.007888449593616302,0.007863461971282959
2097152,1172.440443628002,0.009062838762170632,0.12092285603284836,0.0016017598332985772,0.2156742099334475,0.21301405012767743,333,220.47467384494945,49.35,nan,0.0,0.6604776978492737,0.2145719108098255,-0.007303123670808487,0.0012644119560718536
2105344,1176.5181766200112,0.00798463089676333,0.10468750447034836,,,,,,,,0.0,0.6622212529182434,0.21354584124313364,-0.007057628413125782,0.0011832272866740823
2113536,1180.361174753023,0.005201892566216108,0.05914306640625,,,,,,,,0.0078125,0.6619822382926941,0.21271400339122432,-0.006088489221203024,0.0107363760471344
2121728,1184.2186386050016,0.009046994971338082,0.12174072116613388,,,,,,,,0.0,0.661207377910614,0.21396242715973463,-0.007070594950256019,0.000752139079850167
2129920,1188.104806524003,0.004515825038883643,0.04604492336511612,,,,,,,,0.0,0.662966787815094,0.21297093824697036,-0.004598097081895546,0.014017999172210693
2138112,1191.9979321499995,0.008691835528683498,0.11369629204273224,,,,,,,,0.0078125,0.6609004735946655,0.21297430128195044,-0.006765029361377831,0.0028544559609144926
2146304,1195.8491516260256,0.009150635550853601,0.12406005710363388,,,,,,,,0.0,0.6619561314582825,0.21329810797386525,-0.007012200681215494,0.0006276011699810624
2154496,1199.7275341820205,0.005176486753548044,0.05917968973517418,,,,,,,,0.0078125,0.6626514196395874,0.2124677805415948,-0.006212127782882657,0.017196420580148697
2162688,1203.5499371730257,0.008398165045778566,0.11260986328125,0.0016098114939633312,0.21623925906995195,0.2132035976093723,333,220.43998943408448,49.35,nan,0.0,0.6607840061187744,0.21429680587159158,-0.007875145478315958,0.0008838081848807633
2170880,1207.5769706590218,0.007952362008777303,0.1043701171875,,,,,,,,0.0,0.662376344203949,0.21336492721498615,-0.0072637883874786015,0.0015500817680731416
2179072,1211.477658342017,0.007109700300985989,0.09124755859375,,,,,,,,0.0078125,0.6613500118255615,0.21283038573379964,-0.0072015011681635585,0.004683626815676689
2187264,1215.3391824670252,0.008620652030415288,0.11578369140625,,,,,,,,0.0,0.661301851272583,0.21412643688555782,-0.006758540962834396,0.0005951808416284621
2195456,1219.2055607510265,0.006788808197836122,0.08645019680261612,,,,,,,,0.0078125,0.6627839207649231,0.2131189855562113,-0.008532253578038482,0.00644488213583827
2203648,1223.0269687900145,0.009759566716083322,0.12891845405101776,,,,,,,,0.0,0.66042160987854,0.21462805118548736,-0.00688612356289419,0.0006598685868084431
2211840,1226.8627284180257,0.008525968258866598,0.113525390625,,,,,,,,0.0,0.6619808673858643,0.21376503780552122,-0.0074631189315706725,0.0010615532519295812
2220032,1230.6993202640151,0.007880841440626693,0.10670166462659836,,,,,,,,0.0078125,0.6618127226829529,0.21312648051629196,-0.008907775095002601,0.00670542661100626
2228224,1234.5595818750153,0.00978564030532078,0.130615234375,0.0013476510130625563,0.21616550811470403,0.21337023059941518,333,220.43193014588604,44.550000000000004,nan,0.0,0.6610443592071533,0.2140642357496541,-0.006941504343559707,0.0005358248017728329
2236416,1238.5982603760203,0.006457670211489245,0.07940673828125,,,,,,,,0.0,0.6626011729240417,0.21312497747088616,-0.005875297051035259,0.0045525990426540375
2244608,1242.472578410001,0.008909185866708953,0.11826171725988388,,,,,,,,0.0078125,0.6608137488365173,0.21282768020473183,-0.0074845133472227045,0.0030711155850440264
2252800,1246.3002991790127,0.009507138226461216,0.1263427734375,,,,,,,,0.0,0.6616407036781311,0.21357393864473964,-0.007246566135960875,0.0005687691736966372
2260992,1250.1892404250102,0.004927948696870643,0.05329589918255806,,,,,,,,0.0078125,0.6623759269714355,0.21269966062853193,-0.005800169033564623,0.02047652192413807
2269184,1254.0419844690186,0.008761267449729259,0.11898193508386612,,,,,,,,0.0,0.6607191562652588,0.21431770121802204,-0.006579700117010307,0.0011857356876134872
2277376,1257.8974410300143,0.009049257225314277,0.12153320759534836,,,,,,,,0.0,0.6623691916465759,0.21321433951788155,-0.007662511264470884,0.0017012165626510978
2285568,1261.7367781170178,0.007058552562698692,0.09003906697034836,,,,,,,,0.0078125,0.6613976359367371,0.21306864571262688,-0.008914572931388628,0.010293620638549328
2293760,1265.5957761970058,0.009790856557394995,0.1297607421875,0.001825589067965816,0.21488056747535808,0.21335692110909882,333,220.43686794984887,48.300000000000004,nan,0.0,0.6614222526550293,0.21396970427748713,-0.007160421383554597,0.0006458375719375908
2301952,1269.674035064003,0.00811672638396134,0.10698242485523224,,,,,,,,0.0078125,0.6630299091339111,0.21276749933312425,-0.00832276859965975,0.03084559738636017
2310144,1273.545240418025,0.009941301453694158,0.13889160752296448,,,,,,,,0.0,0.6605538129806519,0.21443292866569083,-0.008747672301963893,0.0009452064405195415
2318336,1277.4231264610135,0.00881186289795122,0.12059326469898224,,,,,,,,0.0,0.6623362302780151,0.213356776129925,-0.007831398143088466,0.0009210465359501541
2326528,1281.336544078018,0.006216828952017934,0.07591553032398224,,,,,,,,0.0078125,0.6621308326721191,0.21264762321677294,-0.0055018784752841185,0.026831436902284622
2334720,1285.2100224070018,0.010258032095030664,0.13898925483226776,,,,,,,,0.0,0.6612129807472229,0.21409230729606982,-0.008739137338904695,0.0005740529159083962
2342912,1289.0760796930117,0.005182083935311967,0.05975341796875,,,,,,,,0.0,0.6629903316497803,0.21263295280216502,-0.004457263141294939,0.012907038442790508
2351104,1292.9586154030112,0.00866544249072391,0.11479492485523224,,,,,,,,0.0078125,0.6609706878662109,0.21253894384324296,-0.007033231634453751,0.010037937201559544
2359296,1296.7933310620137,0.009093388650216727,0.12263184040784836,0.0012097736968411654,0.21511884403840012,0.21301406754817767,333,220.5751511622533,46.95,nan,0.0,0.6619387269020081,0.21362410576690977,-0.006587538639274616,0.0006273739854805171
2367488,1300.863354060013,0.0061758513342485555,0.07642822712659836,,,,,,,,0.0078125,0.6628201603889465,0.2127082521822515,-0.008057961306592488,0.015994945541024208
2375680,1304.723654586007,0.010232579786847005,0.14016114175319672,,,,,,,,0.0,0.6608639359474182,0.21431780384902735,-0.008620857824827495,0.0007856592419557273
2383872,1308.5666186670132,0.009296649610364879,0.12521973252296448,,,,,,,,0.0,0.6628178954124451,0.21306016859761256,-0.00803725409782908,0.0016824257327243686
2392064,1312.4308310640045,0.005151457847449551,0.05733642727136612,,,,,,,,0.0078125,0.661617636680603,0.21261996845057857,-0.005632708230761414,0.036486491560935974
2400256,1316.2520603950252,0.010023999749464177,0.13575439155101776,,,,,,,,0.0,0.6616247296333313,0.21380271532628173,-0.008023318040726583,0.0006725451094098389
2408448,1320.1398540640075,0.006371102412066886,0.07791747897863388,,,,,,,,0.0078125,0.6635079383850098,0.2123948619620682,-0.007209066711847705,0.006386155728250742
2416640,1324.0006356770173,0.010100549413247485,0.13607178628444672,,,,,,,,0.0,0.660483717918396,0.21452022766576478,-0.007724088992897066,0.0012019173009321094
2424832,1327.773034345999,0.009562971790181597,0.13087157905101776,0.0014212021467621128,0.21471032355118314,0.21306465919091572,333,220.4956190434574,46.95,nan,0.0,0.6623087525367737,0.213397870049304,-0.007986617499143244,0.0009426365722902119
2433024,1331.8989245830162,0.006733805526464629,0.0869140625,,,,,,,,0.0078125,0.6622081398963928,0.21274605366053004,-0.006748452557937335,0.0197677593678236
2441216,1335.738325886021,0.010182657164023874,0.13739013671875,,,,,,,,0.0,0.6611922383308411,0.21383792393830894,-0.007443928074038631,0.0009697444620542228
2449408,1339.6056061130075,0.007693576754284343,0.09907227009534836,,,,,,,,0.0,0.6632143259048462,0.21268347438313281,-0.006555558306060078,0.004342427011579275
2457600,1343.460404220008,0.007424926510648605,0.09619140625,,,,,,,,0.0078125,0.6610298156738281,0.21238639098896966,-0.008378799083587846,0.013003000989556313
2465792,1347.2879891380144,0.009668345887719858,0.12973633408546448,,,,,,,,0.0,0.6619320511817932,0.21325878331677922,-0.008565326914607214,0.0008128187037073076
2473984,1351.128466691007,0.004967521388288611,0.05385742336511612,,,,,,,,0.0078125,0.6629475951194763,0.2123941523098712,-0.005910577104217722,0.0552213154733181
2482176,1354.8266627060075,0.009573977925164937,0.1295166015625,,,,,,,,0.0,0.6608216762542725,0.2144492854738877,-0.007265147783760185,0.0005610501393675804
2490368,1358.499167321017,0.008992776354082537,0.12082519382238388,0.0013773785205770661,0.21495651485797587,0.21315146836838078,333,220.49297289278718,46.95,nan,0.0,0.662773072719574,0.21298855213885265,-0.007735447795979482,0.001965230330824852
2498560,1362.353949109005,0.0050510918932918526,0.05722656473517418,,,,,,,,0.0078125,0.6616473197937012,0.21264135230446005,-0.007537536737089507,0.015419797971844673
2506752,1366.023177605006,0.009780138639258178,0.13087157905101776,,,,,,,,0.0,0.6616501212120056,0.21377701223824483,-0.008761640567296522,0.0005087583558633924
2514944,1369.698792102019,0.006467222776890736,0.08041992038488388,,,,,,,,0.0078125,0.6635655164718628,0.21248055413882025,-0.006581482485746297,0.006335707847028971
2523136,1373.4385808470252,0.011222259119853376,0.15087890625,,,,,,,,0.0,0.6605579853057861,0.2142408257006562,-0.009513249638007757,0.0009958636946976185
2531328,1377.063656497019,0.01009437977494213,0.13481445610523224,,,,,,,,0.0,0.662478506565094,0.21299967523543112,-0.005901936518472692,0.0008354317396879196
2539520,1380.791506374022,0.005662312285789055,0.06840820610523224,,,,,,,,0.0078125,0.662452757358551,0.21241412986198127,-0.006930367401986749,0.011209450662136078
2547712,1384.4636890750262,0.009381917412512285,0.12554931640625,,,,,,,,0.0,0.6612710356712341,0.21385907187019434,-0.008521208231608658,0.000785775191616267
2555904,1388.1913486300036,0.008545885290321574,0.111083984375,0.0017456576435324056,0.21528147137631853,0.21281194148127827,333,220.6368779799909,49.5,nan,0.0,0.6633180379867554,0.21266382219008678,-0.008114087916632344,0.0047443159855902195
2564096,1392.1007926190214,0.008984698287786868,0.11744385212659836,,,,,,,,0.0078125,0.6610952019691467,0.21227603101881293,-0.010361579235487481,0.0038689938373863697
2572288,1395.7887977480132,0.009003884966564814,0.11867675930261612,,,,,,,,0.0,0.6619952917098999,0.21353390519633425,-0.0069089670031085015,0.0006009942735545337
2580480,1399.4761564470246,0.005515359229091649,0.06507568806409836,,,,,,,,0.0078125,0.6629686951637268,0.2123638202918356,-0.007189495538099666,0.022592995315790176
2588672,1403.200609988009,0.010550075095312837,0.14354248344898224,,,,,,,,0.0,0.6608757376670837,0.2143554261676343,-0.007049300037817208,0.0006772383931092918
2596864,1406.9062234250014,0.008981866744370728,0.12143554538488388,,,,,,,,0.0,0.6627700924873352,0.21280538785690975,-0.008043044719261816,0.001163851353339851
2605056,1410.5920162800176,0.0074329890183173755,0.09603271633386612,,,,,,,,0.0078125,0.6616941690444946,0.21241878962198785,-0.008622002848207692,0.01596185564994812
2613248,1414.2600945360027,0.009692855510108303,0.13103027641773224,,,,,,,,0.0,0.6615723371505737,0.2139126674683618,-0.008673506745374563,0.0008880523382686079
2621440,1417.9621259630076,0.004647739324603438,0.04873047024011612,0.001682551718378389,0.21586242682631257,0.21302940128907122,333,220.46612133359798,49.35,nan,0.0078125,0.6634583473205566,0.212719887176404,-0.0051620960207564405,0.05527379736304283
2629632,1421.8756923449982,0.00891907475633216,0.11862792819738388,,,,,,,,0.0,0.6604797840118408,0.2143220645828959,-0.007700763609384037,0.001220238278619945
2637824,1425.5090025720128,0.010813934989381388,0.14887695014476776,,,,,,,,0.0,0.6622585654258728,0.21319303653851923,-0.010070915062032027,0.0006594785372726619
2646016,1429.2225173750194,0.007227741335479713,0.0926513671875,,,,,,,,0.0078125,0.6622801423072815,0.21254262079936487,-0.00801339516738815,0.008027137257158756
2654208,1432.8750330920157,0.010348269438135792,0.13876953721046448,,,,,,,,0.0,0.6610987782478333,0.21389676399932206,-0.010393839275011203,0.0005305034574121237
2662400,1436.5488407710218,0.006829779435020804,0.08657226711511612,,,,,,,,0.0,0.6630091071128845,0.2128606745998194,-0.005885083021615994,0.006167836021631956
2670592,1440.28065199501,0.01018697693546305,0.13834229111671448,,,,,,,,0.0078125,0.6609982848167419,0.2125728891786674,-0.011821722884284642,0.002708089305087924
2678784,1443.9592783980188,0.009521485850943635,0.12746582925319672,,,,,,,,0.0,0.6618717312812805,0.21363462729508273,-0.007175466881117471,0.00042715418385341763
2686976,1447.650103469001,0.0063119962505363185,0.07811279594898224,0.0015168558952336486,0.21536807571814767,0.21309403063153848,333,220.49089699570342,48.150000000000006,nan,0.0078125,0.6627756953239441,0.21286493489278074,-0.008127616289998191,0.014769821427762508
2695168,1451.5053584450216,0.010726593650637503,0.14739990234375,,,,,,,,0.0,0.6608085036277771,0.21425335232377357,-0.007924165160784561,0.0007879689219407737
2703360,1455.1746796140214,0.00958336243458686,0.12777100503444672,,,,,,,,0.0,0.6626072525978088,0.21296791879251295,-0.010139891520494415,0.00121442845556885
2711552,1458.9109329750063,0.00969555490282177,0.12965087592601776,,,,,,,,0.0078125,0.6616477370262146,0.21264725074830362,-0.01062145813910181,0.0040236650966107845
2719744,1462.5547595110256,0.010897172878718601,0.14774170517921448,,,,,,,,0.0,0.6614738702774048,0.21372060111437227,-0.008416479888121433,0.0004223516152705997
2727936,1466.2547312440001,0.0068318047196677225,0.08762206882238388,,,,,,,,0.0078125,0.6633699536323547,0.2126818466232233,-0.007964269160592265,0.006592061370611191
2736128,1469.929733232013,0.01012784015390421,0.13621826469898224,,,,,,,,0.0,0.6604337692260742,0.21439688088541176,-0.005465684670456137,0.0008386815898120403
2744320,1473.6208129390143,0.010095642381717767,0.13859863579273224,,,,,,,,0.0,0.6622991561889648,0.21318029613386505,-0.011103320888212712,0.0007377665024250746
2752512,1477.2974383110122,0.006370815953925885,0.07973632961511612,0.0016007379671467703,0.2151647074213558,0.21300203382177316,333,220.46458276516455,48.150000000000006,nan,0.0078125,0.6623824834823608,0.21231174390992336,-0.006599684308537374,0.018589284271001816
2760704,1481.1452145250223,0.010298991733681187,0.14069823920726776,,,,,,,,0.0,0.6611077785491943,0.21401084288783187,-0.008053040523243406,0.00040875180275179446
2768896,1484.8167113550007,0.007857045267258484,0.10178222507238388,,,,,,,,0.0,0.6630921363830566,0.21281337406754833,-0.007155319058490767,0.002775547793135047
2777088,1488.510153322015,0.009370299244357783,0.12474365532398224,,,,,,,,0.0078125,0.6610315442085266,0.21268048768970807,-0.007031822384700759,0.002574303885921836
2785280,1492.1713347540062,0.010022942910408783,0.13493652641773224,,,,,,,,0.0,0.6619106531143188,0.21346695055253204,-0.007109340865004792,0.0005069577018730342
2793472,1495.873030775023,0.0060346117215342564,0.07316894829273224,,,,,,,,0.0078125,0.6629652976989746,0.21234238364046898,-0.0051779930041083505,0.014913016930222511
2801664,1499.588811285008,0.011255631267263776,0.15306396782398224,,,,,,,,0.0,0.6608504056930542,0.21433823357683573,-0.009059209185513556,0.000587981310673058
2809856,1503.2970768840169,0.01002546296116343,0.13712158799171448,,,,,,,,0.0,0.6628301739692688,0.2128654730869925,-0.011091121424003843,0.00125089380890131
2818048,1507.0273295700026,0.008523404798865375,0.11359863728284836,0.001431788403303269,0.21635312995545442,0.21318107447462542,333,220.43148647251348,44.550000000000004,nan,0.0078125,0.6618810296058655,0.2122778998907821,-0.00927596796134918,0.0055060358718037605
2826240,1510.8487300410052,0.011210390002563608,0.15163575112819672,,,,,,,,0.0,0.6615914106369019,0.2138139878045297,-0.007894422611055184,0.0004259319102857262
2834432,1514.5604440580064,0.007306211085716197,0.09376221150159836,,,,,,,,0.0,0.6638013124465942,0.21209455080591985,-0.007023010784406456,0.0056473552249372005
2842624,1518.2609681620088,0.010216194063500042,0.1390380859375,,,,,,,,0.0078125,0.6604831218719482,0.21249382263061514,-0.005685018330846964,0.001013021683320403
2850816,1521.9334319680056,0.00987005126054725,0.13420410454273224,,,,,,,,0.0,0.6624884009361267,0.21316618518684663,-0.007014203829374559,0.0006897562416270375
2859008,1525.6716983270016,0.009039311981020351,0.12027587741613388,,,,,,,,0.0078125,0.6625802516937256,0.21209635641183894,-0.008604206884268746,0.0040589747950434685
2867200,1529.366520149022,0.011700083553015314,0.15317383408546448,,,,,,,,0.0,0.6612464785575867,0.21381574793137292,-0.008277354193364474,0.00046846159966662526
2875392,1533.0415028930001,0.008825932078614977,0.11733398586511612,,,,,,,,0.0,0.6634124517440796,0.21253780975691333,-0.008008455276471474,0.0036168869119137526
2883584,1536.7065463809995,0.008674816885593363,0.11619873344898224,0.0013144001306100161,0.21483590486694557,0.21261352483027599,333,220.64257569900195,45.75,nan,0.0078125,0.6612071394920349,0.21225220227139646,-0.01003806435266038,0.00303572416305542
2891776,1540.539210368006,0.010850731331518985,0.14583741128444672,,,,,,,,0.0,0.6620493531227112,0.21319278866473898,-0.010045842276719034,0.0004502772353589535
2899968,1544.1939438240079,0.0076730527739334205,0.10115966945886612,,,,,,,,0.0078125,0.6632376909255981,0.21175118208021854,-0.007809205842360086,0.005615417845547199
2908160,1547.8976049420016,0.011875891618834606,0.15924072265625,,,,,,,,0.0,0.6609422564506531,0.21407159373267493,-0.007607664057927888,0.0007157140644267201
2916352,1551.5696184970147,0.010872015682739492,0.14359131455421448,,,,,,,,0.0,0.6630294919013977,0.2128508446859884,-0.006856789846482678,0.002749934559687972
2924544,1555.280217942025,0.008330283712399897,0.10819091647863388,,,,,,,,0.0078125,0.6620314717292786,0.21207439166220365,-0.008395277481544148,0.00730538833886385
2932736,1558.9366110240226,0.010453731609851379,0.14516602456569672,,,,,,,,0.0,0.6616147756576538,0.21359059901216476,-0.0102145550865057,0.00046219807700254023
2940928,1562.6143745040172,0.005363290419118001,0.06229248270392418,,,,,,,,0.0,0.6639727354049683,0.21210371075216156,-0.006279145250193788,0.02018146775662899
2949120,1566.3207311450096,0.011616951300521552,0.15760497748851776,0.0017758192940902084,0.21547038946861324,0.21258823823404974,333,220.63368079559567,45.75,nan,0.0078125,0.6605439186096191,0.21215001806280412,-0.008260251213731208,0.0009934434201568365
2957312,1570.155887617002,0.010771210860287676,0.14667968451976776,,,,,,,,0.0,0.6626623868942261,0.2129703994781494,-0.0092459223030382,0.0005357672343961895
2965504,1573.8683558850025,0.008371937875991739,0.11160888522863388,,,,,,,,0.0078125,0.6627918481826782,0.2120856600841084,-0.00842335497919769,0.004566878080368042
2973696,1577.5491302200244,0.010485790471422075,0.14071045815944672,,,,,,,,0.0,0.6613386869430542,0.2137475751089745,-0.008305221113715141,0.0005132901715114713
2981888,1581.2567708340066,0.010144149195538105,0.13654784858226776,,,,,,,,0.0,0.6636806130409241,0.21230270503425425,-0.009222562698274017,0.0019097243202850223
2990080,1584.9563099790248,0.009493211803354239,0.12722168862819672,,,,,,,,0.0078125,0.6614184975624084,0.21200462596944053,-0.00924882897308847,0.004178814124315977
2998272,1588.6719174030004,0.009658526075267107,0.13198243081569672,,,,,,,,0.0,0.662270188331604,0.21306428008699077,-0.008640468439286966,0.0004294143582228571
3006464,1592.3807068809983,0.008530519711554371,0.11448974907398224,,,,,,,,0.0078125,0.6636236906051636,0.2120425660484712,-0.008071342940104937,0.006173073314130306
3014656,1596.1020893530222,0.011377382318680258,0.15383301675319672,0.0008144093854075551,0.2144196191912838,0.2124947443511535,333,220.6136211198181,48.0,nan,0.0,0.6609809994697571,0.2141655867142893,-0.009216964119512573,0.0004118093347642571
3022848,1599.9614710110181,0.01011698951301657,0.13640137016773224,,,,,,,,0.0,0.6632744669914246,0.21240462305369748,-0.007134107138959321,0.0010030654957517982
3031040,1603.643574347021,0.009102090307554598,0.12185058742761612,,,,,,,,0.0078125,0.6621986627578735,0.21123686125578237,-0.009403460808944048,0.003803879488259554
3039232,1607.309616077022,0.01038845932873091,0.14136962592601776,,,,,,,,0.0,0.6616805195808411,0.21353818336060387,-0.007881637398114986,0.00044717808486893773
3047424,1610.9754662630148,0.009245418796003687,0.12579345703125,,,,,,,,0.0,0.6641448736190796,0.2119986405903854,-0.006764061575017407,0.004382101818919182
3055616,1614.657135469024,0.01620775069391773,0.2032470703125,,,,,,,,0.0078125,0.6605980396270752,0.2119853726198993,-0.009290476494248792,0.002751590684056282
3063808,1618.336054696003,0.010255899020141951,0.13946533203125,,,,,,,,0.0,0.6627137660980225,0.21295942940089696,-0.006943682590007568,0.0005166108021512628
3072000,1622.0474367770075,0.011001837085753722,0.14838866889476776,,,,,,,,0.0078125,0.6628812551498413,0.2120343229134131,-0.00814282818201848,0.006278373301029205
3080192,1625.7308231560164,0.012465552811503175,0.16702881455421448,0.001764269944971697,0.21382564107283614,0.21236125731439254,333,220.64385640600403,49.35,nan,0.0,0.6613206267356873,0.21372633089357626,-0.008470677370094144,0.0005174888647161424
3088384,1629.5463594250032,0.010334592723248777,0.13980713486671448,,,,,,,,0.0,0.6635615825653076,0.2120950231779654,-0.009400496256789272,0.00215249159373343
3096576,1633.2727040490136,0.008963251793058504,0.11990966647863388,,,,,,,,0.0078125,0.6614223122596741,0.21194671959543343,-0.008594063594914426,0.004555472172796726
3104768,1636.9291512570053,0.012432094230741295,0.16810302436351776,,,,,,,,0.0,0.662159264087677,0.21314610694943287,-0.00782471557501714,0.0003993427089881152
3112960,1640.632044634025,0.007395332696749074,0.09560547024011612,,,,,,,,0.0078125,0.6635206937789917,0.21205376887672983,-0.006160427160070116,0.00619899109005928
3121152,1644.316764547024,0.011751161378566497,0.15974120795726776,,,,,,,,0.0,0.660895049571991,0.21419952546901205,-0.010599071796392518,0.0005261223996058106
3129344,1648.0204135640233,0.011717650892903057,0.16201172769069672,,,,,,,,0.0,0.6631646156311035,0.2123668880194431,-0.008222961323927974,0.0007045146776363254
3137536,1651.7365972690168,0.008981971983067489,0.11922607570886612,,,,,,,,0.0078125,0.6621719598770142,0.21140465334380046,-0.007303555615712299,0.0041414410807192326
3145728,1655.3802290970052,0.0118819753985874,0.16035155951976776,0.00153327341068632,0.2154397658003489,0.2124331448728516,333,220.64329726466303,48.150000000000006,nan,0.0,0.6617322564125061,0.21354050954458165,-0.00882498808119538,0.00039182344335131347
3153920,1659.2380591830006,0.008957212956538977,0.12099609524011612,,,,,,,,0.0,0.6641663312911987,0.21207174072722493,-0.009026328384664127,0.009820358827710152
3162112,1662.912177969003,0.0123101296380103,0.16206054389476776,,,,,,,,0.0078125,0.6606237292289734,0.2119775252973055,-0.007415771665812857,0.0021546247880905867
3170304,1666.5629526550183,0.011356742924906987,0.15333251655101776,,,,,,,,0.0,0.6625965237617493,0.21294293734205588,-0.00938055703747761,0.00042666197987273335
3178496,1670.2493456850061,0.00901898077429651,0.12346191704273224,,,,,,,,0.0078125,0.6628199815750122,0.2120570881123315,-0.007238732539534937,0.004113345872610807
3186688,1673.9354899669997,0.011496869501171523,0.15419922769069672,,,,,,,,0.0,0.6613370776176453,0.21377871816312335,-0.009685732802446992,0.00036078100674785674
3194880,1677.5966636500088,0.01070847827573496,0.14578858017921448,,,,,,,,0.0,0.6635798811912537,0.21225746925780728,-0.00962237810170402,0.001937761204317212
3203072,1681.318691676017,0.009193649196629248,0.12213134765625,,,,,,,,0.0078125,0.6614561080932617,0.21213236623442158,-0.009727627826931423,0.005454581696540117
3211264,1684.9863404979988,0.011419623233665056,0.15167236328125,0.0011689161821855087,0.21326701998403225,0.2123154841766842,333,220.69599868910802,46.95,nan,0.0,0.6621886491775513,0.21317166280200736,-0.007779319522017769,0.00038141218828968704
3219456,1688.865400376002,0.008324221885691154,0.10971679538488388,,,,,,,,0.0078125,0.6636282205581665,0.2120252229088948,-0.0068814209254996666,0.0053583369590342045
3227648,1692.5743095620128,0.010427854246112528,0.13962402939796448,,,,,,,,0.0,0.6608467102050781,0.2141682462759001,-0.007732165956587507,0.0006173392757773399
3235840,1696.261263419001,0.011360541786321251,0.1534423828125,,,,,,,,0.0,0.6629741191864014,0.21298184460222375,-0.00947092015834623,0.0007251373608596623
3244032,1699.941517926025,0.0076550509678800505,0.10126953572034836,,,,,,,,0.0078125,0.6620576977729797,0.2120930267438466,-0.00692268186297034,0.012770666740834713
3252224,1703.6266196260112,0.011113955832155843,0.15186767280101776,,,,,,,,0.0,0.6617429256439209,0.2135122807857907,-0.007564895107129187,0.0004028736730106175
3260416,1707.3342873420042,0.008135878210302329,0.1058349609375,,,,,,,,0.0,0.6640256643295288,0.21206093572575066,-0.009227417290459566,0.004776479210704565
3268608,1711.062197407009,0.010695680377624353,0.14372558891773224,,,,,,,,0.0078125,0.6606594324111938,0.21231112070217537,-0.009243889213975513,0.0010389989474788308
3276800,1714.7226846150006,0.011583506830249552,0.15964356064796448,0.001256720453509108,0.2135577035099392,0.2124559954920319,333,220.70710463672918,45.75,nan,0.0,0.6624826192855835,0.2130429116539275,-0.008961196419534856,0.00047997888759709895
3284992,1718.6028310719994,0.007794074147135137,0.10102539509534836,,,,,,,,0.0078125,0.6627899408340454,0.2122345859508298,-0.007016962648916769,0.006685873959213495
3293184,1722.3088692960155,0.011555408137343575,0.15883789956569672,,,,,,,,0.0,0.661264181137085,0.2138829140866186,-0.007968047456511782,0.0003032427921425551
3301376,1725.961942938011,0.008497302163852827,0.11318359524011612,,,,,,,,0.0,0.6634343862533569,0.2126311942143088,-0.008699663949781554,0.0026729819364845753
3309568,1729.6534524460149,0.009959837809215007,0.13652344048023224,,,,,,,,0.0078125,0.6614223718643188,0.21223784685871797,-0.010421687453487545,0.002185327233746648
3317760,1733.310090279003,0.010937719532420107,0.14925538003444672,,,,,,,,0.0,0.6620375514030457,0.21348111925189142,-0.007699933951469996,0.0003383282746654004
3325952,1736.9883563129988,0.008710075939066579,0.11661376804113388,,,,,,,,0.0078125,0.6634625792503357,0.2121087975937034,-0.00762660576322686,0.005521358922123909
3334144,1740.7023502650263,0.011520785461193235,0.15428467094898224,,,,,,,,0.0,0.6608262062072754,0.21428308511817815,-0.007346976758758836,0.000599722086917609
3342336,1744.3727541390108,0.011458242061943858,0.15817871689796448,0.001959356041931315,0.21463358427942364,0.21266573043232584,333,220.67843820218334,47.1,nan,0.0,0.6629955172538757,0.2128947850223748,-0.0101307688112299,0.0006472432287409902
3350528,1748.2487416140211,0.009042731498530006,0.12246093899011612,,,,,,,,0.0078125,0.6621378660202026,0.2121850584152122,-0.007196736593475969,0.005362571217119694
3358720,1751.88583586202,0.01211011620457509,0.16156005859375,,,,,,,,0.0,0.6616871356964111,0.2136423582557581,-0.00760728082266399,0.0005076848901808262
3366912,1755.6056432250189,0.01032747101286738,0.13748779892921448,,,,,,,,0.0,0.6639865040779114,0.21210611751670938,-0.007888956121612322,0.003029709681868553
3375104,1759.2849400850246,0.012478264954772136,0.16375732421875,,,,,,,,0.0078125,0.6607240438461304,0.21195017542864075,-0.009951465147191167,0.0020597397815436125
3383296,1762.9517953610048,0.011259001296721922,0.15191650390625,,,,,,,,0.0,0.662505030632019,0.21313301913684382,-0.007221472684036509,0.0004532390448730439
3391488,1766.6202038089978,0.007260697804628877,0.09378661960363388,,,,,,,,0.0078125,0.662910521030426,0.2119424786368335,-0.008956642360915836,0.018955303356051445
3399680,1770.3307295950071,0.01124663137298261,0.1524658203125,,,,,,,,0.0,0.6613218188285828,0.2138820847876277,-0.007925704084179771,0.0003898242430295795
3407872,1774.0267615180055,0.011672916753825846,0.15949706733226776,0.002092543657499779,0.2139702957772544,0.21247441639166104,333,220.62681019292435,49.35,nan,0.0,0.6636213660240173,0.21242243773371583,-0.00825674361688102,0.0010513280285522342
3416064,1777.9064614450035,0.009977485301275506,0.13438721001148224,,,,,,,,0.0078125,0.6615054607391357,0.2118572905363197,-0.009104311444311999,0.008962936699390411
3424256,1781.5693439450115,0.012841881023383789,0.17144775390625,,,,,,,,0.0,0.6621885299682617,0.21340122097397987,-0.010144797394644628,0.0003193241427652538
3432448,1785.2158099900116,0.008157492390537811,0.10637207329273224,,,,,,,,0.0078125,0.6636603474617004,0.2119790033310506,-0.007701903525314364,0.007967201061546803
3440640,1788.9346437950153,0.012556064075323142,0.17226563394069672,,,,,,,,0.0,0.6608965992927551,0.21428446144482396,-0.00943328606617764,0.00045565792242996395
3448832,1792.5899664669996,0.011011256952238927,0.15159912407398224,,,,,,,,0.0,0.663129985332489,0.21280637232499858,-0.007849160595615868,0.0004695819807238877
3457024,1796.3006236700166,0.008692922914801886,0.11647949367761612,,,,,,,,0.0078125,0.6622762084007263,0.21216530456105248,-0.007645909190394174,0.0035717531573027372
3465216,1799.9541124530078,0.011902054995152333,0.16087646782398224,,,,,,,,0.0,0.6617764234542847,0.2136425181184522,-0.007380818696418536,0.00038100717938505113
3473408,1803.6338099540153,0.008232699276040477,0.11215820163488388,0.0012468983937087286,0.21325542351493465,0.21235680137660878,333,220.69005240590985,49.2,nan,0.0,0.6641033887863159,0.2120060916904531,-0.007624373808285057,0.005317161325365305
3481600,1807.5271544120042,0.012461715382580792,0.16790771484375,,,,,,,,0.0078125,0.6608518958091736,0.21187884445433655,-0.009192205577605726,0.002224472351372242
3489792,1811.20548933401,0.010375768314589934,0.14036865532398224,,,,,,,,0.0,0.6627601981163025,0.212962977024339,-0.007976943224724113,0.00043043307960033417
3497984,1814.9404773770075,0.010202913868301083,0.13935546576976776,,,,,,,,0.0078125,0.6631295680999756,0.21201268590846153,-0.0086356190460243,0.004378330893814564
3506176,1818.5805098749988,0.011951873009500465,0.16063232719898224,,,,,,,,0.0,0.6613270044326782,0.21357531474356678,-0.008494788784520636,0.00028167813434265554
3514368,1822.2861253030133,0.01098238229134973,0.14837646484375,,,,,,,,0.0,0.6637973189353943,0.21232126539391624,-0.008868620682257095,0.001644884585402906
3522560,1825.983850418008,0.010205832019855504,0.13601075112819672,,,,,,,,0.0078125,0.661598265171051,0.21187461393263213,-0.00880921699714641,0.002964601619169116
3530752,1829.6969534380187,0.01075160457741342,0.14609375596046448,,,,,,,,0.0,0.6623405814170837,0.21314419783782285,-0.008404489374115193,0.0005998383858241141
3538944,1833.3975911590096,0.00848017219735262,0.11298828572034836,0.00150368857752059,0.21539874813061916,0.2122321487289502,333,220.68192079615235,48.150000000000006,nan,0.0078125,0.6638683080673218,0.21205425840375428,-0.008066422532413917,0.006728313863277435
3547136,1837.2831778430264,0.012246863065407912,0.16618652641773224,,,,,,,,0.0,0.6610029935836792,0.2140733316312772,-0.008366769371547705,0.00045249081449583173
3555328,1840.937582056009,0.012869317220795802,0.17530517280101776,,,,,,,,0.0,0.6632777452468872,0.21278506984221787,-0.009246117972675173,0.0006421550060622394
3563520,1844.593594443024,0.011506558968612753,0.15511475503444672,,,,,,,,0.0078125,0.6624380946159363,0.211778430223151,-0.009500704364914079,0.004248048644512892
3571712,1848.211582969001,0.012672980906002461,0.16983643174171448,,,,,,,,0.0,0.6618208885192871,0.21362084579646684,-0.007306459369504276,0.0002748103579506278
3579904,1851.8731512140075,0.010057226838236958,0.13645020127296448,,,,,,,,0.0,0.6641908288002014,0.21218655431724262,-0.008460632701787629,0.003559949342161417
3588096,1855.5963470950082,0.012767453152733477,0.17409668862819672,,,,,,,,0.0078125,0.6608930826187134,0.21208124850084506,-0.009690881577490519,0.0014032538747414947
3596288,1859.2567341780232,0.012037171763500198,0.16219483315944672,,,,,,,,0.0,0.662714421749115,0.21301114385285164,-0.010872181935803402,0.00032697332790121436
3604480,1862.935959458002,0.009282805210298565,0.12630616128444672,0.0020304994842620383,0.2134986277730119,0.21280546989110652,333,220.59273228046732,49.2,nan,0.0078125,0.6630945801734924,0.21226304121092948,-0.00852482381247012,0.00470615504309535
3612672,1866.7752123040264,0.012375264479323855,0.1693115234375,,,,,,,,0.0,0.6613704562187195,0.21384401741410647,-0.007891393735867985,0.00034642056562006474
3620864,1870.4868275110202,0.012583096566711728,0.16773681342601776,,,,,,,,0.0,0.6637821793556213,0.2124884617364827,-0.009126827004174973,0.0012982763582840562
3629056,1874.1915533760039,0.011459722065032483,0.15428467094898224,,,,,,,,0.0078125,0.6616538763046265,0.21209611515165006,-0.010123900015990693,0.002014222089201212
3637248,1877.8484143320238,0.01069393194999293,0.14816895127296448,,,,,,,,0.0,0.6623326539993286,0.21305883935053696,-0.007210046898642098,0.0003557733434718102
3645440,1881.537188175018,0.00920971900253639,0.12189941853284836,,,,,,,,0.0078125,0.6639000773429871,0.21181115478445922,-0.0069428007623500085,0.005814732518047094
3653632,1885.253333737026,0.012027154473647545,0.1646728515625,,,,,,,,0.0,0.6610009074211121,0.21418125102368593,-0.008602603566269074,0.00046423051389865577
3661824,1888.9227382740064,0.011525240766521616,0.15843506157398224,,,,,,,,0.0,0.6632747650146484,0.21273287650562628,-0.009321814022709542,0.0006833844818174839
3670016,1892.6047947430052,0.011300992859079602,0.15172119438648224,0.0019598066950717863,0.21383255377375562,0.21244412776442387,333,220.6636931657448,43.5,nan,0.0078125,0.6625527739524841,0.21176864378712001,-0.009030292490642388,0.0038660322315990925
3678208,1896.5248872810043,0.011614811098258356,0.15781250596046448,,,,,,,,0.0,0.6619166731834412,0.21347108431609593,-0.008082051249561432,0.0003503544139675796
3686400,1900.2304840470024,0.010710234979389763,0.14598388969898224,,,,,,,,0.0,0.6644918322563171,0.21185828268574008,-0.009682530519793592,0.0036306835245341063
3694592,1903.9299149209983,0.012263790644727697,0.16558837890625,,,,,,,,0.0078125,0.660923182964325,0.21184695362003877,-0.009937855488270867,0.0016716357786208391
3702784,1907.600290989998,0.012728344060898053,0.17186279594898224,,,,,,,,0.0,0.6628087162971497,0.21290652880311733,-0.009154160889393853,0.00031112474971450865
3710976,1911.2932591590215,0.011274605399694493,0.15291748940944672,,,,,,,,0.0078125,0.663268506526947,0.2119072286787173,-0.010713753879358504,0.004220028407871723
3719168,1915.018047674006,0.013221366815977926,0.17530517280101776,,,,,,,,0.0,0.661422848701477,0.2138420626929826,-0.007198158632896131,0.0003440364671405405
3727360,1918.6824303950125,0.01186012943307415,0.16218261420726776,,,,,,,,0.0,0.663814902305603,0.21228443957255974,-0.00941528822958527,0.001255282899364829
3735552,1922.4484279460157,0.009917657489289296,0.1331787109375,0.0013998310140594938,0.2132577782207529,0.21231623070101285,333,220.68293189275295,49.2,nan,0.0078125,0.6617429256439209,0.21201096675470493,-0.00967848277221033,0.005081243347376585
3743744,1926.350785837014,0.012682234774343626,0.17252197861671448,,,,,,,,0.0,0.662375271320343,0.21315601072429752,-0.010009880885492964,0.0002479110553395003
3751936,1930.0916820950224,0.009837453074450013,0.13184814155101776,,,,,,,,0.0078125,0.6640630960464478,0.21187802635321903,-0.008481605290292644,0.00444394163787365
3760128,1933.7687839750142,0.01281461470253337,0.17117920517921448,,,,,,,,0.0,0.6609919667243958,0.21414404867025721,-0.007197430208181277,0.0005349919083528221
3768320,1937.587455986999,0.013285923587423849,0.17713622748851776,,,,,,,,0.0,0.6632457375526428,0.2128270667458286,-0.008452927908826255,0.0005496139638125896
3776512,1941.3343734730151,0.011062732597760881,0.1500244140625,,,,,,,,0.0078125,0.6624811291694641,0.21203664906937517,-0.009331994789344995,0.005050094332545996
3784704,1945.0283149559982,0.013031654712752761,0.17642822861671448,,,,,,,,0.0,0.6618249416351318,0.21355947961626504,-0.009331381707306585,0.00034427305217832327
3792896,1948.7263297650206,0.00959727334663644,0.13071289658546448,,,,,,,,0.0,0.6643099784851074,0.21213423037755627,-0.006365637183837371,0.003657006425783038
3801088,1952.4426518420223,0.014441768237246947,0.18376465141773224,0.002202354937076212,0.2135633229505285,0.21271288040859973,333,220.6072613124599,47.1,nan,0.0078125,0.6609732508659363,0.21193089296686823,-0.008662014719980543,0.0018909346545115113
3809280,1956.3434920490254,0.012227310903873448,0.16502685844898224,,,,,,,,0.0,0.6628972291946411,0.2128721375806722,-0.007840364751501475,0.0003934570122510195
3817472,1960.0424339790188,0.009935208096795193,0.13479004800319672,,,,,,,,0.0078125,0.6633182168006897,0.2119202465923648,-0.006452286809590852,0.004665608052164316
3825664,1963.752811074024,0.013495506863152923,0.18165282905101776,,,,,,,,0.0,0.6614535450935364,0.2135894230150798,-0.009079257022221907,0.0003217936318833381
3833856,1967.4554690050136,0.011845415012783668,0.15986327826976776,,,,,,,,0.0,0.66387939453125,0.212145570515422,-0.00896021257360188,0.00098421738948673
3842048,1971.2027384030225,0.012915099068917116,0.17609862983226776,,,,,,,,0.0078125,0.6618234515190125,0.21184072339037557,-0.010648723076322256,0.0017727960366755724
3850240,1974.8693207350152,0.013508227679137803,0.18315429985523224,,,,,,,,0.0,0.66231369972229,0.21330532853453268,-0.007075908968430528,0.0003156916645821184
3858432,1978.5802579620213,0.011392268507562612,0.15487061440944672,,,,,,,,0.0078125,0.6640450954437256,0.2119485234768877,-0.010329776648905031,0.004884304944425821
3866624,1982.3134848110203,0.01256971413875131,0.16940918564796448,0.002231243935228777,0.21565255423844412,0.21265994382976666,333,220.62673282984736,48.150000000000006,nan,0.0,0.6609586477279663,0.21418676900018158,-0.006697300863882838,0.0004278346023056656
3874816,1986.2117484690098,0.01256673390108164,0.168212890625,,,,,,,,0.0,0.6632855534553528,0.21287147466825523,-0.010020303549333618,0.0009318228694610298
3883008,1989.9186210080225,0.010685049144771194,0.145263671875,,,,,,,,0.0078125,0.6625474095344543,0.21208302749572047,-0.00839597914787692,0.0041025178506970406
3891200,1993.620322644012,0.011742486858008029,0.15989990532398224,,,,,,,,0.0,0.6618416905403137,0.21340110196790224,-0.008655735417133109,0.00026553176576271653
3899392,1997.3321650450234,0.01052719316082991,0.14329834282398224,,,,,,,,0.0,0.6643015146255493,0.21213087183618734,-0.008749939634643098,0.00370603846386075
3907584,2001.0459045980242,0.015377933515498555,0.19700928032398224,,,,,,,,0.0078125,0.661038339138031,0.21206512199511648,-0.011534235545809308,0.0014982238644734025
3915776,2004.727645193023,0.0124605057011987,0.16582031548023224,,,,,,,,0.0,0.6628885269165039,0.212961491001009,-0.007250002461934014,0.0003000733850058168
3923968,2008.4282256040024,0.011114055981481448,0.14852295815944672,,,,,,,,0.0078125,0.6633479595184326,0.21198226950437485,-0.007199134494339965,0.003838949603959918
3932160,2012.117044854007,0.012636276712868454,0.16853027045726776,0.0020545939071953123,0.21395334144224018,0.2125174148423818,333,220.6139536749399,45.900000000000006,nan,0.0,0.6614511013031006,0.2138224356427109,-0.008448397105203035,0.00027699428028427064
3940352,2016.010562542011,0.013406641622681676,0.180419921875,,,,,,,,0.0,0.6638123989105225,0.21248478777614416,-0.010169870320136894,0.0011426899582147598
3948544,2019.7069183390122,0.011066822800606797,0.15123291313648224,,,,,,,,0.0078125,0.6618534922599792,0.2120151118828582,-0.01084370058997728,0.002156236907467246
3956736,2023.3923176520038,0.012309597473974957,0.16677246987819672,,,,,,,,0.0,0.6623587608337402,0.21327705709394737,-0.009179619158869888,0.00030802219407632947
3964928,2027.1048903000192,0.009267307348475159,0.12456054985523224,,,,,,,,0.0078125,0.6641682982444763,0.2119385241571669,-0.007499745847799163,0.006057743914425373
3973120,2030.819223036,0.01384176228252472,0.18613281846046448,,,,,,,,0.0,0.6609414219856262,0.2141666780155377,-0.008630274458090169,0.0003547502274159342
3981312,2034.478521062003,0.012407466203470698,0.16810302436351776,,,,,,,,0.0,0.6633073687553406,0.21269714083870245,-0.008147825774991452,0.0004133187176194042
3989504,2038.1806841100042,0.012108142664497536,0.16032715141773224,,,,,,,,0.0078125,0.6626067757606506,0.21197029217655294,-0.009591117664140857,0.004051800351589918
3997696,2041.8964655120217,0.012960254000284775,0.17742919921875,0.001988821222353443,0.21331682471470273,0.21253106683075357,333,220.66244318325275,48.300000000000004,nan,0.0,0.6618818640708923,0.21346161080496812,-0.010163924198751334,0.00029333331622183323
4005888,2045.811729218025,0.011302235016405758,0.15290527045726776,,,,,,,,0.0,0.6642820835113525,0.2119883658569862,-0.009212362575835098,0.0019415043061599135
4014080,2049.501909225015,0.015135191247360659,0.19599609076976776,,,,,,,,0.0078125,0.6610288023948669,0.21200801194539748,-0.012498313361936436,0.0011722220806404948
4022272,2053.1577025510196,0.012876139184676883,0.17423096299171448,,,,,,,,0.0,0.6627272367477417,0.21301962666021867,-0.00847783540308592,0.0003281602985225618
4030464,2056.8329400920193,0.010806210143938426,0.14707031846046448,,,,,,,,0.0078125,0.6632551550865173,0.21212936306739222,-0.009240939145257277,0.004742585588246584
4038656,2060.506330367003,0.013635120518317745,0.18032227456569672,,,,,,,,0.0,0.6613607406616211,0.21389337160565752,-0.009081114445320351,0.00027497514383867383
4046848,2064.2074336380174,0.011851359919232977,0.15874023735523224,,,,,,,,0.0,0.6636883020401001,0.2125188129427245,-0.009500753418789962,0.0008857655338943005
4055040,2067.908623927011,0.012553775823147163,0.16534423828125,,,,,,,,0.0078125,0.6618180274963379,0.2122046907890144,-0.008371240703405405,0.0024241991341114044
4063232,2071.570936492004,0.012554954608882,0.17258301377296448,0.0019126813333718573,0.21322871096478963,0.2125217677492683,333,220.70804304482945,48.300000000000004,nan,0.0,0.6622560620307922,0.21334841414247677,-0.009392678676426972,0.0002682491031009704
4071424,2075.5514013479988,0.009890098652033462,0.13422851264476776,,,,,,,,0.0078125,0.6640715599060059,0.2119974887470152,-0.008435392614643404,0.006288337986916304
4079616,2079.228659585002,0.014208831040277823,0.18602295219898224,,,,,,,,0.0,0.6608681082725525,0.21422910332173548,-0.007069650463424747,0.00036347165587358177
4087808,2082.9448527390196,0.013749509752774548,0.18465577065944672,,,,,,,,0.0,0.6632057428359985,0.21282529105657494,-0.010101339030420776,0.0006010017241351306
4096000,2086.644130394998,0.009599222494723747,0.12630616128444672,,,,,,,,0.0078125,0.6625231504440308,0.21193993941123357,-0.007160410107617768,0.016339175403118134
4104192,2090.3395391970116,0.01335986887086711,0.18031005561351776,,,,,,,,0.0,0.6617804169654846,0.2135448866605126,-0.007068336334198993,0.00029434816678985953
4112384,2094.0286757560098,0.011120064100672046,0.1488037109375,,,,,,,,0.0,0.6641658544540405,0.2123016667851299,-0.007880380643379847,0.0030452467035502195
4120576,2097.741383393004,0.013719294397770799,0.18487548828125,,,,,,,,0.0078125,0.661034345626831,0.2119835270220459,-0.009713712533353354,0.0006274634506553411
4128768,2101.4283639050263,0.012790125341115129,0.16883544623851776,0.001836189945478628,0.21328906281796267,0.21244215751260637,333,220.7305975300959,48.300000000000004,nan,0.0,0.6626297831535339,0.213034159288418,-0.00921084497147015,0.0002933206269517541
4136960,2105.335427085025,0.010464827632647137,0.14058838784694672,,,,,,,,0.0078125,0.6632569432258606,0.21223465837502373,-0.006758082909614451,0.004738465417176485
4145152,2109.0077717630193,0.01304212845973058,0.17696534097194672,,,,,,,,0.0,0.6613257527351379,0.21394198465313682,-0.006984725062357195,0.00027575044077821076
4153344,2112.6637993449986,0.012059311764686002,0.16480712592601776,,,,,,,,0.0,0.6636704802513123,0.2123923310931995,-0.009505702558899431,0.0007432789425365627
4161536,2116.35118488202,0.013458405400721508,0.18112793564796448,,,,,,,,0.0078125,0.6618253588676453,0.21216554361500467,-0.009041422096407388,0.0017079527024179697
4169728,2120.0065257280075,0.012488985037562933,0.17135010659694672,,,,,,,,0.0,0.6621845364570618,0.21352970396097226,-0.009952500323032786,0.0002697934105526656
4177920,2123.700651287014,0.011143098041828595,0.15144042670726776,,,,,,,,0.0078125,0.6640309691429138,0.2122932784128595,-0.008910090866227448,0.006095370277762413
4186112,2127.374074782012,0.014308492327798345,0.19033204019069672,,,,,,,,0.0,0.6608392596244812,0.2142024450559284,-0.007179632259053318,0.00044499296927824616
4194304,2131.011606050015,0.012767107718076882,0.17196045815944672,0.0021662792909025175,0.21342023915735786,0.2126466259264251,333,220.67054738220645,48.300000000000004,nan,0.0,0.6631513237953186,0.21284467535462084,-0.009540436292076732,0.0004576432693284005
4202496,2134.998659376026,0.011509110649578576,0.15200196206569672,,,,,,,,0.0078125,0.6626004576683044,0.2119285941826916,-0.009429511176245945,0.004043053835630417
4210688,2138.6590152650024,0.013425284936513546,0.17889404296875,,,,,,,,0.0,0.6618108749389648,0.21364426227506966,-0.006883534119917611,0.00025797681882977486
4218880,2142.3616112140007,0.0112474797413862,0.14902344346046448,,,,,,,,0.0,0.6641702055931091,0.21222817801225688,-0.009013695286044716,0.003122752532362938
4227072,2146.0551189020043,0.01460350753904135,0.19058838486671448,,,,,,,,0.0078125,0.6610962748527527,0.21216723998651638,-0.012005473624822884,0.0020741464104503393
4235264,2149.753626434016,0.0135112377362819,0.18382568657398224,,,,,,,,0.0,0.6625966429710388,0.21303669847754886,-0.010206615762797938,0.00026637542759999633
4243456,2153.441621341015,0.0101614403322157,0.13620606064796448,,,,,,,,0.0078125,0.6633105874061584,0.21209243328926256,-0.00900430457019504,0.004772219806909561
4251648,2157.158417562023,0.013826194051016597,0.18505859375,,,,,,,,0.0,0.6612831950187683,0.21404554160011088,-0.009253270260939842,0.0004328196810092777
4259840,2160.8279288140184,0.013568331346866823,0.17849121987819672,0.0014719957046758214,0.21539750529261342,0.21272352236391295,333,220.64202891054038,46.95,nan,0.0,0.6635750532150269,0.21244920684909913,-0.007994871644066452,0.0006998788448981941
4268032,2164.829907369014,0.011972547413750634,0.15959472954273224,,,,,,,,0.0078125,0.6617979407310486,0.21196084460136927,-0.009431419609000596,0.0019699574913829565
4276224,2168.534904336004,0.012672851572489312,0.17233887314796448,,,,,,,,0.0,0.6621193289756775,0.2134830022971579,-0.009430759290261177,0.00027516327099874616
4284416,2172.254758064024,0.01061998349291176,0.14410400390625,,,,,,,,0.0078125,0.6638823747634888,0.21219369737733546,-0.00922690043923361,0.006216537207365036
4292608,2175.9848632480134,0.01324152627319219,0.17530517280101776,,,,,,,,0.0,0.660862147808075,0.2143172830558538,-0.008462585821250219,0.0003473755205050111
4300800,2179.671986377012,0.013370194337428677,0.17770996689796448,,,,,,,,0.0,0.6630273461341858,0.21307406330656947,-0.010209601015239987,0.00039133793325163424
4308992,2183.383430863003,0.012197752036618945,0.16417236626148224,,,,,,,,0.0078125,0.6625102758407593,0.21240808003460585,-0.008566964981996888,0.006330892443656921
4317184,2187.074157071009,0.013686860755249273,0.18388672173023224,,,,,,,,0.0,0.6616344451904297,0.21366628628448664,-0.009706027966598847,0.0003535239084158093
4325376,2190.729695056012,0.010510807210668102,0.14327393472194672,0.0016093624139855711,0.21349490850963676,0.21250955803300137,333,220.70962642895583,48.150000000000006,nan,0.0,0.6638501882553101,0.2124105855428231,-0.007795032797887164,0.002892676740884781
4333568,2194.592710345023,0.016891023046616493,0.215087890625,,,,,,,,0.0078125,0.6610488891601562,0.2123378760774338,-0.01047198984155278,0.0016560975927859545
4341760,2198.3092876490264,0.014670077134212754,0.19516602158546448,,,,,,,,0.0,0.66249680519104,0.21321588345597156,-0.008550089713760168,0.00028611483867280185
4349952,2202.0145030200074,0.010155705284347071,0.13587646186351776,,,,,,,,0.0078125,0.6632291674613953,0.2122553482138652,-0.007016157410924245,0.010191229172050953
4358144,2205.7169211319997,0.01487518023687688,0.19368897378444672,,,,,,,,0.0,0.6612541675567627,0.21386567486489727,-0.006883373060184364,0.00023146379680838436
4366336,2209.3937359990086,0.014264261444988546,0.19033204019069672,,,,,,,,0.0,0.663547158241272,0.21255354160331658,-0.008565147660312628,0.0005306521779857576
4374528,2213.1159886700043,0.012927319154905937,0.17097167670726776,,,,,,,,0.0078125,0.6618090867996216,0.2122219402418278,-0.008804189262822613,0.0031534803565591574
4382720,2216.834559998999,0.014631963654097628,0.19627685844898224,,,,,,,,0.0,0.6621520519256592,0.21342657309044255,-0.008421384292703003,0.00022586465638596565
4390912,2220.5371041800245,0.01233815369363394,0.16392822563648224,0.00214585175875337,0.21407323123399205,0.21272580965875965,333,220.61141514828043,48.150000000000006,nan,0.0078125,0.6640588045120239,0.21202307004879145,-0.00896675629239512,0.002846617018803954
4399104,2224.4918089950224,0.01390439187205423,0.186767578125,,,,,,,,0.0,0.6609276533126831,0.2142035302002722,-0.009588167610389319,0.00024936714908108115
4407296,2228.168830469018,0.013830718711318468,0.18674317002296448,,,,,,,,0.0,0.6631680727005005,0.21284145988981068,-0.009829153982159573,0.00041163951391354203
4415488,2231.8971401480085,0.013172721265314583,0.17446289956569672,,,,,,,,0.0078125,0.6627169847488403,0.21220271432648913,-0.008674881188871764,0.0033369779121130705
4423680,2235.592771548021,0.013807930512543027,0.18477784097194672,,,,,,,,0.0,0.6617658138275146,0.213691700525268,-0.006324259414538591,0.00026255258126184344
4431872,2239.268126405019,0.012776654499243735,0.170166015625,,,,,,,,0.0,0.6641348600387573,0.21224617854714195,-0.007896836664207192,0.0014873223844915628
4440064,2242.9780840010208,0.015317747237824598,0.19831542670726776,,,,,,,,0.0078125,0.6611551642417908,0.21217059445011502,-0.007234360500666223,0.001436099293641746
4448256,2246.6191883310094,0.013421594028663445,0.17819824814796448,,,,,,,,0.0,0.6626430153846741,0.21312865592344798,-0.0074325063817494074,0.0002697345335036516
4456448,2250.307459732023,0.01066662859714556,0.14395752549171448,0.0015811684758377798,0.21566342219140594,0.21248517649849083,333,220.64369320830298,49.35,nan,0.0078125,0.6634092330932617,0.21218334020885332,-0.010240612224121664,0.006521187257021666
4464640,2254.1763555910147,0.014866280623252718,0.20200195908546448,,,,,,,,0.0,0.6612855195999146,0.2140045164864882,-0.010486566543772256,0.000251483463216573
4472832,2257.8455433270137,0.013259524339303533,0.18092040717601776,,,,,,,,0.0,0.6636274456977844,0.21257539701222555,-0.007533042640600922,0.0005350793362595141
4481024,2261.484619718016,0.012486270742706421,0.16785888373851776,,,,,,,,0.0078125,0.6619157195091248,0.21200831817070198,-0.009067099467627215,0.0024493583478033543
4489216,2265.1696682870097,0.014066116370908412,0.18870849907398224,,,,,,,,0.0,0.6621454954147339,0.21328660143076275,-0.006960884756522859,0.00022011958935763687
4497408,2268.917194728012,0.012900363754024816,0.17783203721046448,,,,,,,,0.0078125,0.6640153527259827,0.21217005479965834,-0.009030692466544829,0.005704432260245085
4505600,2272.59626525201,0.015358623700360825,0.20217286050319672,,,,,,,,0.0,0.66087806224823,0.21430992570093516,-0.009830212324162623,0.0002920847909990698
4513792,2276.3161985170154,0.014030070481339436,0.185302734375,,,,,,,,0.0,0.6630601286888123,0.21285371239848208,-0.007297304375796882,0.0003918736183550209
4521984,2280.0176961180114,0.01359831019921515,0.18303222954273224,0.0012849328090877021,0.21427713718380645,0.21258804379435473,333,220.60501256545712,49.2,nan,0.0078125,0.662675678730011,0.2122698023170996,-0.010008453322069821,0.002381828147917986
4530176,2283.9474229690095,0.013185655341912218,0.1776123046875,,,,,,,,0.0,0.6616746187210083,0.2136558001371353,-0.008527658077398918,0.0002954395895358175
4538368,2287.659554376005,0.012506890901118228,0.17205810546875,,,,,,,,0.0,0.664094865322113,0.21213537124096296,-0.010859760899686594,0.0016626035794615746
4546560,2291.397823047999,0.014967791266453867,0.19584961235523224,,,,,,,,0.0078125,0.6611441969871521,0.21211932437010925,-0.009540176984418567,0.0015353849157691002
4554752,2295.033661130001,0.013680729999469532,0.18218994140625,,,,,,,,0.0,0.6626459956169128,0.21317575477690257,-0.009069069836313202,0.00029489511507563293
4562944,2298.740904286009,0.013173293668535696,0.1748046875,,,,,,,,0.0078125,0.6634592413902283,0.21207979507256333,-0.008695614676687119,0.0036372982431203127
4571136,2302.43862387602,0.01495394189715106,0.19602051377296448,,,,,,,,0.0,0.6613374352455139,0.2138699843686546,-0.007186419103274224,0.0003391261852812022
4579328,2306.113441840018,0.01597330403874068,0.2060546875,,,,,,,,0.0,0.6636947989463806,0.21259544958684456,-0.010195604549288787,0.0009436195832677186
4587520,2309.7973060180084,0.014027896653979882,0.18422852456569672,0.0016649399827716183,0.21487833998589978,0.2124083590020278,333,220.66240122682075,49.5,nan,0.0078125,0.6620233654975891,0.21212571386387072,-0.010510621806274724,0.002748692175373435
4595712,2313.7228678830143,0.014097280507636279,0.18879394233226776,,,,,,,,0.0,0.6622235178947449,0.21345507924423254,-0.00936790406036631,0.0002547173935454339
4603904,2317.4222483690246,0.013559963883501584,0.17900390923023224,,,,,,,,0.0078125,0.6642260551452637,0.21189431874507814,-0.007423514376115995,0.006409212946891785
4612096,2321.115423481009,0.015837915999378893,0.20390625298023224,,,,,,,,0.0,0.660851776599884,0.21422981325600846,-0.008022332755495088,0.00022717192769050598
4620288,2324.759616469004,0.0139110749477183,0.18485108017921448,,,,,,,,0.0,0.6630969643592834,0.21295260827952797,-0.008410551478169728,0.0003166934475302696
4628480,2328.4691331470094,0.013388059388273536,0.17592774331569672,,,,,,,,0.0078125,0.6627436280250549,0.21221276416120305,-0.008185236446606656,0.0034251988399773836
4636672,2332.1301532060024,0.015020238109678558,0.19764403998851776,,,,,,,,0.0,0.6617130041122437,0.2135863901946251,-0.008594872051936634,0.0002799785870593041
4644864,2335.83779943001,0.01558124246538843,0.20260010659694672,,,,,,,,0.0,0.664251983165741,0.21218022758672972,-0.00817320914221145,0.0015983969205990434
4653056,2339.5144223680254,0.014567233533640967,0.19101563096046448,0.0017794964359670873,0.21547772086238443,0.21249459333513748,333,220.64985799593006,49.5,nan,0.0078125,0.6612116098403931,0.21209260053598364,-0.009776383463517094,0.0012828030157834291
4661248,2343.4469700010086,0.015039300124734645,0.19718018174171448,,,,,,,,0.0,0.6627098321914673,0.21303386938795224,-0.009592962514404061,0.00030541059095412493
4669440,2347.1047801110253,0.0131717737801204,0.17620849609375,,,,,,,,0.0078125,0.6635555028915405,0.21187129195150275,-0.00897827118812057,0.005171884782612324
4677632,2350.831877207005,0.0132302893836729,0.17902831733226776,,,,,,,,0.0,0.6613466739654541,0.21398955524413724,-0.008039204233983436,0.0005218739970587194
4685824,2354.535545987019,0.015264345290129107,0.20478515326976776,,,,,,,,0.0,0.6636675596237183,0.2124368153999415,-0.010383049824666818,0.00043259895755909383
4694016,2358.259453456005,0.012634169505898574,0.17229004204273224,,,,,,,,0.0078125,0.6620595455169678,0.21193574212861468,-0.009073535603671965,0.002363986801356077
4702208,2361.969334009016,0.013258173376383027,0.17738036811351776,,,,,,,,0.0,0.6622069478034973,0.21341001000157686,-0.007018018456779067,0.00028467478114180267
4710400,2365.6328266550263,0.011392727424213631,0.15513916313648224,,,,,,,,0.0078125,0.6643319725990295,0.21201689098793258,-0.009187179260678283,0.00539875403046608
4718592,2369.3284684400132,0.014745574487394865,0.19450683891773224,0.001643431435223941,0.21367029170939297,0.21256211380659606,333,220.61956700147934,49.2,nan,0.0,0.6608046293258667,0.21423085856894103,-0.007550945277317621,0.0003973251732531935
4726784,2373.180733628018,0.014366903657954695,0.18599854409694672,,,,,,,,0.0,0.66314297914505,0.21282841753298407,-0.008615103525662535,0.00035519531229510903
4734976,2376.6799510359997,0.015937426931947142,0.2076416015625,,,,,,,,0.0078125,0.6627983450889587,0.21210654417137573,-0.011122090213826428,0.003210651222616434
4743168,2380.1289856830263,0.01543370386594003,0.20037841796875,,,,,,,,0.0,0.6616933345794678,0.21359748607183585,-0.009708682673050353,0.00021043112792540342
4751360,2383.5571314770204,0.014709800442366553,0.19184570014476776,,,,,,,,0.0,0.6642324328422546,0.2122312139322023,-0.007869675285626519,0.0010160484816879034
4759552,2386.95668731202,0.015088211053410464,0.19716797769069672,,,,,,,,0.0078125,0.6612548232078552,0.21202928413628022,-0.01164461177459993,0.0019024964421987534
4767744,2390.3744728770107,0.014275462316503257,0.19088135659694672,,,,,,,,0.0,0.6626467704772949,0.21321666772800466,-0.008464779771139547,0.00026787130627781153
4775936,2393.771671164024,0.012476617132870398,0.16787110269069672,,,,,,,,0.0078125,0.663481593132019,0.2119819313999669,-0.008849223887074828,0.004038659855723381
4784128,2397.188987232017,0.014679733055634773,0.19327393174171448,0.0018724563880198053,0.21575994135643772,0.21260330278513223,333,220.5919181887779,49.5,nan,0.0,0.6613360643386841,0.21397192751651378,-0.007181156729186786,0.0001999872038140893
4792320,2400.7798232780187,0.015127892554337352,0.2003173828125,,,,,,,,0.0,0.6636409759521484,0.2127257039201719,-0.009879275693333845,0.00040818756679072976
4800512,2404.2164631530177,0.014942805523381687,0.19476318359375,,,,,,,,0.0078125,0.6620942950248718,0.21191075363090933,-0.010152042746578221,0.002101232996210456
4808704,2407.588172014017,0.014553403836401389,0.19228516519069672,,,,,,,,0.0,0.6621959805488586,0.21358024304342113,-0.0097705847960236,0.0002152862580260262
4816896,2411.0231212340004,0.012682353416555043,0.16757813096046448,,,,,,,,0.0078125,0.66437828540802,0.21201651236008598,-0.008335152858707529,0.005390493664890528
4825088,2414.4452856190037,0.015033399060766693,0.19753418862819672,,,,,,,,0.0,0.6607686877250671,0.21426550295563182,-0.007761322508699009,0.0005142631125636399
4833280,2417.833149735001,0.014965777612636129,0.19635009765625,,,,,,,,0.0,0.6631162166595459,0.21285225958045612,-0.00875621888408065,0.00031895143911242485
4841472,2421.286975563009,0.014208293659746775,0.18818359076976776,,,,,,,,0.0078125,0.6628009676933289,0.21197249893756892,-0.010231344301987943,0.003494811011478305
4849664,2424.6809584510047,0.01547669879247604,0.20394288003444672,0.0009553218018752974,0.21437982090515467,0.21249596863408207,333,220.66476394043252,48.0,nan,0.0,0.661668062210083,0.21365129030142413,-0.008045727683678323,0.0003046568890567869
4857856,2428.3174113350105,0.014046172138885222,0.18806152045726776,,,,,,,,0.0,0.6640255451202393,0.21236502867447188,-0.00830321261064809,0.0008163435268215835
4866048,2431.731597894017,0.01577970938263933,0.20924071967601776,,,,,,,,0.0078125,0.6612750887870789,0.2120686681965575,-0.009541645014529816,0.0005473197670653462
4874240,2435.1361559560173,0.014254737613712883,0.19155274331569672,,,,,,,,0.0,0.6625915765762329,0.2131101411293781,-0.00887796228849772,0.00030948311905376613
4882432,2438.5880104290263,0.014097008384840693,0.18735352158546448,,,,,,,,0.0078125,0.6635155081748962,0.21208120031715771,-0.009252356482397995,0.005890900734812021
4890624,2441.992421147006,0.015704969707968305,0.20578613877296448,,,,,,,,0.0,0.6612451076507568,0.21396446615128384,-0.009703228226375985,0.0002730100823100656
4898816,2445.389205514017,0.015589127261709763,0.20529785752296448,,,,,,,,0.0,0.6635060906410217,0.21275931145356775,-0.00969639652858171,0.0005738948821090162
4907008,2448.7822336910176,0.014644725810036396,0.19248047471046448,,,,,,,,0.0078125,0.6620652675628662,0.21224614867268987,-0.009561613180302159,0.0012356375809758902
4915200,2452.192527383013,0.015296751365942175,0.20100097358226776,0.0011110889356145126,0.21486596303188069,0.21252885291967946,333,220.63675174341068,48.0,nan,0.0,0.6621065735816956,0.21354851514494871,-0.008166845849046925,0.0002067170134978369
4923392,2455.7844524980173,0.01570563358864109,0.20821534097194672,,,,,,,,0.0078125,0.6643150448799133,0.2119746775325869,-0.0094829090385245,0.0058640181086957455
4931584,2459.226689564006,0.015185738916074987,0.20258788764476776,,,,,,,,0.0,0.660740315914154,0.21422048565108107,-0.00910568687408264,0.00038824157672934234
4939776,2462.629348453018,0.014538216593415844,0.19339600205421448,,,,,,,,0.0,0.6630424857139587,0.21294290730679885,-0.008050835135818349,0.0003134720027446747
4947968,2466.046182733,0.015129919425865546,0.19870606064796448,,,,,,,,0.0078125,0.6627364158630371,0.2121195174529135,-0.010181457770171952,0.0023763501085340977
4956160,2469.4862013510137,0.015491647795792762,0.20245361328125,,,,,,,,0.0,0.661705493927002,0.21375880659605762,-0.007028299317093635,0.00022411807731259614
4964352,2472.909694446018,0.01574548140897362,0.20413818955421448,,,,,,,,0.0,0.6640031933784485,0.21243043961867386,-0.00993762627183123,0.0009152197162620723
4972544,2476.326365732006,0.01871860557740004,0.234130859375,,,,,,,,0.0078125,0.6613250970840454,0.21215013868841504,-0.009081703021356078,0.001060279319062829
4980736,2479.7223669860105,0.01672939545402761,0.21845702826976776,0.00166489978959794,0.2136130666645212,0.2125668862845338,333,220.62729967154388,48.150000000000006,nan,0.0,0.6625444889068604,0.21298559096107464,-0.007938213118366653,0.0002583612804301083
4988928,2483.3342749420262,0.014215326289241676,0.18880616128444672,,,,,,,,0.0078125,0.6635708212852478,0.21215134186548396,-0.007935015359613273,0.005481158848851919
4997120,2486.76401297102,0.018030370725456223,0.22849121689796448,,,,,,,,0.0,0.6612087488174438,0.2140147921349358,-0.008945250021189568,0.00021846457093488425
5005312,2490.184514168999,0.015902794669105463,0.20734862983226776,,,,,,,,0.0,0.6635392308235168,0.21273452590571246,-0.009009872908397904,0.0004109896835871041
5013504,2493.601018092013,0.015979426176448482,0.20540772378444672,,,,,,,,0.0078125,0.6620973944664001,0.2122304024500949,-0.010193540924725332,0.003333325032144785
5021696,2497.0302866040147,0.016068712983535228,0.20592041313648224,,,,,,,,0.0,0.66211998462677,0.21346322091319486,-0.009968648720122228,0.00024132007092703134
5029888,2500.5047625840234,0.016851939271990767,0.217529296875,,,,,,,,0.0078125,0.6643396019935608,0.2121300100507922,-0.00993493558029501,0.004282017238438129
5038080,2503.9116615910025,0.01619498545296788,0.20815430581569672,,,,,,,,0.0,0.660770058631897,0.21429978425981058,-0.007827656268042636,0.0001815028808778152
5046272,2507.3403252430144,0.016171339188199515,0.20980225503444672,0.0012812418591306995,0.21448481446722903,0.21246313907723394,333,220.63274850916773,49.2,nan,0.0,0.6630898714065552,0.21288232401862034,-0.009344212367725984,0.00028150362777523696
5054464,2510.9335960180033,0.014030254954416638,0.18990479409694672,,,,,,,,0.0078125,0.6628775596618652,0.2121055440579235,-0.010239587993946267,0.004371928051114082
5062656,2514.333568555012,0.017502620262939247,0.22744141519069672,,,,,,,,0.0,0.6617472171783447,0.2136941908074364,-0.007081882214936526,0.00017247565847355872
5070848,2517.811909698008,0.016257406520630624,0.21031494438648224,,,,,,,,0.0,0.6640045642852783,0.2123943024045142,-0.008232491350862686,0.000878474791534245
5079040,2521.336029828002,0.015355955238732379,0.20260010659694672,,,,,,,,0.0078125,0.6613436341285706,0.2122485993753999,-0.009788723788324016,0.000617752259131521
5087232,2524.7754712690075,0.01663799017914321,0.21614991128444672,,,,,,,,0.0,0.6625224947929382,0.21317307201074498,-0.009484207987835114,0.00023293905542232096
5095424,2528.207361703011,0.013360719095006475,0.17600098252296448,,,,,,,,0.0078125,0.6635981202125549,0.21228836675220183,-0.007696194084810904,0.0035331968683749437
5103616,2531.7538992370246,0.016858548860021878,0.21265868842601776,,,,,,,,0.0,0.6612451076507568,0.2139563966789543,-0.007246689577353501,0.0005122075672261417
5111808,2535.295982346026,0.01718828670636288,0.22050781548023224,0.0014249381662594374,0.213575886812242,0.21243225710129177,333,220.6943100639349,48.150000000000006,nan,0.0,0.6636149883270264,0.21240746580984413,-0.009580633530295908,0.0004860921762883663
5120000,2538.991612050013,0.015270428387964774,0.19436036050319672,,,,,,,,0.0078125,0.6621419191360474,0.2120536397978206,-0.007736136440564658,0.00463501363992691
5128192,2542.3978131180047,0.016658240058890873,0.21457520127296448,,,,,,,,0.0,0.6621697545051575,0.2134985624872161,-0.008936418273292154,0.00019453531422186643
5136384,2545.837327688001,0.016352887194016397,0.2071533203125,,,,,,,,0.0078125,0.6644009947776794,0.21211040790024155,-0.006760930689984636,0.004522592294961214
5144576,2549.3109933270025,0.016584690831907223,0.21424560248851776,,,,,,,,0.0,0.6607984900474548,0.21405059052470787,-0.0072574262581784335,0.0002469211758580059
5152768,2552.739392760006,0.0188778724900006,0.23383788764476776,,,,,,,,0.0,0.6631299257278442,0.21292730133641027,-0.007804700278637145,0.0003703284601215273
5160960,2556.168410444021,0.014351660485750296,0.19279785454273224,,,,,,,,0.0078125,0.6629355549812317,0.211983845274824,-0.01024715087089674,0.004198052920401096
5169152,2559.608167667,0.016002199596672435,0.20698241889476776,,,,,,,,0.0,0.6617407202720642,0.21349001838721438,-0.00777612506024207,0.00022725951566826552
5177344,2563.0531971630116,0.015626545345095593,0.2015380859375,0.0009611771499772326,0.21429831447196696,0.2122603547577643,333,220.73694598411893,49.2,nan,0.0,0.6641460061073303,0.21238643290759102,-0.01054847812049273,0.0007466020761057734
5185536,2566.6733049730246,0.018021242111084673,0.22968749701976776,,,,,,,,0.0078125,0.661452054977417,0.21215075540092818,-0.00940233883383191,0.0014765122905373573
5193728,2570.0689617960015,0.017989803539925124,0.2254638671875,,,,,,,,0.0,0.662680983543396,0.2131004788309395,-0.009127759630651492,0.00021895159443374723
5201920,2573.4795032870024,0.01460874277700091,0.1865234375,,,,,,,,0.0078125,0.6637781858444214,0.21214071920766303,-0.007275067483072148,0.003816746175289154
5210112,2576.9051173940243,0.01817276213312658,0.22781983017921448,,,,,,,,0.0,0.6612133979797363,0.21404083574223623,-0.008180124906750652,0.0001728578208712861
5218304,2580.308271793998,0.017228009298138617,0.21743164956569672,,,,,,,,0.0,0.6635648012161255,0.21281629700698823,-0.007015791594300787,0.00033816322684288025
5226496,2583.7575675640255,0.01573415564794084,0.20394288003444672,,,,,,,,0.0078125,0.6621543169021606,0.21234478472372173,-0.00975375875694652,0.003352375701069832
5234688,2587.1654453080264,0.017764514262963896,0.22626952826976776,,,,,,,,0.0,0.6621688008308411,0.2132505661038898,-0.009360119225210201,0.00022347383492160589
5242880,2590.6311708330177,0.014878057938407485,0.19426269829273224,0.0018164056502337766,0.2153356350518172,0.21237416397381498,333,220.7142946410553,49.35,nan,0.0078125,0.6643834114074707,0.2120299479458318,-0.008883374575871376,0.005273433867841959
5251072,2594.2474732570117,0.018298762774311503,0.22770996391773224,,,,,,,,0.0,0.6608057618141174,0.2142234682873123,-0.007589224999697205,0.000203519404749386
5259264,2597.650863390998,0.01830051650552219,0.23044434189796448,,,,,,,,0.0,0.6630817651748657,0.2129413025629811,-0.007178544624370399,0.0004019186017103493
5267456,2601.106057417026,0.01812490396554214,0.22823487222194672,,,,,,,,0.0078125,0.6629564762115479,0.212172841634897,-0.008762041915662969,0.0018295239424332976
5275648,2604.52884148102,0.01781362794578868,0.22681884467601776,,,,,,,,0.0,0.6616705656051636,0.21365571548279355,-0.006583460484190827,0.00027284148382022977
5283840,2607.9193996740214,0.01681946846833293,0.21480713784694672,,,,,,,,0.0,0.6640899181365967,0.21234830177103006,-0.007450399019238604,0.0009096644935198128
5292032,2611.331974397006,0.016202297529538973,0.20667724311351776,,,,,,,,0.0078125,0.6614469885826111,0.2122134552085265,-0.011785723365003612,0.0013816416030749679
5300224,2614.703150661022,0.016375141517517747,0.21182861924171448,,,,,,,,0.0,0.6626267433166504,0.21317125970977052,-0.008649117210585885,0.0002499858965165913
5308416,2618.121438992006,0.013911419021791127,0.18369141221046448,0.0020440560718534284,0.21516461662111735,0.21252104174268527,333,220.63725531882275,49.35,nan,0.0078125,0.6637077331542969,0.21222479403048902,-0.007219161607617538,0.005413833539932966
5316608,2621.7413692830014,0.018865219549037356,0.23306885361671448,,,,,,,,0.0,0.661226212978363,0.21398073166339127,-0.0070269087390496705,0.00028129370184615254
5324800,2625.1425331270148,0.015970890653244467,0.20521239936351776,,,,,,,,0.0,0.6635553240776062,0.21265990596794188,-0.0083688393443276,0.0003119038010481745
5332992,2628.5923865580116,0.018025819909342496,0.22576904296875,,,,,,,,0.0078125,0.662192165851593,0.21213304814206624,-0.007290010117277233,0.002940460341051221
5341184,2632.0031726029993,0.01793656129420509,0.22121582925319672,,,,,,,,0.0,0.6622017621994019,0.21340295774246915,-0.007677754603614105,0.00020172414951957762
5349376,2635.430309170013,0.020190844884634573,0.24125976860523224,,,,,,,,0.0078125,0.6645880937576294,0.21212425497686307,-0.008854969710827783,0.005593424662947655
5357568,2638.8674966870167,0.019564735358152487,0.24233399331569672,,,,,,,,0.0,0.6608189344406128,0.21417086823452736,-0.00736827700186624,0.00023383657389786094
5365760,2642.3129773140245,0.01788264612057609,0.22222900390625,,,,,,,,0.0,0.6631892919540405,0.21293468098528207,-0.007480459158478009,0.00035679619759321213
5373952,2645.7365335549985,0.016933692402122835,0.21384277939796448,0.0014811196260705595,0.21355461696982334,0.21243442018339143,333,220.74271557193157,49.2,nan,0.0078125,0.663133978843689,0.2120471647459309,-0.010088942155537987,0.008325726725161076
5382144,2649.3248342529987,0.020042728362988614,0.24711914360523224,,,,,,,,0.0,0.6617113947868347,0.21360413222706048,-0.008789317978222515,0.00021297669445630163
5390336,2652.784487664001,0.01602182071059532,0.20686034858226776,,,,,,,,0.0,0.6641583442687988,0.21197282846640458,-0.010205432253237152,0.0009898036951199174
5398528,2656.231687838008,0.01866745211808025,0.22663573920726776,,,,,,,,0.0078125,0.6614755392074585,0.21185740185264765,-0.01088509295478424,0.0011880513047799468
5406720,2659.659368604014,0.016200009011943867,0.20941162109375,,,,,,,,0.0,0.6626279354095459,0.2130988127389531,-0.005694416299302651,0.0002220049500465393
5414912,2663.101774337003,0.012569714072249688,0.16876220703125,,,,,,,,0.0078125,0.6637966632843018,0.21188093224817392,-0.008646619654694588,0.005566157400608063
5423104,2666.5478276650247,0.01908411764386208,0.23902587592601776,,,,,,,,0.0,0.6612367630004883,0.21388201054505845,-0.00844450457949055,0.0002510005724616349
5431296,2669.936615512008,0.016623147506712677,0.21488037705421448,,,,,,,,0.0,0.6636356711387634,0.21268436691230613,-0.007939558268059532,0.00032502118847332895
5439488,2673.394255352003,0.015694222240993306,0.20305176079273224,0.00137544751433738,0.21357706319700448,0.2124016111366936,333,220.71649965354555,48.150000000000006,nan,0.0078125,0.6623234152793884,0.21211292519149513,-0.01071593436470162,0.0011950609041377902
5447680,2676.9823025640217,0.017852963670665883,0.22587890923023224,,,,,,,,0.0,0.6621292233467102,0.21351318822630136,-0.00944264917464107,0.00018546960200183094
5455872,2680.404218317999,0.014554011147189978,0.19085693359375,,,,,,,,0.0078125,0.664560079574585,0.21204737991222083,-0.009268372924567215,0.00599675951525569
5464064,2683.873316395009,0.01916985623053428,0.23710937798023224,,,,,,,,0.0,0.6606755256652832,0.21417660813433295,-0.007355057757188978,0.000366574531653896
5472256,2687.2627152860223,0.01636377348604192,0.21303711831569672,,,,,,,,0.0,0.6630867719650269,0.21287720243744573,-0.009696033699367858,0.0002899722312577069
5480448,2690.7173776430136,0.018275612033392643,0.22855225205421448,,,,,,,,0.0078125,0.6631175875663757,0.21202618077873486,-0.008724262937822615,0.0012690670555457473
5488640,2694.1577960990253,0.01762632630634968,0.22708740830421448,,,,,,,,0.0,0.6616730093955994,0.21355076545147197,-0.008858887397521109,0.0002602972963359207
5496832,2697.568680324999,0.017696901288178697,0.22219239175319672,,,,,,,,0.0,0.6641420125961304,0.21219549308752117,-0.007884243377540928,0.0011654129484668374
5505024,2701.003755961021,0.019627209937550537,0.23747558891773224,0.0011556730002983961,0.21441408334343107,0.21262077970753473,333,220.61734130398656,48.0,nan,0.0078125,0.6615079045295715,0.21193068947334912,-0.006429991709881736,0.0016141561791300774
5513216,2704.5886544170207,0.018260934148030313,0.23531495034694672,,,,,,,,0.0,0.6626323461532593,0.21312437331985082,-0.008726947466422412,0.0002346871915506199
5521408,2708.001967504999,0.019268603657054073,0.2374267578125,,,,,,,,0.0078125,0.6638088822364807,0.2120225829052797,-0.007887237584662676,0.0052866400219500065
5529600,2711.4202468919975,0.017826216263651856,0.22694091498851776,,,,,,,,0.0,0.6612821221351624,0.2138993760946692,-0.00929164673454652,0.00022791848459746689
5537792,2714.875819474022,0.017662047636378662,0.22589111328125,,,,,,,,0.0,0.6636273860931396,0.2127151543029448,-0.00903822339466589,0.00046452716924250126
5545984,2718.3071470290015,0.01774969296194073,0.22408448159694672,,,,,,,,0.0078125,0.6623976826667786,0.21203390937834626,-0.009455104980152987,0.001111684599891305
5554176,2721.585799813998,0.01681425124395323,0.21397705376148224,,,,,,,,0.0,0.6621224284172058,0.21335191377150947,-0.007237576024109422,0.00019716877432074398
5562368,2724.7491500010074,0.016285389157047993,0.21506348252296448,,,,,,,,0.0,0.6645961999893188,0.21178407692972906,-0.010268653291597277,0.00335797225125134
5570560,2727.901034711016,0.018290377500516455,0.23171387612819672,0.0013172967464593066,0.21509174329737024,0.2126922665930476,333,220.592125611217,48.0,nan,0.0078125,0.6607384085655212,0.21188560633872613,-0.008888604296995407,0.0003082597104366869
5578752,2731.168388317019,0.016868584052348187,0.21832275390625,,,,,,,,0.0,0.6630908250808716,0.21282060660923025,-0.010158323677323895,0.00022479584731627256
5586944,2734.340222302999,0.02008431333496066,0.2440185546875,,,,,,,,0.0078125,0.6631345748901367,0.21198709732516313,-0.008655017050080763,0.0038534607738256454
5595136,2737.4776920430013,0.01690293367453947,0.21879883110523224,,,,,,,,0.0,0.6617136597633362,0.21354488032548963,-0.007167341799138628,0.00017436829512007535
5603328,2740.6062041429977,0.018443431223469985,0.23128663003444672,,,,,,,,0.0,0.6642195582389832,0.21229555290083907,-0.011425901751818807,0.0011563458247110248
5611520,2743.7741832450265,0.019247423808979803,0.24183349311351776,,,,,,,,0.0078125,0.6616045832633972,0.21194795539007533,-0.008849688651942734,0.0005890057072974741
5619712,2746.8504502010182,0.016902035677567578,0.21605224907398224,,,,,,,,0.0,0.6625985503196716,0.21312536930260834,-0.007649197241834618,0.00020219832367729396
5627904,2750.00313372002,0.016774334044107848,0.21657715737819672,,,,,,,,0.0078125,0.663847804069519,0.2121042598832767,-0.008050734866076818,0.003280462697148323
5636096,2753.1583258820174,0.017969545648988228,0.23013916611671448,0.0019745109798801064,0.21562142147604263,0.21249095096697485,333,220.63642066582307,49.5,nan,0.0,0.6612867116928101,0.21405916013268667,-0.009017874591990944,0.00032630685018375516
5644288,2756.569481708022,0.01793527007698192,0.22597657144069672,,,,,,,,0.0,0.6636430621147156,0.2123922775047228,-0.008795091671155955,0.00029844228993169963
5652480,2760.3022579399985,0.02089600147322318,0.24840088188648224,,,,,,,,0.0078125,0.6624532341957092,0.21176034588290366,-0.006617866800698297,0.0038722099270671606
5660672,2764.033333766012,0.017632758995511283,0.222900390625,,,,,,,,0.0,0.6621119379997253,0.2135115944487898,-0.007501505939248718,0.00020116781524848193
5668864,2767.5372233250237,0.0172379625080188,0.22160644829273224,,,,,,,,0.0,0.6646811366081238,0.21184580896143382,-0.011271599903986532,0.0032103590201586485
5677056,2771.015424079,0.024106799255407305,0.2709594666957855,,,,,,,,0.0078125,0.6608147025108337,0.21219670214955264,-0.010103251854422807,0.0028452149126678705
5685248,2774.747166161018,0.01814339424681657,0.23057861626148224,,,,,,,,0.0,0.6631457209587097,0.21280354820844677,-0.009719674418579132,0.00028659854433499277
5693440,2778.184568809025,0.019797717101172816,0.24534912407398224,,,,,,,,0.0078125,0.6631993651390076,0.21178912087892968,-0.008843794159102645,0.001091364654712379
5701632,2781.949657893012,0.018427112430183475,0.23471680283546448,0.002151472263672738,0.2131630565777495,0.21249310816352804,333,220.6500885078448,48.300000000000004,nan,0.0,0.6617175936698914,0.2135114122002887,-0.0073724507097423595,0.0001674110972089693
5709824,2785.5881078540115,0.018412530231604215,0.23309326171875,,,,,,,,0.0,0.6641907691955566,0.2122503733762086,-0.009012105473806712,0.0007013255963101983
5718016,2789.3082589650003,0.017759519990007456,0.22451172769069672,,,,,,,,0.0078125,0.6616613864898682,0.2119545136465104,-0.010222712756590112,0.0013141967356204987
5726208,2792.766828441003,0.018506654845536274,0.23081055283546448,,,,,,,,0.0,0.6627144813537598,0.21288286650618143,-0.007119436726407452,0.00020771301933564246
5734400,2796.2166351740016,0.013696867562140487,0.18421630561351776,,,,,,,,0.0078125,0.6641306281089783,0.21167760643316957,-0.008329336195790493,0.005375361535698175
5742592,2799.9945177110203,0.019294517513648312,0.24161377549171448,,,,,,,,0.0,0.6612790822982788,0.21387754453312283,-0.005239487871383199,0.00016701470303814858
5750784,2803.4424248060095,0.018950356829301174,0.236572265625,,,,,,,,0.0,0.6637468338012695,0.21255352338762692,-0.00819145785573265,0.0004132001777179539
5758976,2807.225279631006,0.015175825407111754,0.19915771484375,,,,,,,,0.0078125,0.662528395652771,0.21175085120210296,-0.009751557705888855,0.0011771388817578554
5767168,2810.6796859330207,0.018617842787881287,0.23636475205421448,0.001807136939769527,0.21504087474270892,0.21223537528542633,333,220.7625495981809,48.150000000000006,nan,0.0,0.6621404886245728,0.21353414796659026,-0.007890059930010337,0.00018765401910059154
5775360,2814.35795547202,0.015315309236504851,0.19908447563648224,,,,,,,,0.0,0.6647588610649109,0.21184086790030662,-0.007522746023110642,0.004647035151720047
5783552,2817.5920498410123,0.0217477881892926,0.2549682557582855,,,,,,,,0.0078125,0.660885214805603,0.21192778102773385,-0.012831462088705293,0.0006389821646735072
5791744,2820.7454729110177,0.01684997751819414,0.21795654296875,,,,,,,,0.0,0.6632765531539917,0.21278575069821462,-0.007224825114880261,0.0003100739268120378
5799936,2824.0607912490086,0.01671673114368826,0.21425782144069672,,,,,,,,0.0078125,0.6633729934692383,0.21155899639578526,-0.009904112694963439,0.0029354149010032415
5808128,2827.2882009879977,0.018436925784742198,0.23085938394069672,,,,,,,,0.0,0.6617075800895691,0.21363239114154528,-0.008042285238998026,0.00016195366333704442
5816320,2830.451258852001,0.017704369621289715,0.22186279296875,,,,,,,,0.0,0.6642192602157593,0.2121702205780672,-0.01068139196678277,0.0015647303080186248
