step,wall,approx_kl,clip_frac,eval_1mU_at_best,eval_JT_end,eval_JT_min,eval_len,eval_return,eval_t_JT_min,eval_t_first_PE,frac_done,mean_reward,min_JT,pg_loss,v_loss
8192,4.516079277993413,0.009735069362910596,0.12934570014476776,,,,,,,,0.0,-0.5793864130973816,0.10385630720380568,-0.01958526840278889,36.64120101928711
16384,5.687475598999299,0.009830974964018436,0.13431397080421448,,,,,,,,0.0,-0.521584689617157,0.1553284794174347,-0.019837409007049056,17.216909408569336
24576,6.8507751399884,0.009233588750772534,0.11993408203125,,,,,,,,0.0078125,-0.3148514926433563,0.1485694090660034,-0.018229986242357395,18.274066925048828
32768,8.013493506994564,0.011910239926683944,0.1612548828125,,,,,,,,0.0,-0.22084520757198334,0.1277045470203331,-0.023077180819189826,10.062981605529785
40960,9.155117818998406,0.010705755683220682,0.13016358017921448,,,,,,,,0.0,-0.18447670340538025,0.11335902714140461,-0.019939831986168218,8.49236011505127
49152,10.34160853701178,0.008164377170417925,0.09884033352136612,,,,,,,,0.0078125,0.007423778064548969,0.1668805847681481,-0.01370318583158311,9.598487854003906
57344,11.537452179007232,0.00860327116240362,0.10307617485523224,,,,,,,,0.0,-0.0446433424949646,0.11600866575490029,-0.013425637926050189,7.020321846008301
65536,12.957330152014038,0.00787000884330885,0.09771728515625,0.0009629263606818483,0.2268191548635985,0.21173724453162418,333,217.09227549891455,25.650000000000002,nan,0.0078125,-0.0013722404837608337,0.13027071787593905,-0.014530753891074534,5.254413604736328
73728,15.56883240499883,0.007237679368503557,0.08179932087659836,,,,,,,,0.0,0.09867601096630096,0.13756180303409962,-0.011183894335138759,7.688108921051025
81920,16.707280317001278,0.007002798125882834,0.07756347954273224,,,,,,,,0.0,0.023816758766770363,0.16010290054328452,-0.012070684799864319,4.779993534088135
90112,17.922437845001696,0.007702506829176146,0.08894043415784836,,,,,,,,0.0078125,0.18568068742752075,0.16062698496795647,-0.011386947679967445,5.499629974365234
98304,19.101508433988784,0.0067603445544027925,0.07552490383386612,,,,,,,,0.0,0.13935525715351105,0.11767442121219242,-0.009933349688916857,7.0424323081970215
106496,20.26183602499077,0.006780443653734341,0.0775146484375,,,,,,,,0.0,0.10124041140079498,0.13527161820841224,-0.010487581921887876,4.3489508628845215
114688,21.45574825699441,0.006523067302203531,0.07239990681409836,,,,,,,,0.0078125,0.2924853265285492,0.1773838647577184,-0.007851923493889771,5.5779128074646
122880,22.607853543013334,0.006375705036794241,0.07667236775159836,,,,,,,,0.0,0.20102807879447937,0.1744454524447304,-0.009888973640341775,5.847653865814209
131072,23.78795316501055,0.007633974418462994,0.09003906697034836,0.0009531586478485066,0.21011252007942766,0.20980960797859524,333,218.8921549473435,45.150000000000006,nan,0.0078125,0.23864804208278656,0.18344801190786497,-0.011556178179891685,3.8580710887908936
139264,25.023568286007503,0.007168597775999045,0.08480224758386612,,,,,,,,0.0,0.2922931909561157,0.17732164494082076,-0.008249335400142206,4.663349151611328
147456,26.20363468400319,0.006263044262784491,0.0723876953125,,,,,,,,0.0,0.23461061716079712,0.17556679229814587,-0.009834614727805885,3.836049795150757
155648,27.383302417991217,0.006480803785401035,0.07644043117761612,,,,,,,,0.0078125,0.3397729992866516,0.16546799656648914,-0.007873254560915295,3.883831739425659
163840,28.536149713007035,0.006616995530543315,0.07762451469898224,,,,,,,,0.0,0.3177655339241028,0.13997073912578392,-0.00840578255806682,4.17938756942749
172032,29.706911071989452,0.006214397171246888,0.07207031548023224,,,,,,,,0.0078125,0.29938533902168274,0.11832564584252156,-0.008549298565139937,3.8302910327911377
180224,30.926323833002243,0.00729782888885033,0.08868408203125,,,,,,,,0.0,0.3938716650009155,0.18603087786657996,-0.007838752061471112,3.769474744796753
188416,32.351475839008344,0.005963417537307333,0.06997070461511612,,,,,,,,0.0,0.32774612307548523,0.13438273024474684,-0.009303502177972796,4.41456937789917
196608,33.63697510701604,0.006753575166985651,0.08039551228284836,0.0006250089015443772,0.21064213575970733,0.2104870925196504,333,218.38126023158662,49.800000000000004,nan,0.0078125,0.3938524127006531,0.14823947350693412,-0.00938677173554173,3.923727512359619
204800,35.00763413798995,0.007766799482893611,0.09554443508386612,,,,,,,,0.0,0.38402169942855835,0.18389203434931622,-0.00908243712884856,3.643484592437744
212992,36.19648781299475,0.007338054232381129,0.0926513671875,,,,,,,,0.0,0.3387627899646759,0.18377786262564544,-0.010080489566369758,3.246239423751831
221184,37.39402154099662,0.007857957617169105,0.09553223103284836,,,,,,,,0.0078125,0.44318342208862305,0.19552514196660672,-0.008932480652923422,3.0604403018951416
229376,38.55145592300687,0.00697992867975729,0.08354492485523224,,,,,,,,0.0,0.3864381015300751,0.1697734467446462,-0.008456925421987416,2.887021780014038
237568,39.73451185101294,0.008127538102812283,0.10410156100988388,,,,,,,,0.0078125,0.39838066697120667,0.16203426449201266,-0.010015407567944223,1.897558569908142
245760,40.91210355400108,0.0073449769126708924,0.09062500298023224,,,,,,,,0.0,0.4453714191913605,0.1697777305388637,-0.00742791914586316,2.9815168380737305
253952,42.10696803301107,0.007407796359862301,0.09132080525159836,,,,,,,,0.0,0.41019290685653687,0.16595936474950732,-0.008601995772960405,2.813507080078125
262144,43.26670956501039,0.010106492117035348,0.13645020127296448,0.0007991562623878012,0.21212082608123092,0.21108102485367897,333,217.91566952979724,48.900000000000006,nan,0.0078125,0.4687366187572479,0.16388855153453555,-0.011176940638758195,1.9031288623809814
270336,44.47236150200479,0.009312644094616178,0.12186279147863388,,,,,,,,0.0,0.46566447615623474,0.18805280945329214,-0.008197244306075314,2.446636915206909
278528,45.626189255999634,0.007105378431616244,0.08757324516773224,,,,,,,,0.0078125,0.4612118899822235,0.15747924681539388,-0.007298391262522682,1.6263830661773682
286720,46.78557701301179,0.009032014207086164,0.11734618991613388,,,,,,,,0.0,0.5142759680747986,0.17356921104032472,-0.007745202763446576,1.851527214050293
294912,47.92066434500157,0.0069946565313766616,0.08463134616613388,,,,,,,,0.0,0.4754127860069275,0.13339810911619748,-0.008071885230647561,2.180438756942749
303104,49.06160558000556,0.00929667090781205,0.11738281697034836,,,,,,,,0.0078125,0.5068647265434265,0.11634044642305556,-0.011466786416356643,1.0918337106704712
311296,50.20441197100445,0.0076997859298998245,0.09743652492761612,,,,,,,,0.0,0.5124732255935669,0.18149177674141756,-0.008396492047490775,1.6998716592788696
319488,51.3698126419913,0.006427459701556406,0.07961425930261612,,,,,,,,0.0,0.49536648392677307,0.16854543286666793,-0.008074761256283402,1.4853070974349976
327680,52.55094600399025,0.011117153818987105,0.14586181938648224,0.0006815743324263268,0.2176590029467358,0.21435838074032582,333,217.79349421022965,48.300000000000004,nan,0.0078125,0.5526353120803833,0.175135879971914,-0.007203984941399561,0.9368367195129395
335872,53.747501605015714,0.008191877581662252,0.10708007961511612,,,,,,,,0.0,0.533524751663208,0.18137598758580037,-0.007843208160189281,1.4739294052124023
344064,54.903369341016514,0.007077037459420999,0.08843994140625,,,,,,,,0.0078125,0.5484764575958252,0.15808862537289836,-0.007838080750426588,0.7137503027915955
352256,56.097780301002786,0.009764256459126755,0.12264404445886612,,,,,,,,0.0,0.5663372278213501,0.18586293150476396,-0.007145272355425962,1.319366455078125
360448,57.250807420990895,0.006896911463065938,0.08237304538488388,,,,,,,,0.0,0.5485573410987854,0.140109884481113,-0.006450666707245121,1.3500574827194214
368640,58.421113170013996,0.01038861610077689,0.1358642578125,,,,,,,,0.0078125,0.5752397179603577,0.12232411967631562,-0.00995023938936852,0.5894266963005066
376832,59.56663971499074,0.010265120279001722,0.1346435546875,,,,,,,,0.0,0.5669844150543213,0.1802110477208419,-0.0057874578856499746,0.9690004587173462
385024,60.7113546509936,0.009771821681021284,0.1275634765625,,,,,,,,0.0078125,0.5665525794029236,0.14022944090547002,-0.009724644541478073,0.6331343650817871
393216,61.88858250301564,0.013234653638453301,0.16916504502296448,0.0009796154225409914,0.21669680975539812,0.2141826191393459,333,217.8220947568852,21.450000000000003,nan,0.0,0.5866722464561462,0.20445355920928124,-0.00741233390155549,0.5334076285362244
401408,63.091338499012636,0.00949885167547812,0.12187500298023224,,,,,,,,0.0,0.5776468515396118,0.18043378289635076,-0.009124110365776273,0.5403251647949219
409600,64.25568645799649,0.009687643168005876,0.12260742485523224,,,,,,,,0.0078125,0.5952364802360535,0.17262420492037597,-0.010396164847605669,0.36184176802635193
417792,65.46352676898823,0.01018201798617881,0.13054199516773224,,,,,,,,0.0,0.5880544781684875,0.19756340779494005,-0.006763152968204471,0.6289932131767273
425984,66.63258995200158,0.008222728808560198,0.10764160007238388,,,,,,,,0.0,0.5804137587547302,0.1681714713627549,-0.00730470101689899,0.6066595315933228
434176,67.81320825600415,0.011211567488403601,0.14833985269069672,,,,,,,,0.0078125,0.6075189709663391,0.16846677760445697,-0.004694343017555598,0.35923925042152405
442368,68.97075776799466,0.009918094510105887,0.13005371391773224,,,,,,,,0.0,0.5996327996253967,0.19499046686097538,-0.007249534305066918,0.552064836025238
450560,70.13338825301616,0.00990715304393238,0.13138428330421448,,,,,,,,0.0078125,0.6086199879646301,0.18463307909756793,-0.007944851665580467,0.27066919207572937
458752,71.30147182001383,0.011367723201629943,0.14772950112819672,0.0011051847788104974,0.21500195503553213,0.21456873289852063,333,217.66665773136145,3.0,nan,0.0,0.6090364456176758,0.20279452630488062,-0.00786394234503676,0.33527645468711853
466944,72.55195365200052,0.008878065150209313,0.10859375447034836,,,,,,,,0.0,0.593428909778595,0.19031934357429187,-0.005866577672426071,0.5059022307395935
475136,73.72395480200066,0.01193881646884524,0.15476074814796448,,,,,,,,0.0078125,0.6151711940765381,0.18821841924881783,-0.008989633829368404,0.19932681322097778
483328,74.87067926098825,0.01053421991358222,0.14113770425319672,,,,,,,,0.0,0.6175435185432434,0.19100951160464413,-0.004106428496479879,0.2997422516345978
491520,76.02489235601388,0.009656715523274378,0.12850342690944672,,,,,,,,0.0078125,0.6181503534317017,0.17891965594500098,-0.006674210688245915,0.24891458451747894
499712,77.18537016501068,0.013744871669555504,0.18377685546875,,,,,,,,0.0,0.6276249289512634,0.19997873339907507,-0.0047590708158009205,0.2320411205291748
507904,78.33402687299531,0.010914851802529477,0.14635010063648224,,,,,,,,0.0,0.6233891844749451,0.17698041598286252,-0.004524048119751497,0.24957381188869476
516096,79.50253762298962,0.010456484377465606,0.14047852158546448,,,,,,,,0.0078125,0.6303859353065491,0.17475527269068034,-0.006480623840291859,0.12605836987495422
524288,80.66488267801469,0.010680911461991469,0.14234618842601776,0.0008119105726888121,0.21536414858622757,0.2145057717509688,333,217.84719838341272,4.2,nan,0.0,0.6305417418479919,0.206942016313528,-0.005227475027363905,0.11062135547399521
532480,81.89345356400008,0.009385876967690042,0.12786865234375,,,,,,,,0.0,0.6317474842071533,0.18501035464551766,-0.004085984631171979,0.11209359019994736
540672,83.23321187400143,0.011765912498753814,0.15623779594898224,,,,,,,,0.0078125,0.6387532949447632,0.18773597234812106,-0.004779863958957924,0.07828725874423981
548864,84.59365279000485,0.011549102070870829,0.14968262612819672,,,,,,,,0.0,0.6327704787254333,0.1865281427767243,-0.005077989972468201,0.11921510845422745
557056,85.76940700001433,0.009727848266276757,0.12993164360523224,,,,,,,,0.0078125,0.6395671367645264,0.1780518191378096,-0.0027892305961295795,0.08769702911376953
565248,87.05773353599943,0.01158444083228681,0.15781250596046448,,,,,,,,0.0,0.6405226588249207,0.19766804376763977,-0.003481672485476872,0.06529775261878967
573440,88.19424886000343,0.009590593869192763,0.12880860269069672,,,,,,,,0.0,0.6417730450630188,0.1904741209923056,-0.0040885591618965095,0.07314760982990265
581632,89.36004575100378,0.010750533411252712,0.14567871391773224,,,,,,,,0.0078125,0.6427155137062073,0.18582658842691974,-0.005558222206526367,0.05186554417014122
589824,90.5039882310084,0.013035899988530478,0.17427979409694672,0.000632038960513448,0.2156339590028161,0.21329037463073627,333,218.9059881408844,30.900000000000002,nan,0.0,0.6407375335693359,0.20163136861192793,-0.00446589515696591,0.058776237070560455
598016,91.74396920698928,0.008065735963430942,0.10480957478284836,,,,,,,,0.0078125,0.645690381526947,0.1913663281183245,-0.004037546935770807,0.07745885103940964
606208,92.902599707013,0.01212493607579533,0.16300049424171448,,,,,,,,0.0,0.642819344997406,0.19940111242358305,-0.005956438620317335,0.0572955384850502
614400,94.04647250298876,0.010635088597540893,0.14403076469898224,,,,,,,,0.0,0.6471246480941772,0.18432067756350762,-0.005516655258793091,0.061462368816137314
622592,95.24204546699184,0.012337671063937362,0.16563721001148224,,,,,,,,0.0078125,0.6511310935020447,0.17395965624460064,-0.002855828645692285,0.05230986699461937
630784,96.47602759799338,0.012719774199839435,0.1717529296875,,,,,,,,0.0,0.6471415758132935,0.2061194049353959,-0.0020012724552275966,0.027223093435168266
638976,97.49340914699133,0.009773720457386807,0.12996827065944672,,,,,,,,0.0,0.6515274047851562,0.1959556274715481,-0.0033428249587408388,0.07408284395933151
647168,98.54803585901391,0.01291672017385242,0.17336426675319672,,,,,,,,0.0078125,0.6482416987419128,0.1950351311337856,-0.0029848888148441446,0.02329801581799984
655360,99.54199144599261,0.014068251077363503,0.15546874701976776,0.00038693459490546367,0.21350944790448775,0.2106064472190956,333,219.67764712059812,49.35,nan,0.0,0.6464933753013611,0.17174941650071845,-0.008929306601090004,0.5279843807220459
663552,100.63334557900089,0.012267621921492798,0.10385742038488388,,,,,,,,0.0078125,0.6431974172592163,0.18087467756537037,-0.002623736946184218,0.5293465256690979
671744,101.66256717499346,0.013439645858364236,0.17994384467601776,,,,,,,,0.0,0.6490299701690674,0.20139799939882397,-0.000756858823916301,0.05003395304083824
679936,102.69131886999821,0.012804673233915037,0.17042236030101776,,,,,,,,0.0,0.6567237377166748,0.17508135474104267,-0.0010260253655473236,0.09160759299993515
688128,103.73897987199598,0.011707605271763993,0.15635986626148224,,,,,,,,0.0078125,0.6533428430557251,0.17349317204358417,-0.0037402361312371653,0.04658130928874016
696320,104.75065574698965,0.013304269164407587,0.17908935248851776,,,,,,,,0.0,0.6529859900474548,0.19853809306510128,-0.0011882112258000017,0.040624212473630905
704512,105.78016447499976,0.009953488510014867,0.1298828125,,,,,,,,0.0078125,0.6574896574020386,0.18947508472011357,-0.002992718893088689,0.20352211594581604
712704,106.8089835770079,0.01346277097791413,0.18189696967601776,,,,,,,,0.0,0.6510046720504761,0.20349047925263455,-0.0018628021413858596,0.022463520988821983
720896,107.84106718900148,0.012211213281862603,0.162841796875,0.000696302556809969,0.21128036192074676,0.2086428284599943,333,220.19733309918814,49.35,nan,0.0,0.6566511988639832,0.18742047635791043,-0.0013785994892034934,0.05284009128808975
729088,108.92126674900646,0.011223491578623741,0.14326171576976776,,,,,,,,0.0078125,0.6529351472854614,0.17602910838739247,-0.008173478755653042,0.5631105303764343
737280,109.94686313101556,0.012975055376418923,0.17401123046875,,,,,,,,0.0,0.6545359492301941,0.191971935565882,-0.0010426989667693743,0.03432716429233551
745472,110.976498094009,0.009800280239244943,0.13535156846046448,,,,,,,,0.0,0.6650296449661255,0.16519639183662557,-0.0051209861489249706,0.14943554997444153
753664,111.98784759399132,0.014771878198279333,0.20024414360523224,,,,,,,,0.0078125,0.6537327170372009,0.16483535683495432,-0.004735340588251229,0.03661265969276428
761856,113.00574445401435,0.01352378336735296,0.18394775688648224,,,,,,,,0.0,0.6619853973388672,0.1775448637417712,-0.003294318802822242,0.03241805359721184
770048,114.03243264200864,0.00946844954743982,0.12705078721046448,,,,,,,,0.0078125,0.666528582572937,0.14751331110376048,-0.002512597514826961,0.07447642832994461
778240,115.04894349700771,0.015226014756796774,0.20177002251148224,,,,,,,,0.0,0.6550900936126709,0.19575922884972202,3.3448739696012845e-05,0.013476520776748657
786432,116.05621081701247,0.01235713470015781,0.16605225205421448,0.0008661240083316368,0.204744468967846,0.20299535312196304,333,221.9505308845115,49.35,nan,0.0,0.6658442616462708,0.16575777185283633,-0.001134524192458689,0.0426725409924984
794624,117.12733580500935,0.012870001262914266,0.16171875596046448,,,,,,,,0.0078125,0.6550499796867371,0.14458519410787818,-0.006412364631439094,0.2964288294315338
802816,118.14477450901177,0.01308309575227431,0.17677001655101776,,,,,,,,0.0,0.6611422300338745,0.19501780516985287,-0.0013317101543266542,0.019698791205883026
811008,119.16065200700541,0.011592123956162145,0.15601806342601776,,,,,,,,0.0078125,0.6725688576698303,0.17852474684821398,-0.0026727265880222926,0.06324618309736252
819200,120.19374553801026,0.015201459002864277,0.19547119736671448,,,,,,,,0.0,0.6573097705841064,0.20085535730487059,-0.0010457576028641425,0.011525677517056465
827392,121.2142507309909,0.013615229376688485,0.18422852456569672,,,,,,,,0.0,0.6702936291694641,0.18371654708369642,-0.00022283733834712607,0.024679308757185936
835584,122.23656982099055,0.013619349399252058,0.17943115532398224,,,,,,,,0.0078125,0.6682220101356506,0.16478966870418676,-0.0019805472883479697,0.030142946168780327
843776,123.26465821100282,0.013611666526909226,0.18503418564796448,,,,,,,,0.0,0.6625760793685913,0.1870744189037747,-0.0022199925971600923,0.013482451438903809
851968,124.28827002999606,0.012061897111850461,0.14542236924171448,0.0008426210894737496,0.19969678317854878,0.1968078000257703,333,223.9385669808866,49.35,nan,0.0,0.6754940152168274,0.13843830060319154,-0.0055328169123618895,0.8513187766075134
860160,125.38084477899247,0.014705868100570117,0.18854980170726776,,,,,,,,0.0078125,0.6573193073272705,0.14380509694966057,-0.003374305591653551,0.0374925471842289
868352,126.45949538299465,0.01282025940114599,0.17362061142921448,,,,,,,,0.0,0.6716349124908447,0.18937998940764617,0.0009929822875036178,0.02338959462940693
876544,127.47059283501585,0.012209279175224713,0.16472168266773224,,,,,,,,0.0078125,0.677699863910675,0.17129296494866,-0.0018842586701789872,0.05536535382270813
884736,128.45784770901082,0.015028459822988283,0.19300536811351776,,,,,,,,0.0,0.662601113319397,0.1962129506538442,-0.00030691207216539026,0.010385294444859028
892928,129.4415230739978,0.015613123860872796,0.203125,,,,,,,,0.0,0.6812617778778076,0.17475850795960013,-0.00033794481934045894,0.03577934205532074
901120,130.4411434630165,0.014208177909106917,0.18886719644069672,,,,,,,,0.0078125,0.6673879623413086,0.16869110240755733,-0.004401424062462299,0.024181855842471123
909312,131.45006788801402,0.014407844697751493,0.19077149033546448,,,,,,,,0.0,0.6700030565261841,0.18393772187945348,0.0009030541758794325,0.012554952874779701
917504,132.45512582999072,0.011657523057142022,0.15529786050319672,0.00044095889453166226,0.19320382638032424,0.191265039680289,333,225.73118815735043,49.5,nan,0.0078125,0.688740611076355,0.16099388782546326,-0.003879034799440288,0.05585474893450737
925696,133.53634818000137,0.014890835917833216,0.19794921576976776,,,,,,,,0.0,0.6621926426887512,0.19848635800427572,-0.0004180499351190745,0.006763844285160303
933888,134.52657887298847,0.014852132690969917,0.19576416909694672,,,,,,,,0.0,0.6821097135543823,0.17551338329019556,-0.0001911829750086833,0.021858451887965202
942080,135.54273414699128,0.011001427173475796,0.12886963784694672,,,,,,,,0.0078125,0.6725416779518127,0.15432250974388775,-0.005966648118389564,1.042472004890442
950272,136.5551605639921,0.014077261129429176,0.18662109971046448,,,,,,,,0.0,0.670173168182373,0.18639191040607997,-0.0014818538309277621,0.015552657656371593
958464,137.56204382001306,0.011610581667812973,0.14786377549171448,,,,,,,,0.0,0.6925644874572754,0.14775951294447612,-0.004630536422368754,1.5276814699172974
966656,138.59358816800523,0.017971836174958507,0.22098389267921448,,,,,,,,0.0078125,0.6594695448875427,0.14352022627191688,-0.001667595450401761,0.15636901557445526
974848,139.60054143099114,0.01557551382031735,0.2056884765625,,,,,,,,0.0,0.6778507828712463,0.18576526591347675,0.0008265951226020092,0.02506348304450512
983040,140.59623508600635,0.013319459387740547,0.17147217690944672,0.00038128471741860626,0.1862414902431405,0.18437615060804186,333,227.45671107134257,49.5,nan,0.0078125,0.6838732361793518,0.15034665475322356,-0.002393161602454134,1.2475345134735107
991232,141.6847924850008,0.017311528848834287,0.22563476860523224,,,,,,,,0.0,0.6670591235160828,0.19432005608577393,0.0011448530886101471,0.007946598343551159
999424,142.69712904500193,0.015149605281940115,0.19926758110523224,,,,,,,,0.0,0.6933699250221252,0.1639940804689329,-0.003710136774981289,0.7922317385673523
1007616,143.720348931005,0.012366907843165145,0.15253905951976776,,,,,,,,0.0078125,0.6610752940177917,0.1393880643089424,-0.006347616930291785,0.9978397488594055
1015808,144.73593579098815,0.01777561890839379,0.22354736924171448,,,,,,,,0.0,0.6779186725616455,0.1777142961934206,2.6053000510612294e-05,0.022708579897880554
1024000,145.74238670399063,0.011511904442680285,0.15794678032398224,,,,,,,,0.0078125,0.702418327331543,0.15763300733387572,-0.002804123772479482,0.2682096064090729
1032192,146.78100408101454,0.017758025281151727,0.228515625,,,,,,,,0.0,0.665056049823761,0.19571048152738918,0.003828438433230877,0.006645836867392063
1040384,147.7998228429933,0.014651337809697249,0.19046631455421448,,,,,,,,0.0,0.6920674443244934,0.17650253784532235,-0.00027387322624630527,0.024062739685177803
1048576,148.82320323001477,0.013198166718979599,0.17557373642921448,0.0005651073501869996,0.18629540738808426,0.18447528452956852,333,227.75230145651028,49.35,nan,0.0078125,0.6882677674293518,0.15067631165551948,-0.002000511027235934,0.08051006495952606
1056768,149.87750949099427,0.01570325629246112,0.20427246391773224,,,,,,,,0.0,0.6730617880821228,0.19283819048494463,0.0003403216084161975,0.010050693526864052
1064960,150.87585985200712,0.013377150861835468,0.16940918564796448,,,,,,,,0.0,0.6953380703926086,0.15318562947925024,-0.007700745719136176,1.47186279296875
1073152,151.8929580319964,0.017410427748145014,0.21452637016773224,,,,,,,,0.0078125,0.6648815870285034,0.1593069348053564,-0.0038085984432104317,0.15310947597026825
1081344,152.90870318099041,0.015500048811682968,0.203857421875,,,,,,,,0.0,0.6891958713531494,0.17065458841995168,0.001882334966245814,0.028230000287294388
1089536,153.93258705799235,0.012966985101841877,0.15667724609375,,,,,,,,0.0078125,0.6936385631561279,0.14588180037691292,-0.003775126282808789,1.5249415636062622
1097728,154.95559085099376,0.01611321760207184,0.21342773735523224,,,,,,,,0.0,0.6686105728149414,0.19238621507821238,-0.00024836623870015147,0.009525049477815628
1105920,155.96456824999768,0.013889947861288394,0.18405762314796448,,,,,,,,0.0,0.6969119906425476,0.16015135428180058,-0.0033691417880996307,0.14966867864131927
1114112,157.05280468901037,0.013200681752595575,0.17268066108226776,0.00040861311536155576,0.18676770777984825,0.18481253165803824,333,227.74728604246474,49.35,nan,0.0078125,0.6745222210884094,0.15546704629357175,-0.0038263244902122895,0.7578642964363098
1122304,158.15146001399262,0.016670012016000248,0.21668700873851776,,,,,,,,0.0,0.6798322796821594,0.18196659829887554,-0.00016473389180654622,0.011959274299442768
1130496,159.15674253701582,0.014588902637271587,0.17171631753444672,,,,,,,,0.0078125,0.6958941221237183,0.14778860722855103,-0.0029450282642506883,1.3595255613327026
1138688,160.1826959559985,0.01554494822554608,0.20633545517921448,,,,,,,,0.0,0.6649253368377686,0.19462097812749782,0.0007716948216056198,0.006537166424095631
1146880,161.1906005429919,0.015650108220609773,0.19510498642921448,,,,,,,,0.0,0.6905063986778259,0.17324211545459495,-0.0028814252126143805,0.6430029273033142
1155072,162.20671202699305,0.015525075405371819,0.17216797173023224,,,,,,,,0.0078125,0.669572651386261,0.1523882199186985,-0.0058712784556018685,1.4658094644546509
1163264,163.20273295100196,0.021190575050441796,0.2538085877895355,,,,,,,,0.0,0.6750869154930115,0.19000940566855173,0.004586007315336615,0.013497858308255672
1171456,164.20142689999193,0.01451174790497603,0.17344971001148224,,,,,,,,0.0,0.7023577094078064,0.1524325656744169,-0.003990419149395319,0.97234708070755
1179648,165.22251779100043,0.01813991357405872,0.22581787407398224,0.000296714377425511,0.18518905138015068,0.1832365482145341,333,228.5978650774503,49.35,nan,0.0078125,0.6657624244689941,0.14545778363603765,-0.0023132807633614574,0.11776567995548248
1187840,166.2912775510049,0.016189536924539574,0.20827637612819672,,,,,,,,0.0,0.6858070492744446,0.1786413335843029,0.0004626587883939145,0.025111252442002296
1196032,167.29506153101102,0.01148856200328777,0.15545654296875,,,,,,,,0.0078125,0.6957409977912903,0.15839381278358924,-0.003175547414527937,0.16732190549373627
1204224,168.30536929599475,0.016163889658686044,0.21126709878444672,,,,,,,,0.0,0.6695249676704407,0.19584333006241522,0.0018853003837260526,0.00653203297406435
1212416,169.31566653199843,0.013205676646674575,0.17869873344898224,,,,,,,,0.0,0.6970055103302002,0.16725911497325607,-0.0012292919095184878,0.03584933653473854
1220608,170.32288697900367,0.01497010046546099,0.19709472358226776,,,,,,,,0.0078125,0.6779304146766663,0.16119695897447506,-0.002601335488384579,0.03163306787610054
1228800,171.3401126539975,0.014366703102672955,0.18801270425319672,,,,,,,,0.0,0.6816481351852417,0.18518026409937954,0.0014442576385378372,0.012023977935314178
1236992,172.3530090150016,0.01781030142383014,0.15283203125,,,,,,,,0.0078125,0.7005137205123901,0.16102150039578772,-0.006508473327500335,1.0434988737106323
1245184,173.35699745299644,0.015039063655056195,0.19943848252296448,0.0004032308925213668,0.18125840469332632,0.17947658827128357,333,230.0118749792199,49.35,nan,0.0,0.6675800085067749,0.1916666752324351,0.0010741943039328545,0.006193835288286209
1253376,174.43086535201292,0.014377492323823769,0.19573974609375,,,,,,,,0.0,0.698539674282074,0.1639598119395655,-0.0035917103878715137,0.022292325273156166
1261568,175.45349447699846,0.013255368561023965,0.16597901284694672,,,,,,,,0.0078125,0.68304443359375,0.15384023450722792,-0.006094827356686096,1.379460096359253
1269760,176.46975389201543,0.01630322693978279,0.21124267578125,,,,,,,,0.0,0.6803361177444458,0.1857024787807297,0.0012569735764259675,0.012354956939816475
1277952,177.46601978701074,0.01595139495514932,0.20058594644069672,,,,,,,,0.0,0.7167686223983765,0.16008085256850763,-0.00593629983552519,0.7023114562034607
1286144,178.48773433599854,0.016947842055507017,0.21116943657398224,,,,,,,,0.0078125,0.6727023124694824,0.15610587938020468,-0.001659485798778275,0.04677751287817955
1294336,179.47162480899715,0.016361791406213144,0.212158203125,,,,,,,,0.0,0.6973699927330017,0.1725530411761706,-0.0015902584495639728,0.021192064508795738
1302528,180.49111434599035,0.013598390780419864,0.16330567002296448,,,,,,,,0.0078125,0.7041563391685486,0.148447297573457,-0.005733526703917115,1.5076744556427002
1310720,181.51611383800628,0.016050112980214404,0.20675049722194672,0.0027242800908487963,0.1707075082689792,0.17023409285769014,333,232.3573683140374,49.5,nan,0.0,0.6765077710151672,0.18120164895458327,0.0035462913232413087,0.012731090188026428
1318912,182.5971480080043,0.02673917489325353,0.18455810844898224,,,,,,,,0.0,0.7009673118591309,0.15063795218586312,-0.009025007168185785,3.071310043334961
1327104,183.60129709300236,0.01567983409235918,0.16188965737819672,,,,,,,,0.0078125,0.6499122977256775,0.14536926413698334,-0.0018074079883635494,4.066522121429443
1335296,184.60088141998858,0.017777574082233846,0.22060547769069672,,,,,,,,0.0,0.6934056282043457,0.16336593290106882,0.0023345372738662194,0.02664041519165039
1343488,185.6057279589877,0.01413043202908465,0.16829834878444672,,,,,,,,0.0078125,0.7015657424926758,0.14480593065673478,-0.00616857228481554,5.030426025390625
1351680,186.6712716940092,0.017393474421591996,0.221923828125,,,,,,,,0.0,0.6703082323074341,0.18991286497523646,0.002188815973477234,0.013654440641403198
1359872,187.7358980489953,0.016872447515085803,0.21457520127296448,,,,,,,,0.0,0.707037627696991,0.15792657495564727,0.001033366947740641,0.07694064825773239
1368064,188.73492805100977,0.013926004132139822,0.18116454780101776,,,,,,,,0.0078125,0.6975982189178467,0.140865395091634,-0.0024667096537583436,1.1439114809036255
1376256,189.73942903400166,0.01958067046284695,0.23764649033546448,0.00582263130631433,0.17698887553254763,0.1735305183034535,333,231.98926845039688,49.35,nan,0.0,0.684196949005127,0.1747525970201623,0.0030140329018733024,0.01942349784076214
1384448,190.8237858049979,0.046643498504052305,0.15694580972194672,,,,,,,,0.0,0.6994181871414185,0.14524252632748466,-0.007749480399765484,4.877035617828369
1392640,191.83125106300577,0.017545864593250058,0.21068115532398224,,,,,,,,0.0078125,0.6689380407333374,0.14349268676385302,-0.0012488719309514023,0.5295304656028748
1400832,192.83751423601643,0.017324822827694698,0.2216796875,,,,,,,,0.0,0.6987558007240295,0.16720263746390987,0.0017749855562197278,0.050124406814575195
1409024,193.85071461601183,0.014608230921721017,0.19251708686351776,,,,,,,,0.0078125,0.7141969799995422,0.1468947883944755,0.00011238829510760474,0.12758462131023407
1417216,194.86634228299954,0.016590791597485912,0.21115723252296448,,,,,,,,0.0,0.6758537888526917,0.19249568234890044,0.0013299796722333567,0.007954590022563934
1425408,195.87038383999607,0.01591986188737592,0.20375977456569672,,,,,,,,0.0,0.7142723202705383,0.16563479829436462,0.0013172073310565094,0.04404733330011368
1433600,196.88733813501312,0.014415167409827801,0.18856202065944672,,,,,,,,0.0078125,0.6886306405067444,0.15241577057864056,-0.0024398850826856315,0.051793958991765976
1441792,197.90085043100407,0.016470604187506323,0.21364746987819672,0.0007065876333398613,0.17344820660540913,0.1705074012054865,333,232.4928068569012,49.2,nan,0.0,0.690711498260498,0.17729059460133612,-0.001326366621654541,0.011305299587547779
1449984,198.99480666400632,0.014092875428967984,0.18536376953125,,,,,,,,0.0078125,0.7273423671722412,0.1425040028974855,-0.0030680644961824186,0.1072269082069397
1458176,199.9989524279954,0.019907358247801044,0.24771729111671448,,,,,,,,0.0,0.6701239347457886,0.1912418524587316,0.0006194461672940291,0.004223331343382597
1466368,201.01876357401488,0.01590787879585219,0.20368652045726776,,,,,,,,0.0,0.7065703868865967,0.16694962738662703,0.0015204917898875127,0.021082142367959023
1474560,202.0142309940129,0.014045484443852941,0.18104247748851776,,,,,,,,0.0078125,0.7011452317237854,0.15339114057178213,-0.00298217074408425,0.3198492228984833
1482752,203.0284400260134,0.017766275292853812,0.22658692300319672,,,,,,,,0.0,0.6847118735313416,0.17772036125736893,-0.00023706412996367545,0.008198555558919907
1490944,204.04735209300998,0.019753442360588833,0.16582031548023224,,,,,,,,0.0,0.6946346759796143,0.1503805244541135,-0.006131640945538433,6.728414058685303
1499136,205.216809458012,0.01440864526504071,0.17337647080421448,,,,,,,,0.0078125,0.6594662070274353,0.14344771079353927,-0.0007526617791273312,0.8431329727172852
1507328,206.3506023020018,0.016724708815195218,0.21121826767921448,0.0035033005319299315,0.17035648418882388,0.1681652727447497,333,233.81525018989598,49.35,nan,0.0,0.7043479681015015,0.1408629206480597,-0.0012227953717855085,0.14484207332134247
1515520,207.4768570479937,0.01530361363748739,0.14826659858226776,,,,,,,,0.0078125,0.6807774305343628,0.14284669717239756,-0.00820584317706769,5.054603576660156
1523712,208.67182140800287,0.01881071138294396,0.23157958686351776,,,,,,,,0.0,0.6777435541152954,0.18927002783201127,0.0008456136695791683,0.017989305779337883
1531904,209.65561862799223,0.01811332013553359,0.21787109971046448,,,,,,,,0.0,0.7114876508712769,0.15986653186755057,-0.005727999466385394,3.7341020107269287
1540096,210.6439037300006,0.01778545663558424,0.16794434189796448,,,,,,,,0.0078125,0.6675885915756226,0.13924913920783405,-0.006044157327958415,2.05181884765625
1548288,211.6755440130073,0.017992311752112706,0.21739502251148224,,,,,,,,0.0,0.692999005317688,0.16277523012795742,0.0021156219000166543,0.04249751567840576
1556480,212.685925769998,0.01459191419711024,0.17182616889476776,,,,,,,,0.0078125,0.7223605513572693,0.14969526159895347,-0.0041366888149426155,1.9788862466812134
1564672,213.7021258129971,0.015340589302687982,0.19698487222194672,,,,,,,,0.0,0.6692519187927246,0.19540703352051286,0.0025136555276870642,0.014772321097552776
1572864,214.70146684200154,0.017117676123003994,0.22108153998851776,0.0013566299371664536,0.16976679375374934,0.16841090038827403,333,232.80447268308797,49.35,nan,0.0,0.7044994831085205,0.17191909233101774,-0.0032577032286251572,0.06795521080493927
1581056,215.81395900200005,0.014587506908831888,0.17777100205421448,,,,,,,,0.0078125,0.6921499371528625,0.15746354391395853,-0.006027788653180595,1.7909024953842163
1589248,216.83331769998767,0.018552600978699176,0.22572021186351776,,,,,,,,0.0,0.6829397082328796,0.18650673066309315,0.0005291527403343066,0.01676865667104721
1597440,217.9468044140085,0.0194593693200958,0.23027344048023224,,,,,,,,0.0,0.7247115969657898,0.14741252023270088,-8.730900072945307e-05,0.7818446159362793
1605632,218.98186779301614,0.022778310189141934,0.26362305879592896,,,,,,,,0.0078125,0.6757971048355103,0.12480358397605786,-0.0032145073052821924,0.07406926155090332
1613824,219.98978554000496,0.01731599495566688,0.22163085639476776,,,,,,,,0.0,0.6965442895889282,0.17051046027214248,0.0012427365001670704,0.025978196412324905
1622016,220.99328692699783,0.017645205740442517,0.21003417670726776,,,,,,,,0.0078125,0.7098830938339233,0.14137704821617939,-0.004104583904241917,0.3668181598186493
1630208,222.0211520580051,0.017068266934290668,0.21878662705421448,,,,,,,,0.0,0.677180826663971,0.18958606611520384,0.002301707925364063,0.00775391748175025
1638400,223.03614624700276,0.027171452823666023,0.20065918564796448,0.0004102234302347796,0.17315703926660536,0.17122659087680564,333,232.52752806686865,49.35,nan,0.0,0.7026113867759705,0.16182899140657409,-0.00690718420293594,3.4713895320892334
1646592,224.14432499199756,0.01604141361672644,0.17972412705421448,,,,,,,,0.0078125,0.6781731843948364,0.1556681368541651,-0.006621028646579131,0.7976533770561218
1654784,225.1588496589975,0.0191263829401239,0.23503418266773224,,,,,,,,0.0,0.6886292695999146,0.1819771655340309,0.00259497179714647,0.017021317034959793
1662976,226.18424864701228,0.013153596117227308,0.17227783799171448,,,,,,,,0.0078125,0.7223029732704163,0.15647560459015816,-5.293572720115551e-05,0.11774690449237823
1671168,227.19846132400562,0.0187799508843953,0.23579101264476776,,,,,,,,0.0,0.6704376935958862,0.19479719032345666,0.00324384069017801,0.006096701603382826
1679360,228.21045471800608,0.016716717688752752,0.20969238877296448,,,,,,,,0.0,0.7066029906272888,0.1710328979560774,-0.00048721435024420265,0.026194890961050987
1687552,229.2555623720109,0.01610344893204717,0.16556397080421448,,,,,,,,0.0078125,0.6941899061203003,0.14196729913977335,-0.0030461122084376457,1.174204707145691
1695744,230.3023792479944,0.017055540314282053,0.21541748940944672,,,,,,,,0.0,0.6832108497619629,0.18473617052348829,0.001239234548072719,0.009912091307342052
1703936,231.3357661520131,0.014507856292212424,0.19431152939796448,0.00015960157882699555,0.1714318506385927,0.1690290712904195,333,233.01660973355638,49.5,nan,0.0,0.7262070775032043,0.15632462688727275,-0.00212788494056157,0.10857083648443222
1712128,232.45146161899902,0.017059667312569086,0.20622558891773224,,,,,,,,0.0078125,0.6738234162330627,0.15214164694233107,-0.0017930589288216272,0.20289216935634613
1720320,233.44398544199066,0.016587506405384474,0.21408692002296448,,,,,,,,0.0,0.6995044946670532,0.17557544296602443,0.0010342488752578302,0.023126905784010887
1728512,234.46958689799067,0.015786442607535096,0.19936524331569672,,,,,,,,0.0078125,0.7182888984680176,0.14641645054504263,-0.0017689380083700324,0.08018280565738678
1736704,235.49439437699039,0.017540980757848778,0.222412109375,,,,,,,,0.0,0.677733302116394,0.19090141462144863,-6.3290026272133695e-06,0.005395273212343454
1744896,236.4861679589958,0.016058848993747977,0.20269775390625,,,,,,,,0.0,0.7158353328704834,0.16599994326345135,0.000695068825698955,0.027631452307105064
1753088,237.48296290499275,0.01676531380827278,0.20791016519069672,,,,,,,,0.0078125,0.6915615200996399,0.14174021111588034,-0.0021615172105813123,0.031077509745955467
1761280,238.49704299899167,0.018299202160421243,0.22926025092601776,,,,,,,,0.0,0.6932554244995117,0.15964753258310985,-0.000411399765774426,0.014652120880782604
1769472,239.4971183160087,0.011474457075715226,0.15501709282398224,0.0008541370553649674,0.17150023412713522,0.16854643089519655,333,234.16585459620535,49.5,nan,0.0078125,0.7302863597869873,0.10853820583501554,-0.004174734744151887,0.0701712891459465
1777664,240.60317611100618,0.016380812118982686,0.20703125,,,,,,,,0.0,0.6731460690498352,0.19004015813053274,0.0009051379020892887,0.0038114122580736876
1785856,241.6183365889883,0.01487235505064129,0.19243164360523224,,,,,,,,0.0,0.7140012979507446,0.1617667863398553,0.00018020237123342938,0.019866928458213806
1794048,242.65157059699413,0.016975890429209668,0.15999756753444672,,,,,,,,0.0078125,0.701464056968689,0.1405747950365446,-0.004166577373839142,1.0573015213012695
1802240,243.65846170199802,0.016579319965184015,0.20828858017921448,,,,,,,,0.0,0.6894732713699341,0.18002533310551844,0.00036442228685102166,0.01024371013045311
1810432,244.68386801399174,0.018137165144678075,0.17229004204273224,,,,,,,,0.0,0.6849893927574158,0.14041368190381445,-0.0013728646551942891,9.345824241638184
1818624,245.69453417899786,0.017300687176374865,0.20036621391773224,,,,,,,,0.0078125,0.6647576093673706,0.13597653383347333,0.0010294779266726915,1.2027924060821533
1826816,246.6927310260071,0.01599253975773851,0.18525390326976776,,,,,,,,0.0,0.6845584511756897,0.15537949307891358,-0.00797737258253881,10.210420608520508
1835008,247.8262991119991,0.00904086511723195,0.10831298679113388,0.0017760726279424377,0.16666434412258754,0.16333365613530737,333,235.72342972819598,49.35,nan,0.0078125,0.6163308620452881,0.11388775682683039,-0.0059924545092947985,24.329343795776367
1843200,248.95061833801446,0.02174890392315031,0.25518798828125,,,,,,,,0.0,0.6825146079063416,0.16686623001856016,0.004122411340129763,0.15481983125209808
1851392,249.93999492601142,0.015428576242333382,0.17375488579273224,,,,,,,,0.0,0.7168535590171814,0.14322659329526863,-0.007483287960404092,6.368592262268066
1859584,250.95619163601077,0.016700045404082414,0.2032470703125,,,,,,,,0.0078125,0.6802677512168884,0.13890368797635086,-0.0010393942765462912,1.609544038772583
1867776,251.9634416869958,0.01902086078973877,0.23406982421875,,,,,,,,0.0,0.7007108926773071,0.1706764008128395,0.0006188024749431729,0.07439296692609787
1875968,252.96983750001527,0.013942051227693444,0.16649170219898224,,,,,,,,0.0078125,0.7094361186027527,0.12540564861880177,-0.006784885307473918,12.310373306274414
1884160,253.98438179399818,0.022300361439763213,0.25738525390625,,,,,,,,0.0,0.6750599145889282,0.1834020025753716,0.006155137282429727,0.032883744686841965
1892352,254.985816068016,0.018399801873063087,0.22510986030101776,,,,,,,,0.0,0.7209070920944214,0.1504189276213251,0.0005718256300697246,0.09302651882171631
1900544,255.9981060360151,0.014714977045280337,0.17531739175319672,0.0018359195434334286,0.1654681852657029,0.1633478402400582,333,235.5661204815347,49.35,nan,0.0078125,0.7019152641296387,0.13182196110251118,-0.002425013411106073,3.361441135406494
1908736,257.1013222869951,0.023434350967860527,0.27202150225639343,,,,,,,,0.0,0.6894656419754028,0.17771764456063344,0.002275872180887355,0.031956057995557785
1916928,258.120486247004,0.013592219045180754,0.17718505859375,,,,,,,,0.0,0.7379591464996338,0.14630469901824478,-0.0019741084363456376,0.1769038289785385
1925120,259.13260949301184,0.018890031472103257,0.23375244438648224,,,,,,,,0.0078125,0.6833089590072632,0.14243340939555274,-0.0017579868797753186,0.05658407136797905
1933312,260.1734722609981,0.024772081574662094,0.27180176973342896,,,,,,,,0.0,0.7085844278335571,0.1532071284858904,-0.00012442613069455603,2.716257095336914
1941504,261.44290051501594,0.014923999953142204,0.14748536050319672,,,,,,,,0.0078125,0.69942706823349,0.14383777088046829,-0.004139396136243525,2.8188540935516357
1949696,262.47910775701166,0.02115231514833267,0.2545410096645355,,,,,,,,0.0,0.6819899678230286,0.18621944263088586,0.003036981877205706,0.022820185869932175
1957888,263.6575346449972,0.017525806247357372,0.21479491889476776,,,,,,,,0.0,0.7261932492256165,0.15598131604680793,0.002524450478965011,0.14719779789447784
1966080,264.6587978999887,0.016381148894668157,0.20465087890625,0.0014506082589832436,0.16006864533086856,0.15913596191867713,333,237.5132333986956,49.35,nan,0.0078125,0.6989651918411255,0.14531243855149323,-0.002453980240260884,0.1476723998785019
1974272,265.7596080620133,0.019297333221060822,0.23653565347194672,,,,,,,,0.0,0.7010934352874756,0.1725176361238462,0.0003770213535207144,0.02764039672911167
1982464,266.7689519439882,0.022153804887217556,0.1806640625,,,,,,,,0.0078125,0.7356938719749451,0.12893459807825364,-0.005360840374309524,5.162261962890625
1990656,267.7895682149974,0.020468656416142907,0.24205322563648224,,,,,,,,0.0,0.6759790182113647,0.18456259843991824,0.003050075799104567,0.01807660423219204
1998848,268.7783478109923,0.01953706302309753,0.22597657144069672,,,,,,,,0.0,0.7192350625991821,0.13306761326601796,-0.0007280637633805498,5.447270393371582
2007040,269.795082667988,0.016293829080849156,0.18117676675319672,,,,,,,,0.0078125,0.6819653511047363,0.12433186073639546,-0.0041120143554358715,4.9727067947387695
2015232,270.8045687190024,0.019887538400961358,0.24512939155101776,,,,,,,,0.0,0.6910034418106079,0.17632475396326436,0.001639940825311638,0.04198018088936806
2023424,271.7965471810021,0.018354328810549516,0.22501221299171448,,,,,,,,0.0,0.7435938715934753,0.144297461844558,0.0015795513134040408,0.20281730592250824
2031616,272.8125338359969,0.019640737293050173,0.23800049722194672,0.0022042665767370018,0.16181637012828065,0.15875754478453757,333,237.15768409707707,49.35,nan,0.0078125,0.6862330436706543,0.13899720161635823,-0.0003463993904482975,0.05465657636523247
2039808,273.9229084799881,0.018853916768188185,0.23394775390625,,,,,,,,0.0,0.7107195258140564,0.1666574021665777,-0.0007598874301844617,0.03058878891170025
2048000,274.91739821399096,0.014825380337420061,0.19041748344898224,,,,,,,,0.0078125,0.7370460629463196,0.13811719077748577,8.713802594131869e-05,0.09970114380121231
2056192,275.9350124449993,0.017506858656043355,0.22061768174171448,,,,,,,,0.0,0.6831194162368774,0.18196446930472213,-0.001023129256656163,0.010387113317847252
2064384,276.9475558779959,0.016021525873394244,0.21146240830421448,,,,,,,,0.0,0.731763482093811,0.15310848881978772,0.0007049351072294307,0.04287882149219513
2072576,278.05941922200145,0.017199977762088568,0.21979980170726776,,,,,,,,0.0078125,0.7043945789337158,0.1420435111848899,-0.002347918338233653,0.06681976467370987
2080768,279.102947612002,0.0192697611983979,0.23691406846046448,,,,,,,,0.0,0.7047008872032166,0.16668325803014433,0.0011605606672223695,0.018167033791542053
2088960,280.124055947992,0.017697635020621185,0.20173339545726776,,,,,,,,0.0078125,0.7230486869812012,0.11608806843890823,-0.005175574352674586,9.416199684143066
2097152,281.1367828620132,0.018350342015880677,0.22482910752296448,0.001637059426829901,0.1576525404107089,0.1556845156496299,333,238.81617725289712,49.35,nan,0.0,0.6767116785049438,0.1551566057952049,-0.00016337485464708204,0.04501207917928696
2105344,282.2312497450039,0.015986289832496833,0.197509765625,,,,,,,,0.0,0.7208144068717957,0.12450114786978718,-0.004273541178727904,3.812692403793335
2113536,283.2470386479981,0.03151458228896997,0.17202149331569672,,,,,,,,0.0078125,0.6930941939353943,0.1323933290508003,-0.005018570200008698,3.001972198486328
2121728,284.2575481419917,0.020926958533225754,0.25159913301467896,,,,,,,,0.0,0.6925287842750549,0.1718317480950972,0.003418965392580603,0.022485563531517982
2129920,285.27268141999957,0.01848087729422623,0.22321777045726776,,,,,,,,0.0,0.7454378604888916,0.13078581613706616,0.0033112134160934595,0.3363379240036011
2138112,286.29324745800113,0.02208238710944435,0.22563476860523224,,,,,,,,0.0078125,0.6829125285148621,0.12943593519673294,-0.0035660834769661817,0.15993358194828033
2146304,287.28760397600126,0.022729812220934342,0.2611083984375,,,,,,,,0.0,0.7120804190635681,0.1571933831301498,0.0007506516060550294,0.05292966961860657
2154496,288.2937626169878,0.018897364297047494,0.20924071967601776,,,,,,,,0.0078125,0.7263582944869995,0.12419330452417755,-0.004620944266583811,3.2110626697540283
2162688,289.30105196801014,0.019513367897220028,0.24333496391773224,0.0007583740804041339,0.1523998391526335,0.15086566397866624,333,240.27086287495413,49.35,nan,0.0,0.6850117444992065,0.17990088450675876,0.004349840485708387,0.009509946219623089
2170880,290.44059250099235,0.01835972966027404,0.23350830376148224,,,,,,,,0.0,0.7379301190376282,0.14685706247240973,-0.0020784871736641503,0.5525984764099121
2179072,291.47913978400175,0.020335887500524202,0.22868652641773224,,,,,,,,0.0078125,0.6840550899505615,0.12877229325725098,-0.0002455644119519162,4.803928852081299
2187264,292.5024469459895,0.021187157591805974,0.23476563394069672,,,,,,,,0.0,0.6968259811401367,0.14540633509972553,-0.004409163076893508,6.803244113922119
2195456,293.4900200839911,0.012955497729903504,0.128173828125,,,,,,,,0.0078125,0.5886762142181396,0.11356213918541704,-0.00410812423403017,23.07682228088379
2203648,294.4977702210017,0.02321575527346806,0.26678466796875,,,,,,,,0.0,0.6780414581298828,0.18230085992997452,0.00678805065340207,0.14858078956604004
2211840,295.47337670301204,0.018991072478244986,0.23220215737819672,,,,,,,,0.0,0.7320541739463806,0.12998225596644766,0.0005674470557511162,0.8660029768943787
2220032,296.49743152200244,0.017098225022696256,0.17451171576976776,,,,,,,,0.0078125,0.6525994539260864,0.12233785037099643,-0.002330550083369154,11.667579650878906
2228224,297.5432854820101,0.04432767221043445,0.23011474311351776,0.0006308422524151647,0.15392205788970403,0.1514932517732493,333,240.17394034336593,49.35,nan,0.0,0.6614698171615601,0.16877874450815838,-0.0010129675703453385,11.53779411315918
2236416,298.6605517400021,0.01638582105907744,0.15390625596046448,,,,,,,,0.0,0.6622422337532043,0.13869161801905353,-0.006187625606779962,18.18718910217285
2244608,299.6819564170146,0.023223616810931123,0.24678955972194672,,,,,,,,0.0078125,0.655189037322998,0.1337520669060827,0.002260734816738435,2.3772735595703125
2252800,300.68193735700333,0.026327611719861713,0.29493409395217896,,,,,,,,0.0,0.7155026197433472,0.15633499995566386,0.0031291715566147296,0.27791067957878113
2260992,301.70275206898805,0.015182515176120771,0.19101563096046448,,,,,,,,0.0078125,0.7124898433685303,0.1274454963733278,-0.0036889762569394693,6.599389553070068
2269184,302.7193009949988,0.02257690506280502,0.26123046875,,,,,,,,0.0,0.6848728656768799,0.18053669787924487,0.004082227962123021,0.1082228422164917
2277376,303.71612931700656,0.020158067121176126,0.24702148139476776,,,,,,,,0.0,0.7371912002563477,0.14358746340060632,-2.5113409100345314e-05,1.014070749282837
2285568,304.73875170599786,0.02337372467923642,0.21882323920726776,,,,,,,,0.0078125,0.683154821395874,0.13522502241482778,-0.0012255628473758643,1.2600802183151245
2293760,305.74884497301537,0.022189255650675515,0.261474609375,0.0011217185621616999,0.15510040934567235,0.1511763234787995,333,240.5064868823906,49.35,nan,0.0,0.706159234046936,0.16799716977894952,0.0030176470769002484,0.08805684745311737
2301952,306.8637161090155,0.016045664497777473,0.18822021782398224,,,,,,,,0.0078125,0.7423099875450134,0.11960601125072325,-0.004687271296288951,2.9732844829559326
2310144,307.8964210830163,0.02252200699271072,0.2672119140625,,,,,,,,0.0,0.6775542497634888,0.17778381748924493,0.0024805766671315886,0.04186403378844261
2318336,309.0570755689987,0.018201960187670813,0.22574463486671448,,,,,,,,0.0,0.7292744517326355,0.13989225448331316,-0.003880348933174342,1.574419617652893
2326528,310.0728726480156,0.059718279622555784,0.22919921576976776,,,,,,,,0.0078125,0.6987046003341675,0.13976205227751398,-0.007408232192151035,2.9140384197235107
2334720,311.07849954400444,0.025000704839454192,0.27794191241264343,,,,,,,,0.0,0.6962844729423523,0.16703151474529992,0.002874252351237975,0.03960685431957245
2342912,312.0948398000037,0.01781859340807627,0.22133789956569672,,,,,,,,0.0,0.7529090642929077,0.133446817931151,0.00190321981453623,0.2655295431613922
2351104,313.10250343498774,0.029581020707114172,0.22923584282398224,,,,,,,,0.0078125,0.6808106899261475,0.1272346964341078,-0.006921164106812084,0.5030941367149353
2359296,314.1121181480121,0.02690966842613537,0.28399658203125,0.00011171422096689643,0.1445218892776278,0.14236415902306193,333,243.59101059870326,49.35,nan,0.0,0.7205694317817688,0.1622615458697639,0.0002487734528529682,2.8999855518341064
2367488,315.2020622009877,0.01761859223730312,0.18850098550319672,,,,,,,,0.0078125,0.7118325233459473,0.12999315711127218,-0.007396988672635206,6.03657865524292
2375680,316.2026613439957,0.04270089292954768,0.31761476397514343,,,,,,,,0.0,0.6747398376464844,0.1660030036499726,0.007676969609833159,12.179104804992676
2383872,317.20695152599365,0.111912740036287,0.18947754800319672,,,,,,,,0.0,0.6904975771903992,0.1369227699825529,-0.01201254567064201,12.773481369018555
2392064,318.2347403540043,0.013947728663716984,0.17059326171875,,,,,,,,0.0078125,0.5894032716751099,0.12172513906995691,-0.007749357489407603,37.3758544921875
2400256,319.2212558409956,0.018715604003423557,0.20803223550319672,,,,,,,,0.0,0.6432138681411743,0.14126839286541126,-0.006016859551735392,30.249311447143555
2408448,320.23816780900233,0.016098011474905867,0.146728515625,,,,,,,,0.0078125,0.4119880199432373,0.11038700161906169,-0.004923039433903403,49.798580169677734
2416640,321.2554352009902,0.03217005818299769,0.3243774473667145,,,,,,,,0.0,0.6785246133804321,0.18235724025916897,0.011228885726335451,0.9453846216201782
2424832,322.27440776801086,0.02311363486435974,0.2671264708042145,0.001403407320456851,0.15608086478892721,0.1527601865385662,333,240.62328946553697,49.35,nan,0.0,0.7342577576637268,0.1435062162166209,0.004975907464924084,0.27254489064216614
2433024,323.386232682009,0.020892722890350386,0.22174072265625,,,,,,,,0.0078125,0.7154632210731506,0.13054912757716255,-0.002313802222976578,2.8174474239349365
2441216,324.39444820099743,0.024745112331373692,0.2820678651332855,,,,,,,,0.0,0.6976076364517212,0.17289642927043308,0.002177043914540202,0.04286594316363335
2449408,325.4233312360011,0.019317926759192368,0.20601807534694672,,,,,,,,0.0,0.7351836562156677,0.1389453708067394,-0.0053087302352643325,4.755369186401367
2457600,326.4585329150141,0.044615678669935974,0.24409179389476776,,,,,,,,0.0078125,0.6677460074424744,0.13382520995774913,0.020318544696655068,1.2047818899154663
2465792,327.4704503919929,0.022614066041217254,0.2615722715854645,,,,,,,,0.0,0.7191579341888428,0.15319313999399528,0.0037236087893526976,0.08508729934692383
2473984,328.4926763479889,0.015238907256100932,0.18905030190944672,,,,,,,,0.0078125,0.741247296333313,0.1219453711701353,-0.005153368107907798,2.1999690532684326
2482176,329.5062036050076,0.020968486149301364,0.25250244140625,,,,,,,,0.0,0.6855281591415405,0.1828700138064931,0.00273842733243237,0.05036838725209236
2490368,330.5204839629878,0.016530210063605055,0.20726318657398224,0.0026921838659594854,0.15659951531014288,0.15644974842293718,333,239.29074883479865,49.35,nan,0.0,0.7393141388893127,0.14797642190988589,4.9415584255832354e-05,0.32173284888267517
2498560,331.6803142130084,0.021915100871654044,0.24240723252296448,,,,,,,,0.0078125,0.7076194286346436,0.1382523274175614,-0.00037104070602156077,0.4952507019042969
2506752,332.7073184720066,0.01926673836608806,0.23842774331569672,,,,,,,,0.0,0.703276515007019,0.1737231984263587,8.443110354242528e-05,0.03222902491688728
2514944,333.7209264659905,0.016283862203610305,0.20869140326976776,,,,,,,,0.0078125,0.756951093673706,0.13473066110804885,-0.003206901894539696,0.21562805771827698
2523136,334.74348432701663,0.017383580714220716,0.21365967392921448,,,,,,,,0.0,0.673995316028595,0.1912815271866472,0.0014544804989507394,0.021659323945641518
2531328,335.75200885900995,0.015565304002771691,0.20008544623851776,,,,,,,,0.0,0.7185305953025818,0.16284972593455715,7.963733588046626e-05,0.037995822727680206
2539520,336.7876337619964,0.0158715698033023,0.20379638671875,,,,,,,,0.0078125,0.7214818000793457,0.14403830053060704,-2.456338688577248e-05,0.06199277564883232
2547712,337.8175518659991,0.016269137349912817,0.20614014565944672,,,,,,,,0.0,0.6925618648529053,0.18043816339663948,0.0013533973823342763,0.010636004619300365
2555904,338.91940027300734,0.015033536189501602,0.19704590737819672,0.0011716262092298368,0.15308283234536257,0.1523615076678259,333,240.3756243306757,49.5,nan,0.0,0.746759831905365,0.1460911354068727,0.000436261799366367,0.05493887886404991
2564096,340.1043916459894,0.023594546158236345,0.22066651284694672,,,,,,,,0.0078125,0.6895937919616699,0.14114058711640812,-0.005518523275404689,0.095342718064785
2572288,341.12051913701,0.018382835445687445,0.22899170219898224,,,,,,,,0.0,0.7154285907745361,0.16182568660183594,-0.0013021494021879174,0.03353634104132652
2580480,342.12016310798936,0.028888574892609806,0.17640380561351776,,,,,,,,0.0078125,0.7324447631835938,0.13340761368941448,-0.008152209857710738,1.503121256828308
2588672,343.1360239330097,0.02018180880458995,0.24417725205421448,,,,,,,,0.0,0.6846636533737183,0.18692758836625206,0.005018661827802438,0.021024590358138084
2596864,344.14236632100074,0.019363434189185947,0.2357177734375,,,,,,,,0.0,0.7356759905815125,0.15279569273576016,0.0015221534138325906,0.047465305775403976
2605056,345.2065939460008,0.019032710836165475,0.23167724907398224,,,,,,,,0.0078125,0.7111903429031372,0.13973600992732743,-0.001771549030551339,0.05585290864109993
2613248,346.2749742399901,0.02099793161890751,0.25145265460014343,,,,,,,,0.0,0.7026099562644958,0.17539613863277465,0.00038079582641160784,0.013440287671983242
2621440,347.2898580809997,0.016730938721925853,0.19581298530101776,0.001407314441265628,0.1538260882378958,0.15287574206075952,333,240.05756463877165,49.35,nan,0.0078125,0.7339692115783691,0.14031470210273134,-0.006542244706494839,3.175091505050659
2629632,348.4390758399968,0.016811297406059186,0.21356201171875,,,,,,,,0.0,0.6761073470115662,0.18805323640926352,0.003233299063009759,0.015375983901321888
2637824,349.43424424598925,0.01916367254034378,0.23447266221046448,,,,,,,,0.0,0.7262350916862488,0.15544101859829804,-0.001255808369989668,0.0535772442817688
2646016,350.4536526820157,0.017655902443331067,0.22272948920726776,,,,,,,,0.0078125,0.7318030595779419,0.12764574447880075,-0.0028565636471274826,0.261752188205719
2654208,351.4844210589945,0.020534571311807512,0.24724121391773224,,,,,,,,0.0,0.6942324638366699,0.17810379795604941,-0.00013557504336724464,0.010896881110966206
2662400,352.5297883510066,0.019283317834951578,0.21146240830421448,,,,,,,,0.0,0.7417519092559814,0.14057361746725364,-0.0061882109403409245,2.5415899753570557
2670592,353.57156503899023,0.05410769989909592,0.23709717392921448,,,,,,,,0.0078125,0.6839136481285095,0.1317331957932868,-0.008020744696709691,0.16807840764522552
2678784,354.5865529020084,0.017205836994724586,0.21828614175319672,,,,,,,,0.0,0.7160325646400452,0.16728077443182143,0.0007809363525995805,0.018867455422878265
2686976,355.6082865130156,0.017718225621895786,0.21452637016773224,0.0006406910155750678,0.14766304489080126,0.14603456672486276,333,242.50693355551422,49.35,nan,0.0078125,0.7309132814407349,0.13341105182107865,-0.002965137925277755,2.788424253463745
2695168,356.7786102340033,0.019928125444759377,0.24350586533546448,,,,,,,,0.0,0.6869034171104431,0.17809778941489393,0.0005931712922458894,0.023041781038045883
2703360,357.76191706201644,0.014530908336705324,0.15858153998851776,,,,,,,,0.0,0.7227884531021118,0.12844862836968995,-0.003802168873102814,13.786437034606934
2711552,358.8477037010016,0.01984654879671706,0.17825928330421448,,,,,,,,0.0078125,0.6288994550704956,0.12341612752918726,-0.007673662246530911,4.715864658355713
2719744,359.8827160910005,0.0233219814370889,0.2650512754917145,,,,,,,,0.0,0.7069278955459595,0.16461668367837698,0.0027080957632020087,0.1491735577583313
2727936,360.90306894198875,0.014315056505481233,0.16368408501148224,,,,,,,,0.0078125,0.7179166078567505,0.13432142702069885,-0.005497157097263204,6.574798583984375
2736128,361.93353147100424,0.019917136450101687,0.24493408203125,,,,,,,,0.0,0.6759893894195557,0.18813583732596154,0.003801614384955547,0.03489740192890167
2744320,362.92194166299305,0.019002217913252215,0.23039551079273224,,,,,,,,0.0,0.7259430885314941,0.15787287692625465,-0.0011328581429317956,0.10181236267089844
2752512,363.98621760099195,0.020109754267481836,0.21296386420726776,0.0006095956216377596,0.1508843315440202,0.14879841518895112,333,241.9903518597381,49.35,nan,0.0078125,0.7203131914138794,0.12707933341909547,-0.003793964271199313,2.8447024822235107
2760704,365.1335824179987,0.0194299501847187,0.23872070014476776,,,,,,,,0.0,0.6955451965332031,0.174869868414391,-0.0005148754822327234,0.025432243943214417
2768896,366.1535356139939,0.019295309221746236,0.21340332925319672,,,,,,,,0.0,0.7528451085090637,0.13937267718860682,-0.0015460836017417469,2.1270453929901123
2777088,367.19754882500274,0.027356715658547744,0.23541259765625,,,,,,,,0.0078125,0.6831475496292114,0.1165867750356234,-0.0011321114388384013,0.515923023223877
2785280,368.2347091010015,0.02731864287216399,0.2966674864292145,,,,,,,,0.0,0.7179247140884399,0.16628283711951714,0.0015680267489418848,4.1124186515808105
2793472,369.2945411129913,0.01372875757014839,0.15927734971046448,,,,,,,,0.0078125,0.6936385631561279,0.13291498770498467,-0.008107525556692738,10.32239055633545
2801664,370.37671030999627,0.02546896725149525,0.28814697265625,,,,,,,,0.0,0.6868664026260376,0.1837331572996875,0.006320215285436082,0.03139431029558182
2809856,371.3891830969951,0.01971538653032219,0.23281250894069672,,,,,,,,0.0,0.7344138622283936,0.1504538306517682,-0.0020437061311877366,3.3378632068634033
2818048,372.42447355701006,0.019105662758375323,0.20899657905101776,0.0006953332414951774,0.15293795102862345,0.15075430223698674,333,241.90003420833293,49.35,nan,0.0078125,0.7002689242362976,0.13257393081061858,0.00033565793140008943,0.8018436431884766
2826240,373.60799520800356,0.022476565389759208,0.26372072100639343,,,,,,,,0.0,0.7075989246368408,0.16241231163187347,0.0028464312487743427,0.03216305747628212
2834432,374.63830720901024,0.01712240091190052,0.20372314751148224,,,,,,,,0.0,0.7501449584960938,0.12578558755436114,-0.00567496128122668,3.469383955001831
2842624,375.6714237440028,0.02138967959908629,0.2574706971645355,,,,,,,,0.0078125,0.678321361541748,0.13018348812719024,0.0028109179981645792,0.07332894206047058
2850816,376.7436762000143,0.02029005316172731,0.24400635063648224,,,,,,,,0.0,0.7336350679397583,0.14390500411841417,-0.0002823132306664549,0.3183964788913727
2859008,377.77588258701144,0.015563250776257455,0.18417969346046448,,,,,,,,0.0078125,0.6964017152786255,0.11349200051076393,-0.008851068149182975,9.7578706741333
2867200,378.77643392799655,0.019573768632169836,0.24028320610523224,,,,,,,,0.0,0.70010906457901,0.17006205001894864,0.002252927305922386,0.043540991842746735
2875392,379.7829855539894,0.016746337598373493,0.207763671875,,,,,,,,0.0,0.7613843083381653,0.13337826351557952,-0.0033002504072018844,2.2852623462677
2883584,380.82742682800745,0.024454217906295338,0.21861572563648224,0.0003972575767633435,0.14893185239097426,0.14654915181867448,333,243.79834969015593,49.35,nan,0.0078125,0.6804384589195251,0.1294056973516269,-0.005209139755640553,0.5510459542274475
2891776,381.9709677649953,0.01793988670422283,0.19818115234375,,,,,,,,0.0,0.7063997387886047,0.15016565811011903,-0.0028660114002640523,13.659903526306152
2899968,382.9822000639979,0.019433668520834987,0.19248047471046448,,,,,,,,0.0078125,0.6995620727539062,0.1230468290877677,-0.008299298280392269,9.718903541564941
2908160,384.0145123710099,0.01079462924542424,0.14033202826976776,,,,,,,,0.0,0.613776683807373,0.16331632115950517,-0.005881443132929515,102.1468734741211
2916352,385.21709728299174,0.011292552791329822,0.14255371689796448,,,,,,,,0.0,0.49179932475090027,0.1383023395990111,-0.006288786545005535,47.574249267578125
2924544,386.53421321700444,0.019297897588105836,0.19779053330421448,,,,,,,,0.0078125,0.4973296821117401,0.10445882647658382,-0.011558231060324756,16.07680320739746
2932736,387.73746554300305,0.018639251153537158,0.21011963486671448,,,,,,,,0.0,0.6766216158866882,0.14250074023735163,-0.005849025935917028,38.70856475830078
2940928,388.98299669500557,0.018172993802037966,0.20637206733226776,,,,,,,,0.0,0.6496800780296326,0.118608098546443,-0.0050475670285315246,12.649820327758789
2949120,390.37267099000746,0.03713702086672852,0.33710938692092896,0.00018934128036662834,0.15068915920125786,0.1489991532242278,333,242.98037706182657,49.5,nan,0.0078125,0.6789613962173462,0.12675604557474032,0.005610933446476983,1.9409306049346924
2957312,391.7636973549961,0.03430838464879208,0.3203125,,,,,,,,0.0,0.733260452747345,0.13002154863831605,0.0032250096859794855,1.8635151386260986
2965504,392.7676970069879,0.03942750453915056,0.24934081733226776,,,,,,,,0.0078125,0.7164438962936401,0.12723612486394678,-0.0003755270928145451,2.525268077850342
2973696,393.78271623598994,0.04101133133207845,0.35139161348342896,,,,,,,,0.0,0.6992213726043701,0.1722276389823365,0.0050295036282721,3.1082396507263184
2981888,394.8000086400134,0.20342749846646724,0.23282471299171448,,,,,,,,0.0,0.7209020853042603,0.1324806185815953,-0.005857437075943089,3.0614888668060303
2990080,395.8196816960117,0.025897081976788652,0.2726684510707855,,,,,,,,0.0078125,0.6948112845420837,0.12119055125450884,0.0017668885157737743,0.46171003580093384
2998272,396.8217789469927,0.02344716941533912,0.2713378965854645,,,,,,,,0.0,0.7253279089927673,0.14514076412128757,0.0055229572675985945,0.10413562506437302
3006464,397.8736735410057,0.027788909305816647,0.20858155190944672,,,,,,,,0.0078125,0.7324655055999756,0.11540285178760938,-0.004950552585695516,3.511824369430542
3014656,398.9063298040128,0.025229122749948697,0.2712158262729645,0.0008683161313394194,0.15608500839522904,0.15372941366934625,333,241.62314635504424,49.35,nan,0.0,0.6909358501434326,0.15447560170652141,0.003721597843896285,0.19692681729793549
3022848,400.1065039449895,0.13323627575997635,0.22418212890625,,,,,,,,0.0,0.7211390137672424,0.12386776112650959,-0.008430038666767626,8.775038719177246
3031040,401.11341744699166,0.01809933354082165,0.19732666015625,,,,,,,,0.0078125,0.688122570514679,0.11847339681666517,-0.0087045835356545,3.883686065673828
3039232,402.12515049401554,0.02360977736027825,0.25517579913139343,,,,,,,,0.0,0.7008535861968994,0.1546256868757261,-0.0020306940763995594,16.74651527404785
3047424,403.1540017990046,0.1532771482531106,0.18446044623851776,,,,,,,,0.0,0.6887940168380737,0.12888215764847674,-0.002086415903852717,7.941580295562744
3055616,404.28511219099164,0.048421604006216534,0.37652587890625,,,,,,,,0.0078125,0.6765559911727905,0.1300453921160217,0.004777846246529085,2.250823974609375
3063808,405.5319163129898,0.026600678578925355,0.2811279296875,,,,,,,,0.0,0.7245994210243225,0.11313370932635602,-0.003566375973640543,5.3940253257751465
3072000,406.8079853740055,0.10755660037433845,0.24893799424171448,,,,,,,,0.0078125,0.6879227161407471,0.1306739018120973,-0.007408921750350065,1.2517107725143433
3080192,407.99357425700873,0.026044294342309315,0.29169923067092896,0.0005031963842868636,0.15702612448285574,0.15528572947902286,333,240.22573338769212,49.35,nan,0.0,0.6952919960021973,0.17944684535347083,0.006284125924986882,0.03648862987756729
3088384,409.3248747680045,0.01920473254770538,0.23702393472194672,,,,,,,,0.0,0.7519866824150085,0.13987674452527757,0.0008535058410472458,0.097232386469841
3096576,410.6039995579922,0.020517326416523388,0.24515381455421448,,,,,,,,0.0078125,0.696699857711792,0.12505624382017397,-0.00035687503203548834,0.17889022827148438
3104768,412.0163354850083,0.01885520373665588,0.23812256753444672,,,,,,,,0.0,0.7148029208183289,0.16012655929366856,0.0022756101333811837,0.03337850421667099
3112960,413.5121741280018,0.019901916675662913,0.20892333984375,,,,,,,,0.0078125,0.7349493503570557,0.12852848279158394,-0.006497208514992818,1.1073793172836304
3121152,414.9809643889894,0.021524352808859212,0.25611573457717896,,,,,,,,0.0,0.6852233409881592,0.17923269561596408,0.004176724845819033,0.018105724826455116
3129344,416.457839064009,0.02464267525169969,0.26542970538139343,,,,,,,,0.0,0.743156909942627,0.12994618282337148,-0.002444155628175752,1.4250030517578125
3137536,417.8330998989986,0.02573783022594388,0.20183105766773224,,,,,,,,0.0078125,0.7003613114356995,0.11971849812415249,-0.004757374944246523,1.3812392950057983
3145728,418.90881329998956,0.017027208509371294,0.20391845703125,0.0008709129951589567,0.15243683667059496,0.1498561993788113,333,241.89551834534686,49.35,nan,0.0,0.6981974244117737,0.15480364455662818,-0.0020868077170895023,12.396307945251465
3153920,420.0580084490066,0.053779218845391344,0.16826172173023224,,,,,,,,0.0,0.6637359857559204,0.12857497481164226,-0.009950104538069843,9.175995826721191
3162112,421.0655032520008,0.02327218792983042,0.25786134600639343,,,,,,,,0.0078125,0.6734352111816406,0.12660166870377618,0.0023912210893948845,0.1775345504283905
3170304,422.05922375101363,0.021800652961753483,0.2621093690395355,,,,,,,,0.0,0.7328542470932007,0.15180455244511903,0.0017278357418839313,0.09336211532354355
3178496,423.0530536349979,0.02462904856184009,0.23530273139476776,,,,,,,,0.0078125,0.7314717769622803,0.12818257279174783,-0.003565648641337595,1.9070879220962524
3186688,424.0783777110046,0.022666059061999245,0.2702392637729645,,,,,,,,0.0,0.6976292729377747,0.16693597226298595,0.0018301073966800507,0.04606671631336212
3194880,425.08437607900123,0.020228072783673546,0.24847412109375,,,,,,,,0.0,0.761936604976654,0.12014505913469188,-0.003582520079440328,0.8583866357803345
3203072,426.0977127389924,0.02042884618222949,0.24235840141773224,,,,,,,,0.0078125,0.7045812010765076,0.10046756066457649,-0.004685368673135177,0.3942243754863739
3211264,427.0947234769992,0.026334768217965755,0.26170656085014343,0.00018507714530402453,0.1558295652934555,0.15370009268988283,333,241.04571155257156,49.35,nan,0.0,0.7053835391998291,0.13756315801510097,-0.006411460844372677,8.230814933776855
3219456,428.2541008410044,0.08953448989362073,0.21540527045726776,,,,,,,,0.0078125,0.7077528238296509,0.1305487683382402,-0.002383681055169042,1.310713768005371
3227648,429.27932225199766,0.027027650925115516,0.29881593585014343,,,,,,,,0.0,0.684520423412323,0.17295939175302003,0.007353540638437458,0.06056397035717964
3235840,430.32525943100336,0.019929533484605057,0.24570313096046448,,,,,,,,0.0,0.7366845011711121,0.14534682764835244,0.0006273953361303971,0.08030333369970322
3244032,431.38484942298965,0.019886877778102247,0.23818360269069672,,,,,,,,0.0078125,0.7168223261833191,0.12528314055284925,-0.00045248158415770026,0.08493324369192123
3252224,432.39486226500594,0.01911684884340821,0.23785400390625,,,,,,,,0.0,0.7040833830833435,0.17140825838914853,0.0016308504863800418,0.020963052287697792
3260416,433.41921107500093,0.01605543423938908,0.20833741128444672,,,,,,,,0.0,0.7597199082374573,0.14280341638744337,-0.0017355334623159,0.06671382486820221
3268608,434.42969535200973,0.025868059349670337,0.26909181475639343,,,,,,,,0.0078125,0.6800926327705383,0.13813211276711726,-0.003990857490852056,0.028476659208536148
3276800,435.44606302899774,0.021376985970816012,0.25189208984375,0.0005827900250270357,0.16216473076444352,0.15943914282549101,333,238.92987940453023,49.35,nan,0.0,0.7238979935646057,0.14775809879440155,-0.001199959943383293,0.46830177307128906
3284992,436.608472797001,0.018765951410906787,0.22906494140625,,,,,,,,0.0078125,0.7321926951408386,0.12371228565517368,0.0001225611107982077,0.1382880061864853
3293184,437.61513525398914,0.01794430863359264,0.22272948920726776,,,,,,,,0.0,0.6924580931663513,0.17143874342483545,0.001290966491821694,0.01863439939916134
3301376,438.780953975016,0.016649903300166562,0.21546630561351776,,,,,,,,0.0,0.7439303994178772,0.1399618215157616,-0.0014595678676757992,0.05000854656100273
3309568,440.0866905889998,0.018846224270472618,0.23045654594898224,,,,,,,,0.0078125,0.6983794569969177,0.1348024026177105,-0.0035624573096975027,0.032287679612636566
3317760,441.62201974299387,0.018769357470796194,0.22995606064796448,,,,,,,,0.0,0.716222882270813,0.16266245948557692,-0.0012847615817869649,0.02039896510541439
3325952,443.27709066000534,0.015297980842083248,0.199462890625,,,,,,,,0.0078125,0.7568040490150452,0.13481306736003637,-0.0026705662528958094,0.06384368985891342
3334144,444.7866164149891,0.0350498347707912,0.3354248106479645,,,,,,,,0.0,0.6846138834953308,0.16099787055283604,-0.00011301808330669681,5.8789801597595215
3342336,445.986342277989,0.23779097706951063,0.17573241889476776,0.0005519704762576572,0.15063033656362257,0.1493421628216152,333,242.04560211461606,49.35,nan,0.0,0.7038594484329224,0.11824195600081205,-0.00885602358428632,0.9135755896568298
3350528,447.49457429899485,0.05566400748784246,0.2098388671875,,,,,,,,0.0078125,0.6960473656654358,0.11700927693248081,-0.0034738510854540024,1.2929624319076538
3358720,448.8621664860111,0.0198571857698247,0.24040527641773224,,,,,,,,0.0,0.7061882019042969,0.16563440583696507,0.0008821777339707477,0.05692169815301895
3366912,450.2775377850048,0.01481754264298863,0.18565674126148224,,,,,,,,0.0,0.7642712593078613,0.13619283550446162,0.00029098163684721954,0.45303449034690857
3375104,451.64408462299616,0.02086886193022174,0.21033935248851776,,,,,,,,0.0078125,0.6742461919784546,0.13238184566750538,-0.004608940219962398,7.542078495025635
3383296,453.01943475799635,0.026530823596073262,0.15831299126148224,,,,,,,,0.0,0.596477746963501,0.14356714429989997,-0.005415856070950893,27.9619083404541
3391488,454.3839431219967,0.027207354432621435,0.12778320908546448,,,,,,,,0.0078125,0.6078733205795288,0.11167857002254612,0.0038930385345487687,41.1143684387207
3399680,455.7854925249994,0.025213265568972687,0.19586181640625,,,,,,,,0.0,0.6449373960494995,0.1341111379652419,-0.007056665490417989,18.915359497070312
3407872,457.24613486000453,0.019473464816967878,0.15628662705421448,0.00047720133835393863,0.15037714976138417,0.1490052994253824,333,242.4603688767931,49.35,nan,0.0,0.6196079850196838,0.1028986083906561,-0.0035533566321522773,29.547643661499023
3416064,459.03128261401434,0.024815303197141897,0.2508911192417145,,,,,,,,0.0078125,0.6556392908096313,0.11970294199347377,0.0018913054315690065,4.069297790527344
3424256,460.56262639700435,0.03468449386961505,0.33477783203125,,,,,,,,0.0,0.7189292907714844,0.14823808536781383,0.007685962618524661,0.6109161376953125
3432448,462.18519242599723,0.026964756690054294,0.2635253965854645,,,,,,,,0.0078125,0.7553626298904419,0.12019140617329031,-0.002337606391709391,1.5604523420333862
3440640,463.62693713701447,0.018588787633275882,0.21998290717601776,,,,,,,,0.0,0.6578558683395386,0.18138003929267418,-0.005180835469642788,25.37223243713379
3448832,465.0330987109919,0.051992652788142406,0.21923828125,,,,,,,,0.0,0.6624118089675903,0.14871573701035506,0.0018812807634894413,1.9858490228652954
3457024,466.45834544999525,0.027520096140276774,0.23725585639476776,,,,,,,,0.0078125,0.6953309774398804,0.10723041929954244,-0.00581710194357421,0.9438878893852234
3465216,467.87263590001385,0.025072680125570436,0.28605958819389343,,,,,,,,0.0,0.7033780217170715,0.17066998667313657,0.002593689075278208,0.05806082487106323
3473408,469.2809773469926,0.020658079931941287,0.24636231362819672,0.00014408815865929459,0.15373244061337857,0.15192298194215037,333,241.1693628641138,49.5,nan,0.0,0.763952910900116,0.13056986809413576,0.0002791813108775153,0.4288850724697113
3481600,470.84623613298754,0.023158456466076806,0.2624877989292145,,,,,,,,0.0078125,0.6807981133460999,0.12905672847593758,0.0003807179756375642,0.06388501077890396
3489792,472.22682521500974,0.020838662369182852,0.25004884600639343,,,,,,,,0.0,0.723027229309082,0.16187913315519534,0.0006709264712157883,0.041494812816381454
3497984,473.574198257993,0.017311392231059843,0.22048340737819672,,,,,,,,0.0078125,0.7352508902549744,0.14008733400478637,-0.0022756297322100135,0.08269237726926804
3506176,474.9657948630047,0.02138964415653555,0.25584718585014343,,,,,,,,0.0,0.6926743388175964,0.1764976398575166,0.001340884375848945,0.021029917523264885
3514368,476.3633207620005,0.017552520802892397,0.21866455674171448,,,,,,,,0.0,0.7490721940994263,0.1471982689515316,-0.0009170981305515945,0.08126316219568253
3522560,481.5327948649938,0.01922616339355901,0.23099365830421448,,,,,,,,0.0078125,0.6994415521621704,0.12812550701490433,-0.001351533833134241,0.24792762100696564
3530752,488.35209453399875,0.02008458222816125,0.24197998642921448,,,,,,,,0.0,0.712960422039032,0.16378958344045524,-3.7144666526647354e-05,0.02754746749997139
3538944,495.20036833098857,0.01716763324877036,0.22187499701976776,0.0010999855589240992,0.15131198255680628,0.14806708635322477,333,241.36882942513824,49.2,nan,0.0078125,0.7544513940811157,0.1359434640741856,-0.003411628254958217,0.0728173553943634
3547136,502.7832659659907,0.01904975469652759,0.23778076469898224,,,,,,,,0.0,0.683042049407959,0.18464896073012152,-0.0004830572563823054,0.009846672415733337
3555328,509.9490901110112,0.016460299646107332,0.21138916909694672,,,,,,,,0.0,0.7366708517074585,0.15189294317639432,-0.00028361141431800457,0.03455846384167671
3563520,517.2639168360038,0.019436360097255873,0.23394775390625,,,,,,,,0.0078125,0.7223252654075623,0.1281083894480868,-0.0024171760684433374,0.2902510464191437
3571712,524.3975910040026,0.017443714882054272,0.22128906846046448,,,,,,,,0.0,0.7044802904129028,0.17232024002662452,-0.0034138271769230603,0.016071641817688942
3579904,531.310750581004,0.018565964572836942,0.22838135063648224,,,,,,,,0.0,0.7686378955841064,0.12448934941205514,-0.0023238978837563347,0.1908830851316452
3588096,538.1657601830084,0.01923153570251316,0.21943359076976776,,,,,,,,0.0078125,0.6822749972343445,0.12273328287713253,-0.003676781070026022,0.05265238508582115
3596288,544.8712517090025,0.01784899430341465,0.23193359375,,,,,,,,0.0,0.7304266095161438,0.15043185638495724,-0.0017283491678108628,0.021834880113601685
3604480,551.681562643993,0.015215800630962213,0.18934325873851776,0.0007617087105127318,0.14640062021461067,0.14330494771221586,333,243.62678598381012,49.5,nan,0.0078125,0.7448469400405884,0.10908038444699221,-0.0025827862572299423,1.0868316888809204
3612672,559.8042183759972,0.020967403025924015,0.25054931640625,,,,,,,,0.0,0.6964960098266602,0.17432626113148114,0.003226603212438384,0.015624900348484516
3620864,567.0199829149933,0.01768981210165408,0.20228271186351776,,,,,,,,0.0,0.7549512982368469,0.13024287437128837,-0.006235522650004453,7.214042663574219
3629056,574.3173658619926,0.021730103680009348,0.201904296875,,,,,,,,0.0078125,0.6753125786781311,0.11864145086937525,-0.0024850945631437198,1.2232637405395508
3637248,581.2167137179931,0.021148770427314285,0.24925537407398224,,,,,,,,0.0,0.7159106135368347,0.16321486221748188,0.0011367680730775952,0.17534202337265015
3645440,588.1225696100155,0.021382290210002354,0.2188720703125,,,,,,,,0.0078125,0.7413373589515686,0.12938679139489237,-0.004090879162802492,2.30511212348938
3653632,595.0823334729939,0.02027938023553682,0.24904786050319672,,,,,,,,0.0,0.6841922402381897,0.1847777787621506,0.002076859949813944,0.03404355049133301
3661824,601.871702873992,0.01857100635999585,0.23422852158546448,,,,,,,,0.0,0.7378514409065247,0.155491488206019,0.0012541760408111976,0.04061600938439369
3670016,608.6064829140087,0.017613955006340616,0.22199706733226776,0.0003684254065403625,0.1557127542083181,0.15380798216254407,333,240.60854747278472,49.35,nan,0.0078125,0.7225967049598694,0.13827734567798705,-0.0018899702373517731,0.08204375952482224
3678208,616.6108890140022,0.017089708801675575,0.21931152045726776,,,,,,,,0.0,0.7006880044937134,0.1735167443412164,0.0011101945207906616,0.019595125690102577
3686400,623.2953932959936,0.015055503993560999,0.19321289658546448,,,,,,,,0.0,0.7559744119644165,0.14376008342796776,-0.0007004754184397363,0.08162219822406769
3694592,630.0578433719929,0.018010401245295706,0.22276611626148224,,,,,,,,0.0078125,0.6828675270080566,0.1419504348953884,-0.002214427324394054,0.02836848795413971
3702784,636.694568692008,0.01820798641722334,0.22545166313648224,,,,,,,,0.0,0.7219598293304443,0.15975746596257206,-0.0012255936573075292,0.015989113599061966
3710976,643.4069919250032,0.015756928715859382,0.20393066108226776,,,,,,,,0.0078125,0.7378385066986084,0.13609229809251136,-0.0028276595876869266,0.053576089441776276
3719168,650.1524046100094,0.017031834150230622,0.21856689453125,,,,,,,,0.0,0.6940872669219971,0.17992317675450392,-0.00024701458039088465,0.008976326324045658
3727360,657.122812407004,0.016127919354053707,0.20867919921875,,,,,,,,0.0,0.7515556216239929,0.14290460322593285,-0.0006809501826195052,0.031245607882738113
3735552,664.073534324998,0.017364826475290158,0.21710205078125,0.00044622523391935065,0.1536603872797691,0.1517910038754772,333,241.52384698916433,49.35,nan,0.0078125,0.7056054472923279,0.13304865647101116,-0.0026404199526665686,0.0344545915722847
3743744,671.7855659940105,0.016454172424968817,0.2152099609375,,,,,,,,0.0,0.7128209471702576,0.16837758597945363,0.0001301156507230648,0.010910945013165474
3751936,678.2615290179965,0.01621297931026146,0.20747070014476776,,,,,,,,0.0078125,0.755674421787262,0.13839077742474237,-0.0017374052797585991,0.04047473892569542
3760128,685.1040288039949,0.016360503442768064,0.21262207627296448,,,,,,,,0.0,0.6836757659912109,0.18547566971258306,-6.049953897233458e-05,0.005996052175760269
3768320,691.6232082789938,0.01653231486362446,0.20720215141773224,,,,,,,,0.0,0.7353803515434265,0.1556821540217715,-0.0011485462479798808,0.01307767815887928
3776512,698.5338892650034,0.01611814353641817,0.20853272080421448,,,,,,,,0.0078125,0.7219538688659668,0.13999335267001167,-0.003423738792254764,0.028377175331115723
3784704,705.3794984109991,0.017429889474988188,0.21810303628444672,,,,,,,,0.0,0.7046143412590027,0.16897444929060207,-0.00022476604027477098,0.009280606172978878
3792896,712.3624707130075,0.01616303546790776,0.20718994736671448,,,,,,,,0.0,0.7661641836166382,0.13089799146230194,-0.0003702039350327736,0.03597360476851463
3801088,714.2061488569889,0.016952570037768188,0.21213379502296448,0.0007896624751324577,0.15402708048439046,0.15238755012591318,333,241.33854718382835,49.35,nan,0.0078125,0.6868895292282104,0.12956351407012873,-0.002349918876418798,0.012983405962586403
3809280,715.3933913130022,0.017346233620163243,0.22038574516773224,,,,,,,,0.0,0.7273252606391907,0.1599212063407307,-0.0002760881548366831,0.012884696014225483
3817472,716.4235752570094,0.015457405944978278,0.20086669921875,,,,,,,,0.0078125,0.7424642443656921,0.13528540680545523,-0.0018217554567378268,0.033850375562906265
3825664,717.462912677991,0.017452432406061258,0.22095946967601776,,,,,,,,0.0,0.6952394247055054,0.17660847948820738,-0.002521617019123323,0.007689438294619322
3833856,718.4656015509972,0.029117771861531735,0.24765625596046448,,,,,,,,0.0,0.7441579699516296,0.13955537031335097,-0.005636604371625252,1.9029877185821533
3842048,719.5349148690002,0.018589047334613827,0.20039062201976776,,,,,,,,0.0078125,0.6995763778686523,0.12590994987139878,-0.005299612051710505,0.24345698952674866
3850240,720.6138195279927,0.01833836286944036,0.23276367783546448,,,,,,,,0.0,0.7180274724960327,0.16175059670730216,0.001739001870609147,0.029437700286507607
3858432,721.6866581960057,0.028366596825514425,0.21755371987819672,,,,,,,,0.0078125,0.7609305381774902,0.13226559587931486,-0.005570400096890888,0.415039986371994
3866624,722.7860696869902,0.01902787896429305,0.23472900688648224,0.00030856157716885324,0.14996768070584188,0.14792161146670976,333,243.10197358247916,49.35,nan,0.0,0.6852549910545349,0.18118327263669615,0.0022925731534904187,0.01264988537877798
3874816,724.0083645659906,0.018284727312298004,0.23707275092601776,,,,,,,,0.0,0.7420790791511536,0.14972330431521155,-2.0562109443396048e-05,0.023954784497618675
3883008,725.0841987819877,0.020434164049446743,0.22198486328125,,,,,,,,0.0078125,0.7228176593780518,0.1345812553344087,-0.005663351850243854,0.5995782017707825
3891200,726.1178340920014,0.019088753789590965,0.21943359076976776,,,,,,,,0.0,0.7039939165115356,0.16423605741157216,-0.0019471063255211392,10.471612930297852
3899392,727.1962735510024,0.016212249773562348,0.18846435844898224,,,,,,,,0.0,0.7477167248725891,0.10970825699900533,-0.0034714084935803255,2.4235856533050537
3907584,728.3144580619992,0.05471116573886747,0.24064941704273224,,,,,,,,0.0078125,0.6861780285835266,0.10712065514708757,-0.008168458874086593,0.15893833339214325
3915776,729.3844990860089,0.02094520543576875,0.24564209580421448,,,,,,,,0.0,0.7315108776092529,0.14628177936821038,0.0021708653094075106,0.04085342958569527
3923968,730.4581105209945,0.017717280297130763,0.21967773139476776,,,,,,,,0.0078125,0.7516202330589294,0.12513100957884027,-0.0006303673235839095,0.19090823829174042
3932160,731.5162283669924,0.024997593333070486,0.27037355303764343,0.0004148183887447976,0.14094059400731154,0.13784577083575722,333,247.2091515622466,49.35,nan,0.0,0.6844439506530762,0.15072835390045553,-0.003313403640139951,21.735191345214844
3940352,732.6212704289937,0.022287599692469438,0.16914062201976776,,,,,,,,0.0,0.7056301236152649,0.12686360175707806,-0.005063259779047301,6.286862373352051
3948544,733.6744859179889,0.008747277345642674,0.11187744140625,,,,,,,,0.0078125,0.6685984134674072,0.11677543821631757,-0.00622164889820712,53.355438232421875
3956736,734.738960356015,0.02250474490068656,0.19427490234375,,,,,,,,0.0,0.5895461440086365,0.1450387442945041,-0.0012879026651505293,16.62014389038086
3964928,735.8407056659926,0.039880366328044425,0.22081299126148224,,,,,,,,0.0078125,0.5764206647872925,0.11570416792724453,-0.0006310646015239983,17.497095108032227
3973120,736.953949023009,0.014808571265834437,0.17991943657398224,,,,,,,,0.0,0.657271146774292,0.1603717692848107,-0.005986098811537158,86.06277465820312
3981312,738.0902102999971,0.018860693125818673,0.20552979409694672,,,,,,,,0.0,0.5440758466720581,0.10501259350487113,-0.008178497069423507,20.379512786865234
3989504,739.2316927000065,0.04240796691503627,0.27061769366264343,,,,,,,,0.0078125,0.5740330219268799,0.08575802905755281,-0.001664517253235534,7.183424472808838
3997696,740.3275388219918,0.027943511367729868,0.2831664979457855,0.00032876263732894984,0.14444159383908448,0.14262725868189566,333,245.3996774074583,49.5,nan,0.0,0.6958799362182617,0.15520719822936413,0.0057920811884856205,7.689752101898193
4005888,741.6681280570047,0.03167030864495506,0.30034181475639343,,,,,,,,0.0,0.7470232248306274,0.11805492857375763,0.0027953115503410514,3.1348347663879395
4014080,742.8971489449905,0.035659226926152476,0.3045288026332855,,,,,,,,0.0078125,0.6883569359779358,0.11529832302390264,-0.0008906575034949785,3.6435487270355225
4022272,744.0359775130055,0.07711858658557919,0.3124145567417145,,,,,,,,0.0,0.7119481563568115,0.14756653811190018,0.07859838530976096,2.1745071411132812
4030464,745.1740957759903,0.08660342681489884,0.2832397520542145,,,,,,,,0.0078125,0.7365322113037109,0.12856242950045646,0.0007449073729862382,0.928804874420166
4038656,746.3620229840162,0.028449565294379156,0.31016847491264343,,,,,,,,0.0,0.69574373960495,0.17533557213796286,0.005085207962246964,0.04186059162020683
4046848,747.5416677010071,0.019266803163751137,0.23529052734375,,,,,,,,0.0,0.7593968510627747,0.1409835469400839,-0.001818623735825163,1.1165721416473389
4055040,748.755015658011,0.024288101788157393,0.24370117485523224,,,,,,,,0.0078125,0.7016533613204956,0.13299582669092652,0.0013230594229973716,0.7775248885154724
4063232,749.9736258990015,0.021108576602758028,0.2559814453125,0.0007198562327821456,0.14421986932361378,0.1418123568438625,333,244.9312635380511,49.35,nan,0.0,0.7229251861572266,0.15840295103880203,0.0008799424819294077,0.04495137184858322
4071424,751.366620345012,0.01870952175653362,0.22966308891773224,,,,,,,,0.0078125,0.7778244018554688,0.12095733663282053,-0.00038695529834351826,0.3887331485748291
4079616,752.5743356409948,0.01780322870972381,0.22624512016773224,,,,,,,,0.0,0.6851006150245667,0.18318306735012188,-0.000898928950201294,0.013242212124168873
4087808,753.7970060349908,0.017984927439793786,0.22543945908546448,,,,,,,,0.0,0.7422611117362976,0.14833420925776789,0.0005409153057946203,0.04858792945742607
4096000,754.9550379480061,0.015326804981972066,0.20009766519069672,,,,,,,,0.0078125,0.7306663990020752,0.13329392062766127,-0.0009834526833189493,0.06296446174383163
4104192,756.1129701230093,0.01873263832316039,0.23537598550319672,,,,,,,,0.0,0.7074558138847351,0.17172604118144003,-0.002068259846181015,0.01460947748273611
4112384,757.2964647909976,0.015222397887437228,0.19685058295726776,,,,,,,,0.0,0.7708045244216919,0.13065572698652317,-0.001596434369651349,0.09758726507425308
4120576,758.5184899760061,0.018525117129187314,0.22808837890625,,,,,,,,0.0078125,0.6908584237098694,0.12759801687281036,-0.0021130456116346535,0.027949118986725807
4128768,759.7069282869925,0.019804149768216563,0.24227295815944672,0.00016190471750054947,0.148066449523686,0.1459317910113293,333,244.40254639571003,49.5,nan,0.0,0.7301266193389893,0.15369074042290634,-0.00023484901032551155,0.032970819622278214
4136960,761.1153411970008,0.014674688215572157,0.19692383706569672,,,,,,,,0.0078125,0.7501283884048462,0.1264671657637082,-0.0036079096695299604,0.07487401366233826
4145152,762.3176443710108,0.017558912592973736,0.22352294623851776,,,,,,,,0.0,0.6967083811759949,0.17673732397995406,0.0008751074134308871,0.0110457269474864
4153344,763.4325974000094,0.017893269783741072,0.22368164360523224,,,,,,,,0.0,0.7560025453567505,0.14259638637185817,-0.0027173703849435018,0.03664562851190567
4161536,764.536612165015,0.019038557239031927,0.23580323159694672,,,,,,,,0.0078125,0.7123669385910034,0.13319707579136691,-0.0015271550452034407,0.02731594443321228
4169728,765.636662178993,0.01904107166668396,0.23365478217601776,,,,,,,,0.0,0.7237606644630432,0.14799535807462152,0.0020067303707458108,0.021525127813220024
4177920,766.8089817750151,0.01903183923852049,0.206787109375,,,,,,,,0.0078125,0.7727025747299194,0.12339687598748655,-0.006336955379851086,0.5653678774833679
4186112,768.0725793410093,0.016800941915482114,0.21361084282398224,,,,,,,,0.0,0.6859630346298218,0.17528244899463216,-0.00241602208127683,0.013196229934692383
4194304,769.3391888850019,0.020347726981522814,0.24632568657398224,0.002220984704820461,0.1440607852370801,0.14039947163255503,333,245.87366292724636,49.35,nan,0.0,0.7456035614013672,0.14539628481900393,-0.0011375114551707922,0.029965460300445557
4202496,770.7720301260124,0.01825101736810202,0.20814208686351776,,,,,,,,0.0078125,0.7321788668632507,0.13229580269240518,-0.006010154233368165,0.15749047696590424
4210688,771.9950715670129,0.017589753230828075,0.22254638373851776,,,,,,,,0.0,0.7096709609031677,0.16529598966274306,-0.0025476630441621374,0.011914013884961605
4218880,773.2114088390081,0.01593457984057974,0.20306396484375,,,,,,,,0.0,0.7790323495864868,0.1328600804726928,-0.0013084972843211452,0.059237368404865265
4227072,774.4530474299972,0.021213872340804758,0.25343018770217896,,,,,,,,0.0078125,0.6953491568565369,0.12665810344054917,-0.0025190872828183275,0.019679134711623192
4235264,775.6678099220153,0.01951061243087047,0.24310302734375,,,,,,,,0.0,0.7372111678123474,0.14562092112341066,-0.001974827179648819,0.01695084013044834
4243456,776.9559033740079,0.015338478291195851,0.20000000298023224,,,,,,,,0.0078125,0.7609128355979919,0.11621107721914004,-0.002015644676194127,0.17033232748508453
4251648,778.2404490149929,0.01802585573502188,0.22818604111671448,,,,,,,,0.0,0.6995913982391357,0.15021084621675268,0.00046796883075777114,0.02369321696460247
4259840,779.5377592800069,0.019110157638396037,0.23187255859375,0.00028888427933848604,0.14378910545117676,0.14195457998136685,333,245.87266920349043,49.35,nan,0.0,0.7671818137168884,0.11593620712225258,-0.004310901082801581,0.3645918071269989
4268032,781.0265118149982,0.023377173777948585,0.21690674126148224,,,,,,,,0.0078125,0.7104625105857849,0.11653995884107887,0.0011544894453999785,0.1619972437620163
4276224,782.2480707860086,0.017873866157844545,0.22645263373851776,,,,,,,,0.0,0.7233129739761353,0.1562917165482419,0.00010278794560720814,0.019166018813848495
4284416,783.5706549079914,0.016377009714058696,0.20723877847194672,,,,,,,,0.0078125,0.7810174226760864,0.1266750765026772,0.0008441849427760157,0.053403355181217194
4292608,784.8548956690065,0.020271290834253837,0.2500976622104645,,,,,,,,0.0,0.68916916847229,0.1762535155583,-0.00015633900885993844,0.007160477340221405
4300800,786.2170389590028,0.021663187393542636,0.2504028379917145,,,,,,,,0.0,0.7397767305374146,0.13914185258928982,-0.0039008348182129797,4.21525764465332
4308992,787.5576246299897,0.01894893545861375,0.20698241889476776,,,,,,,,0.0078125,0.7199492454528809,0.11845106921498955,-0.007193282063502993,1.1861129999160767
4317184,788.808074192988,0.020475053527108815,0.25426027178764343,,,,,,,,0.0,0.7097511887550354,0.16635173642397993,0.0015428731967013288,0.020404746755957603
4325376,790.1138156090165,0.017644978664054185,0.22199706733226776,0.0005932242065780358,0.14553964398500763,0.14341952672130218,333,245.45496139677104,49.35,nan,0.0,0.7775911092758179,0.13531082509192818,0.0010172276529803502,0.06548919528722763
4333568,791.6573007910047,0.02562681209638237,0.27662354707717896,,,,,,,,0.0078125,0.6950491666793823,0.1274672269890073,-0.0027798252989543566,0.02278701774775982
4341760,792.9429846559942,0.018257901381341885,0.22683106362819672,,,,,,,,0.0,0.7339913845062256,0.1432822709026403,-0.0006167719663587331,0.019162660464644432
4349952,794.2564224039961,0.017245680401595118,0.21375732123851776,,,,,,,,0.0078125,0.760543704032898,0.11689919725965292,-0.0016317122895659058,0.0521533265709877
4358144,795.5796820700052,0.01804012960512969,0.22845458984375,,,,,,,,0.0,0.6984865069389343,0.172015008786672,-0.00010175766545948134,0.009793279692530632
4366336,796.8648766840051,0.03675864251114782,0.22445069253444672,,,,,,,,0.0,0.7480977177619934,0.1319388741778862,-0.006310004227050435,2.2095329761505127
4374528,798.0790512670064,0.01792509356619434,0.19593505561351776,,,,,,,,0.0078125,0.6913593411445618,0.12720729631093444,-0.00598933945935121,7.739665508270264
4382720,799.2146248340141,0.023370732989159634,0.24415282905101776,,,,,,,,0.0,0.7028779983520508,0.15679070144952276,0.0006462449299968734,0.5769488215446472
4390912,800.3546017250046,0.09184277867523592,0.19870606064796448,0.0020276705967501307,0.14197729857853036,0.13995455057007072,333,245.6583400748263,49.35,nan,0.0078125,0.7453518509864807,0.11910522431636336,-0.008168778969782534,1.670763373374939
4399104,801.8463066719996,0.027211748757117127,0.29212647676467896,,,,,,,,0.0,0.6869778037071228,0.17685704573212652,0.0025643710705514355,0.043267738074064255
4407296,803.1296415399993,0.021863315571972058,0.26158449053764343,,,,,,,,0.0,0.7488534450531006,0.1299247936185455,-0.0005330668700002085,0.051571425050497055
4415488,804.4469705380034,0.0229158976136188,0.25286865234375,,,,,,,,0.0078125,0.7396414875984192,0.11365858425709674,-0.005621951478801228,2.02860426902771
4423680,805.7562581340026,0.029093958091643092,0.29143068194389343,,,,,,,,0.0,0.704849362373352,0.1628957966594864,-0.004066377259795494,4.248939037322998
4431872,807.0480675580038,0.04751170805066466,0.2710205018520355,,,,,,,,0.0,0.7528708577156067,0.12942309493508433,-0.0013611339317939938,0.7771371603012085
4440064,808.3594033090048,0.02601882936964986,0.26409912109375,,,,,,,,0.0078125,0.6925253868103027,0.12717172836398247,-0.0017178886082848952,0.2030588686466217
4448256,809.6870063270035,0.02105343935617919,0.2551513612270355,,,,,,,,0.0,0.73530113697052,0.14991604915998782,0.00202843779935045,0.03158903494477272
4456448,811.1730994989921,0.01697820293092561,0.21901856362819672,0.0024831026408039802,0.14124941677389483,0.1401477630488761,333,245.3263316686795,49.35,nan,0.0078125,0.7636007070541382,0.12437439200495279,-0.0003129685330601167,0.08918493986129761
4464640,812.8871554500074,0.020352076159846858,0.24739991128444672,,,,,,,,0.0,0.6961238384246826,0.17369323422309146,0.0009469930572059741,0.012180577032268047
4472832,814.2650049900112,0.01757270947190628,0.22060547769069672,,,,,,,,0.0,0.7605792880058289,0.13473601671535101,-0.0005386096659431553,0.03237832710146904
4481024,815.6271997780132,0.018648111800541448,0.22446289658546448,,,,,,,,0.0078125,0.7183260321617126,0.12739854899196526,-0.0011297451304497742,0.03306807205080986
4489216,817.0047861289931,0.01840940120341392,0.23221436142921448,,,,,,,,0.0,0.7200668454170227,0.15993283433681707,3.2551326158829566e-05,0.009923017583787441
4497408,818.3688792540052,0.015320457138869766,0.19649659097194672,,,,,,,,0.0078125,0.7798295021057129,0.1309658364511511,-0.0019313061925633542,0.04428548365831375
4505600,819.6862006220035,0.020547462516554524,0.2500854432582855,,,,,,,,0.0,0.6859046816825867,0.17905648325214396,0.00045450675226317957,0.006262652575969696
4513792,821.0626699150016,0.023600015205166733,0.26605224609375,,,,,,,,0.0,0.7473257780075073,0.1402139866889852,-0.0038730423456851365,1.0433437824249268
4521984,822.4477445849916,0.021534686165386938,0.19747315347194672,0.0015058365640404636,0.1415239376320178,0.1387956251468553,333,245.06237806506212,49.5,nan,0.0078125,0.7279137969017029,0.11281160625044566,-0.0078088161223840435,0.5254326462745667
4530176,824.0090653710067,0.01985323762448188,0.24622802436351776,,,,,,,,0.0,0.7067362666130066,0.16604348685007095,-0.0019077903367079958,0.018154898658394814
4538368,825.4400408590154,0.02677961373969148,0.23597411811351776,,,,,,,,0.0,0.7647919654846191,0.1266863949326653,-0.005375854155032653,2.008284330368042
4546560,826.8260271190084,0.02367903037943497,0.26563721895217896,,,,,,,,0.0078125,0.6929342746734619,0.12611622791116014,-0.0018751093825000687,0.17312048375606537
4554752,828.2468306590163,0.018861960360503777,0.23403321206569672,,,,,,,,0.0,0.7308350205421448,0.1497951041170761,0.0012525733730366839,0.020754067227244377
4562944,829.5767641910061,0.018890514123192523,0.23358154296875,,,,,,,,0.0078125,0.7593199014663696,0.1289103262299123,-0.0010125048280474236,0.04901467636227608
4571136,830.9089329710114,0.02061648818304825,0.24758301675319672,,,,,,,,0.0,0.6941255927085876,0.17453656795695446,-0.0006860342563354876,0.011756598018109798
4579328,832.2779929570097,0.01943140399009492,0.24071045219898224,,,,,,,,0.0,0.7580259442329407,0.13814534082681587,-0.0002334098375365754,0.03229754790663719
4587520,833.6442999840074,0.018592157924745452,0.22983399033546448,0.0011859505914314505,0.14808480415944625,0.1461376666186243,333,243.90039377221433,49.35,nan,0.0078125,0.7175732851028442,0.12699537609269912,-0.0014707414913808507,0.026574328541755676
4595712,835.0531052839942,0.018249537093075138,0.23326416313648224,,,,,,,,0.0,0.7143680453300476,0.16553273290114362,-0.0004936136749966921,0.008822062984108925
4603904,836.284743413009,0.016516466758847295,0.21147461235523224,,,,,,,,0.0078125,0.7699320912361145,0.13746021189341043,-0.0005261038518875992,0.03207525983452797
4612096,837.4437794719997,0.018293660395572515,0.23240967094898224,,,,,,,,0.0,0.6830837726593018,0.18201463272084834,-0.00010447846622864137,0.006076606456190348
4620288,838.6756080840132,0.017654227534726685,0.22276611626148224,,,,,,,,0.0,0.7386939525604248,0.14804451747546277,-0.0007074938763140786,0.01541688572615385
4628480,839.8619535579928,0.015216983929216818,0.19310303032398224,,,,,,,,0.0078125,0.7331385612487793,0.13211877219805407,-0.0017961617555775887,0.029889632016420364
4636672,841.1114656020072,0.01898133805939929,0.23283691704273224,,,,,,,,0.0,0.7030348777770996,0.1699331963565594,-0.0007840003952415114,0.007097281515598297
4644864,842.4790564150026,0.016164901948309728,0.20665283501148224,,,,,,,,0.0,0.7643902897834778,0.13553480664675147,2.7721136324840215e-05,0.02754557691514492
4653056,843.8028731989907,0.02026638168629001,0.24132080376148224,0.0007359232997627974,0.1489615591665586,0.1453759315281443,333,244.0136654947714,49.2,nan,0.0078125,0.6945558190345764,0.13387833004591018,-0.002375539349355403,0.01273704320192337
4661248,845.6766312950058,0.020394266103137104,0.24526368081569672,,,,,,,,0.0,0.728385329246521,0.14129092146290864,-0.0003561723381354524,0.012692466378211975
4669440,852.0067796630028,0.01781887806197833,0.22366943955421448,,,,,,,,0.0078125,0.7556540966033936,0.11282544949972889,-0.0016745050039911656,0.05384568125009537
4677632,858.5038974529889,0.01968611102851761,0.2396240234375,,,,,,,,0.0,0.6933109164237976,0.1762094696315534,0.0007194229664829034,0.006344965193420649
4685824,864.8808659900096,0.020141233176471325,0.24385987222194672,,,,,,,,0.0,0.7563086152076721,0.13863931357834178,0.0016920662678027104,0.016256926581263542
4694016,871.3866789219901,0.018640869974652884,0.23312988877296448,,,,,,,,0.0078125,0.7190253138542175,0.12980612880317513,-0.0017386066356333237,0.020076652988791466
4702208,877.8461345559917,0.01842898765533744,0.23023681342601776,,,,,,,,0.0,0.7193074822425842,0.16128736861383036,0.0003624772828129149,0.008368519134819508
4710400,884.2153975719993,0.01699518163382435,0.21898193657398224,,,,,,,,0.0078125,0.7801881432533264,0.13219469096659142,-0.0035298303497853165,0.028630245476961136
4718592,890.5651173359947,0.018194650730972015,0.22821044921875,0.0004933406335558832,0.14425713572539034,0.14237062882643728,333,245.00273409134905,49.35,nan,0.0,0.6840763688087463,0.1791535606634937,-0.0006598353539968455,0.004668784327805042
4726784,898.061854250991,0.02057424562409403,0.248779296875,,,,,,,,0.0,0.743781328201294,0.14845530270199023,-0.002111505990829259,0.011356070637702942
4734976,904.5481624779932,0.017173187932662926,0.21197509765625,,,,,,,,0.0078125,0.7389684915542603,0.12902249414502634,-0.0005224081246552971,0.031901922076940536
4743168,911.4792096159945,0.020443141606913275,0.2524780333042145,,,,,,,,0.0,0.7066106200218201,0.1658445503107092,-0.003035347001052133,0.008172131143510342
4751360,918.3286019990046,0.028439587876271627,0.28217774629592896,,,,,,,,0.0,0.768949031829834,0.12455217419434733,-0.007513870503811096,0.7087356448173523
4759552,925.395152268,0.1586802833984175,0.21732178330421448,,,,,,,,0.0078125,0.668819010257721,0.1241916740817245,-0.0137896092021997,5.265896320343018
4767744,932.1237498479895,0.06968859530464044,0.23975829780101776,,,,,,,,0.0,0.6945692896842957,0.14100491222231723,-0.0040326716806503935,9.003092765808105
4775936,939.0327891279885,0.021763162487485024,0.22860108315944672,,,,,,,,0.0078125,0.6848978400230408,0.10821829043448825,-0.007942071772950816,7.626649379730225
4784128,945.7326903089997,0.027876533430948636,0.3062744140625,0.002399984927047738,0.14422731259273286,0.141382837516204,333,245.79705195953585,49.35,nan,0.0,0.6950568556785583,0.17515806552114016,0.003573770740063122,0.04870741441845894
4792320,953.790143966995,0.02142150396013818,0.25487062335014343,,,,,,,,0.0,0.7613131403923035,0.1377226438136455,-0.0031023283508569617,0.350988507270813
4800512,960.5775377860118,0.025899466719390474,0.28961181640625,,,,,,,,0.0078125,0.7205700874328613,0.12176803501843003,-0.004802903580260785,0.20280395448207855
4808704,967.3185806180118,0.023534901162083344,0.2726074159145355,,,,,,,,0.0,0.7204495668411255,0.15928293283077735,0.00029371150087082864,0.013422212563455105
4816896,974.1389691070071,0.023340828227039895,0.2673095762729645,,,,,,,,0.0078125,0.7769408822059631,0.1117271324438501,-0.00014070897825183993,0.9650949835777283
4825088,980.9254895180056,0.02114474327289405,0.24901123344898224,,,,,,,,0.0,0.6844447255134583,0.18129493037983296,0.0020991317136401432,0.012449945323169231
4833280,987.6140359299898,0.030397156308561546,0.2790893614292145,,,,,,,,0.0,0.7310965657234192,0.1492529962148738,-0.003579172153634418,3.1983301639556885
4841472,994.2536435800139,0.023926852461973888,0.24515381455421448,,,,,,,,0.0078125,0.731232762336731,0.13054843987553624,-0.003580663605024877,0.7927750945091248
4849664,995.5399966510013,0.02586133154177757,0.29121094942092896,0.0002943280100534684,0.1468555506964829,0.1440646245368256,333,244.5890476821572,49.5,nan,0.0,0.7065302133560181,0.16098718102146825,0.0023299953669293594,0.14188316464424133
4857856,996.7831618289929,0.02449337386502872,0.26719972491264343,,,,,,,,0.0,0.7737687826156616,0.11865436012902424,0.0005545878856558839,0.30977198481559753
4866048,997.8985552020022,0.02873106374909994,0.26069337129592896,,,,,,,,0.0078125,0.6958262920379639,0.11156338950765855,-0.003610184926868524,0.09689367562532425
4874240,999.0157497379987,0.02072002303779016,0.25200197100639343,,,,,,,,0.0,0.7360894083976746,0.13672844327066164,0.0002810178220595876,0.03333568200469017
4882432,1000.0487577239983,0.020931156050482208,0.23850098252296448,,,,,,,,0.0078125,0.7575581073760986,0.0968311628779428,-0.0053294522450776675,1.7422723770141602
4890624,1001.0993380149885,0.026270318519895464,0.2927002012729645,,,,,,,,0.0,0.6950283050537109,0.16851117259140938,-0.001542774281462692,0.1155310794711113
4898816,1002.1390869989991,0.022960387604406753,0.2608398497104645,,,,,,,,0.0,0.7598580121994019,0.12746156744000772,-0.0068720848644241665,1.4599742889404297
4907008,1003.2241339200118,0.07309911380912495,0.25773927569389343,,,,,,,,0.0078125,0.7089927792549133,0.11270059907004319,-0.004304416325948022,0.20366470515727997
4915200,1004.2246584609966,0.020421558879855063,0.24838867783546448,0.001339416061039933,0.1428387646647907,0.13830201942537504,333,246.23384959975152,49.2,nan,0.0,0.718098521232605,0.16173596835223303,0.001480443720338783,0.01775231398642063
4923392,1005.3292588240001,0.019517820651218154,0.23992919921875,,,,,,,,0.0078125,0.78207927942276,0.12574807134439372,-0.0004155271768925193,0.06834378093481064
4931584,1006.3635958690138,0.022824909616319066,0.2645507752895355,,,,,,,,0.0,0.6832525134086609,0.1768607879363159,-0.0009223489285873701,0.011123806238174438
4939776,1007.4812702329946,0.019220752912700208,0.23709717392921448,,,,,,,,0.0,0.7451339960098267,0.13364262974629829,-0.0010654768049206665,0.023686664178967476
4947968,1008.5663830029953,0.024375037342165198,0.215576171875,,,,,,,,0.0078125,0.7410117387771606,0.11832443657972819,-0.00519572978805594,0.2327355444431305
4956160,1009.6252592249948,0.02052396839298016,0.24976806342601776,,,,,,,,0.0,0.7097243070602417,0.15992229743331943,0.0026047238462719485,0.013064123690128326
4964352,1010.6503624239995,0.02100419604443396,0.2490234375,,,,,,,,0.0,0.7830038070678711,0.11680567166213626,-0.006057798749481019,0.7368766069412231
4972544,1011.7376046899881,0.021324440904160732,0.24227295815944672,,,,,,,,0.0078125,0.6819861531257629,0.10982214746435245,-0.004294579150595101,15.991912841796875
4980736,1012.7800422220025,0.027542653182931233,0.19572754204273224,0.0018911009092517084,0.13023022209380045,0.12647218614521108,333,250.64612669697215,49.35,nan,0.0,0.6540530920028687,0.12989076851626372,-0.00733139600878546,15.503625869750977
4988928,1014.0594589000102,0.02415590014139267,0.20655517280101776,,,,,,,,0.0078125,0.6105443835258484,0.10418796511141024,-0.00823010428924313,26.975194931030273
4997120,1015.1466172469954,0.02441309323638332,0.2542480528354645,,,,,,,,0.0,0.6525102257728577,0.16634192651353258,-0.0018961466820922258,7.214734077453613
5005312,1016.2577885960054,0.05819547798653915,0.24329833686351776,,,,,,,,0.0,0.6777732372283936,0.12376196462656702,-0.006023253487481829,10.384624481201172
5013504,1017.3527493239962,0.03457362500384294,0.2728271484375,,,,,,,,0.0078125,0.6651073694229126,0.10629493460683483,0.0009336676865743795,3.7844531536102295
5021696,1018.4677149800118,0.033187200134319465,0.33221435546875,,,,,,,,0.0,0.7239012718200684,0.14685184742572335,0.0068028921348226275,0.0672943964600563
5029888,1019.5344420100155,0.021412240854400594,0.25328370928764343,,,,,,,,0.0078125,0.7814297080039978,0.10193496363042728,-0.002069691814223544,4.52441930770874
5038080,1020.6782910079928,0.023060470378726702,0.26274415850639343,,,,,,,,0.0,0.6846863031387329,0.17439682067849538,0.004102780480763797,0.03216884657740593
5046272,1021.8048677940096,0.020181513193235176,0.24742431938648224,0.0002598493112019318,0.144572734791385,0.14187649395004587,333,245.8261643977886,49.5,nan,0.0,0.7472922801971436,0.1397478922767378,0.000998992232739263,0.05908543989062309
5054464,1023.1471526550013,0.02148977985252706,0.2593017518520355,,,,,,,,0.0078125,0.7461801767349243,0.11871198376772897,-0.0036587502560924273,1.0859493017196655
5062656,1024.2872621880088,0.1014059681665782,0.27863770723342896,,,,,,,,0.0,0.6827090978622437,0.15922156048865346,-0.002281212012020224,3.187803030014038
5070848,1025.4208795640152,0.07710903974183345,0.23455810546875,,,,,,,,0.0,0.7374788522720337,0.11666810075358103,-0.0050995731323711605,3.3432540893554688
5079040,1026.5735068020003,0.09396863738318163,0.26728516817092896,,,,,,,,0.0078125,0.6873520612716675,0.12261417169243524,-0.0021512396089536988,0.4104487895965576
5087232,1027.7132459339919,0.02549029144175611,0.2870239317417145,,,,,,,,0.0,0.730414092540741,0.15316536235723865,0.0028357822080109715,0.029943028464913368
5095424,1028.8603591540013,0.046814541413705474,0.23841552436351776,,,,,,,,0.0078125,0.7499168515205383,0.12882777953736269,-0.005240536383697295,1.1612647771835327
5103616,1030.0147255499905,0.025728757432487738,0.2872314453125,,,,,,,,0.0,0.6936130523681641,0.1717054273331024,0.0015551379926948235,0.08713158220052719
5111808,1031.1825910879998,0.02451638244212863,0.2662109434604645,0.0015888053382960843,0.13782395036141176,0.13474248764874922,333,247.94616477430657,49.2,nan,0.0,0.7534842491149902,0.12877780675728298,-0.003440783217034528,2.2114391326904297
5120000,1032.6062731080165,0.027839615258491837,0.2577270567417145,,,,,,,,0.0078125,0.7070928812026978,0.11705972315407265,-0.008128677049076164,7.129956245422363
5128192,1033.7679100270034,0.15228763497304076,0.22402344644069672,,,,,,,,0.0,0.6626068949699402,0.1556393541981595,-0.006350056559672357,8.411215782165527
5136384,1034.9131362210028,0.4104480975679482,0.20607911050319672,,,,,,,,0.0078125,0.7039756774902344,0.11317120775781819,-0.003927181644553436,6.588256359100342
5144576,1036.0762911989877,0.030785307579106982,0.3202148377895355,,,,,,,,0.0,0.6828659772872925,0.1782259689059406,0.011822874595836001,0.19240714609622955
5152768,1037.1892382740043,0.030437628315470335,0.3017334043979645,,,,,,,,0.0,0.7391703128814697,0.14629928715685464,-0.002740061648855394,1.9946434497833252
5160960,1038.3585970019922,0.029929136977280908,0.2531372010707855,,,,,,,,0.0078125,0.7216772437095642,0.12711701027433278,-0.00482353142102858,1.6923182010650635
5169152,1039.5526971729996,0.026960335363380796,0.29591065645217896,,,,,,,,0.0,0.7013147473335266,0.16772562646144365,0.004025477606995457,0.027521759271621704
5177344,1040.7320795010019,0.023989174069376923,0.27716064453125,0.002036947011801571,0.1475087644386901,0.1449323926568439,333,244.71917067082182,49.35,nan,0.0,0.761109471321106,0.13611996773537913,0.0036659534069646985,0.06147570535540581
5185536,1042.2052849360043,0.02243543200523128,0.26282960176467896,,,,,,,,0.0078125,0.6977968215942383,0.13206065775637596,0.00017623115665478574,0.03830455616116524
5193728,1043.3767464410048,0.02129811406960192,0.25811767578125,,,,,,,,0.0,0.7263486385345459,0.15423081586340232,-0.00023787762663731246,0.025103537365794182
5201920,1044.5828528460115,0.020193497082005202,0.24866943061351776,,,,,,,,0.0078125,0.7610698938369751,0.1342751545426313,-0.0023201504491921357,0.0665287971496582
5210112,1045.7859030950058,0.022762126499128982,0.2658935487270355,,,,,,,,0.0,0.6931644678115845,0.17647999523348665,-0.0007819200288902029,0.014740625396370888
5218304,1047.0700178150146,0.019157359561954853,0.23734131455421448,,,,,,,,0.0,0.7598153948783875,0.13313240852457287,-0.0024031439207877064,0.03911202773451805
5226496,1048.3510795129987,0.019953984044850825,0.24527588486671448,,,,,,,,0.0078125,0.7262040376663208,0.1248159641979384,-0.0009798553180637918,0.04793514683842659
5234688,1049.6266478800098,0.020876002171216386,0.2537597715854645,,,,,,,,0.0,0.7182610034942627,0.15862165357089916,-0.0029794157810913626,0.015806498005986214
5242880,1050.8727028669964,0.01814332655659728,0.22943115234375,0.001023913921568087,0.1338226786579703,0.132950966795129,333,249.68531492594482,49.35,nan,0.0078125,0.7927848100662231,0.1209679208736293,-0.004511055805804512,0.11688482761383057
5251072,1052.3381251530081,0.028538117476489377,0.28424072265625,,,,,,,,0.0,0.6817899942398071,0.16472601047713992,-0.00226744105075094,10.364253044128418
5259264,1053.5599858979986,0.03206717082090179,0.3073486387729645,,,,,,,,0.0,0.7152173519134521,0.11934319791660886,-0.002659725686545148,7.693357944488525
5267456,1054.8058312020148,0.037359982399078,0.26220703125,,,,,,,,0.0078125,0.7052972316741943,0.11301376944663555,-0.00475691971214479,1.6880792379379272
5275648,1056.2341689539899,0.02763405584206832,0.3054443299770355,,,,,,,,0.0,0.7093825936317444,0.15712825841236094,0.0024490528228188944,0.05112800747156143
5283840,1057.6441248999909,0.024413077218334737,0.27191162109375,,,,,,,,0.0,0.7823728322982788,0.10828524297427146,3.707219487000136e-05,1.8938493728637695
5292032,1058.9552706250106,0.03279173680152277,0.27827149629592896,,,,,,,,0.0078125,0.7020626664161682,0.10656553618331208,0.0031370507662973864,0.08037646114826202
5300224,1060.248206156015,0.021723021123187254,0.26575928926467896,,,,,,,,0.0,0.7291175723075867,0.1505725594426147,9.363748901053973e-05,0.022089742124080658
5308416,1061.530812648998,0.0201572817740351,0.24481201171875,0.0010419157607099994,0.13334412458636832,0.13222635886656806,333,249.55676192675602,49.5,nan,0.0078125,0.7666886448860168,0.12347177454141546,-0.0004678425650379391,0.04516676813364029
5316608,1063.0937827969901,0.022838578758528356,0.26848146319389343,,,,,,,,0.0,0.6956105828285217,0.17019563413092711,0.001443913921282503,0.01029972918331623
5324800,1064.3512482579972,0.026743243905761983,0.29716798663139343,,,,,,,,0.0,0.7650195956230164,0.13190600771397132,0.002149593406101652,0.06049346551299095
5332992,1065.6932345129899,0.017233352060453,0.21771240234375,,,,,,,,0.0078125,0.7309058308601379,0.11219324552406422,-0.0015257369577447786,0.04361711069941521
5341184,1066.9820899610058,0.03135791485093921,0.3211914002895355,,,,,,,,0.0,0.7188259363174438,0.1558822797844909,0.00041713264169337787,1.0936263799667358
5349376,1068.234522785002,0.04115527300104145,0.23597411811351776,,,,,,,,0.0078125,0.767830491065979,0.11924628412908346,-0.008961438874274391,1.8246935606002808
5357568,1069.4011256470112,0.02248291325544879,0.2615722715854645,,,,,,,,0.0,0.6829318404197693,0.17804734124262409,0.0023914170577107718,0.02514559030532837
5365760,1070.5915603179892,0.026229504970008,0.28764650225639343,,,,,,,,0.0,0.7456986904144287,0.14195073107891248,-0.0008533499185816849,0.38900139927864075
5373952,1071.7438394509954,0.054664899185635864,0.24423828721046448,0.00037976977987941307,0.14003568553197207,0.1378499640541999,333,247.77267511138342,49.35,nan,0.0078125,0.7361024618148804,0.1235003163446478,-0.006547575976680157,0.4236791729927063
5382144,1073.1051252059988,0.024044235059269142,0.2772583067417145,,,,,,,,0.0,0.7078273296356201,0.1631855854397432,0.0026903941382593736,0.01715271733701229
5390336,1074.391130234988,0.021069299491519984,0.25726318359375,,,,,,,,0.0,0.7791080474853516,0.1305455846407145,-0.00044185826877584755,0.05524994060397148
5398528,1075.6536195139925,0.023186107609864365,0.26048585772514343,,,,,,,,0.0078125,0.7056848406791687,0.12424929578819319,-0.0011888341236635136,0.029391247779130936
5406720,1076.9447986609885,0.0204015094893946,0.24962158501148224,,,,,,,,0.0,0.7324742674827576,0.14913886223479528,0.00015564638478522366,0.020059477537870407
5414912,1078.256392153009,0.04338869395179922,0.21103516221046448,,,,,,,,0.0078125,0.756974458694458,0.1253883850805271,-0.01162427486403628,0.8879216313362122
5423104,1079.497016164998,0.028269839521317383,0.30638429522514343,,,,,,,,0.0,0.6944482326507568,0.1715209532269298,-0.0011201507362081024,0.7068400382995605
5431296,1080.8526455800165,0.06628596662734625,0.25922852754592896,,,,,,,,0.0,0.740740180015564,0.13241401298525513,-0.0020599557446366094,4.225186347961426
5439488,1082.1892200580041,0.07997302464542316,0.2741332948207855,0.00039742040166845793,0.1489557628518479,0.14644355171779194,333,243.90164147950003,49.35,nan,0.0078125,0.7123591303825378,0.1236029410827807,-0.0026835274700646432,0.294746458530426
5447680,1083.690082103014,0.023122559177047836,0.27094727754592896,,,,,,,,0.0,0.7122215032577515,0.16666751011630504,0.002679120749532888,0.018966281786561012
5455872,1084.945615856006,0.022438463370848444,0.25590822100639343,,,,,,,,0.0078125,0.7738645672798157,0.13971509874787985,0.0011339651817601506,0.04745335876941681
5464064,1086.2677759029903,0.02338125265986525,0.2709594666957855,,,,,,,,0.0,0.6811218857765198,0.18299764095649224,0.004063201773314472,0.008021722547709942
5472256,1087.5462690569984,0.019281605085795666,0.2418212890625,,,,,,,,0.0,0.7403951287269592,0.1524519738824505,-0.0003774263992477608,0.014266202226281166
5480448,1088.8361498810118,0.018710144019677615,0.23164062201976776,,,,,,,,0.0078125,0.7442850470542908,0.13036025431050108,-0.000387881159664252,0.026878956705331802
5488640,1090.1933439520071,0.019077710798946573,0.24180908501148224,,,,,,,,0.0,0.7029467225074768,0.1700638385951812,-0.0023637639890922183,0.00817215908318758
5496832,1091.5432581130008,0.02116518424327868,0.2525268495082855,,,,,,,,0.0,0.769978940486908,0.13199263196348787,-0.0027218179389296975,0.026245463639497757
5505024,1092.8330587880046,0.02319982389077061,0.2655395567417145,0.0012727137431871594,0.1425459927321968,0.1396302987152564,333,247.0791917844774,49.2,nan,0.0078125,0.704349935054779,0.12835449024014448,-0.00018717361501761396,0.01466368418186903
5513216,1094.4239984430023,0.020595784667716395,0.2558960020542145,,,,,,,,0.0,0.7278449535369873,0.1553197825132734,-0.0016244551203794305,0.008104118518531322
5521408,1095.7703781060118,0.019023646286238517,0.23665772378444672,,,,,,,,0.0078125,0.7671050429344177,0.1272760098643159,-0.0010277657239913178,0.02547985129058361
5529600,1097.181099067995,0.03618769694676479,0.337158203125,,,,,,,,0.0,0.6908404231071472,0.17037643103631123,-0.0013151317019244905,5.211141109466553
5537792,1098.5307937379985,0.04005891037116112,0.24165038764476776,,,,,,,,0.0,0.7429342269897461,0.13333637657377576,0.008320980692161856,1.2239370346069336
5545984,1099.887811049004,0.043583352940681906,0.22894287109375,,,,,,,,0.0078125,0.7149105072021484,0.11629915967580362,-0.0020591138795698605,1.358251929283142
5554176,1101.2049746210105,0.023915432163878272,0.2790771424770355,,,,,,,,0.0,0.7128506302833557,0.16687560010391045,0.002219120289032785,0.019019752740859985
5562368,1102.511680038995,0.018549876881578182,0.23109130561351776,,,,,,,,0.0,0.7766261696815491,0.1346564940495074,-0.0019207199083248008,0.08886685222387314
5570560,1103.8676906939945,0.022876049980764496,0.2678588926792145,0.0005194141358288995,0.14330677009476117,0.14127086889010212,333,246.13520531593963,49.35,nan,0.0078125,0.6816509366035461,0.13670500521789494,0.0028376244887060053,0.011702167801558971
5578752,1105.5281623080082,0.02314816206837164,0.27155762910842896,,,,,,,,0.0,0.7391153573989868,0.1523460714803345,-0.0019503535684356117,0.019115081056952477
5586944,1106.9975954100082,0.02028890816477479,0.24724121391773224,,,,,,,,0.0078125,0.7449381947517395,0.13219006359510524,-0.0005643875463318973,0.03854845464229584
5595136,1108.2291115219996,0.01973297326908749,0.2451171875,,,,,,,,0.0,0.7048776149749756,0.17033252658335624,-0.0007105376575117835,0.010504438541829586
5603328,1109.515995883994,0.02177982560606212,0.25507813692092896,,,,,,,,0.0,0.7725846171379089,0.1352975315323556,0.0020004929122897593,0.029642397537827492
5611520,1110.8128405110037,0.022180606735915074,0.26420900225639343,,,,,,,,0.0078125,0.707053005695343,0.13121199715411785,-0.0004882860352053664,0.02175651304423809
5619712,1112.09740483301,0.019183599446097047,0.24056397378444672,,,,,,,,0.0,0.7324662804603577,0.15337225188530285,-0.0010734715546110208,0.0160505473613739
5627904,1113.4324882609944,0.017459934417775547,0.22226563096046448,,,,,,,,0.0078125,0.7733840346336365,0.12630529669447726,-0.0032098844510319415,0.03748302534222603
5636096,1114.850814569014,0.018884035227074148,0.2357177734375,0.000963689386520139,0.13886971844090693,0.13516840266160055,333,248.36782242850552,49.5,nan,0.0,0.6942484974861145,0.17424538223397543,0.0032514214504350985,0.0071451920084655285
5644288,1116.424229686003,0.018367645847015918,0.23100586235523224,,,,,,,,0.0,0.7611271142959595,0.14235007151683762,-0.0011528477568348765,0.02109014056622982
5652480,1117.8655879340076,0.019235887975113934,0.23237304389476776,,,,,,,,0.0078125,0.7307442426681519,0.12401200474750378,-0.0022757668781030645,0.026459215208888054
5660672,1119.2687180179928,0.022472498366367576,0.27073976397514343,,,,,,,,0.0,0.7216323018074036,0.1453396919239386,-0.0020434219271163,0.03441096097230911
5668864,1120.6064159689995,0.16447109677911634,0.26434326171875,,,,,,,,0.0,0.755138099193573,0.1196559736950426,-0.007104931751366426,3.7757728099823
5677056,1121.8625704479928,0.016823025848346128,0.20797120034694672,,,,,,,,0.0078125,0.6786223649978638,0.11964321710026157,-0.00527264854366981,16.930845260620117
5685248,1123.2133804030018,0.1343314328155292,0.23818360269069672,,,,,,,,0.0,0.6578949093818665,0.13751735400768186,-0.000727336690974522,6.099391460418701
5693440,1124.6203932560165,0.30509042019854365,0.22141113877296448,,,,,,,,0.0078125,0.677832841873169,0.11449008286063028,-0.013112780794265994,3.580087423324585
5701632,1125.9541404090123,0.03543231408438049,0.3542846739292145,0.001569074389430103,0.13507743038472309,0.1313656960879832,333,250.08966939216415,49.35,nan,0.0,0.7091924548149109,0.15518791265532433,0.004101428922947887,0.1898164004087448
5709824,1127.4755344470032,0.02236121809161087,0.2650146484375,,,,,,,,0.0,0.7868512272834778,0.10454319976188624,0.0028691496915178036,0.12492427974939346
5718016,1128.8019541370159,0.026521085055738042,0.28936767578125,,,,,,,,0.0078125,0.7119025588035583,0.1029300558090227,-0.002131913299509066,0.17820072174072266
5726208,1130.1334195620148,0.023065345857949643,0.27369385957717896,,,,,,,,0.0,0.7299008965492249,0.14653798252256459,-0.0002825177531539838,0.02099541388452053
5734400,1136.9005245009903,0.025823412388261913,0.253173828125,,,,,,,,0.0078125,0.7703761458396912,0.10758382494481106,-0.005032529824282381,0.33021965622901917
5742592,1143.6878186789982,0.022784885083082875,0.26951906085014343,,,,,,,,0.0,0.6928756833076477,0.17388456951939193,0.005481445396250244,0.009979675523936749
5750784,1150.460098517011,0.02897704310373847,0.2904907166957855,,,,,,,,0.0,0.7594367861747742,0.13419159014626358,-0.0023922237854391883,1.5647372007369995
5758976,1157.102837407001,0.035047661858955394,0.2713867127895355,,,,,,,,0.0078125,0.7171142101287842,0.10992142359927749,-0.004267590806736404,1.0607693195343018
5767168,1164.052870348998,0.04597570173082769,0.3863891661167145,0.0029097933956780953,0.1300726398741309,0.12569150148385647,333,252.38367651037245,49.35,nan,0.0,0.717906653881073,0.15353235249695946,-0.0007254991691733521,1.7730859518051147
5775360,1172.8415542239964,0.0966168471481507,0.27305909991264343,,,,,,,,0.0,0.7634854912757874,0.10066802227635949,-0.007465603093515081,2.379450559616089
5783552,1180.1467899449926,0.03715729563470467,0.3394775390625,,,,,,,,0.0078125,0.6876907348632812,0.10175630634455425,0.0001407013351206351,3.6186623573303223
5791744,1186.7804332980013,0.2528485971104262,0.27033692598342896,,,,,,,,0.0,0.7204760909080505,0.12853464328430397,-0.014771344657124999,3.2438175678253174
5799936,1193.5623777250003,0.12486937622248824,0.22105713188648224,,,,,,,,0.0078125,0.7032672166824341,0.09883705049303332,-0.014902677711129953,4.746173858642578
5808128,1200.2283002859913,0.047621117871010636,0.3841796815395355,,,,,,,,0.0,0.7015494108200073,0.15827374413029474,0.0003832855480309449,8.564590454101562
5816320,1206.588791821996,0.22349086082469405,0.23452149331569672,,,,,,,,0.0,0.7112334966659546,0.12271449603282333,0.08740737997070737,4.518289089202881
5824512,1213.6037479480146,0.22900003675553246,0.35516357421875,,,,,,,,0.0078125,0.685954213142395,0.11373602968792666,-0.003182154350830151,0.7408015131950378
5832704,1220.512705445988,0.057641260127275384,0.41282960772514343,0.0004106652978507208,0.13565320092527824,0.13364200998415623,333,248.7781111907357,49.35,nan,0.0,0.7340664863586426,0.14217060061131098,0.004044595185653513,7.879590034484863
5840896,1228.805833840015,0.037776759904295486,0.3432373106479645,,,,,,,,0.0078125,0.7707608938217163,0.12346898555343694,0.0035991164612331826,2.413416624069214
5849088,1235.5538960070116,0.02949019472416711,0.31329345703125,,,,,,,,0.0,0.6930071711540222,0.17147437324687737,0.01037787162676984,0.019222602248191833
5857280,1242.2981026849884,0.024313282247777655,0.2802734375,,,,,,,,0.0,0.761056661605835,0.1377332075368979,0.004091136596483195,0.03807807341217995
5865472,1249.026132902014,0.02057537136605224,0.24484863877296448,,,,,,,,0.0078125,0.733468234539032,0.1196628715426653,8.064355116539912e-05,0.048310089856386185
5873664,1255.7456429520098,0.02079627500953108,0.2574218809604645,,,,,,,,0.0,0.7168396711349487,0.16311292734816737,-0.000469327365482609,0.009450086392462254
5881856,1262.4302539839991,0.020241372965904322,0.24481201171875,,,,,,,,0.0,0.7879526019096375,0.12936340129214474,0.001000341825963005,0.03966996446251869
5890048,1269.0375221119903,0.0223883792530232,0.25861817598342896,,,,,,,,0.0078125,0.6859408020973206,0.1334807275969712,0.003866649400656837,0.008909943513572216
5898240,1276.0162077569985,0.020245084960649425,0.24932861328125,0.000380858412231011,0.13991205017390532,0.1368473115806228,333,247.65173378119147,49.35,nan,0.0,0.7435173392295837,0.14484590700937416,-0.0019434831813970857,0.014372864738106728
5906432,1284.5936144379957,0.021971310513013844,0.25163576006889343,,,,,,,,0.0078125,0.7528712153434753,0.1261367345647034,-0.002746426983652207,0.029683560132980347
5914624,1291.5898910789983,0.02061399241951837,0.25163576006889343,,,,,,,,0.0,0.7045593857765198,0.1633897005635132,-0.0009160582532067911,0.007033802568912506
5922816,1297.4738250449882,0.022384737098358854,0.26258546113967896,,,,,,,,0.0,0.7773776054382324,0.12809108502287728,-0.002391631324924115,0.5241755843162537
5931008,1298.6235959609912,0.03296679118152707,0.27631837129592896,,,,,,,,0.0078125,0.7071920037269592,0.12320683985428266,-0.0016583030986428657,0.04420505091547966
5939200,1299.667371632997,0.025954499368138026,0.29737550020217896,,,,,,,,0.0,0.7340114712715149,0.14329675365667974,0.000998247553269299,0.04675779864192009
5947392,1300.7671831840125,0.021692184576398172,0.25944826006889343,,,,,,,,0.0078125,0.7851056456565857,0.1091399778536441,-0.0023424840573957276,0.14133644104003906
5955584,1301.8340881819895,0.0208105684588321,0.2530517578125,,,,,,,,0.0,0.6964782476425171,0.16237232817116404,-0.0022223639567417342,0.012867867946624756
5963776,1302.924207242002,0.03902266611703545,0.31138917803764343,0.00023594849008334862,0.12918995514524306,0.1266325993197087,333,251.64659267967923,49.35,nan,0.0,0.7573935389518738,0.12056828332476192,-0.006710378154750743,2.9783668518066406
5971968,1304.2345078880026,0.04288775389089658,0.18889160454273224,,,,,,,,0.0078125,0.6995952725410461,0.10556113757468934,-0.0059100835511262,15.238627433776855
5980160,1305.2625615230063,0.15571133761462452,0.22869873046875,,,,,,,,0.0,0.6691820025444031,0.15592375917163995,-0.011618786357179715,11.950745582580566
5988352,1306.3242517180042,0.03234208735759208,0.2000732421875,,,,,,,,0.0,0.6712638735771179,0.12100565919086974,-0.0066619954820973885,16.32805824279785
5996544,1307.4162723160116,0.030845944706365903,0.30949708819389343,,,,,,,,0.0078125,0.6809568405151367,0.12008357167648369,0.006965578843286094,1.0328419208526611
6004736,1308.4339081830112,0.04426480291615604,0.37462159991264343,,,,,,,,0.0,0.7411812543869019,0.13220502255309383,-0.0025311932439513207,4.164551734924316
6012928,1309.3885814580135,0.08167478126747574,0.27778321504592896,,,,,,,,0.0078125,0.7168967127799988,0.10963567685736719,-0.008240543902669982,3.211966037750244
6021120,1310.4084287789883,0.04292451542849998,0.3901611268520355,,,,,,,,0.0,0.7049328684806824,0.15902677492516282,0.004533428787413118,0.08676331490278244
6029312,1311.5231361410115,0.02675091542034143,0.2996459901332855,0.0026748367887452495,0.14388318269036032,0.139512192961944,333,247.62585092651267,49.35,nan,0.0,0.7757930159568787,0.12424436679292028,0.003285419164327147,0.09352949261665344
6037504,1312.810892295005,0.030974374245852893,0.3211669921875,,,,,,,,0.0078125,0.7110631465911865,0.11580122030101071,-0.001719901218444149,0.060440462082624435
6045696,1313.844652224012,0.024138886515372982,0.28216552734375,,,,,,,,0.0,0.7272831201553345,0.1544117649376115,0.003237971926290747,0.014955124817788601
6053888,1314.9537057190028,0.02133076630659854,0.25635987520217896,,,,,,,,0.0078125,0.7706769704818726,0.12958793708596264,0.0015483593393781456,0.05378056690096855
6062080,1315.9726438159996,0.022067743866612602,0.2574218809604645,,,,,,,,0.0,0.6908770203590393,0.17594259586626798,-0.0012429815876726239,0.006648859474807978
6070272,1317.0361505660112,0.021334575501512593,0.25701904296875,,,,,,,,0.0,0.7562575936317444,0.14087868992612632,0.0009298816235250974,0.019484495744109154
6078464,1318.126344252989,0.025119324753855317,0.2537841796875,,,,,,,,0.0078125,0.7279877662658691,0.12862090016362776,-0.0023525966732792338,0.3103923797607422
6086656,1319.2037937540154,0.02989049406826937,0.3216186463832855,,,,,,,,0.0,0.7191744446754456,0.15409117628596714,0.0013183133148728374,0.08963225036859512
6094848,1320.2578364090004,0.025603887222636592,0.25029298663139343,0.0003183873240414359,0.13256863674151761,0.1299397495190037,333,250.88789276632386,49.5,nan,0.0,0.7725294232368469,0.12207228019841038,2.816131351197765e-05,2.9828755855560303
6103040,1321.4953366369882,0.02386748950367596,0.27459716796875,,,,,,,,0.0078125,0.6900683045387268,0.12147944372355624,-0.0002611807110596481,0.26114940643310547
6111232,1322.5393952669983,0.02383180396907693,0.27978515625,,,,,,,,0.0,0.7534068822860718,0.1351971180166513,0.0005177796592596148,0.03957480564713478
6119424,1323.5822106160049,0.02340090558938599,0.2647949159145355,,,,,,,,0.0078125,0.7622372508049011,0.10933281859216505,-0.0048547600862382185,0.3752457797527313
6127616,1324.6712385010032,0.021525629633494636,0.26008301973342896,,,,,,,,0.0,0.7096648812294006,0.16064581065366013,0.0010290432229520979,0.020520851016044617
6135808,1325.7234483119973,0.029738786712678652,0.3039794862270355,,,,,,,,0.0,0.791459321975708,0.11899855333368142,-0.0014191786480258666,1.1107914447784424
6144000,1326.7739817920083,0.059313333566549324,0.2864135801792145,,,,,,,,0.0078125,0.7074825763702393,0.11261771467375054,-0.00509393944301129,0.2006683349609375
6152192,1327.892911625997,0.024687953040092688,0.2850708067417145,,,,,,,,0.0,0.7393746376037598,0.13755506082836527,-2.5307816717917796e-05,0.02198648266494274
6160384,1329.016661260015,0.02642089569386006,0.23676757514476776,0.001873990164603545,0.12819076395766474,0.1266883541714575,333,253.39356220929693,48.0,nan,0.0078125,0.7462097406387329,0.10015534724210452,-0.005613302391189891,7.552356243133545
6168576,1330.3170463620045,0.023346026751535912,0.26929932832717896,,,,,,,,0.0,0.6964386105537415,0.17211403206137024,0.0025618712888181303,0.0406954362988472
6176768,1331.4355187420151,0.03080730445245518,0.29014894366264343,,,,,,,,0.0,0.7500459551811218,0.1305158371442491,-0.004709047215582349,9.582036972045898
6184960,1332.587632337003,0.028068967997767782,0.24337159097194672,,,,,,,,0.0078125,0.7102471590042114,0.0963525182991567,-0.00646985365793757,2.5910232067108154
6193152,1333.7706883120118,0.03867564956317798,0.34766846895217896,,,,,,,,0.0,0.7160619497299194,0.1486430386548196,-0.0035634722457878474,16.669830322265625
6201344,1334.909381689009,0.04166013337281799,0.2649902403354645,,,,,,,,0.0,0.7184927463531494,0.10940502901334326,-0.004264458321074691,7.117824077606201
6209536,1336.0882987040095,0.030172535582012185,0.30260011553764343,,,,,,,,0.0078125,0.6821304559707642,0.11149363119526234,-0.001269720318610915,0.3009606897830963
6217728,1337.2280719300034,0.027544575433338516,0.30607911944389343,,,,,,,,0.0,0.7597382664680481,0.12976621072401742,0.002501760713470758,0.07452670484781265
6225920,1338.3621708549908,0.024820749232668495,0.2662109434604645,0.004424707852725862,0.1290580911674938,0.1290580911674938,333,252.71872166495334,49.95,nan,0.0078125,0.743352472782135,0.10870485191244436,-0.0008182609022090355,4.0405592918396
6234112,1339.7375667270098,0.03705209401948556,0.352783203125,,,,,,,,0.0,0.7099179029464722,0.164840283722701,0.003907807452951132,0.1095031276345253
6242304,1340.8778857540165,0.03475216544527741,0.3323730528354645,,,,,,,,0.0,0.7934551239013672,0.1238098248550139,-0.0013829597945604363,1.8642311096191406
6250496,1342.0691172980005,0.047308791418200345,0.24244384467601776,,,,,,,,0.0078125,0.6853122711181641,0.11561276724248759,-0.009672935289853362,0.9016584753990173
6258688,1343.2566882100073,0.028694493107505388,0.3117309510707855,,,,,,,,0.0,0.7443516254425049,0.13458149968427455,0.0010018754990991597,0.03184698522090912
6266880,1344.5320974650094,0.027999236661114396,0.2657836973667145,,,,,,,,0.0078125,0.7620068192481995,0.09866458632480568,-0.005202129557694006,7.14308500289917
6275072,1345.7906146710156,0.021567973525804796,0.24805907905101776,,,,,,,,0.0,0.6858892440795898,0.1638368757354582,-0.004723184686347026,21.325815200805664
6283264,1347.0858768690086,0.01562372821042633,0.17005614936351776,,,,,,,,0.0,0.6537847518920898,0.12638518108707059,-0.00845679520639712,33.76262283325195
6291456,1348.4635696460027,0.0275779016248352,0.2103271484375,0.001063757047713998,0.12022371487419412,0.11931340838302922,333,255.97692622719137,48.0,nan,0.0078125,0.5372805595397949,0.08601433801159354,-0.004525660386218198,15.454358100891113
6299648,1350.1110327040078,0.039307019776376836,0.34486085176467896,,,,,,,,0.0,0.7302276492118835,0.14651006742937914,0.0023290325711807086,7.493963718414307
6307840,1351.478668700991,0.09962805152724113,0.22429199516773224,,,,,,,,0.0,0.7111732363700867,0.09715175209232635,-0.00533923033907218,22.91131019592285
6316032,1352.8437164940115,0.03911034825095107,0.3407348692417145,,,,,,,,0.0078125,0.6585447788238525,0.09782217056491506,-0.002138861089072732,39.008785247802734
6324224,1354.1291452129954,0.030834649266767284,0.3013549745082855,,,,,,,,0.0,0.7079111933708191,0.1260037002136419,-0.006208220499254758,23.902503967285156
6332416,1355.4199954000069,0.03657898403555084,0.27891847491264343,,,,,,,,0.0078125,0.6053297519683838,0.10013631025501932,-0.0034332709433984236,15.522552490234375
6340608,1356.7282271739969,0.04971525509887384,0.3872924745082855,,,,,,,,0.0,0.6821576356887817,0.14461116694525375,-2.2164647622602112e-06,18.48609733581543
6348800,1357.9396993000119,0.051569045137871306,0.35162353515625,,,,,,,,0.0,0.7105506062507629,0.10118517683229124,0.0007960404489466829,9.56912899017334
6356992,1359.2098647409875,0.04585960172262924,0.31926271319389343,0.004251442152720442,0.11968643445524568,0.11968643445524568,333,255.90606249602632,49.95,nan,0.0078125,0.6631854176521301,0.09447582129016356,-0.007748612584796204,14.370124816894531
6365184,1360.711225142004,0.050665412027404426,0.40068361163139343,,,,,,,,0.0,0.7109134197235107,0.1385796946996322,-0.003146463460265406,8.952232360839844
6373376,1361.9639570110012,0.049979166627852234,0.32939454913139343,,,,,,,,0.0078125,0.6781594157218933,0.10645106487555415,0.0017595048419634576,12.089607238769531
6381568,1363.2653870359936,0.05197234138427449,0.4211059510707855,,,,,,,,0.0,0.6973648071289062,0.16238962553117164,0.011364376465092415,0.16167795658111572
6389760,1364.5551715200127,0.03565603682252965,0.34942626953125,,,,,,,,0.0,0.7802990078926086,0.11142430596388642,-0.0008762617143320448,1.865244746208191
6397952,1365.8506422300125,0.032831334611688794,0.2933715879917145,,,,,,,,0.0078125,0.7252510786056519,0.10760806463554444,-0.0015978308505038348,1.8504379987716675
6406144,1367.1157098280091,0.04163322079246309,0.3752685487270355,,,,,,,,0.0,0.7267401218414307,0.14345983314981736,0.002067670158511482,1.4689053297042847
6414336,1368.4011757209955,0.030504626766016913,0.30512696504592896,,,,,,,,0.0,0.7903299331665039,0.10007983662588038,-0.002448523561276057,6.050778865814209
6422528,1369.7000639259932,0.03880056356756923,0.3464599549770355,0.0021703738940296313,0.1260918617536251,0.1253792342380183,333,254.3870148409655,47.85,nan,0.0078125,0.6869028210639954,0.11962767687831319,0.004418182265986322,0.1687261313199997
6430720,1371.2377375070064,0.04539643757573167,0.37238770723342896,,,,,,,,0.0,0.7528641223907471,0.12880848719203253,-0.003925061027931287,6.13864278793335
6438912,1372.4457097979903,0.04465136880788702,0.28605958819389343,,,,,,,,0.0078125,0.7362045049667358,0.10516690525554141,-0.0016860206158953788,2.5965774059295654
6447104,1373.7033576639951,0.021769697494607998,0.26060792803764343,,,,,,,,0.0,0.6941455602645874,0.15885072416115,-0.00623193692771505,22.078657150268555
6455296,1374.9674603510066,0.022487902745253294,0.21772460639476776,,,,,,,,0.0,0.6472123861312866,0.10457024555828939,-0.005708975127851991,22.98093605041504
6463488,1376.2557267330121,0.047151170767686955,0.2906738221645355,,,,,,,,0.0078125,0.6337968707084656,0.09987132191395881,0.004853593109979067,2.914477825164795
6471680,1377.5961383999966,0.045267427844799715,0.36756592988967896,,,,,,,,0.0,0.7396335601806641,0.1414811235181103,0.0044205364757653924,4.193465232849121
6479872,1378.9697037859878,0.03723458801247397,0.26896974444389343,,,,,,,,0.0078125,0.7417356371879578,0.10792599269494575,-0.0038909657602989945,8.375162124633789
6488064,1380.2521894859965,0.03214374042800471,0.3331298828125,0.0023476418726573467,0.12617580201204828,0.12617580201204828,333,253.52470863881427,49.95,nan,0.0,0.69765305519104,0.16551968014917864,0.010315669675760452,0.12298817932605743
6496256,1381.8230948240089,0.02206205290607029,0.2522949278354645,,,,,,,,0.0,0.7610012292861938,0.12725341015278863,-0.0060036864587924375,16.170610427856445
6504448,1383.100989330007,0.03464657096878579,0.27196046710014343,,,,,,,,0.0078125,0.6915885210037231,0.09640943085566261,-0.007104832834029579,4.156477928161621
6512640,1384.4184016009967,0.027824698724256938,0.30628663301467896,,,,,,,,0.0,0.7225567698478699,0.15483188342836623,0.004209724106874144,0.0751572847366333
6520832,1385.7059720430116,0.024998978712099527,0.2783569395542145,,,,,,,,0.0,0.794784426689148,0.11610800310603539,-0.0029951030753594798,2.428384780883789
6529024,1387.0365096619935,0.024932691588746756,0.28468018770217896,,,,,,,,0.0078125,0.6923978328704834,0.11542349501379205,0.0029360904276039663,0.10364917665719986
6537216,1388.3640858709987,0.022039727116658824,0.262939453125,,,,,,,,0.0,0.7436476349830627,0.14963986641150587,0.0037685424157342926,0.040848515927791595
6545408,1389.6845788240025,0.020511677556374654,0.24351806938648224,,,,,,,,0.0078125,0.7580676674842834,0.1320546782134419,-0.0009550495011529632,0.0962122231721878
6553600,1391.036280371016,0.021139118385522182,0.2521728575229645,0.0013911858857723614,0.14269373944836014,0.1377346022896171,333,248.06856860574305,49.5,nan,0.0,0.7035593390464783,0.16841895229906334,8.016746248707711e-05,0.016355184838175774
6561792,1392.501544349012,0.019162341242140293,0.23886719346046448,,,,,,,,0.0,0.7736601829528809,0.13700842494832693,0.0007240516673037414,0.055802274495363235
6569984,1393.7218843589944,0.019929409341395955,0.24024657905101776,,,,,,,,0.0078125,0.7152624726295471,0.12338093747575285,-0.005016956591429939,0.04659077152609825
6578176,1394.939597908,0.0194175486424595,0.24038086831569672,,,,,,,,0.0,0.7287973165512085,0.15889756281590012,0.0014463350262497177,0.01579621620476246
6586368,1396.1008740559919,0.019336853998881284,0.23277588188648224,,,,,,,,0.0078125,0.7799108624458313,0.12576846886384943,-0.0004902404182334082,0.059582628309726715
6594560,1397.3863661279902,0.0204362878974106,0.24335937201976776,,,,,,,,0.0,0.6900020241737366,0.177198065764184,0.0007725374259254661,0.010034213773906231
6602752,1398.6988560030004,0.018167739263527702,0.22763672471046448,,,,,,,,0.0,0.7581517696380615,0.14459461362859502,-0.0025877158612870217,0.02927430346608162
6610944,1399.9875218129891,0.021471296356897058,0.2535644471645355,,,,,,,,0.0078125,0.7394087314605713,0.1276110606030222,-0.004304305223646847,0.039837099611759186
6619136,1401.2738445489958,0.017933407109086787,0.23201905190944672,0.0007897727011505484,0.13307842529573802,0.13143554711698927,333,250.02542475133762,49.35,nan,0.0,0.7164366841316223,0.1637786064548196,-0.00027516644226716996,0.011140611954033375
6627328,1402.9359306090046,0.020324081664111433,0.2493896484375,,,,,,,,0.0,0.7885328531265259,0.12981418539294629,-0.0010337486368491666,0.04025586321949959
6635520,1404.2844361499883,0.022209191335163882,0.2577270567417145,,,,,,,,0.0078125,0.6944329738616943,0.12718059974282306,0.0003299318438675729,0.016733890399336815
6643712,1405.7585303410015,0.019193631382209506,0.23963622748851776,,,,,,,,0.0,0.7485253214836121,0.14580349528969408,0.00016448011214879418,0.013263776898384094
6651904,1407.2780969179876,0.018766265171439308,0.23614501953125,,,,,,,,0.0078125,0.7663731575012207,0.12446029894169128,-0.004151175997615514,0.04602092131972313
6660096,1408.6947972360067,0.021000775642355026,0.2524047791957855,,,,,,,,0.0,0.7032274007797241,0.1654838073865617,-0.0027298129135243797,0.008478345349431038
6668288,1410.0932197810034,0.017412907872717716,0.22663573920726776,,,,,,,,0.0,0.7760332822799683,0.12863262016766064,-0.0021557643535833368,0.03129255399107933
6676480,1411.4526248420007,0.021095520201550387,0.24139404296875,,,,,,,,0.0078125,0.7191700339317322,0.12278363846867388,-0.0044439812326470375,0.028247831389307976
6684672,1412.851008157013,0.020593977060443896,0.2493896484375,0.0006470364016902819,0.136709893002431,0.132683324991499,333,249.35069429181112,49.5,nan,0.0,0.7323626279830933,0.15263188732992403,-0.000764298485654392,0.011195290833711624
6692864,1414.452564072999,0.021165297833169967,0.25299072265625,,,,,,,,0.0078125,0.7893972396850586,0.12217008036199578,-0.0023447242959545346,0.03865610808134079
6701056,1415.786784425989,0.02031896731342149,0.25031739473342896,,,,,,,,0.0,0.6905126571655273,0.17225929182551591,-0.0013800651032327292,0.011251683346927166
6709248,1417.1271766900027,0.020949970811605222,0.2539916932582855,,,,,,,,0.0,0.7602417469024658,0.12853550853258286,0.0012639232705852215,0.022196128964424133
6717440,1418.5968756480142,0.020083269208123075,0.24724121391773224,,,,,,,,0.0078125,0.7406167984008789,0.11421129053299607,-0.0034382510114842253,0.03423336148262024
6725632,1419.9490176239924,0.01932936414917879,0.24077148735523224,,,,,,,,0.0,0.7146278619766235,0.1538465370041139,0.0013848962861488184,0.00895038153976202
6733824,1421.276817711012,0.020192711768380358,0.24606934189796448,,,,,,,,0.0,0.7875792384147644,0.0975326559595707,-0.004618836229806056,0.06368080526590347
6742016,1422.336053965002,0.02104735566906804,0.2507080137729645,,,,,,,,0.0078125,0.6940600872039795,0.08416404134365679,-0.0021222406145274516,0.018376678228378296
6750208,1423.3739134700154,0.020711200119459885,0.2509399354457855,0.0019501044882793694,0.14015962463223056,0.13584881357249823,333,248.9015966685846,49.2,nan,0.0,0.7428156137466431,0.1485415043287547,-0.0004794635302324893,0.012161508202552795
6758400,1424.6188047369942,0.027432287259744594,0.2877197265625,,,,,,,,0.0078125,0.761106014251709,0.12538828609739466,0.002149752279434218,0.03171263262629509
6766592,1425.6621215330088,0.022194584372436366,0.2713989317417145,,,,,,,,0.0,0.701900064945221,0.16842579200278016,-0.0001023764784883397,0.0050724889151751995
6774784,1426.6787612379994,0.020226300992128216,0.24644775688648224,,,,,,,,0.0,0.7730393409729004,0.1364797791434458,-0.0027374566873139255,0.019951585680246353
6782976,1427.7192086699943,0.023244401936945016,0.26231691241264343,,,,,,,,0.0078125,0.7149097919464111,0.12752802794646628,-0.004667666350250884,4.77515172958374
6791168,1428.7255500869942,0.19463621369472556,0.19316406548023224,,,,,,,,0.0,0.6881400942802429,0.14065108357319372,-0.01877925475122956,0.6953372955322266
6799360,1429.768463520013,0.26206205351498923,0.19361571967601776,,,,,,,,0.0078125,0.7384270429611206,0.12109654103242717,-0.01715281929312299,1.6379406452178955
6807552,1430.7811225320038,0.027019741738662752,0.2921386659145355,,,,,,,,0.0,0.6897252798080444,0.1737209875506467,0.0030932671619581286,0.014905433170497417
6815744,1431.7910161979962,0.025149515700217076,0.2927612364292145,0.0026749706606795653,0.13858067867587187,0.1337484482606676,333,249.7380229686558,49.5,nan,0.0,0.7591016888618469,0.13270472998708585,6.608726647470455e-05,0.03798755630850792
6823936,1434.3125337070087,0.02108594541496856,0.24996338784694672,,,,,,,,0.0078125,0.7426707148551941,0.11941832073075402,-0.003197181179073952,0.03041655384004116
6832128,1440.6775753149996,0.022559832544658518,0.2627929747104645,,,,,,,,0.0,0.7173790335655212,0.1548896768866635,-0.0016391264764666217,0.008570797741413116
6840320,1446.8015094870061,0.020966331438605518,0.24940185248851776,,,,,,,,0.0,0.7875986695289612,0.12448235705032284,-0.0031427618478528,0.9957374930381775
6848512,1452.8963396380132,0.02317768688033118,0.22049561142921448,,,,,,,,0.0078125,0.6774117946624756,0.11550995107393293,-6.076080316827024e-05,9.769844055175781
6856704,1458.8974997150071,0.09031346449731374,0.23768310248851776,,,,,,,,0.0,0.7052841782569885,0.13174714917927655,-0.012415535955274228,13.744475364685059
6864896,1465.3559929059993,0.06464593177551581,0.23092041909694672,,,,,,,,0.0078125,0.690649151802063,0.10827307412614195,0.0012031389901423911,4.33774471282959
6873088,1472.0316607220157,0.0287560071731803,0.31279298663139343,,,,,,,,0.0,0.7029477953910828,0.1590514279279256,0.002646355739014533,0.0454380176961422
6881280,1478.5286803639901,0.029123616827699303,0.31109619140625,0.004929537339949386,0.14103662702452618,0.13557473012073953,333,249.5210533556531,49.35,nan,0.0,0.7764829993247986,0.11972005054713802,-0.0006686613916656243,1.1732797622680664
6889472,1486.3652882039896,0.026306488029063393,0.2913452088832855,,,,,,,,0.0078125,0.7153727412223816,0.11314856134592416,0.001582908295425658,0.27977609634399414
6897664,1492.6353195050033,0.023391671147096463,0.2686523497104645,,,,,,,,0.0,0.7277611494064331,0.15520087468269436,0.0015877852954531636,0.020186206325888634
6905856,1498.667709256988,0.02153821187203117,0.26005861163139343,,,,,,,,0.0078125,0.787893533706665,0.12262335435398657,-0.00023796502067041788,0.09558197110891342
6914048,1504.7143668280041,0.020038161980913485,0.246337890625,,,,,,,,0.0,0.6902501583099365,0.1720738506210656,0.0003385558319274054,0.012229546904563904
6922240,1510.8531157409889,0.018868241346916545,0.23424072563648224,,,,,,,,0.0,0.7601748704910278,0.13876346027820746,-0.00021336776470907935,0.024808986112475395
6930432,1516.959137777012,0.02117071178416091,0.25123292207717896,,,,,,,,0.0078125,0.7438039183616638,0.12277478698834704,-0.003868423664590666,0.031757235527038574
6938624,1523.1150323880138,0.02157003324906064,0.2636474668979645,,,,,,,,0.0,0.7126579880714417,0.1627471979336858,-0.0028340923760265904,0.008218844421207905
6946816,1529.3121512230136,0.019171900249164455,0.24044190347194672,0.001449881214103721,0.1344910256629658,0.130897748770808,333,248.97346255157842,49.35,nan,0.0,0.7855561375617981,0.12910294476197026,-0.0030150495866449276,0.02628643810749054
6955008,1537.023793233995,0.021486296156350265,0.25303956866264343,,,,,,,,0.0078125,0.695077657699585,0.12651850947435234,-0.002588174124693011,0.010266998782753944
6963200,1543.2565690100018,0.017536579202128,0.2235107421875,,,,,,,,0.0,0.7410553097724915,0.14330596991761335,-0.0033877813454567447,0.012634566985070705
6971392,1549.7077283539984,0.019450654546484154,0.23924560844898224,,,,,,,,0.0078125,0.7630853652954102,0.12156430772378335,-0.004297099752507469,0.031328942626714706
6979584,1556.170767750009,0.01875055566941977,0.23579101264476776,,,,,,,,0.0,0.6985619068145752,0.17494353750502553,-0.0026051494823921117,0.007873797789216042
6987776,1562.7795059400087,0.018605405596134952,0.23774413764476776,,,,,,,,0.0,0.7677196860313416,0.13532735773206794,-0.002988016518161473,0.0208464115858078
6995968,1565.5298395040154,0.022476812174814884,0.25483399629592896,,,,,,,,0.0078125,0.7180762887001038,0.12626121695231637,-0.003962016550061223,0.015877816826105118
7004160,1566.3398646000132,0.020819942141198755,0.25450441241264343,,,,,,,,0.0,0.7253479361534119,0.15402824032803256,-0.0010240816748561398,0.007269723806530237
7012352,1567.1878357699898,0.022551942408170968,0.25733643770217896,0.0019826803073544896,0.13333056672416777,0.12869873109769184,333,250.724082646521,49.35,nan,0.0078125,0.7875655889511108,0.12001239584480117,-0.000987937054616124,0.0337706133723259
7020544,1568.1863141990034,0.020542651926770555,0.24964599311351776,,,,,,,,0.0,0.6886576414108276,0.17157931833116868,-0.0002026038450281917,0.005264820996671915
7028736,1569.0530951500114,0.03278329418669606,0.3383422791957855,,,,,,,,0.0,0.7619599103927612,0.13547440092686477,-0.0026322303319546636,1.7785751819610596
7036928,1569.8954384370008,0.05386849380415292,0.20860596001148224,,,,,,,,0.0078125,0.7390617728233337,0.11798422286773563,-0.009973208261325653,0.6331087350845337
7045120,1570.7384740069974,0.02525181035037709,0.2842773497104645,,,,,,,,0.0,0.713449239730835,0.15097647252131857,0.00047050821764809363,0.011511740274727345
7053312,1571.596471944009,0.024808053001556075,0.24898682534694672,,,,,,,,0.0,0.7869352698326111,0.11771829109622564,-0.001124081039606056,0.6627959609031677
7061504,1572.4665071119962,0.05059012022105665,0.26019287109375,,,,,,,,0.0078125,0.6929197311401367,0.11450170152548682,-0.005231774705842768,0.3183092176914215
7069696,1573.2892289480078,0.024510397924862877,0.2840942442417145,,,,,,,,0.0,0.7457365393638611,0.13445584250905554,0.000845302887578554,0.18100528419017792
7077888,1574.133389383991,0.030747154804060324,0.27650147676467896,0.003611458761099473,0.13136661387362197,0.12660704168372142,333,251.59221362687651,49.5,nan,0.0078125,0.7450565695762634,0.10627727151401908,-0.0035054651857909375,2.803278923034668
7086080,1575.1246196790016,0.025560999497007422,0.2859252989292145,,,,,,,,0.0,0.7031040191650391,0.1688667846867357,0.0036509541751018164,0.013687768951058388
7094272,1576.0569068120094,0.036172711070846235,0.31242677569389343,,,,,,,,0.0,0.7766639590263367,0.12914281233914385,-0.00021505214794190512,2.1833035945892334
7102464,1577.0801591050113,0.07326252907817564,0.26685792207717896,,,,,,,,0.0078125,0.7112953066825867,0.11825416226137969,-0.009407359533961865,0.30900222063064575
7110656,1578.1901995869994,0.02497627362903443,0.2860473692417145,,,,,,,,0.0,0.7334301471710205,0.15326015933321807,0.0037953481242674367,0.026918375864624977
7118848,1579.51588209701,0.027750738673311043,0.24892579019069672,,,,,,,,0.0078125,0.7971963286399841,0.11855766293808183,-0.004332732781835243,0.6439410448074341
7127040,1580.8164593859983,0.021218724602526738,0.2545532286167145,,,,,,,,0.0,0.6922498941421509,0.17341081450166498,0.0008373946250959058,0.01339587103575468
7135232,1581.8175504399987,0.023976173888917058,0.2833007872104645,,,,,,,,0.0,0.7715245485305786,0.13127801753577775,-0.00016092984437377934,0.027870124205946922
7143424,1582.8088564799982,0.027443496566753878,0.27281495928764343,0.0014361594766983954,0.12794459888172435,0.12286476180413852,333,253.61909538362352,47.85,nan,0.0078125,0.7335315346717834,0.10814602830181594,-0.0045483787358485805,4.202922821044922
7151616,1584.1200911760097,0.02539658859179817,0.2895874083042145,,,,,,,,0.0,0.7186594605445862,0.15301815227518137,-1.2036326828194231e-05,0.019179975613951683
7159808,1585.249573914014,0.02647494055867903,0.29399415850639343,,,,,,,,0.0,0.8013594746589661,0.11625432707602842,-0.0014481544997087953,0.9498063921928406
7168000,1586.3417480369972,0.03299147998985561,0.28935548663139343,,,,,,,,0.0078125,0.7018181681632996,0.11234997868857159,-0.004145877704792517,0.08079331368207932
7176192,1587.4159928949957,0.023370860461448557,0.2757934629917145,,,,,,,,0.0,0.7556757926940918,0.13674377356444858,-0.0006357277406288121,0.028766030445694923
7184384,1588.4676102430094,0.04421215730905168,0.2567993104457855,,,,,,,,0.0078125,0.7808351516723633,0.11038491157761654,-0.0069004281458357065,0.999668300151825
7192576,1589.5299981500139,0.032415856609464576,0.3197021484375,,,,,,,,0.0,0.700628399848938,0.16092076408315897,-0.003603239082899377,12.215033531188965
7200768,1590.6211547499988,0.049672466396537246,0.24696044623851776,,,,,,,,0.0,0.7499433755874634,0.11723051677653618,-0.008813994765746184,6.456422328948975
7208960,1591.7200547590037,0.02443320209010202,0.23179931938648224,0.0006581073872753418,0.12566411515775555,0.12082121071105134,333,253.9352360154977,49.2,nan,0.0078125,0.6973807215690613,0.10597080503489606,-0.009265860425925155,20.191267013549805
7217152,1593.1553360320104,0.0645034046505046,0.31712648272514343,,,,,,,,0.0,0.7080466747283936,0.14628125467404954,-0.0015874767396938207,0.6954129934310913
7225344,1594.2616809669998,0.13735919775208874,0.3084350526332855,,,,,,,,0.0078125,0.7641046047210693,0.10946917730601621,-0.00940419755450095,4.497148036956787
7233536,1595.3734552079986,0.02708430647835232,0.29462891817092896,,,,,,,,0.0,0.6922404170036316,0.1677543631868509,0.007240327228234366,0.022156639024615288
7241728,1596.5320503129915,0.026119354402748585,0.30115967988967896,,,,,,,,0.0,0.7730580568313599,0.13173725337336992,-0.00024922523781442126,0.047595370560884476
7249920,1597.692246577004,0.03751951811013866,0.24501954019069672,,,,,,,,0.0078125,0.7489016056060791,0.11148380157075083,-0.006887335306712947,2.802034854888916
7258112,1598.8954191340017,0.02989580028442177,0.3162597715854645,,,,,,,,0.0,0.7213636636734009,0.15112904673684624,-0.004253920052695608,6.338210582733154
7266304,1600.0243186680018,0.1900211727005946,0.22622071206569672,,,,,,,,0.0,0.7469877600669861,0.10243632681240337,-0.014784638865570847,11.807204246520996
7274496,1601.220859160996,0.03802249371227548,0.32777100801467896,0.0016510612444016193,0.12659907475345603,0.12231038152337219,333,254.28166457505063,49.2,nan,0.0078125,0.6872209906578064,0.09997508822357831,0.006391390340664944,0.44593387842178345
7282688,1602.6015884320077,0.0373039881723183,0.33746337890625,,,,,,,,0.0,0.7408057451248169,0.1396220338747131,0.0006067199247711729,10.841934204101562
7290880,1603.8061794899986,0.10145458834044968,0.24311523139476776,,,,,,,,0.0078125,0.7433764934539795,0.10279478839470761,-0.011097338966073084,2.612762451171875
7299072,1605.0296693310083,0.030878142515936194,0.3101806640625,,,,,,,,0.0,0.7056901454925537,0.16151966847670313,0.004982977919145666,0.03920939192175865
7307264,1606.2415193149936,0.026778666871506242,0.29017335176467896,,,,,,,,0.0,0.7894285917282104,0.11133983962499036,-0.0025449577729159487,3.987276554107666
7315456,1607.4093778330134,0.07513329721376838,0.2782836854457855,,,,,,,,0.0078125,0.7093181014060974,0.10617244127779712,-0.004218286075268742,1.8262321949005127
7323648,1608.603134953999,0.023927868117861448,0.25401613116264343,,,,,,,,0.0,0.7133858799934387,0.14802402805986728,-0.008106346001001848,22.7723445892334
7331840,1609.8200287529908,0.10435808379303523,0.25749513506889343,,,,,,,,0.0078125,0.6949759721755981,0.10467133504755063,0.00032926037303662487,6.2784743309021
7340032,1610.966539585992,0.03093582480454778,0.3141113221645355,0.001723260943440219,0.12446123755381334,0.1225150735617006,333,254.2125699529739,49.2,nan,0.0,0.6899594068527222,0.1726875165843864,-0.0026231864294206744,15.597195625305176
7348224,1612.3574616860133,0.026208652716892024,0.25432130694389343,,,,,,,,0.0,0.6825035810470581,0.12979415914501716,-0.006757622592533464,28.07550048828125
7356416,1613.5002787339909,0.04126913022610334,0.2883544862270355,,,,,,,,0.0078125,0.6454835534095764,0.11342447166837312,0.004035462142517733,9.229186058044434
7364608,1614.5939118929964,0.033937547176687954,0.34998780488967896,,,,,,,,0.0,0.716575562953949,0.15910083173025522,0.004199150843235285,0.28204602003097534
7372800,1615.7431146379968,0.02340227475094906,0.2643066346645355,,,,,,,,0.0,0.7849698662757874,0.11905426716256033,-0.006834871493833815,16.922550201416016
7380992,1616.9289125720097,0.0331040669620826,0.31053468585014343,,,,,,,,0.0078125,0.6848238706588745,0.111071692729814,0.005216470821409705,0.6073682904243469
7389184,1618.0799302489904,0.037997207074873654,0.3619140684604645,,,,,,,,0.0,0.7567348480224609,0.13642300135339708,0.004664886986145553,0.12929336726665497
7397376,1619.1943966769904,0.026388867818713465,0.28361818194389343,,,,,,,,0.0078125,0.7918004989624023,0.11105625172174594,-0.004797035630897653,0.9075427055358887
7405568,1620.3002696500043,0.025309270296076682,0.28382569551467896,0.001599459321987018,0.12991492347719436,0.12772619052332898,333,252.2353069021109,49.35,nan,0.0,0.7004685997962952,0.1712211659350172,0.002216190219654462,0.013467519544064999
7413760,1621.7620942830108,0.027117799417052953,0.2971435487270355,,,,,,,,0.0,0.7809756398200989,0.13088697605214208,0.001451280294203853,0.043177973479032516
7421952,1622.986750348995,0.03555562179213855,0.2490234375,,,,,,,,0.0078125,0.7177929878234863,0.1169077238359383,-0.005879661529359779,0.8599328994750977
7430144,1624.2176877130114,0.02295304315202798,0.2718261778354645,,,,,,,,0.0,0.7329897880554199,0.14965393000111107,-0.0008745265630930151,0.02623005025088787
7438336,1625.5118545489968,0.019393680554710982,0.23861084878444672,,,,,,,,0.0078125,0.8087247610092163,0.1084104684605259,-0.006597633236329792,5.631497383117676
7446528,1626.761368167994,0.020404277878347588,0.24390868842601776,,,,,,,,0.0,0.6890177130699158,0.16975920375127554,0.0028643146913678655,0.024037478491663933
7454720,1627.9784416219918,0.019870445370744633,0.24573974311351776,,,,,,,,0.0,0.7682620882987976,0.13004863975999217,0.0005433025760560547,0.05191975459456444
7462912,1629.2088703420013,0.06431036563722907,0.2555297911167145,,,,,,,,0.0078125,0.7518569231033325,0.11313448383186961,-0.004780200764484727,1.2790381908416748
7471104,1630.5224583389936,0.027462372337927938,0.2885498106479645,0.0013259803982607066,0.12294712081267795,0.12079730439596292,333,255.54375385888426,49.5,nan,0.0,0.7188334465026855,0.14612020044902246,-0.004391818723740805,12.434462547302246
7479296,1632.1351841230062,0.021079077591814665,0.17863769829273224,,,,,,,,0.0,0.6934245824813843,0.10891370254982652,-0.008397352430571116,23.031490325927734
7487488,1633.4161943980143,0.07034832174478939,0.2818237245082855,,,,,,,,0.0078125,0.6737567782402039,0.10142394837207748,-0.006854292296633015,1.8662303686141968
7495680,1634.6808634629997,0.024291335001648012,0.28197023272514343,,,,,,,,0.0,0.7470783591270447,0.132789428839251,-0.0033686588627368946,9.197511672973633
7503872,1635.9477060280042,0.04165488180887361,0.24223633110523224,,,,,,,,0.0078125,0.738816499710083,0.11201348740568141,-0.003649234688622971,6.999940395355225
7512064,1637.2150301010115,0.03539019964714524,0.3482299745082855,,,,,,,,0.0,0.7038756012916565,0.15979068596656928,0.006101469398458334,0.23356275260448456
7520256,1638.4527202740137,0.030047885727526508,0.28553467988967896,,,,,,,,0.0,0.774681568145752,0.12594682201143956,-0.0024919109021218013,4.43071985244751
7528448,1639.9127852660022,0.06777943811150537,0.26148682832717896,,,,,,,,0.0078125,0.7128726243972778,0.10953106373445975,-0.005670943971037425,0.38429245352745056
7536640,1641.2929114110011,0.041424229907332216,0.34215089678764343,0.0017196368557976793,0.12815140133833594,0.125683021067614,333,253.35063723535887,49.2,nan,0.0,0.7283018827438354,0.15210835282439059,-0.0024591427805566706,9.600887298583984
7544832,1643.0190418990096,0.10125134489419117,0.26739501953125,,,,,,,,0.0078125,0.7615841627120972,0.11423100968780465,-0.002720026264873755,5.561361312866211
7553024,1644.2822085410007,0.029537387206264722,0.3140625059604645,,,,,,,,0.0,0.6898604035377502,0.16872183211212302,0.003567409059398823,0.03361945599317551
7561216,1645.5743352760037,0.02561960196083628,0.28197023272514343,,,,,,,,0.0,0.766114354133606,0.12651515432175695,-0.001654744743047395,8.674676895141602
7569408,1646.8500049730064,0.028141438955294897,0.23984375596046448,,,,,,,,0.0078125,0.7363465428352356,0.11269648213455147,-0.0046543848455676,2.6627159118652344
7577600,1648.1326392779883,0.016245019001027584,0.20301513373851776,,,,,,,,0.0,0.6744373440742493,0.13419587177584513,-0.00744024440064954,42.2042236328125
7585792,1649.4321652520157,0.49521511030844806,0.23226319253444672,,,,,,,,0.0,0.6285020709037781,0.11322229654750297,0.020372771964784046,11.262714385986328
7593984,1650.7423226679966,0.030641527707712436,0.2853637635707855,,,,,,,,0.0078125,0.673516035079956,0.10917907340656074,0.003421974595409942,2.045387029647827
7602176,1652.0404510610097,0.04403960330090114,0.38337403535842896,0.0005288233031531808,0.13480784561698936,0.13164166785502504,333,250.07898095797242,49.2,nan,0.0,0.7455892562866211,0.11752395981399455,0.0022507735234448246,1.0454339981079102
7610368,1653.5795952180051,0.04452152714452243,0.30644533038139343,,,,,,,,0.0078125,0.7652865648269653,0.11086492073139698,-0.0017535515434620556,0.987102210521698
7618560,1654.8064391830121,0.03592188905768995,0.33033448457717896,,,,,,,,0.0,0.7005415558815002,0.1632546148311808,-0.002100446049655334,6.991024971008301
7626752,1656.0382008920133,0.0637352914754035,0.33013916015625,,,,,,,,0.0,0.7557744383811951,0.13044092243850466,-8.479342892799836e-05,2.2434842586517334
7634944,1657.2967653810047,0.04205305908242044,0.3276733458042145,,,,,,,,0.0078125,0.7240166664123535,0.12052776367356048,0.000926882985275122,0.5435256361961365
7643136,1658.4829900240002,0.027256835271428432,0.30412599444389343,,,,,,,,0.0,0.7289630770683289,0.14960920744350345,0.0029040771961868815,0.05640837177634239
7651328,1659.7017755040142,0.025361887071256885,0.28619384765625,,,,,,,,0.0078125,0.8066146373748779,0.1137831686039456,0.0018294198274830158,0.07170624285936356
7659520,1660.964833017002,0.021718919007495757,0.25798341631889343,,,,,,,,0.0,0.687127411365509,0.17390542302663542,0.0018049280444759098,0.015789395198225975
7667712,1662.1691444390162,0.0219450493236233,0.2610839903354645,0.0002361853057532004,0.13248891272855068,0.1288461142957867,333,251.40496040499914,49.2,nan,0.0,0.7634403109550476,0.13889708320788555,-0.0009434485217466719,0.02345983125269413
7675904,1663.7611312640074,0.020222857543073913,0.24521484971046448,,,,,,,,0.0078125,0.7606448531150818,0.12096329784748643,-0.0019074278750120565,0.03793038800358772
7684096,1665.0837534620077,0.020105563690140667,0.2454833984375,,,,,,,,0.0,0.7156900763511658,0.15469315232156933,-0.0017251592480691644,0.018757624551653862
7692288,1666.372532614012,0.020493244134398205,0.2523437440395355,,,,,,,,0.0,0.8005061149597168,0.1190826289413644,-0.002873216865430491,0.037568360567092896
7700480,1667.7569488259905,0.022379827905709956,0.25938722491264343,,,,,,,,0.0078125,0.7084606289863586,0.11546348155032997,-0.001825140885675701,0.020246848464012146
7708672,1669.1217965240066,0.021051517481397736,0.2552856504917145,,,,,,,,0.0,0.7486364841461182,0.1430162288128986,-0.003074608318493806,0.015277834609150887
7716864,1670.514143234992,0.019113864997480984,0.23349609971046448,,,,,,,,0.0078125,0.7904701828956604,0.11493116682910193,-0.0036922974524322832,0.04040686413645744
7725056,1671.9013281020161,0.017821429510097405,0.22465820610523224,,,,,,,,0.0,0.7020220160484314,0.16954843582418982,-0.0025976808878545136,0.0128920404240489
7733248,1673.2712167680147,0.019494909144341727,0.24332275986671448,0.00035131054881110124,0.1276480764023995,0.12382319270141386,333,253.63034419430969,49.2,nan,0.0,0.7851076722145081,0.12506178199860093,-0.0014761479966287547,0.028676141053438187
7741440,1674.9809839829977,0.019021070112373254,0.2275390625,,,,,,,,0.0078125,0.7382205724716187,0.11460894094725033,-0.004149267153931548,0.027898645028471947
7749632,1676.3483655150048,0.018992556015696604,0.23408202826976776,,,,,,,,0.0,0.736224353313446,0.14287620807533688,-0.0030736052347762038,0.015458568930625916
7757824,1677.7048586969904,0.01968967057923084,0.24495850503444672,,,,,,,,0.0078125,0.8208922147750854,0.10386562051252651,-0.001589710313940454,0.04953984171152115
7766016,1679.0927319180046,0.01987823350169229,0.23105469346046448,,,,,,,,0.0,0.6815277934074402,0.16736163357861672,-0.004789725998481668,17.643857955932617
7774208,1680.3555859700136,0.017462806314375363,0.16215820610523224,,,,,,,,0.0,0.6885432004928589,0.12120261864415886,-0.008805775268838004,14.58971118927002
7782400,1681.6895001920057,0.03530073701522423,0.18892823159694672,,,,,,,,0.0078125,0.6854670643806458,0.09995746966792285,-0.007149445907595054,7.309422492980957
7790592,1683.0204446369899,0.01648804915162727,0.20411376655101776,,,,,,,,0.0,0.6747118234634399,0.15017808804240002,-0.007671294577397063,29.545804977416992
7798784,1684.3897703390103,0.06148690334466143,0.2728637754917145,0.00029520748712952294,0.12660895451550042,0.12344520285722899,333,253.59206682291244,49.35,nan,0.0,0.6867541670799255,0.10719298539639682,0.01641776770204376,12.047965049743652
7806976,1687.4031157619902,0.01958632778296029,0.21104736626148224,,,,,,,,0.0078125,0.6713095903396606,0.10244514857757418,-0.005052594565139801,28.62147331237793
7815168,1694.1576201260032,1.5248783064810074,0.28656005859375,,,,,,,,0.0,0.6458284854888916,0.12507891462962858,-0.0014729734369674599,5.929579257965088
7823360,1700.801989827014,0.4315342659092137,0.2621093690395355,,,,,,,,0.0078125,0.6446729898452759,0.0944082786523722,0.005996092463507861,10.71655559539795
7831552,1707.9257142140123,0.03741936671057444,0.35712891817092896,,,,,,,,0.0,0.7022835612297058,0.1579791607838002,0.007977939482104303,0.32510682940483093
7839744,1714.957646232011,0.031873162610665355,0.33074951171875,,,,,,,,0.0,0.7863040566444397,0.12038373932178703,0.00507343475415358,0.1869480460882187
7847936,1722.3907329910144,0.02468590649662978,0.2642578184604645,,,,,,,,0.0078125,0.7333472371101379,0.11667085748624112,0.0010760151701288054,0.40021538734436035
7856128,1729.2075979530055,0.026210387715736784,0.29302978515625,,,,,,,,0.0,0.7304060459136963,0.133155419608947,0.0009324790284412648,0.057843711227178574
7864320,1735.9418535199948,0.024211054699228924,0.27409669756889343,0.000765379979601466,0.13764356580172746,0.1337269693551604,333,250.09263932575544,49.5,nan,0.0078125,0.8079113960266113,0.10279560459034615,0.0010271716899535987,0.21720658242702484
7872512,1744.3824790950166,0.023884758945294023,0.2788452208042145,,,,,,,,0.0,0.6862173676490784,0.17869690556132514,-5.24951829776142e-05,0.01464876253157854
7880704,1750.8084400160005,0.023319000187054267,0.26885986328125,,,,,,,,0.0,0.7594903111457825,0.1421696323529065,-0.0005505140310264535,0.03774651139974594
7888896,1757.0576798900147,0.019426980650357445,0.24050293862819672,,,,,,,,0.0078125,0.7574535608291626,0.12461205346785599,-0.003563381200438673,0.06373631954193115
7897088,1763.360712344991,0.018000295824841195,0.23040771484375,,,,,,,,0.0,0.712041437625885,0.16538249002540578,-0.0017872391559343795,0.012344753369688988
7905280,1769.713668417011,0.019341287441367545,0.23581543564796448,,,,,,,,0.0,0.7895588874816895,0.12685660821168887,-0.000702953850527384,0.049915462732315063
7913472,1776.592053919012,0.021230976069694825,0.25849610567092896,,,,,,,,0.0078125,0.7065871953964233,0.12139010094846348,-0.003947115722859915,0.024287793785333633
7921664,1783.1738794459961,0.01933801236207197,0.23822021484375,,,,,,,,0.0,0.741277813911438,0.14247880683214417,-0.0037832470372904034,2.7248847484588623
7929856,1789.7407734630106,0.13646553790277322,0.22779540717601776,0.0008126161367481011,0.1360179884497057,0.13250748678420118,333,250.34835879905296,49.5,nan,0.0078125,0.7495934367179871,0.12114909211294117,-0.008021799929413842,0.7101515531539917
7938048,1803.0694471379975,0.02319580578419332,0.2725463807582855,,,,,,,,0.0,0.6991976499557495,0.16984872626046948,0.0018607737003126512,0.012180197052657604
7946240,1812.8653778640146,0.026001271309710472,0.2914062440395355,,,,,,,,0.0,0.7775779962539673,0.10812286394592258,-0.001992571128093061,0.6032703518867493
7954432,1819.637811330991,0.019672529900182166,0.23646239936351776,,,,,,,,0.0078125,0.7346583008766174,0.10286813262790093,1.418554815883536e-05,0.11391246318817139
7962624,1827.3153682890115,0.02349145621911533,0.2714599668979645,,,,,,,,0.0,0.7284915447235107,0.15169287648409885,5.4239211023554215e-05,0.02169138565659523
7970816,1835.175174081989,0.021331021440569954,0.25408935546875,,,,,,,,0.0078125,0.8105756640434265,0.11564838886294679,-0.000739429835851663,0.0850556269288063
7979008,1842.7706738139968,0.02119832862534274,0.25518798828125,,,,,,,,0.0,0.6862741708755493,0.17513492783433668,-0.0006220502132169005,0.00854948814958334
7987200,1850.6854140429932,0.021046278566499335,0.25346681475639343,,,,,,,,0.0,0.7640937566757202,0.12457284650679976,-0.0027078483818336187,0.049241721630096436
7995392,1853.2961541860132,0.02239763954943335,0.22867432236671448,0.0003813398969713111,0.13063633963891105,0.12819642224481326,333,251.35122467078807,49.35,nan,0.0078125,0.7619693279266357,0.10048424264610953,-0.0061043686644833605,0.1924314796924591
8003584,1854.7024260780017,0.021965361344316165,0.26472169160842896,,,,,,,,0.0,0.7154638171195984,0.15472540625300701,-0.0002786483842247568,0.07078800350427628
8011776,1855.7530786930001,0.14500481547169963,0.21505127847194672,,,,,,,,0.0,0.750439465045929,0.12039426172332236,-0.009507163191828347,4.71582555770874
8019968,1856.882305909996,0.049692496177759796,0.22249756753444672,,,,,,,,0.0078125,0.6924803256988525,0.1165636817957203,-0.00869022736152642,0.21170197427272797
8028160,1858.0784023400047,0.03603525645864122,0.34844970703125,,,,,,,,0.0,0.7466353178024292,0.136541628513215,-0.004257285854101795,7.025519847869873
8036352,1859.307135665993,0.03574371986255477,0.2582763731479645,,,,,,,,0.0078125,0.7718181014060974,0.11164802931911821,-0.002598226964707039,2.0940563678741455
8044544,1860.532401486009,0.025097828949846735,0.28691408038139343,,,,,,,,0.0,0.6992776393890381,0.16777463469355758,0.003169371261032284,0.032928671687841415
8052736,1861.6988749550073,0.10703893915844856,0.28742676973342896,,,,,,,,0.0,0.741435170173645,0.12601725126386376,-0.007447423191339984,12.559001922607422
8060928,1862.7875526940043,0.07650843704127856,0.21727295219898224,0.0022857647340663867,0.13238584436583037,0.1266384809891185,333,252.27445832130488,49.2,nan,0.0078125,0.6922653913497925,0.11367503200597251,0.022060292260318543,1.8393105268478394
8069120,1864.1670972570137,0.02681666289970408,0.3064208924770355,,,,,,,,0.0,0.7311145663261414,0.15201037584640278,0.003173698726696439,0.03999786451458931
8077312,1865.3026693070133,0.026883015070302774,0.2983032166957855,,,,,,,,0.0078125,0.8200980424880981,0.1152841294134102,1.6016844785983128e-06,0.09431805461645126
8085504,1866.4806385650008,0.02092043060148962,0.2531494200229645,,,,,,,,0.0,0.6878427267074585,0.17217950076263136,0.0017167383969081556,0.018115540966391563
8093696,1867.61792999701,0.020288699476304378,0.24810791015625,,,,,,,,0.0,0.7717829942703247,0.1320171152572868,-0.000826639921798537,0.02941371500492096
8101888,1868.659166307014,0.031988048103917074,0.24105225503444672,,,,,,,,0.0078125,0.7637197971343994,0.11217103725746962,-0.00462277740607075,2.289597272872925
8110080,1869.6051852109958,0.022475333705290142,0.2625976502895355,,,,,,,,0.0,0.7146545052528381,0.15526228575139772,0.0019422404875118647,0.018560322001576424
8118272,1870.5967451820034,0.027625652045326604,0.29698488116264343,,,,,,,,0.0,0.8046082258224487,0.11127717386189455,-0.0026364359217519876,2.7186827659606934
8126464,1871.5894144350023,0.03389281760954976,0.2651733458042145,0.0006858165154165485,0.1281409028153875,0.12322145953443892,333,253.19022438185675,49.2,nan,0.0078125,0.7046531438827515,0.1045536708198321,0.0009644439887251049,0.1480739712715149
8134656,1872.9566037130135,0.02419094938809698,0.2791503965854645,,,,,,,,0.0,0.7461612224578857,0.1427716910821315,-0.0022676784532643206,0.02560984529554844
8142848,1874.0961071100028,0.025587421034376626,0.27705079317092896,,,,,,,,0.0078125,0.7907820343971252,0.1184885969564481,-0.00180566233999237,0.8548490405082703
8151040,1875.2621336320008,0.02227962354019826,0.26915284991264343,,,,,,,,0.0,0.7003861665725708,0.16824412075529974,0.00023206879270742204,0.013288293965160847
8159232,1876.4584935210005,0.021595116028232147,0.2623046934604645,,,,,,,,0.0,0.7837572693824768,0.13058080260643207,0.0015940268034729073,0.037317533046007156
8167424,1877.7196163379995,0.021816365069804545,0.26520997285842896,,,,,,,,0.0078125,0.7410444021224976,0.11700531971163008,-0.005039817315621282,5.999488830566406
8175616,1878.9604152399988,0.039111899398956276,0.25084230303764343,,,,,,,,0.0,0.6938956379890442,0.1459871111919282,-0.0014286962035283126,5.250865459442139
8183808,1880.184179302014,0.6146523523904659,0.22250977158546448,,,,,,,,0.0078125,0.7168474197387695,0.11179648162988136,-0.02163000737588445,1.6806442737579346
8192000,1881.3578035329992,0.02436749609259955,0.27729493379592896,0.0005034305868069078,0.1338390971408383,0.13050192351776527,333,251.53648703489176,49.5,nan,0.0,0.6844587326049805,0.1770184052546163,0.004643315551468522,0.04469161853194237
8200192,1882.9504382300074,0.024536580779646745,0.28350830078125,,,,,,,,0.0,0.7595981955528259,0.1438298314925173,0.001087495513806922,0.029132604598999023
8208384,1884.316671203007,0.02185708605345904,0.26191407442092896,,,,,,,,0.0078125,0.7632917165756226,0.12496391195603578,-0.0013525954922742375,0.03641205653548241
8216576,1885.6148937940015,0.021410345469602632,0.25640869140625,,,,,,,,0.0,0.7129897475242615,0.16462650458659983,-0.0002635904420912294,0.016869409009814262
8224768,1886.9139461799932,0.01924882162885997,0.24393311142921448,,,,,,,,0.0,0.7963150143623352,0.12624226271416616,-0.001508700680645948,0.03510133549571037
8232960,1888.2246268379968,0.020596821241767614,0.24895019829273224,,,,,,,,0.0078125,0.7122855186462402,0.12188785050485484,-0.0023668956627990647,0.023866800591349602
8241152,1889.41669481399,0.027970401652751765,0.30708009004592896,,,,,,,,0.0,0.7417481541633606,0.1385673731396499,-0.003982976235845791,2.988243818283081
8249344,1890.6603470460104,0.030509454727333903,0.23765869438648224,,,,,,,,0.0078125,0.7807407379150391,0.09775178231347889,-0.00568109036572897,1.9932011365890503
8257536,1891.9097970809962,0.021487847138507418,0.2594238221645355,0.0006806480680210392,0.13382561487970482,0.13017749551395172,333,251.26148982809042,49.5,nan,0.0,0.6984402537345886,0.1702748624634331,-0.0020605460634798905,0.028921907767653465
8265728,1893.598873587005,0.019916814733861823,0.24729004502296448,,,,,,,,0.0,0.777977466583252,0.1331597776263894,0.003173849108263593,0.05381817743182182
8273920,1894.6649499399937,0.021584260875526624,0.25920411944389343,,,,,,,,0.0078125,0.7391112446784973,0.1193940768442594,-0.004061683287034014,0.06102688983082771
8282112,1895.7154623230163,0.020995864034802456,0.2544921934604645,,,,,,,,0.0,0.7259863018989563,0.151456152277556,-0.0016935001758070505,0.02418477274477482
8290304,1896.8413206939877,0.01975136784950552,0.23820801079273224,,,,,,,,0.0,0.8105826377868652,0.11112012835092026,-0.0026027735649380834,0.11176299303770065
8298496,1897.9985471949913,0.019778539501544075,0.24100342392921448,,,,,,,,0.0078125,0.6858019232749939,0.111798929777354,-2.0767804991807943e-05,0.021313371136784554
8306688,1899.1167580090114,0.01957123837833737,0.24030761420726776,,,,,,,,0.0,0.7612364888191223,0.13933308959747664,-0.002873224588288461,0.03163207694888115
8314880,1900.2237417509896,0.026456506124591647,0.23656006157398224,,,,,,,,0.0078125,0.7622449398040771,0.11843343474587081,-0.0064558457134920935,0.3521370589733124
8323072,1901.3286198379938,0.022342755266689468,0.2600463926792145,0.0006019191762862697,0.1293605342742681,0.12621616854344436,333,253.09831393057237,49.2,nan,0.0,0.7126282453536987,0.16056785033570278,0.0007783875244566379,0.024752797558903694
8331264,1902.774916777009,0.019317723090302975,0.23880615830421448,,,,,,,,0.0,0.7985265851020813,0.11942403279055251,-0.0025886181611835916,0.06031506136059761
8339456,1903.8841953240044,0.025028903333074826,0.2831664979457855,,,,,,,,0.0078125,0.715134859085083,0.11502831859847507,-0.00376661376690569,0.039679210633039474
8347648,1905.2306678390014,0.021254922281172834,0.2595458924770355,,,,,,,,0.0,0.7474311590194702,0.13568117964395454,-0.002165605760375032,0.03362296521663666
8355840,1906.5682435740018,0.08055492525543442,0.22641602158546448,,,,,,,,0.0078125,0.7754422426223755,0.10624128681601816,-0.005433786046219745,2.14884352684021
8364032,1907.8644212920044,0.020984435910524915,0.25367432832717896,,,,,,,,0.0,0.6979264616966248,0.16666675133857675,-0.0018102791411667932,0.04691659286618233
8372224,1909.216068751004,0.02717350549939075,0.28599855303764343,,,,,,,,0.0,0.775489091873169,0.12920578667011012,-0.0017041639472621052,2.3748250007629395
8380416,1910.5357362620125,0.0274313145964703,0.2906250059604645,,,,,,,,0.0078125,0.7348085641860962,0.1137532379799365,-0.005356776897966924,0.33100658655166626
8388608,1911.89959890701,0.029795756388738805,0.3121337890625,0.0006879132075671146,0.12389867693034086,0.12101822289071981,333,255.3890911751792,49.35,nan,0.0,0.7286510467529297,0.1436354684615336,-0.005353257904082515,8.128074645996094
8396800,1913.752230129001,0.41872857829173554,0.24824218451976776,,,,,,,,0.0,0.7703994512557983,0.10822543363985875,-0.015538380404223857,2.4894354343414307
8404992,1915.117744777992,0.03786679989263301,0.3468261659145355,,,,,,,,0.0078125,0.686600923538208,0.10830465818404149,-0.0017474603777487977,1.9416254758834839
8413184,1916.5292204660072,0.1382421408285616,0.3606811463832855,,,,,,,,0.0,0.7466414570808411,0.10358778369415317,0.005648601596434308,1.79183030128479
8421376,1917.9442450859933,0.0585422230772277,0.32075196504592896,,,,,,,,0.0078125,0.7625569105148315,0.08362099893260555,0.0001047221020477423,1.9468106031417847
8429568,1919.3497980940156,0.023237880928940163,0.25895997881889343,,,,,,,,0.0,0.6654177904129028,0.1369831553780876,-0.005634580722757347,26.81084632873535
8437760,1920.7434734769922,1.1847651637406647,0.2798828184604645,,,,,,,,0.0,0.577114999294281,0.08700153267839598,-0.006340509504256981,20.546743392944336
8445952,1922.1486209380091,0.04514429824420251,0.27747803926467896,,,,,,,,0.0078125,0.6422333717346191,0.08606102947409452,-0.005487860282825502,15.282838821411133
8454144,1923.5556891860033,0.024450315769697042,0.20909424126148224,0.0006226713234199766,0.11777199705029022,0.1148726146428332,333,258.1824829018548,49.35,nan,0.0,0.524320125579834,0.11741357726245236,-0.004695035828802961,50.44492721557617
8462336,1925.3034532080055,3.1890934184503297,0.3192504942417145,,,,,,,,0.0078125,0.43731915950775146,0.1072654344418138,-0.009230151609390445,16.9700927734375
8470528,1926.7568868300004,0.023048930650834472,0.24700927734375,,,,,,,,0.0,0.6712971925735474,0.13955749136054732,-0.009986446808302943,44.78139877319336
8478720,1928.086266806,0.1923803545591196,0.30621337890625,,,,,,,,0.0,0.5635806918144226,0.12175194638948184,0.0073278253001452165,21.61380958557129
8486912,1929.2787556399999,0.03400748806654009,0.28070068359375,,,,,,,,0.0078125,0.6281720399856567,0.10551922711840009,-0.00585552713220619,28.0999813079834
8495104,1930.4858861000102,0.037572378576266066,0.2819580137729645,,,,,,,,0.0,0.6236836314201355,0.13581547748353517,-0.0015356356726156336,51.2568359375
8503296,1931.679516238015,1.0009640564256523,0.31214600801467896,,,,,,,,0.0,0.5673311352729797,0.1054009590946435,-0.003242809217092158,17.21124839782715
8511488,1932.8668733240047,0.03659637121606741,0.34788820147514343,,,,,,,,0.0078125,0.6794285178184509,0.10873686431752633,0.0020295757114838493,36.043792724609375
8519680,1934.066092847992,0.12011009892709153,0.45051270723342896,0.0005922537840515885,0.12222348150173246,0.1191317073474758,333,256.0225129217175,49.35,nan,0.0,0.6336103081703186,0.13456660823770233,0.020855255090012938,19.1160888671875
8527872,1935.5169421129976,0.8792307108756795,0.36781007051467896,,,,,,,,0.0078125,0.6340225338935852,0.11542597560916046,0.010305512123905188,11.54695987701416
8536064,1936.737077941012,0.031206391440963356,0.3187622129917145,,,,,,,,0.0,0.6730644702911377,0.1507729091902426,-0.0015972314157432694,38.73781967163086
8544256,1937.9623056749988,0.11100124012053153,0.4511474668979645,,,,,,,,0.0,0.6597904562950134,0.11182163553162651,0.01710941614779733,5.762650966644287
8552448,1939.3775446700165,0.045607475526928225,0.35987550020217896,,,,,,,,0.0078125,0.6808044910430908,0.1082354051666305,0.013558641314863805,1.4290577173233032
8560640,1940.8836132530123,0.06391501217486921,0.43767091631889343,,,,,,,,0.0,0.7346826791763306,0.14797245010127694,0.0088623250542676,12.01617431640625
8568832,1942.3030422349984,0.3171820798529268,0.3294311463832855,,,,,,,,0.0078125,0.7494415044784546,0.11580144729025234,-0.009777150052026066,0.7478427290916443
8577024,1943.784605982015,0.03977174955412319,0.34588623046875,,,,,,,,0.0,0.6909142732620239,0.1711536098530647,0.0005995029372598494,7.0448808670043945
8585216,1945.291799745988,0.04138857294426855,0.3455444276332855,0.0006881398819388318,0.12410912921927095,0.12001473021311812,333,255.24866846329144,49.2,nan,0.0,0.7523642778396606,0.1160344233233539,-0.0019149214780332124,14.317778587341309
8593408,1947.0346607330139,0.05010361599054888,0.35209962725639343,,,,,,,,0.0078125,0.7021481990814209,0.10488111453887518,0.0030952427783233726,1.7715271711349487
8601600,1948.4698111680045,0.04690857050620467,0.38824462890625,,,,,,,,0.0,0.7190861105918884,0.14591290925906839,0.0003162725509841617,12.683316230773926
8609792,1949.8797566170106,0.11930032551831327,0.3628295958042145,,,,,,,,0.0,0.7706269025802612,0.10868329004288735,-0.0038765561036049356,5.202380657196045
8617984,1951.3148597470135,0.05069432566868928,0.3919311463832855,,,,,,,,0.0078125,0.6859506368637085,0.10968517764896872,0.004823946732715252,0.2556670308113098
8626176,1952.7481638820027,0.05223042942159133,0.3662963807582855,,,,,,,,0.0,0.7263638377189636,0.13259252056725432,0.0013101391164180545,22.518653869628906
8634368,1954.210931417998,0.054889457572241285,0.30833742022514343,,,,,,,,0.0078125,0.7109408974647522,0.11046496797187415,0.005989578667120263,2.411264419555664
8642560,1955.5538865480048,0.03267434147033889,0.33417969942092896,,,,,,,,0.0,0.7076174020767212,0.1602844078378268,0.005924247690990244,0.3215976357460022
8650752,1957.0617588690075,0.03096603988442191,0.327880859375,0.00026228885932755297,0.1323642443403114,0.12961383939841595,333,251.04238400351423,49.35,nan,0.0,0.788785457611084,0.11887526423359253,-0.0006375605445246672,7.029510498046875
8658944,1959.0526185499912,0.0364256175948026,0.31773683428764343,,,,,,,,0.0078125,0.7099801301956177,0.11181223927709935,0.00047003598698419185,0.28716978430747986
8667136,1960.507945017016,0.028204943582783817,0.2939819395542145,,,,,,,,0.0,0.7352522015571594,0.15497487680608155,0.006521001548360695,0.04384360834956169
8675328,1961.9278042330116,0.024022834760929476,0.2782226502895355,,,,,,,,0.0078125,0.7855702042579651,0.12515416972256896,0.0011719107043664837,0.10199954360723495
8683520,1963.4148255909968,0.02378615933006031,0.27696534991264343,,,,,,,,0.0,0.6914030909538269,0.17636989620792706,0.0014325205793565754,0.021013794466853142
8691712,1964.7171562350122,0.025214162699954003,0.2859130799770355,,,,,,,,0.0,0.7633519172668457,0.13985270382930798,-0.001424026879089823,0.5188461542129517
8699904,1965.972536795016,0.028109721253165187,0.2686523497104645,,,,,,,,0.0078125,0.7323084473609924,0.12536821347762336,-0.004445410564512091,1.519128441810608
8708096,1967.2277475630108,0.025919123244817974,0.2949585020542145,,,,,,,,0.0,0.7195810079574585,0.15873201999576234,-0.0005190443699636211,0.030143504962325096
8716288,1968.3483130400127,0.02503008489628708,0.2823120057582855,0.00041227721235692627,0.1344544103948308,0.13115456759008606,333,250.32366083422602,49.35,nan,0.0,0.8009803891181946,0.11604846996817558,-0.00240564506711791,0.9553678631782532
8724480,1969.840073639003,0.026799643982561572,0.2797485291957855,,,,,,,,0.0078125,0.6875960826873779,0.11881166711100799,-0.006041182983030367,0.14815472066402435
8732672,1971.0117760050052,0.022413019581214062,0.26556396484375,,,,,,,,0.0,0.7487879395484924,0.1463546128160306,-0.0005885412687455164,0.0402575358748436
8740864,1972.2198160020052,0.02208833961841402,0.2600952088832855,,,,,,,,0.0078125,0.7593738436698914,0.12727069058215074,-0.00029056038733037555,0.05925561115145683
8749056,1973.4615828990063,0.023070852168012565,0.2696777284145355,,,,,,,,0.0,0.7052470445632935,0.16956021594320875,-0.003038392861529054,0.015614435076713562
8757248,1974.6709364670096,0.021120661101793472,0.2538818418979645,,,,,,,,0.0,0.781238853931427,0.13391799194145773,0.0007222336376071047,0.056564606726169586
8765440,1975.964958913013,0.02362434406982333,0.26875001192092896,,,,,,,,0.0078125,0.7128214836120605,0.12899147536702363,-0.0024131652790944993,0.028394518420100212
8773632,1977.1763997370144,0.021836048262217578,0.25690919160842896,,,,,,,,0.0,0.7327262759208679,0.15781744810151516,-0.0013275475392009407,0.018911436200141907
8781824,1978.4238934250025,0.01946830337085347,0.23988036811351776,0.0005594818211283048,0.13856915278093865,0.13421865691374033,333,249.60705009892678,49.2,nan,0.0078125,0.7817989587783813,0.12852705636636333,-0.0018200364991977137,0.05127875134348869
8790016,1979.8507946030004,0.018827899612006843,0.23723144829273224,,,,,,,,0.0,0.6922956705093384,0.1775007428175671,-0.0012560419720074783,0.009969440288841724
8798208,1983.4616535069945,0.019334698396493093,0.240478515625,,,,,,,,0.0,0.7629431486129761,0.14101364739268596,-0.0014751334524612369,0.030836699530482292
8806400,1990.014903636009,0.02354487986440486,0.26976320147514343,,,,,,,,0.0078125,0.734739363193512,0.12782955344947447,0.00013530755730990608,0.0353662483394146
8814592,1996.5586409050156,0.0225436559610652,0.26434326171875,,,,,,,,0.0,0.7201311588287354,0.15828250060897858,-0.0017168274330967917,0.013663440942764282
8822784,2002.95931298699,0.020497754178218277,0.2529540956020355,,,,,,,,0.0,0.7942346334457397,0.129835639079155,-0.0023345449450333784,0.040351275354623795
8830976,2019.0958991929947,0.021792984508583784,0.2563110291957855,,,,,,,,0.0078125,0.6893608570098877,0.12979673153294205,-0.004162658251186976,0.014114677906036377
8839168,2033.5832750209956,0.018915981968854814,0.23826904594898224,,,,,,,,0.0,0.7542668581008911,0.14308530066397593,-0.001801405624323052,0.018419107422232628
8847360,2041.0913319019892,0.019537414762865808,0.24130859971046448,0.0005807396648597196,0.13541104239985766,0.1326943690686391,333,250.7865191634284,49.2,nan,0.0078125,0.765008270740509,0.11696289979754737,-0.00401760083361994,0.034956663846969604
8855552,2051.864266674005,0.10936883286811044,0.2594238221645355,,,,,,,,0.0,0.6851251721382141,0.16739153703639514,-0.010646059564584828,4.419626235961914
8863744,2060.6955241090036,0.3189540243369795,0.22585450112819672,,,,,,,,0.0,0.7336431741714478,0.1264376305829312,-0.016511122635594917,0.3092682361602783
8871936,2069.708316542994,0.04647033736702906,0.3576904237270355,,,,,,,,0.0078125,0.7038493156433105,0.12021688500041806,0.01426056721321186,0.24288485944271088
8880128,2078.096354028996,0.024053732493755007,0.27525636553764343,,,,,,,,0.0,0.7355196475982666,0.15376638971093537,0.0029141440310368645,0.027996376156806946
8888320,2085.710860009014,0.022339710437253357,0.26121827960014343,,,,,,,,0.0078125,0.7841365337371826,0.12304399912363695,-0.00022274644827477723,0.06716568022966385
8896512,2093.265681699995,0.02264301946186916,0.26927492022514343,,,,,,,,0.0,0.6927416324615479,0.16886576002392703,0.0023101645619264823,0.01984730176627636
8904704,2100.404723799991,0.020543131637803164,0.24832764267921448,,,,,,,,0.0,0.765781819820404,0.1325831790086555,-0.00010816074302460489,0.03411908075213432
8912896,2108.135478751996,0.022036278120574605,0.26459962129592896,0.0013615014449794849,0.13419038796935534,0.13032278895760938,333,252.89689283552082,49.2,nan,0.0078125,0.7381883263587952,0.12232457290471194,-0.0027948641856718835,0.028567953035235405
8921088,2118.12232564899,0.02123410324964273,0.25324708223342896,,,,,,,,0.0,0.7258015275001526,0.15457036560557563,0.0002571276653225973,0.015451018698513508
8929280,2126.7281824880047,0.021317462979995847,0.2566162049770355,,,,,,,,0.0,0.8079776763916016,0.12246935209278997,-0.002793698228814259,0.040045302361249924
8937472,2134.81013048999,0.024056246937283133,0.2748657166957855,,,,,,,,0.0078125,0.6923327445983887,0.11968066902585596,-0.0009042229529772996,0.02156476490199566
8945664,2140.5122430330084,0.04637603175685662,0.2761596739292145,,,,,,,,0.0,0.7391985654830933,0.12893562655274624,-0.005949884722131697,4.458852767944336
8953856,2141.8016564220015,0.03687567075167277,0.20156250894069672,,,,,,,,0.0078125,0.727942705154419,0.10844509246095248,-0.008835828645057414,3.7827975749969482
8962048,2142.950991791993,0.03152537070039082,0.29313966631889343,,,,,,,,0.0,0.7071377635002136,0.15850182901561563,-0.0018024212360711707,6.353826999664307
8970240,2143.8706870349997,0.04906571709337973,0.31727296113967896,,,,,,,,0.0,0.7775750756263733,0.11647531397152194,0.001187608223599869,0.5507794618606567
8978432,2144.825681626011,0.02143650700708707,0.25037842988967896,0.0008004328205122313,0.12337275765787682,0.1205863000784157,333,256.2615201318613,49.35,nan,0.0078125,0.7101320028305054,0.10355474198607423,-0.007704779940066945,28.265756607055664
8986624,2146.147111314989,0.13542475897201542,0.24971924722194672,,,,,,,,0.0,0.6234769821166992,0.13724072603460116,-0.0018140696447208574,15.703659057617188
8994816,2147.3715173460077,0.38910218776455113,0.24661865830421448,,,,,,,,0.0078125,0.6581421494483948,0.1033929730655934,0.0011376232309292347,4.234498500823975
9003008,2148.5966291879886,0.03650936019659584,0.3510986268520355,,,,,,,,0.0,0.6958993077278137,0.16801977469093746,0.006596524750704669,0.0532459020614624
9011200,2149.9222154350136,0.030295926930410267,0.31837159395217896,,,,,,,,0.0,0.778515100479126,0.1315477692564396,0.0026397688717350503,0.0512353889644146
9019392,2151.147278340999,0.025127100867045206,0.2835693359375,,,,,,,,0.0078125,0.7493134140968323,0.1098516559281744,-0.0010517000308491338,1.0954515933990479
9027584,2152.4489180480014,0.042809960598229016,0.36822509765625,,,,,,,,0.0,0.7284479737281799,0.1336016794468644,-0.0011610906645153074,4.552425861358643
9035776,2153.7335587459966,0.03748708749235335,0.25529786944389343,,,,,,,,0.0,0.804114580154419,0.09389759608540457,-0.007987525094381548,3.369102954864502
9043968,2154.9552109529905,0.0358463220796932,0.33775636553764343,0.002029980877060078,0.12939764069481607,0.12458315822153998,333,255.59359638412556,49.5,nan,0.0078125,0.6926025152206421,0.0981923855367389,-0.0009488009954835855,1.312266230583191
9052160,2156.5219771919947,0.16384743623116121,0.23876953125,,,,,,,,0.0,0.6885914206504822,0.12270564697775863,-0.014300103612979558,11.117488861083984
9060352,2157.7179136119958,0.912550466094071,0.21251221001148224,,,,,,,,0.0078125,0.6855956315994263,0.1031798135223887,-0.015113697635830002,4.009049892425537
9068544,2159.1085795869876,0.06131780299747591,0.3279785215854645,,,,,,,,0.0,0.6846289038658142,0.16221531017280308,-0.0036261184275795167,11.114264488220215
9076736,2160.400514798006,0.34185226337517494,0.24709473550319672,,,,,,,,0.0,0.7152310609817505,0.11384896104405508,-0.01843924186034427,2.672333002090454
9084928,2161.725546211994,0.07517595640807251,0.3988281190395355,,,,,,,,0.0078125,0.6977829337120056,0.10758353310138022,0.0012510408932444247,1.0206784009933472
9093120,2163.0062759619905,0.03234854105930622,0.33599853515625,,,,,,,,0.0,0.7410557270050049,0.14807138230691552,0.008833685356156433,0.05048645660281181
9101312,2164.133007224009,0.03598897733983157,0.32689210772514343,,,,,,,,0.0078125,0.7996490597724915,0.11146023782534703,0.007058007832389393,0.09927703440189362
9109504,2165.1538486419886,0.02397174794306142,0.27513429522514343,0.002256615473162249,0.13234250812112616,0.12824420030283182,333,253.64065128811077,49.35,nan,0.0,0.6949524283409119,0.16950399924127715,0.0034055247674110584,0.02072618156671524
9117696,2166.4792993520095,0.02258557503961385,0.27092286944389343,,,,,,,,0.0,0.7740572094917297,0.13215888431927403,-0.0009822114965865878,0.03724396228790283
9125888,2167.550406299997,0.025413769225161965,0.283203125,,,,,,,,0.0078125,0.7466776371002197,0.1177078797257678,-0.004074398794594961,8.138007164001465
9134080,2168.570428342995,0.026299779221891487,0.19434814155101776,,,,,,,,0.0,0.6499925851821899,0.1532203505891752,-0.005993155541970014,24.66416358947754
9142272,2169.670467302989,0.41161020416650107,0.23370361328125,,,,,,,,0.0,0.621169924736023,0.12000445747625074,0.0017670496033259948,3.5533058643341064
9150464,2170.760724288004,0.03195815832040482,0.32221680879592896,,,,,,,,0.0078125,0.682654857635498,0.11908745556636843,-0.0014918278826773794,10.932822227478027
9158656,2171.8147670949984,0.03929031641021174,0.32744142413139343,,,,,,,,0.0,0.743929922580719,0.11540683958334975,0.0026203677352964892,3.8437659740448
9166848,2172.8818895030126,0.10839300226510883,0.3168701231479645,,,,,,,,0.0078125,0.7555479407310486,0.09363993663651242,0.0011536582799129018,0.45128679275512695
9175040,2174.214445323014,0.017112732810350063,0.21269531548023224,0.001954092633558613,0.12301293077310649,0.11891561707402576,333,258.29911158204413,49.5,nan,0.0,0.6704601645469666,0.14585842268676888,-0.0065862545190852875,52.74748611450195
9183232,2175.884374585992,0.027459461929170204,0.23909913003444672,,,,,,,,0.0,0.5747632384300232,0.08843750730444556,-0.0017640247062133798,43.29726028442383
9191424,2177.2449390529946,0.019902408933646143,0.23005370795726776,,,,,,,,0.0078125,0.6361268758773804,0.07666573856383105,-0.008154093750005828,27.482519149780273
9199616,2178.6246618489968,0.017730732074380674,0.21453857421875,,,,,,,,0.0,0.6836245059967041,0.12099400644903321,-0.009830401194041966,71.78836059570312
9207808,2180.0961620529997,0.08661991569048273,0.3578124940395355,,,,,,,,0.0078125,0.6516954898834229,0.08802352397838233,0.009154526362651716,6.621440410614014
9216000,2181.659955636016,0.042412356100491766,0.3808837831020355,,,,,,,,0.0,0.69729083776474,0.1581523153117496,0.006933477829353932,0.3863461911678314
9224192,2183.127300786,0.05408806184439485,0.2961059510707855,,,,,,,,0.0,0.7166042327880859,0.12693407206093793,-0.00417233561709717,20.78330421447754
9232384,2184.528550826013,0.06704590577932883,0.2931762635707855,,,,,,,,0.0078125,0.6910391449928284,0.11289867855038777,-0.002907520227191514,4.5599212646484375
9240576,2185.93705442801,0.03869250262497331,0.34935304522514343,0.0007790791873036884,0.1328856344616582,0.12902895216725335,333,253.28925767971316,49.5,nan,0.0,0.7248458862304688,0.15341538750062234,0.0040127963495438885,4.563993453979492
9248768,2187.6422935480077,0.08567979071294735,0.293212890625,,,,,,,,0.0,0.7559593915939331,0.1216760173795611,-0.001072961730194114,5.09356689453125
9256960,2189.0567196549964,0.034636670080156536,0.32978516817092896,,,,,,,,0.0078125,0.6920990943908691,0.12059858263288911,-0.0010891865317079821,2.9652342796325684
9265152,2190.46263785701,0.034247773220064136,0.3430542051792145,,,,,,,,0.0,0.7593830227851868,0.13063292738051982,0.0008989839866321587,8.053563117980957
9273344,2191.9454063370067,0.04938164590316549,0.36614990234375,,,,,,,,0.0078125,0.764239490032196,0.1070581111490497,-0.004400204607817711,0.8037044405937195
9281536,2193.4508079949883,0.04019578294604931,0.3737548887729645,,,,,,,,0.0,0.7069447636604309,0.15774450217580943,0.0058121916311201175,0.4746111035346985
9289728,2194.59015706199,0.28319755983293876,0.28217774629592896,,,,,,,,0.0,0.7555477023124695,0.126522624582539,-0.008434030289790076,1.9696331024169922
9297920,2195.788160208991,0.06012581222693361,0.2871337831020355,,,,,,,,0.0078125,0.7085494995117188,0.1189564493013989,-0.007057844943492962,0.18338732421398163
9306112,2196.937623500009,0.026689219950913258,0.30255126953125,0.0006263347330071056,0.13526607926843162,0.13153158439877324,333,252.25243567058874,49.5,nan,0.0,0.7376681566238403,0.14590526394940623,0.005354032546628908,0.02719954587519169
9314304,2198.380331532011,0.022649202634410642,0.27153322100639343,,,,,,,,0.0078125,0.7981451749801636,0.113516247363524,0.0004762080285682445,0.05647265538573265
9322496,2199.555777111993,0.02422490799112613,0.27613526582717896,,,,,,,,0.0,0.6928077936172485,0.17512044031610663,0.0024237191795926263,0.01984001323580742
9330688,2200.6898659839935,0.02462252005460954,0.2792114317417145,,,,,,,,0.0,0.768284022808075,0.1361735204724002,0.00019996604348919075,0.034256041049957275
9338880,2201.8679777779907,0.02257051827151012,0.25959473848342896,,,,,,,,0.0078125,0.7456812858581543,0.12205523475698032,-0.003818364077359672,0.047949906438589096
9347072,2203.0572062970023,0.02291832252002641,0.2666381895542145,,,,,,,,0.0,0.7226880788803101,0.14592608370807691,-0.0015530363249807223,0.030655786395072937
9355264,2204.247005034995,0.020788810973045614,0.2518554627895355,,,,,,,,0.0,0.8022708296775818,0.10972153364076073,-0.0018863756135793195,0.07962137460708618
9363456,2205.3809656730155,0.02022514732140164,0.24459229409694672,,,,,,,,0.0078125,0.6959543228149414,0.10445297658612963,-0.002874138319528605,0.02422289364039898
9371648,2206.4050673710008,0.019321245587686105,0.241455078125,0.001761956697932332,0.1360885485167047,0.13108175119043852,333,253.04351251967685,49.5,nan,0.0,0.7539076805114746,0.14297811985952272,-0.0014994165614921565,0.030289310961961746
9379840,2207.669562319992,0.01926136085764791,0.24006347358226776,,,,,,,,0.0078125,0.7717100381851196,0.12285802311869314,-0.0010083779105884867,0.04124391824007034
9388032,2208.6463608740014,0.019803101642314108,0.24788819253444672,,,,,,,,0.0,0.7065654993057251,0.1681782397807799,-0.0014051866337897092,0.012811878696084023
9396224,2209.616492125002,0.02003359813546728,0.2520996034145355,,,,,,,,0.0,0.7811888456344604,0.13275033927765115,-0.0023231365898524767,0.03920075669884682
9404416,2210.639062183007,0.02449820584822307,0.2740722596645355,,,,,,,,0.0078125,0.7196919918060303,0.12194247252510286,-0.0021963234655780024,0.02743087150156498
9412608,2211.6215439549997,0.02177626892987253,0.25828859210014343,,,,,,,,0.0,0.7372278571128845,0.14833976301144633,-7.418541791769348e-05,0.02028791420161724
9420800,2212.6343151929905,0.020351033817697903,0.24654541909694672,,,,,,,,0.0078125,0.7978458404541016,0.11837562667959828,-0.004349434145998684,0.05161208659410477
9428992,2213.6309172069887,0.02175666707572188,0.2626098692417145,,,,,,,,0.0,0.69306480884552,0.17151808423086207,-0.0013686752049480594,0.011122085154056549
9437184,2214.626345738012,0.020012630360167524,0.24887695908546448,0.0011570610688218519,0.13336588058023574,0.1292137134173902,333,253.45492835812112,49.5,nan,0.0,0.7695439457893372,0.13427672249214234,-0.0032655911882526357,0.02541138045489788
9445376,2215.9013596060104,0.01957610293102005,0.24193115532398224,,,,,,,,0.0078125,0.746748149394989,0.11697364584326961,-0.005448967112180444,0.0327751450240612
9453568,2216.8995214379975,0.019053386156619757,0.23564453423023224,,,,,,,,0.0,0.7226079106330872,0.15493694181001127,-0.0027704426883471776,0.013479295186698437
9461760,2217.9108247699915,0.021411632111575905,0.25250244140625,,,,,,,,0.0,0.8059589862823486,0.11852850236209575,-0.0015483507030105564,0.03822074458003044
9469952,2218.9164539370104,0.02321809424550235,0.26689454913139343,,,,,,,,0.0078125,0.6979937553405762,0.11699416379356022,-0.0036617831151593326,0.01772199012339115
9478144,2219.928657359007,0.041396711571991804,0.2892089784145355,,,,,,,,0.0,0.7238554954528809,0.1289954264716298,-0.0021641947265198854,8.39242172241211
9486336,2220.9275981039973,0.6221732908298842,0.19119873642921448,,,,,,,,0.0078125,0.7100943922996521,0.1050542821027768,-0.027167720177735222,1.299094796180725
9494528,2221.925775362004,0.02895944718055973,0.31428223848342896,,,,,,,,0.0,0.7076594829559326,0.14606557206772888,-0.0007984376506044518,1.3926668167114258
9502720,2222.9251055750065,0.1404938789756379,0.2773681581020355,0.0017247914930960118,0.12219458289029989,0.11775530581572825,333,258.25222054092995,49.2,nan,0.0,0.7622013092041016,0.10457597798251855,-0.003122703266756241,4.335991382598877
9510912,2224.267856421997,0.031237016834099674,0.26990967988967896,,,,,,,,0.0078125,0.7086873054504395,0.10584183999968774,-0.004709240207081396,7.688273906707764
9519104,2225.307369295013,0.063700200511516,0.26799318194389343,,,,,,,,0.0,0.6643261313438416,0.1449176870656689,-0.0023863710149213224,14.52896785736084
9527296,2226.3461962169968,0.5677267652866472,0.21937255561351776,,,,,,,,0.0078125,0.6735609769821167,0.1071607761782395,-0.026580788488763413,2.697843313217163
9535488,2227.3909828439937,0.050693333319189016,0.4078125059604645,,,,,,,,0.0,0.6927975416183472,0.1389952519469229,-0.0015237937091346653,7.900729656219482
9543680,2228.3974986319954,0.16810424164075896,0.33343505859375,,,,,,,,0.0,0.7245518565177917,0.11538923513692646,-0.00967658557826021,3.0310614109039307
9551872,2229.416963521013,0.22079391604943216,0.3212890625,,,,,,,,0.0078125,0.711049497127533,0.10248542941492994,-0.014461987266864255,0.40509629249572754
9560064,2230.446519282006,0.0332941919470669,0.33159181475639343,,,,,,,,0.0,0.7219741344451904,0.15378872108079905,0.008176594743300547,0.022069523110985756
9568256,2231.5488342980098,0.031945832558500885,0.3310546875,0.0005105681464937506,0.11778873028717593,0.11502307653420245,333,258.85198031621155,49.35,nan,0.0,0.8059407472610474,0.12015389875774711,0.0026757823636580583,0.09270258247852325
9576448,2232.9121776600077,0.03756574349994565,0.33964845538139343,,,,,,,,0.0078125,0.6986992955207825,0.11729027426648897,-0.0049374564067153825,1.5602760314941406
9584640,2233.9180762339965,0.1775526991695966,0.30925294756889343,,,,,,,,0.0,0.6690217852592468,0.12144367102220363,0.0006346432576656562,22.884628295898438
9592832,2234.9385878549947,0.2390834652536647,0.2626586854457855,,,,,,,,0.0078125,0.6945365071296692,0.0979827887096858,-0.007762222950842582,2.7568013668060303
9601024,2235.9584384990158,0.029787441537294224,0.3013671934604645,,,,,,,,0.0,0.6874548196792603,0.15946655836676693,-0.0053063270834955096,14.53073787689209
9609216,2236.9647387629957,0.1867481602296439,0.31684571504592896,,,,,,,,0.0,0.7170313596725464,0.11109630604123803,0.010324592632913146,2.293119192123413
9617408,2237.9900468260166,0.05940102703307391,0.3382568359375,,,,,,,,0.0078125,0.7031264901161194,0.10298007863113602,-0.0005365555878975609,0.508215069770813
9625600,2239.053639338992,0.0331908006468439,0.33527833223342896,,,,,,,,0.0,0.7402414083480835,0.14382859682982133,0.0035756697223353583,0.04335162043571472
9633792,2240.1218478780065,0.025285482879135835,0.27659913897514343,0.0020897716252763487,0.12407950396258349,0.11983310000174446,333,256.52452518661846,49.2,nan,0.0078125,0.8122731447219849,0.0940919158467,8.143654523130257e-05,0.2612621486186981
9641984,2241.4485425890016,0.04432121500680963,0.37165528535842896,,,,,,,,0.0,0.6916964650154114,0.16843226472444175,-0.00046940503490299016,10.97941780090332
9650176,2242.4603065600095,0.023828292943025603,0.25640869140625,,,,,,,,0.0,0.7508780360221863,0.12484810798837968,-0.0025667815773664673,12.364945411682129
9658368,2243.5002607920032,0.25162378275890945,0.2882080078125,,,,,,,,0.0078125,0.720612645149231,0.0993903061301951,-0.006907954731018568,2.5985965728759766
9666560,2244.534198892012,0.07471497694813092,0.346435546875,,,,,,,,0.0,0.6996031999588013,0.1470695014349283,-0.002023385578410894,2.755336284637451
9674752,2245.610001535999,0.06059119127256629,0.3080200254917145,,,,,,,,0.0,0.7571215629577637,0.10311838711187113,-0.0006302744443066066,6.101640224456787
9682944,2246.7909989780164,0.02668738125857187,0.29747316241264343,,,,,,,,0.0078125,0.6858665347099304,0.10014132507337563,-0.0036132112448822753,22.828611373901367
9691136,2248.0252320620057,0.04111774790823624,0.31440430879592896,,,,,,,,0.0,0.6619219183921814,0.12588267659242347,-0.005371733563681006,20.78135871887207
9699328,2249.3429040609917,0.7449976868403496,0.34254151582717896,0.0004959077933168743,0.12293618970518322,0.11903457317979771,333,257.24623981765416,49.2,nan,0.0078125,0.67249596118927,0.10302386039936606,0.00555513614990701,2.446612596511841
9707520,2250.798148533009,0.025775163558391163,0.2566284239292145,,,,,,,,0.0,0.6345597505569458,0.15612350582032977,-0.0022853224101837765,47.915489196777344
9715712,2251.80745409301,0.983944134046668,0.30946046113967896,,,,,,,,0.0,0.551565945148468,0.11438551745778329,-0.011571703742545103,4.0429840087890625
9723904,2252.851170287002,0.2100191345818411,0.33220216631889343,,,,,,,,0.0078125,0.6461910009384155,0.1062627744833422,-0.0006484189626953304,1.3043746948242188
9732096,2253.888135615998,0.041639287710227624,0.36846923828125,,,,,,,,0.0,0.7394080758094788,0.1475344025224952,0.00841587399881445,0.05804816633462906
9740288,2254.9181640190072,0.029760855252481778,0.314453125,,,,,,,,0.0078125,0.8145617246627808,0.10601389971856102,0.0035477093201354394,0.1382027417421341
9748480,2255.9730639240006,0.03124715444038133,0.3103881776332855,,,,,,,,0.0,0.6930819153785706,0.16009946576124193,-0.000860960326536563,6.2398295402526855
9756672,2257.045940679993,0.024811776846995648,0.27348634600639343,,,,,,,,0.0,0.7125955820083618,0.10275469406224781,-0.007511755523761321,30.479795455932617
9764864,2258.1021321350127,0.06235420061051855,0.28276368975639343,0.0009774759390940302,0.11717688939700159,0.11328822149545323,333,260.4435803561244,49.5,nan,0.0078125,0.6952077150344849,0.09449924903097559,-0.0009525574081470783,8.792430877685547
9773056,2259.4203652509896,0.016414457948401275,0.20428466796875,,,,,,,,0.0,0.6947299838066101,0.140709225614594,-0.006015177751194711,58.1856575012207
9781248,2260.458509076998,0.1075530649690464,0.30748292803764343,,,,,,,,0.0,0.528862714767456,0.09694499857659794,0.011684724414902387,26.714208602905273
9789440,2261.507386384008,0.02511780098275759,0.2740234434604645,,,,,,,,0.0078125,0.6456375122070312,0.09102358434361366,-0.003815976395715948,17.406625747680664
9797632,2262.650010525016,0.29511460495682534,0.32677003741264343,,,,,,,,0.0,0.6721627712249756,0.13355394467276932,0.07126571508899905,16.49045181274414
9805824,2263.6656446910056,0.2782237885492874,0.367919921875,,,,,,,,0.0078125,0.6989002823829651,0.10780803108126107,0.0005444926988816962,1.7599048614501953
9814016,2264.669798996998,0.03448987621313059,0.3216308653354645,,,,,,,,0.0,0.6911574602127075,0.166555066366377,-0.0032516596115242063,22.5595645904541
9822208,2265.6916105629934,0.270740456297265,0.43793946504592896,,,,,,,,0.0,0.710289478302002,0.10482008985115238,0.0014368751314455073,3.028301477432251
9830400,2266.7103131230106,0.28700517290952976,0.36052247881889343,0.0004232882714781949,0.12651410091294663,0.12347699567547532,333,254.35350096820483,49.2,nan,0.0078125,0.6995295286178589,0.09579006205757773,-0.001591774402052843,0.3295672535896301
9838592,2268.0732262500096,0.035460639405759206,0.34846192598342896,,,,,,,,0.0,0.7331757545471191,0.1529544715122188,0.007532507635009703,0.05980611592531204
9846784,2269.065646513016,0.03379258550453753,0.32600098848342896,,,,,,,,0.0078125,0.805492639541626,0.11735735388017167,0.0031494848089670493,0.0887412577867508
9854976,2270.3263787940086,0.034448598960308406,0.3360229432582855,,,,,,,,0.0,0.6900135278701782,0.172227547273286,-0.0006870659310662122,2.6700408458709717
9863168,2271.668111200008,0.09767238797264141,0.2647949159145355,,,,,,,,0.0,0.7348175048828125,0.13461248717855406,-0.004441534321322623,2.314544439315796
9871360,2288.8507240780164,0.04994092647737117,0.29084473848342896,,,,,,,,0.0078125,0.7272432446479797,0.11764186041207884,0.010492490350938355,1.2109839916229248
9879552,2301.281867810001,0.027124206724821937,0.30485841631889343,,,,,,,,0.0,0.7191109657287598,0.15015371229509458,0.002957816563173935,0.1637549102306366
9887744,2308.678167698992,0.02689292817168698,0.29853516817092896,,,,,,,,0.0,0.8067612648010254,0.11160144660329467,0.0036080065023721426,0.09868433326482773
9895936,2318.1799712319917,0.02392838741749738,0.26072999835014343,0.0003650907487913191,0.12226534736114031,0.11798828795724474,333,257.75185413762665,49.2,nan,0.0078125,0.7012615203857422,0.10899549746061984,-0.004055470339424996,32.47140121459961
9904128,2330.041445089999,0.01470929328436208,0.16783447563648224,,,,,,,,0.0,0.6529136896133423,0.10972253484032576,-0.00906627844134042,54.823089599609375
9912320,2338.7065835820104,0.02703231182916982,0.19212646782398224,,,,,,,,0.0078125,0.584653377532959,0.10156097453475249,0.011467275196544321,11.180378913879395
9920512,2348.146227729012,0.02119094108113518,0.2391357421875,,,,,,,,0.0,0.6893614530563354,0.1671469623611807,-0.0049454195033438375,27.829721450805664
9928704,2356.1569936700107,0.032754586860607234,0.2999633848667145,,,,,,,,0.0,0.7016737461090088,0.12774444086588901,0.0009154284237717918,8.706561088562012
9936896,2363.8602170599916,0.040275087156290794,0.3230834901332855,,,,,,,,0.0078125,0.6940534114837646,0.11462225528710372,0.0007087424736730418,0.9540972113609314
9945088,2371.0616091440024,0.03884048174798158,0.3674682676792145,,,,,,,,0.0,0.7362222671508789,0.14631544523239762,0.005447167009521538,0.436599463224411
9953280,2378.601690490992,0.02743805160994056,0.29731446504592896,,,,,,,,0.0078125,0.8092650771141052,0.11117848769697267,0.0014777660833075622,0.21426312625408173
9961472,2387.2978289739985,0.025900880010899897,0.2932495176792145,0.0006235675552601627,0.12661312237212044,0.12309719232162179,333,254.6132579032572,49.2,nan,0.0,0.6897439360618591,0.17511481544201427,0.001439024486921209,0.04199748858809471
9969664,2398.6551811120007,0.02677874822265408,0.2946533262729645,,,,,,,,0.0,0.7683959603309631,0.13132761832501472,-0.004030464995085639,4.816024303436279
9977856,2407.347081115993,0.04500386291026281,0.25390625,,,,,,,,0.0078125,0.746238112449646,0.11216425343207094,-0.0052974986794174055,2.274768590927124
9986048,2415.01930674701,0.02766934660295516,0.29991456866264343,,,,,,,,0.0,0.717316210269928,0.15845405730231685,0.0018872064209252692,0.07610628753900528
9994240,2422.5296541530115,0.02662789074309739,0.271728515625,,,,,,,,0.0,0.7862292528152466,0.11849199179226305,-0.0018339114058633793,3.966348648071289
10002432,2429.8465644330136,0.051397264496205054,0.29570314288139343,,,,,,,,0.0078125,0.6973204612731934,0.11660229949599929,-0.002320236396047491,0.5297802090644836
10010624,2430.8798793659953,0.03206671240981797,0.32225343585014343,,,,,,,,0.0,0.744255006313324,0.14499146919568465,0.0016511849174624571,0.1364675760269165
10018816,2431.8804241990147,0.02329246822361304,0.26707765460014343,,,,,,,,0.0078125,0.7771747708320618,0.1211630780804112,-0.002313479734053642,0.09037523716688156
10027008,2433.042607553012,0.02578041088478249,0.2881835997104645,0.0005837164756754554,0.12946852610233564,0.12666288353305233,333,253.2807695212491,49.35,nan,0.0,0.7005093097686768,0.16681459516118866,0.0009419021722023775,0.075041763484478
10035200,2434.6423815870075,0.02529980766221649,0.279541015625,,,,,,,,0.0,0.7788162231445312,0.12344676396796017,0.0008406280449582152,0.05351319536566734
10043392,2435.9384018619894,0.023195823905861765,0.26325684785842896,,,,,,,,0.0078125,0.7286107540130615,0.11428416004013875,-0.001992255996055741,0.04683838412165642
10051584,2437.3441346150066,0.020848097013461457,0.25371095538139343,,,,,,,,0.0,0.7322064638137817,0.15100992384410178,-0.0021558330427260347,0.02140752039849758
10059776,2438.6955282260024,0.01944156112307789,0.24290771782398224,,,,,,,,0.0078125,0.8026657700538635,0.11477393808502606,-0.004161548547681452,0.052677422761917114
10067968,2439.9501631429885,0.020310071054263176,0.252685546875,,,,,,,,0.0,0.6882448196411133,0.17623149553450754,-0.0023287737580550963,0.01403152197599411
10076160,2441.208147325,0.02199659501243527,0.2583984434604645,,,,,,,,0.0,0.7618167996406555,0.14011730174426887,-0.0010170804916993573,0.02256351336836815
10084352,2442.474715623015,0.021475014920003928,0.2538696229457855,,,,,,,,0.0078125,0.7522191405296326,0.12214942797635059,-0.0018725513183784305,0.031587809324264526
10092544,2443.677736012003,0.02150251658529257,0.2547851502895355,0.000405935950507752,0.13074976200067792,0.12749386580844937,333,252.80638523212176,49.35,nan,0.0,0.713874876499176,0.15676463944120828,-0.002080954661374226,0.015612691640853882
10100736,2445.1799359229917,0.02126680741178641,0.25151368975639343,,,,,,,,0.0,0.7944138050079346,0.11858977743962966,-0.0010589989434170236,0.03668307885527611
10108928,2446.4683202700107,0.02484165229629169,0.2663818299770355,,,,,,,,0.0078125,0.7024055123329163,0.11671916281772758,-0.006511838298369688,0.018130911514163017
10117120,2447.6883015180065,0.028334377401686952,0.3049072325229645,,,,,,,,0.0,0.7468369603157043,0.1414534143612918,-0.002357870523024127,3.034085988998413
10125312,2449.008693420008,0.022842768761029805,0.23050537705421448,,,,,,,,0.0078125,0.7687094807624817,0.11731588612825318,-0.0017612895199404768,1.3073880672454834
10133504,2450.2523323349888,0.022910738856835217,0.27032470703125,,,,,,,,0.0,0.7018528580665588,0.16825269948827723,0.001262005019210909,0.06732720136642456
10141696,2451.3412741259963,0.024504054676512687,0.27607423067092896,,,,,,,,0.0,0.7796160578727722,0.12869888606826155,0.0007059445954254098,0.05391261726617813
10149888,2452.392619624996,0.026604220657006985,0.29645997285842896,,,,,,,,0.0078125,0.7307286858558655,0.11745950551474044,-0.0015095949967792563,1.7373548746109009
10158080,2453.629211335996,0.05552350702428491,0.2590698301792145,0.00290978120938179,0.12250314945273727,0.11637532734761317,333,258.6583498489421,49.2,nan,0.0,0.7047818899154663,0.1410659606889815,-0.013142961313680396,7.182464599609375
10166272,2455.158343285002,0.46001980755346783,0.19615478813648224,,,,,,,,0.0078125,0.7010799646377563,0.10221738545727041,-0.023495438167561222,4.724558353424072
10174464,2456.451212242013,0.023520341163603867,0.2663818299770355,,,,,,,,0.0,0.6872760057449341,0.1638336004731229,-0.0055255038483738046,12.92412281036377
10182656,2457.829158378998,0.2838091626740147,0.22675780951976776,,,,,,,,0.0,0.6826231479644775,0.11956169832518557,-0.011104424134348546,13.834280967712402
10190848,2459.1971758650034,0.5777403201965976,0.27949219942092896,,,,,,,,0.0078125,0.6907346248626709,0.10199117431828664,-0.020098862897748156,0.7850564122200012
10199040,2460.610108724999,0.03234853335025944,0.33262941241264343,,,,,,,,0.0,0.7185770273208618,0.15515413704988723,0.004641478937822227,0.049790944904088974
10207232,2461.9556922159973,0.027276671872251503,0.3014282286167145,,,,,,,,0.0,0.804214596748352,0.11825746363664796,0.004412096872529991,0.057418372482061386
10215424,2463.239827682002,0.026487855942439575,0.2850097715854645,,,,,,,,0.0078125,0.7055511474609375,0.11570556900838613,-0.0015867215142520653,0.026993757113814354
10223616,2464.590715147002,0.023450008098688392,0.2668090760707855,0.0009942879595575826,0.1259650343487029,0.12220747905719302,333,255.24649969516318,49.35,nan,0.0,0.7486332058906555,0.13321023540988572,0.00017646110971373838,0.04186668619513512
10231808,2466.335660673998,0.022059871691774573,0.2652831971645355,,,,,,,,0.0078125,0.786200761795044,0.10434286730201747,1.402480216301143e-05,0.04195820912718773
10240000,2467.7727443689946,0.02018067207411484,0.2536987364292145,,,,,,,,0.0,0.7017818689346313,0.17082425747892951,-0.0013365605459476184,0.019961103796958923
10248192,2469.0956136420136,0.02256039604775896,0.2692504823207855,,,,,,,,0.0,0.7839465737342834,0.12659580427147712,-0.004284666681062538,0.03508923202753067
10256384,2470.4881551630097,0.02472011129776542,0.25202637910842896,,,,,,,,0.0078125,0.7305235862731934,0.1138061621256305,-0.004671917671231439,0.37972673773765564
10264576,2471.903817057988,0.023463107652679113,0.2762084901332855,,,,,,,,0.0,0.7315928936004639,0.14751519793082948,-0.0009325434003776492,0.05977536365389824
10272768,2473.1977699910058,0.04277785353770586,0.24592284858226776,,,,,,,,0.0078125,0.7820477485656738,0.11118318854384673,-0.004794231830436493,6.0794830322265625
10280960,2474.3464977839903,0.027068714420284162,0.28929445147514343,,,,,,,,0.0,0.6868883371353149,0.17301781379455855,-0.0023553730181099207,6.9486212730407715
10289152,2475.473914997012,0.02883957093673477,0.2599121034145355,0.0008083282656665691,0.11972520515201998,0.11518547255339029,333,258.12006068066387,49.2,nan,0.0,0.7135494947433472,0.13230383447489813,-0.007189248608663571,15.659819602966309
10297344,2476.9223169450124,0.07901002850705428,0.3389038145542145,,,,,,,,0.0078125,0.7163799405097961,0.11150850990646552,0.0014729828453467206,0.8181033134460449
10305536,2478.051083583996,0.02352113068867102,0.25928956270217896,,,,,,,,0.0,0.7139069437980652,0.15570205843747592,-0.005051038677428132,28.967992782592773
10313728,2479.599667669012,0.2534902122876022,0.2553955018520355,,,,,,,,0.0,0.6948710680007935,0.11462127002037774,-0.007132244439845727,2.2664761543273926
10321920,2481.069053790008,0.0646545610051114,0.33599853515625,,,,,,,,0.0078125,0.6887689828872681,0.10996088770979226,-0.00811110553626773,8.185622215270996
10330112,2482.452307739004,0.03294124557863598,0.24825440347194672,,,,,,,,0.0,0.6830289363861084,0.13724668936255494,-0.006094355912337132,17.73542022705078
10338304,2483.932396571996,0.8014176012039759,0.26812744140625,,,,,,,,0.0078125,0.67148756980896,0.10935731242986181,-0.0003142517483990686,2.930858612060547
10346496,2485.374904575001,0.04797564508634486,0.4098754823207855,,,,,,,,0.0,0.7034926414489746,0.16377141711856188,0.0096970840999254,0.5936578512191772
10354688,2486.773367452988,0.06574918068346525,0.32612305879592896,0.0012936083368081386,0.1225124388117814,0.12080793073495708,333,256.06425452334395,49.2,nan,0.0,0.7622522115707397,0.11744169395965359,0.001214969750117492,9.368855476379395
10362880,2488.80288823499,0.07482421809420113,0.32402345538139343,,,,,,,,0.0078125,0.7217063903808594,0.09877523617363404,-0.0018541884022119232,2.8834259510040283
10371072,2490.374384810013,0.03407315775698759,0.32257080078125,,,,,,,,0.0,0.7206981778144836,0.15104109200388716,-0.0052082579135746794,10.646878242492676
10379264,2491.9368913700164,0.06421346278113732,0.33759766817092896,,,,,,,,0.0078125,0.7392473816871643,0.10572063100416423,0.005071536249825956,7.205076694488525
10387456,2493.4508570489998,0.04466109379605715,0.39178466796875,,,,,,,,0.0,0.6881744265556335,0.17419669380567462,0.006669475024662409,0.4730212390422821
10395648,2494.8207205240033,0.03765897549595474,0.3521972596645355,,,,,,,,0.0,0.7620672583580017,0.13095557340799036,-0.0036903203535650175,5.238637924194336
10403840,2496.234349864011,0.033118744648293674,0.3151489198207855,,,,,,,,0.0078125,0.7464717030525208,0.10829870059600916,0.01024112288808693,0.16499003767967224
10412032,2497.7276308120054,0.03928677518833073,0.35748291015625,,,,,,,,0.0,0.7077658176422119,0.1564336297709509,0.0021570074027862335,3.344550848007202
10420224,2499.3525803420052,0.03579891298215467,0.30659180879592896,0.0007104076302293372,0.12048293783314547,0.11799145819854923,333,256.61563179109635,49.35,nan,0.0,0.7732024192810059,0.1109054637947492,-0.001942203051078776,4.978997230529785
10428416,2501.023978058016,0.07382574291863585,0.34233400225639343,,,,,,,,0.0078125,0.6965162754058838,0.10646297177931223,-0.0062772891678894065,0.40621766448020935
10436608,2502.2098977419955,0.029862549340550194,0.3175903260707855,,,,,,,,0.0,0.7486221790313721,0.14112181612017233,0.004104531453214365,0.03397681191563606
10444800,2503.444533953996,0.023766263743080412,0.2737060487270355,,,,,,,,0.0078125,0.790459156036377,0.10986818864777592,0.0006779886940619231,0.051515884697437286
10452992,2504.592553497001,0.025735534613019674,0.2920776307582855,,,,,,,,0.0,0.6999295949935913,0.1719658482582694,0.0010720270951577648,0.01620381325483322
10461184,2505.8663301350025,0.03678583883619078,0.29423829913139343,,,,,,,,0.0,0.771327555179596,0.13272884019047662,-0.0032756871679138246,2.1682021617889404
10469376,2507.3371009830153,0.030099406866666276,0.28260499238967896,,,,,,,,0.0078125,0.7265157699584961,0.11723362458202148,-0.004290810069409638,0.07732506096363068
10477568,2508.7880594609887,0.02731488815141396,0.2885986268520355,,,,,,,,0.0,0.7286585569381714,0.1569971060510754,0.003176838057324688,0.03420272096991539
10485760,2510.306501307001,0.02366407302546334,0.2748046815395355,0.000256520227544077,0.12596485387008455,0.12196968964901712,333,254.17336155499177,49.2,nan,0.0078125,0.8082946538925171,0.11757154295022292,-0.0010620276679760563,0.041368406265974045
10493952,2512.4247949160053,0.022989324160016096,0.26655274629592896,,,,,,,,0.0,0.6864389777183533,0.1663195043893848,-0.00269505120593797,0.020675892010331154
10502144,2513.919298516994,0.034807191407405444,0.34349367022514343,,,,,,,,0.0,0.7644830942153931,0.12272041187560645,-0.00643226123137774,6.285279750823975
10510336,2515.295142040006,0.02902407388201832,0.2566894590854645,,,,,,,,0.0078125,0.740886926651001,0.10274711314319851,-0.0006567870247510014,0.9466575980186462
10518528,2516.8615922830068,0.06339701808700708,0.3404296934604645,,,,,,,,0.0,0.7014432549476624,0.15301379866269307,-0.006027714014656442,2.7363898754119873
10526720,2518.4559039509913,0.5297435997016152,0.27100831270217896,,,,,,,,0.0,0.7401340007781982,0.11043735265442253,-0.02186459437841911,1.2101209163665771
10534912,2520.2443191269995,0.05142437327867118,0.36164551973342896,,,,,,,,0.0078125,0.6954057812690735,0.09911138588898427,-0.0060086324319968505,5.033278942108154
10543104,2521.965540859994,0.02370949625799356,0.19124756753444672,,,,,,,,0.0,0.6164405941963196,0.1279368543879531,-0.007326515687486904,38.69106674194336
10551296,2523.554978942004,0.4446183790078404,0.3111938536167145,0.00061198240934357,0.1152003626622537,0.11149978079483519,333,260.2229044893503,49.5,nan,0.0078125,0.561964750289917,0.10082105559458755,0.010948975509434718,6.443403720855713
10559488,2525.5961113630037,0.018886673351773867,0.22592774033546448,,,,,,,,0.0,0.6714125275611877,0.14805430572625292,-0.00569887125428125,33.04550552368164
10567680,2527.1370254770154,0.3692083735234605,0.3065429627895355,,,,,,,,0.0,0.5646030306816101,0.11435995693779577,0.011414969291791898,19.653919219970703
10575872,2528.701719372999,1.0858578874458609,0.2968505918979645,,,,,,,,0.0078125,0.6225030422210693,0.10164761797833174,-0.027285337145533373,2.0328149795532227
10584064,2530.044303780014,0.05491836573833345,0.4165893495082855,,,,,,,,0.0,0.736376941204071,0.14168878454193368,0.0010541996990867744,8.226279258728027
10592256,2531.273111479997,0.07541668096670717,0.3866821229457855,,,,,,,,0.0078125,0.7500731348991394,0.10404138587341828,0.0016886195254509524,6.964244365692139
10600448,2532.508489519998,0.030115473310252647,0.3147338926792145,,,,,,,,0.0,0.6780019998550415,0.16782675530421254,-0.0017931671941117328,27.0147762298584
10608640,2533.7717217580066,0.05217988593300169,0.31402587890625,,,,,,,,0.0,0.6024392247200012,0.12560170945535323,0.0024455431495507816,21.681386947631836
10616832,2535.0550908909936,0.6335768687225573,0.36790773272514343,0.00040780199544609985,0.12255031509029018,0.11824222644869091,333,256.37531368272033,49.2,nan,0.0078125,0.5974228382110596,0.10610702106591864,-0.003990652875762455,5.122904300689697
10625024,2537.061361603992,0.03889782657890635,0.3584350645542145,,,,,,,,0.0,0.7057632207870483,0.14384150567680146,-0.0029135379751297564,22.807598114013672
10633216,2538.795485815004,0.2073618112243697,0.37980958819389343,,,,,,,,0.0,0.6566755771636963,0.1002814918305416,0.013774781796312275,10.602835655212402
10641408,2540.520182048989,0.04107185232148215,0.3514160215854645,,,,,,,,0.0078125,0.6759269833564758,0.09547507787994784,0.0021523045050216506,11.233569145202637
10649600,2542.2762860759976,0.048209207259444026,0.30400392413139343,,,,,,,,0.0,0.7007689476013184,0.14020731803974615,-0.0013118006646009898,28.046716690063477
10657792,2543.95901520201,0.349337174084966,0.4115356504917145,,,,,,,,0.0078125,0.67074054479599,0.10797504114268269,0.018340781768198033,3.5195748805999756
10665984,2545.5352209809935,0.05648750576330302,0.40716552734375,,,,,,,,0.0,0.6975945234298706,0.1734832753995103,0.01405509253208686,0.39407476782798767
10674176,2547.1480606429977,0.03836111784265497,0.35899659991264343,,,,,,,,0.0,0.7738535404205322,0.135928117763259,0.004944599999898639,0.14868636429309845
10682368,2548.862757137016,0.027008935609901252,0.30317384004592896,0.0004181735353393501,0.1348828352940106,0.13284790638625288,333,250.24684454271056,49.5,nan,0.0078125,0.7326174974441528,0.1235623062182824,0.0015457813022364977,0.10466823726892471
10690560,2551.0785563070094,0.023846483893800154,0.27916261553764343,,,,,,,,0.0,0.72440505027771,0.1579156052859838,3.0044630063529208e-05,0.046150583773851395
10698752,2552.710537684994,0.02464240016139015,0.2806762754917145,,,,,,,,0.0078125,0.8028886914253235,0.124584485993253,0.0005146312917869122,0.052143167704343796
10706944,2554.2059069249954,0.024462196100015206,0.27385255694389343,,,,,,,,0.0,0.683340311050415,0.17831695199899394,-0.0019386947819524229,2.074333906173706
10715136,2555.735323506,0.3821480180562644,0.21259765326976776,,,,,,,,0.0,0.7163499593734741,0.14570190732433067,-0.014860256500445783,0.9144920706748962
10723328,2557.352877991012,0.13105088671783735,0.28204345703125,,,,,,,,0.0078125,0.7285605072975159,0.1296045826819911,-0.002814233484547306,0.317053884267807
10731520,2562.9301359310048,0.026896707268648592,0.29121094942092896,,,,,,,,0.0,0.7075114250183105,0.16950371774825554,0.00045232667429997314,0.02539416216313839
10739712,2569.30576892299,0.023820868638213918,0.27928468585014343,,,,,,,,0.0,0.7803778052330017,0.13821882533793944,-0.0007634057878420978,0.03538314625620842
10747904,2576.936053782003,0.0268637634174739,0.29340821504592896,0.00021588068176792152,0.13585285834155497,0.1330607213023279,333,250.1061660787283,49.2,nan,0.0078125,0.705082356929779,0.13340412370083884,-0.003198378197966167,0.07823554426431656
10756096,2586.912160559994,0.13878459329429516,0.25544434785842896,,,,,,,,0.0,0.7071647644042969,0.1552587450473179,0.005275283302273198,4.990314483642578
10764288,2594.455266822013,0.060068616831927706,0.2667480409145355,,,,,,,,0.0078125,0.7474371790885925,0.13094521778995918,0.010413836027718726,0.1258016973733902
10772480,2602.241856829991,0.02759787339954353,0.3026489317417145,,,,,,,,0.0,0.6962588429450989,0.17345991810617495,0.0005441285602450648,0.02553432062268257
10780672,2610.0899690020015,0.024565805710012743,0.27044677734375,,,,,,,,0.0,0.7721635103225708,0.13520077381289355,0.0013786066168311893,0.03633667528629303
10788864,2618.9954431779915,0.023308622039620964,0.26854249835014343,,,,,,,,0.0078125,0.7337614297866821,0.12144316190305608,-0.0027406794969002182,0.04682966694235802
10797056,2627.187393352011,0.022234679478492607,0.25725099444389343,,,,,,,,0.0,0.7252219319343567,0.15617386314388546,-0.0029448592147719426,0.0193803608417511
10805248,2635.5385615960113,0.02385669237573306,0.27564698457717896,,,,,,,,0.0078125,0.8036606907844543,0.1225079380053367,-0.002074263948672641,0.04036715254187584
10813440,2643.9807687819994,0.020230390293801675,0.24752198159694672,0.00026368645661578594,0.13105808175146455,0.1283929468116646,333,252.66716023724607,49.5,nan,0.0,0.685181736946106,0.17802807342697285,-0.0004717561727150628,0.013703718781471252
10821632,2654.3742410620034,0.024043404674807964,0.27281495928764343,,,,,,,,0.0,0.7587167620658875,0.14293356169149632,0.0005879015049112102,0.024406541138887405
10829824,2662.090096406988,0.021408689801621028,0.25567626953125,,,,,,,,0.0078125,0.759979248046875,0.12365823163492773,-0.0017458035136302013,0.02763819694519043
10838016,2670.795708463993,0.02234126880498858,0.26386719942092896,,,,,,,,0.0,0.7122169137001038,0.16309785735159693,-0.0032937516072372667,0.014487281441688538
10846208,2678.967838282988,0.020798431624322315,0.2532958984375,,,,,,,,0.0,0.7933963537216187,0.12787264862850284,-0.0020833616530653467,0.029282331466674805
10854400,2686.6894115569885,0.02289976213037362,0.2636352479457855,,,,,,,,0.0078125,0.7104655504226685,0.12423504195070509,-0.0028175799853638775,0.018497854471206665
10862592,2693.74848329401,0.02292480359467616,0.26800537109375,,,,,,,,0.0,0.7431551814079285,0.14607549694850372,-0.0021182283158556183,0.03360392898321152
10870784,2701.1119643010024,0.020178279923119925,0.24072265625,,,,,,,,0.0078125,0.7888869047164917,0.12088129978529429,-0.0014405825414648004,0.030887380242347717
10878976,2709.170173827006,0.05761173429484037,0.24196778237819672,0.0005900627428490068,0.12707243436257384,0.1240640122249315,333,254.21944038583922,49.2,nan,0.0,0.6608800888061523,0.1651834522885593,-0.0060754357635521734,23.161361694335938
10887168,2719.874658962013,0.31600363867168835,0.23749999701976776,,,,,,,,0.0,0.6497689485549927,0.12703189065981646,0.0018676574534830057,1.5540841817855835
10895360,2727.1734681210073,0.3733125149887122,0.23746338486671448,,,,,,,,0.0078125,0.6829981803894043,0.11505290805918249,-0.01856444116558406,5.6024169921875
10903552,2730.9182407209883,0.032199751824905566,0.302734375,,,,,,,,0.0,0.7065780162811279,0.1556630283830763,0.004377311360788812,2.667893648147583
10911744,2732.0754401719896,0.08038881258569475,0.2679687440395355,,,,,,,,0.0078125,0.7661803364753723,0.12250651598600756,0.008069778488913305,0.37106189131736755
10919936,2733.2873524820025,0.028416853507088637,0.2994018495082855,,,,,,,,0.0,0.6834678053855896,0.17478751813530607,-0.0003370400628435426,0.07534360885620117
10928128,2734.665260529,0.02578097850895802,0.2839721739292145,,,,,,,,0.0,0.7563431859016418,0.1414700632281032,0.0010177973610017565,0.032486602663993835
10936320,2736.0035177769896,0.02163048546689902,0.2605346739292145,,,,,,,,0.0078125,0.7599532604217529,0.1262007456333872,0.0003495320661031035,0.06920631974935532
10944512,2737.3029143339954,0.021162508511431893,0.2527709901332855,0.0007684067910459502,0.13621531975514034,0.13222859986092667,333,250.43103365280942,49.2,nan,0.0,0.708810031414032,0.16661254765240244,-0.001203601384309432,0.03294774517416954
10952704,2738.8569351650076,0.021518755731187153,0.2579589784145355,,,,,,,,0.0,0.7859112620353699,0.13079818519606987,-0.00033952554389099396,0.06882955878973007
10960896,2739.978847234015,0.021754780105964253,0.24831543862819672,,,,,,,,0.0078125,0.7089078426361084,0.1275965770610408,-0.0015058682807169022,0.027743855491280556
10969088,2741.1095617249957,0.020299733063035414,0.24899902939796448,,,,,,,,0.0,0.7383790612220764,0.15144764324905463,-0.002475826599299291,0.019405456259846687
10977280,2742.419589011988,0.01966716776621196,0.24422608315944672,,,,,,,,0.0078125,0.781554102897644,0.12578183107560803,-0.003499421534757142,0.03485817834734917
10985472,2743.4169354859914,0.019917564203518485,0.24660645425319672,,,,,,,,0.0,0.6950785517692566,0.17428180559769788,-0.0010795173860871068,0.014447393827140331
10993664,2744.411877372011,0.02058646567966765,0.254150390625,,,,,,,,0.0,0.7687526345252991,0.14117257873434527,-0.0013652852614313617,0.03248080238699913
11001856,2745.656289868988,0.019954165254191816,0.24016113579273224,,,,,,,,0.0078125,0.733321487903595,0.12832134489552635,-0.0015843536705988813,0.021962841972708702
11010048,2747.003745814989,0.021185453643615734,0.2588867247104645,0.0009913523988637207,0.13368664955914933,0.1299630323757627,333,251.14219793177364,49.5,nan,0.0,0.7225571274757385,0.16034178397991972,-0.003737226208449388,0.011856895871460438
11018240,2748.794441998005,0.02244767166113391,0.25877687335014343,,,,,,,,0.0,0.8036362528800964,0.1289426668353213,-0.002887843011142189,0.030067777261137962
11026432,2750.0190035999985,0.02094071343870803,0.25267335772514343,,,,,,,,0.0078125,0.6843065619468689,0.13181660644179777,-0.002394448496162377,0.00799603946506977
11034624,2751.2195879530045,0.018752125416023974,0.23377685248851776,,,,,,,,0.0,0.7573397159576416,0.13891486283500706,-0.0024451913543901693,0.02051837183535099
11042816,2752.5124677860003,0.020506173583748177,0.24648438394069672,,,,,,,,0.0078125,0.7652624249458313,0.12115923392723427,-0.005182399546929496,0.025889089331030846
11051008,2753.7112831760023,0.021378200074420827,0.25140380859375,,,,,,,,0.0,0.7094941735267639,0.16435197902046456,-0.004602518108180682,0.011416072025895119
11059200,2755.0149500120024,0.020071126424193772,0.24747315049171448,,,,,,,,0.0,0.7944396138191223,0.12359386140317485,-0.0026569198719562613,0.026189912110567093
11067392,2756.3255092939944,0.019287683221506972,0.23432616889476776,,,,,,,,0.0078125,0.7145370841026306,0.12072591413700019,-0.002308238225369937,0.011859828606247902
11075584,2757.663952302013,0.03756144682974458,0.35712891817092896,0.0009807896640865454,0.12601425514333447,0.12307917904773773,333,253.51876301806888,49.2,nan,0.0,0.7442667484283447,0.12221203321974765,-0.0026889529319147473,3.9443747997283936
11083776,2759.349855247012,0.029180392995045837,0.28876954317092896,,,,,,,,0.0078125,0.7936974167823792,0.10758849321281772,-0.004057038657792273,2.370298385620117
11091968,2760.674679038988,0.02693489934684077,0.28935548663139343,,,,,,,,0.0,0.6956513524055481,0.173799915693767,0.004580190849843223,0.03908839449286461
11100160,2762.019093373994,0.024173356340023627,0.26313477754592896,,,,,,,,0.0,0.7722547650337219,0.132673326749777,-0.004248455333198931,0.5641233325004578
11108352,2763.407668392989,0.07848484454779824,0.24984131753444672,,,,,,,,0.0078125,0.7321902513504028,0.11792941508279244,-0.009201559089469484,0.7252725958824158
11116544,2764.5121329370013,0.02607283605774703,0.2843994200229645,,,,,,,,0.0,0.7229312658309937,0.15505608823456973,0.0015317657608132547,0.02572435699403286
11124736,2765.623222524009,0.029514167626373267,0.30816650390625,,,,,,,,0.0,0.8048346042633057,0.12432279561978023,0.0038360043361800517,0.12701600790023804
11132928,2766.704997188004,0.025883688807133966,0.28382569551467896,,,,,,,,0.0078125,0.6855074167251587,0.12582278147947412,-0.0017700762549195392,0.06745588034391403
11141120,2767.781177864992,0.020607967138523878,0.2519164979457855,0.0009058616566671729,0.12491385865813398,0.12273692767362329,333,254.11276429846754,49.2,nan,0.0,0.7599934339523315,0.136194182343401,0.0015517495338289236,0.03428374603390694
11149312,2769.3733002429944,0.021518633347134077,0.25501710176467896,,,,,,,,0.0078125,0.7720251679420471,0.11445879064861972,-0.004902263460243303,0.046866923570632935
11157504,2770.6817708520102,0.021666735730460344,0.25560304522514343,,,,,,,,0.0,0.7107366919517517,0.1630612600148394,-0.0015863773831212278,0.016608525067567825
11165696,2772.117822150991,0.021526834854411543,0.25811767578125,,,,,,,,0.0,0.7994375228881836,0.11960816654320428,-0.000909385018536419,0.061558034271001816
11173888,2773.5834760190046,0.02186040108134592,0.2600463926792145,,,,,,,,0.0078125,0.7176495790481567,0.11549790625595063,-0.003993605971432531,0.02998143434524536
11182080,2775.071162764012,0.029299436970961646,0.31182861328125,,,,,,,,0.0,0.7432289123535156,0.14694125028217253,-0.002047339494081139,0.49346923828125
11190272,2776.532996193011,0.156596235071928,0.21783447265625,,,,,,,,0.0078125,0.7743898034095764,0.11487443344638701,-0.011529982019927845,0.9045247435569763
11198464,2777.9665996940166,0.028831761705109385,0.3085083067417145,,,,,,,,0.0,0.6969014406204224,0.1719089497509095,-0.002285630628057736,0.02843821980059147
11206656,2779.377873446996,0.054640918611697335,0.348876953125,0.0012443208829239216,0.12229634865380946,0.11991611021045254,333,254.9088968070534,49.5,nan,0.0,0.7720715403556824,0.1304082639230422,-0.005983202687477788,2.819007396697998
11214848,2781.2250426399987,0.08041810552959082,0.2574096620082855,,,,,,,,0.0078125,0.715712308883667,0.11578633113665665,-0.015174487294563789,0.6758826375007629
11223040,2782.547194601997,0.05254867762616422,0.38005372881889343,,,,,,,,0.0,0.7256092429161072,0.1543634888695546,0.002354679531003756,2.0672149658203125
11231232,2783.897518368991,0.1953366408396594,0.28472900390625,,,,,,,,0.0,0.7868047952651978,0.11256248759126097,-0.016834653504048242,0.9908095598220825
11239424,2785.37429618201,0.030351256408292185,0.3117309510707855,,,,,,,,0.0078125,0.6857507228851318,0.11189043637642597,0.001547506836456625,0.02851003222167492
11247616,2786.9752834080136,0.030340469402003314,0.3091674745082855,,,,,,,,0.0,0.7586987018585205,0.13147320883470956,0.000695309385436754,0.035076212137937546
11255808,2788.4103214130155,0.02656630507031521,0.2880493104457855,,,,,,,,0.0078125,0.7707729935646057,0.1121211983394978,9.715642200220227e-05,0.03152433782815933
11264000,2789.8061181899975,0.02360331613342445,0.27442628145217896,,,,,,,,0.0,0.7097505331039429,0.16011096811825384,-0.000908379355762756,0.01816898211836815
11272192,2790.95555232701,0.02707182153681272,0.29710695147514343,0.0030305917088429,0.12137155337776107,0.12015502346433826,333,255.12087322624836,49.35,nan,0.0,0.8006778359413147,0.11792655152690154,-0.0018927057716720107,0.035840071737766266
11280384,2792.479449425009,0.023040149824636962,0.2624877989292145,,,,,,,,0.0078125,0.7193230986595154,0.10967789473561633,-0.0016817441311635633,0.02835334837436676
11288576,2793.641407643998,0.03571583985699763,0.32805177569389343,,,,,,,,0.0,0.7298208475112915,0.1496827500444613,-0.004795435348208089,7.736033916473389
11296768,2794.832915850013,0.09693338523620848,0.24074707925319672,,,,,,,,0.0078125,0.7551892399787903,0.1116767511915119,-0.0045622444400568035,1.646769404411316
11304960,2796.247383742011,0.026085381878506033,0.28190919756889343,,,,,,,,0.0,0.6955493688583374,0.17251657871778855,0.0022382703343270215,0.027205461636185646
11313152,2797.7530786530115,0.06076479065416405,0.2970214784145355,,,,,,,,0.0,0.7560028433799744,0.11875592100678917,-0.008015307940911027,6.588006496429443
11321344,2799.2215550339897,0.04751946203548423,0.28076171875,,,,,,,,0.0078125,0.7169291973114014,0.10609663261455249,0.01639992534305797,0.8423029184341431
11329536,2800.6485840759997,0.028229146579256625,0.3061767518520355,,,,,,,,0.0,0.7248767018318176,0.15441960997342483,0.003753415503049002,0.047368984669446945
11337728,2802.2060814390134,0.026469878847886874,0.28782960772514343,0.0007383843249431088,0.12633389605977352,0.12440565939946419,333,253.1412186114077,49.35,nan,0.0,0.8150532245635986,0.11841239741789127,0.0004920024517493193,0.04834531992673874
11345920,2804.2540626589907,0.0232491491037695,0.2681518495082855,,,,,,,,0.0078125,0.6880379915237427,0.1199535081415163,-0.0015025167864004675,0.016422023996710777
11354112,2805.736253072013,0.020573053482919573,0.24915771186351776,,,,,,,,0.0,0.7583304047584534,0.14146565942271958,7.934108584594187e-05,0.02218434028327465
11362304,2807.240203032008,0.020566106537857454,0.24262695014476776,,,,,,,,0.0078125,0.7709265947341919,0.11867684182627651,-0.002771592345308533,0.03461327776312828
11370496,2808.775257377012,0.02219305739549557,0.2564453184604645,,,,,,,,0.0,0.708431601524353,0.16672162609966779,0.0010318405043689513,0.011986120603978634
11378688,2810.421380726999,0.019102393667931747,0.23304443061351776,,,,,,,,0.0,0.7926784753799438,0.12756979150787953,0.0005774253640852807,0.029119018465280533
11386880,2812.0282084420032,0.021274538733027256,0.24517822265625,,,,,,,,0.0078125,0.7170267701148987,0.1211449021841989,-0.0013064788218734146,0.018704330548644066
11395072,2813.601197131007,0.01968057773016104,0.23842774331569672,,,,,,,,0.0,0.7398160099983215,0.15454496231680498,-0.0007844935269013917,0.016222042962908745
11403264,2815.2477408970008,0.018756629025965345,0.23471680283546448,0.001158476073178094,0.12833691185461862,0.12616029861058523,333,252.504101099386,49.2,nan,0.0078125,0.7954500913619995,0.12466213387989042,-0.0034530243835488336,0.030724138021469116
11411456,2817.442064080009,0.021615209748985145,0.24864502251148224,,,,,,,,0.0,0.6938183307647705,0.17552315537501423,-0.0011539101953801274,0.009899944998323917
11419648,2818.84565139201,0.01966960218105656,0.24030761420726776,,,,,,,,0.0,0.7734097242355347,0.13334236050646145,-0.0017801297243255792,0.029517177492380142
11427840,2820.1051523770147,0.019639204764167945,0.24068604409694672,,,,,,,,0.0078125,0.7442901134490967,0.11305163516064769,-0.0018833765458343696,0.0228410717099905
11436032,2821.3315899340087,0.02206781461180433,0.2605224549770355,,,,,,,,0.0,0.7247496247291565,0.15676233350715144,-0.0031936985629159435,0.011835572309792042
11444224,2822.482393268001,0.06854724678228437,0.25941163301467896,,,,,,,,0.0,0.7954911589622498,0.11934006371230174,-0.00984485182324502,1.3462244272232056
11452416,2823.773704585008,0.026802501247821017,0.2864013612270355,,,,,,,,0.0078125,0.6890828609466553,0.11895064900831626,-0.0002218419746137484,0.1765419840812683
11460608,2825.361427243013,0.02871755517775079,0.30665284395217896,,,,,,,,0.0,0.7630183696746826,0.13487450645749735,0.0006045541216058892,0.06907724589109421
11468800,2827.050189709,0.020890421250976808,0.25506591796875,0.0022336405020096928,0.12376653824438803,0.1221305299196922,333,254.63904450429874,49.35,nan,0.0078125,0.779979944229126,0.11450079054584487,-0.003246189677585047,0.03955094516277313
11476992,2829.1713027489895,0.02311468642744119,0.26750490069389343,,,,,,,,0.0,0.7103174328804016,0.16399178952964893,-0.0006736157318439582,0.012740937061607838
11485184,2830.714826639014,0.026771414859511757,0.28758546710014343,,,,,,,,0.0,0.8015421628952026,0.1164471298340039,-0.005698520405810765,0.9543779492378235
11493376,2832.3868451669987,0.04036820041118096,0.23439942300319672,,,,,,,,0.0078125,0.7169348001480103,0.11139762500601988,-0.004518404879790857,0.06640702486038208
11501568,2833.952074945002,0.0479072958286805,0.3559814393520355,,,,,,,,0.0,0.7350711226463318,0.14224858608671104,-0.0036808172414043543,10.93931770324707
11509760,2835.5229525539908,0.31859428048161775,0.2822509706020355,,,,,,,,0.0078125,0.7550650835037231,0.11070639269363175,-0.0049386930444042815,1.687970519065857
11517952,2837.2535900459916,0.036776457013905604,0.33607178926467896,,,,,,,,0.0,0.695732593536377,0.1715586976249026,0.003944926108236559,0.06977798789739609
11526144,2838.8425887050107,0.028104503821155404,0.30567628145217896,,,,,,,,0.0,0.7815186381340027,0.13124163112473622,0.0035930264809342022,0.033277638256549835
11534336,2840.456021768012,0.024755010737611105,0.27808839082717896,0.0016500531688345976,0.12358039141023051,0.12192402764042813,333,254.98458159512592,49.35,nan,0.0078125,0.7513101696968079,0.11102877260308701,-0.0015096761348196007,0.03342828154563904
11542528,2842.5020254210103,0.04291300304433386,0.36561280488967896,,,,,,,,0.0,0.7248106598854065,0.15618884872777747,-0.0031305038543532854,4.771850109100342
11550720,2844.049564468005,0.05523604310799795,0.294921875,,,,,,,,0.0,0.7881929874420166,0.1181021745467944,0.001007187880306216,0.35572946071624756
11558912,2845.6396746340033,0.03873687366444596,0.34245607256889343,,,,,,,,0.0078125,0.6893328428268433,0.11746306107755138,0.003919943291894817,0.13038568198680878
11567104,2847.1365481640096,0.02410366571448728,0.2784790098667145,,,,,,,,0.0,0.7571329474449158,0.14047170924530064,0.00037838317342229154,0.033984601497650146
11575296,2848.3548341369897,0.02560452908682455,0.2781738340854645,,,,,,,,0.0078125,0.7716466784477234,0.12131269874708876,-0.004954564247269574,0.18891938030719757
11583488,2849.6397003990132,0.022680611769866157,0.2659912109375,,,,,,,,0.0,0.7095071077346802,0.1579174710548592,-0.0011136599782173083,0.018575327470898628
11591680,2850.8707078210136,0.024025517576533754,0.2747558653354645,,,,,,,,0.0,0.7975454330444336,0.11039739969384459,-0.0006055047078277671,0.03793598338961601
11599872,2852.0581853199983,0.02297952084356324,0.2596069276332855,0.0006356550299926322,0.12829567341488093,0.12436879322651175,333,254.5577358426274,49.2,nan,0.0078125,0.7226583361625671,0.10505236423759653,-0.0036730832876733528,0.034750796854496
11608064,2854.122116968996,0.0299524595792379,0.28935548663139343,,,,,,,,0.0,0.7303183078765869,0.14213789406222807,-0.008665746103858367,10.543939590454102
11616256,2855.5596170010103,0.06480906306088455,0.25340577960014343,,,,,,,,0.0078125,0.7305333018302917,0.11447576282962965,-0.0060177759721102425,2.4757206439971924
11624448,2857.0642968750035,0.025469125891899747,0.2861572206020355,,,,,,,,0.0,0.695732831954956,0.17258518490413527,0.002010670030144417,0.03909418359398842
11632640,2858.5995194599964,0.02620571827771306,0.2853149473667145,,,,,,,,0.0,0.7778604030609131,0.13223702998327247,-0.0007625004017385759,0.06201974302530289
11640832,2860.2092608459934,0.023955832445822656,0.2763305604457855,,,,,,,,0.0078125,0.7479032874107361,0.11883833306619204,-0.0009202494415718198,0.04661675915122032
11649024,2861.9314253670163,0.02326700401182631,0.26530763506889343,,,,,,,,0.0,0.7243682146072388,0.15309971905502393,-0.000516520393809598,0.015698013827204704
11657216,2863.6605051450024,0.024139802177987564,0.28059083223342896,,,,,,,,0.0,0.8079180121421814,0.12249788623861746,0.0014305180558526918,0.03695131465792656
11665408,2865.1744146330166,0.02585965660782376,0.28441163897514343,0.0010298652152402887,0.12301221057373328,0.12011930662663928,333,256.0200898740911,49.35,nan,0.0078125,0.6923643946647644,0.11804519574654963,-0.004205655443048757,0.01430081482976675
11673600,2871.718821465998,0.021985376119907515,0.25634765625,,,,,,,,0.0,0.7605254650115967,0.1377582309226907,0.00023342182433730159,0.02062159590423107
11681792,2879.743882287992,0.02036002628439754,0.24840088188648224,,,,,,,,0.0078125,0.7771906852722168,0.11613439977312895,-0.004280258830539868,0.028147611767053604
11689984,2887.5144162270008,0.0222094012062696,0.260498046875,,,,,,,,0.0,0.7111808657646179,0.16380338940339256,-0.0010445960803444321,0.012254188768565655
11698176,2895.5831373959954,0.02116471596389161,0.25480958819389343,,,,,,,,0.0,0.800438642501831,0.1150425290101015,4.9470179250776446e-05,0.03565320000052452
11706368,2903.0905510759912,0.03683368305047659,0.33070069551467896,,,,,,,,0.0078125,0.7234538197517395,0.10677641961017179,-0.0020336431619708416,2.2789392471313477
11714560,2911.2878782619955,0.06729195889658539,0.30217286944389343,,,,,,,,0.0,0.7141277194023132,0.1427348264779368,-0.0040665856962250465,0.27655550837516785
11722752,2919.4265596909972,0.149096912866401,0.23129883408546448,,,,,,,,0.0078125,0.7690882682800293,0.11222566315044591,-0.015345957742207046,0.12500973045825958
11730944,2926.273537564004,0.027458722849081043,0.30244141817092896,0.0015181872577912925,0.12698786586620597,0.12416768077858555,333,254.96826981880787,49.2,nan,0.0,0.6963124871253967,0.16480704877572835,0.0021394904264265577,0.023749126121401787
11739136,2937.010849993996,0.026359368371152145,0.29718017578125,,,,,,,,0.0,0.7801335453987122,0.1250768331644904,0.0007848396937953223,0.02805441990494728
11747328,2944.3904636490042,0.02640020736282115,0.28575441241264343,,,,,,,,0.0078125,0.7524197101593018,0.10802242516188332,0.0010857606617203815,0.025534117594361305
11755520,2952.593511285988,0.022302379370928604,0.2620849609375,,,,,,,,0.0,0.729295551776886,0.14744054475324966,-0.002782799979829791,0.013825041241943836
11763712,2960.9031160229933,0.023302775334385267,0.2752319276332855,,,,,,,,0.0,0.8227834701538086,0.11312498445646296,-0.002923846277435824,0.042303044348955154
11771904,2969.70106466001,0.024436168119878487,0.2671264708042145,,,,,,,,0.0078125,0.6968365907669067,0.10991258323269046,-0.0021614986747211257,0.015113946981728077
11780096,2977.6054842940066,0.02453156084489572,0.280517578125,,,,,,,,0.0,0.7702433466911316,0.127727655439855,-0.0007673583230474122,0.04071589559316635
11788288,2985.4148767419974,0.0350836033169183,0.26606446504592896,,,,,,,,0.0078125,0.7826171517372131,0.10747341904005725,-0.005396127666550583,0.6954314708709717
11796480,2993.1476998930157,0.034665638047169114,0.33997803926467896,0.0013010353273316122,0.11745864010928292,0.11559350197408977,333,259.18292925630305,49.35,nan,0.0,0.7146630883216858,0.1471779067581076,-0.0006599003872223229,8.991301536560059
11804672,3004.1725697859947,0.10610142471767288,0.34428712725639343,,,,,,,,0.0,0.7750006914138794,0.10292609774298227,-0.007235511001918144,3.9578075408935547
11812864,3012.316769452009,0.03889594504455863,0.3065429627895355,,,,,,,,0.0078125,0.7164902687072754,0.09567960154710912,-0.004652978390883866,0.6962150931358337
11821056,3019.6733619050065,0.023942857240779693,0.2581543028354645,,,,,,,,0.0,0.7172783017158508,0.13122561168347757,-0.007067061196859251,25.496501922607422
11829248,3027.668221469008,0.1488531652032002,0.2899414002895355,,,,,,,,0.0078125,0.6757341623306274,0.10493439304692392,0.002195431719116397,5.318156719207764
11837440,3034.7680158959993,0.032780595726590346,0.32652589678764343,,,,,,,,0.0,0.6962602138519287,0.16318412772963947,-0.0048458593068651905,11.8560791015625
11845632,3035.989981610008,0.19958333138197265,0.39049074053764343,,,,,,,,0.0,0.7256863713264465,0.12276677751584954,-0.004965557293391701,10.944112777709961
11853824,3036.9410238290147,0.11522043817245345,0.36583253741264343,,,,,,,,0.0078125,0.7071746587753296,0.10150699335497619,0.0034850589257892197,5.340438365936279
11862016,3038.0312335210037,0.02657164287816874,0.28532716631889343,0.0013083836789403724,0.11350174873020874,0.1115649814278377,333,261.73677891023726,49.2,nan,0.0,0.719087541103363,0.13669577872803554,-0.0053728328106998294,32.549842834472656
11870208,3039.6240712380095,0.041172057985111005,0.33056640625,,,,,,,,0.0,0.693342924118042,0.09435803758637404,-0.0012995252444973565,14.703033447265625
11878400,3040.860278609005,0.02871167813007723,0.3048461973667145,,,,,,,,0.0078125,0.6661777496337891,0.10260939296420085,-0.003786209943738381,30.277606964111328
11886592,3042.1763219780114,0.06482514355552407,0.397705078125,,,,,,,,0.0,0.6621423363685608,0.12370048511082436,0.003567277007876606,18.616777420043945
11894784,3043.472170091991,0.13575161997643678,0.3754516541957855,,,,,,,,0.0078125,0.6597672700881958,0.10831176867436265,0.0281146296938372,4.240108013153076
11902976,3044.8685064009915,0.04667809746511701,0.3938842713832855,,,,,,,,0.0,0.7088046073913574,0.16417345100155029,0.008201361384927134,0.549508810043335
11911168,3046.1264673169935,0.03611087658752822,0.3466552793979645,,,,,,,,0.0,0.7952994108200073,0.11905545985426537,0.006763191272789463,0.10633907467126846
11919360,3047.282269626012,0.027751965851018953,0.2935546934604645,,,,,,,,0.0078125,0.7249829769134521,0.1139581662672183,0.003237417979755216,0.30646976828575134
11927552,3048.4295893259987,0.029481633579689318,0.32391357421875,0.0024687387972487373,0.12671335733871678,0.12549183153438428,333,254.2762093123938,49.35,nan,0.0,0.7395521998405457,0.1495976587816544,-0.000913837940076637,0.06241574510931969
11935744,3050.0897569520166,0.024055411056470702,0.26710206270217896,,,,,,,,0.0078125,0.8038893342018127,0.11575454681051761,0.0020598834562427382,0.08400800824165344
11943936,3051.308953661006,0.030047550670437184,0.3073364198207855,,,,,,,,0.0,0.6934434175491333,0.1740216858341252,0.002409765511312098,0.04208382964134216
11952128,3052.584748797992,0.02619968297407479,0.29498291015625,,,,,,,,0.0,0.7736282348632812,0.13595972724259844,-3.1645469881748e-05,0.04065338522195816
11960320,3053.77959202099,0.022068788039037793,0.25225830078125,,,,,,,,0.0078125,0.7508853077888489,0.1198346013623634,0.00048313192025369934,0.04883623495697975
11968512,3055.118651072,0.020819203379356565,0.2583374083042145,,,,,,,,0.0,0.7224130630493164,0.15921736396767633,-0.0008672734164959597,0.027255434542894363
11976704,3056.3548233449983,0.023158994919593577,0.26195070147514343,,,,,,,,0.0,0.8100082278251648,0.12052834526022499,-0.0019675277094883155,0.03523768112063408
11984896,3057.371400631004,0.029113578892253716,0.28662109375,,,,,,,,0.0078125,0.6954581141471863,0.12182738739178638,-0.0019871923828698765,0.026920700445771217
11993088,3058.5168135619897,0.023010736593703646,0.2674926817417145,0.0009026618629714989,0.1259996063647413,0.12409864103618751,333,253.9386500222989,49.35,nan,0.0,0.7551223039627075,0.13896870747734194,-0.0015886035712173252,0.029081493616104126
12001280,3060.205406021996,0.020928960730524276,0.24960938096046448,,,,,,,,0.0078125,0.7777270674705505,0.11769514024451885,-0.00035653492391782835,0.034487225115299225
12009472,3061.5135006160126,0.020039494600113148,0.24370117485523224,,,,,,,,0.0,0.707080066204071,0.16783801000064477,-0.00011147397899925054,0.015846889466047287
12017664,3062.902230492007,0.021573050972001802,0.25904542207717896,,,,,,,,0.0,0.7942865490913391,0.11574039466762218,0.0004168685640137653,0.030450357124209404
12025856,3064.3925119779888,0.019745359690345906,0.23909913003444672,,,,,,,,0.0078125,0.7277975678443909,0.10852960088825364,-0.0013909293855392472,0.019665328785777092
12034048,3065.737163059006,0.022307601246406624,0.2621093690395355,,,,,,,,0.0,0.7418438792228699,0.14757750341272752,-0.0010480427090568173,0.025748342275619507
12042240,3066.9474003050127,0.024909573283674425,0.2764648497104645,,,,,,,,0.0078125,0.8143799304962158,0.10420463037295485,0.0010984738132544306,0.05025932192802429
12050432,3068.2310058439907,0.022289131536143682,0.25700685381889343,,,,,,,,0.0,0.6946457624435425,0.16948113623722844,-0.0022218598456722424,0.011581695638597012
12058624,3069.5400550070044,0.0295631543472263,0.3108764588832855,0.0021432842328610313,0.11442166202157344,0.11237255649940762,333,260.48947751460815,49.2,nan,0.0,0.7751069664955139,0.12375945782196278,-0.0063701756045479235,7.091685771942139
12066816,3071.449846003001,0.03011033989687736,0.25300294160842896,,,,,,,,0.0078125,0.7336292862892151,0.10680782569796654,-0.007066706368424408,3.440098285675049
12075008,3072.864173656999,0.03243800959043749,0.27403566241264343,,,,,,,,0.0,0.7098227143287659,0.1444337016202993,-0.006681529975714546,6.808705806732178
12083200,3074.260243388999,0.22911385871524473,0.28887939453125,,,,,,,,0.0,0.7825784683227539,0.10339226513947976,-0.0107806390831704,0.32974186539649963
12091392,3075.674740487011,0.035631958339628504,0.32569581270217896,,,,,,,,0.0078125,0.6953692436218262,0.10498820856284605,-0.00013080403795562336,0.13314500451087952
12099584,3077.0090796260047,0.09434160947136978,0.35426026582717896,,,,,,,,0.0,0.7508456110954285,0.12376575336875262,-0.006080052295400398,13.652740478515625
12107776,3078.4031476830132,0.532749727403622,0.3489135801792145,,,,,,,,0.0078125,0.7363242506980896,0.10182583035609531,0.002368902010189506,4.596654415130615
12115968,3079.9679168250004,0.04699441865421192,0.4028564393520355,,,,,,,,0.0,0.7124643325805664,0.15367623872021824,-0.0007861081759272083,3.91428542137146
12124160,3081.055056134006,0.18926381854265065,0.33668214082717896,0.002874325589491189,0.11287812972981127,0.11219343775328769,333,260.7075371798436,49.35,nan,0.0,0.7811397910118103,0.10573822157512373,-0.0075233461238113425,5.848519325256348
12132352,3082.578405133012,1.3365523861572108,0.3206787109375,,,,,,,,0.0078125,0.684302806854248,0.09671945007924959,-0.02094932083605651,0.9222961664199829
12140544,3083.7025693560136,0.05480326058024665,0.4015747010707855,,,,,,,,0.0,0.7484577298164368,0.13089388739387764,0.005345468378705514,2.984074354171753
12148736,3084.854269339994,1.1023661160501306,0.31578370928764343,,,,,,,,0.0078125,0.7485283017158508,0.08931715010255004,-0.013999241216507134,9.377217292785645
12156928,3086.3475122519885,0.03839359919403713,0.3661743104457855,,,,,,,,0.0,0.6963046789169312,0.16704704392695321,0.006292043679683736,0.12537339329719543
12165120,3088.032192142011,0.0511982860089412,0.31470948457717896,,,,,,,,0.0,0.7736375331878662,0.11806492341598207,-0.005309770280917706,1.7438455820083618
12173312,3089.4049628259963,0.33282080743703735,0.31328126788139343,,,,,,,,0.0078125,0.7320665717124939,0.10322828855078216,-0.013719602288785042,1.4985562562942505
12181504,3090.805417176016,0.039145733477553325,0.36920166015625,,,,,,,,0.0,0.727658212184906,0.14057989738112114,0.0077122300734856295,0.06483208388090134
12189696,3092.128144309012,0.10373711420216883,0.34876710176467896,0.0038949457138126586,0.10313560073517158,0.10313560073517158,333,264.6814085778272,49.95,nan,0.0,0.8058366775512695,0.10087631005014165,-0.007507299980165284,3.5312371253967285
12197888,3094.1521869080025,0.07807033968567045,0.3988037109375,,,,,,,,0.0078125,0.6931098699569702,0.09779911336694691,-0.0013693538986796585,1.2886358499526978
12206080,3095.6948661679926,0.09043090851388784,0.2741455137729645,,,,,,,,0.0,0.6938657164573669,0.11649755191322159,-0.0021505339976403155,24.110918045043945
12214272,3097.3045193149883,0.7177781441206326,0.3407226502895355,,,,,,,,0.0078125,0.5689133405685425,0.08249493664597334,0.013668275843344008,14.08606243133545
12222464,3098.9484420389927,0.0249484880877584,0.25944826006889343,,,,,,,,0.0,0.6889557838439941,0.1496592319016107,-0.007924628367962533,25.44594383239746
12230656,3100.6155628190027,0.10506927280000276,0.3063598573207855,,,,,,,,0.0,0.6801733374595642,0.10217348208251321,-0.00027232125472522237,14.763251304626465
12238848,3102.132439873996,0.09597190089926391,0.36784669756889343,,,,,,,,0.0078125,0.6698615550994873,0.08777768359385596,0.013296311910450621,2.2188682556152344
12247040,3103.646044104011,0.030832010897483775,0.31561279296875,,,,,,,,0.0,0.735637366771698,0.1255871527640536,-0.0034398964436154374,28.41865348815918
12255232,3105.1644815909967,0.061310860199846086,0.37481689453125,0.002286177188501215,0.11409509269362128,0.11191491516404296,333,260.33864001719354,49.35,nan,0.0078125,0.7270472049713135,0.07522490969918158,0.0024177456937594685,10.787165641784668
12263424,3107.091167597013,0.04577150912007954,0.39293214678764343,,,,,,,,0.0,0.6955091953277588,0.16801311744571001,0.014438079921380662,0.07595609873533249
12271616,3108.4020498229947,0.03401785026619638,0.3286987245082855,,,,,,,,0.0,0.7807397842407227,0.12562078359142723,0.0001268323164830407,4.923593997955322
12279808,3109.6097325390147,0.03874205039258881,0.3161254823207855,,,,,,,,0.0078125,0.7483750581741333,0.10355640783696542,-0.0028982124882578186,2.0749435424804688
12288000,3110.820172537002,0.09815649539184455,0.32752686738967896,,,,,,,,0.0,0.7099020481109619,0.14181900385304966,-0.00908469448001526,6.117783069610596
12296192,3112.003528811998,0.24336494617029,0.31103515625,,,,,,,,0.0,0.787304699420929,0.09636462449240119,-0.003924743556194103,2.8507683277130127
12304384,3113.256605139002,0.04392104755931528,0.3633666932582855,,,,,,,,0.0078125,0.6988677382469177,0.0865548111386086,0.0027597268030859178,0.8452901244163513
12312576,3114.9678886460024,0.04944464749824781,0.3225952088832855,,,,,,,,0.0,0.7555953860282898,0.11484201212845692,-0.004498894377531102,18.858312606811523
12320768,3116.6503323529905,0.23963151183453207,0.34898683428764343,0.0027672956558845163,0.10940937680930171,0.10783485623346957,333,263.03655663832444,49.2,nan,0.0078125,0.729005753993988,0.08768660010360024,-0.002875261417224141,7.531712532043457
12328960,3118.927852755005,0.032368906730279645,0.3247436583042145,,,,,,,,0.0,0.7103400826454163,0.15615670376842092,-0.004676009649114836,14.229567527770996
12337152,3120.5074289389886,0.1817338731210208,0.3588623106479645,,,,,,,,0.0,0.7431897521018982,0.1043822396886847,0.0012894824037449628,4.454905986785889
12345344,3121.9248647099885,0.09539271302834554,0.38471680879592896,,,,,,,,0.0078125,0.7078666687011719,0.08905334717660209,0.006353006235299806,0.5185903906822205
12353536,3123.3346558760095,0.037469924440839054,0.3515869081020355,,,,,,,,0.0,0.7449958920478821,0.14610674048005196,0.00704670111185079,0.08368301391601562
12361728,3124.800225460989,0.0559945876214617,0.32475587725639343,,,,,,,,0.0078125,0.806133508682251,0.10328415096658072,-0.002781871496298723,2.7114579677581787
12369920,3126.5067219320044,0.031206942369038284,0.31647950410842896,,,,,,,,0.0,0.6937486529350281,0.169816204891363,0.0029594380482301343,0.045151714235544205
12378112,3128.1222156750155,0.02802090491434163,0.3046875,,,,,,,,0.0,0.7812547087669373,0.12322656283004493,0.0008782666258060706,0.08350937813520432
12386304,3129.831246741989,0.02984850040219187,0.3062744140625,0.0009152473863445199,0.1165508205252022,0.11453441829974403,333,258.700599848604,49.35,nan,0.0078125,0.7633541226387024,0.10994718250398469,-0.003394160930844932,0.07242720574140549
12394496,3131.95070168699,0.022986398744955974,0.2705322206020355,,,,,,,,0.0,0.7227840423583984,0.1550991191437688,0.0004342207608125516,0.035249244421720505
12402688,3133.583441465016,0.09036048244844748,0.29228517413139343,,,,,,,,0.0,0.7936505079269409,0.10795620474843264,-0.008112326684570901,3.1514713764190674
12410880,3135.200013569003,0.03172655198336255,0.2997680604457855,,,,,,,,0.0078125,0.698059618473053,0.10796874112636305,-0.001662707461241284,0.11411076784133911
12419072,3136.7114836740075,0.05867604131661306,0.3184570372104645,,,,,,,,0.0,0.748956024646759,0.1346596081807204,-0.003919672527057369,5.951857089996338
12427264,3137.898535412998,0.15839676689538496,0.24343262612819672,,,,,,,,0.0078125,0.7642717957496643,0.10623240057927386,-0.01714272840030934,0.2570746839046478
12435456,3139.1284327380126,0.030813264865873408,0.32575684785842896,,,,,,,,0.0,0.7086746096611023,0.1648959602673965,0.003589806174659578,0.1725306361913681
12443648,3140.2793883350096,0.02815696002432786,0.30842286348342896,,,,,,,,0.0,0.8041690587997437,0.11875589680572313,0.00028997821849058617,0.05483603477478027
12451840,3141.510292875988,0.023734763672953203,0.2730956971645355,0.001263804437707572,0.11576428249526827,0.11367630518200023,333,259.9856519340161,49.2,nan,0.0078125,0.7377326488494873,0.10764455732633382,-0.005323060470709918,0.054282188415527344
12460032,3143.5672590270115,0.025709394862032747,0.28558349609375,,,,,,,,0.0,0.7440822720527649,0.14779114341857827,0.0030880012303154307,0.028604377061128616
12468224,3145.2530911249924,0.02578116312940006,0.28472900390625,,,,,,,,0.0078125,0.8255650997161865,0.10119503815957293,-0.005176624126728736,0.0487670935690403
12476416,3146.8294535489986,0.02535148435333027,0.2889770567417145,,,,,,,,0.0,0.6935632228851318,0.1696311009565011,0.0004755028134615948,0.019871527329087257
12484608,3148.3462756279914,0.026669115565470993,0.2967773377895355,,,,,,,,0.0,0.7841647267341614,0.11509423396648172,-0.002326046328748614,0.14190705120563507
12492800,3149.8771842000133,0.026224413266089985,0.2862304747104645,,,,,,,,0.0078125,0.768779993057251,0.08920343813576212,-0.0029358057479438662,0.052523303776979446
12500992,3151.423518835014,0.17890208603597976,0.24263916909694672,,,,,,,,0.0,0.7069557905197144,0.14667012381740493,-0.004167539208021822,2.354914903640747
12509184,3153.0949431759946,0.34920947782560163,0.28645020723342896,,,,,,,,0.0,0.7795027494430542,0.09839861049330749,-0.01317099773677307,1.3742398023605347
12517376,3154.7112152180052,0.04532664633240516,0.30126953125,0.0020453473935434507,0.11480392458248931,0.11409309616372343,333,260.0009950007919,49.35,nan,0.0078125,0.6993901133537292,0.09325436010771083,-0.0022663238362178257,0.21728955209255219
12525568,3157.088830964989,0.024296774011054668,0.2832397520542145,,,,,,,,0.0,0.764453649520874,0.13391124017295986,0.0003063942575582337,0.05045802518725395
12533760,3158.710236285988,0.05851008146419676,0.31391602754592896,,,,,,,,0.0078125,0.7958421111106873,0.10646026793876574,-0.004055299717437895,0.5761581659317017
12541952,3160.1539171760087,0.024203499506768304,0.2861084043979645,,,,,,,,0.0,0.7096374034881592,0.1650427049702278,-0.002358764259350561,0.02900129370391369
12550144,3161.706565211003,0.03109160707122823,0.3130859434604645,,,,,,,,0.0,0.807155966758728,0.11529898765800595,0.0013187928148536742,0.15652482211589813
12558336,3163.401332811016,0.024558836647258966,0.27955323457717896,,,,,,,,0.0078125,0.7415894269943237,0.10373770180080863,-0.004239186465869217,0.05574299022555351
12566528,3165.0622087980155,0.02595136250374677,0.28889161348342896,,,,,,,,0.0,0.7436657547950745,0.14326473874350518,-0.001119484020183748,0.028862768784165382
12574720,3166.597768717009,0.06468335873357388,0.27250978350639343,,,,,,,,0.0078125,0.8146704435348511,0.10203410964091612,-0.00802950128122852,0.9223930239677429
12582912,3167.9230848760053,0.021314952089558678,0.2349853515625,0.0014452992609559345,0.11396004701770628,0.11234986739812025,333,260.90998345972616,49.2,nan,0.0,0.6913574934005737,0.1601959535566962,-0.007680289367687353,25.62955093383789
12591104,3169.4740920320037,1.4790932697890176,0.2636352479457855,,,,,,,,0.0,0.650972306728363,0.11658060975482018,-0.017925704633176814,9.209805488586426
12599296,3170.689289964008,1.2386152227413376,0.2520996034145355,,,,,,,,0.0078125,0.6511824131011963,0.09835245334885072,-0.005562999841026889,3.148549795150757
12607488,3176.0644796130073,0.03833914816006218,0.3443603515625,,,,,,,,0.0,0.7256242632865906,0.1476904190780901,-0.003646066327178173,14.620071411132812
12615680,3184.7235320490145,0.48273882574526567,0.36456298828125,,,,,,,,0.0,0.7517532110214233,0.07941477467549353,-0.012198379316412149,10.213347434997559
12623872,3192.8910654580104,0.0991000890016584,0.3288207948207855,,,,,,,,0.0078125,0.6935480833053589,0.08039956056732964,-0.005412717382760725,5.964999675750732
12632064,3200.1531280780036,0.13517507745838123,0.3538818359375,,,,,,,,0.0,0.7050821781158447,0.13441262801570075,0.014309635681999467,7.9910569190979
12640256,3207.5605120919936,0.10577920560709356,0.38093262910842896,,,,,,,,0.0078125,0.7196653485298157,0.11049421589867889,0.007866736741937755,4.5336995124816895
12648448,3216.160759463004,0.04246505378134144,0.38691407442092896,0.0004181570130807888,0.11590204657521846,0.11325565350071591,333,259.69512973407467,49.35,nan,0.0,0.7086718678474426,0.15821939261891288,0.003930570727379935,2.0051255226135254
12656640,3227.619904124993,0.038797643914819976,0.3531494140625,,,,,,,,0.0,0.8014787435531616,0.11908789820687508,0.005396530475951947,3.1244335174560547
12664832,3235.9384057790157,0.039528170311261,0.3404907286167145,,,,,,,,0.0078125,0.7305899858474731,0.10984334284857478,0.009151366792062738,0.0975988507270813
12673024,3244.540280387999,0.0311130595739904,0.3268676698207855,,,,,,,,0.0,0.7448344230651855,0.1398737172044464,0.0035746378587888,0.07997100800275803
12681216,3252.7764440159954,0.025561246132331995,0.2818603515625,,,,,,,,0.0078125,0.8245118260383606,0.10945295042987974,0.0018477611142172685,0.07811756432056427
12689408,3260.890002781991,0.03051487155772723,0.31641846895217896,,,,,,,,0.0,0.6922449469566345,0.17041080826291438,-0.0027838546558742318,4.4111504554748535
12697600,3269.02243514001,0.5468984135151778,0.23249511420726776,,,,,,,,0.0,0.7289271354675293,0.13337583454072768,-0.01509249937543184,0.701389491558075
12705792,3277.0731993590016,0.12970066592429755,0.29475098848342896,,,,,,,,0.0078125,0.7310144305229187,0.11339031851594376,-0.0030030010418471385,0.539710521697998
12713984,3285.0673913820065,0.026511622859075042,0.29780274629592896,0.0009547388514736799,0.12095765612557402,0.11832337199464676,333,257.32242091302953,49.5,nan,0.0,0.7238903045654297,0.15603997030017153,0.0017399771969277803,0.04798572510480881
12722176,3295.064450025995,0.02730087209522658,0.29393312335014343,,,,,,,,0.0,0.8148520588874817,0.11862418104785485,0.0032695344919780006,0.046504564583301544
12730368,3302.986462844012,0.024320632394067676,0.27788087725639343,,,,,,,,0.0078125,0.7068985104560852,0.11558697562560538,-0.0020131522726935724,0.02538151480257511
12738560,3310.7213007030077,0.03487736816511438,0.3251586854457855,,,,,,,,0.0,0.761713981628418,0.13630448810273754,-0.0022249657271260106,3.0284786224365234
12746752,3318.5819952090096,0.05718776493977539,0.2763305604457855,,,,,,,,0.0078125,0.777857780456543,0.11074559048800103,0.0032934917248719055,0.3059738278388977
12754944,3327.1300223419967,0.024196417240550907,0.2823242247104645,,,,,,,,0.0,0.7086610794067383,0.1652780630813314,0.0020872865802922655,0.024811921641230583
12763136,3335.085455796012,0.027657503035686055,0.3010497987270355,,,,,,,,0.0,0.8021664619445801,0.12072714057394686,-0.001111525182025986,0.06991992890834808
12771328,3343.1741022689966,0.025335936519354837,0.27484130859375,,,,,,,,0.0078125,0.7409831881523132,0.10882322639014634,-0.0027837716962689045,0.033941857516765594
12779520,3348.1735905320093,0.027862772297871808,0.3063110411167145,0.0013415154915457084,0.11520390598603795,0.11307836097067692,333,260.0895189232464,49.35,nan,0.0,0.7450263500213623,0.13782668892014693,-0.003022506644865544,0.19625310599803925
12787712,3349.7804023450008,0.1951030930349062,0.26502686738967896,,,,,,,,0.0078125,0.7927103042602539,0.10758363805330097,-0.016029134475124225,0.9668149352073669
12795904,3351.045454303996,0.027149077649163716,0.28050538897514343,,,,,,,,0.0,0.6944860219955444,0.16296670922219608,-0.00420265404303792,14.108942031860352
12804096,3352.268756328005,0.1448642041921767,0.2809081971645355,,,,,,,,0.0,0.7165293097496033,0.12252380221117032,-0.0004783975608224094,10.53715991973877
12812288,3353.606600386993,0.047172909581731294,0.2938476502895355,,,,,,,,0.0078125,0.7126036882400513,0.10134586996418497,0.003508108619161994,1.0813111066818237
12820480,3354.9568885279878,0.028735125535239738,0.31263428926467896,,,,,,,,0.0,0.7261461615562439,0.1538430952988168,0.002515948184352565,0.03826284408569336
12828672,3356.1805813809915,0.03730673451262837,0.3411865234375,,,,,,,,0.0,0.8161903023719788,0.1090837351382763,-0.00027675417011620697,6.897824287414551
12836864,3357.23197185999,0.044679634196924924,0.3162475526332855,,,,,,,,0.0078125,0.7030041813850403,0.10568096031528315,-0.005363977414629864,1.971350073814392
12845056,3358.2153315379983,0.47666990240769214,0.28717041015625,0.0005120660204902538,0.11569457440696929,0.11315426904222518,333,259.62827198730923,49.35,nan,0.0,0.6988776922225952,0.13280360482924797,-0.0139973339624111,17.232799530029297
12853248,3359.774411672988,0.8462143453265946,0.2604126036167145,,,,,,,,0.0078125,0.7085431814193726,0.10945703403104487,-0.023012820043279193,1.854094386100769
12861440,3360.964352443989,0.16494293928811893,0.2785888612270355,,,,,,,,0.0,0.6767449975013733,0.16144162804194012,-0.008058320287720066,16.146617889404297
12869632,3362.2119144730095,1.382546151111496,0.25068360567092896,,,,,,,,0.0,0.6943988800048828,0.12273614340203891,-0.02734032881546531,1.885229468345642
12877824,3363.5394668969966,0.12333882422945018,0.3550781309604645,,,,,,,,0.0078125,0.6989824771881104,0.11023435068296988,-0.0060425353212184545,16.85808753967285
12886016,3364.922131764004,1.0281247947978798,0.3567260801792145,,,,,,,,0.0,0.6226076483726501,0.14132561853380968,-0.01030702053573884,19.138029098510742
12894208,3366.1676300330146,5.078364711138148,0.2940673828125,,,,,,,,0.0078125,0.6283444762229919,0.10711988687936097,-0.005895505826548568,4.68939733505249
12902400,3367.3760386370122,0.0529907435307119,0.4013427793979645,,,,,,,,0.0,0.6916778087615967,0.16288411479353324,0.0014531062603330008,20.816823959350586
12910592,3368.5313343610032,0.8944199551200529,0.452880859375,0.0005275305079378567,0.11515548880130501,0.11262332729404316,333,260.4576169052397,49.2,nan,0.0,0.7195756435394287,0.12043362120051468,0.011502982645796054,23.034833908081055
12918784,3370.348076360009,0.846392823640223,0.4595703184604645,,,,,,,,0.0078125,0.66578608751297,0.10219923758430904,0.021429770588219307,10.502372741699219
12926976,3371.58293792099,0.07008454618452871,0.472412109375,,,,,,,,0.0,0.7295513153076172,0.14656334701844406,0.014922149994480683,0.754374086856842
12935168,3372.935451725003,0.05488884775863004,0.41337892413139343,,,,,,,,0.0,0.8242699503898621,0.09608458452725634,0.004135580853756204,9.286726951599121
12943360,3374.3730643810122,0.07306619423479735,0.36481934785842896,,,,,,,,0.0078125,0.7034131288528442,0.09290810797374872,-0.006535218417894326,5.928953170776367
12951552,3375.7116061729903,0.05777938377514405,0.2804809510707855,,,,,,,,0.0,0.6266980171203613,0.12711810384492953,1.6340180466482923e-05,29.306921005249023
12959744,3376.8189406789897,1.6870076411919592,0.31715089082717896,,,,,,,,0.0078125,0.6458987593650818,0.1029054302435211,0.001137609425961834,3.8824212551116943
12967936,3377.9364005310053,0.01910949544886366,0.23206786811351776,,,,,,,,0.0,0.6957750916481018,0.14562868189011105,-0.009921181054398659,69.0042495727539
12976128,3379.0143634100095,1.3961329609805637,0.3819824159145355,0.0006569528409294811,0.11223010016683097,0.10939074999732905,333,262.09634670161296,49.2,nan,0.0,0.5395565629005432,0.10615819452302334,0.016159431100368066,21.913190841674805
12984320,3380.66309142299,0.388474687834002,0.33514404296875,,,,,,,,0.0078125,0.6160852313041687,0.09677013377311758,0.01362474768372905,11.54493236541748
12992512,3381.9820477550093,0.18542836058357445,0.3270019590854645,,,,,,,,0.0,0.6954609155654907,0.1397044784231896,0.004559723278226122,27.92864990234375
13000704,3383.2615267559886,1.0078798298970064,0.35919189453125,,,,,,,,0.0078125,0.7338044047355652,0.0999330880830779,-0.014543332246227746,1.1136633157730103
13008896,3384.660098816006,0.02985603442561134,0.28240966796875,,,,,,,,0.0,0.6843492388725281,0.16467999540135198,-0.0058583667702002675,77.63421630859375
13017088,3386.0406505900028,1.597562432358047,0.3721923828125,,,,,,,,0.0,0.6023850440979004,0.12143843786778982,0.015413328708224103,14.640161514282227
13025280,3387.313198724005,1.1102961583692659,0.42475587129592896,,,,,,,,0.0078125,0.6342636942863464,0.10284611610583946,0.006686436350427358,1.5923184156417847
13033472,3388.7326172819885,0.05716648945843376,0.43084716796875,,,,,,,,0.0,0.7248294353485107,0.14812672742144292,0.007336488298275665,0.7232510447502136
13041664,3390.119261818996,0.03965429836789943,0.3709350526332855,0.0005798929221725313,0.11489767604842628,0.11279888420695391,333,259.8922765770053,49.5,nan,0.0,0.8294256329536438,0.09315632308425381,0.006304569054120328,0.12454185634851456
13049856,3392.2013507309894,0.028379103089022265,0.30656740069389343,,,,,,,,0.0078125,0.7144103050231934,0.09227271966799341,0.002352122766005363,0.09367606788873672
13058048,3393.61551533101,0.030059412414881023,0.308349609375,,,,,,,,0.0,0.7620256543159485,0.13839830014102836,-0.002787590063449057,6.385922908782959
13066240,3394.9741947510047,0.03352174250475797,0.28944092988967896,,,,,,,,0.0078125,0.786918044090271,0.1119906690445688,0.008178860314896572,1.6476757526397705
13074432,3396.5430560150126,0.048764234460392734,0.29071044921875,,,,,,,,0.0,0.6905866861343384,0.16945854913754183,-0.0029124850646554297,15.108819961547852
13082624,3397.9983546859876,0.023061047545524058,0.22883300483226776,,,,,,,,0.0,0.6719697117805481,0.12119719661268386,-0.007964424708514495,45.83879470825195
13090816,3399.4054589000007,0.23721005703141054,0.25126954913139343,,,,,,,,0.0078125,0.6627416610717773,0.10691314238382374,0.002520506267378207,2.603320598602295
13099008,3400.865968560014,0.042874244897015905,0.3827758729457855,,,,,,,,0.0,0.7389649748802185,0.14871001569456363,0.0080469540311533,0.15245328843593597
13107200,3402.134324567014,0.03160560492856277,0.32508546113967896,0.0007054384282693116,0.11499691957483046,0.11356484571146636,333,259.30980713006016,49.5,nan,0.0078125,0.8291844129562378,0.11435028070210644,0.003959740024650822,0.10845973342657089
13115392,3403.6290050219977,0.06062823633604078,0.2619995176792145,,,,,,,,0.0,0.6804373264312744,0.17026006190971965,-0.001670773847070077,18.044591903686523
13123584,3404.768063099007,0.5370093779947271,0.23121337592601776,,,,,,,,0.0,0.6622633934020996,0.12850813173016598,0.003715274624359602,40.662227630615234
13131776,3405.9170865780034,0.3817219099744926,0.25111085176467896,,,,,,,,0.0078125,0.6806861162185669,0.10380123887698213,-0.0028702440731467596,16.535167694091797
13139968,3407.1376560670033,0.24404329541793804,0.38214111328125,,,,,,,,0.0,0.6840397119522095,0.1542843509713902,-0.0005114314462487176,1.7278034687042236
13148160,3408.6255413010076,0.1332058165226147,0.34083253145217896,,,,,,,,0.0,0.7684670686721802,0.11381409774580144,-0.002430503794446547,0.36181673407554626
13156352,3410.0886633619957,0.03135036085022789,0.3039794862270355,,,,,,,,0.0078125,0.7040220499038696,0.1109380202018023,0.003309139413179871,0.36291924118995667
13164544,3411.6464228449913,0.03326156420741768,0.33934327960014343,,,,,,,,0.0,0.7565929889678955,0.14134791488222861,0.005248779075216072,0.0645909458398819
13172736,3413.160340809991,0.04607032868187552,0.31047365069389343,0.0004370584546767864,0.12142095258089163,0.11944986655232923,333,256.47069187030087,49.35,nan,0.0078125,0.7873932719230652,0.11568327136138817,-0.002688689603370543,3.4225666522979736
13180928,3415.1879938739876,0.036942721492500934,0.3515625,,,,,,,,0.0,0.703827977180481,0.1705837640395312,0.006438018467891608,0.9236212968826294
13189120,3416.765878267004,0.030995965173315605,0.3186279237270355,,,,,,,,0.0,0.7954857349395752,0.12685016469327404,0.0023530558867879917,0.09531822055578232
13197312,3418.319354795007,0.022803775851154076,0.26610109210014343,,,,,,,,0.0078125,0.7448007464408875,0.11381776648109958,0.0003250068760990477,0.0866086408495903
13205504,3419.8668392300024,0.028549914746258998,0.29759523272514343,,,,,,,,0.0,0.7402088642120361,0.1440436508850446,-0.0006742472330767196,0.06813034415245056
13213696,3421.364269956015,0.02814592455821853,0.2978149354457855,,,,,,,,0.0078125,0.8376024961471558,0.10229849932177841,0.001436956961998293,0.13054411113262177
13221888,3423.0515336669923,0.02924595438469925,0.30296632647514343,,,,,,,,0.0,0.6889763474464417,0.1663456059155164,-0.002348532829521143,2.6040923595428467
13230080,3424.5914597380033,0.029888179508514724,0.26884767413139343,,,,,,,,0.0,0.7371208667755127,0.12286455465958847,-0.003868713720191111,22.303747177124023
13238272,3426.1260813760164,0.4939556259891285,0.23813477158546448,0.0007475302518579197,0.11213835630410104,0.11003224884555318,333,260.6781189082526,49.35,nan,0.0078125,0.6724191904067993,0.10859724884680211,-0.0007207599825585703,8.558908462524414
13246464,3428.1333779309934,0.03396704123845464,0.30830079317092896,,,,,,,,0.0,0.7169065475463867,0.14926514331987906,-0.0012369343712038232,11.347753524780273
13254656,3429.6136507760093,0.045006142649432895,0.3585449159145355,,,,,,,,0.0,0.8088670372962952,0.10789983418781061,0.01129340520180835,1.0820579528808594
13262848,3430.814913846989,0.054751840378637784,0.33552247285842896,,,,,,,,0.0078125,0.7098987698554993,0.10474525424515568,-0.006346950994324727,1.6066585779190063
13271040,3432.072593042016,0.03722631644202364,0.3257690370082855,,,,,,,,0.0,0.7485764026641846,0.13221429916018698,0.0031234636010023793,8.088900566101074
13279232,3433.277641123015,0.346070280502293,0.29356691241264343,,,,,,,,0.0078125,0.7686768174171448,0.10209816178823429,-0.014197225277667294,0.5454257130622864
13287424,3434.4824761440104,0.04530532815035792,0.39149171113967896,,,,,,,,0.0,0.7024621963500977,0.1684107217606227,0.006662499764803083,0.47393351793289185
13295616,3435.9355920230155,0.03990915566914266,0.3570922911167145,,,,,,,,0.0,0.7926395535469055,0.12137226932615319,0.0001901556384595048,0.9781387448310852
13303808,3437.647760602995,0.08079788108744511,0.3005004823207855,0.0008207677564587845,0.12343177898950741,0.12145386272928688,333,255.21275762041105,49.35,nan,0.0078125,0.7302221655845642,0.10473775470655933,-0.008009053332248049,0.26701322197914124
13312000,3439.9420666799997,0.03233142691348789,0.32390138506889343,,,,,,,,0.0,0.73484206199646,0.15348506090403347,0.0034932996857119933,0.03498758003115654
13320192,3441.4825035920076,0.02681167429764323,0.29584962129592896,,,,,,,,0.0078125,0.8252214193344116,0.11720512190411364,-0.001152234610762601,0.05866507440805435
13328384,3443.1011429830105,0.024676081812541346,0.27960205078125,,,,,,,,0.0,0.6876751780509949,0.1739486227172486,0.0010124763967616416,0.02006136253476143
13336576,3444.597586479009,0.04663403642899561,0.3108154237270355,,,,,,,,0.0,0.7639542818069458,0.12491814736506454,-0.00517437837714594,6.4998955726623535
13344768,3446.1704393560067,0.04864023278061912,0.28999024629592896,,,,,,,,0.0078125,0.7458349466323853,0.10797877235207233,0.01615138190721687,0.6261998414993286
13352960,3447.6442453199998,0.029043167190162363,0.3064208924770355,,,,,,,,0.0,0.7203136682510376,0.15773266997794777,0.0039856969974445934,0.03536015376448631
13361152,3449.102766357013,0.027777929955145993,0.30241701006889343,,,,,,,,0.0,0.82003253698349,0.1130394385569978,0.0007803212103718851,0.08064613491296768
13369344,3450.5743479699886,0.02690661482730467,0.2894653379917145,0.0010283311404509776,0.12164122597909048,0.12040938010694115,333,255.832397724402,49.35,nan,0.0078125,0.716020941734314,0.107701404793406,-0.000664999442404768,0.03229610249400139
13377536,3452.7001091919956,0.025181849786269597,0.28533935546875,,,,,,,,0.0,0.754306972026825,0.14109302751921907,-0.0017602352723572363,0.03663678094744682
13385728,3454.4396512960084,0.026088932524593756,0.28094482421875,,,,,,,,0.0078125,0.8044477701187134,0.10493772200155162,-0.0016411469730147716,0.04775822535157204
13393920,3456.243191955,0.022368079875938442,0.26341554522514343,,,,,,,,0.0,0.7013751268386841,0.17084886625437395,-0.0016529660923013294,0.01894349418580532
13402112,3457.973249300994,0.023135136117600506,0.27337646484375,,,,,,,,0.0,0.7930789589881897,0.12775492048980594,-0.0015870047300828732,0.036335598677396774
13410304,3459.77293792399,0.026844001861932643,0.28492432832717896,,,,,,,,0.0078125,0.7445842623710632,0.11500608000228793,-0.00434386558720947,0.056890517473220825
13418496,3461.0165315660124,0.02785528260025935,0.2646118104457855,,,,,,,,0.0,0.7270707488059998,0.1433144852108565,-0.004959860971726852,12.237051010131836
13426688,3462.3652848739875,0.11283928819155974,0.2945922911167145,,,,,,,,0.0078125,0.7873395681381226,0.10819107261221599,-0.004229039932601458,0.7961034774780273
13434880,3463.5930848999997,0.027251954281600876,0.29820558428764343,0.0006839555261178853,0.11674791602376522,0.11674791602376522,333,257.3543998375843,49.95,nan,0.0,0.687555193901062,0.17426095156156723,0.004001890058927116,0.017868509516119957
13443072,3465.2727163800155,0.04190030499666214,0.33745118975639343,,,,,,,,0.0,0.7701886892318726,0.13209734350321578,0.005887605257150914,7.58977746963501
13451264,3466.553833564016,0.04865854880527005,0.32196044921875,,,,,,,,0.0078125,0.75383061170578,0.11311487129084442,0.013319751812727177,0.34383490681648254
13459456,3467.7071129920078,0.03104281399855965,0.31641846895217896,,,,,,,,0.0,0.7199362516403198,0.15471343751400765,-0.0028327514864700852,0.24090389907360077
13467648,3468.938357553998,0.03367360184716113,0.3272460997104645,,,,,,,,0.0,0.8175697326660156,0.11082681201554183,0.0017294280358666784,0.06363774836063385
13475840,3470.1235599580104,0.027905250993815352,0.2995239198207855,,,,,,,,0.0078125,0.7170478701591492,0.10321640317176199,-0.0007404540191826153,0.025767480954527855
13484032,3471.5717460600135,0.03576552210098007,0.30955812335014343,,,,,,,,0.0,0.7384517192840576,0.1378689212505191,-0.002697253890377244,11.231338500976562
13492224,3473.1683740190056,0.3282562044778956,0.28223878145217896,,,,,,,,0.0078125,0.7668142914772034,0.10693226675448364,-0.006916122057136308,0.2653622627258301
13500416,3474.6747753300006,0.03443623531832638,0.3396240174770355,0.0018156683563977927,0.11292798250622531,0.11191669524517098,333,260.01969571061136,49.35,nan,0.0,0.7039757370948792,0.16568056915577745,0.006383046526591953,0.16993451118469238
13508608,3477.009572015988,0.026710772914309757,0.3006958067417145,,,,,,,,0.0,0.7986046671867371,0.11793281857217965,0.0016099149953840313,0.0568968765437603
13516800,3478.6778409660037,0.03867097538489668,0.26011964678764343,,,,,,,,0.0078125,0.7405427694320679,0.10576928900155944,-0.00550857288762944,7.381514072418213
13524992,3480.267353994015,0.5305870195311242,0.2832275331020355,,,,,,,,0.0,0.6982067227363586,0.14178087514777374,-0.013837445761992084,11.679227828979492
13533184,3481.7384975099994,0.6683148168713601,0.26380616426467896,,,,,,,,0.0078125,0.7100256681442261,0.10771036933653941,-0.02210706015349417,7.550488471984863
13541376,3483.210653085989,0.08223343489258725,0.3033080995082855,,,,,,,,0.0,0.6668803691864014,0.17302284092303544,-0.00835411521526567,14.021712303161621
13549568,3487.7315978580154,0.4399933689107388,0.29730224609375,,,,,,,,0.0,0.722733736038208,0.13003183927631148,-0.018727022844734726,0.4245520234107971
13557760,3495.1961372109945,0.12510919864812658,0.32110595703125,,,,,,,,0.0078125,0.7289307117462158,0.10622314088847928,-0.008404503359794913,5.101011753082275
13565952,3503.1197725160164,0.042788211193233984,0.3697143495082855,0.0009751008664644623,0.11500488307062623,0.11433776671837771,333,259.46671630104095,48.150000000000006,nan,0.0,0.7058145403862,0.1470118320775462,0.004463806772121804,9.544861793518066
13574144,3514.745651192992,0.1977381527956113,0.3676513731479645,,,,,,,,0.0,0.7721009850502014,0.10341832630241056,0.012465859300735177,3.4875290393829346
13582336,3522.437782986992,0.0648832907507201,0.3182373046875,,,,,,,,0.0078125,0.6991807222366333,0.10195707951400917,-0.0017340586783355487,0.4315689206123352
13590528,3530.2463317129877,0.032885606855649806,0.33250734210014343,,,,,,,,0.0,0.758507251739502,0.13706642498609595,0.005985446274519006,0.0632692500948906
13598720,3538.263319260004,0.027979392135180317,0.29893800616264343,,,,,,,,0.0078125,0.8112453818321228,0.10772901287772085,0.0016513418730185706,0.17053215205669403
13606912,3544.3215624759905,0.03816883198993763,0.35743409395217896,,,,,,,,0.0,0.7044454216957092,0.15718562606067982,0.002927102200082799,0.6095563769340515
13615104,3550.957474764,0.08470179491925037,0.30975341796875,,,,,,,,0.0,0.7745344638824463,0.11722995835966005,-0.008626321823642319,16.67386817932129
13623296,3558.6129143559956,0.05063849104251279,0.2851806581020355,,,,,,,,0.0078125,0.7020913362503052,0.09965357290714388,6.571209748325747e-05,4.164927959442139
13631488,3566.7570284169924,0.1431827249099746,0.3078857362270355,0.0012722718506880115,0.11274332410291836,0.111167627562202,333,260.2006931646666,49.2,nan,0.0,0.713289737701416,0.14030970571540968,-0.008480466399178058,7.461117744445801
13639680,3578.2297860370018,0.1883357706441367,0.3354125916957855,,,,,,,,0.0078125,0.7559652328491211,0.10063640012635323,-0.004741105836042871,6.755641460418701
13647872,3586.9969805220026,0.032098979085812385,0.3143676817417145,,,,,,,,0.0,0.6839709281921387,0.16966273652161604,-0.00043255062777151806,17.04683494567871
13656064,3596.045630809007,0.12438748753937952,0.39478760957717896,,,,,,,,0.0,0.7333188056945801,0.12952657101041676,0.011335925362150341,0.8240152597427368
13664256,3604.360831894999,0.04583117330461153,0.3149169981479645,,,,,,,,0.0078125,0.741752028465271,0.10993066258726229,-0.003377068580118209,4.7207441329956055
13672448,3612.7613170580007,0.12221080767554304,0.35906982421875,,,,,,,,0.0,0.7000468969345093,0.15519564332384445,0.012180051421590711,4.900732517242432
13680640,3621.601461520011,0.05004249041999617,0.3667236268520355,,,,,,,,0.0,0.7904210686683655,0.11117007440641741,0.005843334856736007,9.81737232208252
13688832,3629.586977163999,0.09724309281432769,0.4192138612270355,,,,,,,,0.0078125,0.7105017900466919,0.10181146607848084,0.0045508936721087275,2.044243574142456
13697024,3637.461071216996,0.3545256426095093,0.3122314512729645,0.0014940527440843177,0.12275654005503073,0.12084790318075149,333,256.20911707363354,49.2,nan,0.0,0.6765791177749634,0.13951464725863574,-0.007858870689097202,9.234747886657715
13705216,3648.836894570006,0.7415949577076604,0.3727172911167145,,,,,,,,0.0078125,0.7313174605369568,0.10878140659172336,-0.004528799214784667,0.9697979092597961
13713408,3656.7521266959957,0.04691762082076012,0.39619141817092896,,,,,,,,0.0,0.7015291452407837,0.16616643093158862,0.007739502491229991,1.458186149597168
13721600,3664.5942660110013,0.03498906427473721,0.34429931640625,,,,,,,,0.0,0.7900360226631165,0.12376177439387415,0.005613117415994987,0.09408493340015411
13729792,3673.0281362259993,0.033118529571439154,0.33049318194389343,,,,,,,,0.0078125,0.7479441165924072,0.11148856451935737,0.0010633453265715032,0.2633780837059021
13737984,3674.4700894760026,0.0404261598090505,0.3664917051792145,,,,,,,,0.0,0.7385238409042358,0.14141764233385684,-0.00020945375836710253,12.574469566345215
13746176,3675.5012459240097,0.13336581296410094,0.29588624835014343,,,,,,,,0.0,0.808193027973175,0.1059470590699854,0.0007054448320843458,3.3561387062072754
13754368,3676.566791165009,0.03547065784233033,0.34154054522514343,,,,,,,,0.0078125,0.6885221004486084,0.1075164797968545,0.004444516810991185,0.5032876133918762
13762560,3677.8173179629957,0.1173374084284325,0.2835449278354645,0.002117896771743122,0.12002831402134322,0.1190203354045161,333,257.49258979705564,49.35,nan,0.0,0.7432931065559387,0.13029570361172074,-0.01178405875463502,9.992782592773438
13770752,3679.577310636989,0.310632373407716,0.29041749238967896,,,,,,,,0.0078125,0.7225680947303772,0.10975748239259206,-0.01489825748639494,1.4408669471740723
13778944,3680.8231141440046,0.03818250846013258,0.35441896319389343,,,,,,,,0.0,0.7173991799354553,0.16006774042019772,0.006565826148390439,0.10342837870121002
13787136,3682.102997928014,0.049610021074787174,0.35950928926467896,,,,,,,,0.0,0.8066269755363464,0.11639870188269383,-0.0008679165543798662,1.430483102798462
13795328,3683.362965045002,0.11215873977253561,0.34642335772514343,,,,,,,,0.0078125,0.7061888575553894,0.11209194076165097,-0.009253201793377621,0.3810856342315674
13803520,3684.6296265260025,0.03739818635004394,0.35374757647514343,,,,,,,,0.0,0.7519441843032837,0.14347960985104158,0.006767573597329844,0.08374015241861343
13811712,3685.8232260450022,0.04073713208955872,0.3237548768520355,,,,,,,,0.0078125,0.7984826564788818,0.1132222057542092,-0.0027188395906700626,1.2828025817871094
13819904,3687.0752994620125,0.038571563007319266,0.36761474609375,,,,,,,,0.0,0.7012062668800354,0.15489132749687626,0.00038690035831914315,0.28455668687820435
13828096,3688.412944561016,0.04237016945980792,0.3727172911167145,0.002252940601485287,0.12393427308691875,0.12222993604053384,333,255.40941694537906,49.35,nan,0.0,0.7896723747253418,0.112082068751099,0.0017963692639802237,0.25523295998573303
13836288,3690.059179470991,0.03170034341371488,0.3272338807582855,,,,,,,,0.0078125,0.7487576007843018,0.09314775145505076,-0.0032215397823521993,0.14818762242794037
13844480,3691.330317988002,0.046721764959996595,0.29876708984375,,,,,,,,0.0,0.7186400294303894,0.1535065951084206,0.001080101509924468,8.229483604431152
13852672,3692.663811044011,0.7076176756405461,0.2621704041957855,,,,,,,,0.0,0.7658785581588745,0.11514151835620594,-0.018078318258902784,0.6587812304496765
13860864,3693.931260264013,0.031173182579866784,0.31196290254592896,,,,,,,,0.0078125,0.6870681047439575,0.11784465396782368,0.0020718824449805365,0.5182740092277527
13869056,3694.9728652460035,0.028621861313546187,0.3079467713832855,,,,,,,,0.0,0.7672489881515503,0.13724279965557176,0.0023387456223162685,0.0714661106467247
13877248,3696.0099931379955,0.02815616238449289,0.3019042909145355,,,,,,,,0.0078125,0.7743477821350098,0.11911843070117842,-2.0666888805541666e-05,0.057867031544446945
13885440,3697.058420048008,0.02349220128191712,0.2739013731479645,,,,,,,,0.0,0.7165129780769348,0.1613553525739387,-0.001488504264693965,0.03492208197712898
13893632,3698.0930974489893,0.027151605661516504,0.29594728350639343,0.0002569230347024831,0.12401270802821762,0.12119179838130817,333,255.78722868243426,49.2,nan,0.0,0.8079401254653931,0.112972064794574,0.0025413170107463343,0.060367126017808914
13901824,3699.809438110009,0.02736435973990209,0.29328614473342896,,,,,,,,0.0078125,0.7206407785415649,0.10896855204253764,-0.0030460606191397006,0.04444054886698723
13910016,3701.1704197569925,0.024514269365480637,0.2838989198207855,,,,,,,,0.0,0.7512810230255127,0.14318872447683115,-0.0007775878057188087,0.03179865702986717
13918208,3702.435407467012,0.02474926744819277,0.28045654296875,,,,,,,,0.0078125,0.806449830532074,0.11387095220258305,-0.0013165179186973045,0.04989314079284668
13926400,3703.7824239770125,0.23382501386493423,0.3031372129917145,,,,,,,,0.0,0.6884544491767883,0.1703218644617786,-0.0033504346888648417,12.264147758483887
13934592,3705.048055624997,0.681439862146994,0.23470459878444672,,,,,,,,0.0,0.7304781079292297,0.1295286656805359,-0.014011714683370424,0.44634371995925903
13942784,3706.3335794410086,0.15426130926027137,0.29399415850639343,,,,,,,,0.0078125,0.7247523069381714,0.11366791326984198,0.0030441047835446013,0.390733003616333
13950976,3707.6198751209886,0.03885647963009469,0.36485597491264343,,,,,,,,0.0,0.7335602045059204,0.14808415194153243,0.0009633315309533694,0.2860153913497925
13959168,3709.0601224759885,0.02900741582055956,0.3120361268520355,0.0002556375871874961,0.11170914779740442,0.11091323453559626,333,261.09635343488816,49.650000000000006,nan,0.0,0.8300337791442871,0.10795703774975851,-6.085040286370712e-05,0.07030842453241348
13967360,3710.9270306639955,0.028527709294646944,0.30616456270217896,,,,,,,,0.0078125,0.6917749643325806,0.10842446340739181,5.65467202566089e-06,0.03016011416912079
13975552,3712.3436791780114,0.029653099382987182,0.3130737245082855,,,,,,,,0.0,0.7777306437492371,0.12885104764947566,0.002312415551552319,0.05271109566092491
13983744,3713.719010321016,0.047301102796315504,0.26318359375,,,,,,,,0.0078125,0.7792448997497559,0.10852404580549524,-0.0072969516019164545,1.343573808670044
13991936,3715.1259457580163,0.02975940673540213,0.30830079317092896,,,,,,,,0.0,0.7179830074310303,0.15396053504287557,0.0006722494301161404,0.03112875483930111
14000128,3716.5309150429966,0.034668261472184644,0.3412841856479645,,,,,,,,0.0,0.8132131695747375,0.10635138570289775,0.0029905620411978654,0.10272377729415894
14008320,3717.8109352359897,0.02800468061999426,0.28779298067092896,,,,,,,,0.0078125,0.7229179739952087,0.10102582864193911,-0.0031404796792984567,0.06548412889242172
14016512,3719.134567091998,0.02610494058356283,0.2895141541957855,,,,,,,,0.0,0.7528905868530273,0.13130304800643625,0.0008211804312867337,0.030399013310670853
14024704,3720.3006468079984,0.024146946590871837,0.2746826112270355,0.00030033947177932063,0.11931330154739252,0.11665553053804002,333,258.21817519853073,49.2,nan,0.0078125,0.8093926906585693,0.10230569566302061,-0.0006696461733464137,0.06311534345149994
14032896,3721.8888847290073,0.024319714078647477,0.2784423828125,,,,,,,,0.0,0.7010303735733032,0.1664816723945753,0.001905740036873746,0.01856369525194168
14041088,3722.9902878320136,0.025329298282459407,0.28660890460014343,,,,,,,,0.0,0.7909418940544128,0.1284413386794845,0.0013634999260756413,0.03516897186636925
14049280,3724.1472130409966,0.028249430342719286,0.2961181700229645,,,,,,,,0.0078125,0.7524282336235046,0.11467927782546011,-0.0034612597270712573,1.8598263263702393
14057472,3725.289359315997,0.21915795929773987,0.2567504942417145,,,,,,,,0.0,0.7016544342041016,0.14304233843027928,-0.014070241187325564,4.141620635986328
14065664,3726.4488405059965,0.7043408818797794,0.2739624083042145,,,,,,,,0.0,0.7797681093215942,0.10969300740977092,-0.01474469049295042,0.5174320340156555
14073856,3727.5959027550125,0.04374685978273011,0.3326660096645355,,,,,,,,0.0078125,0.690276563167572,0.11109193996785804,0.0014093383799483974,0.09983315318822861
14082048,3728.759306755004,0.028553433777652446,0.3072143495082855,,,,,,,,0.0,0.7737225890159607,0.12913315869944894,0.002259445147912117,0.043845195323228836
14090240,3729.923169059999,0.05459261612875586,0.3048950135707855,0.0030640317239167825,0.11839463523451718,0.11705744552116619,333,258.2217712613881,49.2,nan,0.0078125,0.7683151364326477,0.10563498009132774,-0.0076529155552161115,2.463178873062134
14098432,3732.106933359988,0.03779665189496108,0.3531494140625,,,,,,,,0.0,0.7195085883140564,0.1440815827966062,0.004432460214295684,0.06930102407932281
14106624,3733.6342805819877,0.048256256644717006,0.37225341796875,,,,,,,,0.0,0.7995025515556335,0.10376080188033322,0.0030998765086531687,5.263111114501953
14114816,3735.127041736996,0.2562904206148698,0.29857179522514343,,,,,,,,0.0078125,0.7046225070953369,0.1011007871876385,-0.005143188325681955,0.5567371249198914
14123008,3736.6153712410014,0.038011716111731604,0.3630615174770355,,,,,,,,0.0,0.7540199756622314,0.1376236695262294,7.935873960966852e-06,2.69938063621521
14131200,3738.1910635989916,0.14780600455466653,0.28929445147514343,,,,,,,,0.0078125,0.7703227996826172,0.11091268786891155,-0.0018803645332965105,1.9626877307891846
14139392,3739.615591020003,0.4793712898449631,0.24400635063648224,,,,,,,,0.0,0.6401633620262146,0.1651839416677745,-0.01162952583239081,33.309078216552734
14147584,3741.104364108003,2.1988115964472965,0.3074951171875,,,,,,,,0.0,0.6675472259521484,0.12691689744343485,-0.00460292010722391,4.620944023132324
14155776,3742.6741259830014,0.19738204405623583,0.2967163026332855,0.002123404516572669,0.11651744819387679,0.11441922022717671,333,259.11822574513513,49.2,nan,0.0078125,0.6819149255752563,0.11190384104902526,-0.00044303493014130027,21.256362915039062
14163968,3744.8830184600083,0.3351984637290728,0.41002199053764343,,,,,,,,0.0,0.6852702498435974,0.14682310662285736,-0.007003818636324393,0.5548772811889648
14172160,3746.4069003539917,0.366556937116025,0.3886352479457855,,,,,,,,0.0,0.772864818572998,0.10708219638884747,0.006417202457413635,1.5060585737228394
14180352,3747.9150851060112,0.04894564276290633,0.3931640684604645,,,,,,,,0.0078125,0.6894780993461609,0.10554696488030557,0.004752089430450257,12.818860054016113
14188544,3749.3830080550106,0.0635103501791853,0.3002563416957855,,,,,,,,0.0,0.7172666788101196,0.12473599368636505,-0.004686425729048163,33.52276611328125
14196736,3750.7460653180024,1.6563851618212853,0.3128418028354645,,,,,,,,0.0078125,0.6201476454734802,0.10007744930997346,-0.012199213218487727,12.510579109191895
14204928,3752.329390324012,0.04862529349691533,0.33594971895217896,,,,,,,,0.0,0.669756293296814,0.15215632148017408,-0.004600879522084031,35.606544494628906
14213120,3753.649415177002,1.4593296605891397,0.44573974609375,,,,,,,,0.0,0.6682232022285461,0.11147514317492226,-0.005552845050007561,2.73443865776062
14221312,3754.8642937809927,0.06287496005856884,0.33073732256889343,0.00087960483706917,0.11623114151559774,0.115040220749284,333,259.1484591294972,49.35,nan,0.0078125,0.6898561120033264,0.1034158148089451,0.002557072388298906,15.516400337219238
14229504,3756.5354189559876,0.3272636854012986,0.4353393614292145,,,,,,,,0.0,0.6879815459251404,0.12766861671320692,0.002051277230418465,30.295866012573242
14237696,3757.7005207370094,0.17335550856638396,0.42230224609375,,,,,,,,0.0078125,0.725723147392273,0.10306079210211058,0.01873588911751724,4.780649662017822
14245888,3758.898401962011,0.06538192920538852,0.4584594666957855,,,,,,,,0.0,0.700839638710022,0.1638331622979027,0.011449607220824828,1.3309191465377808
14254080,3760.1351783800055,0.04680701074488418,0.3829711973667145,,,,,,,,0.0,0.7798221707344055,0.09831278709854856,-0.002500926540904653,31.62188148498535
14262272,3761.3581343209953,0.05659601182949754,0.36285400390625,,,,,,,,0.0078125,0.7158189415931702,0.09859709112475605,0.0007420600446875265,12.655272483825684
14270464,3762.594640811003,0.344151248058843,0.36250001192092896,,,,,,,,0.0,0.6831833124160767,0.14552069918725077,-0.017237900299805257,0.5465127825737
14278656,3763.7324589359923,0.842629309286894,0.3364501893520355,,,,,,,,0.0,0.7740309834480286,0.11011987165219951,-0.01673836256049666,0.2558499574661255
14286848,3765.292014623992,0.03049582168529379,0.3148559629917145,0.0011431452106314133,0.11975908098731458,0.1171862961028427,333,257.76716458328724,49.2,nan,0.0078125,0.692180871963501,0.11004072760953866,-0.0007906202213834321,32.148494720458984
14295040,3767.5327799259976,0.3405115717753737,0.43452149629592896,,,,,,,,0.0,0.7260988354682922,0.12012505814024527,0.011987320874490077,0.6779789328575134
14303232,3769.0118777129974,0.30075565947460947,0.3552002012729645,,,,,,,,0.0078125,0.7539137005805969,0.10232102076736349,0.0049670237060103805,0.3038639724254608
14311424,3770.568853352015,0.03324941999551109,0.33447265625,,,,,,,,0.0,0.7161248922348022,0.1555352114260161,0.004289401295350894,0.06063203886151314
14319616,3772.1130404790165,0.04296421227606406,0.36427003145217896,,,,,,,,0.0,0.8124684691429138,0.10913520147702704,0.004650384996106591,0.7770641446113586
14327808,3773.7636457479966,0.040127601975362165,0.34495851397514343,,,,,,,,0.0078125,0.7218849658966064,0.10093990428698318,-0.0028274579927015115,14.620759963989258
14336000,3775.517349514994,0.08047116517543018,0.3096679747104645,,,,,,,,0.0,0.7031039595603943,0.13639548888120187,-0.0003420191021411199,24.803434371948242
14344192,3777.16207503801,1.1367144395427524,0.36604005098342896,,,,,,,,0.0078125,0.7278458476066589,0.09984021592323375,-0.0037342353424159747,0.9857420325279236
14352384,3778.7489171260095,0.050984289600853716,0.37957763671875,0.0005315153002726225,0.1096834132751407,0.10876242814205414,333,262.33532482558803,48.150000000000006,nan,0.0,0.6993582844734192,0.1568751938277552,0.0012344313023295755,20.83321189880371
14360576,3780.8475462220085,0.5775360880140944,0.4324951171875,,,,,,,,0.0,0.7533945441246033,0.11032315238520679,0.004716135583706435,1.068233847618103
14368768,3782.3891505459906,0.16155694841195678,0.39954835176467896,,,,,,,,0.0078125,0.739121675491333,0.08830495277968525,-0.0019101235681352306,4.186227798461914
14376960,3783.805873314006,0.06663630954353005,0.38514405488967896,,,,,,,,0.0,0.6932233572006226,0.13245988841422274,0.0038622640609163265,32.9751091003418
14385152,3785.16509547201,0.07716665358963766,0.38859865069389343,,,,,,,,0.0,0.7318124771118164,0.09409344395276266,0.004718938585677052,10.242119789123535
14393344,3786.3540213810047,0.029993441332415095,0.28730469942092896,,,,,,,,0.0078125,0.6737431287765503,0.09356623797218523,-0.005609231924839445,36.08182907104492
14401536,3787.4268425499904,0.11638540391308241,0.33160400390625,,,,,,,,0.0,0.4955222010612488,0.11719362847902981,-0.0008585890412123363,38.56332015991211
14409728,3788.563539427996,1.6009555950380296,0.33851319551467896,,,,,,,,0.0078125,0.48870497941970825,0.09144329268695883,-0.014760141267710025,12.671858787536621
14417920,3789.673277882015,0.03147685316449875,0.2810424864292145,0.008169987265618128,0.10049752071605193,0.10049752071605193,333,267.0680889002196,49.95,nan,0.0,0.5964318513870239,0.13136729696425423,-0.003288707350533251,67.3402099609375
14426112,3792.520803349995,1.9867501494924527,0.3790283203125,,,,,,,,0.0,0.5210111141204834,0.09446524762073216,-0.00011733397855890303,20.09027862548828
14434304,3799.0108061339997,0.021466505184053353,0.2247314453125,,,,,,,,0.0078125,0.5950850248336792,0.08551959491672884,-0.007797011917957195,122.2620620727539
14442496,3806.446341984003,0.058865013894754695,0.37385255098342896,,,,,,,,0.0,0.4182848632335663,0.12768571834053807,-3.0269793773319255e-05,54.03577423095703
14450688,3814.788353101001,2.0339649724976296,0.4574218690395355,,,,,,,,0.0078125,0.35314714908599854,0.0969852995478241,0.021964903621260783,14.125288963317871
14458880,3822.7316952880064,0.06532990452586455,0.4560546875,,,,,,,,0.0,0.7029584050178528,0.1592556276778788,0.01931240020017634,0.9278097152709961
14467072,3831.1356579239946,0.0486079209014099,0.3660522401332855,,,,,,,,0.0,0.7848510146141052,0.09599164541589461,0.00484854146117976,14.712411880493164
14475264,3839.431521460996,0.06399029811073723,0.36906740069389343,,,,,,,,0.0078125,0.7313503623008728,0.09314537564343577,0.0007387561712650591,2.9412524700164795
14483456,3847.3582846169884,0.09875578719654904,0.34534913301467896,0.0031416666335133403,0.11052254225979657,0.10973808196713146,333,261.9630738524662,49.35,nan,0.0,0.6760863065719604,0.14123308303719953,-0.005195209562126754,36.55300521850586
14491648,3858.6134612919996,1.6205771245695413,0.36883544921875,,,,,,,,0.0,0.6496710777282715,0.0994675509721826,-0.01799120821147047,2.0852761268615723
14499840,3866.254600324988,0.05103696257430482,0.38142091035842896,,,,,,,,0.0078125,0.6865999698638916,0.09837548296775539,-0.0005253263430610482,32.01153564453125
14508032,3872.385668161005,0.25971399020969055,0.41608887910842896,,,,,,,,0.0,0.6691150665283203,0.11791090413152551,0.016728108166326913,25.25238609313965
14516224,3873.7002863080124,1.2118873877799063,0.3954834043979645,,,,,,,,0.0078125,0.6608640551567078,0.08828954385778415,-0.010223878531928682,3.3130548000335693
14524416,3875.0966573790065,0.061802655366654705,0.41517335176467896,,,,,,,,0.0,0.7052411437034607,0.15989467380034336,0.0031477634927147727,10.077359199523926
14532608,3876.3577196499973,0.44548204012390136,0.39478760957717896,,,,,,,,0.0,0.7644592523574829,0.11438989894803053,0.00018585027792132895,1.0676710605621338
14540800,3877.513474536012,0.08647051176304771,0.37640380859375,,,,,,,,0.0078125,0.7096090912818909,0.10854891861181293,0.005040178639516243,0.37056711316108704
14548992,3878.434893564001,0.035544390769258714,0.3504882752895355,0.0020923028445590797,0.11842962533940393,0.11729724134788522,333,257.3756874071081,49.35,nan,0.0,0.7454478740692139,0.14226812712305228,0.007677787560817409,0.08827132731676102
14557184,3879.6934392120165,0.028547103294147537,0.31231689453125,,,,,,,,0.0078125,0.8093340992927551,0.10552844748110152,0.0016412610107145538,0.09054438769817352
14565376,3880.6312755639956,0.04031771227746082,0.3436645567417145,,,,,,,,0.0,0.6937146782875061,0.16893783803435142,0.0004853236452625311,5.758584499359131
14573568,3881.8238527470094,0.09828809592152253,0.27666017413139343,,,,,,,,0.0,0.7453052401542664,0.1308037981012148,-0.0012830104405091,0.6609176993370056
14581760,3883.091562673013,0.16034848369480093,0.32807618379592896,,,,,,,,0.0078125,0.7327533960342407,0.11632446150869184,-0.007208835206258747,0.22965721786022186
14589952,3884.312953706016,0.0378310215229222,0.3537841737270355,,,,,,,,0.0,0.7292726635932922,0.14362724605068097,0.0034904384644550996,0.340499609708786
14598144,3885.6237162990146,0.06080128088658679,0.34089356660842896,,,,,,,,0.0,0.8016659617424011,0.11660798150246943,0.0009805791060121154,1.4978731870651245
14606336,3886.856023987988,0.041658455915546046,0.32084962725639343,,,,,,,,0.0078125,0.6956079602241516,0.11534774167118633,0.0006270295926292495,0.06294240057468414
14614528,3888.1081152830156,0.030917647518549057,0.31287842988967896,0.002713378539064837,0.11770849030750442,0.1170101823927069,333,257.68081266938816,49.2,nan,0.0,0.767522931098938,0.12996760977115662,0.0025058739911839574,0.08828672021627426
14622720,3889.7161059569917,0.029695564386970213,0.3185058534145355,,,,,,,,0.0078125,0.7892971634864807,0.10696822650996274,0.0019557490709405582,0.062136244028806686
14630912,3891.0306854480004,0.026334739339345214,0.2960205078125,,,,,,,,0.0,0.7125874161720276,0.1634012917398841,-0.0010380377827285986,0.03802202641963959
14639104,3892.363409579004,0.027842817519228347,0.3044799864292145,,,,,,,,0.0,0.8063313961029053,0.1173353787638161,8.85100719023018e-05,0.05610082298517227
14647296,3893.7277232490014,0.022420856981834852,0.25764161348342896,,,,,,,,0.0078125,0.7312548160552979,0.10924938157205281,-0.001534753636303165,0.035151101648807526
14655488,3894.8669857839996,0.023644598464416938,0.27570801973342896,,,,,,,,0.0,0.7506492733955383,0.14245250841551543,-0.00039948395579320924,0.05227256938815117
14663680,3896.024442828988,0.024686176795816837,0.2751098573207855,,,,,,,,0.0078125,0.8241977691650391,0.10584573783762904,-3.470392436291745e-06,0.06324830651283264
14671872,3897.2621698479925,0.0240961533816624,0.27198487520217896,,,,,,,,0.0,0.6974995136260986,0.1657600137360919,-0.0008365562337235409,0.03441409021615982
14680064,3898.199190551997,0.02512900354183354,0.2859252989292145,0.003185083270479283,0.1143183020539808,0.11279045243544891,333,260.30550368649637,49.35,nan,0.0,0.7896169424057007,0.12105441806400291,-0.0015139433697141582,0.04030682146549225
14688256,3899.4592359949893,0.026062873721114068,0.29151612520217896,,,,,,,,0.0078125,0.7639822959899902,0.10617944044403198,-0.002231524883440941,0.037646785378456116
14696448,3900.396501209005,0.023904474715077374,0.2729736268520355,,,,,,,,0.0,0.733712911605835,0.1470222544318385,-0.0014898432870419822,0.03771544247865677
14704640,3901.6098711660015,0.03103911530343835,0.31877443194389343,,,,,,,,0.0,0.837158739566803,0.09992814178476155,-0.0024330535613802033,1.1177979707717896
14712832,3902.871407899016,0.022788898469874055,0.2553344666957855,,,,,,,,0.0078125,0.6957302689552307,0.09887537504586308,-0.005426524830451668,25.676313400268555
14721024,3904.104334609001,0.022964302005734922,0.18851318955421448,,,,,,,,0.0,0.6531403660774231,0.11611748325955146,-0.0027080387506767897,40.235198974609375
14729216,3905.362750531989,0.5651998288016736,0.3354858458042145,,,,,,,,0.0078125,0.6464613080024719,0.08815111796046646,0.0058783283335782375,3.613091230392456
14737408,3906.545760433015,0.03410733460125146,0.3340698182582855,,,,,,,,0.0,0.71590256690979,0.1439179879672874,0.0003989107125906314,2.4539682865142822
14745600,3907.695648716006,0.042992681148599665,0.3717895448207855,0.00200992971573144,0.10469109332204378,0.10263460334949061,333,263.5160101963373,49.2,nan,0.0,0.8179759979248047,0.09589895450585355,-0.0003155854055168075,0.7872403264045715
14753792,3909.3891850020154,0.05496838016392857,0.31096193194389343,,,,,,,,0.0078125,0.7183281779289246,0.09334215806549166,-0.007940094844851543,4.869602680206299
14761984,3910.689979479008,0.08961076436240198,0.24853515625,,,,,,,,0.0,0.6492354869842529,0.13282462413955767,-0.00660828863197591,38.04037094116211
14770176,3911.932935969002,1.8331866161472328,0.3306640684604645,,,,,,,,0.0078125,0.5860002636909485,0.09157837541393134,-0.00770866197195208,10.529484748840332
14778368,3913.184546666016,0.035227380715370224,0.32209473848342896,,,,,,,,0.0,0.6970358490943909,0.1324518436349107,-0.00412221322012874,21.93192481994629
14786560,3914.420527297014,0.2936575125034029,0.35357666015625,,,,,,,,0.0,0.7133074998855591,0.11167917800737323,-0.00018589414452968857,12.60651969909668
14794752,3915.6491263310018,0.3559499307683702,0.3675537109375,,,,,,,,0.0078125,0.6992049217224121,0.09531144805575802,-0.007370081784751958,1.6148113012313843
14802944,3916.876593087014,0.062350964412099974,0.4048705995082855,,,,,,,,0.0,0.7330615520477295,0.14212926203751067,0.0004922347825416752,18.531593322753906
14811136,3918.0062754070095,0.2055106479988875,0.35100099444389343,0.002823573579126326,0.11070755161998415,0.10992818877652168,333,262.33225254258076,49.35,nan,0.0,0.6769634485244751,0.10213755754843858,0.0001630605926548073,32.39166259765625
14819328,3919.3221387770027,0.24624557759822252,0.29182130098342896,,,,,,,,0.0078125,0.6578735709190369,0.09862882457552433,0.04865615972107697,55.0045051574707
14827520,3920.273132428003,0.15036083292100694,0.3424072265625,,,,,,,,0.0,0.5048357248306274,0.11871259301095621,0.011269211384834677,50.680458068847656
14835712,3921.2684781620046,2.2566099395474817,0.37073975801467896,,,,,,,,0.0078125,0.4660068154335022,0.09544479233825469,-0.013982037928768707,11.205316543579102
14843904,3922.3562892850023,0.08061213141517472,0.4735107421875,,,,,,,,0.0,0.7076035737991333,0.15457466808277984,0.008029485851712396,7.767949104309082
14852096,3923.7005185190064,0.11078103813657487,0.45415040850639343,,,,,,,,0.0,0.7519439458847046,0.10960305330064854,0.030833762835542733,1.9599342346191406
14860288,3925.046779477998,0.12031377085545839,0.39552003145217896,,,,,,,,0.0078125,0.716227114200592,0.10226554172549486,-0.002138472250593816,0.3517216444015503
14868480,3926.351537390001,0.03774658387949566,0.3505615293979645,,,,,,,,0.0,0.7477548122406006,0.14558581319161248,0.007007657998452249,0.0559411346912384
14876672,3927.5341557709908,0.030917424954822737,0.33125001192092896,0.002240174615151358,0.11796443687670588,0.11617196268478404,333,258.0237781102371,49.2,nan,0.0078125,0.8220279812812805,0.11261582877863775,0.004432829082233772,0.08918299525976181
14884864,3929.1296965279907,0.03622115903545991,0.35150146484375,,,,,,,,0.0,0.696419358253479,0.1618511146290586,0.002187852755274642,1.5067895650863647
14893056,3930.3895691159996,0.04756428385053066,0.3625122010707855,,,,,,,,0.0,0.7762389779090881,0.13095339191101388,0.0018704994278538846,7.4186110496521
14901248,3931.647327234008,0.03579161343081618,0.33796387910842896,,,,,,,,0.0078125,0.7501406669616699,0.11398850633416173,0.004092949994651779,0.7595484256744385
14909440,3932.9366917060106,0.03813132001607492,0.3586669862270355,,,,,,,,0.0,0.7276557683944702,0.14053753650223313,0.005064419657249988,0.8171626925468445
14917632,3934.286586695991,0.03273905075949998,0.32379150390625,,,,,,,,0.0,0.8194233179092407,0.10344112874382491,0.004982075943659791,0.11723221838474274
14925824,3935.5107019119896,0.030070837776351635,0.31605225801467896,,,,,,,,0.0078125,0.7003724575042725,0.10129992841806738,-0.0004546757532942999,0.057511162012815475
14934016,3936.678656815988,0.024195580474447982,0.2765869200229645,,,,,,,,0.0,0.7617874145507812,0.13415060615863594,-0.0017725607239867224,0.05346992239356041
14942208,3937.9471128930163,0.02687830587393704,0.2913452088832855,0.0008157927287510969,0.12666653312679438,0.12340247687436902,333,254.51202952609788,49.2,nan,0.0078125,0.7863497734069824,0.11282430933669985,0.0004826373532704851,0.05489421635866165
14950400,3939.6368501810066,0.02402243534612032,0.27064210176467896,,,,,,,,0.0,0.7093240022659302,0.1667739963012472,0.0004883374166966589,0.03427716717123985
14958592,3940.6121563540073,0.02813927128652982,0.30036622285842896,,,,,,,,0.0,0.7952539324760437,0.12905306595468738,-0.00038531495927201603,0.048009779304265976
14966784,3941.571348183992,0.02064106375288568,0.24448242783546448,,,,,,,,0.0078125,0.7299628257751465,0.12119511915844074,-0.0015153973681397705,0.040530551224946976
14974976,3942.5250412210007,0.022144921704374085,0.2589355409145355,,,,,,,,0.0,0.7442605495452881,0.15217035749606977,0.00023694564389035975,0.028863931074738503
14983168,3943.541705823998,0.024851737913933223,0.2848144471645355,,,,,,,,0.0078125,0.8141202926635742,0.12039112627878387,-0.0002533392553855805,0.039815645664930344
14991360,3944.744804435002,0.023387725164028726,0.2716308534145355,,,,,,,,0.0,0.6958515644073486,0.16630602364632643,0.0008871883402005207,0.02958299033343792
14999552,3946.1636116449954,0.022258247713304768,0.26849365234375,,,,,,,,0.0,0.7844481468200684,0.12914014028014864,-0.002594101080586695,0.0263079646974802
15007744,3947.464589807001,0.02419176055080602,0.279052734375,0.0009864091997430213,0.1172993351536769,0.11495945934367681,333,258.3654029762634,49.2,nan,0.0078125,0.7635800838470459,0.11228453410153061,-0.0027660460262942848,0.033584240823984146
15015936,3949.058082958014,0.021268100029108474,0.25562745332717896,,,,,,,,0.0,0.7317849397659302,0.1506083774185091,-0.0015487253414168225,0.025443345308303833
15024128,3950.2467211500043,0.024230548416148343,0.27783203125,,,,,,,,0.0,0.8271205425262451,0.11556397705968435,-0.0024795598612812465,0.040251873433589935
15032320,3951.446797089011,0.023045177706541693,0.2671264708042145,,,,,,,,0.0078125,0.7050401568412781,0.11292704103606249,-0.0023754841868071845,0.029227210208773613
15040512,3952.6503058620146,0.022913994905600605,0.2704711854457855,,,,,,,,0.0,0.770726203918457,0.13366948294589645,-0.0010786504573054693,0.025841230526566505
15048704,3953.8240831030125,0.022496799090432736,0.2661499083042145,,,,,,,,0.0078125,0.7995574474334717,0.1098276311495089,-0.0014729819872334718,0.04381433129310608
15056896,3955.2118232450157,0.15269903904122462,0.2973999083042145,,,,,,,,0.0,0.6921663284301758,0.15345165529359045,-0.009355299301748147,8.963666915893555
15065088,3956.540900991007,0.36671771328982505,0.21529541909694672,,,,,,,,0.0,0.741684079170227,0.11009281821233964,-0.01783597146561122,3.1783461570739746
15073280,3957.8348547969945,0.17339873576573253,0.28590089082717896,0.002055689457727272,0.11322889138352762,0.11187229107630733,333,260.6815763339549,49.2,nan,0.0078125,0.7121026515960693,0.10035080511534064,-0.01185505313124808,1.6916741132736206
15081472,3959.639490741014,0.036043232811123795,0.3330078125,,,,,,,,0.0,0.7414644360542297,0.1345372927386195,-0.0019503149783650622,25.047353744506836
15089664,3960.8476506040024,0.032613190408411236,0.32117921113967896,,,,,,,,0.0078125,0.8004785180091858,0.09644317924443047,0.007107072581225076,1.1918935775756836
15097856,3962.063397384016,0.028165107660775464,0.27421876788139343,,,,,,,,0.0,0.685660183429718,0.15699063478859965,-0.006624736276413335,44.50944900512695
15106048,3963.0605967080046,0.0812986050320997,0.27637940645217896,,,,,,,,0.0,0.6779024600982666,0.11728081532105884,0.002064307502801931,15.032211303710938
15114240,3964.009835859004,0.13668924289140735,0.2923339903354645,,,,,,,,0.0078125,0.6957128047943115,0.10045406996996031,-0.012679010673638302,2.3675267696380615
15122432,3964.9530593279924,0.038906095093204675,0.36613771319389343,,,,,,,,0.0,0.729986846446991,0.1493640099301197,0.005549244068531545,0.05855758115649223
15130624,3965.954498473002,0.046300111251760034,0.369384765625,,,,,,,,0.0,0.8256256580352783,0.11242897931034554,0.0051199028949500645,0.0724545270204544
15138816,3967.1379429170047,0.028924955336784942,0.30870363116264343,0.0014757411555650357,0.11644803877570076,0.11482400545719974,333,259.4883786836621,49.35,nan,0.0078125,0.7060908675193787,0.11005879510310179,0.0004385430068263436,0.05309806019067764
15147008,3969.115527282993,0.02903671409424169,0.3038696348667145,,,,,,,,0.0,0.768346905708313,0.13268449403954333,-0.00032178853033145344,0.04021681472659111
15155200,3970.360687178996,0.027870015336276067,0.30946046113967896,,,,,,,,0.0078125,0.7986904978752136,0.10936023352603387,-0.0013400038681384194,0.05589326098561287
15163392,3971.608848481992,0.028520277573473186,0.3050293028354645,,,,,,,,0.0,0.7128771543502808,0.16002896133936875,-0.0019969996696776863,3.2735016345977783
15171584,3972.911202776013,0.04416222562875798,0.3274902403354645,,,,,,,,0.0,0.7895209789276123,0.12126224426720209,0.00012758151010694514,15.822659492492676
15179776,3974.074867676012,0.0445026134905823,0.30546876788139343,,,,,,,,0.0078125,0.721815288066864,0.11674733121557614,0.0021485387729530746,2.942481756210327
15187968,3975.21415248001,0.02418697553298077,0.23431396484375,,,,,,,,0.0,0.708107054233551,0.12666455332053572,-0.005956952203244652,24.639625549316406
15196160,3976.5287195690034,0.6258751300177243,0.31745606660842896,,,,,,,,0.0078125,0.6788597702980042,0.09343028417091381,-0.0005419610467952027,3.892176389694214
15204352,3977.8395229529997,0.04628897602156099,0.37834474444389343,0.0012348356595976995,0.11689816017819771,0.11531320863446193,333,259.61408127868896,49.35,nan,0.0,0.6980690956115723,0.1373574819090478,0.0019143395769564441,5.009837627410889
15212544,3979.605479185004,0.15194175937478693,0.33842775225639343,,,,,,,,0.0,0.7336881756782532,0.12536711748808407,-0.005039714479003191,5.165736198425293
15220736,3980.944953107013,0.22695996483507877,0.33612060546875,,,,,,,,0.0078125,0.7223459482192993,0.10829042185003383,-0.013082502467732217,3.7377090454101562
15228928,3982.165725250001,0.3426438252596884,0.2911621034145355,,,,,,,,0.0,0.6114209294319153,0.1469227796357877,-0.017267434441798225,14.947684288024902
15237120,3983.284765076998,3.815565237563165,0.28337404131889343,,,,,,,,0.0,0.6009119153022766,0.11158771521036157,-0.040874129717288696,2.024042844772339
15245312,3984.405104876001,0.11815755390268201,0.3379272520542145,,,,,,,,0.0078125,0.6812913417816162,0.10835589541582133,-0.00841603829106006,16.299222946166992
15253504,3985.343853457016,0.3753930959962724,0.40001222491264343,,,,,,,,0.0,0.6307618021965027,0.13022642828300104,0.030598786581579298,19.44663429260254
15261696,3986.3187458960165,0.6732606621878543,0.3678955137729645,,,,,,,,0.0078125,0.6308200359344482,0.10586980532511076,-0.0032752078848412337,3.5047497749328613
15269888,3987.3060513189994,0.02657821664556241,0.2762207090854645,0.0007894377615818016,0.11483094490495555,0.11483094490495555,333,260.14998731908753,49.95,nan,0.0,0.6704002618789673,0.15896305298999863,-0.005025373195777894,49.83760452270508
15278080,3989.0092098820023,0.17039314899580696,0.39558106660842896,,,,,,,,0.0,0.5670982599258423,0.11285526826463825,0.1269485581714158,22.10725975036621
15286272,3990.3659040380153,0.11068255831687075,0.4458374083042145,,,,,,,,0.0078125,0.6376525163650513,0.10835999495594381,0.012048442612486115,5.612514495849609
15294464,3991.6281433799886,0.0896831199175148,0.4708007872104645,,,,,,,,0.0,0.744372546672821,0.13752300334435766,0.002680706787134723,19.17764663696289
15302656,3992.883942784014,0.2264588325469501,0.43449708819389343,,,,,,,,0.0078125,0.7681673765182495,0.10358086504228238,0.01104271956023498,3.868236541748047
15310848,3994.072506835015,0.04625815793690801,0.38323974609375,,,,,,,,0.0,0.6950873136520386,0.17075601009324964,0.00829157095299751,0.1268433779478073
15319040,3995.248126519,0.03490879382252258,0.34406739473342896,,,,,,,,0.0,0.7847118973731995,0.1301969086842129,0.00644943522516811,0.08257734775543213
15327232,3996.484679256013,0.035422748877457604,0.34808349609375,,,,,,,,0.0078125,0.7688361406326294,0.11325752109344739,0.0006970809686002933,0.06250113248825073
15335424,3997.686780551012,0.032123065108796305,0.30805665254592896,0.0020358788924107474,0.11627740454787676,0.11532025309006139,333,259.54469438608237,49.2,nan,0.0,0.7270627021789551,0.150900482058757,-0.0033034213933082392,2.047607660293579
15343616,3999.4733853809885,0.30677488309495193,0.3003173768520355,,,,,,,,0.0,0.7679318785667419,0.11627613420159116,-0.00510063780634017,3.195523738861084
15351808,4000.6796019620087,0.027732816365462955,0.27293702960014343,,,,,,,,0.0078125,0.7011340856552124,0.11440332717505242,-0.0012380459134062355,14.141873359680176
15360000,4001.9456686649937,0.03388928611694538,0.24284668266773224,,,,,,,,0.0,0.6176995635032654,0.13515844484768985,-0.0063746752376991405,44.918128967285156
15368192,4003.3574381429935,0.8328741001048551,0.36796876788139343,,,,,,,,0.0078125,0.5962783098220825,0.11423231020298057,0.028683204810447435,4.443562030792236
15376384,4004.632343622012,0.028948258738559576,0.29844972491264343,,,,,,,,0.0,0.7048463821411133,0.15876644059520362,-0.004465051900331435,22.66652488708496
15384576,4005.6418795160134,0.16654742630231661,0.3865112364292145,,,,,,,,0.0,0.7317919135093689,0.10741429518412295,-0.0023940686048350432,10.243572235107422
15392768,4006.6066080059973,0.0708942894697833,0.4038452208042145,,,,,,,,0.0078125,0.6997904181480408,0.11681543449205711,0.00406941645839773,5.068862438201904
15400960,4007.5736613179906,0.02717006621225726,0.28345948457717896,0.0017146467497775042,0.11657761508074772,0.11519340604826413,333,259.37558804305803,49.2,nan,0.0,0.7170400619506836,0.13787538944895641,-0.0034247910897354326,46.079463958740234
15409152,4009.032650297013,0.41186634148624535,0.3907470703125,,,,,,,,0.0078125,0.6438925266265869,0.10616368285039512,0.016189241381496886,11.216578483581543
15417344,4010.2055893320066,0.04284301248013957,0.3780151307582855,,,,,,,,0.0,0.6942319869995117,0.1621627759521901,-0.0033672395939649625,30.414203643798828
15425536,4011.365957508009,0.038362785700946034,0.32017824053764343,,,,,,,,0.0,0.6386378407478333,0.1175608809451551,-0.0037832224489764,46.77052688598633
15433728,4012.50943517001,1.0452582059531086,0.4031616151332855,,,,,,,,0.0078125,0.6369050741195679,0.09990283694222568,-0.011110905679199104,4.4163384437561035
15441920,4013.693874277,0.027512061850616266,0.2815918028354645,,,,,,,,0.0,0.6812094449996948,0.14665115493071829,-0.006087246913683789,72.7210922241211
15450112,4014.981331560004,0.9511309895243779,0.4182372987270355,,,,,,,,0.0,0.5114355087280273,0.10602863655102505,0.010733617078337004,19.74342918395996
15458304,4016.2426935940166,0.2299625300306738,0.3595825135707855,,,,,,,,0.0078125,0.6640093326568604,0.10394976732159579,0.0074645555724755265,17.2498836517334
15466496,4017.4657079789904,0.8835967306058322,0.39134523272514343,0.001718761720435391,0.1210673988864515,0.12032149453981975,333,257.1170073169542,49.2,nan,0.0,0.6542071104049683,0.13541369809675258,0.006225152059973974,35.092769622802734
15474688,4019.14894901801,1.0853479344034764,0.43402099609375,,,,,,,,0.0078125,0.61761474609375,0.11283386438987003,0.01633501985576944,4.814725399017334
15482880,4020.3538895650127,0.0344546858988047,0.32703858613967896,,,,,,,,0.0,0.706824779510498,0.14826595002325002,0.001997217967754752,35.33875274658203
15491072,4021.5332651250064,0.24536854753033774,0.41993409395217896,,,,,,,,0.0,0.5685895681381226,0.11916427190871182,0.004761925537613706,34.33230209350586
15499264,4022.7568013080163,1.9096147676906519,0.38304445147514343,,,,,,,,0.0078125,0.6023144721984863,0.1149874924394918,-0.00637818757722014,7.087233066558838
15507456,4023.8948473939963,0.11079047672312757,0.3897705078125,,,,,,,,0.0,0.7194333076477051,0.1494545765368604,0.003647160615608189,19.718984603881836
15515648,4025.1568191130063,0.24916789528734534,0.41612550616264343,,,,,,,,0.0078125,0.7695252895355225,0.1125008518734615,-0.007845674240859255,3.2811477184295654
15523840,4026.420532024,0.03828263945205973,0.35722658038139343,,,,,,,,0.0,0.6920750737190247,0.1711327015847107,0.007637519140754435,3.681220293045044
15532032,4027.490206010989,0.039763010803097826,0.3261352479457855,0.0024954594206292313,0.1210936060563124,0.12101981194558599,333,256.86179352067836,49.2,nan,0.0,0.7203609347343445,0.13064977847606135,0.0035364439805442905,38.51426696777344
15540224,4028.8395775860117,0.8247308903417481,0.37846681475639343,,,,,,,,0.0078125,0.6437661051750183,0.11253203668118465,-0.002889073810388993,2.9792513847351074
15548416,4029.8232979289896,0.04165681186555767,0.36859130859375,,,,,,,,0.0,0.7228240966796875,0.15640076973299907,0.010985849021424871,0.4716024100780487
15556608,4030.949234552012,0.12499000777097678,0.3680175840854645,,,,,,,,0.0,0.7941463589668274,0.11751078808764741,-0.0035609371930499763,3.029144287109375
15564800,4032.1443198210036,0.05105578665540368,0.3404907286167145,,,,,,,,0.0078125,0.7042030692100525,0.1156577307910474,0.0037964622149476743,4.936182498931885
15572992,4033.4887104310037,0.2202441927884854,0.33930665254592896,,,,,,,,0.0,0.6800508499145508,0.13430234253146084,0.03181332513182413,12.635329246520996
15581184,4034.6746944310144,0.13628878860861537,0.3357299864292145,,,,,,,,0.0078125,0.7058156132698059,0.10867860361373913,0.01974148434567028,1.9300568103790283
15589376,4035.77057370299,0.04240586432057985,0.37230226397514343,,,,,,,,0.0,0.7040178775787354,0.16522318527945407,0.0004483397277891474,13.659036636352539
15597568,4036.983138078009,0.05869516398744356,0.3852294981479645,0.0026011056886915407,0.11992198934194369,0.11928982872263058,333,257.7038192473425,49.35,nan,0.0,0.7493859529495239,0.12801457018961274,0.000281939669795086,8.859814643859863
15605760,4038.7284411140135,0.07446926111225323,0.39326173067092896,,,,,,,,0.0078125,0.70594322681427,0.09832561125783736,0.0045265713574365336,5.560777187347412
15613952,4039.9736475890095,0.11000154135104936,0.3859008848667145,,,,,,,,0.0,0.7254636287689209,0.14780534150721017,0.004802084490105592,12.514517784118652
15622144,4041.1685333620117,0.10932476011476536,0.3763671815395355,,,,,,,,0.0078125,0.7719585299491882,0.11126729185766808,-0.0030335082268979473,5.376328945159912
15630336,4042.4986988070013,0.0449641701034436,0.38447266817092896,,,,,,,,0.0,0.6939979195594788,0.1681382899314437,0.005883899541668872,0.49097514152526855
15638528,4043.7686064559966,0.03938820839409718,0.36766359210014343,,,,,,,,0.0,0.7847796082496643,0.1234270435017382,-0.00010374444850303998,1.0856796503067017
15646720,4044.925503648992,0.042333413268050527,0.345458984375,,,,,,,,0.0078125,0.7708206176757812,0.11170878951654521,-0.0017990022159433889,0.36476996541023254
15654912,4046.13608342901,0.033571570292339446,0.32396242022514343,,,,,,,,0.0,0.7252488732337952,0.1510929479444179,0.0007925823829338711,0.449402779340744
15663104,4047.3975045910047,0.12990041232406005,0.34552001953125,0.0022668865657028414,0.12061039140224739,0.11990876841530701,333,257.4660684013028,49.35,nan,0.0,0.8018624186515808,0.11404652502033374,0.0007558617172075319,4.184889793395996
15671296,4048.8419584050134,0.03245297297447275,0.31525880098342896,,,,,,,,0.0078125,0.7063352465629578,0.11082528558592268,0.004744848855412031,0.1526113748550415
15679488,4049.7960594519973,0.03191916726967844,0.3252929747104645,,,,,,,,0.0,0.7625293731689453,0.13228145400045518,0.006884888539905611,0.06860353797674179
15687680,4050.762671486009,0.026475529457038918,0.2898925840854645,,,,,,,,0.0078125,0.8032804727554321,0.1094154874145612,0.0017439001565674142,0.06282814592123032
15695872,4051.8702567309956,0.03327376390959779,0.3146118223667145,,,,,,,,0.0,0.6974073648452759,0.14980023861540429,-0.0021060515999557494,17.522977828979492
15704064,4053.1597163169936,0.04522067006257416,0.25067138671875,,,,,,,,0.0,0.7292766571044922,0.11044252045855667,-0.0012514869954280815,14.150168418884277
15712256,4054.5082838840026,0.20587376183078154,0.3065429627895355,,,,,,,,0.0078125,0.7019950747489929,0.1120980593857252,0.0023017586952305833,0.5358566641807556
15720448,4055.6318385030027,0.02972743685523523,0.31120607256889343,,,,,,,,0.0,0.738633930683136,0.14747636448828252,0.001252700041575616,0.0772203728556633
15728640,4056.791314414004,0.027976934640241497,0.3062744140625,0.0021866096980207583,0.12279990521106837,0.12189783956462209,333,256.1965648515637,49.35,nan,0.0078125,0.8205943703651428,0.11270825377964004,0.005328693118959757,0.09168612211942673
15736832,4058.60121400599,0.029691386191856097,0.30476075410842896,,,,,,,,0.0,0.6912879347801208,0.1732260141452968,-0.0008441843336568823,0.04415333643555641
15745024,4059.8043485119997,0.026448017384212343,0.29578858613967896,,,,,,,,0.0,0.7753025889396667,0.13386774888601063,-0.0006337423058596337,0.07150647044181824
15753216,4061.058977142995,0.02370556163421373,0.2779174745082855,,,,,,,,0.0078125,0.7684863805770874,0.1173873236057291,-0.0028641507805562795,0.057039208710193634
15761408,4062.302451919997,0.02174819625089949,0.25603029131889343,,,,,,,,0.0,0.7226626873016357,0.15488191066007598,-0.0016338929819814164,0.03043614700436592
15769600,4063.504074472992,0.023613603077721673,0.27509766817092896,,,,,,,,0.0,0.815970778465271,0.12009574266743103,0.0015314619621645802,0.06979731470346451
15777792,4064.773337738996,0.022328971395811633,0.25823974609375,,,,,,,,0.0078125,0.7117282152175903,0.11068203032594268,-0.00437153187847026,0.055247969925403595
15785984,4065.887962745008,0.022174720138498204,0.26250001788139343,,,,,,,,0.0,0.7586121559143066,0.13392906867306167,-0.0006804874794800127,0.03516775369644165
15794176,4067.1370014369895,0.20510611830750364,0.22648926079273224,0.0011124017770135497,0.11918000436965985,0.11918000436965985,333,258.13114934795607,49.95,nan,0.0078125,0.7763610482215881,0.11065236086074831,-0.009601557121049634,1.6612118482589722
15802368,4068.877769040002,0.032791343490390416,0.3166747987270355,,,,,,,,0.0,0.7073879837989807,0.16320614536597194,0.004041650968712138,1.1214137077331543
15810560,4070.005378906004,0.03237233319093457,0.3195556700229645,,,,,,,,0.0,0.8001281023025513,0.12358561939043108,0.0044047225608089035,0.14323699474334717
15818752,4071.0088037300156,0.02673952600437961,0.26239013671875,,,,,,,,0.0078125,0.7423260807991028,0.11175525628721607,-0.0036979119060333177,0.45880070328712463
15826944,4071.9907751489955,0.040020172859539634,0.34776613116264343,,,,,,,,0.0,0.7302659153938293,0.15137952272366983,-0.0029100271378413632,6.037240028381348
15835136,4073.0181500519975,0.20895147026019265,0.2979370057582855,,,,,,,,0.0078125,0.7787854075431824,0.11530904169995763,0.0034266861596452675,1.5011093616485596
15843328,4074.1287401250156,0.03071632503286577,0.32341310381889343,,,,,,,,0.0,0.6909191608428955,0.17149495567424125,0.0036150689807818437,0.21036076545715332
15851520,4075.2685768129886,0.04705095286379646,0.32136231660842896,,,,,,,,0.0,0.7556926012039185,0.1295610248910529,-0.0051170994136857445,10.300085067749023
15859712,4076.5094811760064,0.04115919030732146,0.31708985567092896,0.0019848924759687803,0.11880916337113691,0.11880916337113691,333,258.84237452011234,49.95,nan,0.0078125,0.733564019203186,0.11036882257788617,0.002794013838255641,2.6156692504882812
15867904,4078.378594056994,0.034976996767616286,0.32349854707717896,,,,,,,,0.0,0.7236228585243225,0.15256289418541474,-0.005264584916990652,8.422589302062988
15876096,4079.560639021016,0.06538498360094533,0.3302978575229645,,,,,,,,0.0,0.7684308290481567,0.112836514625323,0.004325861293518855,8.093954086303711
15884288,4080.800485248008,0.03739692063874551,0.3364013731479645,,,,,,,,0.0078125,0.6964747309684753,0.11057074587833865,0.008506619920402714,0.8939162492752075
15892480,4081.9735872510064,0.032643952100434616,0.32905274629592896,,,,,,,,0.0,0.7609034776687622,0.13309161268249378,0.004390070718569328,0.07693175971508026
15900672,4083.185020678997,0.03210990114344055,0.3273681700229645,,,,,,,,0.0078125,0.8060454726219177,0.10484279627285935,0.0005629344356213637,0.08143643289804459
15908864,4084.325497729995,0.029589966655582695,0.31267091631889343,,,,,,,,0.0,0.7046032547950745,0.16343361458227323,0.004463913637682143,0.053817521780729294
15917056,4085.6122130010044,0.027307227030173655,0.29603272676467896,,,,,,,,0.0,0.7934181690216064,0.12088675137976312,0.0025321096238457297,0.05248990282416344
15925248,4086.9842094769992,0.02400433701439497,0.25645753741264343,0.0028483749391755575,0.12260479342796783,0.12219383096247784,333,256.4432009544986,49.35,nan,0.0078125,0.7385973334312439,0.10878088511923845,-0.0009919000984723008,0.5759173035621643
15933440,4088.745572829008,0.025762665661806256,0.28447267413139343,,,,,,,,0.0,0.7352068424224854,0.1520835181139622,0.0026760521921288605,0.03523911163210869
15941632,4090.002913973003,0.0263823633672617,0.2926879823207855,,,,,,,,0.0078125,0.8206301927566528,0.11772545163698278,0.002076402442872593,0.04949226602911949
15949824,4091.16949627499,0.024293665858473108,0.27880859375,,,,,,,,0.0,0.6913279294967651,0.17200679705207675,4.1900314308109326e-05,0.023166602477431297
15958016,4092.213601235999,0.03950811861089659,0.31163331866264343,,,,,,,,0.0,0.7727724313735962,0.13054332876685842,-0.003822764008722584,0.9766897559165955
15966208,4093.1765270270116,0.32407171255991296,0.27728271484375,,,,,,,,0.0078125,0.7463985681533813,0.10858787270424339,-0.01693241718769148,1.7478138208389282
15974400,4094.1576549420133,0.025005550673956274,0.28546142578125,,,,,,,,0.0,0.7237103581428528,0.1519631371925026,0.0026445308460467764,0.1084788367152214
15982592,4095.1548530560103,0.026207838328549216,0.2903076112270355,,,,,,,,0.0,0.8224184513092041,0.11333046311657048,0.002522501894394609,0.06764646619558334
15990784,4096.297076580988,0.02622301108431931,0.29060059785842896,0.0017630066440611492,0.11767081250919306,0.11767081250919306,333,259.1457801459508,49.95,nan,0.0078125,0.7169995307922363,0.10923795976651962,-0.0035653877146856502,0.05118247866630554
15998976,4097.940711881005,0.03860746523223485,0.3478637635707855,,,,,,,,0.0,0.7607046961784363,0.1316567820062026,-0.0006008700827857707,1.6023120880126953
16007168,4099.183835594013,0.14002751227034324,0.30360108613967896,,,,,,,,0.0078125,0.7842981219291687,0.10192985343827554,-0.007349102326662059,0.4408605694770813
16015360,4100.450754051009,0.04344904092271787,0.3332153260707855,,,,,,,,0.0,0.7004333734512329,0.15046442328515056,-0.005374357061825045,6.348110198974609
16023552,4101.802418656007,0.26157768941213894,0.26146242022514343,,,,,,,,0.0,0.7277124524116516,0.1070212039081539,-0.013265137509273689,28.896055221557617
16031744,4103.106690281013,0.047326224437744424,0.33186036348342896,,,,,,,,0.0078125,0.689996063709259,0.09894147932426746,-0.0011239235361902677,7.18789005279541
16039936,4104.294037360989,0.03695582415144726,0.27574464678764343,,,,,,,,0.0,0.6896107196807861,0.13232691220075946,-0.008649916926575523,41.94132614135742
16048128,4105.501345418015,0.3309137634046854,0.3248291015625,,,,,,,,0.0078125,0.5417469143867493,0.09054050481231991,0.007338128223910549,30.989980697631836
16056320,4106.665419035009,0.02372924249589166,0.25349122285842896,0.004164462927311652,0.1131757695290053,0.1131757695290053,333,262.5443208309473,49.95,nan,0.0,0.6753876805305481,0.15659227133881753,-0.00891616220565022,56.28596115112305
16064512,4108.388105554011,0.06549330051763412,0.3522094786167145,,,,,,,,0.0,0.5683408975601196,0.11590027635547506,0.00045343767086727965,26.97663688659668
16072704,4109.720444736013,0.11698244713749639,0.40753173828125,,,,,,,,0.0078125,0.6041932106018066,0.0951822886121041,0.024771668807945388,8.6613187789917
16080896,4111.019478825008,0.0273941046837966,0.28101807832717896,,,,,,,,0.0,0.6730824708938599,0.13257650042613628,-0.008372132585865165,74.58733367919922
16089088,4112.282772895007,0.23512511508531786,0.3842529356479645,,,,,,,,0.0,0.5938554406166077,0.09443976761867935,-0.006568058946878031,28.69160270690918
16097280,4113.522868456988,0.05832599386510671,0.39312744140625,,,,,,,,0.0078125,0.6454916596412659,0.08553455975896393,0.00048496174900150476,30.228412628173828
16105472,4114.608367711015,0.046449613574640204,0.35700684785842896,,,,,,,,0.0,0.6726542711257935,0.1301824658347415,0.0018302470616656118,33.16241455078125
16113664,4115.579143726005,0.08434947817582186,0.4047607481479645,,,,,,,,0.0078125,0.6515227556228638,0.10547545156501398,0.020086173819144522,5.647881984710693
16121856,4116.539604569989,0.060059722703931055,0.42351076006889343,0.0027903828461190994,0.11577833892821654,0.11577833892821654,333,260.67682882626764,49.95,nan,0.0,0.7074143886566162,0.16114940793077284,0.007221530108501968,16.057212829589844
16130048,4118.055750321015,0.0699187973922666,0.44898682832717896,,,,,,,,0.0,0.7611700892448425,0.11129202195523463,0.0031481973284659182,13.593612670898438
16138240,4119.22756136299,0.38864851924053695,0.3909545838832855,,,,,,,,0.0078125,0.7079544067382812,0.10168473685745591,-0.009364019067525138,1.1431655883789062
16146432,4120.521076523,0.04237414730745745,0.37109375,,,,,,,,0.0,0.7362678647041321,0.13251765848121635,0.001638929356509581,24.619672775268555
16154624,4121.794792544999,0.6308883096345705,0.4374755918979645,,,,,,,,0.0078125,0.7229440808296204,0.09225313343611509,0.0030420224814319296,15.094304084777832
16162816,4123.014306344994,0.046111193407012974,0.3765014708042145,,,,,,,,0.0,0.6864177584648132,0.1656168448348095,-0.002506229992519579,19.04123306274414
16171008,4124.254383971012,0.04101028153166785,0.3094238340854645,,,,,,,,0.0,0.6804437637329102,0.11836555324153503,-0.0077289011789092275,38.181026458740234
16179200,4125.606547603005,1.341615158218524,0.39073488116264343,,,,,,,,0.0078125,0.6203795671463013,0.09785512564721545,-0.02426471961054906,4.989573001861572
16187392,4126.919508666993,0.06408155203685405,0.40443116426467896,0.002737409037287475,0.11613838932883236,0.11601334080526934,333,259.7124231904887,49.35,nan,0.0,0.7136114835739136,0.14901858860352593,0.0036968088684396663,24.28597068786621
16195584,4128.586782939994,0.8649856766711101,0.45037841796875,,,,,,,,0.0,0.6935179233551025,0.11151367887125452,-0.00361918969629553,6.913264751434326
16203776,4129.828130923997,0.22809787950225507,0.43474122881889343,,,,,,,,0.0078125,0.6740539073944092,0.10582575198830599,0.015801196674701642,1.1810951232910156
16211968,4130.968157066003,0.03268126881481551,0.3304443359375,,,,,,,,0.0,0.7590521574020386,0.1242353376299437,-0.006626438111822931,45.42259979248047
16220160,4132.201871102006,0.1305331285437471,0.40601807832717896,,,,,,,,0.0078125,0.7355769276618958,0.10081888660926216,0.014459913943195946,6.723304271697998
16228352,4133.4843852460035,0.05624971449783616,0.42561036348342896,,,,,,,,0.0,0.7064933776855469,0.16204737122320245,0.01530421210204986,0.238069087266922
16236544,4134.70286659,0.13716980648912291,0.3028198182582855,,,,,,,,0.0,0.7461243271827698,0.11392713901583877,-0.006449732297885074,21.54642105102539
16244736,4135.817519712989,0.9941859813614174,0.28123781085014343,,,,,,,,0.0078125,0.6732160449028015,0.09936395094719165,-0.018955182885523704,1.6193017959594727
16252928,4136.7775975690165,0.041562587758527524,0.3534912168979645,0.0021322196462500997,0.11308738891405218,0.11308738891405218,333,260.9627025392414,49.95,nan,0.0,0.7325991988182068,0.1370926012018971,-0.0015357626431301537,16.64021873474121
16261120,4138.204052062996,0.3256229869321823,0.3770996034145355,,,,,,,,0.0078125,0.6640872359275818,0.10199312565881596,0.015048801287531938,19.584850311279297
16269312,4139.37383627001,0.03544633195780698,0.34132081270217896,,,,,,,,0.0,0.6849281787872314,0.16799747918615338,-0.007293434513206769,19.345632553100586
16277504,4140.531285883015,0.1173083803837321,0.28864747285842896,,,,,,,,0.0,0.6477074027061462,0.12643814684915636,-0.008993461575823604,48.609619140625
16285696,4141.693159440998,0.36330660312064555,0.4344116151332855,,,,,,,,0.0078125,0.6189880967140198,0.09657814296582123,0.00900435629568909,12.28247356414795
16293888,4142.87027562299,0.23097477848699138,0.42747804522514343,,,,,,,,0.0,0.6908124685287476,0.1491396000349265,-0.0007366846720898161,4.193114757537842
16302080,4144.096809996001,0.10547338838880999,0.4273437559604645,,,,,,,,0.0,0.7503460645675659,0.0928486712608366,0.006026116141308269,13.5607271194458
16310272,4145.412105817988,0.1957108998637569,0.39287111163139343,,,,,,,,0.0078125,0.681269109249115,0.09474254503518433,0.06331598772772216,4.634383201599121
16318464,4146.6413689850015,0.11088681772827479,0.37138673663139343,0.0011089496977583213,0.11887675415936995,0.11887675415936995,333,258.0793474696189,49.95,nan,0.0,0.7405163645744324,0.13277175961877402,-0.0015308993554616183,17.094867706298828
16326656,4148.61997098499,0.16505396704325814,0.40239259600639343,,,,,,,,0.0078125,0.7716137170791626,0.09670606753142574,-0.00010033788371663386,3.451646566390991
16334848,4149.801414807007,0.03781433314400752,0.36121827363967896,,,,,,,,0.0,0.7045175433158875,0.16826751876405618,0.007321503362612497,0.24575300514698029
16343040,4150.935289863002,0.03412170734236367,0.34149169921875,,,,,,,,0.0,0.7981579303741455,0.12111369069130612,0.006655411139721213,0.12239649146795273
16351232,4152.043995401997,0.031916284859111986,0.3243774473667145,,,,,,,,0.0078125,0.7530518770217896,0.11055005527359571,-0.0018290418669154422,0.1634613573551178
16359424,4153.23141839201,0.026440279646106526,0.29307863116264343,,,,,,,,0.0,0.7416749000549316,0.14141823080067914,0.0012051625517557442,0.08330320566892624
16367616,4154.4737688110035,0.055362508322829,0.3034912049770355,,,,,,,,0.0078125,0.8191891312599182,0.10644421086059891,-0.00012921943975853847,4.577987194061279
16375808,4155.710404926009,0.03137431591049377,0.3122192323207855,,,,,,,,0.0,0.6903550624847412,0.16939675693099984,-0.002464401619314749,13.704123497009277
16384000,4157.036917320016,0.04270324495392142,0.2789306640625,0.001129930802315493,0.11500349523273576,0.11500349523273576,333,260.36516423799856,49.95,nan,0.0,0.7422680258750916,0.12544826981751397,-0.005661132908631929,20.340219497680664
16392192,4158.678979316988,0.03919790158743951,0.30339357256889343,,,,,,,,0.0078125,0.7114202976226807,0.09784770149630008,-0.0009840979696937788,10.340962409973145
16400384,4159.65747447699,0.03800197468350644,0.35627442598342896,,,,,,,,0.0,0.7248092293739319,0.14957006015633598,0.001465000221323608,3.015702724456787
16408576,4160.638178444002,0.030799747872623053,0.30034181475639343,,,,,,,,0.0,0.7609867453575134,0.10680782764680158,-0.006111806577338178,39.7790641784668
16416768,4161.718430800014,0.08304493188363919,0.3599487245082855,,,,,,,,0.0078125,0.6625781059265137,0.09770092626813809,0.006161683736439847,3.260632276535034
16424960,4162.967779772007,0.022504418896725893,0.2617553770542145,,,,,,,,0.0,0.7467363476753235,0.12870002775294911,-0.008427205786775567,41.38916778564453
16433152,4164.217814912001,0.04127412240609845,0.3045288026332855,,,,,,,,0.0078125,0.662807822227478,0.10230522230449206,-0.0007130721190824999,25.954349517822266
16441344,4165.47580197599,0.046829471579714156,0.39598390460014343,,,,,,,,0.0,0.7056347131729126,0.163979692859751,0.009069047701363343,0.39576297998428345
16449536,4166.611672897998,0.030430132041377223,0.2947021424770355,0.0025689902202084003,0.1188486129656606,0.11860540316600718,333,259.0812091859568,49.35,nan,0.0,0.7808225750923157,0.10784137812997793,-0.0026857636385983676,23.784250259399414
16457728,4168.278358104988,0.11564274847528395,0.3429931700229645,,,,,,,,0.0078125,0.7177845239639282,0.09327554428767253,0.006438167686517643,1.7733030319213867
16465920,4169.475641311001,0.060406871436584256,0.367431640625,,,,,,,,0.0,0.7246699929237366,0.14097780929024775,0.0001755986098800606,14.005332946777344
16474112,4170.777931543998,0.8620749240036365,0.3288818299770355,,,,,,,,0.0,0.7549659609794617,0.09953259595352554,-0.01290013962776923,8.947185516357422
16482304,4172.065452957002,0.039366685916056104,0.3573242127895355,,,,,,,,0.0078125,0.6892412304878235,0.10280488729806651,0.008672992148269925,0.42302438616752625
16490496,4173.285716918006,0.03413634672673089,0.33977052569389343,,,,,,,,0.0,0.7765843272209167,0.1328543141362107,0.00485230980010623,0.1738402098417282
16498688,4174.506434272014,0.026821797815986273,0.29582521319389343,,,,,,,,0.0078125,0.7813566327095032,0.1095203647278692,0.0015307337587219696,0.13409796357154846
16506880,4175.786968683999,0.03009643861695335,0.31231689453125,,,,,,,,0.0,0.7177593111991882,0.14902826071895556,0.001673615505937082,0.5809649229049683
16515072,4176.978443928994,0.029577979163699444,0.3055786192417145,0.0011329777451831724,0.12242858737470708,0.12242858737470708,333,256.66088555919106,49.95,nan,0.0,0.8041428923606873,0.11751662535494271,-0.00418248315780326,3.322124481201172
16523264,4178.719993403996,0.18481182509085087,0.27659913897514343,,,,,,,,0.0078125,0.7012946605682373,0.10915315343945742,-0.010311970308574779,0.2857215106487274
16531456,4180.010739190009,0.03260326763315814,0.32514649629592896,,,,,,,,0.0,0.755889356136322,0.13209319192241273,0.0008149547853172882,0.21127739548683167
16539648,4181.137150363997,0.07150086814850767,0.28559571504592896,,,,,,,,0.0078125,0.8056776523590088,0.1039767198056674,-0.005613407032289984,0.8398473858833313
16547840,4182.11889259101,0.03827521810682202,0.3404907286167145,,,,,,,,0.0,0.7015822529792786,0.16524929165797456,-0.0017286714054311168,10.234030723571777
16556032,4183.122303754004,0.07002212351964952,0.32830810546875,,,,,,,,0.0,0.7741954922676086,0.12175644769169493,0.0022228584026969473,3.730686902999878
16564224,4184.147095618013,0.06475035821239072,0.3086791932582855,,,,,,,,0.0078125,0.7352809309959412,0.10991763796964497,-0.00381110165739825,1.1721876859664917
16572416,4185.305334163015,0.033815597987985314,0.3373779356479645,,,,,,,,0.0,0.7391682863235474,0.14884370744530612,0.0019046226305105961,0.06708081811666489
16580608,4186.472531483014,0.04305663404758158,0.3596557676792145,0.0019830951427434185,0.11973968894346138,0.11939611208543677,333,257.91791585479604,49.35,nan,0.0,0.8287481069564819,0.10795424873540588,-0.00013410590673439168,3.289088010787964
16588800,4188.146206319012,0.038355934857220664,0.33861085772514343,,,,,,,,0.0078125,0.6904413104057312,0.10550880578838497,-2.0582151401741212e-05,0.06844042986631393
16596992,4189.436001266993,0.03575053052570769,0.34486085176467896,,,,,,,,0.0,0.7718018293380737,0.1318681175360689,-0.0015445109765730557,0.5374530553817749
16605184,4190.647830761009,0.05720992011356303,0.3604370057582855,,,,,,,,0.0078125,0.7515897750854492,0.1109018473681981,-0.001700757704653208,2.31500506401062
16613376,4191.874938686,0.035630457667991645,0.3388671875,,,,,,,,0.0,0.7207700610160828,0.15390710589850082,-0.00022274165802811676,7.5572028160095215
16621568,4193.142471033003,0.23277888055862822,0.33001708984375,,,,,,,,0.0,0.7684628963470459,0.1106137107772168,-0.01808450179253638,1.0463732481002808
16629760,4194.43574700001,0.06186305352895565,0.3510375916957855,,,,,,,,0.0078125,0.7113962769508362,0.10403786798092204,0.012925856323842945,0.564723789691925
16637952,4195.728846465994,0.04112152662730628,0.3824829161167145,,,,,,,,0.0,0.7599073052406311,0.12508943974241718,-0.00010753737945711322,1.2927875518798828
16646144,4197.043293177005,0.071521645698076,0.34147951006889343,0.001620816065220354,0.11962970461824168,0.11927390704361981,333,258.0578350548038,49.35,nan,0.0078125,0.778311014175415,0.09458201235899727,-0.007683575076880817,7.324546813964844
16654336,4198.785151082993,0.03141871508487023,0.32630616426467896,,,,,,,,0.0,0.7026751041412354,0.16210392412029803,0.00218410564478863,0.06461033225059509
16662528,4199.996716658003,0.03534673298372124,0.34379884600639343,,,,,,,,0.0,0.7915135025978088,0.12294323004774638,-0.0036554804772369965,3.4216549396514893
16670720,4201.179193602991,0.03303519420438424,0.31568604707717896,,,,,,,,0.0078125,0.7469625473022461,0.10261876782066959,0.007705178086961083,0.20073270797729492
16678912,4202.389542688994,0.04959991974369171,0.36583253741264343,,,,,,,,0.0,0.7309437394142151,0.14744495158824492,-0.0007721443927497745,3.9064223766326904
16687104,4203.339367553999,0.13182298748682394,0.3184814453125,,,,,,,,0.0,0.7999072074890137,0.11209204991225809,-0.011341945781756554,0.5011126399040222
16695296,4204.318472637999,0.032197687366116036,0.32764893770217896,,,,,,,,0.0078125,0.6914321184158325,0.10929745897553693,0.0005324589829814447,0.23518560826778412
16703488,4205.289186762995,0.03680837132086474,0.32652589678764343,,,,,,,,0.0,0.7622994780540466,0.126848889398564,-0.005416105421300906,14.537263870239258
16711680,4206.403068901011,0.22545797046475546,0.3009277284145355,0.0022833084113932367,0.11871670303106358,0.11859824421850997,333,258.36458943995046,49.35,nan,0.0078125,0.7266417145729065,0.10696617965770455,-0.015214244161400887,0.6215171217918396
16719872,4208.171803984995,0.04036566611310514,0.36834716796875,,,,,,,,0.0,0.720038652420044,0.15398303303605015,0.0032905349371545305,0.1228564977645874
16728064,4209.369378816016,0.03160405092828177,0.33525392413139343,,,,,,,,0.0,0.8190180659294128,0.11315474235425191,0.0024327779036680515,0.10051349550485611
16736256,4210.587047067995,0.028542685443710383,0.30034181475639343,,,,,,,,0.0078125,0.7273876667022705,0.10442950024962551,0.0008094603493891862,0.05315129831433296
16744448,4211.756418759003,0.02825190578043123,0.30853271484375,,,,,,,,0.0,0.7576995491981506,0.13783266327980992,0.0013839345515551816,0.07976885139942169
16752640,4213.016161328007,0.029133903887426184,0.3058105409145355,,,,,,,,0.0078125,0.8195130825042725,0.10953362375834952,0.001595418315166838,0.047721829265356064
16760832,4214.298257932998,0.023619741213197706,0.270751953125,,,,,,,,0.0,0.702639102935791,0.16821985400021205,-0.0030147289484980543,0.02001429907977581
16769024,4215.541776860016,0.026664727271914747,0.2954345643520355,,,,,,,,0.0,0.7926380634307861,0.12794552600046952,-0.000639420802947726,0.03845684602856636
16777216,4216.704442768008,0.02390735542442312,0.2733154296875,0.002391876774088919,0.12139772747157322,0.12112087163273338,333,257.14194249520295,49.35,nan,0.0078125,0.755144476890564,0.10937868699666081,-0.004685194509742007,0.02943870984017849
16785408,4218.421398186008,0.02386753127964728,0.27592775225639343,,,,,,,,0.0,0.7390880584716797,0.1423337436902972,-0.0027988432968607,0.034531380981206894
16793600,4219.582385641988,0.038039300928763176,0.2997070252895355,,,,,,,,0.0,0.8297975659370422,0.10776100575209528,-0.00545175657565943,1.785378336906433
16801792,4220.772748021991,0.026772197146167787,0.2768310606479645,,,,,,,,0.0078125,0.6941903829574585,0.10754518783824109,0.0009008641494661768,0.051731523126363754
16809984,4221.974191388988,0.028227773431274063,0.30437013506889343,,,,,,,,0.0,0.779931366443634,0.1251525070200294,0.0016722970615315664,0.059359099715948105
16818176,4223.280489072989,0.025837096629633793,0.28985595703125,,,,,,,,0.0078125,0.790481448173523,0.10174275481349676,-0.0008966484161006049,0.13301706314086914
16826368,4224.559169198008,0.023198121953127843,0.2733520567417145,,,,,,,,0.0,0.7177853584289551,0.15347309895560152,-0.0011939149284562857,0.02374017983675003
16834560,4225.515795643005,0.024513759628271653,0.28059083223342896,,,,,,,,0.0,0.8117090463638306,0.11166743917049095,-0.0001506323749224667,0.047690678387880325
16842752,4226.480471318995,0.02752449171461783,0.28754884004592896,0.0021299863523316365,0.11977513540449211,0.11878031380751691,333,257.8836037979042,49.2,nan,0.0078125,0.7263056635856628,0.10640427967130689,-0.003416915769303289,2.967047929763794
16850944,4227.90927405699,0.2933531716749041,0.21682129800319672,,,,,,,,0.0,0.7258792519569397,0.1356752673785912,-0.015110735239129864,1.7781612873077393
16859136,4229.119337470998,0.20821089381935237,0.2756103575229645,,,,,,,,0.0078125,0.787312388420105,0.10857162453903703,-0.005854342393137185,0.5983649492263794
16867328,4230.293637090013,0.04128253878499094,0.36597901582717896,,,,,,,,0.0,0.7041683793067932,0.15244086077006264,-0.0018921588666186,3.1224870681762695
16875520,4231.460567383008,0.1997472286759282,0.3475097715854645,,,,,,,,0.0,0.7634490728378296,0.1134145996133943,-0.00928896591813535,1.4993995428085327
16883712,4232.651641997014,0.08044875823969218,0.31608888506889343,,,,,,,,0.0078125,0.7411724925041199,0.09546754300067462,-0.008813666163242818,0.9092780947685242
16891904,4233.865018248005,0.03484387932081214,0.350341796875,,,,,,,,0.0,0.7402395606040955,0.1324567376382402,0.0027429655447718886,0.09952465444803238
16900096,4235.191276978992,0.2798681021502282,0.3342041075229645,,,,,,,,0.0,0.8067231178283691,0.09336747882966291,-0.0044465224099187,6.951014041900635
16908288,4236.451573063998,0.05016288502865134,0.39073488116264343,0.0020186073648950087,0.11556111846663727,0.11340843720305388,333,260.42511705562174,49.2,nan,0.0078125,0.6935166716575623,0.09428915459828685,0.00427344103870458,0.8796886801719666
16916480,4238.192474406998,0.2061378254510977,0.28374025225639343,,,,,,,,0.0,0.749615490436554,0.12290187995398383,-0.010412186317182033,9.477306365966797
16924672,4239.3844381819945,0.2915611106987993,0.31097412109375,,,,,,,,0.0078125,0.753715991973877,0.10421189067897257,-0.0037248678556216727,0.8299938440322876
16932864,4240.479804222006,0.042665367356950465,0.37242433428764343,,,,,,,,0.0,0.7202544212341309,0.1495276672167234,-0.00448225137662913,13.47228717803955
16941056,4241.545851350005,1.1871543037678995,0.40119630098342896,,,,,,,,0.0,0.7338718771934509,0.10042533478319142,-0.010813836708173541,4.0261335372924805
16949248,4242.603551052016,0.08757620354213083,0.40350341796875,,,,,,,,0.0078125,0.7098146677017212,0.09745834916236452,0.00297915248659797,0.4793500006198883
16957440,4243.795853318006,0.05515994533434765,0.33287355303764343,,,,,,,,0.0,0.7456181049346924,0.13859481076577232,-0.006068163165798037,7.067357540130615
16965632,4245.092910972016,0.057637973300102396,0.38507080078125,,,,,,,,0.0078125,0.7834224700927734,0.10210537342144205,0.01076765102686757,0.4725457727909088
16973824,4246.040972107003,0.04421956010545576,0.36986085772514343,0.0026357990493380834,0.11380104827394777,0.11216873532131467,333,261.5836098792955,49.35,nan,0.0,0.7026699185371399,0.156109356138886,-0.00029383205163028257,16.668588638305664
16982016,4247.3546515039925,0.03934090929744412,0.3304687440395355,,,,,,,,0.0,0.7498728632926941,0.11682942641779478,-0.006255183329442158,19.039453506469727
16990208,4248.2885540610005,0.07118822663940304,0.37006837129592896,,,,,,,,0.0078125,0.6991342902183533,0.09687663479127812,0.013296643290667749,0.8800134062767029
16998400,4249.350505834998,0.06616062848176756,0.4638305604457855,,,,,,,,0.0,0.7467658519744873,0.1298833017396015,0.007545121989762327,2.7531819343566895
17006592,4250.496203624003,0.04481935759446984,0.38237306475639343,,,,,,,,0.0,0.8567323088645935,0.08577495213219843,0.007399668911716985,0.35430869460105896
17014784,4251.62818737101,0.02937294325993746,0.29771730303764343,,,,,,,,0.0078125,0.6923178434371948,0.08735870266951563,-0.0055811896815415474,28.990310668945312
17022976,4252.810212681012,0.36133137972954854,0.29736328125,,,,,,,,0.0,0.6376925706863403,0.12077607774224516,-0.004099059375155478,14.657862663269043
17031168,4253.854833363992,1.084435158390032,0.2828735411167145,,,,,,,,0.0078125,0.6486901640892029,0.09466070848751679,-0.021970322652954496,5.04579496383667
17039360,4254.976468487992,0.05654544001459641,0.38646242022514343,0.00195623368787623,0.11391103136846126,0.11099338968953093,333,262.4504457293739,49.35,nan,0.0,0.6701025366783142,0.148206876399481,0.00024219919949969304,21.599685668945312
17047552,4256.642976292002,0.1411331113677186,0.38734132051467896,,,,,,,,0.0,0.7129470109939575,0.10133612458864055,0.023890778059799982,1.981507658958435
17055744,4257.7462608969945,0.22432821073055811,0.34675294160842896,,,,,,,,0.0078125,0.701043963432312,0.09729174684826697,0.0018168459001045587,1.2306320667266846
17063936,4258.821904367011,0.06098402660946121,0.4444824159145355,,,,,,,,0.0,0.7632665634155273,0.13112991801873242,0.009584742760365493,0.4454402029514313
17072128,4259.942824692,0.03908800331281943,0.35698243975639343,,,,,,,,0.0078125,0.834568440914154,0.09627108270622754,0.007437559041177508,0.1042557954788208
17080320,4261.040129817004,0.04807324882229692,0.39680176973342896,,,,,,,,0.0,0.70297771692276,0.16445109583996706,0.0043427034744408875,8.906848907470703
17088512,4262.11157283801,0.04042953536097971,0.34418946504592896,,,,,,,,0.0,0.7680832147598267,0.12243846348866536,0.011248200741991825,0.23974566161632538
17096704,4263.185484048008,0.05751608604875862,0.33586427569389343,,,,,,,,0.0078125,0.7455888986587524,0.10773332344685627,-0.002143331342646564,0.24211250245571136
17104896,4264.454835956014,0.034451534774200175,0.34162598848342896,0.002855246383835941,0.11677974914440585,0.11655512922345745,333,259.7188783608396,49.35,nan,0.0,0.7376936078071594,0.13433712965083777,0.00039312046773801423,0.1460677683353424
17113088,4265.869401728996,0.031029611162689066,0.32342529296875,,,,,,,,0.0,0.838808000087738,0.09915357916544826,0.0020923710573807746,0.07399457693099976
17121280,4266.80616874501,0.03575887882191227,0.3393798768520355,,,,,,,,0.0078125,0.6995705962181091,0.09826273498277227,-0.0016949973251996404,5.317452907562256
17129472,4267.7412608400045,0.1570900137588431,0.3388305604457855,,,,,,,,0.0,0.7498448491096497,0.12835064971363325,-0.008142364424989139,2.53991436958313
17137664,4268.824391636008,0.5250595853628899,0.24376221001148224,,,,,,,,0.0078125,0.7449944019317627,0.1039458850003514,-0.019803142191482555,1.4865144491195679
17145856,4270.0005517220125,0.03192381999061814,0.32886964082717896,,,,,,,,0.0,0.7178713083267212,0.15360992987681388,0.004145536622497501,0.05144793912768364
17154048,4271.2002183909935,0.02934607505860772,0.3125244081020355,,,,,,,,0.0,0.8180120587348938,0.10964684210504365,0.0008212667754062576,0.05073222145438194
17162240,4272.359133765014,0.02610701199062919,0.27965089678764343,,,,,,,,0.0078125,0.7321917414665222,0.10128857969096691,-0.0016915727896275679,0.09262266010046005
17170432,4273.420630878012,0.02682162835239208,0.29853516817092896,0.0015884891683450864,0.1189971313223951,0.11719856791541843,333,258.88515693809495,49.2,nan,0.0,0.7530208230018616,0.1379259665387335,0.00022132332744445322,0.032791782170534134
17178624,4275.0119736350025,0.028519229411293624,0.3024047911167145,,,,,,,,0.0078125,0.8219524621963501,0.10798616084789567,0.0019924167364871004,0.051094889640808105
17186816,4276.1587695920025,0.0396515692774626,0.33662110567092896,,,,,,,,0.0,0.6951364278793335,0.1644754795964754,-0.0004056571942043154,2.3919265270233154
17195008,4277.3778287990135,0.4304542475994664,0.2616210877895355,,,,,,,,0.0,0.7491046190261841,0.12680113931966708,-0.01613673350953277,0.24067726731300354
17203200,4278.51342439701,0.15196892719217456,0.2747802734375,,,,,,,,0.0078125,0.7379865646362305,0.11232426142072173,0.008929135831688478,0.561184823513031
17211392,4279.695984847,0.03976699831266034,0.3681884706020355,,,,,,,,0.0,0.7310183048248291,0.136038339743934,0.0012831291213294864,0.4693746566772461
17219584,4280.794124153996,0.10585345639851713,0.3575195372104645,,,,,,,,0.0,0.799217700958252,0.11421863444917152,-0.004160417549135996,2.40332293510437
17227776,4281.865984194999,0.04330494940419876,0.3814697265625,,,,,,,,0.0078125,0.6934335231781006,0.11356712641439864,-0.0005817717269720823,4.335699081420898
17235968,4282.96943620799,0.21984673655180648,0.3479370176792145,0.0019091660544354738,0.11945667747364842,0.11772550600706738,333,257.82198810416725,49.2,nan,0.0,0.738524854183197,0.12683415126503247,-0.0037319056820412757,1.4247188568115234
17244160,4284.665905731992,0.29506203632300393,0.3368774354457855,,,,,,,,0.0078125,0.7554773688316345,0.10500299569779349,-0.0011634112552665649,0.3709321618080139
17252352,4285.620508480002,0.033797431479387706,0.33453369140625,,,,,,,,0.0,0.7132353782653809,0.16024357752150595,0.0037022610741373344,0.03409324958920479
17260544,4286.546620362002,0.027406273804819914,0.2978881895542145,,,,,,,,0.0,0.8074957132339478,0.11962489061343907,0.0037644602764192064,0.038923230022192
17268736,4287.483947278,0.028308881423460976,0.3026489317417145,,,,,,,,0.0078125,0.7302388548851013,0.10928561775676465,-0.001609577040440314,0.033597249537706375
17276928,4288.513766993012,0.027352369707035654,0.29615479707717896,,,,,,,,0.0,0.7502930164337158,0.13456483853582485,-0.00278407036435328,0.04509544372558594
17285120,4289.628361951996,0.05506006585051775,0.3419433534145355,,,,,,,,0.0078125,0.8003737926483154,0.09822973765119829,-0.004122688082486697,2.042431354522705
17293312,4290.749240773992,0.037328439701399305,0.3572143614292145,,,,,,,,0.0,0.6986720561981201,0.1685339099355415,0.0012099035276983356,0.2579290568828583
17301504,4291.915334410005,0.03555493403484847,0.33793947100639343,0.0011224816968925522,0.11834236607381866,0.11588746026811925,333,258.7987557503336,49.2,nan,0.0,0.7902900576591492,0.12038398493888453,0.0007972525642108504,0.3690752685070038
17309696,4293.563318539993,0.04847554167073472,0.30364990234375,,,,,,,,0.0078125,0.7523596286773682,0.10046982218210937,-0.0025993660004665457,0.504045307636261
17317888,4294.659480694012,0.028161498087373695,0.3058715760707855,,,,,,,,0.0,0.7322630882263184,0.14416800583351014,-0.000585076303742958,0.14817550778388977
17326080,4295.792687729991,0.27223721700273773,0.2988037168979645,,,,,,,,0.0,0.7960192561149597,0.10310816026690861,-0.013353322855142784,7.754321575164795
17334272,4296.903317891993,0.04046115196274519,0.33824464678764343,,,,,,,,0.0078125,0.6923641562461853,0.09586747324917061,-0.0008083855862808722,5.169460296630859
17342464,4298.021918147017,0.5502616381681433,0.3175903260707855,,,,,,,,0.0,0.7254018783569336,0.12617941107680308,-0.01575719120646108,1.2538622617721558
17350656,4299.14059282199,0.11701890334661386,0.3240112364292145,,,,,,,,0.0078125,0.7346922755241394,0.11179815683154531,0.0009453257850080941,5.224412441253662
17358848,4300.3497135289945,0.0411544732891289,0.3633178770542145,,,,,,,,0.0,0.7143351435661316,0.15327554390098536,0.002476488078161996,4.514026165008545
17367040,4301.4899540560145,0.03644310331579394,0.34376221895217896,0.0012725153224150132,0.11834455527308498,0.11520207228326362,333,259.23812524993,49.2,nan,0.0,0.8104667663574219,0.11262886133765782,-0.0030534881754667046,6.415040493011475
17375232,4303.028330092988,0.04133894105444831,0.35374757647514343,,,,,,,,0.0078125,0.7304050922393799,0.10393554387288363,0.0062920943759596755,0.45484915375709534
17383424,4304.1062141110015,0.031153139091659482,0.322021484375,,,,,,,,0.0,0.7530972957611084,0.13858354357451072,0.008022472625815477,0.09317656606435776
17391616,4305.081521784014,0.030815859581041233,0.32902833819389343,,,,,,,,0.0078125,0.8277221918106079,0.0951231440637176,0.0017908106949418219,0.08795054256916046
17399808,4306.011041601014,0.02619471775699507,0.2955566346645355,,,,,,,,0.0,0.6990041136741638,0.16756914866376565,0.00013982154960491552,0.03049028478562832
17408000,4306.93705792501,0.03287053779240457,0.33082276582717896,,,,,,,,0.0,0.7939151525497437,0.1180141771398302,-0.0031096141308772935,0.4426942467689514
17416192,4307.9069486439985,0.04021407656991351,0.2959228456020355,,,,,,,,0.0078125,0.7610419988632202,0.09893057905349702,-0.007643367019628103,0.27676093578338623
17424384,4309.059459184995,0.044274059736735316,0.33833009004592896,,,,,,,,0.0,0.7275146842002869,0.14998582473904487,-0.005334325997787165,7.747630596160889
17432576,4310.221874464012,1.0498888315573347,0.3030029237270355,0.0006635375025439982,0.11665889203722517,0.11305374258681246,333,260.2869652126942,49.5,nan,0.0,0.7329222559928894,0.09911430961586958,-0.021552540111509373,7.404148101806641
17440768,4312.071385605988,0.06564155394491143,0.33165284991264343,,,,,,,,0.0078125,0.6905035376548767,0.09851716628218887,-0.004990990406277593,0.27821779251098633
17448960,4313.203674218006,0.12632499425592938,0.2957519590854645,,,,,,,,0.0,0.7534131407737732,0.1279364324157997,0.004806304482719178,5.821388244628906
17457152,4314.304634375003,0.27191089521708506,0.30755615234375,,,,,,,,0.0078125,0.7594128251075745,0.10519619996515348,-0.011294276821985385,0.9688810706138611
17465344,4315.404867303005,0.04491073171412508,0.3914550840854645,,,,,,,,0.0,0.7156846523284912,0.14905306910061245,0.002194814921963702,0.17049355804920197
17473536,4316.547488187003,0.03632839692388087,0.34473878145217896,,,,,,,,0.0,0.8160690665245056,0.11049608694978245,0.0041880190386136594,0.13721631467342377
17481728,4317.6907670469955,0.0272507720077872,0.2964111268520355,,,,,,,,0.0078125,0.7378911375999451,0.100170660932072,-0.002351017425926012,0.15729114413261414
17489920,4318.856486120989,0.03592006618781942,0.33735352754592896,,,,,,,,0.0,0.7478804588317871,0.13494320642209287,-0.002942704220876682,6.946189880371094
17498112,4320.0066994809895,0.06500088338162743,0.30078125,0.0009489995518315864,0.11390652799714344,0.11124381717772808,333,260.9629625875261,49.35,nan,0.0078125,0.7891824841499329,0.0985038993480543,0.0034406082718297574,5.1433281898498535
17506304,4321.534781012015,0.04020708523927468,0.34227296710014343,,,,,,,,0.0,0.6944342851638794,0.1672795265346511,-0.006300599177266501,6.675100803375244
17514496,4322.625968903012,0.15043435443694908,0.3722167909145355,,,,,,,,0.0,0.7514090538024902,0.11604789837015796,-0.009334258155491942,4.515285015106201
17522688,4323.779797919997,0.052676918659152576,0.37965089082717896,,,,,,,,0.0078125,0.750120997428894,0.09442718829281732,0.001250254416703352,0.6380347609519958
17530880,4324.74052025401,0.03750881645178737,0.3624633848667145,,,,,,,,0.0,0.7335535883903503,0.1490678377483085,0.0024764720295698812,0.08442025631666183
17539072,4325.691593883996,0.029378063589020134,0.31828615069389343,,,,,,,,0.0,0.8395595550537109,0.10837135088376128,0.0009657844639194032,0.0796520859003067
17547264,4326.639491201,0.03861466310356363,0.33250734210014343,,,,,,,,0.0078125,0.6983470916748047,0.10001505717243506,-0.004193706792408036,8.511589050292969
17555456,4327.656090252014,0.18029936376459443,0.3238769471645355,,,,,,,,0.0,0.7144623398780823,0.11333073004270235,-0.0008041010174263194,16.698747634887695
17563648,4328.821263279009,0.26329227096874924,0.31324464082717896,0.0005584764430862643,0.11480975613106667,0.11156176819153774,333,260.0910822813594,49.2,nan,0.0078125,0.7362122535705566,0.08163031073525667,0.0021477945959643484,3.132169723510742
17571840,4330.619804468006,0.06344642446049822,0.39177247881889343,,,,,,,,0.0,0.703731894493103,0.15626696079849806,-0.00047032583160269687,6.776010990142822
17580032,4331.670540758991,0.057602808717223765,0.3817138671875,,,,,,,,0.0,0.7846406698226929,0.11377650794170963,0.018300048863912757,0.5809916853904724
17588224,4332.744284393993,0.08745087728753564,0.34412842988967896,,,,,,,,0.0078125,0.7233064770698547,0.1053062990839654,0.01881080684341865,0.45306119322776794
17596416,4333.808269831992,0.03483224704039406,0.32893067598342896,,,,,,,,0.0,0.7441525459289551,0.12339556470065846,-0.004737933037914486,15.240473747253418
17604608,4335.122447791015,0.060710386235199934,0.3797363340854645,,,,,,,,0.0078125,0.7790382504463196,0.08884561150915568,0.006590325953711966,6.25037956237793
17612800,4336.335702262004,0.028629586941702003,0.30242919921875,,,,,,,,0.0,0.6903977394104004,0.1634829838409043,-0.0055827105053203605,25.578954696655273
17620992,4337.529269541003,0.6047087772318784,0.3339599668979645,,,,,,,,0.0,0.6447423100471497,0.11570972756520893,0.0013006621168227712,21.481929779052734
17629184,4338.629828295991,0.3679087340500714,0.3255859315395355,0.0023516302617633267,0.10600431734757544,0.10387732380493353,333,264.2204497096248,49.35,nan,0.0078125,0.6300320029258728,0.09508686185377359,0.016462532381328165,4.717295169830322
17637376,4340.236381772993,0.036677929146030346,0.330810546875,,,,,,,,0.0,0.733405351638794,0.13549215477831544,-0.005035940060467221,28.807483673095703
17645568,4341.316522651003,0.07206507763639032,0.443115234375,,,,,,,,0.0,0.7539618015289307,0.09340294359732505,0.005591759402725402,6.632428169250488
17653760,4342.558274946001,0.06419483150928955,0.4196533262729645,,,,,,,,0.0078125,0.6956047415733337,0.09118275346795007,0.012365621630539829,0.4458555281162262
17661952,4343.690995370998,0.04428050061960131,0.3717407286167145,,,,,,,,0.0,0.7256462574005127,0.11327323966901974,-0.003062620226451712,20.875226974487305
17670144,4344.6285006270045,0.5178304513062497,0.34832763671875,,,,,,,,0.0078125,0.6916463375091553,0.08984394190075763,0.00687319357214434,3.7631642818450928
17678336,4345.585650755995,0.06729885382363468,0.42884522676467896,,,,,,,,0.0,0.7033761143684387,0.14764120055995184,0.00045931663422849587,21.51416778564453
17686528,4346.561280212016,0.5472466475048847,0.3949340879917145,,,,,,,,0.0,0.7251144051551819,0.10429802932556521,-0.00544361839966645,15.003000259399414
17694720,4347.762795363,0.22579378473238498,0.41447755694389343,0.002165967919654288,0.10678489103727506,0.10509725552423599,333,264.03643775630275,49.5,nan,0.0078125,0.6926544308662415,0.09242692414220167,-0.0005264712540343071,17.198497772216797
17702912,4349.450627089012,0.03175082457423324,0.2914794981479645,,,,,,,,0.0,0.6408126950263977,0.12658338924865914,-0.005593334313594235,66.13643646240234
17711104,4350.615835739009,1.476118623917589,0.4156494140625,,,,,,,,0.0078125,0.4987752139568329,0.09824672355653194,0.007888393346202834,10.278145790100098
17719296,4351.725903332001,0.06346839450238477,0.44013673067092896,,,,,,,,0.0,0.6898014545440674,0.1578872759284511,0.001474691264559327,16.053274154663086
17727488,4352.789908123988,0.22242968752753112,0.44036865234375,,,,,,,,0.0,0.7119872570037842,0.11366919094392104,-0.0031455814037922463,16.390737533569336
17735680,4353.951697325014,0.2523790165661161,0.44401857256889343,,,,,,,,0.0078125,0.7146672606468201,0.0982307492796742,0.207701599501209,2.424590826034546
17743872,4355.083079670003,0.07752619775455108,0.46722412109375,,,,,,,,0.0,0.7366394400596619,0.14031197659414468,0.009344771570531289,9.5545654296875
17752064,4356.205950088013,0.08871079653923596,0.44050294160842896,,,,,,,,0.0,0.7904501557350159,0.10062024404310618,0.0039483308801994054,15.247077941894531
17760256,4357.329321939993,0.10187024983016879,0.4603271484375,0.002359871964988103,0.11383322322971412,0.11251648422885423,333,261.2581965652035,49.35,nan,0.0078125,0.6985830664634705,0.09784110428050172,0.01022673068719991,1.632895827293396
17768448,4358.89979684999,0.055885767854322636,0.43513184785842896,,,,,,,,0.0,0.7747548222541809,0.11723246841715737,0.012873574783959625,0.291404664516449
17776640,4360.042875089013,0.034694094223253494,0.3478149473667145,,,,,,,,0.0078125,0.8084238767623901,0.09171903792288466,0.00550168047458896,0.149307519197464
17784832,4361.155792364996,0.03681358994468681,0.34581300616264343,,,,,,,,0.0,0.7127327919006348,0.14975355683471192,0.0017651081777253766,8.027987480163574
17793024,4362.261735328997,0.05248692183901378,0.3255859315395355,,,,,,,,0.0,0.7814238667488098,0.11081864130121163,0.0001195106613495407,0.45186540484428406
17801216,4363.379361319996,0.04012855096120056,0.3249877989292145,,,,,,,,0.0078125,0.7286562323570251,0.09839178395139529,0.0017947553289690795,0.1939118206501007
17809408,4364.378249880014,0.1989140784592256,0.30012208223342896,,,,,,,,0.0,0.725239098072052,0.14110968168546675,-0.005863477717402282,5.53546142578125
17817600,4365.316728534002,0.12654872593112668,0.3057006895542145,,,,,,,,0.0078125,0.782833993434906,0.10277116295127543,-0.010315785180314075,3.223745822906494
17825792,4366.235756240989,0.02621999142269348,0.2953857481479645,0.0022193928826387266,0.11646365439222167,0.1152256767770115,333,259.8730115919741,49.35,nan,0.0,0.6982632875442505,0.16427377195388018,-0.0071034504921683745,17.480504989624023
17833984,4367.7844676150125,0.056472807627003886,0.33399659395217896,,,,,,,,0.0,0.7391453385353088,0.12235021669657561,0.007627393651052536,11.211569786071777
17842176,4368.913604689005,0.6333894697384038,0.35179445147514343,,,,,,,,0.0078125,0.7069385647773743,0.09762724986893007,-0.000723648278946874,0.9347590804100037
17850368,4370.018308850005,0.04663898658755518,0.39720460772514343,,,,,,,,0.0,0.7321528196334839,0.1480526548947679,0.005643127279206905,0.13811194896697998
17858560,4371.138480280992,0.033932100010770655,0.3432250916957855,,,,,,,,0.0,0.8361051082611084,0.10341248436626062,0.004554017024951676,0.09212750196456909
17866752,4372.270629570994,0.040826384561732376,0.36815187335014343,,,,,,,,0.0078125,0.7083323001861572,0.10184787594843078,-0.0007208159518603367,5.323234558105469
17874944,4373.361703837989,0.1619438357868322,0.37611085176467896,,,,,,,,0.0,0.7338154911994934,0.12242224693343479,-0.007123408508299442,4.910344123840332
17883136,4374.4911364080035,0.10378533512192907,0.3235717713832855,,,,,,,,0.0078125,0.7353681325912476,0.10510616963791874,-0.0030944550175481663,3.392704486846924
17891328,4375.582797034993,0.04310758589293357,0.3855957090854645,0.0005385553016390432,0.1201596098326584,0.11736785678859304,333,258.5596245844953,49.2,nan,0.0,0.713117241859436,0.1607286317448263,0.004457815986103924,1.8616262674331665
17899520,4377.231076677999,0.042506637702414043,0.3688598573207855,,,,,,,,0.0,0.8056425452232361,0.11468484095969624,0.0029694227655286567,4.48765230178833
17907712,4378.374738164013,0.12326062529116771,0.32501220703125,,,,,,,,0.0078125,0.7292892932891846,0.10567013988768496,-0.007268389618748321,0.38290995359420776
17915904,4379.502413540002,0.054443449128543334,0.3985229432582855,,,,,,,,0.0,0.7426562309265137,0.1481336210954273,-0.0043820709591772125,4.681893348693848
17924096,4380.637298312999,0.16394863527417944,0.35832521319389343,,,,,,,,0.0078125,0.7936478853225708,0.1084016313884756,0.010240264103537395,0.27646031975746155
17932288,4381.739993561991,0.029301072048723942,0.31007081270217896,,,,,,,,0.0,0.69466632604599,0.16766979521104566,0.003819700820605265,0.03929732367396355
17940480,4382.780666703999,0.02953128460932858,0.31982421875,,,,,,,,0.0,0.7800573706626892,0.12647971645058695,-0.00030164714480613686,0.06157832220196724
17948672,4383.8114387950045,0.027780373472905698,0.3037353456020355,,,,,,,,0.0078125,0.7643546462059021,0.10525771437314718,-0.0008894003526394759,0.059667617082595825
17956864,4384.718744159007,0.047744385608805916,0.3400024473667145,0.0004639429513533244,0.11928010977955839,0.11601660185472595,333,259.125304674629,49.2,nan,0.0,0.7159665822982788,0.153442094801006,0.0015585051612290516,3.9936540126800537
17965056,4386.006286907999,0.0466963651516312,0.2743774354457855,,,,,,,,0.0,0.7908647060394287,0.11127669065751172,-0.0008536569607797281,0.41945314407348633
17973248,4387.059955047007,0.043377074045505185,0.30845949053764343,,,,,,,,0.0078125,0.7014918923377991,0.10974853799084676,-0.0037481248542821015,0.051467716693878174
17981440,4388.233991718997,0.028013833158552943,0.30546876788139343,,,,,,,,0.0,0.7656666040420532,0.13134341206958414,0.0010845573002112225,0.06578338146209717
17989632,4389.450305092003,0.02842235763559449,0.29241943359375,,,,,,,,0.0078125,0.7998096942901611,0.10883181096846263,-0.003997326507823533,0.1881730556488037
17997824,4390.643523378007,0.04129811842500364,0.31837159395217896,,,,,,,,0.0,0.6984926462173462,0.16161781468005193,-0.004880749874332072,5.913923740386963
18006016,4391.7386116739945,0.5448170498893843,0.21865235269069672,,,,,,,,0.0,0.760952889919281,0.11714577607638871,-0.020755995245659242,0.27622920274734497
18014208,4392.790128094988,0.0670063093185224,0.3114257752895355,,,,,,,,0.0078125,0.72637540102005,0.1076013406096416,-0.008275634006548774,0.17068397998809814
18022400,4393.8855437950115,0.03549798156215584,0.35051271319389343,0.0013628395806826177,0.12061468613934506,0.11851326913116256,333,258.41529715443573,49.2,nan,0.0,0.7432335019111633,0.14501893268141966,-0.0007693961062180595,0.5870715975761414
18030592,4395.60857736101,0.11264753390875129,0.30516359210014343,,,,,,,,0.0078125,0.7914304733276367,0.107799057037457,0.005170427315401136,2.9163777828216553
18038784,4396.758281335991,0.03619292510964852,0.348876953125,,,,,,,,0.0,0.6953072547912598,0.16831899761588373,0.0006725456353935714,0.596661388874054
18046976,4397.907451703009,0.031576576843630154,0.32109376788139343,,,,,,,,0.0,0.7846241593360901,0.12823264345928015,0.0012645625941209966,0.17706714570522308
18055168,4399.042715885007,0.04173908708507358,0.29083251953125,,,,,,,,0.0078125,0.7638928294181824,0.10729487359972842,-0.0055502063268657795,0.9882852435112
18063360,4400.2507322599995,0.027724771817215377,0.3058105409145355,,,,,,,,0.0,0.7289066314697266,0.15103641208114377,-0.0006333319808527201,0.039761465042829514
18071552,4401.313022014016,0.028818048279382863,0.30811768770217896,,,,,,,,0.0,0.8265683054924011,0.11030831110777756,0.0005922116349093296,0.045897260308265686
18079744,4402.398236572015,0.03055000333746374,0.3143310546875,,,,,,,,0.0078125,0.7082744836807251,0.10869880721262937,-0.0033071347501510474,0.31502851843833923
18087936,4403.362078703009,0.2612659116521888,0.32415771484375,0.0021368938055903453,0.1205341236362249,0.11893975407272789,333,258.2936610586487,49.35,nan,0.0,0.7237439751625061,0.12751251933351174,-0.004366723179868826,11.123576164245605
18096128,4404.671155393007,0.3799761442375143,0.26446533203125,,,,,,,,0.0078125,0.7392695546150208,0.10726112836928431,-0.0037214315613571304,0.5810398459434509
18104320,4405.625384079991,0.05058332173661262,0.4174560606479645,,,,,,,,0.0,0.7118988037109375,0.16100986643204193,0.004056000812705777,0.9211478233337402
18112512,4406.6540666910005,0.04321228013438582,0.37926027178764343,,,,,,,,0.0,0.8102084398269653,0.11403064229863341,-0.004361774344950136,2.354357957839966
18120704,4407.819331956009,0.044015014516934625,0.3523315489292145,,,,,,,,0.0078125,0.7328894138336182,0.10577285982720812,0.006993459869619651,1.0886712074279785
18128896,4408.976741637016,0.029837941076172648,0.31953126192092896,,,,,,,,0.0,0.7486668229103088,0.1463802586354084,0.0030454476056851476,0.06889335066080093
18137088,4410.250872492004,0.03761607617433879,0.35832521319389343,,,,,,,,0.0078125,0.8328497409820557,0.10096935516354537,0.004102337552902888,0.5499825477600098
18145280,4411.440124846005,0.025514049000970887,0.28815919160842896,,,,,,,,0.0,0.6958838105201721,0.16865428873068491,0.0019003442564758382,0.02182486280798912
18153472,4412.564335862,0.03168142021706493,0.3233642578125,0.0010097966444534423,0.10919491009524473,0.10627919521305541,333,263.1369585681676,49.35,nan,0.0,0.7877199053764343,0.126655413053767,0.0016318067810792208,0.2521096169948578
18161664,4414.2339144180005,0.06588611181819613,0.2817749083042145,,,,,,,,0.0078125,0.7662740349769592,0.10711937226034086,-0.007981728713294563,0.55409836769104
18169856,4415.329231587006,0.026709396159690476,0.29472658038139343,,,,,,,,0.0,0.729143500328064,0.15020245268899485,0.00014466931804462603,0.02560587041079998
18178048,4416.413726713014,0.02552618955202083,0.29493409395217896,,,,,,,,0.0,0.8273435831069946,0.11287075728280817,-0.0011158204228995077,0.04613634943962097
18186240,4417.519149005006,0.027944644492200806,0.29316407442092896,,,,,,,,0.0078125,0.7106548547744751,0.10589113914654374,-0.003604476509022914,0.027411317452788353
18194432,4418.661824361014,0.03182400793951357,0.3118530213832855,,,,,,,,0.0,0.7613016963005066,0.11933612616405588,-0.007373605213442887,9.812318801879883
18202624,4419.817143282999,0.25818670170996844,0.26689454913139343,,,,,,,,0.0078125,0.7275598645210266,0.10675632844342302,-0.0043448398880834805,2.8668572902679443
18210816,4420.949894273013,0.03283165290410849,0.32911378145217896,,,,,,,,0.0,0.712058424949646,0.16057738132316124,0.00286587599707978,0.06243648752570152
18219008,4422.067542334989,0.04145434843893378,0.3713622987270355,0.0003539272209677202,0.10705568701588261,0.10468106408323616,333,263.61428797636614,49.35,nan,0.0,0.8046560287475586,0.11378739083518793,0.004448439303912136,1.367584466934204
18227200,4423.614750506997,0.11000440034254336,0.3125244081020355,,,,,,,,0.0078125,0.7363469004631042,0.1050058892366946,-0.007939909031438824,0.31729212403297424
18235392,4424.526730551996,0.048691876195625074,0.34197998046875,,,,,,,,0.0,0.7272998690605164,0.14433616348262332,-0.005015514365919959,8.160124778747559
18243584,4425.469031148998,0.6246109652460664,0.30766603350639343,,,,,,,,0.0078125,0.7606081366539001,0.10233676579857476,-0.017621899976244897,2.533733367919922
18251776,4426.4937930529995,0.032977200451146126,0.3403686583042145,,,,,,,,0.0,0.6964277029037476,0.16031511191890657,0.0046333081691950035,0.03803272917866707
18259968,4427.676450007013,0.029148604294341227,0.31561279296875,,,,,,,,0.0,0.7915342450141907,0.11841381966532202,0.0007563676504726074,0.05056075006723404
18268160,4428.835982513003,0.030981970038595732,0.31444093585014343,,,,,,,,0.0078125,0.780566930770874,0.09970841018642153,0.0012761299807298328,0.10875605791807175
18276352,4430.034503080009,0.0346969082624583,0.33381348848342896,,,,,,,,0.0,0.7258134484291077,0.1537511046346077,-0.004048915657356831,4.544426441192627
18284544,4431.199826122,0.15628098634900278,0.2529296875,0.0010867095869854237,0.1190198079541163,0.11654349269313413,333,259.12559064317287,49.2,nan,0.0,0.7875486612319946,0.11270266472930443,-0.004066918357112616,0.6142283082008362
18292736,4432.8384274489945,0.04361004166251375,0.3301757872104645,,,,,,,,0.0078125,0.7064486742019653,0.11070360296011716,0.006967555142881713,0.2483811378479004
18300928,4433.915837164997,0.03010085728578346,0.31402587890625,,,,,,,,0.0,0.7653898000717163,0.1345600804620465,-0.0006294135536774837,0.11208541691303253
18309120,4435.116108832008,0.025321309480972998,0.28753662109375,,,,,,,,0.0078125,0.8057094812393188,0.10866976461892519,0.003448136029504329,0.060240067541599274
18317312,4436.242168722005,0.07515674780333906,0.33330079913139343,,,,,,,,0.0,0.696519672870636,0.16298830754501412,-0.0052763001903324246,3.407372236251831
18325504,4437.34948261801,0.3808908110374196,0.2688964903354645,,,,,,,,0.0,0.7595645189285278,0.11260321158653883,-0.01108037471693743,0.38293248414993286
18333696,4438.53588002699,0.11447614470925234,0.29979249835014343,,,,,,,,0.0078125,0.7287905216217041,0.1045966668169313,-0.0110500077557501,0.1448526829481125
18341888,4439.612110135,0.028872122682624714,0.31689453125,,,,,,,,0.0,0.7446392178535461,0.14627623854693428,0.0011993683985660301,0.03128198906779289
18350080,4440.695770246006,0.026490239412067386,0.2967529296875,0.001022204142341554,0.11878060070813982,0.11687680055084465,333,258.6816311637315,49.2,nan,0.0078125,0.8328889608383179,0.1096813692245886,0.0002588082265563117,0.04327372834086418
18358272,4442.0872004730045,0.024496991691855242,0.2799316346645355,,,,,,,,0.0,0.6941174268722534,0.17051514603994805,-0.0012297618274676456,0.02007163129746914
18366464,4442.987090159993,0.026681921750798056,0.3049560487270355,,,,,,,,0.0,0.7858937382698059,0.12242361642554153,-0.0025966967036604874,0.04597100242972374
18374656,4443.9294892300095,0.037955465533056176,0.328369140625,,,,,,,,0.0078125,0.7741196155548096,0.09864971088922138,-0.004666340327052958,0.8599932789802551
18382848,4444.981875132013,0.024195567706646305,0.28181153535842896,,,,,,,,0.0,0.722951352596283,0.15455102971926044,0.0023328803127227204,0.02232542634010315
18391040,4446.12869055901,0.027395677779758754,0.2976440489292145,,,,,,,,0.0,0.8191027045249939,0.11006176125308625,-0.0013108672995023676,0.03570036217570305
18399232,4447.290243866009,0.023077541667695392,0.26719972491264343,,,,,,,,0.0078125,0.7128302454948425,0.10759606292358986,-0.0031738789940501306,0.023638160899281502
18407424,4448.389292881999,0.04328470864217325,0.32841798663139343,,,,,,,,0.0,0.7542484998703003,0.1316216685608571,-0.003250136126404764,4.701796054840088
18415616,4449.56705750199,0.8412982577221055,0.24766846001148224,0.0012486964390870936,0.11695968786104588,0.11527220914182883,333,259.3266171059916,49.35,nan,0.0078125,0.7515989542007446,0.10135496367818635,-0.016492616012006838,0.8770102858543396
18423808,4451.212447108002,0.03082941341168173,0.3226562440395355,,,,,,,,0.0,0.7095969319343567,0.16087038200920528,0.0019136570576186744,0.08627797663211823
18432000,4452.307166876009,0.03853515810001604,0.3325439393520355,,,,,,,,0.0,0.7934285402297974,0.11043069617052689,-0.0049270296343624995,13.18919563293457
18440192,4453.490999147994,0.41426915146991644,0.2933593690395355,,,,,,,,0.0078125,0.7060882449150085,0.08490752556330938,-0.014452722400290172,0.9385610818862915
18448384,4454.667350550997,0.04799160976158872,0.37700197100639343,,,,,,,,0.0,0.7389497756958008,0.14296220175527838,-0.004048481510661156,8.020965576171875
18456576,4455.823171305994,0.20415991121094118,0.3849731385707855,,,,,,,,0.0078125,0.7715610861778259,0.09201319282646411,0.014612785604496376,3.811084747314453
18464768,4457.056003106001,0.03700922784335332,0.35328370332717896,,,,,,,,0.0,0.6921707391738892,0.17110179784427787,0.005618872960791162,0.03527531027793884
18472960,4458.0953108620015,0.03966096213958398,0.34697267413139343,,,,,,,,0.0,0.774890661239624,0.1290980667236146,-0.006912717413946457,11.245484352111816
18481152,4459.219243922998,0.1375370686691155,0.3319946229457855,0.0015337630693067483,0.11569801099994054,0.11411844460389217,333,259.5698370639972,49.35,nan,0.0078125,0.7294297218322754,0.10488757025651724,-0.006311321347632301,1.0530179738998413
18489344,4460.720718735014,0.04559958283616709,0.39288330078125,,,,,,,,0.0,0.7261088490486145,0.15256341416608837,0.002090260831836887,6.43800687789917
18497536,4461.685428508994,0.04877206576649684,0.33635255694389343,,,,,,,,0.0,0.775989294052124,0.11302653838911829,-0.006289822441200581,8.461691856384277
18505728,4462.649873007991,0.05995751725608514,0.35625001788139343,,,,,,,,0.0078125,0.6930193305015564,0.10728583662950276,-0.0005749049137366533,0.5728669762611389
18513920,4463.579899942008,0.05046454753070267,0.40892335772514343,,,,,,,,0.0,0.7596449255943298,0.13527744284157256,0.0031232084164190253,6.08825159072876
18522112,4464.832875119988,0.08574631796360364,0.3805297911167145,,,,,,,,0.0078125,0.7660306096076965,0.10471702798477493,0.005031495495192613,1.9110599756240845
18530304,4465.934419535013,0.03400751079335892,0.34246826171875,,,,,,,,0.0,0.7090076208114624,0.16522755752146306,0.0015259630450429299,1.0008906126022339
18538496,4466.994438283989,0.04415393332167932,0.3863891661167145,,,,,,,,0.0,0.8090665936470032,0.11127581645553869,-0.0007109533779654251,5.458970546722412
18546688,4468.089871750999,0.04220813329979736,0.35405275225639343,0.0022079811164184004,0.10543102008197347,0.10538106186538337,333,263.0818768847206,49.35,nan,0.0078125,0.741223931312561,0.09685058986457906,-0.003460086056283132,1.4131354093551636
18554880,4469.763981677999,0.07271560229297334,0.3628784120082855,,,,,,,,0.0,0.7355631589889526,0.14550404422917587,-0.0019778331268644664,9.613032341003418
18563072,4470.891755404009,0.7967899300467652,0.35883790254592896,,,,,,,,0.0078125,0.7815458178520203,0.10469844671997239,0.003064757911186727,3.4218194484710693
18571264,4471.988462862006,0.03543253714688744,0.35032960772514343,,,,,,,,0.0,0.6933102607727051,0.17078329702980102,0.004771466468713671,0.10718750953674316
18579456,4473.117237027007,0.03785701471588693,0.35767823457717896,,,,,,,,0.0,0.7863649725914001,0.12912100693011755,0.0047999205609339755,0.3008005917072296
18587648,4474.237584343005,0.028525653834438433,0.30760499835014343,,,,,,,,0.0078125,0.7833464741706848,0.1028641609030218,-0.00048490945470499377,0.10840070247650146
18595840,4475.396430432011,0.03664873666180789,0.3495117127895355,,,,,,,,0.0,0.7266919612884521,0.1411111260804684,-0.00480549977409058,16.956623077392578
18604032,4476.500709321001,0.298889775981406,0.29884034395217896,,,,,,,,0.0,0.73360675573349,0.09694406853073842,-0.012068617576502419,8.01037883758545
18612224,4477.675219119992,0.30846759046314354,0.30565187335014343,0.0009594310744878154,0.10500247575804678,0.1029435871570651,333,263.883388328867,49.2,nan,0.0078125,0.6851391196250916,0.09474270382932182,-0.013827341716267134,0.42419901490211487
18620416,4479.368611275015,0.0439116769788751,0.3897460997104645,,,,,,,,0.0,0.7628858685493469,0.12490944571784879,-0.0026644884859963525,10.393794059753418
18628608,4480.428986593994,0.09526665358226136,0.34858399629592896,,,,,,,,0.0078125,0.7845361232757568,0.09952974037386765,0.005264840182551911,2.3248538970947266
18636800,4481.362451750989,0.03526631239535282,0.3495727479457855,,,,,,,,0.0,0.7106334567070007,0.16520453924228096,0.001602281714363763,0.08822625875473022
18644992,4482.2683922649885,0.026507637735528795,0.2759155333042145,,,,,,,,0.0,0.7234006524085999,0.10988237251516372,-0.006002318808851072,37.1091423034668
18653184,4483.222611742007,0.4264479653504043,0.337890625,,,,,,,,0.0078125,0.6469026803970337,0.0963444109769536,-0.006577054196551967,4.9886393547058105
18661376,4484.258552107989,0.040020316963828566,0.36870118975639343,,,,,,,,0.0,0.7447721362113953,0.14694381101824033,0.0038906835559768234,0.12912696599960327
18669568,4485.262360318011,0.03530427552850503,0.35035401582717896,,,,,,,,0.0078125,0.8455823659896851,0.10080624294014462,0.0023054871009982347,0.14060251414775848
18677760,4486.236918259994,0.02832761854562953,0.3056884706020355,0.0007146179565026278,0.10545392931520978,0.1030956329134422,333,263.57119136641694,49.5,nan,0.0,0.6911801099777222,0.17292052096838312,0.0016318029411160955,0.03963689133524895
18685952,4487.640469148988,0.034001216914722625,0.3186889588832855,,,,,,,,0.0,0.7646684646606445,0.12659513948400725,-0.006509360706392734,6.915032386779785
18694144,4488.642130875989,0.2822210836377003,0.29639893770217896,,,,,,,,0.0078125,0.7295256853103638,0.10231848554996197,-0.013079977864886683,0.5440954566001892
18702336,4489.634238277009,0.04227715194220219,0.37568360567092896,,,,,,,,0.0,0.7254408597946167,0.15045971218923113,-0.0007956214601186483,7.6238694190979
18710528,4490.607869108004,0.65794478508974,0.34089356660842896,,,,,,,,0.0,0.7890133857727051,0.1078486174418129,-0.008722885133393676,12.115145683288574
18718720,4491.6181085960125,0.07666522431541246,0.4012084901332855,,,,,,,,0.0078125,0.688042163848877,0.1002362221888235,0.020670443858765,0.6832345724105835
18726912,4492.588930875005,0.06953769997567175,0.29991456866264343,,,,,,,,0.0,0.7312474250793457,0.13084987067123735,-0.007758914671671231,21.493331909179688
18735104,4493.717520911014,0.031920997796155474,0.26806640625,,,,,,,,0.0078125,0.6411271691322327,0.10107176150727581,-0.0019100435944065304,25.863245010375977
18743296,4494.87779917501,0.04249730736797347,0.38380128145217896,0.001199273543796009,0.10641429882232667,0.10559196019338687,333,263.91438354105424,49.35,nan,0.0,0.7093948721885681,0.164611509341627,0.005233543430755211,0.8480581641197205
18751488,4496.456488282012,0.16394505474075316,0.33465576171875,,,,,,,,0.0,0.782360851764679,0.11154482149489192,-0.0034295526368771944,24.254261016845703
18759680,4497.552135903999,0.053610731627364766,0.36430665850639343,,,,,,,,0.0078125,0.7151247262954712,0.0974108860555908,0.003320132405180363,3.696131944656372
18767872,4498.826710027002,0.04233760850542091,0.3840087950229645,,,,,,,,0.0,0.7475175261497498,0.1352208346668712,-0.0013599783234971004,5.867264270782471
18776064,4500.003360025992,0.18915115280709552,0.42851564288139343,,,,,,,,0.0078125,0.7837622165679932,0.0969608313650546,-0.00068542321962025,9.023322105407715
18784256,4501.22745384599,0.040600090181386675,0.37628173828125,,,,,,,,0.0,0.6935482025146484,0.16920690813283074,0.006108482321071367,0.12626516819000244
18792448,4502.291520758008,0.037403973035018204,0.30805665254592896,,,,,,,,0.0,0.7679532170295715,0.12541307723141606,-0.007318717457753765,22.140960693359375
18800640,4503.416497374012,0.16778573837072014,0.37200927734375,,,,,,,,0.0078125,0.668408215045929,0.09680889337554723,0.012603497725552588,7.741952419281006
18808832,4504.520702859008,0.038734056649399135,0.35517579317092896,0.0008470108692436584,0.10995992253111342,0.10840746013850827,333,262.8676337935125,49.2,nan,0.0,0.7291866540908813,0.1466635077797196,-0.00422587171032029,14.01090145111084
18817024,4506.066293440992,0.025885679955776134,0.2810424864292145,,,,,,,,0.0,0.7197697758674622,0.09990481384134724,-0.012060178737403412,50.538150787353516
18825216,4507.229808608012,0.05007870829588723,0.36109620332717896,,,,,,,,0.0078125,0.6702187061309814,0.09126842168374583,0.002169127097414543,20.946744918823242
18833408,4508.356162590004,0.05194402755041978,0.30430909991264343,,,,,,,,0.0,0.6970754861831665,0.12438357475370689,-0.0020230613050762273,23.511877059936523
18841600,4509.28820210899,0.2654121519686001,0.39324951171875,,,,,,,,0.0078125,0.629554271697998,0.09770759575038154,0.003998317148253556,12.947669982910156
18849792,4510.249636957014,0.06481447872220475,0.3792724609375,,,,,,,,0.0,0.6854848861694336,0.16012951073711998,0.004471694962094563,13.000101089477539
18857984,4511.169416491,0.040206953571161656,0.3431640565395355,,,,,,,,0.0,0.7248017191886902,0.11212775514710631,-0.0033098494496189112,40.04428482055664
18866176,4512.284420412005,0.6610270137118137,0.38966065645217896,,,,,,,,0.0078125,0.6445510983467102,0.0992225025962225,0.0007063364989358862,6.352118015289307
18874368,4513.394573585014,0.05704127715866354,0.43793946504592896,0.001360136408843804,0.11349724666959306,0.11121597798924471,333,261.5094887838656,49.35,nan,0.0,0.744903564453125,0.14567865034520414,0.006188806971469202,4.131219863891602
18882560,4515.059450321016,0.05459784099736669,0.4161621034145355,,,,,,,,0.0078125,0.8368627429008484,0.10411173586166131,0.004383686596913665,3.2311043739318848
18890752,4516.217020220007,0.03355073410196662,0.34587404131889343,,,,,,,,0.0,0.6902540922164917,0.16904797385095213,0.006655534860789821,0.07329850643873215
18898944,4517.471472419013,0.03315844253238789,0.33940431475639343,,,,,,,,0.0,0.777763307094574,0.12951093150766665,0.004888776176038286,0.11270532757043839
18907136,4518.663476863992,0.03839867452119484,0.3401122987270355,,,,,,,,0.0078125,0.7746438980102539,0.10225510153867828,0.0008583901636745246,1.0144842863082886
18915328,4519.763536548009,0.02926040380516169,0.3171752989292145,,,,,,,,0.0,0.724757730960846,0.15173568866960827,0.0011188768769001775,0.11469931900501251
18923520,4520.907842412998,0.03027716909867912,0.31743165850639343,,,,,,,,0.0,0.8243461847305298,0.11049070349857834,0.0023978388596152984,0.09596943855285645
18931712,4522.065712354,0.02630812194396393,0.28741455078125,,,,,,,,0.0078125,0.7213733792304993,0.10348795221703812,0.000333889387197694,0.06782405078411102
18939904,4523.23130118,0.027017082657333626,0.29475098848342896,0.0009648856733258659,0.11626598380251738,0.11353049500726543,333,259.6311192081512,49.35,nan,0.0,0.7623299956321716,0.13433184616778973,0.0006936623819104684,0.05908636376261711
18948096,4524.9043830140145,0.049395599849554064,0.30217286944389343,,,,,,,,0.0078125,0.8073201179504395,0.10156603697624624,-0.007506091142770866,1.3970273733139038
18956288,4525.999157246988,0.024485529409581555,0.28022462129592896,,,,,,,,0.0,0.7073147296905518,0.16356559430945192,0.0007874919652193333,0.024637145921587944
18964480,4527.07050758999,0.026300656566122196,0.2943481504917145,,,,,,,,0.0,0.8003586530685425,0.12037436921009087,0.002641192994264756,0.04535119980573654
18972672,4527.996727259015,0.02286519210148115,0.2655883729457855,,,,,,,,0.0078125,0.7527040839195251,0.10595324972912609,-0.0031754278005344293,0.038255468010902405
18980864,4528.94672832801,0.024179964428975225,0.2796997129917145,,,,,,,,0.0,0.7417565584182739,0.14703249475676664,-0.002178352321191267,0.029725125059485435
18989056,4529.8532092430105,0.026388048998571702,0.29185792803764343,,,,,,,,0.0078125,0.8380248546600342,0.10739597455706557,-0.0032969984836208176,0.17883364856243134
18997248,4530.9066358850105,0.022485355497936996,0.26728516817092896,,,,,,,,0.0,0.6910923719406128,0.17301475388945575,-0.0011550616136751686,0.015302118845283985
19005440,4532.018481678009,0.024842295977219694,0.2814697325229645,0.00122760666785382,0.12229795635797304,0.11978962701706836,333,257.17664590885806,49.35,nan,0.0,0.7780584096908569,0.13543386327544157,-0.0009352708327199224,0.028201593086123466
19013632,4533.781745899003,0.025299915528512015,0.2796630859375,,,,,,,,0.0078125,0.7790319919586182,0.1106901193979048,-0.0013442475721098812,0.03121364489197731
19021824,4534.907782477007,0.02266530172072946,0.26582032442092896,,,,,,,,0.0,0.7213071584701538,0.1570112084201964,-0.0008599723150865822,0.018075818195939064
19030016,4536.0645048500155,0.024072328709051197,0.2771972715854645,,,,,,,,0.0,0.8150095343589783,0.1195484715754119,-8.985439402857993e-05,0.028089696541428566
19038208,4537.152143182,0.02606759535596569,0.28364259004592896,,,,,,,,0.0078125,0.7205243110656738,0.1066982238671288,-0.00891981889621869,0.025143161416053772
19046400,4538.235663867003,0.025612937103750757,0.2867431640625,,,,,,,,0.0,0.7622612714767456,0.12409583960797578,-0.0008550526934730144,0.027149124071002007
19054592,4539.45908447,0.024399687418117905,0.2786621153354645,,,,,,,,0.0078125,0.8176456689834595,0.09108431073736169,-0.0022856609885980677,0.04637288674712181
19062784,4540.659086405009,0.021317388187590703,0.26207277178764343,,,,,,,,0.0,0.7056147456169128,0.16568947723774427,-0.0017781150538789135,0.013573259115219116
19070976,4541.780634999013,0.026234675986332768,0.2948974668979645,0.00021699516068041103,0.11926667161030421,0.116659266597591,333,258.3072774618256,49.2,nan,0.0,0.7966735363006592,0.11893628355863703,-0.0013441714214315979,0.040934160351753235
19079168,4543.468775265006,0.02211487145099879,0.2609008848667145,,,,,,,,0.0078125,0.7524717450141907,0.10483151484706688,-0.0012487275423812576,0.029471417888998985
19087360,4544.558310821012,0.2357088618802272,0.21011963486671448,,,,,,,,0.0,0.708933413028717,0.14312356359119474,-0.01308184938660005,1.2922254800796509
19095552,4545.736426654999,0.572592341238247,0.28065186738967896,,,,,,,,0.0078125,0.7916946411132812,0.09738661597012696,-0.019491144656960602,0.20245178043842316
19103744,4546.822593574994,0.0254733564751657,0.2857299745082855,,,,,,,,0.0,0.6892073750495911,0.17182924795436824,0.002564148283497929,0.024440601468086243
19111936,4547.748048390989,0.02631756145755121,0.2902587950229645,,,,,,,,0.0,0.7749656438827515,0.12345556531365189,-0.00041144110752348514,0.03949529677629471
19120128,4548.692391980003,0.029546795118619212,0.29484865069389343,,,,,,,,0.0078125,0.7794857621192932,0.10245395064529883,-0.0043596771422615725,0.05163636803627014
19128320,4549.6317835049995,0.02183826991602077,0.26075440645217896,,,,,,,,0.0,0.7218701243400574,0.15612839726243802,-0.0010142153194530764,0.020477382466197014
19136512,4550.794871866994,0.024979079164020743,0.28474122285842896,0.0008846193622736864,0.11708531708286211,0.11443725431509448,333,259.6676761575471,49.35,nan,0.0,0.8178869485855103,0.11332321479647613,0.0006075559305570898,0.03286860138177872
19144704,4552.458506658004,0.024935000538241263,0.27325439453125,,,,,,,,0.0078125,0.7220598459243774,0.1077750961318514,-0.001904728502180428,0.03969886153936386
19152896,4553.540783403994,0.02451027390769803,0.2776245176792145,,,,,,,,0.0,0.7581037282943726,0.1344971979130935,-6.208088659198485e-05,0.024843906983733177
19161088,4554.717830103007,0.03119056450478204,0.30213624238967896,,,,,,,,0.0078125,0.8142592906951904,0.1021867979836951,-0.005796385391725309,0.03937920928001404
19169280,4555.873519504996,0.021528626135081576,0.25889894366264343,,,,,,,,0.0,0.7066709995269775,0.1654573205892166,-0.002684737118426646,0.011871209368109703
19177472,4557.083108713996,0.02524330477411593,0.2879638671875,,,,,,,,0.0,0.8018384575843811,0.12479948331895527,-0.0006872735398610564,0.026512710377573967
19185664,4558.209559276991,0.026016537142732922,0.27760010957717896,,,,,,,,0.0078125,0.7568964958190918,0.10942189481032218,-0.004699677024536965,0.019817039370536804
19193856,4559.377429115004,0.023003373691280304,0.263671875,,,,,,,,0.0,0.742378294467926,0.14167980976327246,-0.0014178096142725245,0.017871499061584473
19202048,4560.530255662015,0.02434405860381877,0.28057861328125,0.0007766956880118636,0.11465139681715963,0.11234377195003584,333,260.50593388356543,49.35,nan,0.0,0.8436184525489807,0.10572577167846026,-0.0016542027573044297,0.03239508718252182
19210240,4562.1441448380065,0.02340984444498493,0.27680665254592896,,,,,,,,0.0078125,0.6925542950630188,0.11253905910577901,-0.0049852981372509935,0.008864188566803932
19218432,4563.250175869005,0.0224156969184391,0.26317140460014343,,,,,,,,0.0,0.7841962575912476,0.12906124791941376,-0.0018641712107920535,0.019331490620970726
19226624,4564.390085062012,0.03600999654269171,0.34687501192092896,,,,,,,,0.0078125,0.791764497756958,0.10821564679255319,-0.0027919789317351774,1.9572702646255493
19234816,4565.531135721016,0.028624083726554474,0.30058595538139343,,,,,,,,0.0,0.7241342067718506,0.1370168357341455,-0.0010132372534441762,0.5634968876838684
19243008,4566.4347258990165,0.3692222865333572,0.21210937201976776,,,,,,,,0.0,0.7876130938529968,0.09706875954997023,-0.008940020118671066,1.5205920934677124
19251200,4567.4004166870145,0.08135355019997485,0.2776855528354645,,,,,,,,0.0078125,0.7188395857810974,0.08340778146623733,0.00707416504872352,0.34486445784568787
19259392,4568.354002776992,0.043028434607943755,0.34259033203125,,,,,,,,0.0,0.7607021331787109,0.13225380378776255,0.00538393457526468,9.41417407989502
19267584,4569.372542389989,0.1902922069522057,0.3282104432582855,0.0010248179064195062,0.11048876620930925,0.10781287575004862,333,263.83734389186424,49.35,nan,0.0078125,0.8030871152877808,0.10386607007302485,-0.006933921978654337,1.148952603340149
19275776,4571.094973795989,0.022672443017941562,0.22777099907398224,,,,,,,,0.0,0.6545310616493225,0.15038645757584485,-0.005536836021964926,50.46708297729492
19283968,4572.191269050993,0.9552212069638109,0.3305908143520355,,,,,,,,0.0,0.5823125243186951,0.10737878118879086,-0.009973439417302592,17.20814323425293
19292160,4573.286443402001,1.5883896256810779,0.28826904296875,,,,,,,,0.0078125,0.5925377011299133,0.09136883865528715,-0.024192387148924632,12.242677688598633
19300352,4574.392875883001,0.22980693698935087,0.35357666015625,,,,,,,,0.0,0.6970667839050293,0.13544842685676664,0.007283941717900758,4.506771087646484
19308544,4575.636681155011,2.142549198442795,0.3052001893520355,,,,,,,,0.0,0.6997601389884949,0.08787061605609003,-0.018682012813528003,16.771072387695312
19316736,4576.794575809006,0.022642876147687587,0.25050050020217896,,,,,,,,0.0078125,0.6837756633758545,0.09037732818706909,-0.00697912607912305,31.801172256469727
19324928,4577.931595364003,1.2569499810980667,0.38880616426467896,,,,,,,,0.0,0.6357172727584839,0.11702438779311009,-0.015946690943981906,7.80303955078125
19333120,4579.0271608080075,0.9185909282015307,0.3752807676792145,0.0012676818746104601,0.1134493956991823,0.11092815141969078,333,261.8445600613094,49.35,nan,0.0078125,0.6524988412857056,0.09602452965813958,-0.00706403269895108,12.028956413269043
19341312,4580.583700362011,0.794108307581141,0.3849121034145355,,,,,,,,0.0,0.6704531908035278,0.15181319121920106,-0.0017644681175643308,14.606375694274902
19349504,4581.692065203999,1.418160123645507,0.40141603350639343,,,,,,,,0.0,0.7051149606704712,0.1095498959293525,-0.008800601193390517,2.1833980083465576
19357696,4582.848777970998,0.15524192612753107,0.4233032166957855,,,,,,,,0.0078125,0.6910585165023804,0.10448482891736055,0.004473908294952737,1.364676594734192
19365888,4583.965676846012,0.0517323869321723,0.403076171875,,,,,,,,0.0,0.7447537183761597,0.1398332100019155,0.0037167876263581485,15.35332202911377
19374080,4585.091485726007,0.09807180911630553,0.40947267413139343,,,,,,,,0.0078125,0.7836771011352539,0.11049613314702705,0.0273510444359375,0.3813222050666809
19382272,4586.014333141007,0.042354774037652525,0.38548585772514343,,,,,,,,0.0,0.701965868473053,0.16352075170926414,0.007742459164576812,1.833734154701233
19390464,4586.93912899401,0.03793429007344844,0.3605590760707855,,,,,,,,0.0,0.791366696357727,0.12630624023557266,0.00498974448913124,0.05551885440945625
19398656,4587.891589845996,0.02843177267952072,0.30668947100639343,0.0008743503944710351,0.11804708477966303,0.11635880497964196,333,258.89994348082257,49.35,nan,0.0078125,0.7538435459136963,0.1115512752444157,-0.0002820890861177518,0.05665283277630806
19406848,4589.598122244992,0.025824696408037758,0.28447267413139343,,,,,,,,0.0,0.7394840717315674,0.14988628388670544,-0.0001118507928245905,0.03705044463276863
19415040,4590.766831376997,0.02672259441938514,0.2977539002895355,,,,,,,,0.0,0.8429346084594727,0.10947641504127037,-0.0002986091546893337,0.053190506994724274
19423232,4591.939954748988,0.027575811877412162,0.30424806475639343,,,,,,,,0.0078125,0.6937097311019897,0.10930247431061785,0.0011960280688532309,0.23441918194293976
19431424,4593.035276726994,0.18330265980286597,0.3079467713832855,,,,,,,,0.0,0.745396614074707,0.13232679124878105,-0.008237052068003506,8.891752243041992
19439616,4594.1430968919885,0.6431876769131333,0.31370851397514343,,,,,,,,0.0078125,0.7291954755783081,0.10734691961209335,-0.007447395593174428,0.5678321123123169
19447808,4595.277450176014,0.02751475931801077,0.30567628145217896,,,,,,,,0.0,0.7214232683181763,0.15259445685716488,0.0012518027731212766,0.06774023920297623
19456000,4596.3673869380145,0.0307231411061237,0.3177490234375,,,,,,,,0.0,0.8244242668151855,0.11100354516526595,0.0017206609413712185,0.1284027099609375
19464192,4597.514457882004,0.030602322789028913,0.32122802734375,0.0006258639101910379,0.10981162877365674,0.10689015673276248,333,263.2996503141961,49.35,nan,0.0078125,0.7307811975479126,0.1017453140919366,-0.0021625065424368366,0.3097093999385834
19472384,4599.2412179390085,0.030338225769733343,0.31689453125,,,,,,,,0.0,0.7634127140045166,0.13488217218319334,0.0012712004819298035,0.16699853539466858
19480576,4600.395280864992,0.029178827279086363,0.30634766817092896,,,,,,,,0.0078125,0.8331938982009888,0.09523307898648556,0.0003800213251568727,0.0567479245364666
19488768,4601.508860230009,0.026123102301903147,0.2926025390625,,,,,,,,0.0,0.7064474821090698,0.16079146842174957,0.001430557034496662,0.03664885088801384
19496960,4602.652758457989,0.12526904428677127,0.3558715879917145,,,,,,,,0.0,0.772383987903595,0.11586347839518249,-0.003507136893490661,12.219328880310059
19505152,4603.720428157016,0.3017725300784285,0.2728637754917145,,,,,,,,0.0078125,0.6993690133094788,0.09969293768254323,-0.020558330603399063,1.68193781375885
19513344,4604.658208781009,0.044234384300085056,0.3228515684604645,,,,,,,,0.0,0.7401489615440369,0.13930278712577462,-0.002150996005902621,9.300621032714844
19521536,4605.597427336994,0.6050207776077365,0.3343749940395355,,,,,,,,0.0,0.7467304468154907,0.09264410297731138,-0.010273516575748055,18.35455894470215
19529728,4606.533773302013,0.048919502050014524,0.3622070252895355,0.0015637749150840818,0.11091801768241018,0.10843392615468511,333,263.24271752154846,49.35,nan,0.0078125,0.693081259727478,0.08794465818903485,0.011921928217376095,0.2092972844839096
19537920,4608.149808760994,0.04205672718940959,0.33800050616264343,,,,,,,,0.0,0.7709717154502869,0.1127236835749064,-0.006591934785298326,26.521448135375977
19546112,4609.3123249300115,0.17557320089675868,0.39240723848342896,,,,,,,,0.0078125,0.7012372016906738,0.09263619151452301,0.013714197350936092,11.819907188415527
19554304,4610.530122589,0.045879122217743644,0.34180909395217896,,,,,,,,0.0,0.7095010280609131,0.15339176735758034,0.0009460084758318477,11.67247200012207
19562496,4611.623668106011,0.21249972218568636,0.3956054747104645,,,,,,,,0.0,0.7856271266937256,0.10903000552128517,0.11886742075059474,0.3117102086544037
19570688,4612.742822758009,0.08442805391283184,0.39703369140625,,,,,,,,0.0078125,0.7193701863288879,0.10458277055328503,0.00415906648855055,0.7931696772575378
19578880,4613.887363309012,0.06619995987442188,0.3771606385707855,,,,,,,,0.0,0.7454041242599487,0.13463028903460805,-0.00382782959403796,14.77304744720459
19587072,4614.985083111009,0.4142058224378957,0.34703370928764343,,,,,,,,0.0078125,0.7839422821998596,0.09971446632783655,-0.015884628789086027,1.752266764640808
19595264,4616.086387512012,0.03420446570037756,0.3407348692417145,0.0007084832856598666,0.11017898124356562,0.10806493153759944,333,262.2043127276498,49.35,nan,0.0,0.7037143707275391,0.16465299317748233,0.00460393554812413,0.055106550455093384
19603456,4617.748526117997,0.04762294515938323,0.3849121034145355,,,,,,,,0.0,0.7965987920761108,0.11922828693553042,0.0036600111425980028,6.47700834274292
19611648,4618.93609664301,0.05175380207060196,0.33787843585014343,,,,,,,,0.0078125,0.7497961521148682,0.10282845855215678,0.003923373174554955,0.38645508885383606
19619840,4620.135241509997,0.028389783867393322,0.30378419160842896,,,,,,,,0.0,0.7389628887176514,0.146086252714471,0.0010043197433859715,0.03659548610448837
19628032,4621.296786463994,0.028395101747077118,0.3121704161167145,,,,,,,,0.0,0.8445695638656616,0.10416097268710191,0.005101731693980444,0.04955849051475525
19636224,4622.479748585989,0.02524659273123503,0.28461915254592896,,,,,,,,0.0078125,0.696651041507721,0.10441339610594311,0.0014441402976140346,0.02241184189915657
19644416,4623.558761152002,0.0278409640944568,0.30577394366264343,,,,,,,,0.0,0.7795314788818359,0.12185832245434489,-0.0034478470122220484,0.10575606673955917
19652608,4624.515471871011,0.03162001750881962,0.3169921934604645,,,,,,,,0.0078125,0.7982394099235535,0.10196620135488418,0.0013022346839020463,0.03750833868980408
19660800,4625.484446552,0.023492971813592486,0.27604982256889343,0.001926599694301534,0.11119653471396726,0.10852512202479771,333,262.77879668242826,49.35,nan,0.0,0.720926821231842,0.15600113748029537,-0.0005329787939762843,0.019535114988684654
19668992,4626.877676739008,0.025316809523724473,0.28563234210014343,,,,,,,,0.0,0.8269118070602417,0.1108460179612583,-0.0012949658094217522,0.037042658776044846
19677184,4627.97208632101,0.04200148468863371,0.2712646424770355,,,,,,,,0.0078125,0.7318685054779053,0.10636251203650117,-0.005497944520336216,0.07459073513746262
19685376,4629.15161286699,0.02504722720782563,0.2816162109375,,,,,,,,0.0,0.7578226923942566,0.13848758645437012,-0.0037877022599548276,0.025642765685915947
19693568,4630.35821279799,0.04210595751025062,0.34632569551467896,,,,,,,,0.0078125,0.8192936778068542,0.10543691623778506,-0.0023552042123060344,1.7189686298370361
19701760,4631.581051612011,0.02411435383000692,0.27899169921875,,,,,,,,0.0,0.7020089626312256,0.16857369811540415,0.0008200804147119045,0.057163357734680176
19709952,4632.765777146007,0.027123669855120616,0.29237061738967896,,,,,,,,0.0,0.798199474811554,0.12318096823910678,0.003849005996670186,0.08323287963867188
19718144,4633.8442525420105,0.12946308661003547,0.2911376953125,,,,,,,,0.0078125,0.7515122890472412,0.10597016483332342,-0.010768032604616324,0.7765983939170837
19726336,4634.970764995989,0.027786961874216223,0.30406495928764343,0.0014311754143805366,0.1186791167635517,0.11602223447206277,333,259.1115934135555,49.35,nan,0.0,0.7366189360618591,0.1480537420855565,-1.9499187266731108e-05,0.07491479814052582
19734528,4636.581326140993,0.03045752561077727,0.3158325254917145,,,,,,,,0.0,0.8379229307174683,0.10820140002146447,0.0007580468129078412,0.04998130351305008
19742720,4637.669751468988,0.025900134793572928,0.28529053926467896,,,,,,,,0.0078125,0.6974565386772156,0.10201538278636887,-0.0013068253778288075,0.01737177185714245
19750912,4638.822967920016,0.027900940729188323,0.2995239198207855,,,,,,,,0.0,0.7790515422821045,0.12740789077362885,-0.002054856497495458,0.03260200843214989
19759104,4640.035421612003,0.026771671322339475,0.29570314288139343,,,,,,,,0.0078125,0.7986905574798584,0.10391718046033413,-0.0016164751041792954,0.030067024752497673
19767296,4641.242510795011,0.02328211241653229,0.27403566241264343,,,,,,,,0.0,0.716265082359314,0.16301357372563224,-0.0007041309858814457,0.016603006049990654
19775488,4642.43842613601,0.028152785070343606,0.3055664002895355,,,,,,,,0.0,0.813514232635498,0.11340859728856495,-0.0029082431927168516,0.028723860159516335
19783680,4643.433953674015,0.025220328815132934,0.26856690645217896,,,,,,,,0.0078125,0.7310624122619629,0.1052235594391449,-0.00392295063428818,0.01708555966615677
19791872,4644.387786445004,0.025416461003684512,0.28898927569389343,0.0011854477834605248,0.11581142782481488,0.11305470529175773,333,260.3318992041646,49.35,nan,0.0,0.7570458054542542,0.13765850978097105,-0.00301602430411913,0.01997964084148407
19800064,4645.75100319201,0.02722273082444492,0.29168701171875,,,,,,,,0.0078125,0.8303718566894531,0.1041560705654644,-1.2991759992639525e-05,0.037650395184755325
19808256,4646.813802568009,0.02383785130580876,0.28142091631889343,,,,,,,,0.0,0.7012709379196167,0.16643900189466723,-0.0038076393249862534,0.013680976815521717
19816448,4647.901770396013,0.029909552703687694,0.3139892518520355,,,,,,,,0.0,0.7966588139533997,0.11961361547386899,-0.0023099216280612974,0.033096738159656525
19824640,4649.030827140989,0.02541581394092703,0.28251954913139343,,,,,,,,0.0078125,0.7648908495903015,0.10174592321133011,-0.0040193002423104,0.051645226776599884
19832832,4650.202895160997,0.025001690382195508,0.28521728515625,,,,,,,,0.0,0.7363249063491821,0.1439615119511472,-0.0009198134316604125,0.017704147845506668
19841024,4651.336614210013,0.05846093313568897,0.350341796875,,,,,,,,0.0,0.8227208852767944,0.1028034464758345,-0.006571575079387382,3.10147762298584
19849216,4652.450283876009,0.04736980476554706,0.2751220762729645,,,,,,,,0.0078125,0.6934717893600464,0.11027739643518769,-0.00241228390013764,0.15021507441997528
19857408,4653.615313135,0.03265455326766211,0.3189453184604645,0.0018750091421714243,0.11624479213246554,0.11338194542405015,333,260.543451569062,49.35,nan,0.0,0.7750804424285889,0.12242403252177597,0.0024442615050141395,0.10449985414743423
19865600,4655.341537228,0.09867897284572757,0.30279541015625,,,,,,,,0.0078125,0.7891616821289062,0.09991975024103587,-0.006922712272828421,0.7326628565788269
19873792,4656.507517827995,0.025420703522531854,0.29096680879592896,,,,,,,,0.0,0.716015100479126,0.1556659350984338,0.0006005674237513565,0.018788689747452736
19881984,4657.645562726015,0.029563530751537906,0.31385499238967896,,,,,,,,0.0,0.8157792091369629,0.10546303018693268,0.0011492638777223572,0.09786874800920486
19890176,4658.715867911,0.02664911943231897,0.28911134600639343,,,,,,,,0.0078125,0.7338366508483887,0.10006896611892073,-0.0017525732785047391,0.029512321576476097
19898368,4659.868435728014,0.02825524099723117,0.30085450410842896,,,,,,,,0.0,0.7563379406929016,0.13931529866506812,-0.002995952763757446,0.023282937705516815
19906560,4661.0081521719985,0.1685677420657911,0.280029296875,,,,,,,,0.0078125,0.7988991141319275,0.10321500584923853,-0.010646879003116286,3.5938947200775146
19914752,4662.180651497998,0.025039953066629046,0.28485107421875,,,,,,,,0.0,0.7025636434555054,0.16724306352344906,0.0018380513980333737,0.031007571145892143
19922944,4663.212307606998,0.25496892919542874,0.31440430879592896,0.0008254873650593852,0.10821224781836913,0.10595843213679461,333,263.04727439471293,49.2,nan,0.0,0.7532148957252502,0.12282255384289437,-0.007684670975882726,13.510446548461914
19931136,4664.592433473008,0.1065531958669642,0.30865478515625,,,,,,,,0.0078125,0.7190175652503967,0.10298825097210496,0.0058570039861450904,1.0839923620224
19939328,4665.519096281991,0.03434014537336144,0.33970949053764343,,,,,,,,0.0,0.7371922731399536,0.14511976980495025,0.0008389728260334673,0.3517814576625824
19947520,4666.581667104008,0.03685084650870581,0.35059815645217896,,,,,,,,0.0,0.8471099734306335,0.10469749437352624,0.0029882256801641452,0.11006498336791992
19955712,4667.741631401994,0.025261823875175574,0.27985841035842896,,,,,,,,0.0078125,0.7020646333694458,0.10354030079566061,-0.0030704167209731196,0.05000114068388939
19963904,4668.866039223009,0.038722502714977625,0.3468261659145355,,,,,,,,0.0,0.7821201086044312,0.12375325691258676,-0.0015379917489526428,3.969133138656616
19972096,4670.075334149995,0.09628322169322837,0.29407960176467896,,,,,,,,0.0078125,0.7898743152618408,0.10118132547344269,0.001586664697362772,0.4066237509250641
19980288,4671.124252751004,0.036634698132132056,0.3498168885707855,,,,,,,,0.0,0.7200100421905518,0.1575270613742576,0.002675924349328726,0.31649476289749146
19988480,4672.292815371999,0.04866440705081046,0.34333497285842896,0.0007883498785712373,0.10497787428827733,0.10248011570022188,333,264.249630764962,49.35,nan,0.0,0.8042221069335938,0.1073554129896308,0.007513621394547074,7.709500312805176
19996672,4674.052128543,0.052070280645635715,0.3083862364292145,0.0006725066815485015,0.10895588621191793,0.10690686468026213,333,262.74391365025417,49.5,nan,0.0078125,0.7317696809768677,0.09573973167946863,-0.005985669311061162,0.13654761016368866
