step,wall,approx_kl,clip_frac,eval_1mU_at_best,eval_JT_end,eval_JT_min,eval_len,eval_return,eval_t_JT_min,eval_t_first_PE,frac_done,mean_reward,min_JT,pg_loss,v_loss
8192,5.150510676001431,0.00822893391662415,0.11072998493909836,,,,,,,,0.0,-0.5840671062469482,0.1488256277122948,-0.01797865439225968,49.69565963745117
16384,6.039289328997256,0.009016882224957513,0.12493896484375,,,,,,,,0.0,-0.5065509080886841,0.11214438776818211,-0.018725757431938918,19.181175231933594
24576,6.86059902200941,0.00870355697558173,0.11361084133386612,,,,,,,,0.0078125,-0.3180871307849884,0.16743524307804267,-0.016838822629216467,20.718488693237305
32768,7.6709226639941335,0.010657612811548213,0.14191894233226776,,,,,,,,0.0,-0.2329043745994568,0.16982926461246506,-0.021104508297749097,10.195732116699219
40960,8.621882736013504,0.009024386855162936,0.10960693657398224,,,,,,,,0.0,-0.19339844584465027,0.15309594641187582,-0.016457346149766346,8.90050983428955
49152,10.127962268015835,0.006857215778512964,0.07608642429113388,,,,,,,,0.0078125,-0.0017047054134309292,0.1724909150398451,-0.01232509493379555,10.506929397583008
57344,11.498142343014479,0.007858967501247476,0.09577637165784836,,,,,,,,0.0,-0.06053093075752258,0.16566320619563063,-0.012925846865676938,6.678112983703613
65536,12.494107753009303,0.0072415391923201095,0.0816650390625,0.0005058292194215497,0.21555560151019343,0.21316724320514413,333,218.93859918717013,43.35,nan,0.0078125,-0.018835950642824173,0.1697601722198081,-0.012093485090350718,6.059604167938232
73728,15.15306558899465,0.006521230777562806,0.07115478813648224,,,,,,,,0.0,0.1360611468553543,0.1545229854751326,-0.00896498847954349,8.287089347839355
81920,16.109827114007203,0.005960613015325698,0.06585693359375,,,,,,,,0.0,0.05451924726366997,0.16570663213465706,-0.008758536233172808,6.105848789215088
90112,17.409055607015034,0.006299221756701607,0.06517334282398224,,,,,,,,0.0078125,0.1867130696773529,0.11540580883455731,-0.007987512202011483,6.4327263832092285
98304,18.439775106002344,0.005841891824415208,0.05648193508386612,,,,,,,,0.0,0.15192674100399017,0.13545956285678068,-0.007230553438547293,7.104849338531494
106496,19.41435361900949,0.006301728826834236,0.06204834207892418,,,,,,,,0.0,0.1029302179813385,0.14890734490427165,-0.00837730186673829,4.745927333831787
114688,20.400862828013487,0.005822419323491422,0.06297607719898224,,,,,,,,0.0078125,0.2873230278491974,0.1770200777886694,-0.005847772514965198,6.0826640129089355
122880,21.322997550014406,0.005822859071397757,0.06296386569738388,,,,,,,,0.0,0.1812957227230072,0.09819609523644614,-0.006808433580411432,5.206305027008057
131072,22.304649386001984,0.005692023759848772,0.06026611477136612,0.0008395004652618221,0.21622735822764622,0.21232418876777914,333,218.88540697162608,44.7,nan,0.0078125,0.25868695974349976,0.1380014418750503,-0.008098372832476568,5.758797645568848
139264,23.340239762008423,0.006353334831953339,0.07099609822034836,,,,,,,,0.0,0.30252760648727417,0.17110812918362917,-0.006231640409577724,5.410912990570068
147456,24.321949612000026,0.006792186349110357,0.07535400241613388,,,,,,,,0.0,0.230857253074646,0.18280117992257588,-0.008614042706130273,4.046696662902832
155648,25.268139203020837,0.005303865139810378,0.05537109449505806,,,,,,,,0.0078125,0.3564838767051697,0.18713087033320863,-0.0050780461706819244,4.623167514801025
163840,26.198087138007395,0.005119749269260704,0.05301513895392418,,,,,,,,0.0,0.3274986743927002,0.12080819704215985,-0.006102445556392132,4.309652328491211
172032,27.1702904770209,0.004999088421345534,0.05277099832892418,,,,,,,,0.0078125,0.30735450983047485,0.10400914824882927,-0.0050069848703104235,5.849954128265381
180224,28.12532050302252,0.0074238688618572,0.08315429836511612,,,,,,,,0.0,0.39407089352607727,0.166165810226845,-0.007381441543774657,3.0786991119384766
188416,29.055056765995687,0.006823580770722507,0.07822265475988388,,,,,,,,0.0,0.3314920961856842,0.13482216758990861,-0.009145339808706496,3.478804111480713
196608,30.008803161006654,0.005273917722410639,0.05438232421875,0.0004331283597773794,0.21274064330182135,0.21069907237448446,333,219.625203148077,49.650000000000006,nan,0.0078125,0.4132351279258728,0.19043777225852696,-0.0061674018427302565,4.9446702003479
204800,31.066813130019,0.005028735983059459,0.05058593675494194,,,,,,,,0.0,0.3908752501010895,0.16945241738000222,-0.00617717557185888,3.80399489402771
212992,32.04445967299398,0.005738768661790075,0.0654296875,,,,,,,,0.0,0.3393459916114807,0.15189414592207123,-0.006678254778509979,3.692878007888794
221184,32.998752019018866,0.005729757945030906,0.06292724609375,,,,,,,,0.0078125,0.4641168713569641,0.1714289212870701,-0.005961360037667863,4.608462333679199
229376,33.94029175300966,0.005929936601481868,0.06605225056409836,,,,,,,,0.0,0.38469138741493225,0.17318998115728124,-0.006858782174823977,4.039162635803223
237568,34.901989136007614,0.005774206402176622,0.06662597507238388,,,,,,,,0.0078125,0.43086138367652893,0.13924757705023735,-0.0063610106494755535,4.849469184875488
245760,35.85916573400027,0.007080505716771316,0.08155518025159836,,,,,,,,0.0,0.4732854962348938,0.1697082398131174,-0.005441508579219251,2.059422016143799
253952,36.83150096400641,0.00535657568760181,0.0576171875,,,,,,,,0.0,0.40639933943748474,0.15164980783440477,-0.005071109595316682,3.5199806690216064
262144,38.0121464820113,0.006686024873698859,0.08189697563648224,0.0010840852552298497,0.2132514186341227,0.21027337485239497,333,219.49300760267957,49.5,nan,0.0078125,0.49376946687698364,0.15134867070778238,-0.007184024145044735,2.925891637802124
270336,39.17122408101568,0.006895606427209183,0.07952880859375,,,,,,,,0.0,0.4800698161125183,0.17481995042902176,-0.005455275913463105,2.407911539077759
278528,40.11404496099567,0.005994720278852174,0.07094726711511612,,,,,,,,0.0078125,0.46739187836647034,0.14214140524974925,-0.003786462565869394,4.169365882873535
286720,41.09145534099662,0.006905228656726802,0.08571777492761612,,,,,,,,0.0,0.5289993286132812,0.19081888139882106,-0.004180438529388837,1.462921142578125
294912,42.0289494030003,0.005394019915758743,0.059326171875,,,,,,,,0.0,0.4769153594970703,0.15703242000501533,-0.005180430002085668,2.4264895915985107
303104,43.01583362399833,0.004950926848461035,0.05101318284869194,,,,,,,,0.0078125,0.518220067024231,0.15736717407386905,-0.004376112832210491,2.2590672969818115
311296,44.00061178399483,0.006843275780743738,0.08195801079273224,,,,,,,,0.0,0.5192435383796692,0.18387526827607217,-0.004637125842982582,1.7739711999893188
319488,44.954924268007744,0.006005335057784307,0.06770019978284836,,,,,,,,0.0,0.4824153184890747,0.11613319320557997,-0.006561626928865572,2.3137366771698
327680,45.98957388300914,0.007209959160801207,0.08747559040784836,0.00019322422479417511,0.21390605990468248,0.21121734244375215,333,219.45557858791182,41.400000000000006,nan,0.0078125,0.5731641054153442,0.18230011437105254,-0.004572276707366695,1.1971908807754517
335872,47.05050999499508,0.004726105264025436,0.04715576395392418,,,,,,,,0.0,0.5299720764160156,0.1757515916316835,-0.0027241966874696926,1.7869840860366821
344064,48.05767888401169,0.006474838189864738,0.07977294921875,,,,,,,,0.0078125,0.5449252128601074,0.164737713217894,-0.005286275168642161,1.1470082998275757
352256,49.167871448997175,0.006656616641227112,0.07844238728284836,,,,,,,,0.0,0.5590578317642212,0.1822340535222812,-0.0038800946898665603,1.7189384698867798
360448,50.24307695199968,0.006266401133982378,0.07443847507238388,,,,,,,,0.0,0.5372306108474731,0.14620078732816313,-0.004309266381343374,1.7222778797149658
368640,51.257924489007564,0.00686202308712229,0.08182372897863388,,,,,,,,0.0078125,0.5779296159744263,0.16140558865707777,-0.005823534738439238,1.1001054048538208
376832,52.25714738300303,0.006419143458993529,0.07703857868909836,,,,,,,,0.0,0.5601414442062378,0.19329039200240064,-0.005030854342544244,1.5628598928451538
385024,53.6100806290051,0.00690366911353309,0.0869140625,,,,,,,,0.0078125,0.5542106032371521,0.150655669790739,-0.0032419366850189968,1.2244668006896973
393216,54.6172299280006,0.008186002066445838,0.10389404743909836,0.0006197324001432358,0.21103941928442144,0.20795090508632863,333,220.63154496289357,49.5,nan,0.0,0.5946020483970642,0.19351652949639725,-0.004228231571937653,0.8098832964897156
401408,55.733440761017846,0.00634512100206906,0.07565917819738388,,,,,,,,0.0,0.5776069164276123,0.1328280245556756,-0.006380850546098599,1.485313057899475
409600,56.82776685801218,0.006282978018247634,0.07552490383386612,,,,,,,,0.0078125,0.5970504283905029,0.13788534540679412,-0.0043617474138758425,0.7687079310417175
417792,57.85355403702124,0.008245973148013517,0.10612793266773224,,,,,,,,0.0,0.5901505947113037,0.1629387272579011,-0.0030883066626456093,0.9852859377861023
425984,58.8871521630208,0.006557844347133266,0.08176269382238388,,,,,,,,0.0,0.5870033502578735,0.11334583015587091,-0.004445072867519335,0.85273677110672
434176,59.86190084699774,0.0078520540805935,0.10102539509534836,,,,,,,,0.0078125,0.6127738356590271,0.12402805159353689,-0.0025688501790906274,0.4812942445278168
442368,60.81334704501205,0.006902019571334713,0.08416748046875,,,,,,,,0.0,0.5972603559494019,0.17406638765790805,-0.003915483657905449,0.7396302819252014
450560,61.77290584600996,0.007542843785724985,0.09372558444738388,,,,,,,,0.0078125,0.6078946590423584,0.16765105684886072,-0.00435172548616707,0.37201640009880066
458752,62.69585102901328,0.007362352457016355,0.09056396782398224,0.000878048398565423,0.21463618979825977,0.21193972530608557,333,219.72488181522382,49.35,nan,0.0,0.6142606735229492,0.1819440255625142,-0.0025474956965311902,0.596716582775116
466944,63.747349904006114,0.006625875341476598,0.08066406100988388,,,,,,,,0.0,0.6074853539466858,0.14102946350461187,-0.005796080821919428,1.09927499294281
475136,64.72149530099705,0.00656861149322744,0.07991943508386612,,,,,,,,0.0078125,0.6223277449607849,0.13507630382946706,-0.0045528923706180625,0.44634661078453064
483328,65.74052260399912,0.00875480735303528,0.11539306491613388,,,,,,,,0.0,0.6080176830291748,0.18147316654467835,-0.0011077986597255464,0.8105594515800476
491520,66.72608690301422,0.006695958049993342,0.08024902641773224,,,,,,,,0.0078125,0.6218743920326233,0.14464419490806074,-0.006920114470990307,0.7403720021247864
499712,67.65410703601083,0.009170086963275799,0.12198486179113388,,,,,,,,0.0,0.6180019378662109,0.1926876096234215,-0.0018970921995514662,0.5576462149620056
507904,68.64366081700427,0.006597542961051989,0.08065185695886612,,,,,,,,0.0,0.613476037979126,0.1582789373133792,-0.004796495483689985,1.0277646780014038
516096,69.57279502801248,0.006933308714225584,0.0858154296875,,,,,,,,0.0078125,0.6302352547645569,0.15353106797533705,-0.005975333458640975,0.2583948075771332
524288,70.51309864700306,0.007397395319415476,0.09256591647863388,0.0008930508983611141,0.2140634602072445,0.2111632613427236,333,219.7361613280179,49.5,nan,0.0,0.6250457167625427,0.18130042128811855,-0.0013976398602009055,0.3714083731174469
532480,71.57571300701238,0.00633323003441556,0.07825928181409836,,,,,,,,0.0,0.6343483328819275,0.16144662759818645,-0.0041222447180956565,0.50151127576828
540672,72.57582692900905,0.009334169948575213,0.12127685546875,,,,,,,,0.0078125,0.6311547756195068,0.16384154001403614,-0.003305406633131116,0.18428456783294678
548864,73.50618525600294,0.00742717194438422,0.09468994289636612,,,,,,,,0.0,0.6279560923576355,0.17174291085665164,-0.005065342331493666,0.2933894097805023
557056,74.46426985302242,0.007231279939717532,0.0908203125,,,,,,,,0.0078125,0.6347819566726685,0.15276320503213686,-0.006926087161847569,0.30839091539382935
565248,75.3864208930172,0.007804140786665338,0.09959717094898224,,,,,,,,0.0,0.6314354538917542,0.19937837577586187,-0.0032072408360310257,0.1859952211380005
573440,76.35556893900502,0.00775693132974636,0.0975341796875,,,,,,,,0.0,0.6328144669532776,0.170338013651372,-0.004602798998771949,0.6963621973991394
581632,77.31457776401658,0.00741888796295063,0.09040527790784836,,,,,,,,0.0078125,0.6397616863250732,0.13450564641286705,-0.0036536744417435653,0.13849575817584991
589824,78.25281292799627,0.010284263830717986,0.13518066704273224,0.0009045729901799859,0.21439323303093388,0.21175174176734654,333,219.5475776856037,49.2,nan,0.0,0.6372390389442444,0.19458022523229057,-0.0020690790377043793,0.21130339801311493
598016,79.27884326601634,0.007283560384363949,0.09337158501148224,,,,,,,,0.0078125,0.6507030129432678,0.15904191734841092,-0.0031622378822598997,0.15327517688274384
606208,80.21116588101722,0.008996160424399524,0.115478515625,,,,,,,,0.0,0.6385332942008972,0.19385078450679064,-0.0035690274527387864,0.08688471466302872
614400,81.17910644199583,0.008700623262368982,0.11578369140625,,,,,,,,0.0,0.6465974450111389,0.15104948379744215,-0.004840439379704771,0.1449592113494873
622592,82.09559211099986,0.00854001427726997,0.11080322414636612,,,,,,,,0.0078125,0.6480790376663208,0.14051819808247976,-0.004062164237619329,0.11377876251935959
630784,83.07094986501033,0.009667235376441574,0.12600098550319672,,,,,,,,0.0,0.6413525938987732,0.19619711461102685,-0.0008255045171719775,0.10072338581085205
638976,84.02263777999906,0.007042118600601466,0.08955078572034836,,,,,,,,0.0,0.6509777307510376,0.1707696848710231,-0.001447034278262119,0.12854456901550293
647168,84.97794494501431,0.009967139003389393,0.12908935546875,,,,,,,,0.0078125,0.6467148065567017,0.17200424028552894,-0.0033555001488376514,0.040632378309965134
655360,85.90837031500996,0.009422667822643569,0.12702636420726776,0.0007938497096154906,0.2126291038740964,0.20970463252195723,333,220.30141186798957,49.35,nan,0.0,0.651104748249054,0.19221113751959726,-0.0005743795638253499,0.057868678122758865
663552,86.93517955901916,0.008463416429125856,0.10860595852136612,,,,,,,,0.0078125,0.6572145223617554,0.1788604957932852,-0.0018507941550078974,0.05064881965517998
671744,87.91271535801934,0.008407549408979016,0.10793457180261612,,,,,,,,0.0,0.6476477384567261,0.19382408920337607,-0.001661624989933861,0.0376683846116066
679936,88.84172091400251,0.008976064529331943,0.12122803181409836,,,,,,,,0.0,0.6582541465759277,0.1690920402922836,-0.0042157368050653315,0.08923166245222092
688128,89.79063740500715,0.009684017794850446,0.12861327826976776,,,,,,,,0.0078125,0.6527534127235413,0.16535155329440127,-0.0013659458428845407,0.033221375197172165
696320,90.7327844889951,0.008544342085457525,0.11026611179113388,,,,,,,,0.0,0.652424156665802,0.1950115623914154,-0.0013433934778234924,0.04671008512377739
704512,91.67327058099909,0.008048052143756215,0.10397949069738388,,,,,,,,0.0078125,0.663615345954895,0.17979207596872243,-0.0014946267559661297,0.0671132430434227
712704,92.61399241999607,0.009898437032823545,0.13052979111671448,,,,,,,,0.0,0.6506891250610352,0.2047411139988672,-0.00046624053986571803,0.019589802250266075
720896,93.54746953301947,0.00883930895573455,0.11868896335363388,0.0009807056068128484,0.20876528882482065,0.2063259453179937,333,221.35324982081204,49.35,nan,0.0,0.6587920188903809,0.1831937335381768,0.0008007404270424226,0.044084396213293076
729088,94.56257986201672,0.007464150569547582,0.09501953423023224,,,,,,,,0.0078125,0.6584402918815613,0.1740462471649337,-0.0002943764607887381,0.03287922963500023
737280,95.54257455602055,0.010349731758160235,0.13514403998851776,,,,,,,,0.0,0.6542884111404419,0.197203734833136,-0.0011596964128375493,0.02033466100692749
745472,96.48496908301604,0.007228493336411919,0.09243164211511612,,,,,,,,0.0,0.6674651503562927,0.15607316492644877,-0.0008568746475219153,0.06711158901453018
753664,97.41832449199865,0.011115830237432395,0.15187989175319672,,,,,,,,0.0078125,0.6545652151107788,0.15680572789744907,0.0001795824243685915,0.0154028981924057
761856,98.36589130602079,0.008916749440013154,0.11899413913488388,,,,,,,,0.0,0.6626304388046265,0.1921675617195397,-5.853656338438982e-05,0.030686918646097183
770048,99.30499914402026,0.010107774067394422,0.1229248046875,,,,,,,,0.0078125,0.6595884561538696,0.15986874736636233,-0.004266579866725055,0.7984063029289246
778240,100.25373635502183,0.009311159806753112,0.12301025539636612,,,,,,,,0.0,0.6555581092834473,0.2004112784217343,-0.0010310051528226378,0.026959074661135674
786432,101.18837218201952,0.009641163935678564,0.12730713188648224,0.0010778142993070894,0.20329600634902448,0.20099316051853627,333,222.68420708012385,49.35,nan,0.0,0.6697571873664856,0.17086770329707934,0.0007304965656211582,0.08162577450275421
794624,102.25459575999412,0.00983982849276707,0.13245849311351776,,,,,,,,0.0078125,0.6613313555717468,0.15877532680041723,-0.0027541587671412095,0.03567436337471008
802816,103.20051026300644,0.010310747092264911,0.13671875,,,,,,,,0.0,0.660189688205719,0.19304374427911256,-0.0018683723148246881,0.020945435389876366
811008,104.14528183001676,0.009114749355439308,0.12232666462659836,,,,,,,,0.0078125,0.6741499900817871,0.16482820278325233,0.0003869064354212,0.07771657407283783
819200,105.06071124199661,0.010538985595693379,0.142333984375,,,,,,,,0.0,0.6571081280708313,0.20126515655744143,0.001860819255691278,0.008449648506939411
827392,105.96266614101478,0.010365308246553268,0.13341064751148224,,,,,,,,0.0,0.6715697050094604,0.17123471808185448,0.0019637645527900566,0.05217795446515083
835584,106.95244113600347,0.009427916037292157,0.11920166015625,,,,,,,,0.0078125,0.6641303896903992,0.15669993805830873,-0.003957722564867866,0.7952052354812622
843776,107.90481360000558,0.010798317985988147,0.14154052734375,,,,,,,,0.0,0.66086745262146,0.1941941827624784,0.0020528677132163947,0.03318373113870621
851968,108.83926552999765,0.008761621009218595,0.1033935546875,0.00043477794141755233,0.1968751188783567,0.19419068867408718,333,224.47085137261843,49.5,nan,0.0,0.655980110168457,0.16347555690877597,-0.005378487233039925,2.663403272628784
860160,109.87853205500869,0.010078911893904856,0.13703612983226776,,,,,,,,0.0078125,0.6540940999984741,0.16174473498662406,-0.0023725388018559905,0.11687222868204117
868352,110.82117256801575,0.012969081392624128,0.16767577826976776,,,,,,,,0.0,0.6656361222267151,0.16748579752622644,-0.0020828358306003132,1.7228624820709229
876544,111.77194968101685,0.00811139589216615,0.09965820610523224,,,,,,,,0.0078125,0.6650156378746033,0.16295652647788503,-0.0024509406156806536,1.2193387746810913
884736,112.70286066702101,0.012962826408052786,0.173095703125,,,,,,,,0.0,0.6593986749649048,0.19939704597529687,0.0024540781643836314,0.05913829430937767
892928,113.6307722950005,0.010736088001813835,0.14527587592601776,,,,,,,,0.0,0.6776905655860901,0.17431743664782,0.0005096769905416511,0.15172342956066132
901120,114.62626464100322,0.009864629616341311,0.12993164360523224,,,,,,,,0.0078125,0.6657736301422119,0.16118708620351002,-0.0004703140830867277,0.06501676142215729
909312,115.56676042400068,0.012657985941573652,0.17008057236671448,,,,,,,,0.0,0.6645981073379517,0.19284512597351156,0.0018764112932147172,0.03200344368815422
917504,116.4936310799967,0.00997082384962603,0.13177490234375,0.0008980792370790747,0.19520070018700433,0.19276131180728853,333,225.04058394774492,49.35,nan,0.0078125,0.6800128817558289,0.17376305700806874,-0.0006634321283637208,0.061347853392362595
925696,117.51801406100276,0.01133791618039128,0.14591065049171448,,,,,,,,0.0,0.6591401100158691,0.20400004505045088,0.0024232467205963534,0.009941326454281807
933888,118.44255722800153,0.010032927332235708,0.13559570908546448,,,,,,,,0.0,0.6759196519851685,0.18470004369114962,0.00047140414825020305,0.043328411877155304
942080,119.39230771100847,0.010105359607249113,0.13494873046875,,,,,,,,0.0078125,0.6759929060935974,0.16970509170699155,-0.0005442372124842799,0.03365258499979973
950272,120.30694929099991,0.012697293693282586,0.1669921875,,,,,,,,0.0,0.6655425429344177,0.19364914057913346,0.0009337876172015331,0.013422824442386627
958464,121.2452858860197,0.009594573011894801,0.12716065347194672,,,,,,,,0.0,0.6887602806091309,0.15732602426201506,-0.0006070887078029676,0.10257583856582642
966656,122.21488577101263,0.010578465905572931,0.13669434189796448,,,,,,,,0.0078125,0.6612375378608704,0.17356780539440417,-0.0009764052280816357,0.0404709167778492
974848,123.1384121220035,0.010794679497919431,0.14289550483226776,,,,,,,,0.0,0.6764141917228699,0.1815506240331096,0.0006471450513082514,0.022149018943309784
983040,124.06757233600365,0.008873712356354818,0.1168212890625,0.00043760821909644143,0.19086047036521037,0.18905284365827996,333,226.2618104789291,49.35,nan,0.0078125,0.6859486103057861,0.14501134830907153,0.00040881517978520244,0.04121202602982521
991232,125.07845883301343,0.012060434838821374,0.16278076171875,,,,,,,,0.0,0.6644927263259888,0.19809375103395577,-0.0011683351157397782,0.008111345581710339
999424,126.04096188800759,0.00963036555089552,0.12943115830421448,,,,,,,,0.0,0.688164472579956,0.17878569426463228,-0.0006362911538731097,0.05129779502749443
1007616,126.96436737201293,0.01145082605562231,0.1533203125,,,,,,,,0.0078125,0.672248899936676,0.17132599911526217,-0.00038681284401311135,0.028618648648262024
1015808,127.90263317900826,0.011436919530717227,0.15434570610523224,,,,,,,,0.0,0.6753905415534973,0.18925567836141427,0.0004912299979944254,0.016398603096604347
1024000,128.84561365100672,0.01113849886272477,0.14781494438648224,,,,,,,,0.0078125,0.6977322101593018,0.16132863623722032,0.0010911841338958142,0.04351752623915672
1032192,129.7867636840092,0.01171385198060055,0.15504150092601776,,,,,,,,0.0,0.6640660166740417,0.19890879614797288,0.0015370494206292955,0.005540050100535154
1040384,130.70774187200004,0.012503661186129273,0.16414795815944672,,,,,,,,0.0,0.6908873915672302,0.16563552207746243,0.002882248026861755,0.029924942180514336
1048576,131.76742226199713,0.013579741060241679,0.14559327065944672,0.0003081272165806892,0.18200359766072113,0.17965986167381742,333,229.11695580163408,49.5,nan,0.0078125,0.6833910942077637,0.15465491587409655,-0.004134613535191682,0.5567241907119751
1056768,132.97084475899464,0.011712190809834898,0.15526123344898224,,,,,,,,0.0,0.6733722686767578,0.19196960138062943,0.0006334822863681742,0.01124943420290947
1064960,134.02326273699873,0.011944664847274826,0.16043701767921448,,,,,,,,0.0,0.7030165195465088,0.15461281819713935,-0.0015629241914463842,0.8468132019042969
1073152,135.03504824300762,0.011963816251197827,0.15904541313648224,,,,,,,,0.0078125,0.6650615930557251,0.15351885404429572,-0.0010903040858463342,0.03872162848711014
1081344,135.98613845501677,0.013851392471487315,0.18140868842601776,,,,,,,,0.0,0.6875762343406677,0.17999667341932155,0.005379716467096377,0.022865023463964462
1089536,136.96484876601608,0.012943159839179909,0.16713868081569672,,,,,,,,0.0078125,0.699522078037262,0.15211713216311043,0.0020894851452118945,0.045315053313970566
1097728,137.9283992210112,0.012754682262583326,0.16806641221046448,,,,,,,,0.0,0.6687681078910828,0.19362132829102996,-0.00035789087728597247,0.005301730241626501
1105920,138.8838160400046,0.011351672845643673,0.15107421576976776,,,,,,,,0.0,0.7008140087127686,0.15072661791124822,0.001808983942919169,0.046479564160108566
1114112,139.8209449959977,0.010098377211683713,0.12946777045726776,0.0012076249525735383,0.18091064208664398,0.17815245089872261,333,229.8171411728286,49.5,nan,0.0078125,0.677855372428894,0.1550064760727039,-0.0027031273573987374,0.19677145779132843
1122304,140.8701286459982,0.012094397341621245,0.15961913764476776,,,,,,,,0.0,0.6846626996994019,0.179843572598145,0.0029042958483081697,0.02420945279300213
1130496,141.82877357502002,0.01146098948074658,0.14899902045726776,,,,,,,,0.0078125,0.7117308974266052,0.14064153820431885,-0.0012891200189563091,0.7931835055351257
1138688,142.77039482601685,0.012668142331524712,0.17066650092601776,,,,,,,,0.0,0.6662739515304565,0.19742971541355306,0.002408334882993338,0.007474345620721579
1146880,143.6975603350147,0.012248358958107585,0.16063232719898224,,,,,,,,0.0,0.6984807848930359,0.17139361358136057,0.0026806068230167046,0.0634736716747284
1155072,144.67286733101355,0.013335998746200829,0.15299072861671448,,,,,,,,0.0078125,0.6875805854797363,0.15109392057339988,-0.004484131900391659,1.0183041095733643
1163264,145.6342628709972,0.013269288181355171,0.17803955078125,,,,,,,,0.0,0.6810079216957092,0.1835442753882496,0.003973599967676755,0.02410200610756874
1171456,146.53221433600993,0.016233569584476006,0.19575195014476776,,,,,,,,0.0,0.7037691473960876,0.14086149952708998,-0.0029120863882401704,3.314108371734619
1179648,147.46356666399515,0.013307883676479693,0.16260986030101776,0.001454131704271,0.17659868540544071,0.17422250787925697,333,231.1458979863241,49.5,nan,0.0078125,0.6607093214988708,0.1333021152859375,-0.001521267135091258,0.36256587505340576
1187840,148.51282494701445,0.012525363463332457,0.16572265326976776,,,,,,,,0.0,0.6934797763824463,0.17352376567418068,0.0033314930222785436,0.07606141269207001
1196032,149.45804447101546,0.013184609854268737,0.15968017280101776,,,,,,,,0.0078125,0.703309178352356,0.1513487050505739,0.0015381907318116812,0.8295722007751465
1204224,150.38070624199463,0.013261733358457093,0.17484131455421448,,,,,,,,0.0,0.6718870997428894,0.19280230730063203,0.0037868256320989988,0.013569970615208149
1212416,151.31084578801529,0.013376958735945228,0.17423096299171448,,,,,,,,0.0,0.7050607204437256,0.16084662571176334,0.0023468108279976947,0.07810928672552109
1220608,152.25771925100707,0.011784452401578023,0.15507812798023224,,,,,,,,0.0078125,0.6832025647163391,0.14877421424317397,0.001769200890006746,0.0405263714492321
1228800,153.2093055230216,0.013393186358585635,0.17707519233226776,,,,,,,,0.0,0.683455765247345,0.1833270978928446,0.003104367026918655,0.01240998599678278
1236992,154.14677726401715,0.010738762024886411,0.14632569253444672,,,,,,,,0.0078125,0.7111868858337402,0.16136107129952532,-0.0009365559888494182,0.0441749282181263
1245184,155.06446875800611,0.011821310877416932,0.15664063394069672,0.00033494571060832534,0.18206392558560897,0.18000524619682828,333,229.6775434165255,49.35,nan,0.0,0.6668661236763,0.2001897504483599,0.0029580368738668567,0.004230591002851725
1253376,156.1523850770027,0.011625648277258942,0.15585938096046448,,,,,,,,0.0,0.6950230002403259,0.17526627388061916,0.0022326358431235017,0.02421187423169613
1261568,157.09662024199497,0.013934594430259576,0.17637939751148224,,,,,,,,0.0078125,0.6921819448471069,0.15373770222631947,0.0040269990964320965,0.02728250063955784
1269760,158.02927760902094,0.012636711761927178,0.16683350503444672,,,,,,,,0.0,0.6779159307479858,0.18955669987738868,0.0029181007058553354,0.0070492359809577465
1277952,158.9561342880188,0.01001295070970355,0.13297119736671448,,,,,,,,0.0,0.7144272923469543,0.16070120781984137,0.00045791088775058063,0.05114847421646118
1286144,159.9126839840028,0.013283447405056242,0.17601318657398224,,,,,,,,0.0078125,0.6722760796546936,0.15295185485454357,-0.001999603057336223,0.015719816088676453
1294336,160.86000207701,0.013214634229347847,0.17176513373851776,,,,,,,,0.0,0.6940715312957764,0.1791214252082051,0.004648079988644488,0.01551773864775896
1302528,161.78892640699632,0.01179200547098927,0.15386962890625,,,,,,,,0.0078125,0.7103420495986938,0.1529676330073682,0.0015118163348279857,0.037601299583911896
1310720,162.77510516301845,0.011820531374453977,0.15902100503444672,0.000628400338155588,0.1715979850322451,0.16931964146729359,333,232.41115789681862,49.35,nan,0.0,0.6764667630195618,0.19064743998550368,0.003416444226891216,0.0062339650467038155
1318912,163.80957293100073,0.014871396855059477,0.18719482421875,,,,,,,,0.0,0.7134006023406982,0.1531313216176439,-0.0004935186717367577,0.8958024978637695
1327104,164.7682122620172,0.013826730476472305,0.16112060844898224,,,,,,,,0.0078125,0.679503321647644,0.14595268071929896,-0.0027630217497228537,0.5516723990440369
1335296,165.69989872601582,0.013243929268264698,0.17546387016773224,,,,,,,,0.0,0.6913484334945679,0.17589423589071482,0.003346621770945128,0.02728334441781044
1343488,166.63245461601764,0.01675636744697138,0.16666260361671448,,,,,,,,0.0078125,0.7008752822875977,0.1383503013709889,-0.003324695123601595,3.0966529846191406
1351680,167.5817074770166,0.01315704967883687,0.16942138969898224,,,,,,,,0.0,0.6705893874168396,0.1948344667040224,0.006418301349420551,0.014073893427848816
1359872,168.52905444800854,0.013616503642192718,0.18363037705421448,,,,,,,,0.0,0.7069674730300903,0.1555433102751301,0.0028495386325317943,0.07764490693807602
1368064,169.47459775401512,0.01185617600238986,0.15263672173023224,,,,,,,,0.0078125,0.6897168755531311,0.14275761376116372,-0.001364304639571684,1.8750832080841064
1376256,170.42014845300582,0.01282026965198947,0.17172852158546448,0.0005807452736691365,0.17529690305688486,0.1738727930948206,333,231.66537714523017,49.5,nan,0.0,0.6816571354866028,0.18836360350413908,0.002796699054628131,0.017187509685754776
1384448,171.46493302099407,0.011200746832354589,0.14697265625,,,,,,,,0.0,0.7216113209724426,0.13962512218838044,0.002589091435830377,0.1159772202372551
1392640,172.41726472700248,0.014439552969864884,0.18356934189796448,,,,,,,,0.0078125,0.6742668151855469,0.13587281856020286,0.000807777819115634,0.023197690024971962
1400832,173.38369723400683,0.013657069318813227,0.16945801675319672,,,,,,,,0.0,0.6963562965393066,0.17303645512975652,0.004816783110143977,0.03697898983955383
1409024,174.30061901299632,0.012831111873689639,0.16840820014476776,,,,,,,,0.0078125,0.7114598751068115,0.14430377892605056,0.002665624137498144,0.060517169535160065
1417216,175.2722076740174,0.012850330526690002,0.16560058295726776,,,,,,,,0.0,0.6758624315261841,0.18966989722221378,0.003305420191003421,0.005311638582497835
1425408,176.1823620700161,0.01206565590981206,0.15838623046875,,,,,,,,0.0,0.7127189040184021,0.16827253948850251,0.002750790262504717,0.030717147514224052
1433600,177.13684453300084,0.013346578235728174,0.17314453423023224,,,,,,,,0.0078125,0.6879105567932129,0.16062066305692305,0.0030751682352689264,0.01905878633260727
1441792,178.0455040600209,0.012134365882954266,0.15731202065944672,0.00048712184791310786,0.17372246728477533,0.17230448196897802,333,232.75992984491307,49.5,nan,0.0,0.6909589767456055,0.18084943619077296,0.0029584982711551,0.009726577438414097
1449984,179.08848818502156,0.012586108578293771,0.16228027641773224,,,,,,,,0.0078125,0.7250957489013672,0.15381316820002514,0.0032600310098924363,0.04751668497920036
1458176,180.0727214110084,0.014308054531168608,0.18038330972194672,,,,,,,,0.0,0.6713703870773315,0.19310345751555,0.005590597505041245,0.0031671144533902407
1466368,181.08621004701126,0.012852037891107025,0.17041015625,,,,,,,,0.0,0.7064023017883301,0.16122156382477057,0.0017399781512417848,0.01809917576611042
1474560,182.15052545099752,0.013372073428839724,0.17758789658546448,,,,,,,,0.0078125,0.7020516395568848,0.14804939822949711,0.003105295891625162,0.031315382570028305
1482752,183.1131685160217,0.012621748413349523,0.16656494140625,,,,,,,,0.0,0.6852102279663086,0.18586029141779464,0.0033732321427542805,0.007837168872356415
1490944,184.09721977100708,0.012650469722736181,0.16655273735523224,,,,,,,,0.0,0.726819634437561,0.15427576912489188,0.002798868253411144,0.030200203880667686
1499136,185.05062211301993,0.013510272437762455,0.17976073920726776,,,,,,,,0.0078125,0.6780004501342773,0.15232806009907035,0.0007870052268649612,0.017974968999624252
1507328,186.03301171399653,0.014347450059225173,0.1851806640625,0.001038404025508033,0.16847775905038237,0.1665732205920246,333,234.5787253774817,49.35,nan,0.0,0.7048113346099854,0.1517174756617258,0.0008058062371077038,0.024486519396305084
1515520,187.199432798021,0.0161304788248847,0.18470458686351776,,,,,,,,0.0078125,0.7163093686103821,0.12423205831417844,-0.00240799642910036,0.5411985516548157
1523712,188.22963731901837,0.015103618361299321,0.19564209878444672,,,,,,,,0.0,0.6811230778694153,0.18247135946630072,0.004136049567113112,0.010704546235501766
1531904,189.25269668002147,0.014840689178397688,0.18696288764476776,,,,,,,,0.0,0.7221701741218567,0.14981252108608287,-0.0028833590042250043,2.783390760421753
1540096,190.29390884700115,0.013579049424723492,0.16563721001148224,,,,,,,,0.0078125,0.6757797002792358,0.13518134695803366,-5.595589143596053e-05,0.8248438239097595
1548288,191.33959813200636,0.013294787794832091,0.17762450873851776,,,,,,,,0.0,0.7036140561103821,0.15551092492115734,0.003482005729407142,0.05081119015812874
1556480,192.4534121970064,0.012534032411912203,0.14959716796875,,,,,,,,0.0078125,0.7377026081085205,0.12152159714174071,-0.00032694699719705214,1.5561449527740479
1564672,193.990940949996,0.013135914336602664,0.17164306342601776,,,,,,,,0.0,0.6760839223861694,0.18903350710818834,0.005860573456293052,0.010103954002261162
1572864,195.1118715800112,0.013698975943264254,0.17769776284694672,0.0007565650365475296,0.15899357896299543,0.15776376657194802,333,237.76584118495288,49.5,nan,0.0,0.725402295589447,0.1566077313213476,0.0028151858758858495,0.0681062564253807
1581056,196.33947642100975,0.017546837067845166,0.20407715439796448,,,,,,,,0.0078125,0.709672212600708,0.1384347397830005,-0.0014722721170429953,1.486142873764038
1589248,197.39789051000844,0.01363111553648385,0.17728272080421448,,,,,,,,0.0,0.6941604614257812,0.16987060363555062,0.003074659231550885,0.018867559731006622
1597440,198.46379716100637,0.014461850551910745,0.17864990234375,,,,,,,,0.0,0.7348834276199341,0.13627725200716934,-0.0026167761905388984,2.429291009902954
1605632,199.5065914140141,0.0139128280932102,0.17380371689796448,,,,,,,,0.0078125,0.6781966686248779,0.1342240425093603,0.002647528368761814,0.07068022340536118
1613824,200.6103068870143,0.01210687122387951,0.162109375,,,,,,,,0.0,0.7090323567390442,0.16470312124406444,0.002871813860142526,0.055589932948350906
1622016,201.89674142299918,0.011896002216637813,0.14984130859375,,,,,,,,0.0078125,0.7255240678787231,0.1363689000677938,-0.0005060780425538025,0.4940069317817688
1630208,203.07712929701665,0.013264586804735967,0.17615966498851776,,,,,,,,0.0,0.683894157409668,0.1771191850661365,0.003487024518742106,0.018486859276890755
1638400,204.3271355809993,0.016363483914239935,0.18717041611671448,0.004064912561345668,0.16500846761135093,0.16147053492529326,333,237.4430657684032,49.5,nan,0.0,0.718146800994873,0.13938628075484583,-0.0018895377633266583,4.977084159851074
1646592,205.7256305780029,0.01562694824020209,0.16475830972194672,,,,,,,,0.0078125,0.663500964641571,0.11725837992776245,-0.00016687173716313912,2.0694215297698975
1654784,206.895999357017,0.0175737994649681,0.21456299722194672,,,,,,,,0.0,0.7032839059829712,0.16176930745097304,0.002061457562661351,2.318906307220459
1662976,208.00859030301217,0.01319521393060923,0.1629638671875,,,,,,,,0.0078125,0.7135515809059143,0.12732632677818337,-0.003907227735582023,5.537980556488037
1671168,209.126214317017,0.013517621276094334,0.17753906548023224,,,,,,,,0.0,0.67649906873703,0.18633773371636547,0.004996000479520146,0.06087365746498108
1679360,210.26147386300727,0.01575935329288037,0.20439453423023224,,,,,,,,0.0,0.7171369791030884,0.13950273818695405,-0.0005259360419827944,4.560405254364014
1687552,211.39058226899942,0.016576337858873715,0.16950683295726776,,,,,,,,0.0078125,0.6838474273681641,0.12180570934075408,-0.0025843651014988006,2.2349774837493896
1695744,212.63942597899586,0.01671978878611276,0.20920410752296448,,,,,,,,0.0,0.694744884967804,0.16804904927515057,0.0028923495443268976,0.08652094751596451
1703936,213.73632886901032,0.01248150515720497,0.16260986030101776,0.0016931467685452617,0.1655833140032495,0.16344007216222134,333,236.34640250878496,49.35,nan,0.0,0.7494878172874451,0.12750418149709097,0.0028486923530095794,0.27492615580558777
1712128,215.00511689000996,0.013396278377419253,0.16832275688648224,,,,,,,,0.0078125,0.6833469867706299,0.12119086470029265,-0.0011114118003693958,0.15328870713710785
1720320,216.14011812402168,0.011422681037019636,0.15314941108226776,,,,,,,,0.0,0.7103634476661682,0.1681136800727731,0.004379724586848765,0.04141398146748543
1728512,217.26913022701046,0.011754068312089328,0.15656737983226776,,,,,,,,0.0078125,0.7293735146522522,0.14221557850824876,0.0013399428797087438,0.11547539383172989
1736704,218.3875047019974,0.01208109962247169,0.15676270425319672,,,,,,,,0.0,0.6825335025787354,0.18340768456615347,0.003509353342664705,0.013561432249844074
1744896,219.52854870300507,0.012499132239794548,0.16253662109375,,,,,,,,0.0,0.7286087870597839,0.14903092133840512,0.0028695446224248997,0.06405829638242722
1753088,220.65763256401988,0.01115965932998471,0.1485595703125,,,,,,,,0.0078125,0.6994723081588745,0.13763760192751112,-2.2172036630785072e-05,0.07448703050613403
1761280,221.8290660790226,0.012474305481407492,0.16590575873851776,,,,,,,,0.0,0.7029576301574707,0.1639425180988027,0.003455860619292769,0.025992441922426224
1769472,223.12401976500405,0.013192892022447096,0.1558837890625,0.0013759837813550613,0.16468250304979626,0.1629411267423881,333,236.82804213406087,49.5,nan,0.0078125,0.7395505905151367,0.13565235860275524,-0.001843556968595225,1.193116307258606
1777664,224.5662132660218,0.015448934349828051,0.19727782905101776,,,,,,,,0.0,0.6713084578514099,0.18699672072126297,-0.003097369767778438,3.5148093700408936
1785856,225.8273851319973,0.014416420250137672,0.12956543266773224,,,,,,,,0.0,0.6878630518913269,0.1591654246142585,-0.005133489498249842,1.635839819908142
1794048,226.9697624320106,0.018108731487136032,0.16273193061351776,,,,,,,,0.0078125,0.6919925808906555,0.130765939613307,-0.0030643372675418245,1.3375846147537231
1802240,228.0947771030187,0.014155769292528264,0.18353271484375,,,,,,,,0.0,0.6924853324890137,0.17528270042626928,0.004687807186051086,0.06273522228002548
1810432,229.19649623299483,0.01347600615048095,0.17437744140625,,,,,,,,0.0,0.7402390837669373,0.1434615197367495,0.0034347062299808213,0.13797327876091003
1818624,230.29975165901124,0.012785088487721644,0.16761474311351776,,,,,,,,0.0078125,0.6839334964752197,0.13972883479405324,0.0024292007133448743,0.04508959874510765
1826816,231.5322155590111,0.015577049119521192,0.14311523735523224,,,,,,,,0.0,0.6996488571166992,0.15380022115709865,-0.004091442985563086,3.7462143898010254
1835008,232.63870810900698,0.01595682103148958,0.16862793266773224,0.0013816982221691587,0.16715746678401752,0.16612567025209776,333,235.8873215027531,49.5,nan,0.0078125,0.7213319540023804,0.1119756214272344,0.0006941620396653276,0.7648935317993164
1843200,233.98340242201812,0.013601089153107027,0.17872314155101776,,,,,,,,0.0,0.6835209727287292,0.18632530361480124,0.0037773702597472866,0.04166353866457939
1851392,235.14200172701385,0.013048869546885018,0.17061768472194672,,,,,,,,0.0,0.7298821210861206,0.15288477942746304,0.005157523279463666,0.09108375012874603
1859584,236.4118164300162,0.013271050894354541,0.17509765923023224,,,,,,,,0.0078125,0.700009822845459,0.14134008358173625,0.0011901491155710533,0.06592780351638794
1867776,237.63697745799436,0.011436766207127917,0.15396729111671448,,,,,,,,0.0,0.7006388306617737,0.17004892294415738,0.00257857240544012,0.032855089753866196
1875968,238.98446216701996,0.013513314574290655,0.16403809189796448,,,,,,,,0.0078125,0.7430320382118225,0.14128705217585025,0.0012469929658077226,0.09688860923051834
1884160,240.42783097500796,0.013474791440721175,0.16820068657398224,,,,,,,,0.0,0.6739968061447144,0.1912063133210507,0.00554411717624517,0.010820393450558186
1892352,241.70542548401863,0.01150738698907347,0.1513671875,,,,,,,,0.0,0.7123152017593384,0.16819293682549374,0.0030597384697412093,0.0231174323707819
1900544,243.02574902700144,0.011228359654745446,0.15069580078125,0.0004765542260303235,0.1725735871172746,0.17113490680642546,333,234.21265427035294,49.5,nan,0.0078125,0.7082331776618958,0.15363787937298504,0.0013292039913419419,0.03947877883911133
1908736,244.50159285301925,0.01247420643355421,0.16566161811351776,,,,,,,,0.0,0.688007652759552,0.183387617753252,0.0015015019776179845,0.013544658198952675
1916928,245.7571848030202,0.011848574680442085,0.1536865234375,,,,,,,,0.0,0.7311015129089355,0.15640583430092322,0.001360302552970926,0.05047989636659622
1925120,247.02688314201077,0.01295671550232016,0.17274169623851776,,,,,,,,0.0078125,0.6822414398193359,0.15218232341434218,-0.00209332589977629,0.02704021893441677
1933312,248.26141141800326,0.011674174016960826,0.1549072265625,,,,,,,,0.0,0.7079073786735535,0.17001259389217932,0.0013445506687463308,0.01465798169374466
1941504,249.540348413022,0.014010886401787478,0.17402343451976776,,,,,,,,0.0078125,0.7295029163360596,0.14129934045253675,0.0038051626665511137,0.0700816661119461
1949696,250.83016749401577,0.012830794487773502,0.17171631753444672,,,,,,,,0.0,0.6833816766738892,0.17956229283355624,0.004635233723876294,0.012685025110840797
1957888,252.23512094002217,0.012432069681959028,0.16033935546875,,,,,,,,0.0,0.7321574687957764,0.14174154104628917,0.0013782126427095212,0.048691052943468094
1966080,253.60365685800207,0.011763331776629582,0.14174805581569672,0.0006042443867729785,0.15710897816191233,0.15518358187446418,333,238.490433005927,49.800000000000004,nan,0.0078125,0.6980659365653992,0.119153517978429,-0.0028828013637086734,0.7070785760879517
1974272,255.04309101900435,0.015047210519513344,0.19515381753444672,,,,,,,,0.0,0.7062351107597351,0.14755757757661167,-0.0007555348555493713,0.45543503761291504
1982464,256.3499761650164,0.010944532309838753,0.13582764565944672,,,,,,,,0.0078125,0.7254810333251953,0.12364518401620148,-0.004921250131240275,4.827643871307373
1990656,257.69583636999596,0.0193151558476164,0.21910400688648224,,,,,,,,0.0,0.6733953356742859,0.18250361439337595,0.002402736593329947,4.856309413909912
1998848,258.9918118370115,0.015205500717888017,0.15798340737819672,,,,,,,,0.0,0.6851556301116943,0.14732942948806804,-0.0034900989490690157,4.84479284286499
2007040,260.2819264110003,0.013862954110945081,0.16748046875,,,,,,,,0.0078125,0.6928542852401733,0.1222128688950622,-0.003976457016648431,4.359158992767334
2015232,261.5291293259943,0.014350923095688278,0.18519286811351776,,,,,,,,0.0,0.6932849287986755,0.16887618805957927,0.004954448461157875,0.12242355197668076
2023424,262.76430838901433,0.0132848966385266,0.17515869438648224,,,,,,,,0.0,0.7444576621055603,0.12991210573667203,0.003475636911708527,0.22490854561328888
2031616,264.0114364500041,0.01565484364741032,0.18983153998851776,0.0008766351715318033,0.1657960793863754,0.16442346293523147,333,236.16415530690347,49.35,nan,0.0078125,0.6861157417297363,0.12959173961073625,0.00540076687715202,0.08788789808750153
2039808,265.39871959999437,0.01633099247070497,0.19549560546875,,,,,,,,0.0,0.7022890448570251,0.16832215927010732,-0.0002487708415011065,3.7291271686553955
2048000,266.6530248110066,0.013478943829797774,0.17139892280101776,,,,,,,,0.0078125,0.7193774580955505,0.13703579686948555,-0.0011479356915671673,0.8155067563056946
2056192,267.9004823809955,0.012478197873253157,0.15926514565944672,,,,,,,,0.0,0.6814355850219727,0.1866560246542354,0.004443742234232374,0.06566362828016281
2064384,269.19271972900606,0.013657007792824739,0.17833252251148224,,,,,,,,0.0,0.7256801128387451,0.1580384412268779,0.0035911501337731987,0.07327720522880554
2072576,270.41879345700727,0.012716825799866145,0.16358642280101776,,,,,,,,0.0078125,0.6997346878051758,0.1468254090167567,0.0038390930950013336,0.06996532529592514
2080768,271.6806633300148,0.012204551167994182,0.15709228813648224,,,,,,,,0.0,0.6946559548377991,0.17461569790596268,0.00418921955931591,0.02685311995446682
2088960,273.03622524801176,0.01511001843319233,0.14468994736671448,,,,,,,,0.0078125,0.7257901430130005,0.14148759810214986,-0.00416558552472709,1.0106700658798218
2097152,274.39929102701717,0.01338596806757318,0.17039795219898224,0.0005247035182046611,0.17316769613975763,0.17058364801978737,333,233.5876205440655,49.35,nan,0.0,0.6721780896186829,0.1947564028224132,0.0034073163711093022,0.028579605743288994
2105344,275.8231982480211,0.01288080675390286,0.16770020127296448,,,,,,,,0.0,0.7104591727256775,0.16831504068009245,0.004359601311232554,0.032777465879917145
2113536,277.1256492200191,0.013162309140223717,0.16594238579273224,,,,,,,,0.0078125,0.7096257209777832,0.14536890985589035,0.0041310498808396065,0.05541069433093071
2121728,278.42389765000553,0.012927052471000792,0.17026367783546448,,,,,,,,0.0,0.6854881048202515,0.1840251887696455,0.0022085241886262287,0.012582346796989441
2129920,279.6408965480223,0.010634603599229095,0.1397705078125,,,,,,,,0.0,0.7267787456512451,0.14787501131175093,0.0018613135305191528,0.044418275356292725
2138112,280.9419182620186,0.014838153744898162,0.18665771186351776,,,,,,,,0.0078125,0.6820406913757324,0.14465349332953567,0.000410121238858655,0.022486602887511253
2146304,282.377099113015,0.014395913769554132,0.18551026284694672,,,,,,,,0.0,0.7022085189819336,0.17295340102284923,0.0020110424469272246,0.017249908298254013
2154496,283.8065049170109,0.011177957050034958,0.14606933295726776,,,,,,,,0.0078125,0.723101019859314,0.15155059278970148,0.0018952478727103834,0.06092400476336479
2162688,285.15795245202025,0.012097622580346273,0.15531006455421448,0.00039558520580251777,0.17123978767601425,0.16944214025754892,333,234.05183920808605,49.35,nan,0.0,0.6789976954460144,0.19031435756066037,0.004037856312513704,0.007358931936323643
2170880,286.68246324401116,0.011983732210708543,0.15571288764476776,,,,,,,,0.0,0.7198854088783264,0.16194112443128303,0.0021159142488842183,0.023147467523813248
2179072,288.0225735529966,0.012332284156790921,0.15769043564796448,,,,,,,,0.0078125,0.6976159811019897,0.15383228807473262,0.0027656900448627913,0.03150869533419609
2187264,289.36504231000436,0.01205075816500544,0.15819092094898224,,,,,,,,0.0,0.6933765411376953,0.1816752464594978,0.0029150530328524984,0.010661382228136063
2195456,290.6283347060089,0.010216211044732913,0.13449707627296448,,,,,,,,0.0078125,0.7353005409240723,0.1527479066571528,0.002064214770509042,0.04172224923968315
2203648,291.96692708702176,0.013958906558970162,0.18057861924171448,,,,,,,,0.0,0.6735841631889343,0.19374919674466962,0.0035315137201820807,0.005760134197771549
2211840,293.27491591800936,0.01221523259791087,0.16046142578125,,,,,,,,0.0,0.7158055901527405,0.16450493796467014,0.002506532449301717,0.022963637486100197
2220032,294.58158262699726,0.015282118096432436,0.19257812201976776,,,,,,,,0.0078125,0.7173786163330078,0.14097058920321975,0.003687626670588237,0.052193012088537216
2228224,295.8673129840172,0.01181772525854162,0.15084229409694672,0.0017875046414023155,0.16371975142507914,0.1589605260749781,333,237.94432477725815,49.050000000000004,nan,0.0,0.6930440068244934,0.17321791231368605,0.001985330148554537,0.0164220929145813
2236416,297.37685006900574,0.014533607941225424,0.17220459878444672,,,,,,,,0.0,0.7413519024848938,0.13015449602023346,-0.0036270580233191347,1.6311830282211304
2244608,298.7441631620168,0.012758775910845661,0.15793457627296448,,,,,,,,0.0078125,0.6818474531173706,0.12640153990108546,-0.0003533750904897405,0.12573063373565674
2252800,300.0481735180074,0.013508060913444853,0.17661133408546448,,,,,,,,0.0,0.7127166390419006,0.15697280449625128,0.004704365652091355,0.03966193273663521
2260992,301.36966319501516,0.015574006628104995,0.185302734375,,,,,,,,0.0078125,0.7287728786468506,0.1257797210744902,-0.001195923246024107,1.2492281198501587
2269184,302.70449338501203,0.013937341416707497,0.17620849609375,,,,,,,,0.0,0.6838525533676147,0.1835908949361485,0.0035851870255027523,0.027590811252593994
2277376,304.03737331400043,0.013372834236230159,0.17299805581569672,,,,,,,,0.0,0.7363991737365723,0.14476392229048182,0.004610682615110627,0.06470468640327454
2285568,305.36955498199677,0.011906860765151735,0.15617676079273224,,,,,,,,0.0078125,0.7077019214630127,0.13167341110106903,0.0011752772568227468,0.061936862766742706
2293760,306.6793905070226,0.014511083607953168,0.18544922769069672,0.003029526869447352,0.16950474484804956,0.1642350901300135,333,237.02534476152118,47.85,nan,0.0,0.7016688585281372,0.17685858544301314,0.0030273193696241612,0.014397040009498596
2301952,308.18702333100373,0.011783668884300564,0.1502685546875,,,,,,,,0.0078125,0.7530715465545654,0.1429680094401348,0.0025939836274724995,0.05865902826189995
2310144,309.52248401299585,0.011532516881387123,0.15635986626148224,,,,,,,,0.0,0.6750926971435547,0.1907561967311208,0.0024994048059718064,0.005569387227296829
2318336,310.80580568601727,0.011314646812422453,0.15058593451976776,,,,,,,,0.0,0.7220446467399597,0.15522245809687668,0.0013584337081648087,0.03147689253091812
2326528,312.18078993301606,0.013560290626958,0.17567138373851776,,,,,,,,0.0078125,0.7233486175537109,0.1281614066490199,0.0027875622912225716,0.08041601628065109
2334720,313.54427525101346,0.013094247595322368,0.17185059189796448,,,,,,,,0.0,0.6935635209083557,0.17712572924085843,0.0026102632742742264,0.013097263872623444
2342912,315.0730654360086,0.0161228657007394,0.18989257514476776,,,,,,,,0.0,0.7432225942611694,0.1432181473927041,0.0003295621505445712,0.8004299402236938
2351104,316.55094861402176,0.013623453401295777,0.1751708984375,,,,,,,,0.0078125,0.6888132691383362,0.14104632449004018,0.0017251248529627388,0.03935139626264572
2359296,317.79836298001464,0.013549624004263733,0.16909180581569672,0.0025225944324077654,0.1603794704052834,0.15774888374455479,333,238.29803896296784,49.650000000000006,nan,0.0,0.7141167521476746,0.16461340606977504,0.005059239212543929,0.02920439839363098
2367488,319.4644289910211,0.013841234882142232,0.1732177734375,,,,,,,,0.0078125,0.7424760460853577,0.13882062483511723,0.00515000750194907,0.06755722314119339
2375680,320.7915094399941,0.014079723311598277,0.18221436440944672,,,,,,,,0.0,0.6840794086456299,0.1844097872110369,-0.0004786866763347522,0.07137798517942429
2383872,322.1982833399961,0.01302284810275002,0.16750489175319672,,,,,,,,0.0,0.739380419254303,0.1409233981452848,0.0021606589592645903,0.04664992913603783
2392064,323.58305384701816,0.015746771688241974,0.19505615532398224,,,,,,,,0.0078125,0.7104056477546692,0.12426959032175885,0.0010725858976620727,0.06074963137507439
2400256,324.923553102999,0.014187860754810376,0.17755126953125,,,,,,,,0.0,0.7064328193664551,0.15770589688836245,0.0015106480832850016,0.0839669406414032
2408448,326.2753779570048,0.015329138365045542,0.16671143472194672,,,,,,,,0.0078125,0.7512694001197815,0.1205273326875067,-0.005881132118501097,1.192673683166504
2416640,327.6617622630147,0.019939205726117838,0.22547607123851776,,,,,,,,0.0,0.6763210296630859,0.17938078346049086,0.001096251310807072,1.329233169555664
2424832,329.0608557270025,0.013182461440582549,0.14896240830421448,0.0027370528014488693,0.1497564443820662,0.14886903001902846,333,239.9258181905385,49.35,nan,0.0,0.6781562566757202,0.11331028552815083,-0.002215470891880009,9.326754570007324
2433024,330.61317282900563,0.033875775437475636,0.19207763671875,,,,,,,,0.0078125,0.652243435382843,0.09659582737929173,-0.0002735469294497512,4.268605709075928
2441216,332.06849849800346,0.014911631587674227,0.18472900986671448,,,,,,,,0.0,0.6980250477790833,0.1662021384644477,0.004647194657049733,0.09072653949260712
2449408,333.3842653130123,0.01569230044324783,0.18267822265625,,,,,,,,0.0,0.7497920989990234,0.12198511597018763,-0.001616548475710871,2.484205722808838
2457600,334.7670398050104,0.015218823112942648,0.17863769829273224,,,,,,,,0.0078125,0.688424289226532,0.1245429262100694,0.0010243959628329032,0.14370790123939514
2465792,336.08289183600573,0.014517481881043268,0.19053955376148224,,,,,,,,0.0,0.7179803848266602,0.1577860150509863,0.0037927063561297367,0.05111444741487503
2473984,337.38758451500325,0.011807872975078841,0.15224610269069672,,,,,,,,0.0078125,0.7497278451919556,0.12209429917290957,0.0019652255004445076,0.07794835418462753
2482176,338.8223482440226,0.012515061281377133,0.16754150390625,,,,,,,,0.0,0.6839131712913513,0.1803260889793845,0.0017154907653903673,0.015193375758826733
2490368,340.1336747300229,0.01319479416055135,0.16649170219898224,0.00928047005574828,0.16385742748470533,0.16099288933141653,333,237.9496733995906,49.050000000000004,nan,0.0,0.7373664975166321,0.14027528341641857,0.004511041555327027,0.04156516119837761
2498560,341.64060338999843,0.013533844029841034,0.17038574814796448,,,,,,,,0.0078125,0.7090380191802979,0.12246261543873901,-0.001377398968977573,0.07011213898658752
2506752,343.22822695501964,0.0152813056539607,0.19263915717601776,,,,,,,,0.0,0.7050269842147827,0.16724620250951588,0.0043223500942178306,0.021968374028801918
2514944,344.69588286199723,0.020581713260035685,0.18018798530101776,,,,,,,,0.0078125,0.7590582370758057,0.11911090715105471,-0.005063750161723555,0.34195807576179504
2523136,346.10865698501584,0.01685845375627081,0.19637452065944672,,,,,,,,0.0,0.6757996678352356,0.18902962250651476,0.008578920303863936,0.012644851580262184
2531328,347.4407433110173,0.01295089642058564,0.16499023139476776,,,,,,,,0.0,0.7281996607780457,0.1506825708472705,0.0035669566066985053,0.03436475992202759
2539520,348.758044866001,0.017064513505456715,0.18387451767921448,,,,,,,,0.0078125,0.7257105112075806,0.12558965849568574,-0.0007217460342286155,0.4163210988044739
2547712,350.0738534819975,0.0150044667317784,0.18662109971046448,,,,,,,,0.0,0.6949190497398376,0.16194311014112367,0.002737689825148727,0.028555354103446007
2555904,351.35606410799664,0.013107287324082124,0.1715087890625,0.004320903727188963,0.14716461686606047,0.14548606670774808,333,240.8162916378134,49.35,nan,0.0,0.7582433819770813,0.11974004779905445,0.0005132026508730022,0.13211114704608917
2564096,352.94083740600036,0.019652042192101912,0.19575195014476776,,,,,,,,0.0078125,0.6852694153785706,0.11147033594514871,-0.005028621667112512,0.4067637622356415
2572288,354.2620272380009,0.020396918882879072,0.22482910752296448,,,,,,,,0.0,0.716853141784668,0.14006284255109727,-0.0018988870083992068,2.018592119216919
2580480,355.5827293320035,0.024281473697379423,0.17171631753444672,,,,,,,,0.0078125,0.707629919052124,0.11309118073789838,-0.009755087925892872,6.08111572265625
2588672,356.9303298650193,0.0177592681700237,0.21480713784694672,,,,,,,,0.0,0.6840976476669312,0.17655098760774748,0.002001592574940941,4.614291667938232
2596864,358.2573921199946,0.015566435174725708,0.18577881157398224,,,,,,,,0.0,0.7210246324539185,0.12837172213295367,-0.002679009114599062,6.482528209686279
2605056,359.547952131019,0.023015948757433333,0.19023437798023224,,,,,,,,0.0078125,0.6989623308181763,0.11333990074284367,-0.0006595494010415053,0.881770133972168
2613248,360.9323855630064,0.026475911995019696,0.2802734375,,,,,,,,0.0,0.6985595226287842,0.16208844551184032,-0.0005136812720820372,6.075263977050781
2621440,362.20799228499527,0.015874636199314198,0.16904297471046448,0.0037154762622589876,0.1480308168972049,0.14778390143213663,333,239.93808039941902,49.35,nan,0.0078125,0.7313510179519653,0.11761753605442328,-0.000842096622112818,3.0712649822235107
2629632,363.7344448910153,0.01921781811935945,0.22789306938648224,,,,,,,,0.0,0.6761235594749451,0.18672244838982405,0.005890873620352251,0.08982665091753006
2637824,365.03528413700406,0.018978390439583624,0.22452393174171448,,,,,,,,0.0,0.728532075881958,0.14512065918735195,0.00048169157825331553,3.235372304916382
2646016,366.3544565940101,0.014838039680090044,0.17064209282398224,,,,,,,,0.0078125,0.7295588850975037,0.11142987725494796,0.001031937223145802,0.32228001952171326
2654208,367.7142666350119,0.01581679395049782,0.19993896782398224,,,,,,,,0.0,0.6951326727867126,0.16497633580651255,0.004926400791219937,0.0689791664481163
2662400,369.1032340740203,0.01699837215765146,0.20097656548023224,,,,,,,,0.0,0.7497332096099854,0.11758497013144525,-0.000636696450786108,2.4338185787200928
2670592,370.4900628160103,0.016611554796398312,0.18756103515625,,,,,,,,0.0078125,0.6895225048065186,0.11355038639805186,-0.003437279284316361,0.21822023391723633
2678784,371.8261544959969,0.016595596593249825,0.20668946206569672,,,,,,,,0.0,0.7179258465766907,0.15049596674004823,0.004331654459037546,0.07836885005235672
2686976,373.5316590160073,0.01584777129155231,0.1947021484375,0.0005240015153114008,0.15634129701227936,0.1538803235839415,333,238.17912682558259,49.650000000000006,nan,0.0078125,0.7496234774589539,0.11723259907704064,-0.0006414891799071985,0.5631656050682068
2695168,375.1149632880115,0.013028338831695447,0.16562500596046448,,,,,,,,0.0,0.6824047565460205,0.1849909720252659,0.00491709528791259,0.01777048595249653
2703360,376.4639413639961,0.012851668028159742,0.15670166909694672,,,,,,,,0.0,0.7370505332946777,0.14590918218290852,0.0032825661751450493,0.051573872566223145
2711552,377.8066468220204,0.015645424866979597,0.191650390625,,,,,,,,0.0078125,0.7121610641479492,0.1246380368818508,0.0029200554627792,0.06574607640504837
2719744,379.0634304920095,0.014179164120177843,0.17520752549171448,,,,,,,,0.0,0.7013101577758789,0.1715184995862223,0.0064487902488448755,0.018039552494883537
2727936,380.49196557700634,0.011750375121117292,0.15433350205421448,,,,,,,,0.0078125,0.763969361782074,0.11910632959111012,0.0011876239951820159,0.06720732897520065
2736128,381.7659723510151,0.012557512221741335,0.16246338188648224,,,,,,,,0.0,0.6749995350837708,0.19106280985055188,0.0028805284556236268,0.008299660868942738
2744320,383.1556131770194,0.0136337638377309,0.17727051675319672,,,,,,,,0.0,0.7292014360427856,0.15340746088052729,-7.958656321230728e-05,0.11954569816589355
2752512,384.4674942030106,0.017735812885197915,0.19720458984375,0.0030816766370562743,0.15714779350733443,0.15171861370573078,333,240.14001491678437,49.050000000000004,nan,0.0078125,0.7294574975967407,0.12011431128232809,-0.0015302635269321175,0.7150506973266602
2760704,385.9999805960106,0.014427191966064136,0.18140868842601776,,,,,,,,0.0,0.6940896511077881,0.17405632946296482,0.004693752032210112,0.02330559305846691
2768896,387.3807204980112,0.021292523143779413,0.24851074814796448,,,,,,,,0.0,0.7528473734855652,0.1271684573424213,-0.0015153052128275772,1.853005290031433
2777088,388.73970870600897,0.01627303727729666,0.16353760659694672,,,,,,,,0.0078125,0.680389940738678,0.11126584667260864,-0.0037596761300661957,0.4745684564113617
2785280,390.0682043429988,0.016903061428835353,0.20662842690944672,,,,,,,,0.0,0.7184002995491028,0.14733518135699727,-0.0026066497703764917,4.2090678215026855
2793472,391.41105416501523,0.015408200647211007,0.17130127549171448,,,,,,,,0.0078125,0.714987576007843,0.11410695671838335,-0.0019866572272100994,6.4046502113342285
2801664,392.83736946599674,0.0165709192214459,0.20518799126148224,,,,,,,,0.0,0.6842848062515259,0.1810278450343675,0.005223498892541323,0.04906810447573662
2809856,394.1554665779986,0.01588543346260179,0.19261474907398224,,,,,,,,0.0,0.7420474290847778,0.12524804381056032,-0.003204544173016882,3.795933485031128
2818048,395.4829647070146,0.018668571937370017,0.19539795815944672,0.0018448502974209857,0.15997196454071677,0.15170362945814425,333,239.9951641070175,49.050000000000004,nan,0.0078125,0.6853789687156677,0.09924307542946943,-0.003819403511361478,2.3858120441436768
2826240,396.99635235601454,0.015508919461156151,0.19964599609375,,,,,,,,0.0,0.704666793346405,0.16975598754478133,0.003872607400940548,0.1089225560426712
2834432,398.41059295399464,0.013110025674932366,0.16665039956569672,,,,,,,,0.0,0.7670311331748962,0.11113875013096268,-0.0013062149446266217,1.8584702014923096
2842624,399.7811707830115,0.016605648166796928,0.20712891221046448,,,,,,,,0.0078125,0.6756558418273926,0.11312137153960786,0.007988176106560494,0.017756817862391472
2850816,401.0942843790108,0.01780600707725188,0.21706543862819672,,,,,,,,0.0,0.7270321846008301,0.14787007943767574,-0.0014844757550275965,2.6633174419403076
2859008,402.5971837370016,0.015729090403735383,0.15592041611671448,,,,,,,,0.0078125,0.7063606381416321,0.11979178057546362,-0.003681835921701196,4.3481574058532715
2867200,404.0990245139983,0.015335187586164707,0.19475097954273224,,,,,,,,0.0,0.6927465796470642,0.17160228585521947,0.006728819406696985,0.036884795874357224
2875392,405.50656790900393,0.015592687688547685,0.18446044623851776,,,,,,,,0.0,0.749394953250885,0.12794410046666507,0.0006746678853882319,1.3788074254989624
2883584,406.9248542150017,0.014856891573843884,0.18887940049171448,0.0018257944133988069,0.16248768328808735,0.15676270712022844,333,238.43753433673018,49.050000000000004,nan,0.0078125,0.6923362612724304,0.1255067579699625,0.0009160576952509013,0.1507951021194458
2891776,408.50459793402115,0.015094509640530258,0.18983153998851776,,,,,,,,0.0,0.7135446667671204,0.1591504158848133,0.004046805096984846,0.03784654289484024
2899968,409.74558494699886,0.013264948986966918,0.17095947265625,,,,,,,,0.0078125,0.7513871192932129,0.12488903102094695,0.0009785899948535589,0.0829835906624794
2908160,410.9876427660056,0.01376832853619796,0.17913818359375,,,,,,,,0.0,0.6822891235351562,0.18526747861567644,0.0015591496566032385,0.017823830246925354
2916352,412.1334818250034,0.017500801290299024,0.21518555283546448,,,,,,,,0.0,0.7366024255752563,0.14599341219625023,0.0012475446341716602,0.7349135279655457
2924544,413.2799318410107,0.018413728097931133,0.20401611924171448,,,,,,,,0.0078125,0.7073342800140381,0.12412403230337711,-0.0010755996196542006,0.18801890313625336
2932736,414.4176068509987,0.014507235518105,0.18642579019069672,,,,,,,,0.0,0.7019032835960388,0.17172999213635917,0.0037243857496388013,0.02755393087863922
2940928,415.5767777489964,0.01242213836212329,0.15915527939796448,,,,,,,,0.0,0.7620199918746948,0.1304084615503697,0.0022909727489717805,0.06341591477394104
2949120,416.6854742669966,0.011143939634775179,0.14333496987819672,0.00038116419335432195,0.15843686609189117,0.15589032939970263,333,238.06043385647072,49.800000000000004,nan,0.0078125,0.676096498966217,0.13172970491607425,0.0028483455958859764,0.010052720084786415
2957312,417.99666789901676,0.012436870858237631,0.16262207925319672,,,,,,,,0.0,0.7230553030967712,0.1610663306285154,0.0013946900806074388,0.025741934776306152
2965504,419.2051487060089,0.012323032233681868,0.16470947861671448,,,,,,,,0.0078125,0.7303565144538879,0.13693843489705837,0.0007923577147788421,0.04031673073768616
2973696,420.3296704039967,0.014522284810661047,0.186279296875,,,,,,,,0.0,0.6919906139373779,0.17341634625073463,0.005244212145603253,0.017168624326586723
2981888,421.4074358100188,0.012050469480702864,0.15407715737819672,,,,,,,,0.0,0.7493894100189209,0.13859721636769387,0.0034059353826171564,0.048317182809114456
2990080,422.5497061640199,0.015006354129155124,0.17198486626148224,,,,,,,,0.0078125,0.6949021816253662,0.12866641247421487,0.002122430016483747,0.047445427626371384
2998272,423.7001234549971,0.013088624229061938,0.17261962592601776,,,,,,,,0.0,0.7127922773361206,0.16264038918476298,0.0027177854552928207,0.028557736426591873
3006464,424.8726581730007,0.012920554648875426,0.16525879502296448,,,,,,,,0.0078125,0.7501537799835205,0.12470993768708225,0.0012623759410098035,0.05921492725610733
3014656,426.01182215299923,0.013511895697723304,0.17552490532398224,0.0005783626184128199,0.15443091046161803,0.15190355032338174,333,239.0409867554764,49.800000000000004,nan,0.0,0.6822205185890198,0.18532950827831907,0.005110325782643233,0.010726312175393105
3022848,427.3548093830177,0.011815840508165141,0.15288086235523224,,,,,,,,0.0,0.7366229295730591,0.14026787508394503,0.003963777079176596,0.037732645869255066
3031040,428.5868874040025,0.014825743003024545,0.18295899033546448,,,,,,,,0.0078125,0.715789258480072,0.12251196252301208,0.0019461929963036717,0.05290856584906578
3039232,429.7239523540193,0.013602473566225426,0.17707519233226776,,,,,,,,0.0,0.7036008238792419,0.17148062817740892,0.002685170628607711,0.024135589599609375
3047424,430.85336220200406,0.015912268170911553,0.19366455078125,,,,,,,,0.0,0.7649211883544922,0.10159685308722088,-0.00018413287119831988,0.8687969446182251
3055616,431.994966304017,0.013490811451661167,0.17220459878444672,,,,,,,,0.0078125,0.678316593170166,0.11472864031371349,0.004257413859898254,0.024396955966949463
3063808,433.37327968201134,0.01487762177571137,0.18552246689796448,,,,,,,,0.0,0.7243368029594421,0.14205683497173152,-0.001479459382494563,2.6734142303466797
3072000,434.5510055490013,0.016537930895087052,0.17856445908546448,,,,,,,,0.0078125,0.72702556848526,0.10638261283833751,-0.0023931053250276207,0.5715973377227783
3080192,435.66459702601423,0.0159126690112983,0.19351807236671448,0.0010438504566501194,0.15094425566499256,0.14862095824935753,333,240.29948854037468,49.800000000000004,nan,0.0,0.6959697008132935,0.17287976315297668,0.006083842938385833,0.022984672337770462
3088384,437.0686538070149,0.01196125536348201,0.15715332329273224,,,,,,,,0.0,0.7610181570053101,0.12789106444584183,0.0023677898007353248,0.06280826032161713
3096576,438.42834857999696,0.014083909469317063,0.17097167670726776,,,,,,,,0.0078125,0.6990557909011841,0.11700601722711705,0.001924550363705144,0.09261662513017654
3104768,439.6172206890187,0.014639202694012726,0.18687744438648224,,,,,,,,0.0,0.7179998159408569,0.14999019805696617,0.003065593891818751,0.03373172506690025
3112960,440.9011281490093,0.01608469987194936,0.19068603217601776,,,,,,,,0.0078125,0.7569798231124878,0.10349232930133775,-0.000708216806278983,0.563727080821991
3121152,442.3332796890172,0.014209959663971912,0.17818604409694672,,,,,,,,0.0,0.686381459236145,0.1818417360849,0.0031915804328801188,0.020930444821715355
3129344,443.5511415020155,0.014574503752006505,0.1851806640625,,,,,,,,0.0,0.7549113631248474,0.12937241306465394,-0.0019869665899351664,0.8469839096069336
3137536,444.7755213380151,0.028684285969799675,0.18919678032398224,,,,,,,,0.0078125,0.7066693305969238,0.10809080567189286,-0.003838248820086582,1.0245417356491089
3145728,445.9961635960208,0.01618137205838853,0.19227294623851776,0.0030586966519460246,0.14569382932262953,0.14226508773337776,333,243.10329517568442,49.800000000000004,nan,0.0,0.710956335067749,0.1627677855254397,0.004144091489163154,0.038260456174612045
3153920,447.42242778799846,0.014612330690679548,0.18563233315944672,,,,,,,,0.0,0.7851444482803345,0.1047950680915798,0.0016715646373909856,0.3316827714443207
3162112,448.60914816200966,0.015386166564228984,0.180908203125,,,,,,,,0.0078125,0.681183934211731,0.09858201706742142,0.005462663229548223,0.03068680875003338
3170304,449.77448275501956,0.02731148484517165,0.21641846001148224,,,,,,,,0.0,0.7303762435913086,0.13482055224548364,-0.007589989451573727,5.381331920623779
3178496,450.9292282810202,0.016762628706630624,0.189453125,,,,,,,,0.0078125,0.7180982828140259,0.09948641283931318,-0.001113984269666664,3.1916770935058594
3186688,452.0877712109941,0.017203493951517792,0.20657959580421448,,,,,,,,0.0,0.7002298831939697,0.16103823648988266,0.004044588785953214,0.31154319643974304
3194880,453.19279780599754,0.019269250013821335,0.22084961831569672,,,,,,,,0.0,0.7644868493080139,0.11234684946757584,-0.002788578777137056,3.327852964401245
3203072,454.36619735101704,0.0174799145423044,0.19732666015625,,,,,,,,0.0078125,0.6812870502471924,0.1105171620574866,-0.0009695120078189374,0.7756116986274719
3211264,455.5951903730165,0.014938307965095344,0.1915283203125,0.00727369784678078,0.14880696216743997,0.14228349057481265,333,242.50695578100618,49.35,nan,0.0,0.7248042821884155,0.15227091115666264,0.004744277304240489,0.06178589537739754
3219456,457.0752946920111,0.020464470129554154,0.23044434189796448,,,,,,,,0.0078125,0.7612457871437073,0.10758583347897512,-0.0014852320732216767,1.3062019348144531
3227648,458.33693195701926,0.01584785985139883,0.19853515923023224,,,,,,,,0.0,0.6864826679229736,0.17271631772191837,0.006197551809735211,0.02148011513054371
3235840,459.55750956901466,0.015030518656887327,0.18394775688648224,,,,,,,,0.0,0.7515506148338318,0.11568917192543852,0.004428706710952236,0.08862560987472534
3244032,460.96511222899426,0.017084408864027352,0.19891357421875,,,,,,,,0.0078125,0.7235377430915833,0.08839241142154956,-0.00014760950125431945,0.39766034483909607
3252224,462.2229868900031,0.026621315264512436,0.25499269366264343,,,,,,,,0.0,0.7060922384262085,0.15105565267486204,0.0013218223879661794,3.4370124340057373
3260416,463.7563884789997,0.019133820251912518,0.18305663764476776,,,,,,,,0.0,0.756916880607605,0.10696917295857004,0.003716204919531937,1.3312870264053345
3268608,465.3523069570074,0.01508906375122674,0.19071045517921448,,,,,,,,0.0078125,0.6817491054534912,0.11093354811813447,0.004040858672453948,0.03580813482403755
3276800,466.79448377600056,0.013565267082652039,0.17362061142921448,0.0035173720753659543,0.14782121722188263,0.14469843117846462,333,242.4893978848915,49.800000000000004,nan,0.0,0.7400597333908081,0.14537732683410307,0.001726746426462999,0.10363782942295074
3284992,468.474273705011,0.015429572265549911,0.19050292670726776,,,,,,,,0.0078125,0.749859094619751,0.10350265807018437,0.0005857658962537862,0.4068085849285126
3293184,469.9013905720203,0.023026445911525514,0.248291015625,,,,,,,,0.0,0.6981567740440369,0.1438553533817218,0.0018789478667427498,3.302443742752075
3301376,471.42570010002237,0.015439737779834612,0.17926025390625,,,,,,,,0.0,0.7431373596191406,0.11356101060459979,-0.0019655742903459776,6.813076972961426
3309568,472.94631650001975,0.014537396362406203,0.17021484673023224,,,,,,,,0.0078125,0.6908661723136902,0.10291872189374368,0.0018064208445266385,2.492396593093872
3317760,474.3962672619964,0.02704699654019445,0.19406738877296448,,,,,,,,0.0,0.7077008485794067,0.14878532996722824,-0.0007464670426913446,1.0433076620101929
3325952,475.89378883500467,0.016495525829696003,0.19301758706569672,,,,,,,,0.0078125,0.7562918663024902,0.09846365798899152,0.0011288472883429865,0.585314929485321
3334144,477.6043735590065,0.015758634431639117,0.19117431342601776,,,,,,,,0.0,0.6864930391311646,0.18188833259720946,0.006654105347264353,0.030586455017328262
3342336,479.0631944400084,0.013813251946678609,0.17369385063648224,0.0026527243071372553,0.14836665902106722,0.14493838337531204,333,241.00452398166016,49.35,nan,0.0,0.7479261755943298,0.13732477105960553,0.004604556930636325,0.07293549925088882
3350528,480.7422573759977,0.013874508819622556,0.17738036811351776,,,,,,,,0.0078125,0.7237527966499329,0.11246526286823655,0.0037273253604758697,0.07737467437982559
3358720,482.18745925600524,0.012560530692098577,0.16573487222194672,,,,,,,,0.0,0.7095519304275513,0.16323496523048014,0.0015884133606733721,0.028999468311667442
3366912,483.7202160379966,0.013833845515674445,0.17595215141773224,,,,,,,,0.0,0.7753130793571472,0.11828362777216869,-0.00039873493966262417,0.4414424002170563
3375104,485.1468504090153,0.01381574460320294,0.17836914956569672,,,,,,,,0.0078125,0.6829602718353271,0.12079468360599814,0.0023568486569148757,0.04850081726908684
3383296,486.6066483659961,0.013573852274806581,0.170166015625,,,,,,,,0.0,0.7360727190971375,0.1444524004446531,0.002039871837994993,0.060456227511167526
3391488,487.9324469320127,0.01419042358422789,0.17432861030101776,,,,,,,,0.0078125,0.7420868277549744,0.10287480916123512,0.000549855227694923,0.2720049321651459
3399680,489.3079763720161,0.013751992270440792,0.17681884765625,,,,,,,,0.0,0.6980252265930176,0.17002447893734032,0.003400311864413792,0.02700757421553135
3407872,490.6717681760201,0.01380611048546957,0.17598877847194672,0.006165786184969768,0.15754659336887838,0.147085563295254,333,243.12135119959245,49.050000000000004,nan,0.0,0.7634113430976868,0.1284302610369538,0.0032451903896108416,0.09732375293970108
3416064,492.31175460101804,0.014155241631307847,0.16806641221046448,,,,,,,,0.0078125,0.699812650680542,0.11242150651746913,-6.694861194618879e-05,0.4060206115245819
3424256,494.0129886220093,0.018175898106455392,0.21560059487819672,,,,,,,,0.0,0.7277783155441284,0.13992408682975904,-0.0008354009348821886,1.4892982244491577
3432448,495.575073369022,0.015324800986002862,0.18138428032398224,,,,,,,,0.0078125,0.7515420317649841,0.11123999941314149,-0.003139022760092769,2.8976168632507324
3440640,496.9721706510172,0.014301009491599482,0.18385009467601776,,,,,,,,0.0,0.6884014010429382,0.17265636081265412,0.005485031146953821,0.03487715125083923
3448832,498.41909814000246,0.018051259165720014,0.20338134467601776,,,,,,,,0.0,0.7573778033256531,0.13089987174927642,-0.0026432030767067206,1.9978523254394531
3457024,499.91918424901087,0.01610576560826073,0.18521729111671448,,,,,,,,0.0078125,0.6984809041023254,0.10186635480974177,0.001699070756341928,1.8866180181503296
3465216,501.48751806200016,0.012806177157536886,0.16593018174171448,,,,,,,,0.0,0.7127150297164917,0.15629430966274369,0.004935808617084147,0.05379829555749893
3473408,502.96744997700443,0.020201902158140755,0.22899170219898224,0.00466108764972506,0.14697015295352656,0.14281765462700052,333,243.79031641619173,49.800000000000004,nan,0.0,0.7746301889419556,0.10023210194204525,2.98795968764508e-05,2.3432540893554688
3481600,504.65214603900677,0.02189022262976982,0.2515014708042145,,,,,,,,0.0078125,0.6810966730117798,0.09845093092051509,-0.00029764656631613796,1.3535791635513306
3489792,506.01192739402177,0.022132984042826327,0.22294922173023224,,,,,,,,0.0,0.7277275323867798,0.13971617771698946,4.215287898987246e-05,3.148822784423828
3497984,507.3709494729992,0.02272628432382208,0.21474610269069672,,,,,,,,0.0078125,0.7243940830230713,0.10698058826835441,-0.0018089425806209073,1.3434810638427734
3506176,509.1397184689995,0.017714448348003207,0.21075439453125,,,,,,,,0.0,0.6969181299209595,0.1678346971709485,0.00027825300110729455,3.135674238204956
3514368,510.7191585120163,0.02530199147081076,0.25031739473342896,,,,,,,,0.0,0.740706205368042,0.12739871432035693,-4.7093050457061065e-06,2.1547858715057373
3522560,512.1637251189968,0.022462725218374564,0.21970215439796448,,,,,,,,0.0078125,0.6912632584571838,0.10203680090731021,-0.0006640889317620924,0.4352639615535736
3530752,513.5576174950111,0.014714543654805285,0.18587647378444672,,,,,,,,0.0,0.7212488055229187,0.15214370871384636,0.004645186913610194,0.04839043691754341
3538944,514.8926398059994,0.01709399804280585,0.20236817002296448,0.0023344630815560485,0.14957939538271917,0.1484680371539667,333,241.2809240813638,49.35,nan,0.0078125,0.7623218894004822,0.126422927672805,0.0001483206484712731,0.7821497321128845
3547136,516.6341479200055,0.0163582463109803,0.19483642280101776,,,,,,,,0.0,0.6850025057792664,0.18292853967158193,0.008060658568668614,0.01650039292871952
3555328,517.9053173860011,0.01722132605815155,0.20283202826976776,,,,,,,,0.0,0.74678635597229,0.13914375651421776,0.006053518106776986,0.05520186573266983
3563520,519.2480747670052,0.014912597768852807,0.19193115830421448,,,,,,,,0.0078125,0.7255152463912964,0.11797981643554406,-0.0014348944244236223,0.05324229225516319
3571712,520.61247180801,0.014256930417762992,0.18452148139476776,,,,,,,,0.0,0.7047249674797058,0.16748163444236766,0.004025990660747709,0.01989469677209854
3579904,521.939566807996,0.012259282714862506,0.16036377847194672,,,,,,,,0.0,0.7680922150611877,0.12614477308724062,0.0019853766774669593,0.044077251106500626
3588096,523.5639680839959,0.015203209794050066,0.19288329780101776,,,,,,,,0.0078125,0.6841716766357422,0.1254993403577879,0.0015226074259716146,0.017567265778779984
3596288,525.0783534359944,0.01360609055048111,0.17869873344898224,,,,,,,,0.0,0.7331879138946533,0.1441689123885284,0.002869649159046554,0.047780025750398636
3604480,526.4429918260139,0.012848476697146116,0.16439209878444672,0.009989699412891517,0.15955916169330542,0.15280907601920818,333,242.43391182671297,49.800000000000004,nan,0.0078125,0.743499755859375,0.1014186239120217,-0.0029674362873109246,0.4051487445831299
3612672,528.087863830995,0.017974326855998174,0.22862549126148224,,,,,,,,0.0,0.6970669627189636,0.15827378176907056,0.0002545844888155777,0.825512707233429
3620864,529.4362591420067,0.179381918572616,0.20681153237819672,,,,,,,,0.0,0.743695080280304,0.11257350592046661,-0.007653761216178257,1.5349476337432861
3629056,530.7569706070062,0.021339343897271632,0.20694580674171448,,,,,,,,0.0078125,0.701557993888855,0.09248742320373017,-0.004445539082367985,0.22116027772426605
3637248,532.0832380630018,0.014561199590405624,0.18223877251148224,,,,,,,,0.0,0.7269324064254761,0.13887963028851735,0.0035809150345455817,0.08705073595046997
3645440,533.5298328800127,0.015812517024128333,0.1951904296875,,,,,,,,0.0078125,0.7750088572502136,0.09137273609288221,-0.0003566572024215593,0.9582409262657166
3653632,535.0221499710169,0.014695670938119089,0.18555907905101776,,,,,,,,0.0,0.6883130669593811,0.177421221703069,0.005348323930779366,0.01814441941678524
3661824,536.2601097610022,0.023403073578843938,0.2520996034145355,,,,,,,,0.0,0.7479364275932312,0.1262222414195921,-0.001167008862250955,4.771697521209717
3670016,537.674578954,0.018945327568105276,0.20937500894069672,0.008737760434111785,0.16198821017002057,0.1514028471819381,333,242.7180329806754,49.050000000000004,nan,0.0078125,0.7176422476768494,0.1087852727341715,0.0004888809177991319,1.0831542015075684
3678208,539.1805511529965,0.01577383682543176,0.19807128608226776,,,,,,,,0.0,0.7094769477844238,0.16488589735780024,0.004129831795994258,0.0426115021109581
3686400,540.414450812008,0.01570802320005759,0.19990234076976776,,,,,,,,0.0,0.7774093151092529,0.12184292423396381,-0.00024871314475955023,0.5580479502677917
3694592,541.7357545980194,0.01905251331334247,0.2115478515625,,,,,,,,0.0078125,0.686065673828125,0.12302163953195672,0.001959848107082395,0.025143994018435478
3702784,543.018361866998,0.013226876954595145,0.170166015625,,,,,,,,0.0,0.7371350526809692,0.1463431351291431,0.00451864498285665,0.048016466200351715
3710976,544.329081539996,0.013983783418204724,0.1767578125,,,,,,,,0.0078125,0.747586190700531,0.11893697393291441,-0.00020717256961352623,0.3396472632884979
3719168,545.6915457900031,0.015664824077809492,0.19927978515625,,,,,,,,0.0,0.6981592178344727,0.16572198022237603,0.0052582054523725155,0.024303779006004333
3727360,546.9726105279988,0.015354305519097887,0.197998046875,,,,,,,,0.0,0.7689563632011414,0.12689295253840646,-0.00027330737551555743,0.21367383003234863
3735552,548.2367582000152,0.014889906211850774,0.18128661811351776,0.0020058153850158744,0.14592817581717993,0.14445055250040303,333,244.0791484240499,49.5,nan,0.0078125,0.7104347944259644,0.10889549231167889,0.00039841242893028594,0.06791318953037262
3743744,549.7308417310123,0.01408679089395139,0.18392334878444672,,,,,,,,0.0,0.7275741696357727,0.14806577796698098,0.0032258485881106707,0.053661566227674484
3751936,551.0000836060208,0.013042497879362729,0.16831055283546448,,,,,,,,0.0078125,0.7800642848014832,0.11579473610108953,-0.000644331137980503,0.12800739705562592
3760128,552.3590712459991,0.013621245866039411,0.17722168564796448,,,,,,,,0.0,0.6861817836761475,0.17920378228517636,0.0009867121765224662,0.017998432740569115
3768320,553.9011786180199,0.016600722818850853,0.21193848550319672,,,,,,,,0.0,0.7558220028877258,0.12772821566182055,-4.602378359178355e-06,0.17642493546009064
3776512,555.5221054500144,0.01913153479331938,0.19091796875,,,,,,,,0.0078125,0.7293636202812195,0.11367059236002208,-0.002851414421544351,0.2882215082645416
3784704,556.8748945679981,0.019542962282707244,0.21358643472194672,,,,,,,,0.0,0.7096056938171387,0.15510076043268053,-0.004117767654458741,4.048951625823975
3792896,558.1412067220081,0.05871293376952791,0.1898193359375,,,,,,,,0.0,0.737727165222168,0.10126195219052003,-0.0006004322447773637,4.7585272789001465
3801088,559.5239880820154,0.018887882452727756,0.21630859375,0.00033137995625309724,0.13840724402112836,0.13587438604154295,333,245.4624123952706,49.650000000000006,nan,0.0078125,0.6815850734710693,0.09963081872331378,0.002987612748491267,0.23692579567432404
3809280,561.1947205520119,0.02322113078035344,0.2560791075229645,,,,,,,,0.0,0.7445780038833618,0.1279662293030636,0.0014033573934402644,1.6215018033981323
3817472,562.4978805120045,0.019106184810188886,0.20366211235523224,,,,,,,,0.0078125,0.7500072717666626,0.10099817943560131,0.0010129612995431402,0.9009929895401001
3825664,563.8185655850102,0.01639418258091203,0.20418702065944672,,,,,,,,0.0,0.7004106640815735,0.16645528688525596,0.003878499485361302,0.041671574115753174
3833856,565.0945501899987,0.016263013003797327,0.20206299424171448,,,,,,,,0.0,0.7808530330657959,0.1216971295713758,-0.0006556915937299527,1.8815943002700806
3842048,566.4143367790093,0.015714159832410684,0.1865234375,,,,,,,,0.0078125,0.7133966684341431,0.08906012588089597,-0.000420741596455351,0.3100547790527344
3850240,567.7017838490137,0.019869613267055067,0.22556152939796448,,,,,,,,0.0,0.7250030636787415,0.12212963214053629,-0.0012709372977731687,7.235668182373047
3858432,569.0120403100154,0.020860005278062695,0.22553710639476776,,,,,,,,0.0078125,0.7237726449966431,0.1030001259184924,-0.002853676843824847,4.892751216888428
3866624,570.3100210420089,0.021834385388605423,0.24566650390625,0.002940583358589821,0.14472167439938038,0.14238051150471728,333,243.99989600696838,49.5,nan,0.0,0.6855601072311401,0.1777634270567176,-0.0003948342943315992,2.149909257888794
3874816,571.8526060660079,0.020867037703860898,0.22028808295726776,,,,,,,,0.0,0.7437809705734253,0.10722131916838644,0.001162393555407464,1.5276939868927002
3883008,573.156112822995,0.019364086126058607,0.22385254502296448,,,,,,,,0.0078125,0.7313715219497681,0.07684410565653343,0.0013013675632049802,0.4631332457065582
3891200,574.4560045209946,0.018512672336497667,0.21885986626148224,,,,,,,,0.0,0.7116097211837769,0.1563652120398357,0.005366412931409172,0.07776357233524323
3899392,575.7125826739939,0.015479805759673605,0.19338379800319672,,,,,,,,0.0,0.7901275157928467,0.10999333948691253,0.004151681077567202,0.18544505536556244
3907584,577.0398184590158,0.01497740795304936,0.18480224907398224,,,,,,,,0.0078125,0.6879494786262512,0.10746985899266082,-0.0006088050038060306,0.05647292733192444
3915776,578.3068144330173,0.015356094997887272,0.19304199516773224,,,,,,,,0.0,0.734774112701416,0.11524071488409375,-0.001327252915446789,0.4600697457790375
3923968,579.6248264480091,0.030133390256132098,0.21177978813648224,,,,,,,,0.0078125,0.7481108903884888,0.08459383442862935,-0.0005499411982554818,0.7522622346878052
3932160,580.9100163679977,0.014351007924612302,0.18353271484375,0.008151791108842232,0.15712934261600958,0.14835902743836882,333,243.4031363486394,48.900000000000006,nan,0.0,0.6969625949859619,0.17214950371442633,0.0047640332332045746,0.02895517461001873
3940352,582.4810060500167,0.014980815867308407,0.18962402641773224,,,,,,,,0.0,0.7697086334228516,0.12873449764472525,0.0040629962486956285,0.0861678272485733
3948544,584.149432855018,0.01646347040153853,0.19260254502296448,,,,,,,,0.0078125,0.7123304009437561,0.11723018498906472,-0.0014462410025747401,0.0563138909637928
3956736,585.6449187280086,0.014161030766048317,0.18234863877296448,,,,,,,,0.0,0.7214615941047668,0.15666282416046964,0.002301028326881785,0.042006198316812515
3964928,586.9352951220062,0.013352246437410918,0.17198486626148224,,,,,,,,0.0078125,0.7806753516197205,0.12144494016813723,0.0037167049123697916,0.07481398433446884
3973120,588.2730340599956,0.013764234715494329,0.17983399331569672,,,,,,,,0.0,0.6851882338523865,0.18273529076133593,0.0029889474606727357,0.015726976096630096
3981312,589.5884123319993,0.019634642136456826,0.22303466498851776,,,,,,,,0.0,0.7539209723472595,0.12063089978716106,-0.0009156212276180682,2.4797112941741943
3989504,591.0223584129999,0.016194835580753388,0.19423829019069672,,,,,,,,0.0078125,0.728910505771637,0.09951139672626924,-0.0022414026054714143,0.29448720812797546
3997696,592.322640213999,0.013027789757373282,0.16734619438648224,0.0020562641314973984,0.138488861348652,0.1359448365646432,333,244.4680699147354,49.5,nan,0.0,0.7084330320358276,0.16004244686519226,0.003937234709150954,0.037726305425167084
4005888,593.9021695630217,0.012086914936275556,0.16276855766773224,,,,,,,,0.0,0.7856136560440063,0.10501090154402894,0.0018852093513180527,0.16729770600795746
4014080,595.2650302130205,0.013456963513916382,0.17208252847194672,,,,,,,,0.0078125,0.6902415752410889,0.09980805290278129,0.00043786371722536084,0.024953043088316917
4022272,596.5278542800224,0.013172539944719331,0.16823731362819672,,,,,,,,0.0,0.7425103783607483,0.1413951517547946,0.0039984488121204064,0.050547052174806595
4030464,597.8466076000186,0.013842437863109637,0.17861329019069672,,,,,,,,0.0078125,0.7657756805419922,0.1106259549724585,0.0006271247885473363,0.08992928266525269
4038656,599.1528358140204,0.015614907060429152,0.19792480766773224,,,,,,,,0.0,0.697987973690033,0.16712485286890727,0.0008484119012749823,0.36326679587364197
4046848,600.4759180030087,0.018151170401166795,0.21561279892921448,,,,,,,,0.0,0.7690682411193848,0.1240731295293123,-0.0031303945505958123,1.481432557106018
4055040,601.7649923429999,0.03837182051958538,0.18511962890625,,,,,,,,0.0078125,0.7047113180160522,0.10980668036485279,-0.007810232497967366,0.26917776465415955
4063232,603.0961673050188,0.01663845697302408,0.20406495034694672,0.0008679128466432262,0.13521664904393707,0.13279823225322301,333,245.97944485573606,49.5,nan,0.0,0.7201898097991943,0.13330053713139445,-0.0034404249034390893,4.9313249588012695
4071424,604.6718433250207,0.021940745803835593,0.20313720405101776,,,,,,,,0.0078125,0.7653748989105225,0.09893702499869436,0.0019441811617272944,0.8695616126060486
4079616,605.9794338000065,0.015752837647964462,0.19907227158546448,,,,,,,,0.0,0.6865160465240479,0.17960596416889713,0.006526815528879494,0.027432281523942947
4087808,607.2898426320171,0.029081889323788097,0.18475341796875,,,,,,,,0.0,0.7495430111885071,0.12601762194853355,-0.00532641434596208,2.8724331855773926
4096000,608.5460461449984,0.01692993027790609,0.18398438394069672,,,,,,,,0.0078125,0.7354928255081177,0.10646249477349143,0.001352905772925413,0.19838114082813263
4104192,609.8628223940032,0.016809206980231646,0.20457763969898224,,,,,,,,0.0,0.7105944156646729,0.15279958235491012,-0.0029306908554239935,12.239874839782715
4112384,611.1678756239999,0.020344294992649364,0.219482421875,,,,,,,,0.0,0.6965936422348022,0.10231265531529145,0.0002377052682954791,13.493769645690918
4120576,612.5534303360037,0.017602610191883816,0.19227294623851776,,,,,,,,0.0078125,0.6712737679481506,0.10064247271880578,0.002211154616560773,0.5581934452056885
4128768,614.0557585149945,0.021288179254275015,0.22503662109375,0.0029590017617128206,0.14281452073165107,0.13860849364474864,333,246.3274792318195,49.800000000000004,nan,0.0,0.7291197776794434,0.13486155958418933,-0.004539015213249591,4.552596569061279
4136960,615.8121193349943,0.10178573894444604,0.20246581733226776,,,,,,,,0.0078125,0.7265303134918213,0.11277261830821063,0.027714649771724748,1.9795210361480713
4145152,617.1865976230183,0.017166332405240355,0.20853272080421448,,,,,,,,0.0,0.6972984075546265,0.16624510487103197,0.004388028785842659,0.07459534704685211
4153344,618.4668192180106,0.01480101863955647,0.18714599311351776,,,,,,,,0.0,0.773455798625946,0.11949231049395741,0.0037205594617154255,0.16408029198646545
4161536,619.7701918660023,0.017161004251786738,0.20377197861671448,,,,,,,,0.0078125,0.7182962894439697,0.11805182449937805,0.002786537958988302,0.10492732375860214
4169728,621.037255408999,0.01534512491585908,0.19500732421875,,,,,,,,0.0,0.7252222895622253,0.15058754565339244,-0.0009897379519371353,1.9291521310806274
4177920,622.3222326490213,0.023568469629696463,0.17985840141773224,,,,,,,,0.0078125,0.7722723484039307,0.11925862083005961,0.002184341407384291,1.110167384147644
4186112,623.6708782310016,0.013096955464214743,0.17181396484375,,,,,,,,0.0,0.6860232949256897,0.17805060133513223,0.004730820916038259,0.032670218497514725
4194304,624.9188673290191,0.01905468721762949,0.23270264267921448,0.0015923606118989353,0.1435506336392105,0.140446132712738,333,244.95755074975045,49.650000000000006,nan,0.0,0.7579606771469116,0.11263344467633316,-0.0034671185517552872,3.7526605129241943
4202496,626.5344983040122,0.019778396048286857,0.16477051377296448,,,,,,,,0.0078125,0.7270568609237671,0.08530463320648737,-0.0010919087261136186,0.57416170835495
4210688,627.8618637680192,0.013927541767825576,0.17829589545726776,,,,,,,,0.0,0.7090686559677124,0.15620363529938178,0.0011021703921995554,0.15778063237667084
4218880,629.1829299810051,0.01642004442097759,0.20517578721046448,,,,,,,,0.0,0.7849084734916687,0.07682139946106487,0.0024087899163900486,0.17590031027793884
4227072,630.5215880140022,0.013349973988631964,0.17459717392921448,,,,,,,,0.0078125,0.6920386552810669,0.07900691328106996,0.0011905301967725052,0.09609165042638779
4235264,631.7493224370119,0.013428191303465864,0.17662353813648224,,,,,,,,0.0,0.7366098165512085,0.14898900155349107,0.003175297658115575,0.05503471568226814
4243456,633.0511191090045,0.014012303687636792,0.17427979409694672,,,,,,,,0.0078125,0.7603139281272888,0.1237882195501443,0.003052249433622589,0.07962479442358017
4251648,634.3951407599961,0.012997308952156223,0.17210693657398224,,,,,,,,0.0,0.6971821188926697,0.16763013375392447,0.001699190514179954,0.04210706427693367
4259840,635.6413725489983,0.013784836696059139,0.1834716796875,0.007837099838009842,0.14316752601901855,0.13979033190856563,333,245.85729552465185,49.5,nan,0.0,0.7746398448944092,0.12612995868180826,0.0005897317449987751,0.07104011625051498
4268032,637.2229668810032,0.015708584609067235,0.18260498344898224,,,,,,,,0.0078125,0.7167052626609802,0.11876245281234676,-0.0007383748426003213,0.06374425441026688
4276224,638.4473142939969,0.013486129258703322,0.17270508408546448,,,,,,,,0.0,0.7283084988594055,0.14466545404943232,0.0012209553893045262,0.05985018610954285
4284416,639.7308208250033,0.0127074021968064,0.16531983017921448,,,,,,,,0.0078125,0.7938413619995117,0.10895619485697322,0.00023836444834211988,0.06657209992408752
4292608,641.0155960209959,0.013855162270950017,0.17896728217601776,,,,,,,,0.0,0.6876238584518433,0.17702380206330176,0.0023821362740725095,0.019039733335375786
4300800,642.3171343660215,0.015576961068548285,0.18952636420726776,,,,,,,,0.0,0.7632755637168884,0.12054515014442581,-0.0011838254480112935,3.9508309364318848
4308992,643.9295321470127,0.019203888932678242,0.20010986924171448,,,,,,,,0.0078125,0.7374168634414673,0.09641391212785239,-0.00023485899723621267,0.2850889265537262
4317184,645.4826396240096,0.014742087141997732,0.18560791015625,,,,,,,,0.0,0.7137422561645508,0.14610757031105695,-0.0014488253150593772,5.86885929107666
4325376,646.7969034390117,0.5082862315251125,0.19012451171875,0.00456088363334517,0.14185002577600758,0.13729933959986831,333,248.11413961954716,49.800000000000004,nan,0.0,0.747968852519989,0.11700109419960233,-0.0025566224527886145,1.6754579544067383
4333568,648.3745581090043,0.020903909920148556,0.19654540717601776,,,,,,,,0.0078125,0.6865032911300659,0.10933959065114496,0.005121024598246639,0.3430793881416321
4341760,649.6951036670071,0.019188957447078613,0.21926270425319672,,,,,,,,0.0,0.7363744378089905,0.12368806032251646,-0.002345209804013433,5.3895063400268555
4349952,651.0734930050094,0.02002032547746876,0.20512695610523224,,,,,,,,0.0078125,0.7575019001960754,0.09229338384399965,-0.003378795966566638,0.5495811104774475
4358144,652.4112106760149,0.015291492082160883,0.19488525390625,,,,,,,,0.0,0.7006341218948364,0.15628025696362147,0.0043443599597448165,0.09417791664600372
4366336,653.65496721401,0.02132552819842353,0.24079589545726776,,,,,,,,0.0,0.769075870513916,0.10921558611985573,-0.00295885008698098,5.849818706512451
4374528,655.0245698979998,0.02624656214734147,0.17872314155101776,,,,,,,,0.0078125,0.7022610902786255,0.1023075825112627,-0.0017612573632180128,0.4798903465270996
4382720,656.3375105480081,0.019562930239803822,0.22541503608226776,,,,,,,,0.0,0.7130083441734314,0.14524901861055564,-0.004184150730636667,10.288594245910645
4390912,657.6053336850018,0.02191846867160442,0.19731445610523224,0.0007282868474184356,0.13461242262844658,0.13300875629593503,333,247.88707723563246,49.5,nan,0.0078125,0.7766419649124146,0.10891988116410539,0.001664345421491139,0.8712841272354126
4399104,659.2036342270148,0.013723855785695445,0.17910157144069672,,,,,,,,0.0,0.6868656873703003,0.17108009930578194,0.004149171971900571,0.3038952350616455
4407296,660.4902454490075,0.01693004249591946,0.19602051377296448,,,,,,,,0.0,0.7395991683006287,0.11590020865474115,-0.0023625739746964422,6.969796180725098
4415488,661.8048819930118,0.0870110039967727,0.18178711831569672,,,,,,,,0.0078125,0.6988930106163025,0.09047177429485517,-0.004188938591101325,2.567371129989624
4423680,663.0973220629967,0.015323478204167877,0.187255859375,,,,,,,,0.0,0.6933553814888,0.14435445320813714,-0.0038803323073907563,19.170106887817383
4431872,664.395124734001,0.01697756644927181,0.17984619736671448,,,,,,,,0.0,0.6339371204376221,0.09106495869878954,-0.002704678925776659,13.867756843566895
4440064,665.7306579970173,0.017593889137283086,0.18397216498851776,,,,,,,,0.0078125,0.6574844121932983,0.0834503386263671,0.0020197577334509086,1.2493175268173218
4448256,667.042242430005,0.019490441209771166,0.23713378608226776,,,,,,,,0.0,0.7493677735328674,0.12418954547049803,0.005601784658231215,0.21988384425640106
4456448,668.3749651460093,0.018680536321745156,0.22254638373851776,0.002008078380733913,0.13706156017651572,0.1354570130256867,333,247.2187905739466,49.5,nan,0.0078125,0.7747049331665039,0.09510412572090625,0.0022011224133623966,0.6800766587257385
4464640,669.8842134070001,0.016681500238447843,0.20120850205421448,,,,,,,,0.0,0.6984372735023499,0.16257543795162444,0.006584751685298654,0.07203549891710281
4472832,671.1950572930218,0.01629054083123071,0.20603027939796448,,,,,,,,0.0,0.7842164635658264,0.1076548013103355,0.0025214949380027493,0.15339846909046173
4481024,672.6085444269993,0.013689062715310951,0.17824707925319672,,,,,,,,0.0078125,0.7254155874252319,0.07892810502568035,0.003259168060905782,0.07239178568124771
4489216,674.2058456270024,0.018530531283091355,0.21331787109375,,,,,,,,0.0,0.7259172201156616,0.14239633656982523,-0.0014111458236208488,2.324773073196411
4497408,675.6986992300081,0.015812852309063312,0.17767333984375,,,,,,,,0.0078125,0.7910842299461365,0.0958365404718314,-0.0003109974490299138,0.3499860167503357
4505600,677.0687394760025,0.01823848359752286,0.22354736924171448,,,,,,,,0.0,0.6852753162384033,0.1748938845134736,0.00373211983095921,0.2531971037387848
4513792,678.426381954021,0.020112306511576084,0.21260987222194672,,,,,,,,0.0,0.7424174547195435,0.12732920653602336,-0.0026725080867291834,4.142894268035889
4521984,679.7539464239962,0.08623910833830595,0.21467284858226776,0.0017928478894212452,0.13195500403830596,0.13076249166345372,333,249.2539052284602,49.5,nan,0.0078125,0.7339658737182617,0.11339838354764277,-0.007024582988830443,0.25394901633262634
4530176,681.4234501040191,0.014970342495347927,0.19504395127296448,,,,,,,,0.0,0.6996257305145264,0.13448886656824022,-0.0025672544613437255,16.616287231445312
4538368,682.736810618022,0.02866823965722111,0.20590820908546448,,,,,,,,0.0,0.7147339582443237,0.09744138365808754,-0.004128408726035832,3.530851125717163
4546560,684.0732415370003,0.021668584915522496,0.2098388671875,,,,,,,,0.0078125,0.683823823928833,0.08733128938134693,-0.0006665685761789308,0.8315100073814392
4554752,685.36463370602,0.019742579720827796,0.24107666313648224,,,,,,,,0.0,0.7539936900138855,0.11616434022642105,0.003932445874608369,0.23045411705970764
4562944,686.6374129290052,0.014229807936434153,0.18355713784694672,,,,,,,,0.0078125,0.7859119176864624,0.08304122997373126,0.002781216791233195,0.14023776352405548
4571136,687.9436942629982,0.016364913899844048,0.20435790717601776,,,,,,,,0.0,0.6977490782737732,0.16023390186697664,-0.00271139431240899,6.665858745574951
4579328,689.2816347930057,0.02191292325800501,0.21143798530101776,,,,,,,,0.0,0.7129194736480713,0.11126639239776667,-0.002930728349730675,6.21640682220459
4587520,690.6429979639943,0.035386340550873883,0.19331054389476776,0.0021586358663193694,0.13869204147999148,0.1361571745981308,333,248.5011020642322,49.800000000000004,nan,0.0078125,0.6864362359046936,0.09240419100685168,-0.007728062754686247,1.4571049213409424
4595712,692.1601435060147,0.016518454782130824,0.20363770425319672,,,,,,,,0.0,0.7189364433288574,0.13774870436756284,-0.0031149634919290393,11.758933067321777
4603904,693.4689854460012,0.032998847585823665,0.21784667670726776,,,,,,,,0.0078125,0.7459838390350342,0.090890225321476,-0.002642209968111631,2.222492218017578
4612096,694.7834815609967,0.02562028244089934,0.27290040254592896,,,,,,,,0.0,0.6862648725509644,0.16121957436065837,0.0038565219465354346,2.2312772274017334
4620288,696.1094394820102,0.022678547940287355,0.24193115532398224,,,,,,,,0.0,0.7604224681854248,0.1185862932706939,-0.001486380590211917,1.5053237676620483
4628480,697.3878048660117,0.023425360605134914,0.22523193061351776,,,,,,,,0.0078125,0.7450178861618042,0.09833149117300918,0.0033440146191689502,0.40253743529319763
4636672,698.7119788370037,0.023897379247755368,0.25396728515625,,,,,,,,0.0,0.7152426242828369,0.1445121252441076,0.0019284389699860312,2.212599992752075
4644864,700.047804124013,0.022353615985360398,0.24962158501148224,,,,,,,,0.0,0.7913617491722107,0.09575093072735269,0.0005506669778234288,0.5671727061271667
4653056,701.3275172710128,0.017725359627018433,0.20697021484375,0.0008205612379249549,0.13826802711145159,0.13527599009403216,333,247.70955915599018,49.650000000000006,nan,0.0078125,0.696638822555542,0.09454305942365102,0.0018825750571946716,0.11637826263904572
4661248,702.9672559589962,0.015537619473870671,0.19381104409694672,,,,,,,,0.0,0.74835205078125,0.13683772940157843,0.0033106145846763567,0.09750973433256149
4669440,704.4582179040008,0.014287524792038379,0.17872314155101776,,,,,,,,0.0078125,0.7789994478225708,0.10871316579593499,0.0036506331577077777,0.08499255776405334
4677632,706.0281455020013,0.014604243271973728,0.19105224311351776,,,,,,,,0.0,0.6998652815818787,0.14908910697623282,0.003300692391233267,0.1345396786928177
4685824,707.3481112320151,0.013456800392515983,0.17183838784694672,,,,,,,,0.0,0.7865714430809021,0.11074307487759838,0.000915643767101704,0.11336322128772736
4694016,708.7210045230167,0.015209526817321071,0.19304199516773224,,,,,,,,0.0078125,0.7290472984313965,0.10351441369876677,0.001072105657725349,0.08945911377668381
4702208,710.123312124022,0.013635565049543953,0.18028564751148224,,,,,,,,0.0,0.7333913445472717,0.14647598663463923,0.001428999120309269,0.11600847542285919
4710400,711.6478127750161,0.013091747253454118,0.17152099311351776,,,,,,,,0.0078125,0.8103241920471191,0.10807649174575745,0.0038276660936344548,0.1056891605257988
4718592,713.3479323160136,0.017166712686794528,0.21102295815944672,0.00235539895575676,0.12832909316440566,0.12677129551714875,333,251.62563098789985,49.35,nan,0.0,0.6855102181434631,0.1700405505863461,-0.001425201429141801,3.0198497772216797
4726784,715.1165413630079,0.01932892810855781,0.1917724609375,,,,,,,,0.0,0.7370522618293762,0.10655242158328479,-0.006918989703804743,8.614439964294434
4734976,716.5271307100193,0.01860647438319849,0.18776856362819672,,,,,,,,0.0078125,0.7420147657394409,0.0855026574654008,0.0014207422219818244,1.0869534015655518
4743168,717.9808715410181,0.010372484982318013,0.13819579780101776,,,,,,,,0.0,0.6942474842071533,0.14612207469222382,-0.00641685083735211,24.76122283935547
4751360,719.7442129300034,0.02406091844154635,0.1820068359375,,,,,,,,0.0,0.6702102422714233,0.09970298895429361,-0.0005378368556864232,7.4555816650390625
4759552,721.2295082400087,0.025443403958765168,0.24971924722194672,,,,,,,,0.0078125,0.6814169883728027,0.09620272327315676,0.004370955280030173,0.8328947424888611
4767744,722.6571735320031,0.017133681525631453,0.20958252251148224,,,,,,,,0.0,0.7379545569419861,0.11772234105532013,-0.006649305846536169,10.276788711547852
4775936,724.2886974790017,0.03422125992873893,0.20664063096046448,,,,,,,,0.0078125,0.7373658418655396,0.08844820534428943,-0.005781233446133584,1.544753909111023
4784128,725.816841901018,0.022250516307305596,0.25996094942092896,0.004705354420556751,0.13366179182086327,0.1332940250227556,333,249.59716853307614,49.5,nan,0.0,0.6991204619407654,0.15746723565116388,-0.001967845843128475,3.5347182750701904
4792320,727.4937210950011,0.02740876700068745,0.2682739198207855,,,,,,,,0.0,0.7623648643493652,0.11278933345044648,0.0003134664406331112,0.7263893485069275
4800512,728.8564949870051,0.018893215416513145,0.2158203125,,,,,,,,0.0078125,0.7226434350013733,0.10029270075029201,0.003942668091557776,0.3118011951446533
4808704,730.2129800830153,0.02288989176254283,0.23812256753444672,,,,,,,,0.0,0.7124269604682922,0.14199072294198198,-0.0008816060860312706,6.620055675506592
4816896,731.5851787790016,0.022621201464906454,0.16475830972194672,,,,,,,,0.0078125,0.7685582637786865,0.09839569316117482,0.010797705129579041,2.895580530166626
4825088,733.0673384529946,0.01743916523165583,0.2127685546875,,,,,,,,0.0,0.6854519248008728,0.17905716356232762,0.005907157810690934,0.08273029327392578
4833280,734.6637511450099,0.02062477236315995,0.20131836831569672,,,,,,,,0.0,0.7570058107376099,0.13247239746154463,-0.004311114494177567,2.619507074356079
4841472,736.087280673004,0.017524418925654785,0.19102783501148224,,,,,,,,0.0078125,0.7431546449661255,0.11101540375763269,-0.0004708779842481072,0.4970706105232239
4849664,737.4005545160035,0.015290552525171528,0.1956787109375,0.001577764978509144,0.13307084693097618,0.13214313616252665,333,249.424845250995,49.5,nan,0.0,0.7141739726066589,0.1524953083578516,0.0028932432382112365,0.11920924484729767
4857856,739.0410444800218,0.014724234663319258,0.18547363579273224,,,,,,,,0.0,0.8081711530685425,0.11501295630705992,0.001925449350152301,0.11504843086004257
4866048,740.3704731610196,0.01476665451299524,0.19160155951976776,,,,,,,,0.0078125,0.7052215933799744,0.11012731060242403,0.00104414694240716,0.04430181160569191
4874240,741.726457287994,0.013720526990481572,0.17999267578125,,,,,,,,0.0,0.7484773993492126,0.11224476001929377,-0.0001315683134227763,0.15774278342723846
4882432,743.1270678639994,0.011918867142863585,0.15878906846046448,,,,,,,,0.0078125,0.7882248163223267,0.09859773730572682,0.001481113056821852,0.08418905735015869
4890624,744.4833027900022,0.013835671888800655,0.17832031846046448,,,,,,,,0.0,0.6988643407821655,0.163444727365111,0.0006838446365612672,1.1482255458831787
4898816,745.8054010019987,0.014842539037136693,0.17691650986671448,,,,,,,,0.0,0.7788282632827759,0.12230381320872001,-0.0009381534939812623,0.7867107391357422
4907008,747.1185403889976,0.016064301833415128,0.18587647378444672,,,,,,,,0.0078125,0.7277036905288696,0.11089761005621751,0.004059833510444114,0.12718522548675537
4915200,748.4343580889981,0.015402072677276918,0.19315186142921448,0.004701060309157401,0.13703195823237482,0.1363184453488793,333,248.36462438349392,49.5,nan,0.0,0.7285987138748169,0.13942786465614865,-0.002999518170199885,2.6759183406829834
4923392,750.08633203301,0.10948142484228163,0.17950439453125,,,,,,,,0.0078125,0.7927225828170776,0.10339742821946908,-0.008194044168220853,0.4061187207698822
4931584,751.543429612997,0.014781655484498224,0.19038085639476776,,,,,,,,0.0,0.6861339807510376,0.1763323237330899,0.005580234526989087,0.05656426027417183
4939776,752.7786413410213,0.019569679775543865,0.21229247748851776,,,,,,,,0.0,0.7449104189872742,0.125500483502976,-0.0035038703921882967,6.407727241516113
4947968,754.0946134770056,0.026139908833585825,0.21553955972194672,,,,,,,,0.0078125,0.7310506701469421,0.10165673814772495,0.0020779590119842976,0.5840822458267212
4956160,755.4214112980117,0.015867328621688114,0.20347900688648224,,,,,,,,0.0,0.7165140509605408,0.15073600933036527,0.0023907511712056586,0.12455759197473526
4964352,756.6803571839991,0.013891927165005105,0.18143311142921448,,,,,,,,0.0,0.8082375526428223,0.09864272708852773,0.0014386473052529554,0.09578830003738403
4972544,757.9828483030142,0.013301522378313361,0.17409668862819672,,,,,,,,0.0078125,0.7065097093582153,0.09575586067246528,0.0023440788510669026,0.04861960932612419
4980736,759.2000250020064,0.019010226021483743,0.22327880561351776,0.0018865972244929141,0.1296769550113209,0.1282542355802533,333,250.41499451274353,49.5,nan,0.0,0.7506145238876343,0.12884909449918205,0.0010548162599486586,0.7162932753562927
4988928,760.8004549159959,0.014080582581602675,0.18142090737819672,,,,,,,,0.0078125,0.7930914163589478,0.10039994187357393,0.0016719036762146437,0.21185822784900665
4997120,762.0817796990159,0.01522014647142661,0.19060058891773224,,,,,,,,0.0,0.6998294591903687,0.160528749845478,0.0075543429531740236,0.05682530999183655
5005312,763.6479750889994,0.01955245095431389,0.2147216796875,,,,,,,,0.0,0.7814704775810242,0.11343070347315111,-0.003101578336207332,2.1478688716888428
5013504,765.2359568870161,0.20681075550889078,0.15421143174171448,,,,,,,,0.0078125,0.725411057472229,0.09976464105109133,-0.013952877806352093,0.29909029603004456
5021696,766.5612475410162,0.01821936876871229,0.19248047471046448,,,,,,,,0.0,0.7278205752372742,0.14564521529578722,-0.0007452045667536866,1.9112285375595093
5029888,767.8300841780147,0.32181363386484635,0.19106446206569672,,,,,,,,0.0078125,0.8047353029251099,0.10601078661264912,-0.006044064783799554,0.33498844504356384
5038080,769.1501982650079,0.01670083393868319,0.2081298828125,,,,,,,,0.0,0.6849396824836731,0.17774768015105075,0.0019306108893831617,0.5435567498207092
5046272,770.4285846450075,0.022279709772906286,0.20979003608226776,0.001376429701208548,0.12502931074800733,0.12297138300071365,333,252.33780428263765,49.5,nan,0.0,0.7649403214454651,0.12329651317924877,-0.0018850309722529984,2.9839694499969482
5054464,771.9974101990229,0.0196242711531945,0.20659179985523224,,,,,,,,0.0078125,0.7564150094985962,0.09651791148692629,-0.0018609107861253108,0.9599857330322266
5062656,773.2415964800166,0.018297908880318733,0.21754150092601776,,,,,,,,0.0,0.7137928605079651,0.15168852765502047,-0.0021131812494765605,5.511590480804443
5070848,774.5164080740069,0.209800319925807,0.19416503608226776,,,,,,,,0.0,0.7569552659988403,0.1110154780179172,-0.009184145322476484,3.251516819000244
5079040,775.8402154180221,0.035742647458616085,0.21541748940944672,,,,,,,,0.0078125,0.703657865524292,0.10444120575653808,-0.00032298081467801765,0.19872651994228363
5087232,777.087142777018,0.025355057974833863,0.26203614473342896,,,,,,,,0.0,0.7399379014968872,0.12304939484902379,0.0003783446835274422,6.331243991851807
5095424,778.3523913960089,0.4367824960520594,0.18863525986671448,,,,,,,,0.0078125,0.7592177391052246,0.09143531927064798,-0.010361447743223704,1.4210165739059448
5103616,779.6944664030161,0.01823642347298181,0.22172851860523224,,,,,,,,0.0,0.697162389755249,0.1652658983251596,0.005669084706247363,0.06799357384443283
5111808,781.0025079810002,0.017054557689651258,0.21689453721046448,0.0005414981374896044,0.12474833036216668,0.12330033159371373,333,251.5939779444853,49.5,nan,0.0,0.7890523076057434,0.11453011396919552,0.0033889721014134914,0.0987124815583229
5120000,782.8874918039946,0.013937118993577281,0.17946778237819672,,,,,,,,0.0078125,0.7396111488342285,0.1039085500017849,0.004521759544989741,0.06811501085758209
5128192,784.1735735149996,0.023125214016120856,0.24211426079273224,,,,,,,,0.0,0.7255376577377319,0.13444256747943045,-0.004445632002903362,4.948920726776123
5136384,785.429783517,0.297329351489876,0.21330566704273224,,,,,,,,0.0078125,0.7875071167945862,0.0840919324332972,0.006302299523656821,1.3253029584884644
5144576,786.6867915460025,0.015093491886453503,0.18946532905101776,,,,,,,,0.0,0.6860417723655701,0.17569117084323974,0.004668439933282073,0.06718777865171432
5152768,787.9644973740214,0.013072653914295282,0.156494140625,,,,,,,,0.0,0.7044271230697632,0.1220087474683424,-0.004271385215287721,23.36658477783203
5160960,789.2061597490101,0.7548920206090338,0.2086181640625,,,,,,,,0.0078125,0.6618233323097229,0.09228607407433702,0.004418950022874818,5.67525577545166
5169152,790.4793271340022,0.017669223089973974,0.21708984673023224,,,,,,,,0.0,0.7167302966117859,0.14409801910529735,0.005474650148258625,0.12987416982650757
5177344,791.7430733329966,0.021780411499758075,0.2543579041957855,0.0015499300358804424,0.12480741965536181,0.12321911976759607,333,251.88335175034754,49.5,nan,0.0,0.8211420774459839,0.07734150425245398,0.002946484161335087,0.27670830488204956
5185536,793.6869659280055,0.02017033466165352,0.23381347954273224,,,,,,,,0.0078125,0.712358832359314,0.0703854529684818,0.0037789790071496043,0.1487390100955963
5193728,795.152608489996,0.023680032190078006,0.2364501953125,,,,,,,,0.0,0.7362841367721558,0.10604954286337995,-0.004029678315196873,8.686549186706543
5201920,796.5331809369964,0.0162417853588868,0.18007813394069672,,,,,,,,0.0078125,0.774176836013794,0.06804364119390018,-0.0005755159663324844,4.180900573730469
5210112,797.8479404270183,0.017284060912670974,0.21531982719898224,,,,,,,,0.0,0.6973365545272827,0.16316326586959415,0.005660393348622236,0.19223769009113312
5218304,799.1077697250003,0.05663927054155215,0.23626708984375,,,,,,,,0.0,0.7752270698547363,0.10837137409546299,-0.004895393091190841,3.414754629135132
5226496,800.3894493110129,0.015198675918175511,0.18670654296875,,,,,,,,0.0078125,0.7349574565887451,0.09763045292969923,0.002277201498492687,0.39428797364234924
5234688,801.6227966010047,0.019811553108749186,0.23851318657398224,,,,,,,,0.0,0.7267897725105286,0.14797538099728072,0.0018097764418935616,1.3166236877441406
5242880,802.9598573740222,0.117211930167259,0.21749268472194672,0.003536480115256202,0.13659824895203693,0.1319686068654007,333,249.3341478823851,48.45,nan,0.0078125,0.8011682033538818,0.10910615189309722,0.012434380718091026,1.2603176832199097
5251072,804.6501614240115,0.016134004924335383,0.20319823920726776,,,,,,,,0.0,0.6823760271072388,0.1809919801972503,0.006024060878579194,0.13851478695869446
5259264,805.8743365370028,0.015262316534534593,0.19719238579273224,,,,,,,,0.0,0.7630549669265747,0.12400635875726346,0.002240431837130228,0.08140736073255539
5267456,807.1632893950155,0.019558801662263377,0.23261718451976776,,,,,,,,0.0078125,0.7694259881973267,0.10457438826860214,0.004801205797895528,0.09741135686635971
5275648,808.4674097300158,0.01707911398363182,0.21346436440944672,,,,,,,,0.0,0.7124207615852356,0.1522904617634228,-0.000833324588167738,2.696373462677002
5283840,809.7385696940182,0.020180015775262797,0.21608887612819672,,,,,,,,0.0,0.8002423644065857,0.10956040421459146,0.0025864461269421144,0.9246913194656372
5292032,811.0178546390089,0.018441587580467742,0.18443603813648224,,,,,,,,0.0078125,0.7063117623329163,0.10009620739301729,-0.0011353453841475149,0.25482746958732605
5300224,812.3311936880054,0.01833076392851842,0.20903320610523224,,,,,,,,0.0,0.7456293106079102,0.13428069769112674,0.0001813132816445883,4.443594932556152
5308416,813.7124469940027,0.019961859688996903,0.223388671875,0.0013893281516794698,0.12670602148468516,0.12498403633241995,333,251.752445183911,49.5,nan,0.0078125,0.78343665599823,0.09813181776196145,0.0009623944525448381,1.7961996793746948
5316608,815.2492503770045,0.022996885099111596,0.27008056640625,,,,,,,,0.0,0.697634220123291,0.1634493238436391,0.0032902655486792692,1.7644888162612915
5324800,816.5412642430165,0.024458126671453667,0.22629395127296448,,,,,,,,0.0,0.7511187791824341,0.10780745858315845,-0.000933813668310096,6.630436897277832
5332992,817.809390755021,0.13668667173813034,0.1790771484375,,,,,,,,0.0078125,0.7126213312149048,0.10045898681605414,0.002911218398595768,1.7051492929458618
5341184,819.025668073009,0.020784660090742847,0.23839111626148224,,,,,,,,0.0,0.7299478650093079,0.12758157821682334,-0.004019334139486641,9.431700706481934
5349376,820.3043290790229,0.030227769709292127,0.21772460639476776,,,,,,,,0.0078125,0.7670628428459167,0.08917881608334279,0.003909527548558579,5.183913707733154
5357568,821.5924512160127,0.01826783837387907,0.22565917670726776,,,,,,,,0.0,0.6856746673583984,0.16405841663526757,0.0010434269245992972,1.6232355833053589
5365760,822.925136920996,0.01977070105734216,0.22791747748851776,,,,,,,,0.0,0.7443516850471497,0.11259675828317851,-0.0003407230411799002,8.976227760314941
5373952,824.4523956869962,0.03459730276153402,0.22261963784694672,0.0011914806431977398,0.12539953023059838,0.12342736428270693,333,252.77606290131473,49.5,nan,0.0078125,0.7404998540878296,0.08376331574967248,0.0014595543080179634,2.6236157417297363
5382144,826.3354556200211,0.02761714974022036,0.28741455078125,,,,,,,,0.0,0.7143843770027161,0.14671855413788884,-0.00038256844865463494,4.227893829345703
5390336,827.6563605560223,0.03458471511786592,0.2872680723667145,,,,,,,,0.0,0.7810236811637878,0.09881500517445291,-0.0008459599922757045,5.184082508087158
5398528,828.9613956670219,0.01869752383936747,0.22669677436351776,,,,,,,,0.0078125,0.7072418928146362,0.09301158798521326,0.003875368148049566,1.2091987133026123
5406720,830.2093270140176,0.022713338137283247,0.25230714678764343,,,,,,,,0.0,0.7341935038566589,0.12418405488875303,-0.0034413072562879707,14.5907564163208
5414912,831.5042277610046,0.057186527070509134,0.22857666015625,,,,,,,,0.0078125,0.745777428150177,0.07228366083682895,0.003500155931098951,5.457701206207275
5423104,832.7925924120063,0.018971310843731472,0.22893066704273224,,,,,,,,0.0,0.7002957463264465,0.1631514532497112,0.005020784214449965,0.5056913495063782
5431296,834.1019166909973,0.01892695813098625,0.20279541611671448,,,,,,,,0.0,0.78516685962677,0.11509789598586403,0.00030810242648188495,1.8879879713058472
5439488,835.440641277004,0.03528352014817163,0.21457520127296448,0.0010975608823643457,0.12367640669546093,0.1219417083376427,333,253.37449926237474,49.5,nan,0.0078125,0.7339986562728882,0.0971265215865674,-0.004564616544357958,0.51921147108078
5447680,836.99100546501,0.016338710963347738,0.19460450112819672,,,,,,,,0.0,0.7176400423049927,0.1427923925711361,-0.0035183358012779785,22.342084884643555
5455872,838.2912917170033,0.016614955017986193,0.17965088784694672,,,,,,,,0.0078125,0.7500080466270447,0.10017462743522762,-0.0004563080721641494,4.899688243865967
5464064,839.6268643760122,0.01778857253866793,0.22041015326976776,,,,,,,,0.0,0.6860870718955994,0.1747950010450015,0.004576162537528807,0.15538568794727325
5472256,840.8704470980156,0.020495275625349665,0.2575317323207855,,,,,,,,0.0,0.7626814246177673,0.1224200575810881,-0.005668944790809292,10.00297737121582
5480448,842.2361899800017,0.02380216861765032,0.22380371391773224,,,,,,,,0.0078125,0.7529537677764893,0.10224259488992202,0.0025841282272812322,1.2170326709747314
5488640,843.657460300019,0.014192547804652421,0.17967529594898224,,,,,,,,0.0,0.7131414413452148,0.1424997178966398,-0.00246433469038392,17.732501983642578
5496832,844.9257778510218,0.04043060119838382,0.23942871391773224,,,,,,,,0.0,0.6928967833518982,0.09103655864298736,0.0034111020546665305,8.156018257141113
5505024,846.1841826520103,0.029635604492787605,0.22205810248851776,0.00250096314017334,0.13042599492226128,0.12919450225264442,333,251.26534520019484,49.35,nan,0.0078125,0.6881667971611023,0.07962237916934475,0.0031065181434412705,1.1435972452163696
5513216,847.7085895010096,0.023618304880479214,0.24531249701976776,,,,,,,,0.0,0.7286533713340759,0.12506156425577378,-0.0020564004262696423,7.014927864074707
5521408,848.9602003680193,0.33930752660506114,0.22039794921875,,,,,,,,0.0078125,0.7459898591041565,0.09898904615788981,0.0030130927165951263,1.7927955389022827
5529600,850.2473419570015,0.017672378307883468,0.22489014267921448,,,,,,,,0.0,0.6963639855384827,0.1615069133751612,0.006509021068054491,0.04900050535798073
5537792,851.485399452009,0.014657410379484244,0.18864746391773224,,,,,,,,0.0,0.7872589826583862,0.12073974309840624,0.003743688764856599,0.11797958612442017
5545984,852.8412711069977,0.01579541348238192,0.19256591796875,,,,,,,,0.0078125,0.7447670102119446,0.10637621449267355,0.0020004074789902594,0.038739390671253204
5554176,854.3706817100174,0.01849848862782258,0.21853028237819672,,,,,,,,0.0,0.7252217531204224,0.14082684284190505,-0.004166825433960973,2.9310619831085205
5562368,855.9119897670171,0.045025172040701486,0.1934814453125,,,,,,,,0.0,0.7985402941703796,0.09633304757319307,0.014702768991595786,0.7221026420593262
5570560,857.2456086790189,0.017828788653717398,0.21824951469898224,0.0023606273833389757,0.1343785312144344,0.13260166781118338,333,249.51949332796113,49.35,nan,0.0078125,0.6852726936340332,0.09783640057442908,0.005093674731607212,0.06183452531695366
5578752,858.8186208000116,0.014451414734229723,0.18706054985523224,,,,,,,,0.0,0.7680974006652832,0.12545795844049448,0.0018579209051422683,0.07717040926218033
5586944,860.1720629449992,0.015065937242717577,0.1885986328125,,,,,,,,0.0078125,0.770195484161377,0.10887256727164209,0.0013994927309640974,0.06732853502035141
5595136,861.4399275270116,0.020119825809945546,0.23601074516773224,,,,,,,,0.0,0.70273756980896,0.15738974830010383,-0.0023992251488750907,6.956040859222412
5603328,862.7059531889972,0.017741362631524,0.19108887016773224,,,,,,,,0.0,0.7772683501243591,0.10991827890468388,0.0013975407498900351,0.8458932042121887
5611520,864.0100581640145,0.01827950206128528,0.19345703721046448,,,,,,,,0.0078125,0.7068411707878113,0.10312056862547059,-0.00574596418259478,0.16208308935165405
5619712,865.333742428018,0.01907139781512325,0.232177734375,,,,,,,,0.0,0.7410202026367188,0.1344943475405095,-0.0013663939456124766,4.014867782592773
5627904,866.6238452270045,0.15834519673707817,0.16688232123851776,,,,,,,,0.0078125,0.7723724842071533,0.10054622952139271,-0.014749428786550486,0.48396793007850647
5636096,867.8423494629969,0.018084222599328258,0.2235107421875,0.003545088615066194,0.1335311263305076,0.13244094701460435,333,248.93247694777847,49.5,nan,0.0,0.6935779452323914,0.16987932715819407,0.008470878046170876,0.04153219982981682
5644288,869.315546546015,0.01595233029530339,0.2044677734375,,,,,,,,0.0,0.7764512896537781,0.12686701929752833,0.003840330957107167,0.051702309399843216
5652480,870.5095326660085,0.013662496616764025,0.17634277045726776,,,,,,,,0.0078125,0.7396693825721741,0.11336617029329504,0.0015048658675375847,0.04249027371406555
5660672,871.7191262150009,0.01720974945894421,0.21826171875,,,,,,,,0.0,0.7250825762748718,0.14789705754241544,3.643988498217093e-05,0.12399172782897949
5668864,873.003203247994,0.016143229812613288,0.20006103813648224,,,,,,,,0.0,0.8162418007850647,0.10459867145424985,0.0009780317741104841,0.11635928601026535
5677056,874.5117607610009,0.015263656040547713,0.19462890923023224,,,,,,,,0.0078125,0.6852330565452576,0.10672398391667345,0.004567015496908448,0.02976570837199688
5685248,875.729158363014,0.013356436097974104,0.17384032905101776,,,,,,,,0.0,0.7626010179519653,0.12819470513116094,0.0023560428026784034,0.06516732275485992
5693440,877.0143364990072,0.014695368355160738,0.18486328423023224,,,,,,,,0.0078125,0.7686653137207031,0.09495166776508994,0.0032297737367464902,0.06133295223116875
5701632,878.154555776011,0.013698853141867707,0.17995606362819672,0.0012913772750170471,0.13139865012960386,0.12865942857958443,333,249.9927431893268,49.800000000000004,nan,0.0,0.710310161113739,0.16006497246019982,0.0016850988885769233,0.04561805725097656
5709824,879.6745508059976,0.013469603315352525,0.17381592094898224,,,,,,,,0.0,0.8012823462486267,0.11690375199516113,0.003669563192117099,0.052729226648807526
5718016,880.8628495130106,0.014905380871536523,0.19033204019069672,,,,,,,,0.0078125,0.7153849005699158,0.1076850844773348,0.0017305163745798464,0.03344568610191345
5726208,882.0725938550022,0.015492521835721973,0.18889160454273224,,,,,,,,0.0,0.7505242824554443,0.126866717817289,0.0006733664156944041,0.11018978804349899
5734400,883.4878301770077,0.014131541819241634,0.18415527045726776,,,,,,,,0.0078125,0.8098405599594116,0.09153051570663381,-0.00024750298144392475,0.08183570206165314
5742592,884.9069825049955,0.01406368945694147,0.18540039658546448,,,,,,,,0.0,0.6966720819473267,0.1645076212687099,0.0029006130700600153,0.0502014122903347
5750784,886.1056438370142,0.09325721295215383,0.20692138373851776,,,,,,,,0.0,0.7762376666069031,0.10258255858755176,-9.429156876762536e-05,3.512970447540283
5758976,887.302331503015,0.08768199420038846,0.19105224311351776,,,,,,,,0.0078125,0.735321044921875,0.09351902588793587,0.0012901004155149846,0.15859995782375336
5767168,888.4806052960048,0.021479276546177817,0.23853759467601776,0.0041050850417940765,0.12602856401576612,0.12506677318120044,333,251.72350986132787,49.5,nan,0.0,0.7247573733329773,0.1463834513145254,-0.0005337062917172179,5.559289455413818
5775360,890.0375558540109,0.022912951401083965,0.22252197563648224,,,,,,,,0.0,0.8104708194732666,0.08612788758724163,0.001279246097026325,0.6575363278388977
5783552,891.2286387310014,0.019225467789713575,0.2242431640625,,,,,,,,0.0078125,0.6884236335754395,0.08404110498909491,0.004866053881221078,0.04238282889127731
5791744,892.3787904980127,0.019844325806498433,0.2227783203125,,,,,,,,0.0,0.7363812327384949,0.12016494936709593,-0.003226086556591064,16.489154815673828
5799936,893.5789607189945,0.08534323409464324,0.20939941704273224,,,,,,,,0.0078125,0.7452554702758789,0.09560487073110883,0.004293190651577174,2.218851089477539
5808128,894.760248430015,0.018261408223752894,0.22535400092601776,,,,,,,,0.0,0.7144238948822021,0.14766883796976624,0.005371772158279215,0.15681825578212738
5816320,895.9024755739956,0.01581878148444168,0.20185546576976776,,,,,,,,0.0,0.8140957355499268,0.10552990178613987,0.005104335361695452,0.09462397545576096
5824512,897.1138002410007,0.018540364385600024,0.22020263969898224,,,,,,,,0.0078125,0.7199497818946838,0.08656308342419651,0.002096730628621823,0.0559898316860199
5832704,898.2875019730127,0.020434923693629144,0.21832275390625,0.0007254978071321583,0.12390770407726043,0.12072866291447179,333,253.19596527444202,49.35,nan,0.0,0.7350685000419617,0.12058804658016976,-0.003944038621082799,10.592300415039062
5840896,899.8888877950085,0.027165359689490638,0.23409424722194672,,,,,,,,0.0078125,0.7762556076049805,0.09259939847839144,-0.004618953127513154,1.7251942157745361
5849088,901.0648310200195,0.01811679802355301,0.22170411050319672,,,,,,,,0.0,0.6982038021087646,0.16196840962527204,-0.001589779033953026,5.9218878746032715
5857280,902.8498979099968,0.03665566864412796,0.2593750059604645,,,,,,,,0.0,0.7333837151527405,0.1128977688887605,0.006829458778274629,5.1628947257995605
5865472,904.1076447610103,0.49579728984279686,0.18259277939796448,,,,,,,,0.0078125,0.7014983892440796,0.09737794260769407,-0.004545275532503325,1.5072611570358276
5873664,905.3617248760129,0.02828223273223133,0.29539796710014343,,,,,,,,0.0,0.728005588054657,0.12820978899009366,0.0028845657660428554,3.904362201690674
5881856,906.523662349995,0.09348206541264435,0.24718017876148224,,,,,,,,0.0,0.7864089608192444,0.10072295039174163,-0.008635468935431379,1.988526701927185
5890048,907.756583067996,0.025565849051196455,0.2733398377895355,,,,,,,,0.0078125,0.6874747276306152,0.09965909920202676,0.0014339540548856916,2.3347091674804688
5898240,908.9104601150029,0.045212515641927555,0.31208497285842896,0.005262915890137165,0.13538803260078994,0.13538803260078994,333,250.42153008617595,49.95,nan,0.0,0.7483847141265869,0.12057171317145178,0.0023616713456883864,4.411782264709473
5906432,910.3766847500228,0.08726815167947272,0.23422852158546448,,,,,,,,0.0078125,0.7366636395454407,0.10321348436324745,0.008573313279450729,0.7920841574668884
5914624,911.5239754659997,0.02157908438054841,0.24613037705421448,,,,,,,,0.0,0.7112799286842346,0.154373200043406,0.0002459534044385842,5.040879726409912
5922816,912.7150942420121,0.028034643775737323,0.2830810546875,,,,,,,,0.0,0.794895350933075,0.1067305681209445,0.0022149257429682954,1.038297176361084
5931008,914.1982329839957,0.026559462714215876,0.24404297769069672,,,,,,,,0.0078125,0.7116583585739136,0.09478579209265336,0.00680471680006042,0.1360587477684021
5939200,915.6148119470163,0.02658479267437587,0.2770141661167145,,,,,,,,0.0,0.7413564920425415,0.13543809777119598,-0.0016756063324676403,7.7996506690979
5947392,916.7974151550152,0.021698339799796736,0.21286621689796448,,,,,,,,0.0078125,0.7799429297447205,0.10990445889266715,0.002557518856846988,0.8051682710647583
5955584,918.0566112200031,0.018938465315970113,0.22811280190944672,,,,,,,,0.0,0.6934860348701477,0.16794150589640694,0.000814876391138831,3.0905582904815674
5963776,919.2754525839991,0.031150681349468124,0.22550049424171448,0.0034354791269098905,0.13348807155180178,0.13348807155180178,333,250.7558336478822,49.95,nan,0.0,0.7641753554344177,0.12242006409807416,0.010081243894003743,0.38870182633399963
5971968,920.7763816060033,0.01961409790339426,0.21708984673023224,,,,,,,,0.0078125,0.7331597805023193,0.10916832711294878,0.003585289105912798,0.0813739225268364
5980160,921.9344361950061,0.019890099417311284,0.23748779296875,,,,,,,,0.0,0.7285289764404297,0.14437967433637833,-0.004222055994349457,4.29437780380249
5988352,923.1984816970071,0.02049999217771011,0.21317139267921448,,,,,,,,0.0,0.806551456451416,0.10305695535604555,-0.0008065281430016072,1.8290780782699585
5996544,924.6617611570109,0.016604855446360863,0.21082763373851776,,,,,,,,0.0078125,0.6895110607147217,0.10370682400357505,-0.0019804578859314833,9.333992004394531
6004736,926.0064992000116,0.018131947187658284,0.20665283501148224,,,,,,,,0.0,0.6906387805938721,0.11964844785183248,-0.0031884464634757957,16.72076416015625
6012928,927.1544002410083,0.02241608530518199,0.20858155190944672,,,,,,,,0.0078125,0.7039055824279785,0.10753130591334563,0.003014462144684877,3.5019829273223877
6021120,928.3893814840121,0.02328738126055964,0.2547973692417145,,,,,,,,0.0,0.7116516828536987,0.15459469684994853,0.0014502863522920914,4.269340515136719
6029312,929.5762380640081,0.03210255458697988,0.2582153379917145,0.003175595026605804,0.1314973860770777,0.1314973860770777,333,251.93776562961807,49.95,nan,0.0,0.7739349007606506,0.11823735497855997,0.0023538512053733595,3.3678619861602783
6037504,931.0593495219946,0.023879396773835302,0.25672608613967896,,,,,,,,0.0078125,0.71671462059021,0.10570536259713381,0.0018929389779687715,0.3895564079284668
6045696,932.42798596801,0.015770873856787816,0.19521485269069672,,,,,,,,0.0,0.733105480670929,0.12027544931282352,-0.004349193012496334,20.878721237182617
6053888,933.6015246339957,0.020769352242470913,0.19367675483226776,,,,,,,,0.0078125,0.7256189584732056,0.08504390927627727,-0.0006345586685599807,7.40683126449585
6062080,934.8145332400163,0.023858524397423416,0.258544921875,,,,,,,,0.0,0.6967845559120178,0.16535337415684803,0.00204311404690086,4.783801078796387
6070272,936.0004935900215,0.02470846713753451,0.24672852456569672,,,,,,,,0.0,0.7343197464942932,0.12060765294402044,0.0011170964810103153,5.263206481933594
6078464,937.1641047980229,0.5423355831006047,0.19757080078125,,,,,,,,0.0078125,0.688204824924469,0.10467873234556299,-0.01148441162065114,1.6558525562286377
6086656,938.3059697650024,0.018172817209607006,0.22102050483226776,,,,,,,,0.0,0.7027417421340942,0.14005610750279066,-0.004612931404263324,19.73270034790039
6094848,939.4549391909968,0.02691372922597897,0.22822265326976776,0.002749956461441383,0.13569889947118638,0.1346029725724333,333,250.0631383058094,49.35,nan,0.0,0.7393110990524292,0.09672624737389461,0.00722070696292652,4.277083873748779
6103040,941.0557063989982,0.023490010327021967,0.23049317300319672,,,,,,,,0.0078125,0.6880919933319092,0.09681980360817692,0.004176412994064619,0.17206786572933197
6111232,942.2156832540059,0.0153936819996987,0.19682617485523224,,,,,,,,0.0,0.7629265189170837,0.1306419838982515,0.005476649489679561,0.11636102199554443
6119424,943.5651501530083,0.01836884609201032,0.22032471001148224,,,,,,,,0.0078125,0.7738499641418457,0.11100061082786089,0.006804042315476173,0.07604419440031052
6127616,945.0044989960152,0.014901841606078143,0.19089356064796448,,,,,,,,0.0,0.7110005617141724,0.15555291648186453,0.002801376418514275,0.06617174297571182
6135808,946.2065115230216,0.014749912325683068,0.18983153998851776,,,,,,,,0.0,0.8019288778305054,0.11695378080738705,0.0016329786514586962,0.07146966457366943
6144000,947.3972989780013,0.017959947309450993,0.2177734375,,,,,,,,0.0078125,0.7209697961807251,0.11103301993481013,0.0024283245775075027,0.2856592535972595
6152192,948.556507833011,0.020656295730244773,0.20769043266773224,,,,,,,,0.0,0.7268272638320923,0.1358890396577205,-0.002004585571845498,6.319771766662598
6160384,949.7581926569983,0.016173506711631938,0.14250488579273224,0.006159610043586228,0.1327780188453859,0.13266425293720743,333,250.78969064532973,49.35,nan,0.0078125,0.7800055742263794,0.10610388110409956,0.004109483126103046,1.6101449728012085
6168576,951.5966101440135,0.015408030012222507,0.19747315347194672,,,,,,,,0.0,0.6961477398872375,0.16697042772030576,0.0017452198440089232,0.31267237663269043
6176768,952.9236709300021,0.03440108531440838,0.19389648735523224,,,,,,,,0.0,0.7616333961486816,0.11706479947086872,0.0003430636739938839,1.8987873792648315
6184960,954.312954760011,0.016069838935592298,0.18825684487819672,,,,,,,,0.0078125,0.7480937838554382,0.1051316612876938,0.0006649509551274037,0.8279698491096497
6193152,955.4944458670216,0.018793883515771683,0.21384277939796448,,,,,,,,0.0,0.722003161907196,0.1484111816808848,-0.0007141133285928927,6.237926483154297
6201344,956.6923165670014,0.019360286098842314,0.20943604409694672,,,,,,,,0.0,0.7996349930763245,0.1092032789393364,0.003784150186132594,0.5459903478622437
6209536,957.8859074390202,0.022161069649981137,0.23880615830421448,,,,,,,,0.0078125,0.6927759051322937,0.10517862237334098,0.0044769387687700465,0.11988856643438339
6217728,959.0279334850202,0.01928717267887329,0.23093262314796448,,,,,,,,0.0,0.7556946277618408,0.13089969530412549,-0.001761466952430435,4.245579242706299
6225920,960.2613670100109,0.08267448398631275,0.20815430581569672,0.007501420306927686,0.13696516798571756,0.1352107967155042,333,250.5930673158789,49.5,nan,0.0078125,0.7624161839485168,0.11022525256489746,-0.0013293787337082946,0.3005645275115967
6234112,961.8391773030162,0.018172199607103003,0.22305908799171448,,,,,,,,0.0,0.7100518941879272,0.15570213587411366,0.0003640529846062807,4.359679698944092
6242304,963.0268975820218,0.02319950004743236,0.23004150390625,,,,,,,,0.0,0.7860412001609802,0.12318639515425889,0.0025954641265078567,0.4204353988170624
6250496,964.20742792901,0.0485740542527298,0.2559814453125,,,,,,,,0.0078125,0.7141097187995911,0.11049390832428627,-0.0022594020588252335,1.7941465377807617
6258688,965.3485414870083,0.051407864876327425,0.23593750596046448,,,,,,,,0.0,0.7293235063552856,0.13289631977542887,-0.0036300693242435527,2.340068817138672
6266880,966.5298021750059,0.11576198074010602,0.217041015625,,,,,,,,0.0078125,0.7861951589584351,0.11000933909960309,0.002671329842251502,0.18564634025096893
6275072,967.6980745780165,0.017631279909667997,0.21968995034694672,,,,,,,,0.0,0.6944965720176697,0.1734674533236468,0.006147374433071947,0.03114200569689274
6283264,968.8813667750219,0.015506591278533488,0.19918213784694672,,,,,,,,0.0,0.7845968008041382,0.1239806514039333,0.003017116116868433,0.06657447665929794
6291456,970.1603189300222,0.013460153191200329,0.1766357421875,0.0052300482087032085,0.1292139781675185,0.12913326717187093,333,252.66409612381656,49.5,nan,0.0078125,0.7555160522460938,0.11133843858714959,0.0029840384149560405,0.048673540353775024
6299648,971.8645065970195,0.013487085655927706,0.17573241889476776,,,,,,,,0.0,0.7187760472297668,0.14314650701655185,-0.0027869251229775127,19.410980224609375
6307840,973.2094128020108,0.01664726872959185,0.159423828125,,,,,,,,0.0,0.7551014423370361,0.10266883577130463,0.0016048921738691367,5.886897563934326
6316032,974.7156724300003,0.02027180877417155,0.20653076469898224,,,,,,,,0.0078125,0.6900495290756226,0.10021877203413924,0.0021560429338379527,0.1811112016439438
6324224,976.2284130440094,0.015586416460811,0.1868896484375,,,,,,,,0.0,0.7384442090988159,0.11968466014729925,-0.002817193896074865,15.337857246398926
6332416,977.567185908003,0.018408126115615635,0.188232421875,,,,,,,,0.0078125,0.7495585680007935,0.10233011554157083,0.0013349156159078353,1.1693567037582397
6340608,978.9121712160122,0.01929497169859576,0.22004394233226776,,,,,,,,0.0,0.7106991410255432,0.15348136246293714,0.0006109634406615049,5.133901119232178
6348800,980.2004593849997,0.02441348277005447,0.25067138671875,,,,,,,,0.0,0.7910411953926086,0.11514345142168304,0.0011737772164165643,3.972538709640503
6356992,981.4079547809961,0.019099005551031847,0.21999512612819672,0.0055493814012074205,0.13298820822740196,0.1315347469583965,333,252.04078128964147,49.5,nan,0.0078125,0.722719132900238,0.10448433757575759,0.003385377563227397,0.5342907905578613
6365184,983.0941528650001,0.020917869104787042,0.23200683295726776,,,,,,,,0.0,0.723122775554657,0.13156382780086465,-0.0033865237934500264,13.4876708984375
6373376,984.3973307140113,0.06422358066499204,0.17337647080421448,,,,,,,,0.0078125,0.7331271171569824,0.10454586405010295,0.0026224371401383766,3.7305335998535156
6381568,985.6809510930034,0.01933491246055881,0.23084716498851776,,,,,,,,0.0,0.6959935426712036,0.16744574852652677,0.008099921207566729,0.1711668223142624
6389760,986.9397680890106,0.018627587744593485,0.23088379204273224,,,,,,,,0.0,0.7948490977287292,0.11960887471596399,0.0063268818792164205,0.17802882194519043
6397952,988.2470801089949,0.015496420426026017,0.19354248046875,,,,,,,,0.0078125,0.7631793022155762,0.10508526842807692,0.005161764250690331,0.12851934134960175
6406144,989.5882650090207,0.017806021463857177,0.2041015625,,,,,,,,0.0,0.7267013192176819,0.14712980927985977,-0.0011140219408323252,3.2179088592529297
6414336,990.8528251410171,0.022027833414887125,0.17910157144069672,,,,,,,,0.0,0.7948510646820068,0.10795716350788277,0.00019176097658715491,2.574490547180176
6422528,992.2505715890147,0.015573645243190805,0.18791504204273224,0.0011831169289522325,0.13251726355995586,0.1294392069630527,333,252.67015162152904,48.900000000000006,nan,0.0078125,0.6940630674362183,0.10470140753624685,0.002469709138408375,6.876561164855957
6430720,993.9778320410114,0.014529544115460808,0.18891601264476776,,,,,,,,0.0,0.7338429689407349,0.12193000175830816,-0.004517706824340137,16.306903839111328
6438912,995.3072318210034,0.6710820088963845,0.21689453721046448,,,,,,,,0.0078125,0.7218896150588989,0.09962250130009677,-0.005303406373515684,1.7315424680709839
6447104,996.5314949250023,0.025162089345313235,0.2635742127895355,,,,,,,,0.0,0.7094439268112183,0.15241395288750925,0.0016025536767913671,4.697912693023682
6455296,997.7842380350048,0.0227055715665491,0.24738769233226776,,,,,,,,0.0,0.7940108776092529,0.10236639563983956,0.002839137405282749,3.452611207962036
6463488,999.0621812030149,0.0397795508801047,0.22684326767921448,,,,,,,,0.0078125,0.7221574187278748,0.08762968132796653,0.002783564274794113,0.17497245967388153
6471680,1000.3563957500155,0.029889658536330178,0.24055175483226776,,,,,,,,0.0,0.7341154217720032,0.13709556754285626,0.0005750528159535628,3.209993839263916
6479872,1001.6853511749941,0.2326215112150715,0.20677490532398224,,,,,,,,0.0078125,0.7951706647872925,0.10858207348237196,-0.006682545256300104,0.3758352994918823
6488064,1002.9995823610225,0.015562752258691007,0.20000000298023224,0.0010266387299410207,0.13528213386251262,0.13088525272150445,333,251.80843877735697,48.900000000000006,nan,0.0,0.6936851739883423,0.1677583754704004,0.00456984161684748,0.1472153514623642
6496256,1004.9039131290046,0.10219625498422141,0.2601074278354645,,,,,,,,0.0,0.736845850944519,0.11717073599962914,-0.004364481273865138,8.393534660339355
6504448,1006.4304167430091,0.05728156813399299,0.17847900092601776,,,,,,,,0.0078125,0.7180798053741455,0.10649402024955273,0.008884561833060233,1.3817551136016846
6512640,1007.8001116570085,0.017987667478665027,0.21977539360523224,,,,,,,,0.0,0.7249801158905029,0.15041069040890362,0.00649185203170164,0.09629213064908981
6520832,1009.1319738890161,0.015437510030192867,0.1983642578125,,,,,,,,0.0,0.8212403655052185,0.10763729478038057,0.005490848795698638,0.10107600688934326
6529024,1010.4297696069989,0.013831320228864392,0.17910157144069672,,,,,,,,0.0078125,0.6977495551109314,0.1080000691188704,0.0030981603688241648,0.0516706220805645
6537216,1011.7254598720174,0.013915988654226847,0.18061523139476776,,,,,,,,0.0,0.7684625387191772,0.12946107401189297,0.0033054666130870555,0.08106570690870285
6545408,1013.1177240660181,0.013944863783158604,0.17637939751148224,,,,,,,,0.0078125,0.7945349216461182,0.10883887194267543,0.0048663482592613385,0.07348895072937012
6553600,1014.4327019140183,0.013367302155368905,0.17608642578125,0.0037971575506564603,0.13635398594441858,0.1324017227335465,333,250.6766842778435,49.5,nan,0.0,0.7077552080154419,0.1554719305467127,0.00047697909743397646,0.10963978618383408
6561792,1016.2384959670017,0.013228175075418173,0.16947022080421448,,,,,,,,0.0,0.8023078441619873,0.11259992306388605,0.002070171551049173,0.0581388957798481
6569984,1017.5696333140077,0.013270093976380948,0.17045898735523224,,,,,,,,0.0078125,0.7277284264564514,0.10768844885148403,0.0021987468405228455,0.04724867641925812
6578176,1018.9114525059995,0.014567462116349645,0.1905517578125,,,,,,,,0.0,0.7444440126419067,0.13287851239548085,0.0016792037191538168,0.0834064856171608
6586368,1020.2079810550204,0.01462721506702206,0.18616943061351776,,,,,,,,0.0078125,0.8192699551582336,0.10021535023801972,0.0036050965710298245,0.06755494326353073
6594560,1021.5434789540013,0.013532082792394757,0.17315673828125,,,,,,,,0.0,0.6930319666862488,0.17540257433849465,0.0015114567872951449,0.03440973162651062
6602752,1022.9503604710044,0.013679281879605402,0.17446289956569672,,,,,,,,0.0,0.7831059694290161,0.12366530021657768,0.0033512905452540275,0.05411173030734062
6610944,1024.2182932680007,0.012968762486536393,0.16602782905101776,,,,,,,,0.0078125,0.7597437500953674,0.11047950114340863,0.002982181149478812,0.04922637715935707
6619136,1025.44400718002,0.014909295083442454,0.19721679389476776,0.005976304383029096,0.13462642789762172,0.13082862364952805,333,251.99148141338497,49.5,nan,0.0,0.7269738912582397,0.15272688453262329,0.001316384902783867,0.07127922028303146
6627328,1027.0093447670224,0.016108329280167102,0.20676270127296448,,,,,,,,0.0,0.8320815563201904,0.09585193948112151,0.0014951645510547468,0.06363905966281891
6635520,1028.3164863410057,0.014960373195134841,0.18461914360523224,,,,,,,,0.0078125,0.7004678845405579,0.09594990590329248,0.00186187499317312,0.03934956341981888
6643712,1029.5461024859978,0.015502808020729432,0.19477538764476776,,,,,,,,0.0,0.7692999839782715,0.11845570164445696,0.0016106899932799561,0.3423977792263031
6651904,1030.7959115330013,0.014865293524525067,0.18903808295726776,,,,,,,,0.0078125,0.7971904873847961,0.08822079779096792,0.004257499835998832,0.10453446209430695
6660096,1032.099266625999,0.012992102930001057,0.17142334580421448,,,,,,,,0.0,0.7110578417778015,0.1542179428318311,0.0016990114443795096,0.07537925243377686
6668288,1033.5711239230004,0.012633643502041304,0.16875000298023224,,,,,,,,0.0,0.812045156955719,0.10783868066382597,0.0016879040704333528,0.05430575832724571
6676480,1035.0309336570208,0.013845757187667482,0.17528076469898224,,,,,,,,0.0078125,0.7340665459632874,0.09854873295248238,0.0027702156937732484,0.0650871992111206
6684672,1036.4990876670054,0.014826413827853564,0.19014893472194672,0.003700113806826333,0.12178494277631499,0.12062265897895723,333,255.8619521607064,49.5,nan,0.0,0.7500742673873901,0.13060463474211956,0.0018867059207321936,0.07555746287107468
6692864,1038.2673649360077,0.013325311611058089,0.17495118081569672,,,,,,,,0.0078125,0.8329480290412903,0.08801358477283733,0.0008300955931620828,0.06824220716953278
6701056,1039.5356162980024,0.0150394368155026,0.19266358017921448,,,,,,,,0.0,0.6964924335479736,0.16573110188289147,0.0016629732736567395,0.052362293004989624
6709248,1040.8295963880082,0.025622219369303922,0.24290771782398224,,,,,,,,0.0,0.783724308013916,0.1055894974443532,-0.004149504582639186,3.0695507526397705
6717440,1042.1521548300225,0.18509826104673174,0.20126953721046448,,,,,,,,0.0078125,0.7493540048599243,0.09174636193688096,-0.0013318970302797371,0.9340928196907043
6725632,1043.3956608640146,0.011355593175974402,0.12075195461511612,,,,,,,,0.0,0.658857524394989,0.13273088896541885,-0.004676535578810123,34.49171829223633
6733824,1044.6772881020152,0.023218928732911082,0.1534423828125,,,,,,,,0.0,0.5286633968353271,0.08189700816455664,0.009437911005924855,32.18489456176758
6742016,1046.0190225630067,0.02876351897726246,0.19638672471046448,,,,,,,,0.0078125,0.6716752052307129,0.07857221975908159,-0.004810601749667199,11.179763793945312
6750208,1047.3076662670064,0.021870138449419735,0.17924804985523224,0.004588517098568001,0.1201194788954058,0.11882307668300202,333,257.0519197291894,49.5,nan,0.0,0.6700795888900757,0.11587871157034874,0.003930043325795114,28.122594833374023
6758400,1049.109304351994,0.02087753036913385,0.1728515625,,,,,,,,0.0078125,0.6905531287193298,0.09358366221095493,-0.004978239022742793,11.464006423950195
6766592,1050.391187147994,0.021677833552289406,0.2563232481479645,,,,,,,,0.0,0.7143958806991577,0.14310432087537736,5.351386072466183e-05,5.829583644866943
6774784,1051.7332638720109,0.027396716573020397,0.24838867783546448,,,,,,,,0.0,0.7787501215934753,0.09576897350759855,0.00035573619743518967,11.935355186462402
6782976,1053.211931769998,0.07326610207043062,0.2506957948207855,,,,,,,,0.0078125,0.7181950807571411,0.08560569962042978,0.006453244040393039,1.0442001819610596
6791168,1054.4697261730034,0.025798819146708753,0.2574218809604645,,,,,,,,0.0,0.7332261800765991,0.12325948715263713,-0.0027460798256976945,14.621710777282715
6799360,1055.7963674910134,0.10133398561827232,0.20383301377296448,,,,,,,,0.0078125,0.7840695977210999,0.0822509621885778,0.0034378534936321606,3.085498809814453
6807552,1057.2050855730195,0.019267647875261817,0.23397217690944672,,,,,,,,0.0,0.6955590844154358,0.16914739353983327,0.0066224786255638345,0.215257927775383
6815744,1058.472936656006,0.01993437017454082,0.21982422471046448,0.004443534998336829,0.12294455736019531,0.11989504623840772,333,254.69729045989547,49.35,nan,0.0,0.7301369309425354,0.11208222820786466,-0.002267346260371711,22.999099731445312
6823936,1060.1472224380122,0.10516058392583337,0.21077881753444672,,,,,,,,0.0078125,0.71425861120224,0.09517400223795351,0.004474641495509729,2.642338991165161
6832128,1061.3774829530157,0.02446268258104537,0.25330811738967896,,,,,,,,0.0,0.7083538174629211,0.12555029472855597,-0.004145303560672462,24.959218978881836
6840320,1062.7044397320133,0.052948341190952125,0.24636231362819672,,,,,,,,0.0,0.7932760119438171,0.078884154817012,0.002911154033170135,4.929870128631592
6848512,1064.287662509014,0.024497993662004936,0.23491211235523224,,,,,,,,0.0078125,0.69818115234375,0.08164815659826997,0.0055499500107830885,0.435966819524765
6856704,1065.9804839580029,0.025283940445179145,0.2799438536167145,,,,,,,,0.0,0.7610176801681519,0.10798108000302746,-0.004522179121646131,21.822465896606445
6864896,1067.3313296209963,0.026479728853141107,0.24050293862819672,,,,,,,,0.0078125,0.743868350982666,0.07413270927684094,0.006986297627720685,6.06324577331543
6873088,1068.6718728050182,0.025216722056146904,0.2773803770542145,,,,,,,,0.0,0.7092062830924988,0.1539646863497587,-0.0025645315344604586,13.168301582336426
6881280,1069.9847980400082,0.030546089386437943,0.2653564512729645,0.005831330321794281,0.12287406953947796,0.1206989381701399,333,255.08566409685386,49.35,nan,0.0,0.7643597722053528,0.10654037130513062,-0.001511302287559122,9.61921215057373
6889472,1071.739822935022,0.026833368023500916,0.2594238221645355,,,,,,,,0.0078125,0.7208845615386963,0.09199553988528772,0.010452874248530593,0.4272947311401367
6897664,1073.0118254870176,0.029636719263353196,0.2865966856479645,,,,,,,,0.0,0.7446595430374146,0.12613990027471095,0.0008431595322660624,10.54995346069336
6905856,1074.305420890014,0.07736464724890416,0.2601684629917145,,,,,,,,0.0078125,0.7908605337142944,0.08761336231264827,-0.003962383822602515,1.1000500917434692
6914048,1075.6402998300036,0.02028091844514068,0.24178467690944672,,,,,,,,0.0,0.6943017244338989,0.16373364407217833,0.0047914158198958615,0.22275672852993011
6922240,1076.90676655501,0.019447382347428113,0.23031006753444672,,,,,,,,0.0,0.7901769280433655,0.09837495974987481,-0.0019450417445498554,4.552264213562012
6930432,1078.2222531070001,0.07869595652648703,0.23798827826976776,,,,,,,,0.0078125,0.7580937147140503,0.08063313862938463,-0.006823095809315268,0.5691892504692078
6938624,1079.6491564460157,0.021536133774692396,0.24696044623851776,,,,,,,,0.0,0.7274227142333984,0.1388826579080509,-0.002380103978959631,9.143420219421387
6946816,1081.0210088810127,0.03932756515009184,0.2817138731479645,0.004568593156592193,0.12086730396346339,0.11950036690476841,333,255.2511696326562,49.800000000000004,nan,0.0,0.7978498935699463,0.0777338147652118,0.004326705254057993,2.3816826343536377
6955008,1082.807402913022,0.023972415708790926,0.23969726264476776,,,,,,,,0.0078125,0.701549232006073,0.0744280361331135,0.006339798690481121,0.1946304887533188
6963200,1084.1354855399986,0.016507314040077305,0.20609131455421448,,,,,,,,0.0,0.7688791751861572,0.12109325628988929,-0.0027304584219886917,14.94366455078125
6971392,1085.4118569210113,0.02591063025653344,0.22742919623851776,,,,,,,,0.0078125,0.7514164447784424,0.09015980005345407,0.003173613494541998,4.963167190551758
6979584,1086.732638401998,0.01899180639443259,0.23081055283546448,,,,,,,,0.0,0.7088740468025208,0.15432796477234495,0.005069013298750794,0.18188315629959106
6987776,1088.11055553201,0.017107333330861185,0.21293945610523224,,,,,,,,0.0,0.8149116635322571,0.10307297736613807,0.005507240083163137,0.10790522396564484
6995968,1089.4113677210116,0.01706086359577852,0.20517578721046448,,,,,,,,0.0078125,0.7414543628692627,0.09480862946265661,0.003578220953794742,0.06472382694482803
7004160,1090.630471447017,0.02261596067556335,0.2265625,,,,,,,,0.0,0.7399051785469055,0.1146957641933667,-0.002650146569911132,8.875426292419434
7012352,1091.9287761480082,0.13654704968338247,0.19241943955421448,0.003530873633872167,0.12073534835586161,0.11737099831314891,333,254.4185460694608,49.35,nan,0.0078125,0.8052064776420593,0.08613359722544582,-0.003096255160581394,1.9512122869491577
7020544,1093.8306280040124,0.01675699093981403,0.21591797471046448,,,,,,,,0.0,0.6923961043357849,0.16927416921021793,0.003798414590260174,0.04823000729084015
7028736,1095.2817638720153,0.018302456463994976,0.21979980170726776,,,,,,,,0.0,0.7742078900337219,0.09670148501001967,-0.0011254815743926944,8.580187797546387
7036928,1096.7943633990071,0.026920442170859416,0.20852051675319672,,,,,,,,0.0078125,0.7415200471878052,0.07733005791000269,-0.0018038909146450015,0.8196201324462891
7045120,1098.0840227740118,0.023012626231530577,0.2608398497104645,,,,,,,,0.0,0.7242186665534973,0.14711534822568767,-0.0023225757279050157,4.628086090087891
7053312,1099.5074753630033,0.03672861749393949,0.291015625,,,,,,,,0.0,0.7895664572715759,0.10455031538873594,0.0005406752050965219,6.443400859832764
7061504,1100.7898547810037,0.017170906060676085,0.19692383706569672,,,,,,,,0.0078125,0.6969355940818787,0.10491751445009014,0.0055832314639178045,0.2027261108160019
7069696,1102.232488603011,0.014550080138132327,0.18784180283546448,,,,,,,,0.0,0.7619465589523315,0.12670247521056424,0.004008983385085017,0.14891000092029572
7077888,1103.614317212021,0.015180661862857964,0.19046631455421448,0.0018900689397237658,0.12407673862931357,0.12068786694755178,333,252.8469417720513,49.35,nan,0.0078125,0.7984484434127808,0.09495920741402464,0.005482832880709231,0.08569853752851486
7086080,1105.2996243679954,0.012672942298159752,0.16728515923023224,,,,,,,,0.0,0.7079951167106628,0.1606770249975104,0.003640021086706156,0.06391489505767822
7094272,1106.7056231060124,0.014153884265385481,0.18134765326976776,,,,,,,,0.0,0.8101931810379028,0.10808755561396412,0.003088296408341988,0.0834314376115799
7102464,1107.9521737940086,0.014673247531133932,0.18699951469898224,,,,,,,,0.0078125,0.7407322525978088,0.09832898720469098,0.0035087789150170796,0.043867647647857666
7110656,1109.3469014519942,0.014795963293936202,0.19000244140625,,,,,,,,0.0,0.744807779788971,0.13520778854271956,0.00289704432081831,0.0803958997130394
7118848,1110.683265447995,0.014205892660568806,0.18167725205421448,,,,,,,,0.0078125,0.8338950872421265,0.09383558088506425,0.001427380568244029,0.07481853663921356
7127040,1112.5393360250164,0.013882201975802666,0.17844238877296448,,,,,,,,0.0,0.6933691501617432,0.17236693878661452,0.003572552972545372,0.03131069615483284
7135232,1113.9972827029997,0.017798252390273436,0.22744141519069672,,,,,,,,0.0,0.7935153245925903,0.0883735856932073,-0.002276827182660898,0.9909815192222595
7143424,1116.2193609710084,0.03372403246101957,0.18107910454273224,0.001488013435302471,0.11859543094455342,0.11498529105944785,333,255.41927835201858,49.35,nan,0.0078125,0.7695666551589966,0.07142036695325457,-0.008643244913549971,0.610783576965332
7151616,1119.1218603360176,0.018271278516191175,0.21151123940944672,,,,,,,,0.0,0.7258244156837463,0.12837721175109187,-0.0007555698948619586,4.027656078338623
7159808,1120.5351290300023,0.031057102452652065,0.20235596597194672,,,,,,,,0.0,0.8018440008163452,0.08482509202160346,0.004449709378858478,4.244895935058594
7168000,1121.9915287170152,0.020059734528502418,0.19833984971046448,,,,,,,,0.0078125,0.7034766674041748,0.0801342434341929,-0.0006856941737119929,0.18638592958450317
7176192,1123.9022363590193,0.02378431007755318,0.2491455078125,,,,,,,,0.0,0.7586003541946411,0.12308980488474303,-0.004005568064743686,8.305264472961426
7184384,1125.6387351310113,0.40621013529127326,0.18994140625,,,,,,,,0.0078125,0.750637948513031,0.09505295371623917,-0.0003876028090926825,2.6093931198120117
7192576,1128.6841161740012,0.027994501763507037,0.2739624083042145,,,,,,,,0.0,0.706007719039917,0.1553962266264001,0.0009125539285582765,4.497476100921631
7200768,1130.777832118998,0.033860632221713476,0.2871948182582855,,,,,,,,0.0,0.7977959513664246,0.0962889890201637,0.004988293817230753,6.2285475730896
7208960,1132.3835070700152,0.023888995543782793,0.22158204019069672,0.001964865037660135,0.11722532926816166,0.11424200730532709,333,255.8681396363542,49.35,nan,0.0078125,0.7357140779495239,0.08369809440744133,0.0060633344342348105,0.43006405234336853
7217152,1134.3296226310194,0.025054752457370395,0.26295167207717896,,,,,,,,0.0,0.7475734353065491,0.1264610448464262,0.0028459262937445984,5.264551639556885
7225344,1136.5489390309958,0.030715147388006337,0.2746826112270355,,,,,,,,0.0078125,0.8120650053024292,0.08179447578595478,0.002349676553980484,3.4901282787323
7233536,1138.5791082820215,0.02329328826117948,0.26610109210014343,,,,,,,,0.0,0.6933702230453491,0.1592203713465176,0.0026787552135535213,0.6040019392967224
7241728,1141.089478978014,0.02314889099161468,0.25385743379592896,,,,,,,,0.0,0.779573380947113,0.09425806879050458,-0.0008917208285996038,8.983316421508789
7249920,1143.1844460570137,0.024492600599114407,0.22772216796875,,,,,,,,0.0078125,0.7626472115516663,0.061578202536157124,0.004030167478872047,0.7068742513656616
7258112,1144.8057816880173,0.016750070743237252,0.20864258706569672,,,,,,,,0.0,0.7303280830383301,0.13861709506421582,0.006444216400837397,0.09602726995944977
7266304,1146.7381965310196,0.03209511303412387,0.24936524033546448,,,,,,,,0.0,0.8084805011749268,0.10214491840940502,-0.0011819643690888725,3.416301727294922
7274496,1148.4409879010054,0.030762800804253684,0.22043457627296448,0.0023885730041456332,0.1233069608374087,0.1189909922081307,333,253.12326539437146,49.35,nan,0.0078125,0.7056500911712646,0.0917043200837479,0.0005848456355994735,0.15453936159610748
7282688,1150.6804741370142,0.01678293947207404,0.21059571206569672,,,,,,,,0.0,0.7692652344703674,0.11687909543146761,0.0032332219386994356,0.15468555688858032
7290880,1152.459328861005,0.01725297346016366,0.21710205078125,,,,,,,,0.0078125,0.8088381886482239,0.08726748027952519,0.0017978708673774887,0.07423354685306549
7299072,1154.3239592430182,0.017565357968121458,0.21662597358226776,,,,,,,,0.0,0.7100686430931091,0.15197955639495767,0.0018469605678897558,1.5077351331710815
7307264,1156.240412982006,0.02009147476414952,0.20802001655101776,,,,,,,,0.0,0.791659414768219,0.10195380226194337,-0.003629664776878885,3.394256591796875
7315456,1158.0962473310065,0.041464551321259396,0.19884033501148224,,,,,,,,0.0078125,0.7298591732978821,0.08506827436411028,-0.005860264909568058,0.8016601800918579
7323648,1159.8112863110146,0.021300922066338573,0.23853759467601776,,,,,,,,0.0,0.7410483360290527,0.13497653172547,-0.0030010554211671757,5.1678643226623535
7331840,1161.5079625080107,0.4865343642690058,0.20426025986671448,,,,,,,,0.0078125,0.7701186537742615,0.09252901533084502,-0.005764095594108916,4.551355838775635
7340032,1163.1389865710225,0.018775432713546633,0.22952881455421448,0.004122883047356862,0.1241757133000712,0.12159235809832913,333,253.0669974448702,49.35,nan,0.0,0.692653477191925,0.1725139895721488,0.004661367470457195,0.12913264334201813
7348224,1165.3421143199957,0.03184900771082003,0.20714111626148224,,,,,,,,0.0,0.7503458857536316,0.11833377312974114,-0.004623339409110245,4.953629970550537
7356416,1167.3756806500023,0.061105333750406436,0.16705322265625,,,,,,,,0.0078125,0.7297078371047974,0.09224706432185593,-0.008228682682743195,2.0737311840057373
7364608,1169.0634063500038,0.023331962729474857,0.26134034991264343,,,,,,,,0.0,0.7262248992919922,0.1373635605174323,-0.0018147969639264695,10.48961067199707
7372800,1170.6947135480004,0.02582144231445417,0.22021484375,,,,,,,,0.0,0.7612695693969727,0.0890323824360729,0.002325999667038832,12.294642448425293
7380992,1172.2952860470104,0.02112736765454544,0.21298828721046448,,,,,,,,0.0078125,0.697698712348938,0.08924464489313108,0.002220255410427689,1.1515616178512573
7389184,1173.8228310169943,0.01799856610428129,0.21633301675319672,,,,,,,,0.0,0.7686589360237122,0.1239332947416535,0.007012163219629933,0.2025151252746582
7397376,1175.1429872820154,0.018788142966346247,0.22999267280101776,,,,,,,,0.0078125,0.8062150478363037,0.09144720040784597,0.0012309727693000918,0.4222351014614105
7405568,1176.7173668440082,0.015352625355228256,0.19940185546875,0.003956624208853565,0.123703520111559,0.123703520111559,333,253.02357337184526,49.95,nan,0.0,0.7070330381393433,0.15746614083544191,0.002853234300921622,0.09053818136453629
7413760,1178.84279913301,0.015276621701517024,0.19206543266773224,,,,,,,,0.0,0.8052207827568054,0.10426849698886591,0.00375040507695424,0.11771827191114426
7421952,1180.8157566710142,0.014569484746735563,0.18599854409694672,,,,,,,,0.0078125,0.7423285841941833,0.08822526805950405,0.0020450220639144125,0.054929640144109726
7430144,1182.4443981150107,0.02364632748506881,0.2523193359375,,,,,,,,0.0,0.7427385449409485,0.1326517408612181,0.0005174861895658983,2.174652099609375
7438336,1184.372138266015,0.17363629726467622,0.17835693061351776,,,,,,,,0.0078125,0.8036595582962036,0.0949765877233737,-0.004388597603146807,1.6576416492462158
7446528,1186.7198615359957,0.014956911798153939,0.18736572563648224,,,,,,,,0.0,0.6926111578941345,0.164072525763615,0.003627283655398413,0.13169905543327332
7454720,1188.7231139960058,0.029475893177273185,0.25072023272514343,,,,,,,,0.0,0.7693576812744141,0.11935178712251963,-0.0037350300269269584,4.3894572257995605
7462912,1190.3587446419988,0.02178461843767407,0.21717528998851776,,,,,,,,0.0078125,0.7582940459251404,0.09148576771246986,0.0021205178334145077,0.49275851249694824
7471104,1191.883072927012,0.01641598033270401,0.20301513373851776,0.00704082503156056,0.12743177720595855,0.12691734891901177,333,252.64991515577526,49.5,nan,0.0,0.7251729369163513,0.14840387496432217,0.005845715927484791,0.08586257696151733
7479296,1193.8494379860058,0.015526271323959756,0.19801025092601776,,,,,,,,0.0,0.8242838382720947,0.10720568859652561,0.0028477402423026004,0.07201927155256271
7487488,1195.4260582890129,0.0169821235188647,0.20457763969898224,,,,,,,,0.0078125,0.7101861834526062,0.10324823820772226,0.004742275046385686,0.049048662185668945
7495680,1196.8578724510153,0.01345236279660586,0.16691894829273224,,,,,,,,0.0,0.7644453048706055,0.12543103510205333,0.004869151410868995,0.06730084866285324
7503872,1198.3502130880079,0.01444764520097449,0.18594971299171448,,,,,,,,0.0078125,0.8021275997161865,0.1038390465896874,0.003852229399093829,0.06274937838315964
7512064,1199.9490075880021,0.01402653956905749,0.18332520127296448,,,,,,,,0.0,0.7078801393508911,0.1539620512503262,0.001579451289733248,0.06433665007352829
7520256,1201.6691572180134,0.01763672524060472,0.22462157905101776,,,,,,,,0.0,0.8076620697975159,0.10609408846360496,-0.0009712334975851826,0.7735640406608582
7528448,1203.299120508018,0.016403387998098456,0.18696288764476776,,,,,,,,0.0078125,0.7383539080619812,0.09443310596044649,-0.0006446452650181502,0.12770798802375793
7536640,1204.9476370680204,0.016210691160071306,0.20262451469898224,0.005553575406907929,0.12426931731487206,0.12343222388743036,333,253.02792806985184,49.5,nan,0.0,0.7485932111740112,0.13838593046725703,0.005493947419204729,0.0931684598326683
7544832,1206.9258317140047,0.014164736846488274,0.18037109076976776,,,,,,,,0.0078125,0.8416128158569336,0.09354187777313085,0.001520691782985676,0.10227944701910019
7553024,1208.3444506259984,0.014949457773094716,0.18964843451976776,,,,,,,,0.0,0.6915865540504456,0.16941869681095761,0.004199424779515662,0.035983871668577194
7561216,1209.764630894002,0.02104293849785599,0.23618164658546448,,,,,,,,0.0,0.7755727171897888,0.1155150004680038,-0.0015239560014267978,4.3381876945495605
7569408,1211.1337505870033,0.0782763637967927,0.16330567002296448,,,,,,,,0.0078125,0.747079074382782,0.08694225202944773,-0.007602390929397062,1.0708028078079224
7577600,1212.5953899850138,0.014054924267570974,0.18519286811351776,,,,,,,,0.0,0.7263393402099609,0.14737187823237696,0.002429993584727003,0.0916287750005722
7585792,1214.7652776430186,0.015769051823906564,0.20063476264476776,,,,,,,,0.0,0.8278322219848633,0.10438592780862907,0.0027504874262611685,0.08143899589776993
7593984,1216.6009492390149,0.014474612747011712,0.18864746391773224,,,,,,,,0.0078125,0.7132177352905273,0.09742109248869463,0.0018872613253642888,0.03840729221701622
7602176,1218.19636283,0.013970528536469795,0.177978515625,0.003425166882408015,0.12020490371278725,0.1181714955189871,333,254.69436840241923,49.35,nan,0.0,0.7690445780754089,0.12377431006249373,0.0018904577217233752,0.1262747049331665
7610368,1220.2377431170025,0.020922723839725942,0.19865722954273224,,,,,,,,0.0078125,0.809334397315979,0.09182507110658888,-0.001458640796135998,0.5293575525283813
7618560,1221.787729208998,0.019703905897809227,0.23164062201976776,,,,,,,,0.0,0.707801342010498,0.15691469032016,0.0004350217108610416,2.363184690475464
7626752,1223.3151441079972,0.040499248692263005,0.21995849907398224,,,,,,,,0.0,0.775179386138916,0.10177470536283048,-0.0029195628657645856,6.063420295715332
7634944,1224.9173479280144,0.0212305645247436,0.20303955674171448,,,,,,,,0.0078125,0.7291874289512634,0.08893068920932747,-0.002297727626388857,0.3287029266357422
7643136,1226.5636260049941,0.02094381192357026,0.22539062798023224,,,,,,,,0.0,0.7425701022148132,0.13302963961178318,-0.0007572542265684538,6.545964241027832
7651328,1228.0495306219964,0.10300507436553341,0.21363525092601776,,,,,,,,0.0078125,0.7974199056625366,0.08562269109574827,0.001124416263221607,4.705071449279785
7659520,1229.5199529640086,0.01848242364502022,0.22365723550319672,,,,,,,,0.0,0.6930769681930542,0.16592944764530482,0.005738355044948108,0.13869836926460266
7667712,1230.9520218580146,0.06404762079303754,0.26806640625,0.007305990492444292,0.11968547799767353,0.11783780559713802,333,256.10795926426385,49.35,nan,0.0,0.7754719257354736,0.11261010682167617,0.0020150889644734,5.3466796875
7675904,1232.9709371950012,0.01881029741233897,0.20657959580421448,,,,,,,,0.0078125,0.7631151080131531,0.08923481273080003,0.005021394770816267,1.2134027481079102
7684096,1234.4896151490102,0.017088908771567927,0.21135254204273224,,,,,,,,0.0,0.7315765619277954,0.1367078430593167,0.003469976442613826,0.10883646458387375
7692288,1235.9415656360216,0.018400897535856883,0.22628174722194672,,,,,,,,0.0,0.8385676145553589,0.09153006489596928,0.005014737601813725,0.12513060867786407
7700480,1237.3582998990023,0.02158258280157206,0.24996338784694672,,,,,,,,0.0078125,0.7174692749977112,0.0849632910648459,0.002269185928448082,7.031715393066406
7708672,1238.927016591013,0.01907342345807448,0.21584473550319672,,,,,,,,0.0,0.7394137382507324,0.11929908485818247,-0.0016366338903459378,10.923179626464844
7716864,1240.4336758510035,0.019256630382762475,0.20357666909694672,,,,,,,,0.0078125,0.7806084752082825,0.08364710739283647,0.0023803125589396835,1.1125506162643433
7725056,1241.8806396319997,0.018598241134187884,0.22037354111671448,,,,,,,,0.0,0.709493100643158,0.15820350596282692,0.007003068687194321,0.0921446904540062
7733248,1243.3785480080114,0.017756279115895373,0.21500244736671448,0.00783333910968198,0.11931298386243791,0.11852686939576063,333,256.6326591128098,49.35,nan,0.0,0.8179749846458435,0.110125298836321,0.005820505667056648,0.08931408822536469
7741440,1245.6920769349963,0.017322266038377398,0.20731201767921448,,,,,,,,0.0078125,0.7511557340621948,0.09665141068255205,0.004173360189284396,0.07799126207828522
7749632,1247.4777183780097,0.01600250143426768,0.20626221597194672,,,,,,,,0.0,0.7253585457801819,0.12563113065439935,-0.004575996120029192,20.974496841430664
7757824,1249.0405361010053,0.6202703402696317,0.18317870795726776,,,,,,,,0.0078125,0.70687335729599,0.09432281926835659,0.02071176326870753,11.670613288879395
7766016,1250.5298331460217,0.022253391984352385,0.25316163897514343,,,,,,,,0.0,0.6939671635627747,0.15692435664558757,0.002907340101629861,0.57530277967453
7774208,1251.9801813859958,0.032406361666328355,0.3032470643520355,,,,,,,,0.0,0.8000171184539795,0.08843755882760179,0.004388227190363632,1.450793743133545
7782400,1253.499133284,0.03238147853814662,0.21627198159694672,,,,,,,,0.0078125,0.7841695547103882,0.07155456679696405,-0.0012811779011846266,0.4660450518131256
7790592,1255.0448918430193,0.015043246328857316,0.195068359375,,,,,,,,0.0,0.7319828271865845,0.13641190514291224,0.002349366444612099,0.11826415359973907
7798784,1256.6084739360085,0.02833428523173568,0.2580322325229645,0.0007640973357084802,0.11684144018715208,0.11308652155714517,333,257.06889542221046,49.35,nan,0.0,0.8292135000228882,0.08904343901583238,0.0012340106117386116,3.399569034576416
7806976,1258.5404569140228,0.019445295280353277,0.20054931938648224,,,,,,,,0.0078125,0.7162007093429565,0.08067575542814728,-0.0035895345697372714,0.6369056105613708
7815168,1260.1230119700194,0.023895554349922576,0.22641602158546448,,,,,,,,0.0,0.7461825609207153,0.12430970552289788,-0.0022239987019031945,5.463215351104736
7823360,1261.6501043990138,0.056425727294150886,0.1639404296875,,,,,,,,0.0078125,0.7844185829162598,0.09669438576819131,-0.007678285780073556,2.887338876724243
7831552,1263.1103272119944,0.0205476909629406,0.24147950112819672,,,,,,,,0.0,0.7099148631095886,0.1482991109333994,0.006639942426683772,0.1273524910211563
7839744,1264.564919714001,0.022311555346409558,0.25236818194389343,,,,,,,,0.0,0.8170676231384277,0.08521877488308854,0.0039924457639115,0.2663084864616394
7847936,1266.1129592140205,0.017063493292855874,0.20865479111671448,,,,,,,,0.0078125,0.7537363767623901,0.08001969079419591,0.0037621059461747015,0.11850881576538086
7856128,1267.5441570999974,0.015867123616094256,0.19926758110523224,,,,,,,,0.0,0.7530810832977295,0.13398684225889013,0.0042534572726602195,0.11170969158411026
7864320,1268.9336292660155,0.016414637499688196,0.20668946206569672,0.003149583902330333,0.11476367345428512,0.11230187808347725,333,258.0236247759168,49.35,nan,0.0078125,0.8539035320281982,0.09255570989639063,0.004573477293947394,0.12426767498254776
7872512,1270.9668226090143,0.014943027971916815,0.19085693359375,,,,,,,,0.0,0.6938774585723877,0.16049453119623816,0.003367815081805828,0.05707187205553055
7880704,1272.4249161510088,0.02617033797219792,0.2690673768520355,,,,,,,,0.0,0.7738544940948486,0.11635935385183695,-0.0022074403557221334,4.794719219207764
7888896,1274.1872755190125,0.20926935739503524,0.19095459580421448,,,,,,,,0.0078125,0.7577008605003357,0.08773241709432926,-0.0034574688652880717,0.8696779608726501
7897088,1275.811979768012,0.017868285391604132,0.20528565347194672,,,,,,,,0.0,0.7156546711921692,0.13389551169369862,-0.0036826089662538534,13.277862548828125
7905280,1277.5955862539995,0.034420758165467934,0.20096436142921448,,,,,,,,0.0,0.7836708426475525,0.08907353305226286,-0.006568201506000602,3.773197650909424
7913472,1279.2333470790181,0.04831898678625792,0.21568603813648224,,,,,,,,0.0078125,0.7071223855018616,0.08385489592755699,-0.003823127747705027,0.415659636259079
7921664,1280.722532882006,0.018261869024840022,0.21433106064796448,,,,,,,,0.0,0.747641384601593,0.1055539831705571,-0.004316351293146697,21.521377563476562
7929856,1282.150936224003,0.02742774590356363,0.22893066704273224,0.005815691266212286,0.1143352386761856,0.11326174923699965,333,258.5622890109962,49.5,nan,0.0078125,0.7855563759803772,0.06612559178258705,0.0017960056615609712,3.2413594722747803
7938048,1284.2738265049993,0.02506470549582812,0.25861817598342896,,,,,,,,0.0,0.7116301655769348,0.15256508735838153,0.005368802865595582,3.9363389015197754
7946240,1286.0750000920088,0.073114885878291,0.2636352479457855,,,,,,,,0.0,0.7817161679267883,0.09327756792652724,-0.0030237713680211363,8.010512351989746
7954432,1287.6449833630177,0.02104583698066599,0.21234130859375,,,,,,,,0.0078125,0.7404658794403076,0.08077578891668503,0.005283823533470311,0.7009351849555969
7962624,1289.1398973540054,0.028071398678536915,0.28862306475639343,,,,,,,,0.0,0.7502517700195312,0.12585880893843568,0.0006019622818732546,6.356465816497803
7970816,1290.6266012820124,0.024086537691739556,0.24183349311351776,,,,,,,,0.0078125,0.8253257274627686,0.08726751492053242,-0.0024358804080595897,4.679369926452637
7979008,1292.1293909800006,0.01868805203725555,0.22447510063648224,,,,,,,,0.0,0.6923738121986389,0.16733899425881443,0.006156085427622311,0.09376402199268341
7987200,1293.6628742750036,0.02692020007992786,0.26866456866264343,,,,,,,,0.0,0.7772558331489563,0.11268608546537151,-0.004842183262161662,7.3768768310546875
7995392,1295.1220307470066,0.2126213032769127,0.20924071967601776,0.0012334380574804404,0.11460114924970947,0.11004365477097919,333,258.09037302155787,49.35,nan,0.0078125,0.7554680109024048,0.08823779881403086,0.010195874395511924,2.2299082279205322
8003584,1296.9552799990051,0.021853897750815424,0.24099121987819672,,,,,,,,0.0,0.7146093845367432,0.14142693435242795,-0.0026202676973328073,20.43147850036621
8011776,1298.4336153510085,0.03733231645743264,0.2508911192417145,,,,,,,,0.0,0.7253246307373047,0.10551091789788951,0.0037747326156268414,6.6251044273376465
8019968,1299.9348934580048,0.03359517047683512,0.23668213188648224,,,,,,,,0.0078125,0.7051651477813721,0.09468502307758028,0.004190975236841308,0.9602707028388977
8028160,1301.3785088600125,0.023465012086580275,0.2659545838832855,,,,,,,,0.0,0.7742108106613159,0.12127586666472853,0.009101562620971046,0.1367170661687851
8036352,1302.8906825020094,0.017910531291028597,0.21536865830421448,,,,,,,,0.0078125,0.8283830285072327,0.08877713356802305,0.005156095448162119,0.11985359340906143
8044544,1304.7325082549942,0.02077533964580989,0.24433593451976776,,,,,,,,0.0,0.7092499136924744,0.15469429749482724,-0.0005153832508044795,8.641311645507812
8052736,1306.5211913990206,0.02833019137771128,0.2680419981479645,,,,,,,,0.0,0.7763842940330505,0.10456477219822821,0.0007992026176191988,12.862654685974121
8060928,1308.190079802007,0.04195767959932437,0.23897705972194672,0.00132649428883036,0.10957051835574236,0.10906479946538261,333,260.6395852711101,49.5,nan,0.0078125,0.7194384932518005,0.08867193979952552,0.005552195233786544,1.8077658414840698
8069120,1310.2214316799946,0.018263837953705234,0.22425536811351776,,,,,,,,0.0,0.738400399684906,0.13277381361604443,-0.0044700861617772555,18.184988021850586
8077312,1311.663642841013,0.04936235842356759,0.23638916015625,,,,,,,,0.0078125,0.7905855774879456,0.08673017282645054,0.010790318432310667,4.386626720428467
8085504,1313.2391831020068,0.021432127419489962,0.24569092690944672,,,,,,,,0.0,0.6920252442359924,0.16531602832174844,0.007898958872213353,0.15224924683570862
8093696,1314.7392413800117,0.021644503753566954,0.23192138969898224,,,,,,,,0.0,0.7740154266357422,0.11215360003543852,-0.0020831969062749763,10.726478576660156
8101888,1316.3429133790196,0.046134020568118654,0.23416748642921448,,,,,,,,0.0078125,0.7595539689064026,0.0934661762388163,0.004378010231893162,0.7564571499824524
8110080,1317.8379268640128,0.027313435806147004,0.27851563692092896,,,,,,,,0.0,0.7248472571372986,0.13316369521976407,-0.0015125404901021745,13.388910293579102
8118272,1319.3105061080132,0.16486663948101907,0.20339356362819672,,,,,,,,0.0,0.7790011763572693,0.0916237373644479,-0.00890544691107103,3.409619092941284
8126464,1320.8316731520172,0.021238278673528885,0.2252197265625,0.0019185139832413878,0.12084718791283441,0.12079549882887561,333,256.4230032212905,48.900000000000006,nan,0.0078125,0.7104606032371521,0.09022540945026658,0.007059767637521997,0.3240543305873871
8134656,1322.8042819560214,0.017448723663414236,0.20889893174171448,,,,,,,,0.0,0.7705243229866028,0.12458262077356319,0.008226914504722668,0.09035741537809372
8142848,1324.291516302008,0.01838654177642851,0.21827392280101776,,,,,,,,0.0078125,0.8194068074226379,0.103500328734073,0.0058199972905183806,0.10536418110132217
8151040,1325.7745004320168,0.01533631091113005,0.19864502549171448,,,,,,,,0.0,0.705315887928009,0.1550904515739066,0.004261641475739912,0.07722228020429611
8159232,1327.2793596240226,0.015210124135083098,0.19256591796875,,,,,,,,0.0,0.8097363710403442,0.11490482927234615,0.004461659204703028,0.0634276494383812
8167424,1328.7593867410033,0.014003899912642304,0.18026123940944672,,,,,,,,0.0078125,0.7516663074493408,0.10281153735359161,0.0023170525124878182,0.049950696527957916
8175616,1330.1561269270023,0.013819810198370223,0.17741699516773224,,,,,,,,0.0,0.7429257035255432,0.1338983896496687,0.0031763014478088745,0.10481350868940353
8183808,1331.5849369270145,0.015976051055505026,0.19605712592601776,,,,,,,,0.0078125,0.8452027440071106,0.09018474555796713,0.003785162385830069,0.07971947640180588
8192000,1333.0131009080214,0.011252858826134571,0.14772950112819672,0.0014506085240771904,0.11692698262302693,0.11692698262302693,333,256.9322098933043,49.95,nan,0.0,0.6897667646408081,0.1694719959742709,0.0038792814755658576,0.04978735372424126
8200192,1335.3682282660156,0.01473453797458168,0.18223877251148224,,,,,,,,0.0,0.7924836277961731,0.11450025607816428,0.0038438261321682267,0.081429123878479
8208384,1337.1237755689945,0.01460692196372525,0.18719482421875,,,,,,,,0.0078125,0.7890506386756897,0.09077425783930776,0.0026602326184359186,0.07127348333597183
8216576,1338.6759642340185,0.013574875151052235,0.17857666313648224,,,,,,,,0.0,0.7279276847839355,0.1259897364615344,0.001642098295745204,0.11452772468328476
8224768,1340.226728884998,0.015064977074844317,0.18840332329273224,,,,,,,,0.0,0.8440795540809631,0.08857179788650416,0.0032186115799273385,0.07343508303165436
8232960,1341.6317463390005,0.018137259876491448,0.22662353515625,,,,,,,,0.0078125,0.7256834506988525,0.07724703480937012,0.0009605731123572995,0.5026854872703552
8241152,1343.1391836999974,0.014609915911717198,0.173828125,,,,,,,,0.0,0.7620154619216919,0.10903834601244226,-0.003609401247548598,27.09754753112793
8249344,1344.793954540015,0.015188959422163167,0.14603272080421448,,,,,,,,0.0078125,0.7753784656524658,0.08896064527029685,0.001327619221279166,7.195680141448975
8257536,1346.4463893990032,0.02240626137263493,0.26234132051467896,0.002358093010715767,0.11382643254502116,0.11382643254502116,333,258.88362737879675,49.95,nan,0.0,0.7086666226387024,0.15074828836587115,0.002679761360994989,3.394705295562744
8265728,1348.4495769049972,0.018176080501955592,0.20084229111671448,,,,,,,,0.0,0.8137244582176208,0.09985880581070172,-0.001253526050691756,9.30778694152832
8273920,1349.9292181250057,0.04682872025637563,0.21442870795726776,,,,,,,,0.0078125,0.7549684047698975,0.08640182016126031,0.007216120960863898,0.6311378479003906
8282112,1351.3479199870198,0.020071674346214576,0.23825684189796448,,,,,,,,0.0,0.7395902276039124,0.12814443779636728,-0.003127092682182009,12.58081340789795
8290304,1352.8251779510174,0.02492190089446257,0.20125733315944672,,,,,,,,0.0,0.7948008179664612,0.08137652233977692,0.0020538519725116187,1.6338688135147095
8298496,1354.3077963840042,0.02122817288000866,0.24908447265625,,,,,,,,0.0078125,0.6878737211227417,0.08290774634612119,-0.001481678190788882,15.341147422790527
8306688,1355.7234964490053,0.016861192208013073,0.18011474609375,,,,,,,,0.0,0.6864475011825562,0.10588298474045259,-0.0022978346419173243,25.671560287475586
8314880,1357.2429416929954,0.033536488000589504,0.19586181640625,,,,,,,,0.0078125,0.6886414289474487,0.08286480934029145,0.00174462866125038,4.223923683166504
8323072,1358.696545838,0.014885177188066812,0.19041748344898224,0.0033313695818443234,0.11522981998248087,0.11522981998248087,333,259.4795667776726,49.95,nan,0.0,0.7138054370880127,0.12300120423074587,-0.00455103892795439,36.99225616455078
8331264,1360.6736389020225,0.03168354436383245,0.23775635659694672,,,,,,,,0.0,0.7026872038841248,0.08772447076990875,0.0015785515723805898,10.707758903503418
8339456,1362.073114148021,0.08162965787455082,0.2526611387729645,,,,,,,,0.0078125,0.6985440254211426,0.06944760867466554,-0.005312237168553286,1.2586911916732788
8347648,1363.4906661380082,0.01842591018807042,0.22152100503444672,,,,,,,,0.0,0.728610634803772,0.11002671667669878,-0.0068947577163879815,36.67922592163086
8355840,1365.2797300670063,0.035884981925646285,0.23411865532398224,,,,,,,,0.0078125,0.7227855324745178,0.08133240521352411,0.0074139045435081576,5.008795261383057
8364032,1367.083433145017,0.03185094918285757,0.30645751953125,,,,,,,,0.0,0.7076606154441833,0.14421915044443784,0.004752077240211868,4.563879489898682
8372224,1368.5913668430003,0.03431167373310142,0.2861694395542145,,,,,,,,0.0,0.7822945713996887,0.10341004985676067,-0.0023321279863732437,12.2259521484375
8380416,1370.074920411018,0.10108770830159877,0.24224853515625,,,,,,,,0.0078125,0.7117442488670349,0.08920142510538898,0.0009997966424277333,1.283450961112976
8388608,1371.5778414710076,0.02618880525256505,0.2824951112270355,0.002272504046003654,0.11746003082076384,0.11746003082076384,333,257.2626568323812,49.95,nan,0.0,0.7299055457115173,0.12622127727323007,-0.001068184179010327,24.21424674987793
8396800,1373.6722524760116,0.022596719311347026,0.22182618081569672,,,,,,,,0.0,0.810512363910675,0.09888378676216719,0.002459245415290464,7.213489055633545
8404992,1375.1752524100011,0.035122040739967796,0.31866455078125,,,,,,,,0.0078125,0.6903879642486572,0.10044077939063842,0.003904973616079921,10.782092094421387
8413184,1376.5906755159958,0.03284645969030306,0.33179932832717896,,,,,,,,0.0,0.7668942809104919,0.11451266240792192,0.0006188387830712326,10.369522094726562
8421376,1378.0589956339973,0.030895007126189228,0.2646728456020355,,,,,,,,0.0078125,0.7619032859802246,0.09723821163647356,0.008626934971760319,0.8141147494316101
8429568,1379.5629317790153,0.028069141459103865,0.30903321504592896,,,,,,,,0.0,0.7245628833770752,0.13835978610865543,0.005561658266860648,0.45616039633750916
8437760,1380.980982106994,0.01908996694403028,0.22469483315944672,,,,,,,,0.0,0.8361493945121765,0.09836181379434836,0.008113748462692761,0.0979318767786026
8445952,1382.554833711998,0.020671866843849036,0.23532715439796448,,,,,,,,0.0078125,0.7261891961097717,0.09404890190707244,0.006008915862753059,0.06443392485380173
8454144,1384.1167607980024,0.01790401766864209,0.21184082329273224,0.003593000369722432,0.1232791740964092,0.12129581458790688,333,256.31378690177985,48.900000000000006,nan,0.0,0.7585502862930298,0.12863072118608102,-0.0013848887992878745,5.995362281799316
8462336,1386.1884237350023,0.0179548577632617,0.17475585639476776,,,,,,,,0.0078125,0.8070873618125916,0.09805641268158544,0.006958462389437023,0.5287162065505981
8470528,1387.6975998840062,0.023420902770717174,0.26055908203125,,,,,,,,0.0,0.7023308873176575,0.16272641757182096,0.0062150182625376775,0.2639674246311188
8478720,1389.1373404280166,0.015741680756479397,0.19660644233226776,,,,,,,,0.0,0.8150045275688171,0.10068306565742619,0.0037610446653363544,0.09940220415592194
8486912,1390.6759824510082,0.016080045953301286,0.20506592094898224,,,,,,,,0.0078125,0.7657979726791382,0.09196949290839984,0.000912114518259815,0.05773423984646797
8495104,1392.2371529730153,0.014692618658159849,0.18955078721046448,,,,,,,,0.0,0.7427703142166138,0.13211914284798598,0.0016886702277183225,0.1351170539855957
8503296,1393.8450122070208,0.014157916919330764,0.18950195610523224,,,,,,,,0.0,0.8577499985694885,0.09383880859578232,0.0008845966324205397,0.10954194515943527
8511488,1395.6015710140055,0.014434822509820769,0.18906250596046448,,,,,,,,0.0078125,0.6910097002983093,0.09483024027073762,-0.002685987802281589,12.441356658935547
8519680,1397.387129573006,0.015814980496855934,0.17062988877296448,0.003525370370612513,0.11204176631072804,0.11197998180918661,333,259.1167313513325,49.35,nan,0.0,0.7362770438194275,0.11353085974307908,-0.003696628354666412,16.899545669555664
8527872,1399.5841973320057,0.11984471960739307,0.15316163003444672,,,,,,,,0.0078125,0.7251636981964111,0.08951230867998555,-0.007059005987497405,2.4899468421936035
8536064,1401.0709839170158,0.0217279871729821,0.250732421875,,,,,,,,0.0,0.719230592250824,0.13497705842524071,-0.0022521028222285823,13.518889427185059
8544256,1402.5634733730112,0.02844822574176993,0.22523193061351776,,,,,,,,0.0,0.7798324227333069,0.09359334284689473,-0.0013445224162738482,5.120828151702881
8552448,1404.078847465018,0.028522257563897202,0.23536376655101776,,,,,,,,0.0078125,0.7131358981132507,0.08922475474173974,0.000811651799624347,0.8986095786094666
8560640,1405.5253189080104,0.025182985355702438,0.2675537168979645,,,,,,,,0.0,0.7641867995262146,0.1132009226967797,-0.00190947862388909,7.904703617095947
8568832,1407.0364102690073,0.2580922495895342,0.18138428032398224,,,,,,,,0.0078125,0.77402263879776,0.08836219683621915,-0.012487355619893458,2.662029266357422
8577024,1408.4793639200216,0.03343014016080728,0.31336671113967896,,,,,,,,0.0,0.7028127908706665,0.15647831153211106,0.0063235404031792486,1.8096179962158203
8585216,1409.9295504869951,0.035362151578987026,0.2508300840854645,0.002219002742514964,0.11411419924366667,0.11411419924366667,333,258.7123803323196,49.95,nan,0.0,0.7635473012924194,0.09685237547385141,-0.007141631383422723,18.107389450073242
8593408,1411.9990615550196,0.05009238362232345,0.21376954019069672,,,,,,,,0.0078125,0.7237309813499451,0.08792686728351948,0.006460517663445135,3.5159974098205566
8601600,1413.6156510840228,0.03711275911198376,0.34101563692092896,,,,,,,,0.0,0.7395651340484619,0.13153827203413485,0.00572205581802688,5.651204586029053
8609792,1415.0096681400028,0.027449269090304176,0.24781493842601776,,,,,,,,0.0,0.8329177498817444,0.08829011932094182,0.012862385415964024,1.6021455526351929
8617984,1416.580379673018,0.02540157715955741,0.25926515460014343,,,,,,,,0.0078125,0.692829430103302,0.08743018658483445,-0.0007484325699598198,0.08835329860448837
8626176,1418.0842990920064,0.01734115602608833,0.21516112983226776,,,,,,,,0.0,0.7807662487030029,0.12268874818548663,0.00510306470023347,0.10856051743030548
8634368,1419.5008076770173,0.016352397837941287,0.20566406846046448,,,,,,,,0.0078125,0.7894346714019775,0.09950028560525594,0.005518487661582529,0.08357801288366318
8642560,1420.9375976909942,0.019100983891168082,0.23255614936351776,,,,,,,,0.0,0.7178024053573608,0.1375077428530424,0.0020964493528613237,0.6576894521713257
8650752,1422.4779577710142,0.017761514248217647,0.21998290717601776,0.004064928770083132,0.12814587254408613,0.12498914134792821,333,256.20235361007326,45.6,nan,0.0,0.8261467814445496,0.09390939433708545,0.004590684445268239,0.09415970742702484
8658944,1424.7696290820022,0.015606703652039422,0.19699707627296448,,,,,,,,0.0078125,0.7275758385658264,0.08964118627902055,0.0031121384603119443,0.0667847990989685
8667136,1426.5263906990003,0.01903029852857311,0.22296142578125,,,,,,,,0.0,0.7609497904777527,0.12432873200272544,-0.0008308103328250688,4.710312843322754
8675328,1428.1492953880224,0.01929317434424499,0.19916991889476776,,,,,,,,0.0078125,0.8189861178398132,0.08951387915535718,0.0005307368417790086,0.8600863814353943
8683520,1429.6241544469958,0.015220077506958897,0.18853759765625,,,,,,,,0.0,0.7013885378837585,0.16289339219582266,0.005408933308516371,0.0820920541882515
8691712,1431.04138891201,0.016114634805109607,0.204833984375,,,,,,,,0.0,0.8125520944595337,0.11335821565301933,0.0017519775200634088,0.0966881513595581
8699904,1432.5849029569945,0.01429994536311993,0.18376465141773224,,,,,,,,0.0078125,0.7654324769973755,0.10066384521224622,0.0022734222128376435,0.054277729243040085
8708096,1434.070074660005,0.016894534084275416,0.21044921875,,,,,,,,0.0,0.7416095733642578,0.1306057185726423,0.000448790564419106,3.654520034790039
8716288,1435.7562972269952,0.02891002145357693,0.1964111328125,0.00454554829949072,0.1402398823056552,0.1222837005137856,333,257.35228580332046,45.6,nan,0.0,0.8365791440010071,0.09207266921561419,-0.0013476671073202264,0.5814071893692017
8724480,1437.718720467994,0.014343613014356228,0.18007813394069672,,,,,,,,0.0078125,0.6957035064697266,0.09135005363868606,0.00015972513613897088,0.06295359879732132
8732672,1439.1515239750152,0.01323696688628397,0.17545166611671448,,,,,,,,0.0,0.7898622751235962,0.11310020070862463,0.0037685600548406036,0.10382763296365738
8740864,1440.5932780660223,0.016052391283256078,0.19687500596046448,,,,,,,,0.0078125,0.799359917640686,0.094964591491278,0.0046856211530705875,0.07077755779027939
8749056,1442.038778326998,0.01551107611532237,0.19864502549171448,,,,,,,,0.0,0.7218616008758545,0.1417027689055622,0.001597515992469269,1.3833718299865723
8757248,1443.5140988210042,0.020722857712134404,0.21695557236671448,,,,,,,,0.0,0.8235758543014526,0.10155254727637088,-0.0009293798677060046,0.6149746179580688
8765440,1444.9859912160027,0.03907733066237643,0.18450927734375,,,,,,,,0.0078125,0.725651741027832,0.09680675191831169,-0.0037189945500914036,0.0763663798570633
8773632,1446.4959965409944,0.021330602660442705,0.24505615234375,,,,,,,,0.0,0.7639030814170837,0.11728461806779768,-0.0023398076816321237,5.297400951385498
8781824,1447.9826725090097,0.038116040142090746,0.19462890923023224,0.0062689989895917675,0.12404489582818558,0.12221050253204147,333,256.2844998438902,47.25,nan,0.0078125,0.8147955536842346,0.09352592443929306,0.0035306667488412464,0.3021862804889679
8790016,1450.030868531001,0.01821376682262275,0.22879639267921448,,,,,,,,0.0,0.7015372514724731,0.16422555780395948,0.002426739476972081,0.9563096165657043
8798208,1451.5408189760055,0.040473124484733836,0.21826171875,,,,,,,,0.0,0.7704952955245972,0.10599737743638857,5.315119897575851e-05,10.598570823669434
8806400,1452.9864458920201,0.2148078502575415,0.14481201767921448,,,,,,,,0.0078125,0.7243422865867615,0.09164104510014286,-0.009516941194021345,1.992976427078247
8814592,1454.7460877090052,0.022611520558163723,0.26312255859375,,,,,,,,0.0,0.7439841032028198,0.13090574350296874,0.004676517350313862,0.735503613948822
8822784,1456.506953670003,0.01987835572802321,0.23679199814796448,,,,,,,,0.0,0.8592477440834045,0.09100126520659688,0.006266491773635194,0.14859803020954132
8830976,1458.1048547800165,0.015419989576034224,0.19530029594898224,,,,,,,,0.0078125,0.6973346471786499,0.09109399846843735,0.0019882229255955984,0.06692413240671158
8839168,1459.5853627590113,0.0236983143112542,0.26068115234375,,,,,,,,0.0,0.7839834690093994,0.11054122919912639,-0.0018958891643866401,5.183459758758545
8847360,1461.053773683001,0.151193975412271,0.16439209878444672,0.005528472995949052,0.11624235890680157,0.11624235890680157,333,256.8959345155695,49.95,nan,0.0078125,0.774713933467865,0.09123475288430617,-0.00863288686069442,1.0363444089889526
8855552,1463.2197523050127,0.02004416951751712,0.24024657905101776,,,,,,,,0.0,0.7191363573074341,0.1462465568101803,0.005165574744209321,0.25405213236808777
8863744,1464.7246549499978,0.0185481137582546,0.22012940049171448,,,,,,,,0.0,0.8340373635292053,0.10491400959895585,0.006389158465544953,0.08235303312540054
8871936,1466.243746037013,0.016804485251611014,0.21456299722194672,,,,,,,,0.0078125,0.7309408187866211,0.09624389985663656,0.0018869031050399326,0.05721467360854149
8880128,1467.6069681130175,0.01534475007960714,0.19895020127296448,,,,,,,,0.0,0.760109543800354,0.12356627020642032,0.0013548069312305689,0.11658062785863876
8888320,1469.091330010997,0.0173108419094723,0.20989990234375,,,,,,,,0.0078125,0.8344165086746216,0.09736687753672241,0.003993181240864632,0.05988509580492973
8896512,1470.5615398549999,0.013292766028191533,0.17172852158546448,,,,,,,,0.0,0.6983044743537903,0.1648718897756543,0.0035780874840792135,0.09912309795618057
8904704,1472.0004320930166,0.02074226344429114,0.23381347954273224,,,,,,,,0.0,0.799363911151886,0.1116411482340108,-0.0035211584939111393,3.3697338104248047
8912896,1473.5938901200134,0.016765527046020086,0.17597655951976776,0.004669431001414703,0.1219073161568907,0.11944504887115914,333,256.5558713617439,47.7,nan,0.0078125,0.7581191658973694,0.09684959620910595,0.004174508459037717,0.30023038387298584
8921088,1475.5241983260203,0.0172031040412417,0.21221923828125,,,,,,,,0.0,0.7323110103607178,0.13396843795780058,-0.0011070801268194426,7.301194667816162
8929280,1476.950521685998,0.01791017037918255,0.19339600205421448,,,,,,,,0.0,0.8346024751663208,0.09940635258546879,0.0024340577427557795,0.4574204981327057
8937472,1478.478523109021,0.01545431366209309,0.17741699516773224,,,,,,,,0.0078125,0.6937116384506226,0.09894580878571281,0.00291010375768649,0.06402391195297241
8945664,1479.9043362410157,0.015820443919959494,0.20057372748851776,,,,,,,,0.0,0.7866330742835999,0.11824758441940814,0.002130353400519545,0.09493031352758408
8953856,1481.372739323997,0.014774372041169713,0.18839111924171448,,,,,,,,0.0078125,0.8076408505439758,0.09588652139518276,0.003539208595864105,0.0829751119017601
8962048,1482.9810092890111,0.01814793346844335,0.20944824814796448,,,,,,,,0.0,0.7138491272926331,0.145821940501432,-0.0009194940292952675,5.529654502868652
8970240,1484.6933835460222,0.12709242750428576,0.19610595703125,,,,,,,,0.0,0.7712749242782593,0.1051121065069514,-0.007476672725742215,7.716952800750732
8978432,1486.4948842870072,0.024909412392579038,0.19310303032398224,0.006283438636889183,0.1342616268114733,0.12057729166476103,333,256.6791951349421,46.650000000000006,nan,0.0078125,0.7058061361312866,0.09524029212707812,-0.000706158136339362,0.9785037040710449
8986624,1488.8092299880227,0.021088126254317975,0.24254150688648224,,,,,,,,0.0,0.7626953721046448,0.12666060601383786,0.007909859262729654,0.17840710282325745
8994816,1490.28130169402,0.01651424859631104,0.20791016519069672,,,,,,,,0.0078125,0.8444532752037048,0.09655835250409103,0.004707635011409726,0.08056068420410156
9003008,1491.8619277650141,0.014013006687702508,0.18142090737819672,,,,,,,,0.0,0.696015477180481,0.16769962775856953,0.005098193545496598,0.07229112833738327
9011200,1493.340250274021,0.01623845990128881,0.20551757514476776,,,,,,,,0.0,0.8087915778160095,0.10854124333106241,0.002340416324404835,0.15127256512641907
9019392,1494.8531015200133,0.015707354082615296,0.197265625,,,,,,,,0.0078125,0.7707834243774414,0.08971496974776402,0.0008411100275679427,0.05935343727469444
9027584,1496.347118405014,0.014111347459465632,0.18516846001148224,,,,,,,,0.0,0.7341652512550354,0.14152324955897283,0.0026107173444344036,0.09351127594709396
9035776,1497.8138000320178,0.015962691169073253,0.19902344048023224,,,,,,,,0.0,0.8560318946838379,0.09862892346455214,0.005276291186878994,0.05999487638473511
9043968,1499.2933977770153,0.014158154614535512,0.18476562201976776,0.00622114827724729,0.13806501647136565,0.1211677716116728,333,256.82781330475393,46.650000000000006,nan,0.0078125,0.6973791718482971,0.09705751630684438,0.002892817368253301,0.046910788863897324
9052160,1501.3328827750229,0.014248447552166333,0.18703614175319672,,,,,,,,0.0,0.7857406735420227,0.11590861335352058,-0.0006521518393229321,0.08697578310966492
9060352,1502.7918332690024,0.014636978831385483,0.18995361030101776,,,,,,,,0.0078125,0.8104742765426636,0.09405777197953333,0.0016727260472086296,0.055084098130464554
9068544,1504.4038678270008,0.01494982732162099,0.18413086235523224,,,,,,,,0.0,0.7135218977928162,0.14635111311219365,0.0033330566021834876,0.09843035787343979
9076736,1505.8709533460205,0.013388719414999833,0.17154541611671448,,,,,,,,0.0,0.8374307155609131,0.1027251995088251,0.002500083450123886,0.07062425464391708
9084928,1507.2809910240176,0.015221305520748768,0.19132080674171448,,,,,,,,0.0078125,0.738124430179596,0.09269674156548713,0.003555367879505052,0.03572404384613037
9093120,1508.6541928900115,0.01943654458997602,0.23470459878444672,,,,,,,,0.0,0.7361128330230713,0.1237428052563389,-0.006326998716301539,28.301664352416992
9101312,1510.1071025950077,0.7257742420858211,0.17904053628444672,,,,,,,,0.0078125,0.7544888854026794,0.09235817841029176,-0.0029672641918348395,7.282992839813232
9109504,1511.5746327009983,0.013181776139531377,0.16840820014476776,0.0027044295955839237,0.11619986130962387,0.11535150839774579,333,258.2174214333828,47.25,nan,0.0,0.697230875492096,0.16542237458740944,0.0034764557684982544,3.397266387939453
9117696,1513.7805762060161,0.017485445471483563,0.19061279296875,,,,,,,,0.0,0.7968159914016724,0.10736466204043942,0.00022251804295473282,7.2772111892700195
9125888,1515.5360996410018,0.0157122611106416,0.18470458686351776,,,,,,,,0.0078125,0.7681967616081238,0.09103853297556834,0.005117615652437606,0.30781087279319763
9134080,1517.338754744007,0.0164798790087884,0.19942627847194672,,,,,,,,0.0,0.7327749729156494,0.13625259374777818,-0.0029581747216457345,8.98926830291748
9142272,1518.7569100279943,0.04623897523754994,0.195556640625,,,,,,,,0.0,0.8301949501037598,0.09923249955755184,0.004134614860258197,1.5067650079727173
9150464,1520.2661321710038,0.02429183650369948,0.25341796875,,,,,,,,0.0078125,0.6956605315208435,0.09951841012740412,0.005082775128375984,0.1980239897966385
9158656,1521.6680649050104,0.017297957526932414,0.21628418564796448,,,,,,,,0.0,0.7823323011398315,0.12178266831770332,0.002496629873350548,0.11482860147953033
9166848,1523.1629531049985,0.014280312136772083,0.18729248642921448,,,,,,,,0.0078125,0.8082223534584045,0.09866634053540166,0.00286872566635267,0.11588950455188751
9175040,1524.7735413530027,0.015589585235268303,0.19736328721046448,0.003832972725961392,0.11997989199103976,0.11736290310066919,333,257.74798501018444,47.7,nan,0.0,0.7153876423835754,0.1482699696276192,0.004871099037358937,0.0917266309261322
9183232,1526.8429507160035,0.02170382918822007,0.23406982421875,,,,,,,,0.0,0.8234279155731201,0.10503662054678879,0.0013330807270505879,5.6766862869262695
9191424,1528.295191178011,0.018925266774633392,0.197021484375,,,,,,,,0.0078125,0.7310818433761597,0.09589342460282473,0.0022854812110635688,0.16618941724300385
9199616,1529.701512418018,0.017926902172035325,0.22966308891773224,,,,,,,,0.0,0.7584047913551331,0.1278246168343562,-0.005255068839519537,10.647677421569824
9207808,1531.0845542640018,0.020644834615911406,0.21927490830421448,,,,,,,,0.0078125,0.8353209495544434,0.08205364411466624,-0.0006232367519786383,2.2216567993164062
9216000,1532.5946639020112,0.017957103828369913,0.22203369438648224,,,,,,,,0.0,0.6954630017280579,0.16393213543265026,0.005987696364106718,0.058582235127687454
9224192,1533.9867337800097,0.022576629415524213,0.25898438692092896,,,,,,,,0.0,0.8081883788108826,0.11056608492655341,0.0011702760365659595,0.47269031405448914
9232384,1535.398530092003,0.017017995175845537,0.20524902641773224,,,,,,,,0.0078125,0.7773177027702332,0.09944161642381685,0.003201005591898687,0.06842239946126938
9240576,1536.8456624330138,0.016547542542867076,0.21082763373851776,0.003999891359964591,0.11728171386955223,0.1153391870828741,333,258.5974251077532,47.7,nan,0.0,0.73447585105896,0.14165434456022274,0.0020189765911582066,0.1087009459733963
9248768,1538.8444411020027,0.01913282375138486,0.21846924722194672,,,,,,,,0.0,0.8560919761657715,0.0995887651082668,-0.002506939132802536,2.091773509979248
9256960,1540.2711522979953,0.023709126398563304,0.16502685844898224,,,,,,,,0.0078125,0.6990984678268433,0.09608686744963246,0.0021681812248746735,0.25515392422676086
9265152,1541.6371583290165,0.01409338802417921,0.18099366128444672,,,,,,,,0.0,0.7867648601531982,0.11223546453138157,0.003284971542977284,0.2551042139530182
9273344,1543.0881152930087,0.021099603762268104,0.22342529892921448,,,,,,,,0.0078125,0.8131566047668457,0.08763077978674806,0.0008075812268314369,0.8071334958076477
9281536,1544.7585510890058,0.016533321025756716,0.20444336533546448,,,,,,,,0.0,0.7143977284431458,0.14569796626341058,-0.002871729431719648,4.723612308502197
9289728,1546.5540015230072,0.0713954759704108,0.20390625298023224,,,,,,,,0.0,0.8134627938270569,0.09422942018389152,-0.009395637206239347,2.1704564094543457
9297920,1548.0960968919971,0.03456578683814918,0.20419922471046448,,,,,,,,0.0078125,0.7367947697639465,0.09272210489446464,0.0019882431701919207,0.193512961268425
9306112,1549.633095933008,0.02558833022790903,0.25689697265625,0.004083223187566376,0.11971159495775398,0.11715348566410574,333,258.57256374265194,47.7,nan,0.0,0.7453593015670776,0.12346647841117514,-0.003744943665852221,7.6423163414001465
9314304,1551.497769092006,0.03260444128438863,0.22365723550319672,,,,,,,,0.0078125,0.820438802242279,0.093359097325945,-0.0018291276863654374,1.2511812448501587
9322496,1552.9841319510015,0.017893604442193872,0.22053222358226776,,,,,,,,0.0,0.6967610716819763,0.16763119276491323,0.007155009470076689,0.06875140964984894
9330688,1554.3995386589959,0.0173489729196801,0.21627198159694672,,,,,,,,0.0,0.8174495100975037,0.10933732526271042,0.003091096704521714,0.07236708700656891
9338880,1555.799773370003,0.01674376888558147,0.20809327065944672,,,,,,,,0.0078125,0.7878854870796204,0.09358132472702567,0.0032661244028974004,0.07833211869001389
9347072,1557.266171508003,0.019435821022552643,0.22395019233226776,,,,,,,,0.0,0.7371313571929932,0.13236335182350678,-0.0009623626883144128,4.600963115692139
9355264,1558.6517191310122,0.03189571427083826,0.22579346597194672,,,,,,,,0.0,0.8357124328613281,0.0907815517831977,-0.0018653221664035394,1.0570663213729858
9363456,1560.089284347021,0.018636788197781955,0.19835205376148224,,,,,,,,0.0078125,0.7000815868377686,0.08730296721713499,-0.0002558977625998843,0.12139756977558136
9371648,1561.5416481890134,0.028760613374852573,0.26805421710014343,0.0014337707918525844,0.1192505048526383,0.11481596573964548,333,258.9565557723552,47.7,nan,0.0,0.7587759494781494,0.11534645457531094,-0.0046196235228925615,11.005248069763184
9379840,1563.713509312016,0.17841410754844544,0.15938721597194672,,,,,,,,0.0078125,0.7584579586982727,0.0936596087974896,-0.010787643335194665,3.4864017963409424
9388032,1565.2010894110135,0.01910866344032233,0.22944335639476776,,,,,,,,0.0,0.7109125852584839,0.1497252558005488,0.006393808487287993,0.11372828483581543
9396224,1566.6194366890122,0.017014071506191625,0.21168212592601776,,,,,,,,0.0,0.8330795764923096,0.10421618554418556,0.00398447879364865,0.16739396750926971
9404416,1568.0248108070227,0.016161392152388095,0.20098876953125,,,,,,,,0.0078125,0.7441834211349487,0.09386792561636431,0.004467093334076346,0.04770226776599884
9412608,1569.421835754998,0.018427609227806695,0.1927490234375,,,,,,,,0.0,0.7289884686470032,0.11838632893433688,-0.004444698854944878,15.965182304382324
9420800,1570.9178090470086,0.03171669654955902,0.14165039360523224,,,,,,,,0.0078125,0.7806717157363892,0.07613258297786908,-0.0045987742833431405,6.638406276702881
9428992,1572.4470133279974,0.015835606552308253,0.19913330674171448,,,,,,,,0.0,0.6958087086677551,0.1713198253458223,0.0057622892000437145,0.11359240859746933
9437184,1573.911889539013,0.020198524196844588,0.23770752549171448,0.0024957377896642763,0.12051486662842463,0.116622012073887,333,258.3658874535792,47.7,nan,0.0,0.8122022747993469,0.11062351101063359,0.005849318736211969,0.07339747995138168
9445376,1576.274068032013,0.015203740775199712,0.19483642280101776,,,,,,,,0.0078125,0.7855166792869568,0.0917318243734559,0.0016957654538606983,0.06902626901865005
9453568,1577.9615157250082,0.01700438186218658,0.20970459282398224,,,,,,,,0.0,0.7339122891426086,0.1316518976644916,0.002078787726673404,0.11670931428670883
9461760,1579.536183840013,0.01500037486370695,0.19298096001148224,,,,,,,,0.0,0.8614901304244995,0.09106108927012388,0.003918521417047352,0.08675135672092438
9469952,1580.9984602690092,0.025309886735213373,0.2702392637729645,,,,,,,,0.0078125,0.7058983445167542,0.09139450067063434,0.00030324818798532164,3.573568105697632
9478144,1582.3856677669974,0.0862286396263517,0.18044434487819672,,,,,,,,0.0,0.7555042505264282,0.11976713393669515,-0.01670145057537933,1.1718677282333374
9486336,1583.849805241014,0.0234621732947982,0.22268067300319672,,,,,,,,0.0078125,0.8017117977142334,0.09577384032103561,-0.0026940408407994196,1.320139765739441
9494528,1585.4136085640057,0.027084682637480442,0.29143068194389343,,,,,,,,0.0,0.7153673768043518,0.14163934210235313,-0.0014680798840054075,5.896729469299316
9502720,1586.9319409519958,0.024910012626946695,0.23842774331569672,0.001633130238214875,0.11788158361202199,0.11711451384998717,333,258.00208718959243,47.25,nan,0.0,0.8106499314308167,0.10058352454551146,-0.0018425014300217921,4.966261386871338
9510912,1589.044061446999,0.037621841950634435,0.21597900986671448,,,,,,,,0.0078125,0.731494128704071,0.09069826892507175,-0.0011585386223402503,0.6199215650558472
9519104,1590.4861801860097,0.0274190301130294,0.2870239317417145,,,,,,,,0.0,0.7610715627670288,0.11918488659782897,0.004602156112524019,0.5171862840652466
9527296,1591.899440542009,0.01805015321637667,0.21982422471046448,,,,,,,,0.0078125,0.858181893825531,0.0869232391170239,0.006083029467847815,0.08060403168201447
9535488,1593.3861405490024,0.01799657848818073,0.21573486924171448,,,,,,,,0.0,0.6965086460113525,0.1659788056381982,0.0038966275332172912,1.1513351202011108
9543680,1594.830160720012,0.018810188539660027,0.21099853515625,,,,,,,,0.0,0.7959849238395691,0.1125513276027943,-0.0010631012174413246,1.395517349243164
9551872,1596.258196848008,0.03710338298407058,0.20401611924171448,,,,,,,,0.0078125,0.7659083008766174,0.09180010714553818,-0.006468189118234032,0.3047991693019867
9560064,1597.6412303740217,0.018598628347948776,0.22598877549171448,,,,,,,,0.0,0.7336568832397461,0.13773086905279963,0.0026505414950048246,0.37967005372047424
9568256,1599.035412184021,0.016217246220363062,0.20633545517921448,0.00295364433008094,0.12201873685247189,0.11735455895536932,333,258.640379161293,47.7,nan,0.0,0.8593581914901733,0.09359709717316504,0.006134103051761162,0.13087964057922363
9576448,1601.1121253620076,0.0165041101005829,0.20806884765625,,,,,,,,0.0078125,0.7078773379325867,0.0882045117012074,0.0017186497066617517,0.05920347198843956
9584640,1602.4803314729943,0.02482205681706088,0.24843750894069672,,,,,,,,0.0,0.776167631149292,0.11215110428676342,-0.0005532383940945899,3.9496560096740723
9592832,1603.988890898996,0.022787971922713254,0.19636230170726776,,,,,,,,0.0078125,0.8087755441665649,0.09262513746279412,0.000617298110119141,0.23362098634243011
9601024,1605.6866630800068,0.014484440589959825,0.178466796875,,,,,,,,0.0,0.7141574025154114,0.14285386581832263,-0.0025479621340554768,19.201889038085938
9609216,1607.3767166360049,0.02706789486279967,0.21232910454273224,,,,,,,,0.0,0.7598683834075928,0.1033508496576061,0.002589468436376096,5.564980983734131
9617408,1608.8548432600219,0.10683518199420945,0.17609862983226776,,,,,,,,0.0078125,0.716202437877655,0.09285977050463691,-0.011437141494750452,1.3234195709228516
9625600,1610.3363393000036,0.01877309433168352,0.21934814751148224,,,,,,,,0.0,0.7263701558113098,0.1165000851868736,-0.003785368138554727,29.590503692626953
9633792,1611.8211656930216,0.2896985077807223,0.19443359971046448,0.0023547311009940453,0.1169152239075092,0.11530581031260065,333,259.9457108664393,47.400000000000006,nan,0.0078125,0.7371553778648376,0.076000802164021,-0.014392944832263799,3.9464352130889893
9641984,1613.8177438529965,0.01957716961645602,0.23725585639476776,,,,,,,,0.0,0.696196973323822,0.16200068776469964,0.0092960022000305,0.11233881860971451
9650176,1615.3286015350022,0.0217027008895362,0.24024657905101776,,,,,,,,0.0,0.7536054253578186,0.09815357338943324,-0.0042364713586236355,26.956592559814453
9658368,1616.74362845,0.030228180335443784,0.21666260063648224,,,,,,,,0.0078125,0.7450252771377563,0.08619791852928932,0.005219080057946546,2.265653610229492
9666560,1618.1126284920028,0.023111183352958697,0.26356202363967896,,,,,,,,0.0,0.7344353795051575,0.134451621274003,-0.002388278346558151,15.169241905212402
9674752,1619.5365702380077,0.02150784277778975,0.22215576469898224,,,,,,,,0.0,0.7735502123832703,0.09257566205853673,-0.0011774411754447627,11.47839069366455
9682944,1620.935299083998,0.025353194145628078,0.25312501192092896,,,,,,,,0.0078125,0.6959652900695801,0.08981115820923846,0.005597032073036919,1.5522607564926147
9691136,1622.2923453260155,0.01857139866486369,0.21756592392921448,,,,,,,,0.0,0.7452564835548401,0.09777621782069405,-0.0030674375973457502,25.94965934753418
9699328,1623.8632683659962,0.03200675518878373,0.23471680283546448,0.006198194518451938,0.12370987222678713,0.119521734131265,333,259.4516303380153,47.1,nan,0.0078125,0.7647361159324646,0.07339574069671086,0.006121275382933044,3.6539344787597656
9707520,1625.9620456669945,0.023218238047758518,0.2547241151332855,,,,,,,,0.0,0.7107994556427002,0.13841187371069927,0.0007593191312020202,15.063763618469238
9715712,1627.313285804994,0.05610052464984094,0.24613037705421448,,,,,,,,0.0,0.7923136949539185,0.09955465352693582,-0.0031653888173905063,2.845146894454956
9723904,1628.7231697560055,0.06570210432733095,0.24517822265625,,,,,,,,0.0078125,0.7296021580696106,0.08279653079820419,0.0018325890339295368,1.10960853099823
9732096,1630.1131744510203,0.029699012739841157,0.29255372285842896,,,,,,,,0.0,0.7568857669830322,0.11058809588291604,-0.00014549486674645933,8.127379417419434
9740288,1631.557187191007,0.0401839567891285,0.24197998642921448,,,,,,,,0.0078125,0.8406470417976379,0.07226771441243963,-0.0033310012321890745,1.0860702991485596
9748480,1633.1724407169968,0.018077833718295737,0.21923828125,,,,,,,,0.0,0.6968075037002563,0.16543454782920466,0.01026832610261795,0.06389476358890533
9756672,1634.8623564680165,0.027566708180327568,0.22127686440944672,,,,,,,,0.0,0.7382617592811584,0.11337142592804965,-0.0064322499649708586,15.317980766296387
9764864,1636.5483960650163,0.04994698994474086,0.15288086235523224,0.0030902426793685267,0.11586671827694518,0.11379949958462467,333,259.07438981023495,49.35,nan,0.0078125,0.7157213091850281,0.09643212597635203,-0.0015370498156624644,6.711764812469482
9773056,1638.7656366190058,0.018614879811776796,0.22067871689796448,,,,,,,,0.0,0.7243181467056274,0.13578973420632318,-0.0033978856919116293,15.639886856079102
9781248,1640.1911914040102,0.02546894319175219,0.18106690049171448,,,,,,,,0.0,0.7953215837478638,0.09934318034869931,0.0004888304747535558,6.075467586517334
9789440,1641.6441732330131,0.027061140488522872,0.2674316465854645,,,,,,,,0.0078125,0.7039735317230225,0.09384637922617904,0.004203426350872474,0.5026261210441589
9797632,1642.9856081930047,0.016887446855187567,0.20659179985523224,,,,,,,,0.0,0.7461860179901123,0.11844689470795101,-0.003062201888042916,22.856754302978516
9805824,1644.4149904250226,0.02952590331365218,0.21634522080421448,,,,,,,,0.0078125,0.7296314835548401,0.09761656985903992,0.004053996313790986,3.013103723526001
9814016,1646.0303816939995,0.02841676982807341,0.2880004942417145,,,,,,,,0.0,0.712941586971283,0.15046532219009143,0.00710948590190455,0.9182537198066711
9822208,1647.5085000410036,0.018947702710551757,0.23520508408546448,,,,,,,,0.0,0.8307968378067017,0.1079895033774807,0.00555220770340434,0.10528790950775146
9830400,1648.9238919409981,0.01573552046260442,0.19910888373851776,0.004376856592624212,0.12579694743116998,0.12347499805253127,333,255.4097631392246,48.300000000000004,nan,0.0078125,0.7456410527229309,0.09334364478568147,0.003988873220085453,0.05540528893470764
9838592,1650.928046148998,0.01794637234622141,0.21636962890625,,,,,,,,0.0,0.7524872422218323,0.13102339823682363,0.0026534526964041207,0.11333656311035156
9846784,1652.3034842880152,0.016319946162880048,0.20969238877296448,,,,,,,,0.0078125,0.8469262719154358,0.10376837049413701,0.0034388596867347848,0.06320224702358246
9854976,1653.6324922450003,0.013021546135476368,0.17121581733226776,,,,,,,,0.0,0.6932772397994995,0.16458344740162095,0.0039200984205490985,0.048229485750198364
9863168,1655.0188442070212,0.015587523404194496,0.19992676377296448,,,,,,,,0.0,0.7985573410987854,0.11155465952625536,0.0023966037152169067,0.08701059967279434
9871360,1656.7408889450016,0.01822403179236012,0.21804200112819672,,,,,,,,0.0078125,0.7800321578979492,0.09972342044375443,0.004430902729292818,0.05523411184549332
9879552,1658.1052609990002,0.018928546295595938,0.21916504204273224,,,,,,,,0.0,0.7283371686935425,0.13405562436049911,-6.021085539250593e-05,6.693957805633545
9887744,1659.537845734012,0.043177004797753604,0.17697754502296448,,,,,,,,0.0,0.8140653371810913,0.10133420606986525,-0.005039907704361728,0.7374228835105896
9895936,1660.8962326750043,0.03146287814838867,0.23785400390625,0.0020252761310118883,0.12120953716675902,0.11833504524387907,333,259.9224022416304,47.25,nan,0.0078125,0.7066342234611511,0.09718085555908682,-0.0013384809466064195,4.773644924163818
9904128,1662.704990362021,0.018976090208723942,0.21466064453125,,,,,,,,0.0,0.739467203617096,0.11652337326645247,-0.004978419823402579,26.159936904907227
9912320,1664.1367248420138,0.024730673441433846,0.21673583984375,,,,,,,,0.0078125,0.7540382146835327,0.09544261037986632,-0.004181757144005371,2.3624913692474365
9920512,1665.749528689019,0.016245945064192652,0.19520263373851776,,,,,,,,0.0,0.7081491947174072,0.13984797856286052,-0.005200979458273429,29.403247833251953
9928704,1667.3385079920117,0.039104672128321374,0.18659667670726776,,,,,,,,0.0,0.6966588497161865,0.10156141794297321,0.0022207996618376874,16.982772827148438
9936896,1668.7700114110194,0.04227649108452261,0.22727051377296448,,,,,,,,0.0078125,0.6948162913322449,0.08386776848193053,0.00947485325194962,3.046447992324829
9945088,1670.1018133030157,0.013007813072808228,0.16250000894069672,,,,,,,,0.0,0.6832782030105591,0.11275202851384018,-0.005781499565415029,55.300716400146484
9953280,1671.432700061996,0.02010131286844682,0.16942138969898224,,,,,,,,0.0078125,0.6999579668045044,0.08695730577719227,0.0002811305140428851,13.645721435546875
9961472,1672.7968146950006,0.021356864379711946,0.25037842988967896,0.003043635272051759,0.11885872886041819,0.11829299080178787,333,259.8145990659676,48.900000000000006,nan,0.0,0.6959224939346313,0.16301780284640582,0.0037656306139825183,6.581246852874756
9969664,1674.754401504004,0.02686238648233499,0.2800659239292145,,,,,,,,0.0,0.751266360282898,0.10814374297101667,-0.0032479938448505366,19.999502182006836
9977856,1676.2566682330216,0.06605282114088629,0.24477539956569672,,,,,,,,0.0078125,0.7306861281394958,0.09125533993471441,0.005446738838895196,1.31602942943573
9986048,1677.5199001690198,0.023699639237943715,0.26820069551467896,,,,,,,,0.0,0.7309744358062744,0.135803670115591,0.0003897090686401368,24.651884078979492
9994240,1678.8478253560024,0.6353290449950408,0.2699829041957855,,,,,,,,0.0,0.7278037071228027,0.09397316656305867,-0.014118593890528108,5.325900077819824
10002432,1680.2121191240149,0.03493254853335133,0.2858642637729645,,,,,,,,0.0078125,0.6907403469085693,0.09093654898203235,0.0073994422742757835,0.6531452536582947
10010624,1681.5279152260046,0.03156643209551041,0.2764038145542145,,,,,,,,0.0,0.7475207448005676,0.12146519530299335,-0.0014615748742450693,15.875526428222656
10018816,1682.8079369350162,0.03607673853130474,0.21851806342601776,,,,,,,,0.0078125,0.751650869846344,0.0980792228320762,-0.0025255062466741926,3.814044952392578
10027008,1684.1174987390114,0.024820861600725913,0.27897951006889343,0.002358312772236193,0.11710262463373175,0.11710262463373175,333,259.0070407238003,49.95,nan,0.0,0.7113146185874939,0.14237290762017304,-0.001720270042564634,16.825429916381836
10035200,1686.0804987020092,0.023691351034198817,0.23712158203125,,,,,,,,0.0,0.7880747318267822,0.10260313715249736,-0.0005952423277443869,5.562171936035156
10043392,1687.4632779440144,0.024198613142238867,0.21944580972194672,,,,,,,,0.0078125,0.7217271327972412,0.09135263680387164,0.00020047503626528763,2.033705472946167
10051584,1689.2111175419996,0.029823774910333112,0.31541749835014343,,,,,,,,0.0,0.7370626926422119,0.11308034596001586,-0.004050964346563976,26.340686798095703
10059776,1690.4776516690035,0.021971375304438094,0.22885742783546448,,,,,,,,0.0078125,0.8073244094848633,0.08853657903643053,0.006178457054233312,2.1493632793426514
10067968,1692.0335531050223,0.01779967345593825,0.21761475503444672,,,,,,,,0.0,0.6941162347793579,0.16612237882341704,0.009321892096718085,0.2583981454372406
10076160,1693.345693100011,0.020349859200081196,0.235595703125,,,,,,,,0.0,0.8021631836891174,0.11989312460506762,0.007869099906369017,0.07565542310476303
10084352,1694.9428873849974,0.016220292112530073,0.20447997748851776,,,,,,,,0.0078125,0.7827243208885193,0.10405734105315569,0.00402470034192236,0.14889255166053772
10092544,1696.4353807230073,0.015456441229978093,0.19906006753444672,0.002054314280007352,0.1186696932472207,0.1182678221787238,333,257.14220613455177,49.35,nan,0.0,0.7317365407943726,0.14257164152638632,0.004908118157891961,0.09678377211093903
10100736,1698.5710677320021,0.014388151091946473,0.18125000596046448,,,,,,,,0.0,0.8468487858772278,0.1011516690508873,0.004701619981406332,0.12317674607038498
10108928,1699.9407242550224,0.02152248074032911,0.24299316108226776,,,,,,,,0.0078125,0.7127083539962769,0.09848848496230568,0.0018174867485929232,0.15056145191192627
10117120,1701.2882191060053,0.019223885381786817,0.22464600205421448,,,,,,,,0.0,0.7717832922935486,0.11486211174703621,-0.003323952852102405,2.758202314376831
10125312,1702.599951968994,0.03945596050135317,0.20942382514476776,,,,,,,,0.0078125,0.8008596301078796,0.09155039362199821,-0.0015514714962438167,0.6736595034599304
10133504,1703.8742332800175,0.014608679593959485,0.19129638373851776,,,,,,,,0.0,0.7095631957054138,0.15156078041384063,0.003367682213050013,0.08757006376981735
10141696,1705.174188044999,0.016324156513395298,0.20624999701976776,,,,,,,,0.0,0.8207470178604126,0.1100017304602804,0.0030052918149927714,0.07470422238111496
10149888,1706.5037435340055,0.01722032430704491,0.20747070014476776,,,,,,,,0.0078125,0.7473877668380737,0.1010222456556018,0.0006541950523888284,0.06301241368055344
10158080,1707.753768888011,0.016050873257556376,0.20465087890625,0.0016456680009733216,0.12109937735295796,0.11839110439269222,333,257.32932614111564,49.35,nan,0.0,0.754928708076477,0.1270272891551499,0.0018737482823211996,0.10527417808771133
10166272,1709.6890758780064,0.017241768358281957,0.21461181342601776,,,,,,,,0.0078125,0.8587450385093689,0.09961281227614953,0.0035278898240915153,0.06025693565607071
10174464,1711.012272908003,0.013337417634137375,0.17276611924171448,,,,,,,,0.0,0.6946037411689758,0.16799418525690385,0.002364907797915986,0.2722959518432617
10182656,1712.4024103610136,0.06136905961823744,0.20168457925319672,,,,,,,,0.0,0.7592841386795044,0.11441307339279744,-0.0009771468222727197,4.833756923675537
10190848,1714.0783533659996,0.02097731737484701,0.18388672173023224,,,,,,,,0.0078125,0.7549041509628296,0.09737355382350396,0.0033044193420458724,0.701968252658844
10199040,1715.4305081070052,0.02059647486920167,0.23918457329273224,,,,,,,,0.0,0.7298811674118042,0.1418681665074398,0.0005737134580401531,6.64453125
10207232,1716.9013401030097,0.05982693899163808,0.18779297173023224,,,,,,,,0.0,0.8000964522361755,0.10151457431187699,-0.007217721796330599,1.312192678451538
10215424,1718.248382129008,0.04771375052988225,0.20799560844898224,,,,,,,,0.0078125,0.7033164501190186,0.09635798680428932,-0.003377761004015298,0.4342212378978729
10223616,1719.6126102410199,0.037044125724235634,0.21430663764476776,0.002217233772424887,0.11879004329150535,0.1161292782610292,333,259.07234253116764,49.35,nan,0.0,0.7359254360198975,0.11688224556638213,-0.007122659010220621,15.74201488494873
10231808,1721.5333063820144,0.01915200716299459,0.173583984375,,,,,,,,0.0078125,0.7726236581802368,0.09418895199743384,-0.0011864382622721913,4.004327774047852
10240000,1722.8666620140139,0.02690730646971358,0.28533935546875,,,,,,,,0.0,0.7113507390022278,0.1437675781970428,0.004220076155428361,0.7726648449897766
10248192,1724.4021733429981,0.02940387655102707,0.25590822100639343,,,,,,,,0.0,0.8129428625106812,0.09978377460886523,-0.0023408389790950525,4.448853492736816
10256384,1725.919158366014,0.017935182825787047,0.21552734076976776,,,,,,,,0.0078125,0.745965838432312,0.08609209429268899,0.00549896430020172,0.21197979152202606
10264576,1727.3407221650123,0.016147603591502024,0.20498047769069672,,,,,,,,0.0,0.7371618747711182,0.12414759795378524,-0.0028010014681131806,27.765100479125977
10272768,1728.6749528490182,0.021896218393696286,0.19794921576976776,,,,,,,,0.0078125,0.8201940655708313,0.09145768212666491,0.005256751677327914,2.283836841583252
10280960,1730.0474325790128,0.019504696529625387,0.23800049722194672,,,,,,,,0.0,0.6935371160507202,0.16586579580080563,0.000567513145191915,5.085636138916016
10289152,1731.3801356860204,0.138747889970266,0.24432373046875,0.0013158071017220774,0.11365694011179239,0.11324022204077971,333,260.55892535145733,49.5,nan,0.0,0.7747034430503845,0.11268684677259944,-0.012157930185042347,0.9513325095176697
10297344,1733.2852233900048,0.1351173722359055,0.21555176377296448,,,,,,,,0.0078125,0.7648938894271851,0.09995274401683675,0.000917663521297826,0.4474831521511078
10305536,1734.5778643490048,0.020301099256966677,0.25129395723342896,,,,,,,,0.0,0.7200815677642822,0.13413139765862225,-0.002831172412882263,24.145536422729492
10313728,1735.8523709400033,0.019845807254838047,0.21384277939796448,,,,,,,,0.0,0.8016217947006226,0.09485179353691317,-0.0010353962796009772,2.9773736000061035
10321920,1737.2040738840005,0.027070438436173183,0.28886720538139343,,,,,,,,0.0078125,0.7062021493911743,0.0895175839786121,-0.0011687575194996211,4.726741313934326
10330112,1738.5243500110228,0.019289120857236306,0.17137451469898224,,,,,,,,0.0,0.6910389065742493,0.11511307481663144,-0.0014916034822446988,28.61480712890625
10338304,1739.853214813018,0.586722014018191,0.19309082627296448,,,,,,,,0.0078125,0.7124724388122559,0.09575056743123808,0.028025546018747505,9.449551582336426
10346496,1741.2731015979953,0.03438935471688767,0.3273071348667145,,,,,,,,0.0,0.7139655947685242,0.14298290910839503,0.0047899018974593924,8.951128959655762
10354688,1742.7254593649996,0.033799334253541057,0.30543214082717896,0.001380436978578703,0.1127406246335775,0.11225044207872652,333,261.28793207989474,49.5,nan,0.0,0.8187397718429565,0.10361471042428091,0.0017080101536771205,2.38940691947937
10362880,1744.7409025600064,0.056142881123910304,0.28474122285842896,,,,,,,,0.0078125,0.7493072748184204,0.09330586725284973,0.002069923379754838,0.5611571669578552
10371072,1746.4321779640159,0.0299021634583318,0.2982544004917145,,,,,,,,0.0,0.7628023028373718,0.12374513496658017,0.0006319561697700139,5.588212013244629
10379264,1747.7609714160208,0.021224536223293025,0.24552002549171448,,,,,,,,0.0078125,0.8766864538192749,0.09171717398765131,0.01048147929364483,0.11609544605016708
10387456,1749.2093797120033,0.017797452526094475,0.22160644829273224,,,,,,,,0.0,0.6957288384437561,0.16424067050515112,0.0055933322668834246,0.08588328212499619
10395648,1750.5424045200052,0.02617093096530808,0.2612060606479645,,,,,,,,0.0,0.795270562171936,0.10579279057449872,-0.0018653236597058562,4.701194763183594
10403840,1751.9031029170146,0.1601745290142106,0.19873046875,,,,,,,,0.0078125,0.7651534080505371,0.09244188087954525,-0.012445351035212465,0.9693290591239929
10412032,1753.2449200109986,0.02632156202046797,0.2790161073207855,,,,,,,,0.0,0.7358010411262512,0.13308750532330219,0.002242722453410572,3.7155778408050537
10420224,1754.858847497002,0.3792538382005238,0.17780761420726776,0.003301241682762801,0.11648047449923306,0.11648047449923306,333,260.26973418073226,49.95,nan,0.0,0.8338396549224854,0.09880434404146636,-0.013414046230653759,1.2079452276229858
10428416,1757.2201375199948,0.02795512930033968,0.28843995928764343,,,,,,,,0.0078125,0.7171525359153748,0.09597249282779727,0.0043483794899780515,2.640795946121216
10436608,1758.625193312997,0.06584316701685627,0.23712158203125,,,,,,,,0.0,0.7411520481109619,0.11171439955014945,-0.007921519440366702,12.33092212677002
10444800,1760.0295743330207,0.024892069994126024,0.23591308295726776,,,,,,,,0.0078125,0.8002405762672424,0.08921005001591022,0.008177212710561802,1.5153053998947144
10452992,1761.3867694250075,0.021300491662559064,0.2560058534145355,,,,,,,,0.0,0.7076136469841003,0.14787059999048993,0.006021824917309728,0.1484064906835556
10461184,1762.7379774450092,0.01735123690733626,0.21556396782398224,,,,,,,,0.0,0.8207224607467651,0.11105069860346588,0.0074249528814009065,0.08590900897979736
10469376,1764.1073900519987,0.015525743625603406,0.1962890625,,,,,,,,0.0078125,0.7539917826652527,0.09594710646085497,0.004543929665765058,0.08540734648704529
10477568,1765.594825919019,0.015705364107685582,0.18065185844898224,,,,,,,,0.0,0.7158707976341248,0.1297954779723129,-0.0037326747318405422,23.45389175415039
10485760,1766.931707383017,0.026774766858685004,0.17520752549171448,0.0032758097674834286,0.12323281468112247,0.12156269377850387,333,257.7255771853879,48.300000000000004,nan,0.0078125,0.7802475690841675,0.09492784586283681,0.0007190886632585587,3.641253709793091
10493952,1768.7126402770227,0.014919533877747427,0.1893310546875,,,,,,,,0.0,0.6915953755378723,0.16888390584998833,0.005158927941653584,0.1380404829978943
10502144,1770.04059413902,0.02265282395386509,0.21092529594898224,,,,,,,,0.0,0.7902075052261353,0.11488142507388832,-0.005815181754039684,3.161062002182007
10510336,1771.425158967002,0.06993854274821137,0.20267334580421448,,,,,,,,0.0078125,0.7708935141563416,0.0950601611237452,0.002169463443576837,0.44299790263175964
10518528,1772.7163493889966,0.021116084574469132,0.24339599907398224,,,,,,,,0.0,0.7256277799606323,0.1306612580068293,-0.0011189856455876555,12.818896293640137
10526720,1774.1537930240156,0.06658668878348444,0.21436767280101776,,,,,,,,0.0,0.7864203453063965,0.1037558425874573,0.005956133722191819,4.246105670928955
10534912,1775.5271482070093,0.023605174239135773,0.23066405951976776,,,,,,,,0.0078125,0.7068462371826172,0.09282130525626253,0.00022131315367319456,1.0085779428482056
10543104,1776.8701663000102,0.026130428599405987,0.27288818359375,,,,,,,,0.0,0.7600044012069702,0.11226490573714448,-0.004509482759427172,12.380260467529297
10551296,1778.1721664470097,0.032106565728704094,0.25987550616264343,0.0016175696775114767,0.11914585228072751,0.11752447394056359,333,260.6513071025782,47.25,nan,0.0078125,0.8024160265922546,0.09296863788342277,-0.0035175819444554675,1.125542163848877
10559488,1780.1788982360158,0.019775629678677534,0.23128663003444672,,,,,,,,0.0,0.7093504667282104,0.15385574531018,-0.00033507779792835276,25.489126205444336
10567680,1781.3802799530094,0.020534778764063923,0.23149414360523224,,,,,,,,0.0,0.7243452072143555,0.10796147252283154,-0.0020271769013119833,16.82940673828125
10575872,1782.697706981009,0.04399834674717215,0.2352294921875,,,,,,,,0.0078125,0.6843211650848389,0.0984454662744532,0.0051488859844455994,3.5505623817443848
10584064,1783.9787735540012,0.03142020841009886,0.30522462725639343,,,,,,,,0.0,0.7367351651191711,0.13059555672439996,-0.002537005875885715,13.324109077453613
10592256,1785.5040377720143,0.026141993789197418,0.22541503608226776,,,,,,,,0.0078125,0.8163760900497437,0.1012581871231116,0.0057818451941332345,2.851162910461426
10600448,1787.048830646003,0.021188333555519696,0.2514404356479645,,,,,,,,0.0,0.690779983997345,0.16678505717671183,0.006564691813123684,0.1161530539393425
10608640,1788.3297878300073,0.03260935500602078,0.3262939453125,,,,,,,,0.0,0.7958433628082275,0.10402265057818484,0.0013504634423577601,3.973375082015991
10616832,1789.5917896610044,0.02027193502166388,0.23930664360523224,0.003976300531150612,0.12224337761415421,0.12224337761415421,333,257.48624690528004,49.95,nan,0.0078125,0.7881355285644531,0.09103611796910739,0.0068845999372936124,0.10203704982995987
10625024,1791.4374979690183,0.022095836559281462,0.24776612222194672,,,,,,,,0.0,0.7271205186843872,0.14501973585792877,0.0018228929050378491,2.1396589279174805
10633216,1792.647216211015,0.025155504394598283,0.23614501953125,,,,,,,,0.0,0.8254987001419067,0.1117771195068339,0.0023947584063849395,0.5075796246528625
10641408,1793.9324348450173,0.02109843859248927,0.23558349907398224,,,,,,,,0.0078125,0.7177475690841675,0.1059460498500639,0.0026450235175648224,0.5372233390808105
10649600,1795.314546959009,0.016129355160320772,0.2044677734375,,,,,,,,0.0,0.7727685570716858,0.12535267099151529,0.004742460481977684,0.12335040420293808
10657792,1796.7433875889983,0.017208531874591468,0.21525879204273224,,,,,,,,0.0078125,0.8192858695983887,0.10556863187659195,0.006512116310245353,0.08831541985273361
10665984,1797.9748194690037,0.017705914609514442,0.21859131753444672,,,,,,,,0.0,0.7063305377960205,0.15779715135886838,0.003367759980303616,0.18548238277435303
10674176,1799.2734703570022,0.017112181786222543,0.20748291909694672,,,,,,,,0.0,0.815620481967926,0.11351613126534814,0.003927166585802704,0.06530403345823288
10682368,1800.687077945011,0.014912936381204661,0.18769530951976776,0.004600097025298622,0.12386117457682615,0.12386117457682615,333,256.684674013094,49.95,nan,0.0078125,0.7537086009979248,0.10217391373739323,0.0036902962741871288,0.04145631194114685
10690560,1802.6751306180086,0.021040431292192577,0.24486084282398224,,,,,,,,0.0,0.7448365092277527,0.137828505554515,-0.0015156778562968925,1.0653971433639526
10698752,1803.961954101018,0.029875125876226895,0.19084472954273224,,,,,,,,0.0078125,0.838100254535675,0.10562493486057493,0.007639455016327807,0.8150845766067505
10706944,1805.4830888459983,0.01745653588148617,0.21229247748851776,,,,,,,,0.0,0.6907594799995422,0.16905350105789724,0.004885806329699584,0.0957348570227623
10715136,1806.8057764040132,0.017824793402687965,0.2083740234375,,,,,,,,0.0,0.7872939705848694,0.11731725549877736,-0.0010037380393520974,1.8784351348876953
10723328,1808.148946397996,0.05544371369779482,0.18913574516773224,,,,,,,,0.0078125,0.777960479259491,0.10651478600517854,-0.006165114521061715,0.8777270317077637
10731520,1809.4681008880143,0.017570011991950452,0.21944580972194672,,,,,,,,0.0,0.7305634021759033,0.14265007154055323,0.002552014832381461,0.20947614312171936
10739712,1810.7979073600145,0.017064565624469515,0.21616211533546448,,,,,,,,0.0,0.8481789231300354,0.10764829039929125,0.0032903646359586265,0.06720789521932602
10747904,1812.5130725130148,0.017360393868896845,0.21224366128444672,0.0025479391154844544,0.12566508379604388,0.12072310512799009,333,259.68633093237463,47.7,nan,0.0078125,0.7238403558731079,0.10253863915390772,0.0026037244076156595,0.050067972391843796
10756096,1814.5682342720102,0.02342704021508012,0.22230224311351776,,,,,,,,0.0,0.7703208923339844,0.11117450522016833,-0.004875200015818024,2.941547393798828
10764288,1816.103470291011,0.07924291253784826,0.15445557236671448,,,,,,,,0.0078125,0.7990929484367371,0.09082800808210839,-0.013352897210477437,0.9147999882698059
10772480,1817.761620131001,0.025363650868502303,0.27232667803764343,,,,,,,,0.0,0.7092909216880798,0.1553777708910221,0.003853948997447065,4.777210235595703
10780672,1819.1382126210083,0.0232312840965777,0.25994873046875,,,,,,,,0.0,0.8197233080863953,0.09011682920250669,-0.00043215674276134305,5.348364353179932
10788864,1820.501381530019,0.01875315461725542,0.21090088784694672,,,,,,,,0.0078125,0.7578275203704834,0.0835158082631723,0.0035271620108401017,0.16011600196361542
10797056,1821.8029560020077,0.022354918156214303,0.256591796875,,,,,,,,0.0,0.7544497847557068,0.12882336889847903,-0.0014433772540853743,3.172713279724121
10805248,1823.148145649,0.039562049620143605,0.22691650688648224,,,,,,,,0.0078125,0.8510768413543701,0.102303614073474,0.0051919290346377905,0.3386916518211365
10813440,1824.526557633013,0.01700593449011637,0.21317139267921448,0.0018074778588513807,0.12527622077095207,0.12248298626338339,333,258.25411191009965,46.800000000000004,nan,0.0,0.6905381679534912,0.1711495940882958,0.0046016845379877715,0.051454123109579086
10821632,1826.607243208011,0.017918244228850317,0.224853515625,,,,,,,,0.0,0.7987143993377686,0.11509711694082667,0.004189023526398414,0.08798148483037949
10829824,1827.9607059929986,0.015881676449027975,0.20283202826976776,,,,,,,,0.0078125,0.7944706082344055,0.09826524079468969,0.004123304302981397,0.06327295303344727
10838016,1829.2346132200037,0.017317309672526746,0.21072998642921448,,,,,,,,0.0,0.7286153435707092,0.14185783324672677,0.0005704717251771446,2.462568759918213
10846208,1830.5973923370184,0.022283313131650512,0.224609375,,,,,,,,0.0,0.836825430393219,0.10499220187427549,-0.0018470038654441502,0.4690786302089691
10854400,1831.9007463250018,0.02221065560310368,0.21229247748851776,,,,,,,,0.0078125,0.7207440733909607,0.10013209745945555,-1.1242640688473739e-05,0.296983003616333
10862592,1833.2164114940097,0.022206139458353147,0.25224611163139343,,,,,,,,0.0,0.7757934927940369,0.1229825629718023,-0.0007095860996958968,5.221434116363525
10870784,1834.6315388850053,0.021392948058571178,0.21732178330421448,,,,,,,,0.0078125,0.8253421187400818,0.09798722073162137,0.0020838983470682893,0.1676124930381775
10878976,1836.0069966550218,0.023645172785776297,0.2684326171875,0.00307765991200204,0.12284446210493977,0.12171804453747756,333,258.5640342570656,48.900000000000006,nan,0.0,0.7072024345397949,0.15339754468403508,-0.0013113229762824648,9.502313613891602
10887168,1837.9380399020156,0.06277974051119427,0.20781250298023224,,,,,,,,0.0,0.7783253788948059,0.11308279947545609,-0.008652180601273658,2.84256911277771
10895360,1839.2582479109988,0.23506273051065696,0.18839111924171448,,,,,,,,0.0078125,0.7219238877296448,0.10137407333270292,-0.009657987719829508,1.3098407983779907
10903552,1840.592434359016,0.03204572999506928,0.31755372881889343,,,,,,,,0.0,0.7438621520996094,0.1370021654680705,0.002356097141198858,3.549548387527466
10911744,1842.2587970060122,0.14118512623300308,0.15810547769069672,,,,,,,,0.0078125,0.8221738934516907,0.09988249970726878,-0.01669793357185046,1.6603565216064453
10919936,1843.7728919149959,0.02006093458374643,0.23701171576976776,,,,,,,,0.0,0.6891115307807922,0.17152132623868055,0.008174684245553163,0.07528988271951675
10928128,1845.3802071750106,0.02427689044114047,0.27885743975639343,,,,,,,,0.0,0.796820342540741,0.11939341199152262,0.004128995932701514,0.2083592414855957
10936320,1847.0200829480018,0.01623935514161818,0.20748291909694672,,,,,,,,0.0078125,0.7981938123703003,0.10116410406449829,0.005722301721613952,0.05873950943350792
10944512,1848.494093973015,0.01598878112499183,0.20207519829273224,0.0035237931334942685,0.11787776937878304,0.1178033117525954,333,258.88902200255524,49.35,nan,0.0,0.7267943620681763,0.13538485650695845,0.00517620268042954,0.10108835995197296
10952704,1850.5480274050205,0.017196822496519028,0.214599609375,,,,,,,,0.0,0.8475155830383301,0.1060553450144352,0.004338065152612665,0.05251939222216606
10960896,1851.9369564240042,0.015775347948219564,0.19492188096046448,,,,,,,,0.0078125,0.7264194488525391,0.09476048555399283,0.0019121392779678009,0.04465200752019882
10969088,1853.2265384590137,0.016098808413198426,0.20363770425319672,,,,,,,,0.0,0.7725723385810852,0.12810149893366732,0.0020156790053538205,0.07284551113843918
10977280,1854.5786532649945,0.01609669925943456,0.2086181640625,,,,,,,,0.0078125,0.8340961337089539,0.10339494494060832,0.0016812474054187854,0.04401562735438347
10985472,1856.2020013199945,0.013223977124424963,0.17342530190944672,,,,,,,,0.0,0.7067615985870361,0.1563948024192079,0.0029348837826134733,0.07531454414129257
10993664,1857.5414699960093,0.01658174207266095,0.2109375,,,,,,,,0.0,0.8244577050209045,0.11337347758860825,0.001814553134016147,0.046169329434633255
11001856,1858.858241338021,0.015810870474275495,0.19853515923023224,,,,,,,,0.0078125,0.765324056148529,0.10326347706545547,0.0025961815201297036,0.027648812159895897
11010048,1860.103131358017,0.01478813006590559,0.19195556640625,0.0029588529281532328,0.11555665443654733,0.11551935234606012,333,260.2968692760468,49.5,nan,0.0,0.7507615685462952,0.1333920147761565,0.0009789891164748645,0.08502131700515747
11018240,1862.0823342460208,0.015559474469350194,0.197509765625,,,,,,,,0.0,0.8718468546867371,0.09727222744416379,0.0020521145819059686,0.06294120103120804
11026432,1863.4331548259943,0.016802098977655288,0.21584473550319672,,,,,,,,0.0078125,0.6931040287017822,0.09950710538225613,0.00067672069044028,0.1895790547132492
11034624,1865.154517568997,0.023106425738429248,0.25511476397514343,,,,,,,,0.0,0.8040311336517334,0.10993105951415276,6.777007649009567e-05,3.434537887573242
11042816,1866.6289199840103,0.016076437861633052,0.18974609673023224,,,,,,,,0.0078125,0.7962144613265991,0.09424677820523092,0.0034530918230042274,0.23312154412269592
11051008,1867.9701165379956,0.0173254554296309,0.21656493842601776,,,,,,,,0.0,0.7299613952636719,0.14051288663828435,0.001930952285720964,1.4059926271438599
11059200,1869.2669383810135,0.3906044498211529,0.15432129800319672,,,,,,,,0.0,0.8123589754104614,0.10290621402049668,-0.01883315118608289,0.8566089868545532
11067392,1870.6426432809967,0.01789164838745479,0.20858155190944672,,,,,,,,0.0078125,0.7223058342933655,0.09759349513250615,0.002851984119386405,0.457916259765625
11075584,1871.913078765996,0.027450738782131973,0.2892822325229645,0.0010829463315330523,0.11322885188808107,0.11322885188808107,333,260.6558109601475,49.95,nan,0.0,0.7795246839523315,0.10366469888940197,-0.0031910454642932,4.410575866699219
11083776,1873.7308370870014,0.03418619769876811,0.21456299722194672,,,,,,,,0.0078125,0.8257801532745361,0.08294597625686939,0.0022516453843163487,0.37564733624458313
11091968,1875.3901416220178,0.024666841002497254,0.27281495928764343,,,,,,,,0.0,0.7077739238739014,0.15234637114445806,-0.003141962819373264,10.052519798278809
11100160,1877.0531678420084,0.025791428917162247,0.230712890625,,,,,,,,0.0,0.7667248249053955,0.10817055452855845,0.0007316422368440341,4.112079620361328
11108352,1878.5419438530225,0.029622934966436046,0.21922607719898224,,,,,,,,0.0078125,0.7218878269195557,0.09787291262875802,0.010004162563171605,1.0917755365371704
11116544,1879.9149372249958,0.029440971638132564,0.3015502989292145,,,,,,,,0.0,0.751183807849884,0.12801582578961557,0.00021457067344864708,5.458531379699707
11124736,1881.2865818510181,0.02782666613526776,0.22559814155101776,,,,,,,,0.0,0.8531864881515503,0.09301966496496177,0.0039430132151529245,0.46644720435142517
11132928,1882.6484005520178,0.022936803237120364,0.25523683428764343,,,,,,,,0.0078125,0.6953380107879639,0.09446340094623688,-1.4769782927839641e-05,1.1906028985977173
11141120,1883.9225396320107,0.03623659294136544,0.23239746689796448,0.0023420668992919502,0.11206567128500206,0.11104180524261653,333,261.42546785655946,49.35,nan,0.0,0.7655526995658875,0.09517220965532219,-0.005939159529475448,13.75306224822998
11149312,1885.7828828479978,0.09930223649086264,0.19873046875,,,,,,,,0.0078125,0.7504339814186096,0.08314528120084232,0.005513930487443731,3.2445106506347656
11157504,1887.1148990280053,0.02209861944431761,0.24366454780101776,,,,,,,,0.0,0.7334415316581726,0.13482107395548915,0.0018438858279470804,10.471622467041016
11165696,1888.4482719820226,0.2376352254666128,0.16926269233226776,,,,,,,,0.0,0.8010730743408203,0.09864735844476828,-0.015356397602558525,1.7062984704971313
11173888,1889.7575310990214,0.025351890887772812,0.26514893770217896,,,,,,,,0.0078125,0.7217258810997009,0.08928486893050896,0.013761962620591107,2.439025640487671
11182080,1891.018435720005,0.02448000439010524,0.26763916015625,,,,,,,,0.0,0.7811518907546997,0.11515067817506028,0.007891228818415566,0.18858812749385834
11190272,1892.3814744570118,0.020571905487746456,0.24722900986671448,,,,,,,,0.0078125,0.8427797555923462,0.09391730678375292,0.005646524150396372,0.09953733533620834
11198464,1893.850096648006,0.021078986646711564,0.2511962950229645,,,,,,,,0.0,0.7076004147529602,0.13939419962563673,-0.002463994107152686,15.51855754852295
11206656,1895.5385734550073,0.01886320693600167,0.21014404296875,0.002792291633258559,0.1185403766916973,0.11556389100647481,333,259.6411521308779,49.35,nan,0.0,0.8133361339569092,0.09396693229550102,-0.001329552351561136,2.25112247467041
11214848,1897.7200412290113,0.01847885615079895,0.21014404296875,,,,,,,,0.0078125,0.7616452574729919,0.07946447733923309,0.008056491293596639,0.12467818707227707
11223040,1899.039260096004,0.02093011291740567,0.22163085639476776,,,,,,,,0.0,0.7436889410018921,0.13205695688070798,0.0005085513641153266,6.11151647567749
11231232,1900.33464946202,0.02662463424621793,0.18537597358226776,,,,,,,,0.0,0.8463661670684814,0.09580850467813166,-0.002524230224610695,0.9438855051994324
11239424,1901.7195543950074,0.01869566902346187,0.21961669623851776,,,,,,,,0.0078125,0.6967014074325562,0.09640750177899284,0.006302757107135473,0.06373361498117447
11247616,1903.120235110022,0.017399656173058744,0.21674804389476776,,,,,,,,0.0,0.805905282497406,0.11426923756681151,0.004080316222385197,0.07142218202352524
11255808,1904.4800451020128,0.016698895060899735,0.21336670219898224,,,,,,,,0.0078125,0.8080723285675049,0.09663975267769369,0.00428606425080781,0.06066635996103287
11264000,1906.114760041004,0.0158266053709802,0.20457763969898224,,,,,,,,0.0,0.7326580882072449,0.13731101066682405,0.0020312760902006627,0.11472971737384796
11272192,1907.6886780710192,0.015913379071841312,0.20516358315944672,0.0025862516941138614,0.11376086578333715,0.11375185713346059,333,261.2573858746256,49.5,nan,0.0,0.8572598695755005,0.09834565064919842,0.001993551093674028,0.061469949781894684
11280384,1909.7605870130064,0.016740769216596483,0.20439453423023224,,,,,,,,0.0078125,0.7354229092597961,0.09432922649393727,0.0004823133397083633,0.0706840381026268
11288576,1911.070229709003,0.019242731862928658,0.24196778237819672,,,,,,,,0.0,0.7690150737762451,0.11523150032075047,-0.005730553594286417,17.105960845947266
11296768,1912.4325161010202,0.02885672629834618,0.15496826171875,,,,,,,,0.0078125,0.7518896460533142,0.09292033651313444,0.0026585080638175038,7.7176361083984375
11304960,1913.7797024440079,0.016181762311847297,0.1932373046875,,,,,,,,0.0,0.7044824361801147,0.15335264377931918,-0.001847041301521659,8.641070365905762
11313152,1915.2324880980013,0.022317594631672533,0.23557129502296448,,,,,,,,0.0,0.8109159469604492,0.10309736788403287,-0.004459314479581977,3.9434471130371094
11321344,1917.0212671030022,0.023472090593226712,0.24569092690944672,,,,,,,,0.0078125,0.765573263168335,0.09466136579014281,0.00360221400378607,0.6952635645866394
11329536,1918.3910057640169,0.021326873093178954,0.24871826171875,,,,,,,,0.0,0.7526034116744995,0.13018937974563652,0.006220197193212385,0.17647784948349
11337728,1919.900349160016,0.018573653538586254,0.23026123642921448,0.001667107533009582,0.11504164158783942,0.11504164158783942,333,260.68718186077876,49.95,nan,0.0,0.8730530738830566,0.0981107241752548,0.005857813596209086,0.09567072242498398
11345920,1921.9038352380157,0.018913811833908115,0.2252197265625,,,,,,,,0.0078125,0.6978826522827148,0.09868259797914293,0.005493791468797184,0.06474857777357101
11354112,1923.2013951490226,0.016531238766799242,0.21152344346046448,,,,,,,,0.0,0.804208517074585,0.10673914571792564,0.0031813424543008836,0.10371698439121246
11362304,1924.603972996003,0.016815146483599597,0.21251221001148224,,,,,,,,0.0078125,0.8120567202568054,0.09717750812009256,0.003186732703364378,0.06431044638156891
11370496,1925.974034209008,0.018566351852931737,0.22591553628444672,,,,,,,,0.0,0.7308644652366638,0.13457168916960652,0.0029594096513522287,1.7857614755630493
11378688,1927.2932936940051,0.23570179966338145,0.18431396782398224,,,,,,,,0.0,0.8266960382461548,0.1029055418707697,-0.014771323975864593,2.341907501220703
11386880,1928.597832775995,0.02000098789616485,0.22606201469898224,,,,,,,,0.0078125,0.7215059399604797,0.09507811838552231,-0.0009190435288685413,3.7527542114257812
11395072,1929.8827569920104,0.052193659737497504,0.24022217094898224,,,,,,,,0.0,0.7506437301635742,0.10300447091795806,-0.003854371877778852,6.494424343109131
11403264,1931.2010744730069,0.022351693749891658,0.21223144233226776,0.0011918244564491642,0.11241076242357688,0.11174398764156036,333,261.49836135452585,49.5,nan,0.0078125,0.8246158361434937,0.0794558887435517,0.00860852108154158,0.8612980246543884
11411456,1933.0741785400023,0.01982025392393325,0.22974853217601776,,,,,,,,0.0,0.7080816626548767,0.15485247384317974,0.002470504232120615,4.076486110687256
11419648,1934.5264220840181,0.1262250696882352,0.24764405190944672,,,,,,,,0.0,0.8040885925292969,0.09869084168319957,-0.008364183921331468,1.1160478591918945
11427840,1936.1732838790049,0.02647217418258151,0.23472900688648224,,,,,,,,0.0078125,0.7588760852813721,0.08408423028279723,0.0015609580446042184,1.1258575916290283
11436032,1937.775928079005,0.01642023289267559,0.21224366128444672,,,,,,,,0.0,0.7339669466018677,0.11872758763173254,-0.005762534291692378,45.49701690673828
11444224,1939.1574354710174,0.02508085361679901,0.18311767280101776,,,,,,,,0.0,0.751521646976471,0.0892738043934448,0.003019664545285926,8.703173637390137
11452416,1940.5799940080033,0.0229524554244485,0.2506347596645355,,,,,,,,0.0078125,0.688494086265564,0.08549733711189726,-0.0038014340023580923,15.611284255981445
11460608,1941.8913631360047,0.032879793700447704,0.22182618081569672,,,,,,,,0.0,0.7529832124710083,0.10710769079621545,0.00625869507642874,4.277504920959473
11468800,1943.264855335001,0.08530840816723786,0.2572998106479645,0.00122091750912523,0.1130111135833157,0.11225007873099417,333,261.3684646132617,49.5,nan,0.0078125,0.7754672765731812,0.08764330695788529,-0.006227417639445305,1.1675357818603516
11476992,1945.3701170660206,0.02030764897692546,0.24608154594898224,,,,,,,,0.0,0.7304382920265198,0.13577035909830956,0.006198380955056065,0.1622457057237625
11485184,1947.1620710520074,0.020520514474936205,0.24001465737819672,,,,,,,,0.0,0.8536847233772278,0.09428985698713119,0.0068081905576340765,0.10258113592863083
11493376,1948.633735395997,0.02314883791079965,0.26318359375,,,,,,,,0.0078125,0.7385836839675903,0.08811359233486472,0.0016309496989684793,6.664695739746094
11501568,1949.878885675018,0.020192662527604984,0.21187745034694672,,,,,,,,0.0,0.7239306569099426,0.10966707939268114,-0.0012519615933597379,18.685348510742188
11509760,1951.2469505199988,0.03437769819764242,0.2523559629917145,,,,,,,,0.0078125,0.7838096022605896,0.08336551492711036,0.006895784806212484,2.819340467453003
11517952,1952.575933362008,0.0181426960939264,0.21269531548023224,,,,,,,,0.0,0.6983296871185303,0.14942642135596684,-0.001758064132445697,27.22267723083496
11526144,1953.828047930001,0.036620168497874396,0.2837280333042145,,,,,,,,0.0,0.7067194581031799,0.10637253955964847,0.0034838515032729837,6.754058837890625
11534336,1955.1596658070048,0.03108443789454948,0.25439453125,0.001860272120823292,0.11433678229944877,0.11178657528895831,333,261.504460303293,49.35,nan,0.0078125,0.7110345363616943,0.09264666288835843,0.012382207433036904,3.9390809535980225
11542528,1957.1879216080124,0.035801571004946575,0.3446411192417145,,,,,,,,0.0,0.7484185695648193,0.12481401547508776,-0.0019963967220293978,15.003926277160645
11550720,1958.4875153100002,0.032132693990840455,0.23863525688648224,,,,,,,,0.0,0.8132725954055786,0.09306132907307751,0.0015595870683786134,5.0890278816223145
11558912,1959.8600578049954,0.03126909303204528,0.27978515625,,,,,,,,0.0078125,0.7001894116401672,0.09320014293192051,0.0025452371069023014,0.81910640001297
11567104,1961.132523117005,0.025163373721754274,0.2516723573207855,,,,,,,,0.0,0.7662906646728516,0.10370327932126364,-0.005829980811134523,22.382307052612305
11575296,1962.4562977809983,0.026544673989858214,0.22299805283546448,,,,,,,,0.0078125,0.7523835897445679,0.08927764584425239,0.0036586190280126062,6.825065612792969
11583488,1963.8113949370163,0.02242827059566245,0.24625244736671448,,,,,,,,0.0,0.7289135456085205,0.13487335525654925,0.0033026327257584262,9.243071556091309
11591680,1965.4660934020067,0.029723233917893378,0.2882080078125,,,,,,,,0.0,0.8374831080436707,0.09571264658322759,0.0031322173759831813,2.056478261947632
11599872,1967.1337185110024,0.028861086861037888,0.28521728515625,0.002122624525087047,0.12219798321560477,0.11822389140471468,333,260.3052557781624,47.85,nan,0.0078125,0.7313123941421509,0.09115787831750678,0.010290491410817927,0.6156781315803528
11608064,1969.5015259190113,0.03403321771109385,0.29932862520217896,,,,,,,,0.0,0.7629805207252502,0.12205684551401474,0.0034830900799245885,8.511786460876465
11616256,1971.0302077100205,0.09592853274084819,0.22177734971046448,,,,,,,,0.0078125,0.8154345750808716,0.09141085805457716,-0.0035142636737418445,0.4572947919368744
11624448,1972.4288879090163,0.024659121252252406,0.2973876893520355,,,,,,,,0.0,0.7011462450027466,0.14953973675374813,-0.0036273200970858167,17.342803955078125
11632640,1973.7313340520195,0.044849247457521585,0.2626709043979645,,,,,,,,0.0,0.7443819642066956,0.1001346598445353,0.004796327069676712,8.987837791442871
11640832,1975.093486703001,0.03387262412104864,0.21489258110523224,,,,,,,,0.0078125,0.7080674767494202,0.09034877774701697,0.002563025363822664,3.451627731323242
11649024,1976.414487920003,0.013879369480432122,0.18215332925319672,,,,,,,,0.0,0.7289963364601135,0.12543065399854583,-0.004303278935641058,65.47044372558594
11657216,1977.7794688100112,0.020810434309946127,0.22324219346046448,,,,,,,,0.0,0.6681554913520813,0.08612014665639615,-0.0032841903567778943,35.899322509765625
11665408,1979.1191012010095,0.0156606481581272,0.18437500298023224,0.004363501667158931,0.11814405748852005,0.11502183674574122,333,262.9814684274795,48.900000000000006,nan,0.0078125,0.685165286064148,0.08575796283242325,-0.0029728493229941935,41.36808776855469
11673600,1980.9551906120032,0.017080473920161716,0.19630126655101776,,,,,,,,0.0,0.6787371039390564,0.10832466399176233,-0.0032775810941044745,43.341651916503906
11681792,1982.2426944710023,0.04373141219878962,0.2563720643520355,,,,,,,,0.0078125,0.6448133587837219,0.0850416466191477,0.009025737963424103,9.39022159576416
11689984,1983.6911746000114,0.02623982958153496,0.27587890625,,,,,,,,0.0,0.7120934724807739,0.1291062493478831,0.004223243380581256,28.49538230895996
11698176,1985.0046777820098,0.07230144402090828,0.26990967988967896,,,,,,,,0.0,0.7665523886680603,0.09665102808487619,0.007197200138362791,6.614007472991943
11706368,1986.301440269017,0.03328083943284782,0.25166016817092896,,,,,,,,0.0078125,0.7171204686164856,0.09107252875621934,0.006993780460683995,1.0870673656463623
11714560,1987.661051261006,0.03370682490354064,0.307373046875,,,,,,,,0.0,0.7431706786155701,0.11357215952343273,0.0016442008394826398,25.6580867767334
11722752,1989.0067290620063,0.03276349703951303,0.21979980170726776,,,,,,,,0.0078125,0.7666479349136353,0.08904041080666292,0.0015226292202583111,6.142564296722412
11730944,1990.3455237449962,0.02604082672975048,0.28209230303764343,0.002025828165554855,0.12604888819759483,0.1214712658623323,333,258.6810016119103,47.1,nan,0.0,0.70381760597229,0.16258717945475368,0.006497056371316684,5.238391399383545
11739136,1992.2698860160017,0.032483370464969366,0.23883056640625,,,,,,,,0.0,0.7414072155952454,0.11034925253679381,-0.001531666571590597,16.06589126586914
11747328,1993.5610160130018,0.029349399560675806,0.21072998642921448,,,,,,,,0.0078125,0.7237520217895508,0.09679347223976875,-0.00039618637082922283,2.960444450378418
11755520,1995.168932280998,0.026087833124133205,0.27739259600639343,,,,,,,,0.0,0.7372722625732422,0.13083892002690437,-0.00082047415943403,16.195642471313477
11763712,1996.7056613950117,0.35872533561215736,0.23419189453125,,,,,,,,0.0,0.7991626262664795,0.08895185050316505,0.007311101479295621,3.2660272121429443
11771904,1998.7358219810121,0.024711894089765235,0.2728637754917145,,,,,,,,0.0078125,0.6967496275901794,0.08772471207424472,0.0068631769538947925,0.4450473487377167
11780096,2000.1474646640127,0.01871907549922981,0.22255860269069672,,,,,,,,0.0,0.7962523102760315,0.11198799814289208,0.006580897474062446,0.1984158754348755
11788288,2001.5364566570206,0.017694327627383544,0.21927490830421448,,,,,,,,0.0078125,0.8141388297080994,0.09346899153050851,0.0060337540962209675,0.15853936970233917
11796480,2002.8689215170161,0.019237217801558845,0.22796630859375,0.0009001591013841903,0.12314642365427003,0.11932541766304462,333,259.2606772373891,47.1,nan,0.0,0.7203192114830017,0.13630377426597112,-0.0010209742303180734,3.898010015487671
11804672,2004.9398261200113,0.04242709895582288,0.19667969644069672,,,,,,,,0.0,0.8178975582122803,0.09828930317557893,-0.0013192387114472999,0.8570189476013184
11812864,2006.2634474220104,0.023802480710240177,0.22254638373851776,,,,,,,,0.0078125,0.7314695715904236,0.09351738781648601,0.005361257288997866,0.15047459304332733
11821056,2007.5341425689985,0.02417921938654199,0.26130372285842896,,,,,,,,0.0,0.7542365789413452,0.11031461327447291,-0.0022388159111287214,8.467415809631348
11829248,2008.9076728130167,0.020045783825418214,0.21860352158546448,,,,,,,,0.0078125,0.8239548206329346,0.09418756415686817,0.004723008466346448,1.052955150604248
11837440,2010.2689102750155,0.023371749032231673,0.26069337129592896,,,,,,,,0.0,0.7013201117515564,0.16140725374415932,0.0013275358241880359,6.4345831871032715
11845632,2011.602925432002,0.02224879773383069,0.23831787705421448,,,,,,,,0.0,0.7977482676506042,0.11223500052915045,0.005197139787031804,0.8016802668571472
11853824,2012.8983097989985,0.029093438748703505,0.23159180581569672,,,,,,,,0.0078125,0.7604047060012817,0.09384096480803462,0.003975000613996404,0.12386355549097061
11862016,2014.2794918690051,0.0236583893221894,0.27558594942092896,0.0014104980516057575,0.12430102012706547,0.1196097129016786,333,259.0381257106452,47.1,nan,0.0,0.7402827739715576,0.13810167172422408,-0.0024890961873771846,4.884156703948975
11870208,2016.2337814060156,0.021789244311638242,0.24433593451976776,,,,,,,,0.0,0.855218768119812,0.10289741556065563,0.001981941448605592,1.3740757703781128
11878400,2017.5397499770042,0.018322337464982186,0.2056884765625,,,,,,,,0.0078125,0.7028182744979858,0.09986431147891958,0.0032791454257214006,0.1874086856842041
11886592,2018.8527834810084,0.01608676572421297,0.20869140326976776,,,,,,,,0.0,0.79534912109375,0.11705681592739742,0.0030628042015250004,0.13723288476467133
11894784,2020.1225952109962,0.01578768600983618,0.19594727456569672,,,,,,,,0.0078125,0.8147050738334656,0.09447097145613212,0.0030912623050885326,0.10586686432361603
11902976,2021.3838919860136,0.02721283580419175,0.29205322265625,,,,,,,,0.0,0.7212820649147034,0.1412142196676784,0.00196336204335235,3.6411705017089844
11911168,2022.731273581012,0.023575949758046427,0.23114013671875,,,,,,,,0.0,0.8260875940322876,0.10634768126397946,-0.00042906803719806684,0.3247883915901184
11919360,2023.9514333780098,0.02127020573801673,0.19759522378444672,,,,,,,,0.0078125,0.734571635723114,0.0983346653809622,0.00020149112632685624,0.13975758850574493
11927552,2025.4795331450005,0.01697666259042636,0.2164306640625,0.0022219837972545786,0.12110000060102392,0.11889820980034495,333,260.4823202159717,47.1,nan,0.0,0.7678032517433167,0.12476193182832218,0.0027413002059921646,0.11458466202020645
11935744,2027.5353490370035,0.017014358801409227,0.20676270127296448,,,,,,,,0.0078125,0.848574161529541,0.09837164771804985,0.005408697311722366,0.08521547168493271
11943936,2028.8743208770175,0.022057238471553012,0.24964599311351776,,,,,,,,0.0,0.703018307685852,0.15153736834759884,1.3735647098185416e-05,4.918234348297119
11952128,2030.0745286330057,0.05606914568954923,0.24953614175319672,,,,,,,,0.0,0.8037621974945068,0.10831894936767336,-0.00326926095395282,0.3184000253677368
11960320,2031.4008442870108,0.0983314714455593,0.17202149331569672,,,,,,,,0.0078125,0.7617812752723694,0.09278283688524751,-0.011357202369369108,0.18203547596931458
11968512,2032.7112601450062,0.024954063965492535,0.2709716856479645,,,,,,,,0.0,0.7429940700531006,0.12577360925849682,-0.00166320431979355,10.0497465133667
11976704,2033.9272854670126,0.043504872261850513,0.19871826469898224,,,,,,,,0.0,0.8168551921844482,0.09683191274943534,-0.0012047881034922235,1.9566326141357422
11984896,2035.3285001500044,0.02517930432836059,0.26264649629592896,,,,,,,,0.0078125,0.6993629932403564,0.09565650802905501,-6.117988951056688e-05,6.302037239074707
11993088,2036.7023543069954,0.02457616634080981,0.2588134706020355,0.006858257481184404,0.1244943962602782,0.12089517018412699,333,258.62171752977696,49.35,nan,0.0,0.7697127461433411,0.1111551383699394,-0.0027027887688131046,10.741490364074707
12001280,2038.6657183979987,0.029002579065155205,0.20734862983226776,,,,,,,,0.0078125,0.7524083852767944,0.09578355842601999,0.008108306633850468,3.1760342121124268
12009472,2039.9345897120074,0.026472129730455787,0.2848877012729645,,,,,,,,0.0,0.7201172113418579,0.14300672437753917,0.008906787499037325,0.08881674706935883
12017664,2041.18031168601,0.01731680043838476,0.22258301079273224,,,,,,,,0.0,0.8316763639450073,0.10774187301508173,0.00636817341223843,0.06819067150354385
12025856,2042.420256715006,0.01697031941856148,0.20955811440944672,,,,,,,,0.0078125,0.73942631483078,0.09954242231728964,0.004632584890856509,0.05259796977043152
12034048,2043.6172945210128,0.017363787641087963,0.22056885063648224,,,,,,,,0.0,0.7660657167434692,0.12478010513491067,0.002027358244010674,0.09707548469305038
12042240,2044.9695805580122,0.01577878933135096,0.20065918564796448,,,,,,,,0.0078125,0.8476294279098511,0.09402464586853188,0.0034602716070817837,0.10100124031305313
12050432,2046.3157554380014,0.014218085523061363,0.18303222954273224,,,,,,,,0.0,0.701819658279419,0.1635985917445017,0.002667969437908512,0.10469643026590347
12058624,2047.632901695004,0.01823716093766393,0.22437743842601776,0.001014280456877903,0.12753372468252944,0.12121704204487105,333,258.9720357414798,45.75,nan,0.0,0.8183076977729797,0.11291288358063745,0.0028445939299898684,0.08486773073673248
12066816,2049.8204495690006,0.016189365094907565,0.20921631157398224,,,,,,,,0.0078125,0.7806433439254761,0.0987510022777282,0.0006603922517378096,0.07334812730550766
12075008,2051.2416247770016,0.01972989968405574,0.23820801079273224,,,,,,,,0.0,0.7411739230155945,0.11541742650806923,-0.0014235947602205844,1.0233709812164307
12083200,2052.592171612021,0.019782833088317003,0.23627929389476776,,,,,,,,0.0,0.859396755695343,0.08004080468991037,0.0008315224592329448,0.1793597787618637
12091392,2053.975109232997,0.018108791086803612,0.2177734375,,,,,,,,0.0078125,0.7074442505836487,0.0797994875533948,0.0014033217089756325,0.08155035227537155
12099584,2055.526676089008,0.06278519947048007,0.26115724444389343,,,,,,,,0.0,0.7820093035697937,0.10653832089916987,-0.004106417930834104,3.7063591480255127
12107776,2057.2962963670143,0.04765746408792046,0.21958008408546448,,,,,,,,0.0078125,0.8049933314323425,0.09164474053345972,0.005215575752506281,0.19200490415096283
12115968,2058.827563196013,0.020262379845548295,0.2507080137729645,,,,,,,,0.0,0.7233463525772095,0.13631811163850957,-0.000821144959252159,2.939481496810913
12124160,2060.069809834007,0.11335524535586755,0.209716796875,0.00377379125563726,0.1193193049419198,0.11668179677367933,333,260.88292279245144,48.900000000000006,nan,0.0,0.8229641318321228,0.10227280516505721,-0.005670114977183884,0.5378177165985107
12132352,2061.994721791998,0.017279948105773664,0.22049561142921448,,,,,,,,0.0078125,0.7441622614860535,0.09370483449198298,0.0013355325286190864,0.11057169735431671
12140544,2063.237222227006,0.02449158932002246,0.2796997129917145,,,,,,,,0.0,0.7694767713546753,0.09843628340115926,-0.0021300437439299006,8.192015647888184
12148736,2064.529631047015,0.02600021168678637,0.23395995795726776,,,,,,,,0.0078125,0.8530749678611755,0.07440847992310692,0.0028566513135873874,0.21921563148498535
12156928,2065.8906354570063,0.021151090711064503,0.24790039658546448,,,,,,,,0.0,0.7034116387367249,0.15438555734122122,0.002191974402250642,1.0663217306137085
12165120,2067.2321908720187,0.029316315917188876,0.2773193418979645,,,,,,,,0.0,0.8068023324012756,0.10409668903185748,-0.0031258289625789165,3.9749221801757812
12173312,2068.4758290080063,0.14034103764835523,0.1973876953125,,,,,,,,0.0078125,0.758547306060791,0.08984572161362307,-0.010977953101087751,0.4973505437374115
12181504,2069.7060099859955,0.011317068227800063,0.14205323159694672,,,,,,,,0.0,0.6699029207229614,0.11449265530166576,-0.0066821408378347534,75.98699188232422
12189696,2070.99402804501,0.02843213783077583,0.18400879204273224,0.0014724114579678371,0.10858075475053001,0.10846820853225049,333,264.6083488987233,47.25,nan,0.0,0.5685380697250366,0.08611065650859806,0.0002626437195918062,33.909828186035156
12197888,2072.928197222005,0.020412186026009926,0.22950439155101776,,,,,,,,0.0078125,0.6772809624671936,0.08665214691341254,-0.00322437931298352,19.007810592651367
12206080,2074.0733845670184,0.027118572206746173,0.2766357362270355,,,,,,,,0.0,0.7467257976531982,0.10264969234121318,-0.0018037106254798958,16.722274780273438
12214272,2075.3490596880147,0.10118715366803309,0.2614502012729645,,,,,,,,0.0078125,0.7605175971984863,0.08320660086096167,0.014015780652422833,3.651381731033325
12222464,2076.6947714090056,0.020387152186695415,0.24549560248851776,,,,,,,,0.0,0.7137725949287415,0.11235674688315717,-0.002113538076731807,46.577003479003906
12230656,2078.001515773998,0.03034688271261693,0.26750490069389343,,,,,,,,0.0,0.6975373029708862,0.09540712634402779,0.0013508860631830117,24.064128875732422
12238848,2079.321471486008,0.03298619503175778,0.2882080078125,,,,,,,,0.0078125,0.6944231390953064,0.09322555141640988,0.002870840195820615,3.769606113433838
12247040,2080.796785431012,0.03422720311460301,0.33942872285842896,,,,,,,,0.0,0.7512431740760803,0.1092281898450723,-0.003317787757462632,24.16534996032715
12255232,2082.143071622995,0.0451558131668952,0.2759033143520355,0.0022596957039507926,0.10817091248655823,0.10815890619979611,333,264.57146325188455,48.6,nan,0.0078125,0.8000259399414062,0.07835688803920599,0.006035843959897442,5.3780388832092285
12263424,2084.3090625490004,0.037908919266905955,0.33558350801467896,,,,,,,,0.0,0.6993005871772766,0.1506503866652508,0.0003330860968905364,20.6987247467041
12271616,2086.0870478819998,0.04756133207596924,0.3302001953125,,,,,,,,0.0,0.7388795018196106,0.10080345394969376,0.0034736953359003325,8.952888488769531
12279808,2087.7809055570106,0.04357297607294269,0.3160400390625,,,,,,,,0.0078125,0.7393186688423157,0.09104345184995366,0.006969573378819283,2.9927074909210205
12288000,2089.3379507750215,0.03517401375634204,0.331298828125,,,,,,,,0.0,0.7311285734176636,0.12829380507381896,0.00047931380115276184,21.27607536315918
12296192,2090.8797434630105,0.0436892937154831,0.26579591631889343,,,,,,,,0.0,0.731357216835022,0.09130016192058714,0.0009051033320550462,9.668184280395508
12304384,2092.2654080089997,0.033460455304363,0.3126464784145355,,,,,,,,0.0078125,0.7015312314033508,0.09015483160892965,0.003232307696101858,5.924548625946045
12312576,2093.5855300340045,0.029792480538891532,0.29107666015625,,,,,,,,0.0,0.7997504472732544,0.1065652340040335,0.0014619688875792361,8.962364196777344
12320768,2094.984571347013,0.04214307959613671,0.28240966796875,0.002012582398793872,0.11236956495387312,0.11199673047095965,333,261.8422662158031,48.150000000000006,nan,0.0078125,0.8141605257987976,0.09388425928701447,0.0034292237107960174,0.4908457398414612
12328960,2097.012111322023,0.026037099867453874,0.28388673067092896,,,,,,,,0.0,0.7237584590911865,0.13732798625048084,0.00612618041627689,0.5332379341125488
12337152,2098.3478486530075,0.021353229990864232,0.25688478350639343,,,,,,,,0.0,0.8512731790542603,0.09921360215148076,0.005101847547092197,0.09555899351835251
12345344,2099.6505472110002,0.02051651451364403,0.23576660454273224,,,,,,,,0.0078125,0.753646194934845,0.08723415110553527,0.006280156628315771,0.06915438920259476
12353536,2100.9741606980097,0.019134724501925104,0.23562012612819672,,,,,,,,0.0,0.7769691944122314,0.10871437386044297,0.0033316244037959633,0.1497766375541687
12361728,2102.2986390820006,0.02081982484673186,0.22869873046875,,,,,,,,0.0078125,0.871266782283783,0.09530024654022795,-0.00047121349128802513,0.757027268409729
12369920,2103.645765688998,0.01932801194480644,0.22728271782398224,,,,,,,,0.0,0.7025464773178101,0.15971106261240062,0.004552854409792912,0.5587714314460754
12378112,2104.959216020012,0.022492401432050058,0.23753662407398224,,,,,,,,0.0,0.8217158913612366,0.10539475162962701,-0.0015637944852308723,4.395242214202881
12386304,2106.295775772014,0.02293580629293532,0.2606445252895355,0.0014091638601393397,0.11161649584764848,0.10933937563621447,333,262.27750526757325,49.35,nan,0.0078125,0.791126549243927,0.09322865377154126,0.00013514286987783417,0.3641737997531891
12394496,2108.3083880960185,0.022082297621375476,0.25299072265625,,,,,,,,0.0,0.7449609041213989,0.11911045142833436,-0.0025593109774764977,3.009568214416504
12402688,2109.6214050489943,0.025059996976598765,0.2694458067417145,,,,,,,,0.0,0.8723751902580261,0.049413904786252995,0.002302149841949992,0.8299655318260193
12410880,2110.9492930050183,0.018163787251944986,0.21738281846046448,,,,,,,,0.0078125,0.7150920629501343,0.04630198175823365,0.004277110867200183,0.2128230631351471
12419072,2112.229354072013,0.03401931780970074,0.22822265326976776,,,,,,,,0.0,0.7819740772247314,0.11390366080402833,-0.0021464716578623233,2.9236950874328613
12427264,2113.547477251006,0.08697791645733112,0.16469727456569672,,,,,,,,0.0078125,0.7931380867958069,0.09642846616246933,-0.01458911567541963,2.896289110183716
12435456,2115.072551856021,0.027513131398027788,0.2901611328125,,,,,,,,0.0,0.7225248217582703,0.1340718880881011,0.00466834939102599,1.6451748609542847
12443648,2116.5677614909946,0.30144175954177355,0.20250244438648224,,,,,,,,0.0,0.8296259045600891,0.09819308338916682,-0.014330163148803915,0.8523578643798828
12451840,2118.229106476996,0.06824702459125392,0.24036864936351776,0.0006158946889368577,0.10922781978675142,0.10797667041805314,333,263.21079277034244,48.150000000000006,nan,0.0078125,0.7507152557373047,0.09175457228623335,0.002018237570272915,0.25150442123413086
12460032,2120.1609169090225,0.023284362847347966,0.26478272676467896,,,,,,,,0.0,0.7738083004951477,0.11336156542605375,0.005160357803869162,0.6656840443611145
12468224,2121.574729417014,0.01752036867880922,0.21387939155101776,,,,,,,,0.0078125,0.8741633296012878,0.08967225126417655,0.0038518364595710505,0.10639599710702896
12476416,2122.8622764820175,0.019785779985825726,0.2332763671875,,,,,,,,0.0,0.7025644779205322,0.15791788554145875,0.003925226895630311,0.13512113690376282
12484608,2124.119318786019,0.05339196792728314,0.24752198159694672,,,,,,,,0.0,0.8008677959442139,0.10063932569905502,-0.004509952527687267,6.409167766571045
12492800,2125.563067030016,0.05559452729894673,0.18565674126148224,,,,,,,,0.0078125,0.7602859735488892,0.08893981664577608,-0.009540894682608181,4.029329776763916
12500992,2126.900796578004,0.024578844792160742,0.26422119140625,,,,,,,,0.0,0.7464721202850342,0.1319568158746644,0.00393037542616088,1.994131088256836
12509184,2128.2217993820086,0.16840694426154937,0.22003173828125,,,,,,,,0.0,0.8472925424575806,0.09890959646924435,0.007233406249753069,1.8488472700119019
12517376,2129.514562883007,0.019869104833029047,0.22407226264476776,0.0032955959215087427,0.11445775223979342,0.11435001057777056,333,262.2231005477229,48.300000000000004,nan,0.0078125,0.708004355430603,0.09603996029304915,0.00625663713056117,0.8759121298789978
12525568,2131.6090224820073,0.020464557646958922,0.25090333819389343,,,,,,,,0.0,0.7961689829826355,0.11387963466045234,0.0033565092523608793,0.35466545820236206
12533760,2133.276406442019,0.01781781344667027,0.21760253608226776,,,,,,,,0.0078125,0.8279119729995728,0.09864217835599914,0.005267979418530197,0.06394099444150925
12541952,2134.8820120760065,0.025723454189185497,0.27576905488967896,,,,,,,,0.0,0.7211025953292847,0.14309295455395374,-0.0010564653904600958,3.9320645332336426
12550144,2136.1290580250206,0.04265367518346014,0.2539916932582855,,,,,,,,0.0,0.825282096862793,0.1048328110231972,-0.0011053939747218235,2.423661231994629
12558336,2137.4492366140184,0.021305505095345175,0.22055664658546448,,,,,,,,0.0078125,0.7459197044372559,0.09610837388275448,0.0032065666074227827,0.4387288987636566
12566528,2138.7600847330177,0.0196077570090408,0.23833008110523224,,,,,,,,0.0,0.7685288190841675,0.12368828287037803,5.268460409370906e-05,1.4282375574111938
12574720,2140.0814287569956,0.018262443670191447,0.22258301079273224,,,,,,,,0.0078125,0.8626006245613098,0.0929263060173342,0.005740460294948499,0.10185910761356354
12582912,2141.3822714989947,0.014830577145549568,0.19135741889476776,0.0018719219947426202,0.11434596380108401,0.11209681645140707,333,260.82327053538745,49.5,nan,0.0,0.6988313794136047,0.16476468032444855,0.006615353984025573,0.07502675801515579
12591104,2143.4245531560155,0.01617695492490435,0.20253907144069672,,,,,,,,0.0,0.813762366771698,0.1138802122041985,0.005514822755166646,0.07401980459690094
12599296,2144.8266420500004,0.017869153273763656,0.21560059487819672,,,,,,,,0.0078125,0.7874424457550049,0.10204042005811362,0.005787221987492502,0.05028282478451729
12607488,2146.4459727760113,0.014736769826628693,0.18952636420726776,,,,,,,,0.0,0.7447928190231323,0.135397095796398,0.003230378183212347,0.11246045678853989
12615680,2148.0244319509948,0.01596205668226599,0.20172119140625,,,,,,,,0.0,0.8619490265846252,0.10462946138362006,0.003414365033217376,0.06674028933048248
12623872,2149.373293878016,0.018708854139148797,0.22423096001148224,,,,,,,,0.0078125,0.7157648801803589,0.10033793810456397,0.0013736077787713668,0.07182788848876953
12632064,2150.6872078629967,0.024658308392405508,0.24128417670726776,,,,,,,,0.0,0.7874059677124023,0.11665131000499449,0.0009567384370930727,2.30326509475708
12640256,2152.066144100012,0.27101568413905625,0.1787109375,,,,,,,,0.0078125,0.808336615562439,0.0934108315191263,-0.012981210362990686,0.43938446044921875
12648448,2153.369195209001,0.019697526783413688,0.23081055283546448,0.0017811778036471715,0.1181910643876479,0.11672181036994983,333,261.6734427810163,46.650000000000006,nan,0.0,0.7213613390922546,0.14458692043371194,0.0008740569035349689,2.4906375408172607
12656640,2155.4974773249996,0.028586276548519814,0.22995606064796448,,,,,,,,0.0,0.8253788948059082,0.10781061859837843,0.0014303055546271608,0.609308660030365
12664832,2156.8389825049962,0.022903062497146687,0.24510498344898224,,,,,,,,0.0078125,0.7437953948974609,0.10197511997566333,0.002957719743575614,0.18646423518657684
12673024,2158.2200217439968,0.02142249912482799,0.25114747881889343,,,,,,,,0.0,0.7698807120323181,0.12252304457867277,0.005724185522862184,0.23268885910511017
12681216,2159.5226572310203,0.01653713754176305,0.20589600503444672,,,,,,,,0.0078125,0.8638612627983093,0.09684353471228895,0.006064965343192217,0.0768950805068016
12689408,2160.8771370309987,0.015034066887654475,0.19511719048023224,,,,,,,,0.0,0.7010274529457092,0.15600526368032255,0.003465275483381042,0.09720112383365631
12697600,2162.174146712001,0.016171911872681796,0.20765380561351776,,,,,,,,0.0,0.8249415159225464,0.10651129459256227,0.003032128277213153,0.09127429872751236
12705792,2163.5407544680056,0.016041101355681122,0.20383301377296448,,,,,,,,0.0078125,0.7932318449020386,0.09245993580312155,0.0019333413506410321,0.06875040382146835
12713984,2164.9500708290143,0.01499863608303573,0.19425049424171448,0.005517561569073792,0.11580714815173532,0.11531664804502663,333,263.26450914235886,47.7,nan,0.0,0.7457433342933655,0.1316096963574592,0.0024177317484265965,0.10174770653247833
12722176,2166.9100429770187,0.01622242698175535,0.2083740234375,,,,,,,,0.0,0.868915855884552,0.09790568432913899,0.0025882170469784236,0.07503818720579147
12730368,2168.288488014019,0.015395396695618985,0.19644775986671448,,,,,,,,0.0078125,0.7183594703674316,0.09567978703053064,0.004025184476339418,0.08834987133741379
12738560,2169.5840100420173,0.02205553571210024,0.2601318359375,,,,,,,,0.0,0.7985870838165283,0.11056896335691557,-0.003790368471658326,4.639404296875
12746752,2170.8977600760118,0.14310644726216115,0.15093994140625,,,,,,,,0.0078125,0.799525797367096,0.0927553250299931,-0.014710396314031628,0.7971464395523071
12754944,2172.2454780620174,0.017311487003363803,0.21766357123851776,,,,,,,,0.0,0.7188149094581604,0.13980671283120247,-0.004556392406812369,14.130455017089844
12763136,2173.5055053770193,0.050902967542303945,0.25457763671875,,,,,,,,0.0,0.7368828058242798,0.10404725727508946,-0.002657754714302335,17.67540168762207
12771328,2175.10224426302,0.059711225225715994,0.20975342392921448,,,,,,,,0.0078125,0.6937153339385986,0.09396175164969071,0.017585474290929794,4.970457077026367
12779520,2177.050678644009,0.026281913519106262,0.28746339678764343,0.0025689349196511557,0.11826038344140345,0.1163500974541678,333,262.63820451969457,46.800000000000004,nan,0.0,0.7625965476036072,0.1081675136731215,0.0007586994537831908,12.637349128723145
12787712,2179.5371132100117,0.02367973281887875,0.23360596597194672,,,,,,,,0.0078125,0.8440444469451904,0.08160582558450424,0.0026796459661470266,4.147976875305176
12795904,2180.8920031680027,0.019414315173885623,0.22913818061351776,,,,,,,,0.0,0.6997033357620239,0.15763323945865912,0.00782324692660868,1.1067701578140259
12804096,2182.226569339022,0.021704083831172383,0.245849609375,,,,,,,,0.0,0.820226788520813,0.10279907828547698,0.008272143213203914,0.28819265961647034
12812288,2183.5574706360057,0.018902340348712094,0.23395995795726776,,,,,,,,0.0078125,0.7945145964622498,0.09259226278367384,0.006156486372993252,0.09457337856292725
12820480,2184.8746108570194,0.0144431740425899,0.18612061440944672,,,,,,,,0.0,0.7406967878341675,0.1368166287122903,0.0033817238644758604,0.09607862681150436
12828672,2186.3144588040013,0.017127577112549,0.21835938096046448,,,,,,,,0.0,0.8564180135726929,0.09954803185468032,0.005691662957848698,0.06329905241727829
12836864,2187.635286856006,0.01677911156206563,0.21544189751148224,,,,,,,,0.0078125,0.716738760471344,0.09756040950230206,0.0027649682913547455,0.07758456468582153
12845056,2188.9848436190223,0.02415248177758987,0.24245606362819672,0.0034145048085888474,0.11553452281587115,0.11234913962272935,333,263.6089676322825,47.7,nan,0.0,0.7851946353912354,0.11576136796804515,-0.003884120629059751,2.96687388420105
12853248,2191.040183459001,0.0585438634359533,0.20781250298023224,,,,,,,,0.0078125,0.806941032409668,0.09518109619177467,-0.005432846132215505,0.6619817614555359
12861440,2192.3364725710126,0.022424668988885805,0.26300048828125,,,,,,,,0.0,0.7235851287841797,0.13586625504600405,-0.00013762419625083967,6.282216548919678
12869632,2193.6400845549942,0.03732098223370891,0.33470460772514343,,,,,,,,0.0,0.8385573625564575,0.09514196733050019,-0.0007660884195932944,1.7161813974380493
12877824,2195.0253790100105,0.07105388913820157,0.21951904892921448,,,,,,,,0.0078125,0.7499967217445374,0.08588043306958765,-0.005500802775391032,0.26238834857940674
12886016,2196.300243300997,0.02142578881308469,0.25958251953125,,,,,,,,0.0,0.7424511313438416,0.0925634681738797,-0.007971406132968498,30.319808959960938
12894208,2197.5910871330125,0.1653475820995235,0.17247314751148224,,,,,,,,0.0078125,0.7206634879112244,0.08190949202684047,0.00638847682007261,13.27200984954834
12902400,2198.9016229910194,0.02211438164844974,0.25439453125,,,,,,,,0.0,0.7001760601997375,0.15372644420985782,0.003550686528396771,1.9760936498641968
12910592,2200.1891763070016,0.03264029132653014,0.3136840760707855,0.0026826701807350917,0.12144187351536266,0.11750816308340961,333,261.4968436526927,46.650000000000006,nan,0.0,0.8195642232894897,0.10579039457542846,0.0029695685401270656,3.6284103393554688
12918784,2202.2772265390086,0.021862351802203507,0.2403564453125,,,,,,,,0.0078125,0.7919065952301025,0.09050136356128173,0.0006372173404734049,0.6726267337799072
12926976,2203.58693381201,0.018572453305136457,0.23037110269069672,,,,,,,,0.0,0.742479681968689,0.13757987688830844,0.006688834005184452,0.11725948005914688
12935168,2205.11421693,0.017965857261522732,0.22093506157398224,,,,,,,,0.0,0.8596094250679016,0.10361502092062191,0.00545014195115352,0.06376935541629791
12943360,2206.663820005022,0.020350462416847143,0.23817138373851776,,,,,,,,0.0078125,0.7191426753997803,0.0994334895164362,0.007513786817486551,0.07232492417097092
12951552,2208.1638349480054,0.01727252847207595,0.21646729111671448,,,,,,,,0.0,0.7944991588592529,0.11198772357708306,0.00547798723331916,0.08227119594812393
12959744,2209.5676193610125,0.01813367592624704,0.22952881455421448,,,,,,,,0.0078125,0.8302894234657288,0.09428830776978886,0.0019254215142790153,0.07267355173826218
12967936,2210.9318695029942,0.022267919113999238,0.2588256895542145,,,,,,,,0.0,0.7157414555549622,0.140095232275296,-0.0020155684602887296,7.277724742889404
12976128,2212.24754068302,0.03841515453917216,0.2550048828125,0.0027418195354739217,0.11860811201644376,0.11519357924919275,333,262.90847855036657,46.650000000000006,nan,0.0,0.7739772796630859,0.10776284917003588,-0.0027015361823344523,5.669620037078857
12984320,2214.3935690979997,0.2897511788871355,0.18389892578125,,,,,,,,0.0078125,0.7120180130004883,0.09365451348961051,-0.004012203111838113,1.5888903141021729
12992512,2215.826919293002,0.023516003886624455,0.2697997987270355,,,,,,,,0.0,0.7696436643600464,0.1254931750964077,0.004356434764598503,1.7572071552276611
13000704,2217.155910811998,0.020267068122385067,0.2408447265625,,,,,,,,0.0078125,0.870987057685852,0.09713939691640933,0.007962419135188093,0.08403786271810532
13008896,2218.4837618670135,0.014477702301785474,0.18555907905101776,,,,,,,,0.0,0.6973370313644409,0.15948011573811835,0.005561770687322498,0.1015477403998375
13017088,2219.6201402920124,0.01999889212586814,0.23441162705421448,,,,,,,,0.0,0.8115181922912598,0.11260929595218,0.005369955907941992,0.06342630833387375
13025280,2220.813302252005,0.016971013316812087,0.21833495795726776,,,,,,,,0.0078125,0.7891783714294434,0.09457884765415847,0.005617029747490977,0.0482916496694088
13033472,2222.072973833012,0.01698906657048644,0.21440429985523224,,,,,,,,0.0,0.7394211292266846,0.13981620685505505,0.0031416128629947236,0.0950215607881546
13041664,2223.2977624330088,0.01549430694035012,0.20112304389476776,0.0035752171525510468,0.12125983527049952,0.11783793561206983,333,262.03504020624945,47.7,nan,0.0,0.8536233305931091,0.10382888945699248,0.005358989696643057,0.053990960121154785
13049856,2225.314510708995,0.016268715172327704,0.20618896186351776,,,,,,,,0.0078125,0.7203036546707153,0.10032462494520841,-0.00046175994686959814,0.06909400969743729
13058048,2226.4678233060113,0.018728300025659894,0.23154297471046448,,,,,,,,0.0,0.7945456504821777,0.1157043873309083,0.003100594369634956,0.08406950533390045
13066240,2227.693223128008,0.01605093877707899,0.20655517280101776,,,,,,,,0.0078125,0.8355151414871216,0.09606606375248225,0.004391243652283365,0.05400208383798599
13074432,2228.9448777729995,0.015243590421692016,0.19605712592601776,,,,,,,,0.0,0.7193649411201477,0.1454361721107275,0.0040460944119487035,0.10512615740299225
13082624,2230.1213080910093,0.016909979977688235,0.21422119438648224,,,,,,,,0.0,0.8445414304733276,0.10329439701374574,0.0029153276338194597,0.057336416095495224
13090816,2231.3841475890076,0.015502384765136734,0.20008544623851776,,,,,,,,0.0078125,0.7602441906929016,0.09388290313628461,0.0038025511580116675,0.0398254469037056
13099008,2232.6244129490224,0.03499334438849494,0.2464599609375,,,,,,,,0.0,0.7567932605743408,0.11746972981273553,-0.004436025146751406,1.8604488372802734
13107200,2233.826354271994,0.031739667822621054,0.19727782905101776,0.0004569574526468445,0.10871769774146886,0.10682440503124577,333,265.103114428783,49.5,nan,0.0078125,0.8496549129486084,0.09244679024002589,-0.0028791991145490047,0.7558304667472839
13115392,2236.0473908720014,0.019440039476324743,0.234130859375,,,,,,,,0.0,0.6999548673629761,0.158470017855992,0.0015676550459849615,2.982468843460083
13123584,2237.5493160909973,0.06349832954071992,0.21591797471046448,,,,,,,,0.0,0.8015760183334351,0.10839734158009633,-0.0051440369178531635,1.2348297834396362
13131776,2238.8610157210205,0.0963558348964298,0.20952148735523224,,,,,,,,0.0078125,0.770809531211853,0.09531118228943422,0.005575741259726109,1.5105711221694946
13139968,2240.105099612003,0.020152776400221666,0.24628905951976776,,,,,,,,0.0,0.7441810965538025,0.13139849390445088,0.005257317062315459,0.17869508266448975
13148160,2241.340599387011,0.018141529217440083,0.22714844346046448,,,,,,,,0.0,0.8674024343490601,0.09884911723329987,0.0049041384719953505,0.07893186807632446
13156352,2242.585369263019,0.01934376967963658,0.22291259467601776,,,,,,,,0.0078125,0.7254154086112976,0.09416614397029277,0.0049369364522976085,0.0764327123761177
13164544,2243.8905666010105,0.02497387500576146,0.2724975645542145,,,,,,,,0.0,0.7771816253662109,0.08944445853387067,-0.002388191363481247,19.400596618652344
13172736,2245.09795322601,0.07012047859412303,0.17609862983226776,0.0048145206890992664,0.11082070743098824,0.10701125678386503,333,263.62182353588184,49.2,nan,0.0078125,0.8001055121421814,0.07123123752333521,-0.00788754851786864,3.630727529525757
13180928,2247.2641168420087,0.01835327704445211,0.21470947563648224,,,,,,,,0.0,0.7150079607963562,0.13395029896152635,-0.0012584172534995516,18.431575775146484
13189120,2248.5133603890135,0.0305310112275929,0.2587646543979645,,,,,,,,0.0,0.8123819828033447,0.09413611452889542,0.003704469213359273,2.9339938163757324
13197312,2249.8832695900055,0.02309492103573339,0.23195801675319672,,,,,,,,0.0078125,0.746148943901062,0.08568011817779991,0.007939807756105088,0.736020565032959
13205504,2251.161062013998,0.02413186369888974,0.26555177569389343,,,,,,,,0.0,0.771113932132721,0.11593041829251595,0.004215170173796803,0.44948455691337585
13213696,2252.4333264669986,0.01994117982096462,0.2391357421875,,,,,,,,0.0078125,0.8835865259170532,0.08817568411862502,0.007928489923852367,0.0895821675658226
13221888,2253.8876682539994,0.021400964850272878,0.24372558295726776,,,,,,,,0.0,0.6968757510185242,0.15779999572490958,0.0020038327001050626,1.00706946849823
13230080,2255.1532792189973,0.020489296911221214,0.24112549424171448,,,,,,,,0.0,0.8175446391105652,0.10764474663065927,0.003966119595740969,0.7260622382164001
13238272,2256.4859629910206,0.01944417089509286,0.23758545517921448,0.008519733808178165,0.1170139589681415,0.11051438457657431,333,263.35928674996484,49.2,nan,0.0078125,0.800701379776001,0.09333605353707343,0.005262624921157361,0.07361767441034317
13246464,2258.729359546007,0.02326422845788247,0.26799318194389343,,,,,,,,0.0,0.7383198738098145,0.1325311039938675,-0.0019502109516261708,7.544210910797119
13254656,2260.107028497994,0.02449048322832701,0.2197265625,,,,,,,,0.0,0.8439658284187317,0.09755436482930899,0.004378491612239291,1.3945573568344116
13262848,2261.4616520800046,0.06306346156910202,0.25385743379592896,,,,,,,,0.0078125,0.7211694717407227,0.09293317998533754,-0.0018269702052501405,2.581531286239624
13271040,2262.7022644690005,0.0266810824459129,0.28040772676467896,,,,,,,,0.0,0.7914198637008667,0.11035221425580644,0.0017777028015428934,1.9275368452072144
13279232,2264.0684325280017,0.09154575923101184,0.23233643174171448,,,,,,,,0.0078125,0.8330218195915222,0.09115505215469438,-0.0028785989035001653,0.32501479983329773
13287424,2265.6158938599983,0.027477951203984254,0.28900146484375,,,,,,,,0.0,0.7188881635665894,0.14143514116535036,0.0006348877081222633,6.269402980804443
13295616,2267.2250725170015,0.02916329250312846,0.22928467392921448,,,,,,,,0.0,0.8332750201225281,0.10168080550355127,0.002960828807179758,0.8720595240592957
13303808,2268.626643754018,0.07546062430586026,0.22670899331569672,0.008838942747886547,0.11941651058481599,0.11273346560919068,333,264.4369624164524,44.7,nan,0.0078125,0.7522925138473511,0.09352702024829108,-0.006093932417691782,0.22953812777996063
13312000,2270.6131037379964,0.02382428433144575,0.26630860567092896,,,,,,,,0.0,0.7713536620140076,0.11890582881506256,0.003061582874482075,0.360897034406662
13320192,2271.959007102996,0.019002829944655398,0.23232422769069672,,,,,,,,0.0078125,0.8885308504104614,0.0847631891202464,0.006081355745950069,0.10696055740118027
13328384,2273.3545744430157,0.01639903964659798,0.20731201767921448,,,,,,,,0.0,0.698587954044342,0.1572329905301808,0.004392306023578587,0.07759372144937515
13336576,2274.665624513,0.03540846220914675,0.3183227479457855,,,,,,,,0.0,0.8189849257469177,0.10185612917290156,-0.00426182167895413,7.366082668304443
13344768,2276.115389968996,0.02096646420646512,0.21351318061351776,,,,,,,,0.0078125,0.7916285991668701,0.08813300166232375,0.00314547977175366,0.6789689064025879
13352960,2277.472987134999,0.025830337218337187,0.26512452960014343,,,,,,,,0.0,0.7356250882148743,0.1321297602163644,-0.0010751116593191844,5.336832523345947
13361152,2278.8140192739957,0.8236366207673735,0.18476562201976776,,,,,,,,0.0,0.8152216076850891,0.0976964607690094,-0.015088888510962867,1.5026167631149292
13369344,2280.142328200018,0.04770216279543015,0.23497314751148224,0.012943024805846859,0.11967035949972361,0.11409121340724968,333,265.15010724441476,46.050000000000004,nan,0.0078125,0.7199015617370605,0.09198178100944925,-0.0011551141352665647,0.4392607808113098
13377536,2282.2556410060206,0.028423062491192554,0.27448731660842896,,,,,,,,0.0,0.7735139727592468,0.11025141546732331,-0.0019517970237039083,14.3922758102417
13385728,2283.5196003330057,0.0502806695402966,0.23251953721046448,,,,,,,,0.0078125,0.7817914485931396,0.08749791167977139,-0.0005418020725229179,1.5856322050094604
13393920,2284.9553201710223,0.025288666832000456,0.2861328125,,,,,,,,0.0,0.718162477016449,0.14081148229788537,0.004243431626213365,0.40682467818260193
13402112,2286.230598610011,0.01965265545684111,0.2335205078125,,,,,,,,0.0,0.8494568467140198,0.09962885374229818,0.007734421154064116,0.07189502567052841
13410304,2287.5449749580002,0.018561331876793274,0.22709961235523224,,,,,,,,0.0078125,0.7702661156654358,0.08932740097162876,0.005538279074858714,0.06173752620816231
13418496,2288.8606738710077,0.07244909434682761,0.2577880918979645,,,,,,,,0.0,0.7515717148780823,0.11307996225447367,-0.00627317876339984,11.464383125305176
13426688,2290.189917434007,0.4055115213814336,0.15390625596046448,,,,,,,,0.0078125,0.8179041743278503,0.08844806910687768,-0.01026420326131986,4.130961894989014
13434880,2291.5061878120177,0.018627803451427012,0.22388915717601776,0.006503177544028849,0.11874341583473451,0.11442042549397366,333,262.72179921468404,47.1,nan,0.0,0.6966739892959595,0.15416980643327646,0.008087458673543577,0.16469940543174744
13443072,2293.645768496004,0.019043651808097074,0.22821044921875,,,,,,,,0.0,0.8203575611114502,0.10707947989505437,0.005547515619604896,0.14001873135566711
13451264,2295.0531273570086,0.01720530260195829,0.21595458686351776,,,,,,,,0.0078125,0.8070122003555298,0.08832730630357921,0.0037908550426213926,0.08768126368522644
13459456,2296.5950793820084,0.016943499765563554,0.21250000596046448,,,,,,,,0.0,0.7428043484687805,0.13295841666141997,0.004703561053747598,0.12391350418329239
13467648,2298.2006163210026,0.017597112415994067,0.21906737983226776,,,,,,,,0.0,0.8685919046401978,0.09651255849085784,0.0051604833672787,0.07403707504272461
13475840,2299.5539629989944,0.01807359826485334,0.21146240830421448,,,,,,,,0.0078125,0.7296105623245239,0.09146487886044147,0.0007795822948195184,0.08829768002033234
13484032,2300.805910519004,0.026929924434413034,0.25853273272514343,,,,,,,,0.0,0.7814465165138245,0.11221217036256585,-0.005556015102761544,13.828787803649902
13492224,2302.140930382011,0.02060974369202687,0.21031494438648224,,,,,,,,0.0078125,0.8210887312889099,0.08908081730639181,0.0016489881777010875,3.564023733139038
13500416,2303.465765099012,0.018914097678966568,0.22519531846046448,0.004689838198148499,0.1072685268625047,0.10534677977946755,333,264.5824314174006,48.150000000000006,nan,0.0,0.7162630558013916,0.14150141408130365,0.0005195913599978384,10.225963592529297
13508608,2305.370014892018,0.027710200990602642,0.25184327363967896,,,,,,,,0.0,0.8180374503135681,0.09489126620323804,0.0012830929905531148,2.4452836513519287
13516800,2306.6563064260117,0.05989615589425268,0.23370361328125,,,,,,,,0.0078125,0.7412054538726807,0.08036230766607164,0.0009092128221522288,0.555149495601654
13524992,2307.9450524529966,0.021473591035243746,0.2537475526332855,,,,,,,,0.0,0.7633920907974243,0.1222166577483788,0.003528256650448465,0.2738119661808014
13533184,2309.2560846430133,0.01853349128822419,0.22988282144069672,,,,,,,,0.0078125,0.8787181377410889,0.09463130019245222,0.005661467230092473,0.09277833253145218
13541376,2310.6226176730124,0.01599880319505048,0.20432129502296448,,,,,,,,0.0,0.6959006190299988,0.16148346906839364,0.0042433289708446705,0.0650453120470047
13549568,2311.895828622015,0.04475254190739422,0.241943359375,,,,,,,,0.0,0.8016065955162048,0.10325873822370481,-0.003005896068909125,4.86398458480835
13557760,2313.2041065410012,0.13352959732894418,0.24686279892921448,,,,,,,,0.0078125,0.7917833924293518,0.08730973566031763,-0.00284892613055325,0.2774122953414917
13565952,2314.657158999995,0.025389344927054865,0.2740722596645355,0.0028540337581118846,0.1043626239866588,0.10307532139141577,333,264.7204635321834,49.5,nan,0.0,0.7380212545394897,0.13108914150125694,0.000365768144880667,10.576778411865234
13574144,2316.531641700014,0.04941798133985668,0.220703125,,,,,,,,0.0,0.8197299242019653,0.09474864538485951,0.006959281645043641,2.78338623046875
13582336,2317.8188064630085,0.0284586385160026,0.2763427793979645,,,,,,,,0.0078125,0.7266610860824585,0.0902863711877735,-0.0006919085626994051,4.945126056671143
13590528,2319.0895884530037,0.02766939169102536,0.28474122285842896,,,,,,,,0.0,0.7914096713066101,0.11267898074421184,0.00046833362425953537,8.723405838012695
13598720,2320.4146638500097,0.030428028212909533,0.2736572325229645,,,,,,,,0.0078125,0.83682781457901,0.09120459796022841,0.003907496525933656,0.6887534856796265
13606912,2321.731314597011,0.02820421052248534,0.29613038897514343,,,,,,,,0.0,0.7188108563423157,0.14054707174185713,0.008534649077283327,0.37003758549690247
13615104,2323.134247959999,0.021191486384697533,0.25006103515625,,,,,,,,0.0,0.8555968999862671,0.09263251602640915,0.00568335112565747,0.09029778838157654
13623296,2324.4079780010215,0.018930275338521103,0.23374024033546448,,,,,,,,0.0078125,0.7754502296447754,0.084030390173104,0.006051903122228641,0.07697910070419312
13631488,2325.9800170579983,0.018940204306540358,0.22470703721046448,0.0040675741170397295,0.11266630824666346,0.10642565731022588,333,266.1481393069123,49.2,nan,0.0,0.764435887336731,0.11486541379929788,0.004772389784836086,0.14609108865261078
13639680,2328.3404645050177,0.017626182115535384,0.21989746391773224,,,,,,,,0.0078125,0.8896669745445251,0.0835383917948922,0.004274156956783341,0.08943752199411392
13647872,2329.663581048022,0.015339784641349108,0.20065918564796448,,,,,,,,0.0,0.6964638233184814,0.15108283720678198,0.0027678953066348393,0.08573566377162933
13656064,2330.902543710021,0.04311244602764252,0.2559570372104645,,,,,,,,0.0,0.804541289806366,0.09167797601757477,-0.005318424246026278,4.501992702484131
13664256,2332.2721426089993,0.03012357858838387,0.24460449814796448,,,,,,,,0.0078125,0.8050022721290588,0.07876997207633613,0.0021172067924697486,0.4818500578403473
13672448,2333.631819272996,0.026796566217743345,0.27696534991264343,,,,,,,,0.0,0.7393227815628052,0.1278649878749986,-0.003476179349574379,8.04139232635498
13680640,2334.9566540720116,0.18065100221761268,0.15688477456569672,,,,,,,,0.0,0.8125643134117126,0.09909808627955913,-0.013024098820664912,2.650841474533081
13688832,2336.443054074014,0.0615832289047255,0.2613769471645355,,,,,,,,0.0078125,0.7180144190788269,0.09545007668265301,-0.0045518375138703816,3.113405704498291
13697024,2337.797360180004,0.03134094687767345,0.326171875,0.003866290126894434,0.11272776410199578,0.11019828288739321,333,265.47482507039865,47.7,nan,0.0,0.7850006818771362,0.10992802059592334,-0.0015890315203108873,8.749634742736816
13705216,2339.7596188840107,0.26936113514415455,0.2512573301792145,,,,,,,,0.0078125,0.8364359736442566,0.08719338114282417,0.004283885632987926,1.193081259727478
13713408,2341.1203507760074,0.03171670900041349,0.3224853575229645,,,,,,,,0.0,0.7152523398399353,0.13886162966728324,0.0032553682045379263,4.027989387512207
13721600,2342.413732244022,0.049981523802976574,0.314697265625,,,,,,,,0.0,0.7979320287704468,0.09823928817280171,0.00633072004712614,6.037989139556885
13729792,2343.7190424650034,0.10405505536123204,0.27880859375,,,,,,,,0.0078125,0.7467026114463806,0.08849115426630294,-0.0001816792511400543,0.7872446179389954
13737984,2345.144023469009,0.02913341625731656,0.2664550840854645,,,,,,,,0.0,0.7261779308319092,0.11547899420057965,-0.002581551319892392,27.347742080688477
13746176,2346.462226035015,0.059992386582831105,0.2536987364292145,,,,,,,,0.0,0.8130859136581421,0.08787586835034057,0.006497748936420709,1.5134919881820679
13754368,2347.761800822016,0.019490930135919928,0.23159180581569672,,,,,,,,0.0078125,0.6970959901809692,0.08693108076822695,0.007665360472525908,0.3642632067203522
13762560,2349.0545534550038,0.021812756417002525,0.2551025450229645,0.0033308331025839744,0.10656673709986672,0.10285424707133965,333,265.81531244636335,49.2,nan,0.0,0.822158932685852,0.09600866785907586,0.0067845004961791695,0.14539507031440735
13770752,2351.1827114619955,0.019287056802088032,0.234130859375,,,,,,,,0.0078125,0.8181643486022949,0.07924033152651878,0.006115839161596998,0.08817316591739655
13778944,2352.5072727460065,0.017773716312616546,0.22075195610523224,,,,,,,,0.0,0.7134261727333069,0.1201804032923682,-0.00317257123495492,28.491724014282227
13787136,2353.8322069749993,0.06545842318427429,0.23905029892921448,,,,,,,,0.0,0.656208872795105,0.09468471760697166,0.01048724359261592,14.715895652770996
13795328,2355.333381532022,0.05237831804240067,0.22590331733226776,,,,,,,,0.0078125,0.6726053953170776,0.0900107701588222,-0.00328990268534987,9.229209899902344
13803520,2356.915670270013,0.05607725235476349,0.26054689288139343,,,,,,,,0.0,0.7581315040588379,0.1123228357201627,-0.0028538706492191126,4.503816604614258
13811712,2358.7328856860113,0.2539821595678631,0.21906737983226776,,,,,,,,0.0078125,0.7946348786354065,0.09413362332818997,0.0017918337933197914,3.6398513317108154
13819904,2360.0880871610134,0.027562709402832293,0.2997802793979645,,,,,,,,0.0,0.7085148096084595,0.14537513830799162,0.0014655063227675532,7.192691326141357
13828096,2361.3589729939995,0.061181278252354546,0.27812501788139343,0.0037048354135863493,0.10566341123048678,0.10332469325509286,333,265.71526779030273,49.2,nan,0.0,0.8242344856262207,0.09828734036140675,-0.0015487549131540594,0.8923365473747253
13836288,2363.4948519470054,0.042192943896366866,0.24644775688648224,,,,,,,,0.0078125,0.7603212594985962,0.08620792346298897,0.01565975193291377,1.2277387380599976
13844480,2364.820387667016,0.025065024531195204,0.26356202363967896,,,,,,,,0.0,0.7662253379821777,0.11488999778559843,-0.00031334983044109803,8.321369171142578
13852672,2366.1934616859944,0.1487265300352726,0.23798827826976776,,,,,,,,0.0,0.8629522323608398,0.08586664167315905,0.06363716831211158,0.7495294213294983
13860864,2367.5174824610003,0.021748432503786216,0.25126954913139343,,,,,,,,0.0078125,0.6987155675888062,0.0852847359312848,-0.0002760983513841168,3.2205848693847656
13869056,2368.7920207169955,0.03652770494542034,0.3367065489292145,,,,,,,,0.0,0.8211484551429749,0.10211829114066151,0.0019652598881633424,7.141641139984131
13877248,2370.0879238079942,0.024493608496837488,0.2563110291957855,,,,,,,,0.0078125,0.8071556687355042,0.08773097957361098,0.007258374267541404,0.32171738147735596
13885440,2371.394655379001,0.01503994968133981,0.18009033799171448,,,,,,,,0.0,0.6963492035865784,0.1258121394137827,-0.0034210964517693344,66.97818756103516
13893632,2372.7185934930167,0.048233580929732796,0.22489014267921448,0.002572449029490831,0.10277521601513633,0.1013537434404021,333,266.40274634695203,49.5,nan,0.0,0.7035688161849976,0.09104783265734126,0.01081935256180564,17.36928939819336
13901824,2374.978858098999,0.037551111150072966,0.2510986328125,,,,,,,,0.0078125,0.6999883651733398,0.08540193338801222,0.00014463927969361685,7.563416957855225
13910016,2376.2049765660195,0.02276627950467159,0.25474855303764343,,,,,,,,0.0,0.7338430881500244,0.10699471627228027,-0.004289598377816418,36.75127029418945
13918208,2377.5584700239997,0.0621230123668209,0.25670167803764343,,,,,,,,0.0078125,0.748212456703186,0.08467453002693505,0.008721160020325011,8.637649536132812
13926400,2378.8938486700063,0.029050469334004438,0.29698488116264343,,,,,,,,0.0,0.7155284285545349,0.14484687150703615,0.0011559490915093629,21.995954513549805
13934592,2380.193960136996,0.03443686545196666,0.27250978350639343,,,,,,,,0.0,0.7703425884246826,0.10428294502540586,0.0012868735898372645,9.169611930847168
13942784,2381.465612219996,0.03967320447598069,0.24492187798023224,,,,,,,,0.0078125,0.7253327965736389,0.09089419684293011,0.007616444555670537,3.936286211013794
13950976,2382.778904389008,0.040366974088876545,0.35289308428764343,,,,,,,,0.0,0.7589830160140991,0.11353542072244943,0.005217175271276401,5.218806743621826
13959168,2384.2006403060223,0.24987288811360375,0.27015382051467896,0.004936114545860848,0.10532468601401698,0.10333397199489744,333,265.3101076873447,49.2,nan,0.0,0.8521470427513123,0.08254374399106132,-0.008834435538157142,0.9839462637901306
13967360,2386.6226041330083,0.03706676416357787,0.3418945372104645,,,,,,,,0.0078125,0.7010443806648254,0.0804357639187811,0.002305252326900272,2.701688051223755
13975552,2388.243151593022,0.034946271208126656,0.33367919921875,,,,,,,,0.0,0.8124898076057434,0.10140555316412753,0.0006363294570224309,9.048552513122559
13983744,2389.5439835300203,0.032882113602204076,0.2952514588832855,,,,,,,,0.0078125,0.8033662438392639,0.08527385615966358,0.0032334102688921563,0.7317399382591248
13991936,2390.853444100998,0.03451719868803148,0.3213134706020355,,,,,,,,0.0,0.7364723682403564,0.13202552611409993,0.0009565546299336044,8.250090599060059
14000128,2392.1498021809966,0.033612262122568216,0.2776122987270355,,,,,,,,0.0,0.8330458402633667,0.09566903486236238,0.004231414277904975,3.2621047496795654
14008320,2393.469878135016,0.02784840913746005,0.25959473848342896,,,,,,,,0.0078125,0.7266517281532288,0.09041959567977584,-0.00041436194820811383,1.2395009994506836
14016512,2394.791450670018,0.02689392155728869,0.2917724549770355,,,,,,,,0.0,0.7879594564437866,0.11343351555579341,-0.0007144404689090745,7.4010748863220215
14024704,2396.239426221,0.14377682765317404,0.2181396484375,0.0016646235959826283,0.1126668720781566,0.11250871930986288,333,263.65722161802677,47.7,nan,0.0078125,0.8117855787277222,0.0913987728087457,-0.003524686190658813,1.8638159036636353
14032896,2398.497376934014,0.03721771330785197,0.33612060546875,,,,,,,,0.0,0.711621105670929,0.14460505807257493,0.0023660668685450245,6.878515720367432
14041088,2399.825844072009,0.06761878579641202,0.23013916611671448,,,,,,,,0.0,0.803160548210144,0.1044163116320703,0.0008726898801975667,2.3618619441986084
14049280,2401.1266312549997,0.032876447085815844,0.24559326469898224,,,,,,,,0.0078125,0.7534299492835999,0.09368283025209839,0.006642817189919066,0.7250933051109314
14057472,2402.4246763090196,0.04368462142826628,0.3784545958042145,,,,,,,,0.0,0.7637367248535156,0.12106753955021711,0.004615322629827623,1.5181972980499268
14065664,2403.7544006149983,0.020340017481681075,0.24309082329273224,,,,,,,,0.0,0.890011191368103,0.08907719195876135,0.007981139206826127,0.11380781978368759
14073856,2405.1084895160166,0.01762026807783412,0.22144775092601776,,,,,,,,0.0078125,0.7007430791854858,0.0881995161246189,0.003087316218057436,0.07706543803215027
14082048,2406.325432009995,0.019001417491064213,0.22652588784694672,,,,,,,,0.0,0.8142461776733398,0.10565702247734747,0.005059437724150029,0.08323746174573898
14090240,2407.6587435170077,0.017455136375652616,0.22216796875,0.003090781064074677,0.11153929059208383,0.11153929059208383,333,263.59387521684835,49.95,nan,0.0078125,0.8177787065505981,0.09089926633612956,0.0030373586377242753,0.0608966127038002
14098432,2409.618190926005,0.015346070283675628,0.19692383706569672,,,,,,,,0.0,0.7321054935455322,0.13863193368584378,0.004223599734315396,0.07501661032438278
14106624,2410.945110621018,0.017163768052002384,0.21571044623851776,,,,,,,,0.0,0.8561446666717529,0.10444727017728374,0.004230620583664207,0.0525546669960022
14114816,2412.235384458996,0.016422473272839574,0.20952148735523224,,,,,,,,0.0078125,0.7372697591781616,0.09632939744115751,0.00297004043989605,0.043146729469299316
14123008,2413.539205308014,0.01794645127328129,0.22244873642921448,,,,,,,,0.0,0.7849076390266418,0.10814204626634658,0.0020147803913390474,0.13108189404010773
14131200,2414.8536277490202,0.016975417739042382,0.21135254204273224,,,,,,,,0.0078125,0.8561062812805176,0.07873571162949981,0.003965905762012087,0.07145871222019196
14139392,2416.50021047701,0.015881574968246936,0.20552979409694672,,,,,,,,0.0,0.7084018588066101,0.1549412856895692,0.0037035928698068393,0.07027033716440201
14147584,2418.01715008702,0.015558169413477336,0.20002441108226776,,,,,,,,0.0,0.8359686136245728,0.10913690610770455,0.0031500228235699056,0.04958037659525871
14155776,2419.3333961030003,0.01612996625451335,0.20744629204273224,0.004459339600932255,0.10946207712171242,0.10884596563774855,333,264.5079317302811,49.2,nan,0.0078125,0.7777107357978821,0.0976968322145081,0.0041393328556746664,0.03541696071624756
14163968,2421.4487910440075,0.016642630054483243,0.20865479111671448,,,,,,,,0.0,0.7592871189117432,0.1253925557591397,0.0026638275669491774,0.09735025465488434
14172160,2422.7531753310177,0.016547256793628576,0.20921631157398224,,,,,,,,0.0,0.8846276998519897,0.09139223804899337,0.004596216243794053,0.05926188454031944
14180352,2424.152357318002,0.015167685281161629,0.1925048828125,,,,,,,,0.0078125,0.7045909762382507,0.08954535732302449,0.003320765010854175,0.09448900073766708
14188544,2425.416110324004,0.02747553868341154,0.27741700410842896,,,,,,,,0.0,0.8156275749206543,0.1061553787303946,-0.0006698657952875544,3.047412633895874
14196736,2426.879684595013,0.05653117011010103,0.19172362983226776,,,,,,,,0.0078125,0.804197371006012,0.08953376609202154,-0.004710563104016522,1.293316125869751
14204928,2428.203119834012,0.015505096901223018,0.19547119736671448,,,,,,,,0.0,0.7383162975311279,0.12915280776600818,0.0053265427968890305,0.15862791240215302
14213120,2429.4788947430206,0.01852254211521117,0.23101806640625,,,,,,,,0.0,0.8716071248054504,0.09236332691557164,0.005952901435700762,0.08327189832925797
14221312,2430.7884497030172,0.015506607646108004,0.19428710639476776,0.005141101734808973,0.10802391916082547,0.10802391916082547,333,265.66746795460165,49.95,nan,0.0078125,0.7448358535766602,0.08782427109232346,0.0037269379195195556,0.1283191740512848
14229504,2432.870998844999,0.021596816058718177,0.23328857123851776,,,,,,,,0.0,0.7844938039779663,0.11227716261088089,0.0008883910636504613,1.7709754705429077
14237696,2434.160184624023,0.04523467355747326,0.23106689751148224,,,,,,,,0.0078125,0.8480013608932495,0.08978461868772096,-0.003621793406871931,0.5011270642280579
14245888,2435.5532624530024,0.014834877774300766,0.19436036050319672,,,,,,,,0.0,0.712924599647522,0.14938956986957233,0.004233189189310737,0.11959832161664963
14254080,2436.832480342011,0.017435301984585566,0.21870116889476776,,,,,,,,0.0,0.8470413684844971,0.1007752951770207,0.003013660874610536,0.06389711052179337
14262272,2438.1296214339964,0.01891495386704649,0.22791747748851776,,,,,,,,0.0078125,0.7834504842758179,0.0908775342845002,0.006439846531449106,0.05170591548085213
14270464,2439.407833953999,0.02367165702203898,0.2634643614292145,,,,,,,,0.0,0.7648490071296692,0.1142150639910676,0.0004827470085695129,5.279325008392334
14278656,2440.7090754030214,0.05465268692973575,0.19887696206569672,,,,,,,,0.0,0.8761593103408813,0.08159525569580323,-0.0063031541196167246,0.5785216093063354
14286848,2441.931501584011,0.017465297923056414,0.20659179985523224,0.00696127878879349,0.1113435400877662,0.10899631634118978,333,267.00845417397505,48.75,nan,0.0078125,0.7056940793991089,0.08191972068896151,0.0022143611487682353,0.14897634088993073
14295040,2443.882194203994,0.13957964823656602,0.27496337890625,,,,,,,,0.0,0.8116717338562012,0.10194768022693447,-0.006352868728238623,3.063511610031128
14303232,2445.2655915119976,0.4549594153087692,0.23306885361671448,,,,,,,,0.0078125,0.8133988380432129,0.08720515527136671,0.0026773601796439006,0.34204185009002686
14311424,2446.8310749680095,0.015654862985801116,0.20393066108226776,,,,,,,,0.0,0.7047697305679321,0.11053553903431203,-0.006646270522417119,50.844295501708984
14319616,2448.4376009770203,0.3094661111063742,0.21816407144069672,,,,,,,,0.0,0.7115625739097595,0.08573431308980654,-0.005085802423842209,10.091946601867676
14327808,2449.8304305670026,0.026150708080765053,0.24394531548023224,,,,,,,,0.0078125,0.7002211809158325,0.08096235590190796,-0.0013302488362205733,7.8008012771606445
14336000,2451.138208285003,0.017996688140511325,0.2025146484375,,,,,,,,0.0,0.6553336977958679,0.11514442475386981,-0.004556875913319979,43.6475715637207
14344192,2452.5103757890174,0.0715138066923918,0.20280762016773224,,,,,,,,0.0078125,0.6123315095901489,0.08959461997480064,0.010911888006739964,24.10070037841797
14352384,2453.8368258720147,0.027356066782551116,0.27922365069389343,0.005396366594097146,0.11153051604129227,0.11065983065846949,333,266.5420950480593,47.7,nan,0.0,0.7100728750228882,0.15090878601789243,0.0019577814121285787,18.97772216796875
14360576,2456.258232067019,0.0812739774930095,0.3433593809604645,,,,,,,,0.0,0.772045910358429,0.09209348594580126,0.006793235310129027,8.077425003051758
14368768,2457.8442920530215,0.03511713547365145,0.2759643495082855,,,,,,,,0.0078125,0.7349733114242554,0.08439294541014113,0.012993782120234804,2.0340702533721924
14376960,2459.2303861959954,0.025963064332885855,0.27399903535842896,,,,,,,,0.0,0.7473618388175964,0.1126385893273793,-0.0018570189758491578,24.85568618774414
14385152,2460.733872066019,0.7298324502137801,0.20357666909694672,,,,,,,,0.0,0.7964736819267273,0.07074404734958945,-0.00212491130209697,4.425817012786865
14393344,2462.139786533022,0.030256861479862632,0.3007446229457855,,,,,,,,0.0078125,0.6988227963447571,0.07118361546218542,0.0008956433091531126,22.006189346313477
14401536,2463.535057849018,0.033849106075778894,0.2896484434604645,,,,,,,,0.0,0.701914370059967,0.10312604073784697,0.001908407144664703,19.005508422851562
14409728,2464.970956414996,0.46192621864737515,0.23489990830421448,,,,,,,,0.0078125,0.6711151599884033,0.08918494105634428,0.008677705179022657,7.670620918273926
14417920,2466.4350464770105,0.0408732185999166,0.3570312559604645,0.004639503653550481,0.11208909996023339,0.11208909996023339,333,264.3093657878216,49.95,nan,0.0,0.7380357980728149,0.12769776879271996,0.01754152498149804,0.27330249547958374
14426112,2468.615820373001,0.02496705117028597,0.2818969786167145,,,,,,,,0.0,0.8702195286750793,0.09568324540006751,0.010565093852382173,0.08431541174650192
14434304,2469.9664863630023,0.020964650420430775,0.24022217094898224,,,,,,,,0.0078125,0.7470982074737549,0.08959958074312051,0.007286128796936766,0.0796080082654953
14442496,2471.41099520601,0.017305163756283954,0.21544189751148224,,,,,,,,0.0,0.7850514650344849,0.1180620752360125,0.005338730452823443,0.08701498806476593
14450688,2472.7449113129987,0.01866567352418947,0.22392578423023224,,,,,,,,0.0078125,0.8624182939529419,0.09682066628246874,0.0029345887619276604,0.0684184730052948
14458880,2474.249002138007,0.01598577267832328,0.2083740234375,,,,,,,,0.0,0.7098906636238098,0.148867517043846,0.003901899682653863,0.10836882889270782
14467072,2475.8521860290202,0.01475917793909295,0.18702392280101776,,,,,,,,0.0,0.8426524996757507,0.10827713216182526,0.004639360794672193,0.0610668919980526
14475264,2477.5277412330033,0.016683103659851508,0.20754395425319672,,,,,,,,0.0078125,0.786182701587677,0.09538076994682777,0.0017490324431376173,0.05860048532485962
14483456,2479.255909300002,0.015856814409869125,0.20159912109375,0.004985070486228649,0.11165363693020781,0.11019043526453517,333,265.0654815617465,49.35,nan,0.0,0.7592553496360779,0.12587529935205058,0.004079852231040082,0.11693745106458664
14491648,2481.5815994850127,0.017981741372568902,0.21959228813648224,,,,,,,,0.0,0.8873275518417358,0.0939560214457836,0.002630864281634788,0.06693393737077713
14499840,2483.047149196005,0.015610079343230682,0.19739989936351776,,,,,,,,0.0078125,0.70840984582901,0.09182289763629714,0.0021987418932607515,0.08302266895771027
14508032,2484.4378578879987,0.016306386620553632,0.21217040717601776,,,,,,,,0.0,0.8157182931900024,0.1042397485266203,0.0026957580638740093,0.0734592080116272
14516224,2486.060027789994,0.01765679333429422,0.22196045517921448,,,,,,,,0.0078125,0.8292931318283081,0.09438404400169342,0.0039328210302143835,0.060763031244277954
14524416,2487.6034103060083,0.02420886062295763,0.2821044921875,,,,,,,,0.0,0.7361233234405518,0.12116483018297414,-0.0015688213179195548,1.9442049264907837
14532608,2489.035712714016,0.02425934868104335,0.22413329780101776,,,,,,,,0.0,0.8517428040504456,0.07831666030974964,0.002256939216798723,2.5427968502044678
14540800,2490.4122053960164,0.03504428111174599,0.20206299424171448,,,,,,,,0.0078125,0.7401213645935059,0.07408755314723242,-0.007282303787480399,0.3375985324382782
14548992,2491.8351452670177,0.04075135777902604,0.17148438096046448,0.004086881486624949,0.11128607233038568,0.10899715845680097,333,265.42713724590794,49.35,nan,0.0,0.7525032758712769,0.10744552971292348,-0.006947411469070049,16.030637741088867
14557184,2494.0491806210193,0.05097116691438089,0.19249267876148224,,,,,,,,0.0078125,0.8117250204086304,0.08228239134979448,0.004284757156468612,5.408984661102295
14565376,2495.423043376999,0.019196784714601747,0.22921143472194672,,,,,,,,0.0,0.7068837285041809,0.1470855562029443,0.0005313398832476661,3.9202733039855957
14573568,2496.845885571005,0.023103481874063136,0.23435059189796448,,,,,,,,0.0,0.8207684755325317,0.10243670636379884,0.006259064620196388,0.8118360638618469
14581760,2498.1446541250043,0.027097267636412736,0.2748657166957855,,,,,,,,0.0078125,0.7783187627792358,0.0882295404402448,0.004328665312164854,0.5114462375640869
14589952,2499.475929940003,0.022657654378093327,0.2557617127895355,,,,,,,,0.0,0.752525806427002,0.1294226463126765,0.0007032448334226122,5.47417688369751
14598144,2500.7003990770027,0.3856090471121861,0.23051758110523224,,,,,,,,0.0,0.8543922901153564,0.0961236885740916,-0.006726806999414284,0.34563663601875305
14606336,2501.9652685280016,0.020713317182951715,0.23948974907398224,,,,,,,,0.0078125,0.7069228291511536,0.09603616136163597,0.0034358372518356974,0.3174319267272949
14614528,2503.304506304994,0.019562172171674913,0.23945312201976776,0.0012391079000728666,0.10735189211440477,0.10529672336950403,333,264.7148170887054,49.5,nan,0.0,0.8109810948371887,0.10608518882820425,0.005081933206560045,0.11462163925170898
14622720,2505.2224578690075,0.021693684584277943,0.24859619140625,,,,,,,,0.0078125,0.8286209106445312,0.08765392289882973,0.005537403374409948,0.06134874373674393
14630912,2506.8267447290127,0.01677305180044238,0.2105712890625,,,,,,,,0.0,0.731279730796814,0.1335220073843352,0.004242811741734279,0.14673589169979095
14639104,2508.35698984802,0.016212537106408666,0.20570068061351776,,,,,,,,0.0,0.8654793500900269,0.09975575104556689,0.003905232732759329,0.051291465759277344
14647296,2509.7110288790136,0.01689938267003625,0.21062012016773224,,,,,,,,0.0078125,0.7491094470024109,0.09155711101882685,0.004138550405989007,0.059584200382232666
14655488,2511.0641847570078,0.029013690596072013,0.24738769233226776,,,,,,,,0.0,0.7733548879623413,0.11569405887893142,-0.005421676511177278,2.6010923385620117
14663680,2512.409321626008,0.02471842846845317,0.19395752251148224,,,,,,,,0.0078125,0.8562553524971008,0.09109643599496854,0.006182357569144121,0.9110456705093384
14671872,2513.7781096929975,0.021396622972386804,0.2504028379917145,,,,,,,,0.0,0.7067033052444458,0.15391916883153017,0.0021626002635276725,0.7269335389137268
14680064,2515.0267725790036,0.018277999503912297,0.22714844346046448,0.003612805845985445,0.10877894520293138,0.10392284741506645,333,265.57732633798986,49.2,nan,0.0,0.8422210812568665,0.09694793295882262,0.002807171020858601,0.0865182876586914
14688256,2517.2025018880086,0.015850810279382673,0.20598144829273224,,,,,,,,0.0078125,0.7923646569252014,0.08106225468809759,0.0022311259285980717,0.0997665748000145
14696448,2518.5776577880024,0.016047151325529373,0.20189209282398224,,,,,,,,0.0,0.7548218369483948,0.12815794261453894,0.0024949263011850124,0.1167851909995079
14704640,2519.880437739019,0.017101848777992014,0.20804443955421448,,,,,,,,0.0,0.8853976130485535,0.09369536818106633,0.006050767138015363,0.07453854382038116
14712832,2521.203389257018,0.017737829697876083,0.21823731064796448,,,,,,,,0.0078125,0.7116100788116455,0.09110618316823972,0.0012739941470106683,0.08421062678098679
14721024,2522.490589805995,0.10035106645206726,0.259765625,,,,,,,,0.0,0.7819768190383911,0.10936082861825844,-0.007530077389942895,9.67760181427002
14729216,2523.9644604439964,0.10521186402557064,0.17745362222194672,,,,,,,,0.0078125,0.7785540819168091,0.0885723567932533,-0.012067939272968495,3.109431743621826
14737408,2525.2903120720002,0.023035030460457642,0.25792238116264343,,,,,,,,0.0,0.7272092700004578,0.13947059113094612,0.0029526176068994194,6.730673313140869
14745600,2526.577942221018,0.03411969377392606,0.24812011420726776,0.004796193498764367,0.10841182940448095,0.10454424130340594,333,266.1773558031026,49.35,nan,0.0,0.8533241748809814,0.09623722457068519,-0.0019204965059383275,1.5410587787628174
14753792,2528.7204779780004,0.023958043296237283,0.24525146186351776,,,,,,,,0.0078125,0.7471528649330139,0.08933956441033354,0.0019895583976994907,0.4924190640449524
14761984,2529.9360906300135,0.027612989932644712,0.2762207090854645,,,,,,,,0.0,0.7802159190177917,0.10769954729524822,-0.0006694519849397298,5.461681842803955
14770176,2531.2173516710172,0.04897173801941186,0.19814454019069672,,,,,,,,0.0078125,0.837355375289917,0.08107437209215375,-0.000942148233904181,5.838372707366943
14778368,2532.5488395779976,0.022179611160097354,0.2459716796875,,,,,,,,0.0,0.7047634124755859,0.14104666976803817,-0.0012687626690994073,18.237573623657227
14786560,2533.913151250017,0.07121428348283419,0.2576049864292145,,,,,,,,0.0,0.7743779420852661,0.10306382127905755,-8.151205530178372e-06,5.544082164764404
14794752,2535.2799207830103,0.10152457865272857,0.2244873046875,,,,,,,,0.0078125,0.759506106376648,0.08535245710285112,0.007277755775218423,1.5256870985031128
14802944,2536.8902658100124,0.026777975127282274,0.28204345703125,,,,,,,,0.0,0.73292475938797,0.12459539199629818,-0.003836004976953199,24.955167770385742
14811136,2538.444354993,0.24154570636988884,0.27373048663139343,0.0015972693002498373,0.10748637653128106,0.10340958764007317,333,266.0656261884707,49.2,nan,0.0,0.7372574210166931,0.08747621059244745,0.01520810158633672,14.765997886657715
14819328,2540.6203951149946,0.026735219897955433,0.27496337890625,,,,,,,,0.0078125,0.7011575698852539,0.08633625752626374,0.0012283474922958886,8.68510913848877
14827520,2541.8785452330194,0.03636478890208502,0.32213136553764343,,,,,,,,0.0,0.7954831123352051,0.10552664271484721,-0.0018309736216640601,14.435551643371582
14835712,2543.175570095016,0.02498070301679356,0.23673096299171448,,,,,,,,0.0078125,0.7937871813774109,0.08760572446838082,0.0014494436825654817,2.176304340362549
14843904,2544.479902127001,0.028470435746942725,0.2928710877895355,,,,,,,,0.0,0.708580493927002,0.12941849569881606,0.0002128540994640265,12.79793930053711
14852096,2545.7846369210165,0.5894880569104312,0.26032716035842896,,,,,,,,0.0,0.7680829167366028,0.09231912612451167,-0.0028014761045582048,4.806485652923584
14860288,2547.1868930600176,0.09708319901285,0.2820190489292145,,,,,,,,0.0078125,0.7266789078712463,0.08554491493802038,-0.0012018811798730974,5.016683101654053
14868480,2548.5020069040183,0.029265819859193964,0.29705810546875,,,,,,,,0.0,0.74608314037323,0.1124096611035465,-0.001964877085111527,12.566838264465332
14876672,2549.8633397110098,0.0476442523959146,0.27167969942092896,0.0038059656328416347,0.10914648046030861,0.10515940873693572,333,266.2915129342702,49.2,nan,0.0078125,0.8064349889755249,0.08257483673937087,0.002824808232926495,3.7599925994873047
14884864,2552.022335843998,0.024358396326014848,0.26597902178764343,,,,,,,,0.0,0.7099806070327759,0.15102826056648264,0.007487348510695677,0.22400715947151184
14893056,2553.3376789320027,0.022997007487051177,0.26087647676467896,,,,,,,,0.0,0.8486902713775635,0.10372794864127707,0.006603424242745223,0.07974639534950256
14901248,2554.6286500010174,0.01999034062208948,0.23322753608226776,,,,,,,,0.0078125,0.8000070452690125,0.08835609809684661,0.006989703781308693,0.07605483382940292
14909440,2556.1807235790184,0.030080002585716706,0.2454833984375,,,,,,,,0.0,0.7214195728302002,0.11745006719310669,-0.005539307980729544,23.199569702148438
14917632,2557.655674759997,0.1320858591748188,0.22138671576976776,,,,,,,,0.0,0.8034015893936157,0.08514790025450741,0.017693174307093235,6.416581153869629
14925824,2558.9836847140105,0.015295603969940669,0.19241943955421448,,,,,,,,0.0078125,0.7090344429016113,0.0829001941889762,-0.002541966236169439,23.251123428344727
14934016,2560.2081037710013,0.0487207767441228,0.2490234375,,,,,,,,0.0,0.7584518790245056,0.09596755333909388,-0.000509590824599667,8.153076171875
14942208,2561.5058062770113,0.02470603783983712,0.21375732123851776,0.00200640785690398,0.10690746608938055,0.10251366979242243,333,266.9541486993278,49.2,nan,0.0078125,0.779542088508606,0.08594099532994046,0.00615121379218574,8.524269104003906
14950400,2563.6785607790225,0.017032404975340153,0.21422119438648224,,,,,,,,0.0,0.6932266354560852,0.11646976885937045,-0.00469754561178787,64.04010009765625
14958592,2565.029189485009,0.023795575478132627,0.21994629502296448,,,,,,,,0.0,0.7231371998786926,0.0801774072322956,0.0009645587020452973,22.383808135986328
14966784,2566.5881629729993,0.01766536598537052,0.18936768174171448,,,,,,,,0.0078125,0.7164310812950134,0.07190318308769784,-0.00018108587704567482,11.840460777282715
14974976,2568.101283697004,0.025344951769071446,0.27998048067092896,,,,,,,,0.0,0.7691718339920044,0.10024237525930951,-0.0034021763492447983,26.3986759185791
14983168,2569.500865978014,0.10085413962743286,0.23106689751148224,,,,,,,,0.0078125,0.7918289303779602,0.06722106957706155,0.007495320347466825,5.230723857879639
14991360,2570.8768831000198,0.030589591277825824,0.3044189512729645,,,,,,,,0.0,0.7060497999191284,0.14778838854971474,0.007308967222604045,6.352452754974365
14999552,2572.1826052670076,0.056397935041066286,0.2890380918979645,,,,,,,,0.0,0.8091825842857361,0.09225068538485792,-0.0033618852369220937,5.486242771148682
15007744,2573.4952893580194,0.0367969393340656,0.2868896424770355,0.002940523699376474,0.10775189521889987,0.10463737583029958,333,266.0904778578556,49.2,nan,0.0078125,0.772863507270813,0.08035211366686723,0.003139682563444317,2.6980068683624268
15015936,2575.6002970620175,0.029298271533226596,0.2981201112270355,,,,,,,,0.0,0.7233993411064148,0.12667711975703014,-0.00313407674826774,23.023998260498047
15024128,2577.1939153610147,0.029787834267634185,0.23302002251148224,,,,,,,,0.0,0.7808107733726501,0.082601933622009,0.009433196884162038,9.678183555603027
15032320,2578.5212159450166,0.029504555761531565,0.2832275331020355,,,,,,,,0.0078125,0.7046800851821899,0.08078709231799491,0.004649438383677055,4.327244758605957
15040512,2579.8408961350215,0.02942510043618911,0.3046630918979645,,,,,,,,0.0,0.8042117953300476,0.10507718266299615,0.003011248975365196,1.2605983018875122
15048704,2581.1205913330195,0.0354892275387561,0.26337891817092896,,,,,,,,0.0078125,0.8310898542404175,0.084825245106969,0.008559171451646608,0.4884447157382965
15056896,2582.44821256501,0.02529495757506044,0.28892824053764343,,,,,,,,0.0,0.7266402840614319,0.13542839997449765,-0.003959419796580488,10.686671257019043
15065088,2583.7882153289975,0.17444640059312644,0.20814208686351776,,,,,,,,0.0,0.7984790802001953,0.09879539160416252,0.008727630405123055,4.663604259490967
15073280,2585.050452174997,0.16910287575930255,0.27989503741264343,0.004029956799808332,0.10655922211407555,0.10492674360977818,333,266.0206236178445,49.35,nan,0.0078125,0.7280417084693909,0.08906307212209436,-0.005151996168606021,5.236262798309326
15081472,2587.2355778590136,0.03149738024903487,0.30510255694389343,,,,,,,,0.0,0.7623063325881958,0.10711426424667993,-0.0009447972098501007,11.616908073425293
15089664,2588.4625854640035,0.049786900824715145,0.24636231362819672,,,,,,,,0.0078125,0.8131880760192871,0.08137117605318464,0.013306148599168045,6.248176097869873
15097856,2589.7447066479945,0.02971981411587877,0.2970336973667145,,,,,,,,0.0,0.7028080224990845,0.15299598239148557,-0.00014585554591031976,17.733173370361328
15106048,2591.0303130490065,0.029383436622158556,0.27515870332717896,,,,,,,,0.0,0.7923725247383118,0.0973585929941796,-0.003196392164417074,8.457879066467285
15114240,2592.3593030100164,0.030606640667532683,0.2653442323207855,,,,,,,,0.0078125,0.7668854594230652,0.08391630327583548,0.00032435503686781253,3.822707414627075
15122432,2593.6518951680046,0.031263885937820236,0.31855469942092896,,,,,,,,0.0,0.7510247826576233,0.12184800261494141,0.010589413930354072,0.2291911095380783
15130624,2594.886600236001,0.02034437403643511,0.24831543862819672,,,,,,,,0.0,0.8867005705833435,0.0884471401563768,0.006698893151496677,0.08986570686101913
15138816,2596.4609583489946,0.0271896734061597,0.2937255799770355,0.0034553600161647546,0.10605897732160474,0.1027901799945027,333,266.2384239888431,49.35,nan,0.0078125,0.7174616456031799,0.08555223162380615,0.0007646239951826957,5.528443336486816
15147008,2598.868027050019,0.029195468552083492,0.2799438536167145,,,,,,,,0.0,0.7952169179916382,0.10242625527888544,0.007372993792755756,0.9553308486938477
15155200,2600.1975291080016,0.03937592171327481,0.24171142280101776,,,,,,,,0.0078125,0.8266856670379639,0.07909038308566346,0.0003007202432444695,0.8579236268997192
15163392,2601.499507180997,0.026303368707047733,0.2834228575229645,,,,,,,,0.0,0.7069385051727295,0.13112808512929167,-0.002099563420924379,9.4910306930542
15171584,2602.813207482017,0.029693657602400426,0.22609864175319672,,,,,,,,0.0,0.8162964582443237,0.09279447357394671,0.005531774309526564,1.2544187307357788
15179776,2604.120855420013,0.02878001836933143,0.24001465737819672,,,,,,,,0.0078125,0.7362747192382812,0.08577026265312723,-0.004196209202934055,4.300572872161865
15187968,2605.3626488250156,0.02218386416147354,0.26728516817092896,,,,,,,,0.0,0.7547636032104492,0.11353902442467957,-0.003512083219279326,20.15032386779785
15196160,2606.9057338160055,0.02997064105357656,0.22210693359375,,,,,,,,0.0078125,0.8022772073745728,0.08686257204208529,-0.0017773158685892888,10.683629035949707
15204352,2608.2353051539976,0.023762381902776245,0.2690063416957855,0.004396882489553722,0.10633031520338725,0.10524457469370153,333,265.6051255995329,49.35,nan,0.0,0.7034735083580017,0.1574466762990196,0.007059465450281297,0.9153978228569031
15212544,2610.4362447650055,0.024826972176234637,0.27625733613967896,,,,,,,,0.0,0.8379771709442139,0.08970152306404694,0.005228250157178163,0.6506012082099915
15220736,2611.766551700013,0.018809887337499918,0.22641602158546448,,,,,,,,0.0078125,0.8051890134811401,0.07415370157187086,0.006003087384717968,0.08392515778541565
15228928,2613.034258649015,0.01609048629206915,0.20734862983226776,,,,,,,,0.0,0.7494926452636719,0.12888962652692365,0.0051122874566762455,0.1572166532278061
15237120,2614.2939559980005,0.018224164682033913,0.22614745795726776,,,,,,,,0.0,0.8895425796508789,0.08961962553935882,0.003735287339645432,0.05206688120961189
15245312,2615.644904125016,0.017583233023266722,0.220703125,,,,,,,,0.0078125,0.7199704647064209,0.08628055988984466,0.0019577737425514386,2.827394485473633
15253504,2616.9573490100156,0.03339838741590817,0.24580077826976776,,,,,,,,0.0,0.7856874465942383,0.10336354961505409,-0.00788884482387457,18.250076293945312
15261696,2618.2031332550105,0.6477540624570971,0.18734131753444672,,,,,,,,0.0078125,0.7874854803085327,0.0780356177835038,-0.010473242775585591,1.7039355039596558
15269888,2619.4915678990074,0.018131744777535968,0.22462157905101776,0.0049364716893334215,0.1079063839638811,0.1079063839638811,333,265.01830109934895,49.95,nan,0.0,0.722680926322937,0.13492929691240554,0.004120199839202125,0.1968272179365158
15278080,2621.6024665330187,0.017185428092598404,0.21585693955421448,,,,,,,,0.0,0.8609464764595032,0.09625060868225747,0.004219403003034127,0.05960514768958092
15286272,2622.934397374018,0.019246412572405003,0.23244629800319672,,,,,,,,0.0078125,0.7613576054573059,0.0872765367378784,0.0025166453511470854,0.09309148788452148
15294464,2624.1809283390176,0.04924464107098992,0.24912109971046448,,,,,,,,0.0,0.7535255551338196,0.11519992194594883,-0.007238945704614895,15.134848594665527
15302656,2625.564971832995,0.02021617257486052,0.20361328125,,,,,,,,0.0078125,0.836463987827301,0.08765544886203051,0.005898868233888923,3.855700731277466
15310848,2627.1145510710194,0.022865489603378655,0.25550538301467896,,,,,,,,0.0,0.6985871195793152,0.1587964440436728,0.0008534712431812569,8.169675827026367
15319040,2628.70051453801,0.04755225547101608,0.2741332948207855,,,,,,,,0.0,0.7884904146194458,0.10734911652349903,0.001742157585283069,7.001341342926025
15327232,2630.030529112002,0.03405748923613488,0.24749755859375,,,,,,,,0.0078125,0.7735267877578735,0.08846088295885307,0.003973000848413253,1.161115050315857
15335424,2631.3422462450108,0.02564956586571915,0.27484130859375,0.002392050587079031,0.110763512957126,0.110763512957126,333,263.14338942706905,49.95,nan,0.0,0.7446907162666321,0.13312551377856816,0.005456259841758043,0.5489513278007507
15343616,2633.568935253017,0.01924486598567999,0.23021240532398224,,,,,,,,0.0,0.8814265727996826,0.09772549917931789,0.009104000901966516,0.0815964862704277
15351808,2634.8478825330094,0.017515877434708543,0.21989746391773224,,,,,,,,0.0078125,0.7182902097702026,0.0906107234973001,0.0033975301117079946,0.1704724282026291
15360000,2636.2508900719986,0.016587517746323083,0.21331787109375,,,,,,,,0.0,0.7964441180229187,0.11264118613923854,0.0024692997517276093,0.09213060140609741
15368192,2637.5580244820158,0.016683400737595926,0.21097412705421448,,,,,,,,0.0078125,0.8394665122032166,0.09285520662678723,0.0035825620290917213,0.04934912547469139
15376384,2638.8978865920217,0.021377038078087586,0.25902101397514343,,,,,,,,0.0,0.7216877937316895,0.14209864257178703,-0.0016084111579516272,4.070097923278809
15384576,2640.224584225012,0.037273558737383604,0.19693604111671448,,,,,,,,0.0,0.8365925550460815,0.09550016229273245,-0.0020398830265691325,0.3450712263584137
15392768,2641.551169237995,0.046725719708510374,0.20870362222194672,,,,,,,,0.0078125,0.74662846326828,0.0863036871674383,-0.005786076004294637,0.47222423553466797
15400960,2642.8367025110056,0.02727050121909387,0.28602296113967896,0.002986782016565215,0.11056647133285007,0.11056647133285007,333,263.68290194580493,49.95,nan,0.0,0.7591469287872314,0.12132909888798865,-0.00038673164635008003,11.177927017211914
15409152,2645.0679731300042,0.031797199354221796,0.21846924722194672,,,,,,,,0.0078125,0.8336645364761353,0.08854883237602222,0.003949197180795458,0.8376666307449341
15417344,2646.385698680009,0.019035516047412455,0.23395995795726776,,,,,,,,0.0,0.7004386186599731,0.16195770164812848,0.004782801550449878,0.2577136158943176
15425536,2647.6752050960204,0.01824073289152177,0.22943115234375,,,,,,,,0.0,0.827892005443573,0.10916037185768394,0.00546994838933304,0.05854421854019165
15433728,2648.976539598021,0.01654313367226086,0.20958252251148224,,,,,,,,0.0078125,0.8039188981056213,0.09584129875673741,0.0028275346307748608,0.044997118413448334
15441920,2650.21144794501,0.019055640033023402,0.23819580674171448,,,,,,,,0.0,0.7460092902183533,0.13355755895955687,0.0028603877007563104,0.5178701281547546
15450112,2651.5327740939974,0.01420618667991689,0.18741455674171448,,,,,,,,0.0,0.8834959864616394,0.09588560106045291,0.003477000874351214,0.054527174681425095
15458304,2652.9140545600094,0.016980865313882026,0.21297608315944672,,,,,,,,0.0078125,0.7226407527923584,0.09081615012100061,0.0030424696759501053,0.07225855439901352
15466496,2654.335561734013,0.026428170903047155,0.2927002012729645,0.0037284002619252243,0.10978157729113137,0.10978157729113137,333,264.17904337376785,49.95,nan,0.0,0.7996371984481812,0.10319958955423511,-0.003265306058270761,12.190947532653809
15474688,2656.9366376470134,0.020299557454908957,0.22227783501148224,,,,,,,,0.0078125,0.8386503458023071,0.08173687886319274,-0.003767000781044071,0.5954744219779968
15482880,2658.4840800150123,0.014205195528633037,0.19001464545726776,,,,,,,,0.0,0.7229534387588501,0.1395741772434437,0.003478723486594692,0.2551589012145996
15491072,2659.8263764860167,0.014759915906548718,0.19647216796875,,,,,,,,0.0,0.8603761196136475,0.09273449631630419,0.003690156225546817,0.07357524335384369
15499264,2661.1379722690035,0.016762356602490654,0.2060546875,,,,,,,,0.0078125,0.7643315196037292,0.0886875375041972,0.0012272640269961406,0.10295293480157852
15507456,2662.4542910490127,0.057185458340119726,0.22940674424171448,,,,,,,,0.0,0.765694797039032,0.11735137965488564,-0.0030808570825214005,4.2298688888549805
15515648,2663.6809734330163,0.08193682154970748,0.19345703721046448,,,,,,,,0.0078125,0.8625209927558899,0.09198945524363106,-0.009109226984568536,0.6586851477622986
15523840,2664.977127053018,0.01965450371692902,0.23929443955421448,,,,,,,,0.0,0.6998190879821777,0.15807108674006484,0.00014224322641384935,5.345148086547852
15532032,2666.387827499013,0.03638830221258099,0.29350587725639343,0.0056670801581069075,0.10883273254784576,0.10883273254784576,333,264.87267376184366,49.95,nan,0.0,0.7763254046440125,0.10316357008716087,0.000870557476273828,10.482527732849121
15540224,2668.693388294021,0.024532896776084646,0.21920166909694672,,,,,,,,0.0078125,0.7618974447250366,0.08752392598934952,0.0004730395422466281,1.538793683052063
15548416,2669.993930897006,0.020066670764513378,0.24169921875,,,,,,,,0.0,0.7493160963058472,0.12824631579465726,0.0038477492568032446,0.4577656388282776
15556608,2671.3156236580107,0.018512963318088157,0.23160400986671448,,,,,,,,0.0,0.8872774839401245,0.09209250383030354,0.0061073545955842275,0.049900420010089874
15564800,2672.640947371023,0.022707888513116715,0.2641357481479645,,,,,,,,0.0078125,0.7252892255783081,0.08572371426938612,-0.000711156987312094,4.806724548339844
15572992,2673.9691631130117,0.19319421445213614,0.26964113116264343,,,,,,,,0.0,0.774252712726593,0.10064035511268865,-0.003881280448938722,2.676234006881714
15581184,2675.2705505180056,0.09081185522599654,0.21823731064796448,,,,,,,,0.0078125,0.807711124420166,0.06827228999466341,-0.003580774531459231,2.295912265777588
15589376,2676.559721460013,0.018037100960652936,0.20021973550319672,,,,,,,,0.0,0.7043379545211792,0.13013732877006537,-0.003757729846831045,29.5316104888916
15597568,2677.8227339220175,0.03216790214517387,0.24527588486671448,0.003377437108591619,0.10899789610368694,0.10859934785564546,333,265.7772411586251,47.7,nan,0.0,0.7289910316467285,0.09136094740985298,0.0008832697086923308,16.508310317993164
15605760,2679.9893922850024,0.025837444404207863,0.21110840141773224,,,,,,,,0.0078125,0.7164063453674316,0.07677531186121905,2.413689591461432e-05,3.019859790802002
15613952,2681.2705006210017,0.020400629236818863,0.23909913003444672,,,,,,,,0.0,0.7340284585952759,0.11250706562033871,-0.0035136549661307416,22.135757446289062
15622144,2682.5525632940116,0.0974484732683259,0.18914794921875,,,,,,,,0.0078125,0.7467976808547974,0.08441020442856674,0.0034276664451481052,14.73660945892334
15630336,2683.805967701017,0.024517808986810625,0.2660766541957855,,,,,,,,0.0,0.7030340433120728,0.15191427093101714,0.0026026317865833802,7.338259220123291
15638528,2685.1438802600023,0.06718069593190966,0.3394409120082855,,,,,,,,0.0,0.8093245029449463,0.09780380168071096,-0.003128253565474136,2.9094038009643555
15646720,2686.7293482800014,0.11102250626091537,0.2474365234375,,,,,,,,0.0078125,0.7851448059082031,0.0840534432233356,-0.00018721099974297633,0.7433335781097412
15654912,2688.33713636201,0.020621495504045566,0.24481201171875,,,,,,,,0.0,0.7190446257591248,0.12291480679321433,-0.006927526992620741,42.70926284790039
15663104,2689.6800461820094,0.05597582290733177,0.2595458924770355,0.0033828409129978976,0.10750660854233227,0.10656874110737102,333,266.78222654972393,47.7,nan,0.0,0.7444676756858826,0.06976463043620326,0.0017000760829565906,7.4788126945495605
15671296,2691.9543112550164,0.023033500516982747,0.25733643770217896,,,,,,,,0.0078125,0.7057679295539856,0.0675188189791839,-0.002891436726761013,30.768049240112305
15679488,2693.2407303150103,0.02240515464213241,0.2530883848667145,,,,,,,,0.0,0.7250176072120667,0.1025214318760932,-0.006715628113038122,34.0081672668457
15687680,2694.564795865008,0.02691138493232591,0.24346923828125,,,,,,,,0.0078125,0.7383174896240234,0.07992240336759261,0.0047523252661847305,5.56502103805542
15695872,2695.812869571004,0.036433710677030946,0.3356079161167145,,,,,,,,0.0,0.7135706543922424,0.1312541838589746,-0.00017713521603003832,22.769460678100586
15704064,2697.3342242170183,0.0376719519209181,0.3279785215854645,,,,,,,,0.0,0.7998310923576355,0.089537814283474,0.0003175236007312064,19.044097900390625
15712256,2698.689028676017,0.025579465200987313,0.26707765460014343,,,,,,,,0.0078125,0.7553482055664062,0.07952128413673835,0.003940553668951133,2.344675064086914
15720448,2700.0022857199947,0.022121457343231277,0.24954834580421448,,,,,,,,0.0,0.7358430624008179,0.11031854825027376,-0.002875633288786211,37.869686126708984
15728640,2701.27282697201,0.0472338592671232,0.27000734210014343,0.003047075167072033,0.10949615926133087,0.10935077193552138,333,265.72755067847675,47.7,nan,0.0078125,0.7921926379203796,0.0876057666662049,0.005348419025358152,11.874419212341309
15736832,2703.589708562009,0.013635652039521468,0.18303222954273224,,,,,,,,0.0,0.702523410320282,0.15249046794536372,-0.001997790647639561,36.262550354003906
15745024,2704.8137565250217,0.028435213165216806,0.27177736163139343,,,,,,,,0.0,0.7676409482955933,0.09613548250244358,-0.001908286169732202,18.838228225708008
15753216,2706.173555640009,0.167896107140445,0.2702880799770355,,,,,,,,0.0078125,0.7323117852210999,0.08202775514896543,0.009842507700122714,3.9678165912628174
15761408,2707.5001025859965,0.031446010597552886,0.3070922791957855,,,,,,,,0.0,0.7360617518424988,0.12425910373247623,-0.001328057540799699,15.768445014953613
15769600,2708.8184666300076,0.0304453334547598,0.27434083819389343,,,,,,,,0.0,0.8428521156311035,0.08233502485650628,0.0032779688101747767,3.841356039047241
15777792,2710.075771450007,0.025601473472429748,0.2723022401332855,,,,,,,,0.0078125,0.7247999906539917,0.07894489786913374,0.0026912320487768025,1.5560340881347656
15785984,2711.34954110501,0.022265884802918523,0.25932618975639343,,,,,,,,0.0,0.8102712035179138,0.10203689880500016,0.006015481238399546,0.20972083508968353
15794176,2712.6406491980015,0.01738835212689971,0.22144775092601776,0.005838345541411827,0.10943728623269133,0.10836495317486333,333,265.83005072827666,49.2,nan,0.0078125,0.8590512275695801,0.08966096187715471,0.006311223810473651,0.19449089467525482
15802368,2714.7854438520153,0.02803816181168521,0.2944091856479645,,,,,,,,0.0,0.7068808674812317,0.13252118404566313,-0.004663812581660909,17.209516525268555
15810560,2716.33408298,0.08841427819824293,0.21123047173023224,,,,,,,,0.0,0.787018895149231,0.0907631047991964,0.010167733304177182,3.376518964767456
15818752,2717.916180436994,0.037604348047944616,0.19204102456569672,,,,,,,,0.0078125,0.742656946182251,0.07803376160223431,-0.0037789887020745886,1.6036971807479858
15826944,2719.3063998240104,0.02117125350106594,0.22238770127296448,,,,,,,,0.0,0.7471836805343628,0.10886145999447917,-0.005467702070879755,29.609827041625977
15835136,2720.6267471490137,0.027588618723402677,0.19571533799171448,,,,,,,,0.0078125,0.8194862604141235,0.06471602558649833,-0.003837053953336901,11.22775936126709
15843328,2721.931745176,0.029545150788408348,0.30268555879592896,,,,,,,,0.0,0.7032753229141235,0.15058494069968975,0.0032907782484941773,10.010126113891602
15851520,2723.2081029800174,0.03733397736168218,0.26972657442092896,,,,,,,,0.0,0.7734761238098145,0.09647403339739706,-0.005293276481903565,29.946210861206055
15859712,2724.4987855780055,0.05690341946410504,0.25617676973342896,0.0025827897076333706,0.10680196670028042,0.10627372782941058,333,267.08888466845843,47.7,nan,0.0078125,0.7660334706306458,0.06968552648386866,0.00792746459779083,3.3450188636779785
15867904,2726.5111393330153,0.02496844405507349,0.28685304522514343,,,,,,,,0.0,0.7355945110321045,0.11571541407973593,-0.003133125136206309,23.452314376831055
15876096,2727.776155200001,0.026291400481835092,0.21992187201976776,,,,,,,,0.0,0.7930916547775269,0.08155746740317861,0.0007891512376741829,8.851771354675293
15884288,2729.0940727410198,0.03753815954878393,0.3129516541957855,,,,,,,,0.0078125,0.7111058831214905,0.0777100699553912,0.001097868201142389,10.53980541229248
15892480,2730.378267890017,0.027683585862269895,0.27794191241264343,,,,,,,,0.0,0.7367684841156006,0.09962784816143393,-0.0031540053454094316,29.894073486328125
15900672,2731.6863624950056,0.13617907240847574,0.2725830078125,,,,,,,,0.0078125,0.7579835653305054,0.08583224472528878,0.021083418239856485,5.9180474281311035
15908864,2733.0062377990107,0.033846826091870195,0.3282714784145355,,,,,,,,0.0,0.7171730995178223,0.1336223537632731,0.00010498257131667274,10.993746757507324
15917056,2734.2652645820053,0.03435418686030174,0.30767822265625,,,,,,,,0.0,0.8154776692390442,0.08819107106223635,-0.0030160640952408926,9.329241752624512
15925248,2735.699762999022,0.027552562578489193,0.25511476397514343,0.0047864077833325025,0.10853131902461678,0.10675938973833214,333,266.12313678644887,49.35,nan,0.0078125,0.7433345317840576,0.08251691471272528,-0.0023809246778789773,4.378720283508301
15933440,2737.854846661008,0.028770766816276508,0.3022705018520355,,,,,,,,0.0,0.7743467092514038,0.11416615775170408,0.006649639667524561,1.0593178272247314
15941632,2739.125207831996,0.020657230407847716,0.24592284858226776,,,,,,,,0.0078125,0.8981583118438721,0.08107212968272637,0.009177530687331514,0.18766629695892334
15949824,2740.3566380120174,0.022449030100460197,0.2672119140625,,,,,,,,0.0,0.7007068991661072,0.1464287922965363,-0.0002650824821748524,5.0116801261901855
15958016,2741.671383169014,0.03431683695304369,0.33277589082717896,,,,,,,,0.0,0.8314732909202576,0.09123334543649224,0.0022328719429279124,3.3191134929656982
15966208,2742.975000377017,0.046153926559328,0.22593994438648224,,,,,,,,0.0078125,0.8018648028373718,0.08145297269033444,-0.0020924541619559626,0.9509135484695435
15974400,2744.296312941995,0.030709976912105565,0.2937377989292145,,,,,,,,0.0,0.7390034794807434,0.12710314674821846,0.0011880215894787868,5.120622158050537
15982592,2745.7177814400056,0.03914602184676992,0.22601318359375,,,,,,,,0.0,0.8480135202407837,0.09159407159961765,0.006220222012036269,2.7359297275543213
15990784,2747.2398123700114,0.044536579267338755,0.22999267280101776,0.006312369492761261,0.10990164282811866,0.107965757566464,333,265.5500095770313,49.2,nan,0.0078125,0.7229442000389099,0.08769095149548084,-0.004974232615803769,0.5166460275650024
15998976,2749.767740098003,0.028317784472821125,0.29693603515625,,,,,,,,0.0,0.793410062789917,0.10403900744463157,-0.0006335430486825492,5.240114688873291
16007168,2751.3019209610065,0.4696393905682831,0.2381591796875,,,,,,,,0.0078125,0.8385921716690063,0.07750420355864852,-0.005028915810854117,0.5069013833999634
16015360,2752.772229874012,0.01887485810409491,0.2340087890625,,,,,,,,0.0,0.7204822301864624,0.1434717764960904,0.00517472451623066,0.13492056727409363
16023552,2754.227845793008,0.016808668267817805,0.21525879204273224,,,,,,,,0.0,0.8548240661621094,0.09670101746068353,0.005293368358976076,0.051781393587589264
16031744,2755.596365556994,0.01862629628581362,0.22440186142921448,,,,,,,,0.0078125,0.7721071243286133,0.0862276047419884,0.004832503039188238,0.09832531958818436
16039936,2757.265670949011,0.02321388452117158,0.26655274629592896,,,,,,,,0.0,0.7695849537849426,0.09758319172862051,-0.004168211908021426,17.580427169799805
16048128,2758.6406319350062,0.02906676848847465,0.23527832329273224,,,,,,,,0.0078125,0.8737207055091858,0.0688099520860676,-0.004321929257614729,3.3387486934661865
16056320,2760.1097501199984,0.016177910736530035,0.20445556938648224,0.005916091832327219,0.10881542857403867,0.10881542857403867,333,265.4293360399602,49.95,nan,0.0,0.6996506452560425,0.15778959211797558,0.005413156311138024,0.18506045639514923
16064512,2762.3671237520175,0.02877228113610363,0.299560546875,,,,,,,,0.0,0.8251399993896484,0.09438116886834566,-0.0008859399911245724,2.6454758644104004
16072704,2763.8438131260045,0.07886772306423584,0.19584961235523224,,,,,,,,0.0078125,0.8003708720207214,0.08051519262046791,-0.011828132373792231,0.8912437558174133
16080896,2765.280444427015,0.02194693838332657,0.26568603515625,,,,,,,,0.0,0.7453294992446899,0.12475873595576997,0.0012779310583346623,1.2247313261032104
16089088,2766.7496433000197,0.03830616464187028,0.2944091856479645,,,,,,,,0.0,0.8552699685096741,0.08302638281576614,-0.00452538559044684,8.289778709411621
16097280,2768.1315723890148,0.025169380628667228,0.24152831733226776,,,,,,,,0.0078125,0.7173518538475037,0.0812894895598244,0.001390341828023484,0.4818812906742096
16105472,2769.4893174600147,0.028334015863758236,0.2579711973667145,,,,,,,,0.0,0.7768551707267761,0.10771585822549982,-0.0014949295419377142,17.378799438476562
16113664,2770.9409569400013,0.023039396508055705,0.17082519829273224,,,,,,,,0.0078125,0.7864410877227783,0.08435667486366322,0.009943655146372358,8.104461669921875
16121856,2772.2617150210135,0.024117095520537146,0.2675414979457855,0.005580372717953752,0.10947464060168682,0.10947464060168682,333,264.9720335084429,49.95,nan,0.0,0.7153661251068115,0.13936502093020214,-0.003603899855251509,14.127127647399902
16130048,2774.6979138099996,0.030187815917246154,0.26188966631889343,,,,,,,,0.0,0.7726714015007019,0.09030780211531435,-0.002942488017360834,12.640390396118164
16138240,2776.326668099995,0.023275418304209157,0.20549316704273224,,,,,,,,0.0078125,0.7226492166519165,0.07725971001677609,0.007760431151931355,4.5401129722595215
16146432,2777.938210952998,0.026899990173663398,0.2809081971645355,,,,,,,,0.0,0.7682211995124817,0.10954153775076807,-0.001715143520213334,17.073726654052734
16154624,2779.482275545015,0.029581241359460022,0.24644775688648224,,,,,,,,0.0078125,0.812202513217926,0.08400942885649071,0.0023868597238247604,7.125077247619629
16162816,2780.8337700560223,0.021490870573961474,0.25419923663139343,,,,,,,,0.0,0.6982746124267578,0.16012676249378308,0.0046593744865660635,3.9784095287323
16171008,2782.269324380002,0.02806610475293425,0.3037963807582855,,,,,,,,0.0,0.7986192107200623,0.1008738120029418,-0.002663327675725795,13.751550674438477
16179200,2783.661226380995,0.08944328933787947,0.24754638969898224,,,,,,,,0.0078125,0.774817943572998,0.059512327900721244,-0.0012378464533166805,1.4067624807357788
16187392,2785.096828959009,0.02415128513543567,0.28062745928764343,0.0033355411862424633,0.1082263814250211,0.1082263814250211,333,264.37034045169054,49.95,nan,0.0,0.7397305965423584,0.13434076659524297,0.0043735073569821205,0.30933329463005066
16195584,2787.429307284998,0.019202344703794585,0.23682861030101776,,,,,,,,0.0,0.87254798412323,0.09433882676536398,0.005562749599394482,0.10197057574987411
16203776,2788.8818718560215,0.01749983107934728,0.21768799424171448,,,,,,,,0.0078125,0.7310283184051514,0.09022671020944552,0.00310003220729815,0.10829915851354599
16211968,2790.2110874500067,0.030140681009704507,0.2752685546875,,,,,,,,0.0,0.7835193276405334,0.11302551914718229,6.021884758891025e-05,6.772804260253906
16220160,2791.620993427001,0.19056181838453332,0.17601318657398224,,,,,,,,0.0078125,0.8173307776451111,0.08957203418009309,-0.010259216882615475,0.8878349661827087
16228352,2793.037133272999,0.022412989527943877,0.25794678926467896,,,,,,,,0.0,0.7156607508659363,0.14540436457179767,0.002743311671258103,0.9384827613830566
16236544,2794.5395686360134,0.028157178778832406,0.29896241426467896,,,,,,,,0.0,0.8491368293762207,0.09765290499251615,0.004171625742900996,0.31910213828086853
16244736,2795.9618851609994,0.017260241858458456,0.21672363579273224,,,,,,,,0.0078125,0.7769851088523865,0.08694894477475591,0.0036922041262773073,0.08220673352479935
16252928,2797.28685306001,0.01871686148882561,0.22531738877296448,0.003183295612689707,0.10643972712377904,0.10584375513546322,333,265.5538606666633,49.35,nan,0.0,0.7700944542884827,0.11857206003900127,0.0040817728658348205,0.11272046715021133
16261120,2799.571973023005,0.01834287171264184,0.22600097954273224,,,,,,,,0.0078125,0.9030346870422363,0.08566822501540029,0.0030805117384771867,0.10048887878656387
16269312,2800.9149801820167,0.015125316202717,0.20133057236671448,,,,,,,,0.0,0.6963183879852295,0.1635422462945438,0.004203612393621743,0.0645824447274208
16277504,2802.154432394018,0.017272436264051925,0.21826171875,,,,,,,,0.0,0.8216409087181091,0.10165016241649928,0.0015305031617524976,0.07834785431623459
16285696,2803.3728997069993,0.01776334447587521,0.22509765625,,,,,,,,0.0078125,0.8186684846878052,0.08689112551104254,0.0021450981831647236,0.0665174052119255
16293888,2804.7683202479966,0.01581229443697562,0.20093993842601776,,,,,,,,0.0,0.7417902946472168,0.132218678291397,0.004848104700943482,0.10858023166656494
16302080,2806.2198672230006,0.03194037098656711,0.2674194276332855,,,,,,,,0.0,0.8587605953216553,0.0946563113459168,-0.0051214917957789095,2.3976242542266846
16310272,2807.870307413017,0.02056069832137478,0.19742432236671448,,,,,,,,0.0078125,0.7272817492485046,0.0862514863435258,0.0015429749699289543,0.32311078906059265
16318464,2809.258965364017,0.017312502254133645,0.19754639267921448,0.007450480748039223,0.10714630509827566,0.10675934946582041,333,266.3018542719624,49.35,nan,0.0,0.7919642925262451,0.1067356694973085,-0.0014641748090819349,6.803503513336182
16326656,2811.499316491012,0.019249366846016063,0.21617431938648224,,,,,,,,0.0078125,0.848699152469635,0.08028393322764676,0.005093785023013842,0.17830748856067657
16334848,2812.8240596230025,0.016000308371949917,0.20070801675319672,,,,,,,,0.0,0.7165720462799072,0.13365928952182435,0.0059807524461616725,0.1129431501030922
16343040,2814.1372506530024,0.024949029761663646,0.26171875,,,,,,,,0.0,0.838866651058197,0.08649638945069742,-0.004816116715714362,4.189164161682129
16351232,2815.444392622012,0.03485505591706321,0.21558837592601776,,,,,,,,0.0078125,0.7680267095565796,0.07926926745043777,-0.002882942079045823,0.5342545509338379
16359424,2816.9559975030134,0.017689393794953108,0.21229247748851776,,,,,,,,0.0,0.7632641196250916,0.11990071035891545,-0.00041505562746534667,8.090165138244629
16367616,2818.2498432990105,0.20415572144475821,0.21893310546875,,,,,,,,0.0078125,0.8648327589035034,0.08573884364945522,0.004211721164284506,0.43663644790649414
16375808,2819.568860001018,0.01855741466547912,0.22520752251148224,,,,,,,,0.0,0.6977678537368774,0.1555262536713499,0.004159917524965214,0.3301975727081299
16384000,2820.905585308996,0.020183726992463236,0.23968505859375,0.006131124870765059,0.10721098639981909,0.10633421583658484,333,266.3187321464355,47.7,nan,0.0,0.8288236260414124,0.09910799322368002,0.005154904828054915,0.1385069191455841
16392192,2823.093631685013,0.017594490544907006,0.21950684487819672,,,,,,,,0.0078125,0.8261147737503052,0.08379973437424985,0.0036734106845570146,0.09558974206447601
16400384,2824.441328456014,0.021571965087526457,0.24680176377296448,,,,,,,,0.0,0.7403465509414673,0.12474443286596854,-0.0026791793130781544,13.50187873840332
16408576,2825.747326397017,0.4676910652946209,0.20406495034694672,,,,,,,,0.0,0.8041842579841614,0.08391026634831528,-0.022500105608790025,2.5071568489074707
16416768,2827.047745718999,0.04036210209171407,0.26182863116264343,,,,,,,,0.0078125,0.7171535491943359,0.07648601255888016,0.003499229307441886,7.329010009765625
16424960,2828.3650542240066,0.05338782227844344,0.248291015625,,,,,,,,0.0,0.7487579584121704,0.10336797826756174,-0.0001354679228427658,12.741436958312988
16433152,2829.6100241380045,0.41780951010491485,0.20257568359375,,,,,,,,0.0078125,0.7810379862785339,0.08702087469535419,-0.0113970358803357,2.870983600616455
16441344,2830.9300290270185,0.035246570063154806,0.33704835176467896,,,,,,,,0.0,0.709575891494751,0.14352904434833422,0.003815450888750684,12.582687377929688
16449536,2832.23273263601,0.08630337752023627,0.2621704041957855,0.005246836905795749,0.10683835434524318,0.10683835434524318,333,265.4772912195049,49.95,nan,0.0,0.8218871355056763,0.09963336931025313,0.01481411142650625,0.6532177329063416
16457728,2834.410548924003,0.0736109236001104,0.1993408203125,,,,,,,,0.0078125,0.7594354748725891,0.08506156547156674,-0.006716051529181158,0.4186926782131195
16465920,2835.739779062016,0.026388804612154506,0.2868408262729645,,,,,,,,0.0,0.7622844576835632,0.1190241023966267,-0.00204968812769001,10.026429176330566
16474112,2837.2748152250133,0.05989110263892353,0.2525878846645355,,,,,,,,0.0,0.8623826503753662,0.07783242117230542,3.687302767980765e-05,0.5505326986312866
16482304,2838.843527960009,0.01827085491143751,0.22562256455421448,,,,,,,,0.0078125,0.6971204876899719,0.08189827674289875,0.00539353954209181,0.09320297837257385
16490496,2840.1390026390145,0.029046849605728065,0.2771972715854645,,,,,,,,0.0,0.8016518950462341,0.09946368696577639,-0.002995595616474427,20.579334259033203
16498688,2841.438582383009,0.023176466588483144,0.21638183295726776,,,,,,,,0.0078125,0.7806248664855957,0.08150263737233074,0.0024039587720647787,2.7876617908477783
16506880,2842.746356323012,0.02730503594847422,0.2999267578125,,,,,,,,0.0,0.7382297515869141,0.1268856050828679,0.000986979926486114,12.122708320617676
16515072,2844.058592012996,0.02972921601881351,0.23895263671875,0.005313532416979072,0.10574731986538127,0.10532017646818548,333,265.3819533265533,49.35,nan,0.0,0.8477332592010498,0.08651290968875815,0.00730080476022441,2.500608205795288
16523264,2846.3380712200014,0.029654400595729147,0.2842651307582855,,,,,,,,0.0078125,0.7377451658248901,0.08045857599525941,0.0014823412143616429,1.0159753561019897
16531456,2847.7355340440117,0.026883162240184368,0.29400634765625,,,,,,,,0.0,0.7943955659866333,0.1076709121622016,-0.0015148060910883557,7.046826362609863
16539648,2848.983190216997,0.052782393032823664,0.22128906846046448,,,,,,,,0.0078125,0.8369050025939941,0.08133285219024072,-0.0022836840692497503,0.864118218421936
16547840,2850.3779588280013,0.0247989869569744,0.2782226502895355,,,,,,,,0.0,0.7118638753890991,0.14088773873092264,0.004428647815923413,1.390060305595398
16556032,2851.737791899999,0.03546482641686241,0.3321166932582855,,,,,,,,0.0,0.8403167724609375,0.09103873381948406,-0.0020976314483384336,4.767831802368164
16564224,2852.9591592159995,0.02476485707849458,0.24250487983226776,,,,,,,,0.0078125,0.7738208174705505,0.07865425700490145,0.0013944847221927304,0.8832656741142273
16572416,2854.1870266220067,0.022497859701733177,0.25812989473342896,,,,,,,,0.0,0.7620031237602234,0.1250455249137077,0.007139142044974129,0.1262953281402588
16580608,2855.475399707997,0.02209933764740469,0.25823974609375,0.004226877881053248,0.106650720497873,0.106650720497873,333,264.6505264979436,49.95,nan,0.0,0.8954157829284668,0.08571986208967454,-0.0007704472297460165,1.2590006589889526
16588800,2857.623812342994,0.01593995821917642,0.19874267280101776,,,,,,,,0.0078125,0.6981004476547241,0.08750388391066041,0.00417207781213668,0.14473746716976166
16596992,2858.8140543939953,0.016787339412144924,0.2147216796875,,,,,,,,0.0,0.8207754492759705,0.10553893375980396,0.001130585349722208,0.11291215568780899
16605184,2860.0558030170214,0.016836471570892197,0.21290282905101776,,,,,,,,0.0078125,0.8253858685493469,0.08548825536283977,0.004464938021714245,0.11414577811956406
16613376,2861.247700942011,0.02830510064276083,0.3022216856479645,,,,,,,,0.0,0.73356693983078,0.13198119116169607,-0.0038040406834627103,11.622159004211426
16621568,2862.39604453402,0.14230810186159246,0.22097168862819672,,,,,,,,0.0,0.8174898624420166,0.09453339130029259,-0.0026243804389924612,1.7299385070800781
16629760,2863.61748354102,0.0332720069959447,0.21925048530101776,,,,,,,,0.0078125,0.7170937657356262,0.08754153124393435,-0.0008944384584682812,0.6036717295646667
16637952,2864.796749187022,0.021904306010898586,0.2599853575229645,,,,,,,,0.0,0.7889350056648254,0.10668609485617195,0.003474763244466539,0.24425411224365234
16646144,2866.267176830006,0.02488360048543339,0.27159425616264343,0.0050417618075183634,0.10699059834378359,0.10659224968853595,333,264.44832616010183,49.5,nan,0.0078125,0.8578220009803772,0.0854600886758964,0.0008197751588862476,1.8438163995742798
16654336,2868.756324518996,0.025072290677231015,0.2769775390625,,,,,,,,0.0,0.7119388580322266,0.1518212344700634,0.0042475494890258855,1.8849079608917236
16662528,2869.991966172005,0.05343957518377351,0.23222656548023224,,,,,,,,0.0,0.8271417021751404,0.09931307263626574,-0.003019560625132546,1.615165114402771
16670720,2871.2448290400207,0.11453926892160876,0.195068359375,,,,,,,,0.0078125,0.7565164566040039,0.0862387164003072,-0.00871590692863689,0.5004220008850098
16678912,2872.4878841720056,0.019283697343100523,0.23507080972194672,,,,,,,,0.0,0.7566986083984375,0.12745496825314498,0.005771288863729764,0.1745588630437851
16687104,2873.72029159902,0.017731732030209307,0.21879883110523224,,,,,,,,0.0,0.8912357091903687,0.08777768441429479,0.006728626476507374,0.0922270268201828
16695296,2874.943594038021,0.01594098584330207,0.20057372748851776,,,,,,,,0.0078125,0.6982664465904236,0.08903791889665408,0.0060627583561085295,0.07347775250673294
16703488,2876.2915659570135,0.024919400599500492,0.24737548828125,,,,,,,,0.0,0.7998552322387695,0.1062151782357732,-0.0008356442238565201,7.40590238571167
16711680,2877.5891383860144,0.028348699852017847,0.23062744736671448,0.0032473475946834807,0.10841938151826506,0.10551338817928121,333,264.4263363179898,49.35,nan,0.0078125,0.7978842854499817,0.08696845608041363,0.0017886531632115043,0.3245640695095062
16719872,2879.760976190999,0.02251066423730011,0.26182863116264343,,,,,,,,0.0,0.7346987128257751,0.1346309047566853,0.0053087650328129616,0.24867074191570282
16728064,2880.965760143008,0.029669533252320454,0.30854493379592896,,,,,,,,0.0,0.8549160957336426,0.09695451565081482,-0.0011525327744892927,3.3958089351654053
16736256,2882.2839915770164,0.02037935044780418,0.21683350205421448,,,,,,,,0.0078125,0.7370682954788208,0.08497866412316148,0.004481502326393563,0.17094846069812775
16744448,2883.5388778650085,0.02258441318541663,0.26251220703125,,,,,,,,0.0,0.7689617872238159,0.10812028943259845,-0.005985368798406571,25.02500343322754
16752640,2884.720674597018,0.02550479994994939,0.26545411348342896,,,,,,,,0.0078125,0.8244782090187073,0.06648836577578171,-0.00550787680411229,2.6695713996887207
16760832,2886.0089019910083,0.020959842996122455,0.2525878846645355,,,,,,,,0.0,0.7099098563194275,0.14159054848528776,-0.0012331194599890403,10.960798263549805
16769024,2887.2360450720007,0.03085842898172956,0.2552246153354645,,,,,,,,0.0,0.7985144853591919,0.099458169731195,-0.005565009991607019,3.755192995071411
16777216,2888.4792080650222,0.035379410618975815,0.2286376953125,0.003670659153212963,0.1050810247192197,0.10260096303739909,333,265.87793420936816,49.650000000000006,nan,0.0078125,0.754082441329956,0.08903856742105058,-0.002679767977076758,1.9073456525802612
16785408,2890.5854239900073,0.024550953636345466,0.2774902284145355,,,,,,,,0.0,0.7458648681640625,0.1133152683078165,-0.002327704642589752,22.040937423706055
16793600,2891.7575713130063,0.032783792442901194,0.2254638671875,,,,,,,,0.0,0.8094768524169922,0.07255901681514819,-0.004128062229455848,6.3863606452941895
16801792,2893.025825099001,0.028065990420655385,0.2965331971645355,,,,,,,,0.0078125,0.695850133895874,0.07127150519899915,0.0029612297070100006,1.2334572076797485
16809984,2894.227576136007,0.034558758002277846,0.27739259600639343,,,,,,,,0.0,0.7646347880363464,0.10555122143733472,-0.0023695047046951375,10.971445083618164
16818176,2895.4988911300024,0.2813938632934521,0.20672607421875,,,,,,,,0.0078125,0.7670519351959229,0.0840886515194858,-0.009702882692950401,2.6320595741271973
16826368,2896.8971927990206,0.03509979350858724,0.34698486328125,,,,,,,,0.0,0.7321217060089111,0.13206619635463102,-0.0017921497661951562,8.128628730773926
16834560,2898.410673025006,0.032326501072873146,0.27263185381889343,,,,,,,,0.0,0.8326696157455444,0.09453333894591504,0.0022060911039578184,1.6997545957565308
16842752,2899.7216618980165,0.02228460074150307,0.23643799126148224,0.0033112931378207477,0.10618844632525105,0.10460505126819347,333,265.45547961933465,49.35,nan,0.0078125,0.7313997745513916,0.08982276061540174,0.002015820142317898,0.25914302468299866
16850944,2901.8362691329967,0.020125137664869015,0.24407958984375,,,,,,,,0.0,0.7870348691940308,0.11131726127244063,0.0059417092715431385,0.09643002599477768
16859136,2903.073794555996,0.018751107670101543,0.22590331733226776,,,,,,,,0.0078125,0.8661595582962036,0.08434890151944567,0.0067879654664429806,0.0668342113494873
16867328,2904.312477892003,0.024874542438743916,0.28345948457717896,,,,,,,,0.0,0.7105730772018433,0.15043666472277795,0.000919074589820075,2.280632734298706
16875520,2905.4907179370057,0.032403708859680705,0.32545167207717896,,,,,,,,0.0,0.8481025695800781,0.08648224197850082,-0.0004047719945982075,1.5798606872558594
16883712,2906.8528621770092,0.018271008727108774,0.22084961831569672,,,,,,,,0.0078125,0.7889949083328247,0.07713278654738533,0.0028282931208558825,0.12092726677656174
16891904,2908.1114414740005,0.01578710823411939,0.19710694253444672,,,,,,,,0.0,0.7556474804878235,0.12465003505677656,0.00386230646738825,0.1127142459154129
16900096,2909.2963708210154,0.017822043780689027,0.21923828125,,,,,,,,0.0,0.8882924914360046,0.09090521363992532,0.005927851013742017,0.0595654621720314
16908288,2910.537060083996,0.014393864070269526,0.18813477456569672,0.0007104458604979547,0.10658877525742602,0.10353340170549727,333,265.1707283336229,49.35,nan,0.0078125,0.703040599822998,0.09085291949293785,0.0024653053231027872,0.07890291512012482
16916480,2912.3959577339992,0.02550750810230448,0.2734008729457855,,,,,,,,0.0,0.7762948274612427,0.10408665388707372,-0.004383422911393821,7.668017864227295
16924672,2913.626118647022,0.2256156774739233,0.18352051079273224,,,,,,,,0.0078125,0.7600136995315552,0.08538973560941189,-0.0002458992070429246,4.174953937530518
16932864,2914.8758555850072,0.02925422317051852,0.3024658262729645,,,,,,,,0.0,0.7338077425956726,0.10853034102751037,0.0024595598223515454,3.4644124507904053
16941056,2916.20390376501,0.01949323633340031,0.24091796576976776,,,,,,,,0.0,0.8726599812507629,0.08111703610373405,0.004259756516631105,0.13148276507854462
16949248,2917.429043081007,0.017548838843412292,0.22122803330421448,,,,,,,,0.0078125,0.7436531186103821,0.07719271418602988,0.0025091012648055405,0.07921486347913742
16957440,2918.6274380980176,0.05776165517981875,0.24492187798023224,,,,,,,,0.0,0.7544785737991333,0.11342169299727067,-0.010805275312160788,5.422222137451172
16965632,2919.8260910530225,0.29048762541373213,0.15767823159694672,,,,,,,,0.0078125,0.7809826731681824,0.07734149955237277,-0.017331852888663613,3.190528631210327
16973824,2921.0446746679954,0.022743106213503124,0.25733643770217896,0.0007568982277667002,0.10668676441672047,0.10467752254814697,333,264.5237683947378,49.35,nan,0.0,0.7077282667160034,0.14785397436634676,0.0042302611001826486,0.32376039028167725
16982016,2923.1470126860077,0.019198632242792293,0.23031006753444672,,,,,,,,0.0,0.8393104076385498,0.09737362766880486,0.006232356139897057,0.08242382854223251
16990208,2924.3444285030128,0.018393956190207793,0.22624512016773224,,,,,,,,0.0078125,0.7851083278656006,0.08270866987622488,0.003914128687795393,0.07890214025974274
16998400,2925.584373354999,0.014920285698563414,0.1939697265625,,,,,,,,0.0,0.7516839504241943,0.12475405681437812,0.004227015838198868,0.08786696195602417
17006592,2927.109266835003,0.01702356895688897,0.21300049126148224,,,,,,,,0.0,0.8824102878570557,0.09154838007240768,0.005469300378081382,0.051364608108997345
17014784,2928.6179887129983,0.01400394858215779,0.185791015625,,,,,,,,0.0078125,0.7030971646308899,0.08974524019920777,0.0029140703028773165,0.048057857900857925
17022976,2929.872957114014,0.01455899865222253,0.19482421875,,,,,,,,0.0,0.8082547783851624,0.11193912847136533,0.00019474152267232375,0.07666332274675369
17031168,2931.173468538007,0.017054671588680622,0.21656493842601776,,,,,,,,0.0078125,0.8259565830230713,0.09319049782939638,0.0025119422676162214,0.04023228958249092
17039360,2932.422258708015,0.01614740980800298,0.205322265625,0.0004254066375179999,0.10635691972722151,0.10371176648192626,333,264.66679370664014,49.35,nan,0.0,0.7297654151916504,0.1307775734235143,0.0031522105646617435,0.0964362621307373
17047552,2934.564135176013,0.020257693139555336,0.24466553330421448,,,,,,,,0.0,0.8646640777587891,0.09613664594644108,-0.0011809611253034004,0.5142108798027039
17055744,2935.777774850023,0.015528793955592153,0.19760742783546448,,,,,,,,0.0078125,0.7444582581520081,0.08617816035508041,-0.0003869977626028638,0.09055592119693756
17063936,2937.1563110450224,0.01582053134201476,0.20157471299171448,,,,,,,,0.0,0.7811354398727417,0.11561751140012481,0.003105772623514186,0.0843626856803894
17072128,2938.4411999830045,0.01902477933452,0.23438720405101776,,,,,,,,0.0078125,0.8675101399421692,0.09226493941923386,0.003295897822628913,0.04218266159296036
17080320,2939.735632694006,0.014826579883261418,0.19207763671875,,,,,,,,0.0,0.7069582939147949,0.1562770107875609,0.003698122112124891,0.10222513973712921
17088512,2940.915630021016,0.0192034236932642,0.23214112222194672,,,,,,,,0.0,0.8403470516204834,0.09266171640957749,0.0024140657335653378,0.3562745749950409
17096704,2942.148190128006,0.016881863519198022,0.21132813394069672,,,,,,,,0.0078125,0.7868932485580444,0.08553008243340669,0.003429505856293277,0.10135557502508163
17104896,2943.340561185003,0.015337270804042503,0.19155274331569672,0.0004979178530790662,0.1046242875080519,0.10197968822995196,333,265.45172628118036,49.35,nan,0.0,0.7545546293258667,0.12106201445463695,0.004184697036854256,0.1531786173582077
17113088,2945.4430050500087,0.01692473998153371,0.21483154594898224,,,,,,,,0.0,0.8907286524772644,0.0850741875228953,0.006285393313376885,0.06751978397369385
17121280,2946.6727660530014,0.015175106778344098,0.19384765625,,,,,,,,0.0078125,0.7059087753295898,0.08371870106864522,0.0035833012089356853,0.07630249112844467
17129472,2947.8445893129974,0.02556605103158895,0.26634523272514343,,,,,,,,0.0,0.7976595759391785,0.1049692427387169,-0.005497283205252008,4.596754550933838
17137664,2949.0165415680094,0.23405328520496013,0.17828369140625,,,,,,,,0.0078125,0.7961530685424805,0.08661289831392972,-0.008523465108795633,1.4589465856552124
17145856,2950.2232362070063,0.02002605201496964,0.23902587592601776,,,,,,,,0.0,0.7278946042060852,0.1292042161435029,-0.004179706871935186,12.591099739074707
17154048,2951.4030421969946,0.040113180668043064,0.2630859315395355,,,,,,,,0.0,0.8068084120750427,0.09859005943307059,-0.0020605169497131064,6.316984176635742
17162240,2952.6360801389965,0.03448659369709676,0.21781006455421448,,,,,,,,0.0078125,0.7141188383102417,0.09083791039161072,-0.005385433012161561,1.0134267807006836
17170432,2953.853012044012,0.027937097746692386,0.2951904237270355,0.005961403742415161,0.10751765373704063,0.10751765373704063,333,265.33677599513766,49.95,nan,0.0,0.7685332298278809,0.11514273557974124,-0.003568945773575856,15.446270942687988
17178624,2956.0775896859996,0.09312158673049836,0.2641845643520355,,,,,,,,0.0078125,0.815821647644043,0.08654198994337316,0.0010857815252008384,5.257246971130371
17186816,2957.481944778003,0.02325771428099707,0.26702880859375,,,,,,,,0.0,0.7083309292793274,0.15528686792429441,0.004323728422461741,3.3512609004974365
17195008,2958.9519777240057,0.024881637623455816,0.25346681475639343,,,,,,,,0.0,0.8326439261436462,0.10197489657023778,0.0043218948153341576,1.2308727502822876
17203200,2960.1917210270185,0.019513496133216585,0.21063232421875,,,,,,,,0.0078125,0.7834823131561279,0.09170248155230065,0.004139076348336253,0.28255340456962585
17211392,2961.3839119159966,0.025414254112202345,0.28388673067092896,,,,,,,,0.0,0.75197434425354,0.11802954985715206,-0.003802425836659082,15.040709495544434
17219584,2962.529346411,0.030713654666847223,0.2673706114292145,,,,,,,,0.0,0.8624598979949951,0.0800910726969073,0.0003274622533999184,1.9100278615951538
17227776,2963.7231915080047,0.018429646350581565,0.22382812201976776,,,,,,,,0.0078125,0.7050001621246338,0.07940792011435777,0.0038915201553339955,0.19767308235168457
17235968,2964.9306087809964,0.04045390711221152,0.27490234375,0.0014108877909144724,0.10630893860409069,0.10257915266557087,333,266.06116949255164,49.35,nan,0.0,0.7965234518051147,0.11146685607813994,-0.0037731434652492827,5.082061767578125
17244160,2967.1910182610154,0.048987992425303745,0.21834717690944672,,,,,,,,0.0078125,0.8148689270019531,0.09382693423272274,0.01504093555381039,0.5140118598937988
17252352,2968.4319964479946,0.02832624613106396,0.3042236268520355,,,,,,,,0.0,0.7333280444145203,0.12824169849556913,-0.0020213785589006414,6.825961589813232
17260544,2969.66415188901,0.11878887496665613,0.23494873940944672,,,,,,,,0.0,0.8483223915100098,0.08728905277098592,-0.011258093921310981,0.6713069081306458
17268736,2970.901062858,0.05384065069014248,0.251220703125,,,,,,,,0.0078125,0.7366730570793152,0.08145894279486536,-0.00012355527516251345,1.0594160556793213
17276928,2972.0545978180016,0.01965735449254266,0.23863525688648224,,,,,,,,0.0,0.7784045338630676,0.11269377669911207,-0.0036959796267224984,38.61179733276367
17285120,2973.2564825930167,0.04484615917023185,0.20942382514476776,,,,,,,,0.0078125,0.8190965056419373,0.09234269563389072,-0.004797403619216364,2.344451665878296
17293312,2974.4644303170207,0.021529473860093875,0.24892579019069672,,,,,,,,0.0,0.7066593170166016,0.15481024096728127,0.008401143471682975,0.6957014203071594
17301504,2975.612399008998,0.023016998739858973,0.2599121034145355,0.000667850365096534,0.10519812369368906,0.10274472698004948,333,265.3148888543202,49.35,nan,0.0,0.8422014117240906,0.09693717669693913,0.006024570935804632,0.3309493362903595
17309696,2977.813058568019,0.019332179419288616,0.23157958686351776,,,,,,,,0.0078125,0.7954444885253906,0.08351149904764726,0.006192549930849583,0.054069604724645615
17317888,2979.0233037029975,0.02593752169539933,0.2896484434604645,,,,,,,,0.0,0.7525789141654968,0.12393750632814782,-0.001905494669401078,5.700170040130615
17326080,2980.2381951300194,0.04551129144256242,0.19514159858226776,,,,,,,,0.0,0.8694485425949097,0.09042640688948445,0.005166453258601355,0.6194018721580505
17334272,2981.455841493007,0.02070009208040808,0.22972412407398224,,,,,,,,0.0078125,0.7060108780860901,0.08714171341057031,-0.0015903512641033696,0.11835791915655136
17342464,2982.6465604240075,0.018018214416619275,0.22261963784694672,,,,,,,,0.0,0.8084141612052917,0.10457995679968159,0.0052713829635444845,0.09215500205755234
17350656,2983.8269588719995,0.016768596134480153,0.21450196206569672,,,,,,,,0.0078125,0.8353315591812134,0.08048161276917987,0.005099103180971817,0.04725643992424011
17358848,2985.0375724640035,0.024887536961218055,0.2864013612270355,,,,,,,,0.0,0.7290051579475403,0.13315472488486216,-0.0003372441523907967,3.13188099861145
17367040,2986.5145302210003,0.06728224269831924,0.23255614936351776,0.004515208762473355,0.10446404414760457,0.10268499199118479,333,266.51154315725216,49.650000000000006,nan,0.0,0.8503521084785461,0.09650509970878764,-0.008694804471001951,2.146779775619507
17375232,2988.7592208959977,0.02955477984074899,0.21940918266773224,,,,,,,,0.0078125,0.7391908168792725,0.08629359112303496,-0.0033613247959715167,0.35039016604423523
17383424,2989.904272501997,0.02030201242170511,0.2457275390625,,,,,,,,0.0,0.7849633693695068,0.11453033223128321,0.005871692854076289,0.21089564263820648
17391616,2991.152564317017,0.018267466583568426,0.22274170815944672,,,,,,,,0.0078125,0.8835613131523132,0.08776628872130784,0.0032936435698919784,0.06514407694339752
17399808,2992.417359649,0.02526721563832693,0.2629150450229645,,,,,,,,0.0,0.7010772824287415,0.15370776922984014,-0.001866514246045355,9.460565567016602
17408000,2993.6242552290205,0.01946792582594248,0.20664063096046448,,,,,,,,0.0,0.7036772966384888,0.08137485412007178,-0.006728906726385167,34.84321975708008
17416192,2994.905059422017,0.01847217092967741,0.17772217094898224,,,,,,,,0.0078125,0.7167015075683594,0.07224997731127174,0.004205011381435518,4.476084232330322
17424384,2996.123435143003,0.019393851277066748,0.22735595703125,,,,,,,,0.0,0.7462076544761658,0.11607204126572176,-0.002408638128104699,22.15825653076172
17432576,2997.4573626730125,0.045570180447970225,0.18369141221046448,0.0037063995869468513,0.10273842656321358,0.10273842656321358,333,266.73104880893897,49.95,nan,0.0,0.8095763325691223,0.08083564240859177,-6.548814246675108e-05,3.4207005500793457
17440768,2999.575494263001,0.02414486386905542,0.2770019471645355,,,,,,,,0.0078125,0.7049010992050171,0.07954159642331304,0.002665183320924476,3.8336410522460938
17448960,3000.7489094019984,0.01845883425206818,0.22133789956569672,,,,,,,,0.0,0.7690303325653076,0.0969918663439095,-0.004716957862688289,32.61210250854492
17457152,3001.9682590970187,0.06784252524702471,0.2782836854457855,,,,,,,,0.0078125,0.7568773031234741,0.07831300157557552,-0.006606033666105186,5.044795513153076
17465344,3003.1595155459945,0.04472106936476813,0.3667968809604645,,,,,,,,0.0,0.7232034802436829,0.1350063804066314,0.0030197835523092242,16.004283905029297
17473536,3004.381901738001,0.12895162882924413,0.24130859971046448,,,,,,,,0.0,0.7865057587623596,0.098772966431113,0.0006284873591905631,4.553670883178711
17481728,3005.681430580007,0.03240454067525549,0.27119141817092896,,,,,,,,0.0078125,0.7299959659576416,0.09268155812455237,0.004711254974736176,0.6561126112937927
17489920,3006.8286141380086,0.03972241270927659,0.28925782442092896,,,,,,,,0.0,0.7616412043571472,0.11685716754742556,-0.002942174510674907,2.885920763015747
17498112,3008.0152319690096,0.02715937052540205,0.2573486268520355,0.001862451201213644,0.10325772895492177,0.10146017117797536,333,266.5089916972702,49.2,nan,0.0078125,0.8672687411308289,0.08880280152061508,0.004413878207965002,0.8908756375312805
17506304,3009.925251238019,0.028641405289638596,0.298583984375,,,,,,,,0.0,0.7072353363037109,0.15161920835607262,-0.0008987742147421257,16.31256103515625
17514496,3011.043980018003,0.02403178176406086,0.2673095762729645,,,,,,,,0.0,0.8017755746841431,0.09347013915784017,-0.0029070351434809494,16.809803009033203
17522688,3012.171798260999,0.2235235968787535,0.2632202208042145,,,,,,,,0.0078125,0.7418590188026428,0.08124128753318724,-0.002887038239308122,2.704212188720703
17530880,3013.2589120670164,0.022888015486301486,0.2664550840854645,,,,,,,,0.0,0.7531057000160217,0.12588341278978965,0.007530249753745758,0.191277876496315
17539072,3014.428218711022,0.018667973202421084,0.22540283203125,,,,,,,,0.0,0.8941661715507507,0.09175360856969833,0.006356573495124767,0.10304649919271469
17547264,3015.6012907380064,0.01876647795963518,0.23345947265625,,,,,,,,0.0078125,0.7142460346221924,0.08868859694528405,-0.0009312754445565136,18.706586837768555
17555456,3016.9179912690015,0.014591260573148577,0.17624512314796448,,,,,,,,0.0,0.7280391454696655,0.09720193406718186,-0.006227222053210402,58.24115753173828
17563648,3018.303555843013,0.033327567533267086,0.23448486626148224,0.0006210865677170885,0.10256249303776238,0.10045456989576382,333,268.19394936001066,49.5,nan,0.0078125,0.7204652428627014,0.08071432690186255,0.006334956755673499,5.837728500366211
17571840,3020.4063631450117,0.017245117297860917,0.21462403237819672,,,,,,,,0.0,0.7216603755950928,0.12253204173163924,-0.002065984666859555,26.859289169311523
17580032,3021.546629182005,0.09766300092466917,0.24285888671875,,,,,,,,0.0,0.7882664203643799,0.08951871915468401,-0.0006121111516691161,6.524502754211426
17588224,3022.724054710008,0.03968323017204467,0.28948974609375,,,,,,,,0.0078125,0.7294361591339111,0.08577353231995608,0.00859604563655648,6.292598247528076
17596416,3023.8465882420132,0.02001058319625093,0.22110596299171448,,,,,,,,0.0,0.6920987963676453,0.10825623382691041,-0.005217761114541123,37.42673873901367
17604608,3024.9997086469957,0.10666778998010891,0.2242431640625,,,,,,,,0.0078125,0.71245938539505,0.08728495191651695,0.005255758659508685,7.259961128234863
17612800,3026.2308035769965,0.02206455548521874,0.25727540254592896,,,,,,,,0.0,0.69501793384552,0.14514975863751414,-0.00026443098285709726,32.761199951171875
17620992,3027.467542015016,0.027877286594444342,0.28483888506889343,,,,,,,,0.0,0.7769880890846252,0.08743686194876985,0.0006636431128483627,24.091697692871094
17629184,3028.624424349022,0.038507812605121844,0.27740478515625,0.0011299411740247622,0.10140739941922389,0.10082108850651159,333,268.12980893330223,49.5,nan,0.0078125,0.7570290565490723,0.07018087088177576,0.002335296853132695,1.3899210691452026
17637376,3030.587005494017,0.016282498960641767,0.19622802734375,,,,,,,,0.0,0.6822101473808289,0.11746295845315155,-0.006109598107583054,66.7940902709961
17645568,3031.72915732002,0.16471117287690862,0.2942871153354645,,,,,,,,0.0,0.6376044154167175,0.08056020344535172,0.0249083027533053,21.629053115844727
17653760,3032.9279635320127,0.028421205431675152,0.2808837890625,,,,,,,,0.0078125,0.6822396516799927,0.07825683554229558,0.0022061122981629744,17.65327262878418
17661952,3034.08801741802,0.0387238076254299,0.32471925020217896,,,,,,,,0.0,0.7487561702728271,0.09800436417516613,-0.0015328031461965552,29.55640983581543
17670144,3035.213772082003,0.0572509351148683,0.25397950410842896,,,,,,,,0.0078125,0.744353711605072,0.08874580395201685,0.012706765251056663,6.871570110321045
17678336,3036.3367819380073,0.017873238744032998,0.2117919921875,,,,,,,,0.0,0.699478030204773,0.12655577981095276,-0.003560674554809559,60.36362838745117
17686528,3037.444336483022,0.030040004034356294,0.25310060381889343,,,,,,,,0.0,0.6971638202667236,0.09404781050288213,-0.0003003301898004435,31.485000610351562
17694720,3038.643102211994,0.04665426763537622,0.2716430723667145,0.0006920926264549765,0.10218931952105836,0.10218931952105836,333,267.5462378774739,49.95,nan,0.0078125,0.7037895321846008,0.08581152471679263,0.006655845749585443,7.592833042144775
17702912,3040.7120907770004,0.027012669617950704,0.28297120332717896,,,,,,,,0.0,0.7495169639587402,0.10118924823275352,-0.004904447542312011,49.695068359375
17711104,3041.8568045910215,0.040782472282377524,0.26434326171875,,,,,,,,0.0078125,0.7396531105041504,0.08304088757543843,0.0013822271555342372,12.975946426391602
17719296,3042.9148439349956,0.0354698136286286,0.3353027403354645,,,,,,,,0.0,0.7059620022773743,0.1338171807968999,0.002642335444587721,19.833480834960938
17727488,3044.028779701999,0.04564420517913686,0.340087890625,,,,,,,,0.0,0.7894429564476013,0.09110993803301598,-0.0032842080338751213,13.084053039550781
17735680,3045.134595353011,0.04057956240473183,0.3071655333042145,,,,,,,,0.0078125,0.7610445618629456,0.08015069211950965,0.003594484141577113,2.1783902645111084
17743872,3046.4469064300065,0.037362415363090117,0.34364014863967896,,,,,,,,0.0,0.7502961158752441,0.1261855775078755,0.0028635159316546385,5.443053722381592
17752064,3047.837746055011,0.02541268027638287,0.23911133408546448,,,,,,,,0.0,0.8772460222244263,0.09296522477634794,0.005475198222754961,1.0999341011047363
17760256,3049.084444641019,0.03317890935212914,0.3168579041957855,0.0013327894858699008,0.10436530752050016,0.10436530752050016,333,265.700132880923,49.95,nan,0.0078125,0.7156823873519897,0.08947064437307381,0.001859040562921188,6.0574493408203125
17768448,3050.9861408309953,0.030913766053904713,0.2565673887729645,,,,,,,,0.0,0.7894282937049866,0.10779540838263392,-0.0005490128732458597,4.884162425994873
17776640,3052.1257441030175,0.03535115224098462,0.24483643472194672,,,,,,,,0.0078125,0.813752293586731,0.09292910342735232,-0.0049114957941364746,0.878879189491272
17784832,3053.305426317005,0.01929163790625791,0.2344970703125,,,,,,,,0.0,0.7264714241027832,0.13846354867148167,0.006313020041816724,0.11371779441833496
17793024,3054.4651187040145,0.017533617365752905,0.22011719644069672,,,,,,,,0.0,0.8663389086723328,0.10033627315562987,0.00533442408800189,0.045402999967336655
17801216,3055.6269426270155,0.01721136636046433,0.20681153237819672,,,,,,,,0.0078125,0.7606816291809082,0.09312952225861112,0.0029072621481804287,0.06302904337644577
17809408,3056.864755729999,0.029456036448006026,0.28443604707717896,,,,,,,,0.0,0.7612941861152649,0.11659714182650122,-0.0024597667703113372,8.091483116149902
17817600,3057.9825347940205,0.03927476971095283,0.19781494140625,,,,,,,,0.0078125,0.836057722568512,0.08978972030761424,-0.0034488689911351,1.4348396062850952
17825792,3059.1202402260096,0.021706067385548086,0.2567138671875,0.003575326002739576,0.10557446812412768,0.10503812786734107,333,265.891336616237,49.35,nan,0.0,0.7027193903923035,0.15939718655205276,0.0005061888833895686,4.501283645629883
17833984,3061.1163468830055,0.04433279656965014,0.22545166313648224,,,,,,,,0.0,0.8201950788497925,0.10337966161811701,0.0006874153583921002,0.5762926936149597
17842176,3062.2465472629992,0.04910777890346518,0.21315918862819672,,,,,,,,0.0078125,0.790122389793396,0.0892223983271323,-0.008222974757685254,0.21204891800880432
17850368,3063.4324550270103,0.024189254204184926,0.2723388671875,,,,,,,,0.0,0.7505563497543335,0.12159002792554534,0.004864103425149514,0.5424763560295105
17858560,3064.5528980070085,0.02119553328304954,0.2498779296875,,,,,,,,0.0,0.881422221660614,0.08657983020333115,-0.0050568803882205665,2.97663950920105
17866752,3065.831402138021,0.01661949399422546,0.21291504800319672,,,,,,,,0.0078125,0.7157772779464722,0.08417933525822074,0.00219786413025835,0.42006874084472656
17874944,3066.974985689012,0.021474929190114976,0.24622802436351776,,,,,,,,0.0,0.8012722730636597,0.10650676701171569,0.0001935328788611096,1.635930061340332
17883136,3068.119749392994,0.039867540760809034,0.22288818657398224,,,,,,,,0.0078125,0.8268604874610901,0.08516255407691892,-0.005006357970439109,0.290270060300827
17891328,3069.235315498023,0.01625524025693253,0.21243897080421448,0.00235511270647748,0.11345892159112174,0.10936821721007733,333,264.5510242215598,48.900000000000006,nan,0.0,0.723247230052948,0.1424761945448258,0.0024505951246485236,0.11296526342630386
17899520,3071.2318983190053,0.016439734401354218,0.20780029892921448,,,,,,,,0.0,0.8581774234771729,0.09909536451490991,0.00448318261162883,0.06310347467660904
17907712,3072.359307373001,0.014844110593291427,0.1939697265625,,,,,,,,0.0078125,0.7599725127220154,0.09104293853707558,0.0024753526113883255,0.06553139537572861
17915904,3073.491853856016,0.017101718454381267,0.21562500298023224,,,,,,,,0.0,0.7765305638313293,0.12206854672848357,0.004745467649245496,0.09198446571826935
17924096,3074.6385584250093,0.01610991151766965,0.20920410752296448,,,,,,,,0.0078125,0.8869975209236145,0.09320719752664845,0.002875377997481495,0.039885904639959335
17932288,3075.801447937003,0.014854224553590138,0.19003906846046448,,,,,,,,0.0,0.7038251161575317,0.15576664921687527,0.0023418691573167997,0.09218638390302658
17940480,3077.1619096219947,0.02603633279176063,0.26386719942092896,,,,,,,,0.0,0.8114174008369446,0.09576981585650066,-0.0038967470827829063,7.345839977264404
17948672,3078.6167569259997,0.04065886408568324,0.21048584580421448,,,,,,,,0.0078125,0.7813258171081543,0.0858043587032108,-0.008878956108988553,0.7351474165916443
17956864,3079.7666551000148,0.018781693360667335,0.22841797769069672,0.0022389815371817168,0.1127253480384947,0.10869858942354624,333,263.93056611237813,48.900000000000006,nan,0.0,0.7449521422386169,0.12784267840548327,-0.0012310635329450114,2.31766939163208
17965056,3081.6892528129974,0.18460623797276043,0.17425537109375,,,,,,,,0.0,0.8525539636611938,0.09685096140235311,-0.016630281193768904,1.2188977003097534
17973248,3082.785507241002,0.021215708346658334,0.20684814453125,,,,,,,,0.0078125,0.7142046689987183,0.09477156313873993,0.0025823493333370015,0.15254709124565125
17981440,3083.9396238890185,0.01615637984548886,0.20758056640625,,,,,,,,0.0,0.8039714694023132,0.11327711037146221,0.004582025467721046,0.07671146839857101
17989632,3085.0747204759973,0.01570633389622572,0.20295409858226776,,,,,,,,0.0078125,0.8481062054634094,0.0924141342618634,0.0034578084107405524,0.052552200853824615
17997824,3086.162762054999,0.017033554936633895,0.21530762314796448,,,,,,,,0.0,0.7213942408561707,0.14515910944132576,0.0034350772964840334,0.07736184448003769
18006016,3087.520671033999,0.017056311705052424,0.21126709878444672,,,,,,,,0.0,0.855996310710907,0.0991501356758412,0.005343835542633982,0.037788502871990204
18014208,3088.6652595550113,0.015604913234544089,0.20040284097194672,,,,,,,,0.0078125,0.7615798115730286,0.0919448335079735,0.001939458585533404,0.05548920854926109
18022400,3089.843750754022,0.018046124328978258,0.22170411050319672,0.0023375026531569087,0.11174311501016566,0.10697696086704957,333,264.6506885796868,48.900000000000006,nan,0.0,0.7741456031799316,0.11695585738479361,0.001482117070571735,0.11272559314966202
18030592,3091.9349183290033,0.01607998824311282,0.20694580674171448,,,,,,,,0.0078125,0.8898786306381226,0.08905172955392432,0.002455435955594323,0.0607529878616333
18038784,3093.0822492559964,0.015295704713372793,0.19915771484375,,,,,,,,0.0,0.702518880367279,0.15264443767328043,0.0052775730380916035,0.0724707841873169
18046976,3094.208252447017,0.01498641155665042,0.19621582329273224,,,,,,,,0.0,0.8368039131164551,0.10335909110329412,0.0008152280321216464,0.05186348035931587
18055168,3095.3100534680125,0.016515496203958896,0.21241454780101776,,,,,,,,0.0078125,0.8120247721672058,0.08755261808447883,0.003614611684811796,0.04604959487915039
18063360,3096.425607298006,0.015693237856958826,0.2003173828125,,,,,,,,0.0,0.7474561929702759,0.12151476778474221,0.002370135198899571,0.12177162617444992
18071552,3097.555967827997,0.015845031220089897,0.20559082925319672,,,,,,,,0.0,0.8922988176345825,0.08925498209681328,0.001937085495067699,0.04109835624694824
18079744,3098.6802264750004,0.016260143542620658,0.20955811440944672,,,,,,,,0.0078125,0.7231343984603882,0.08712163772177148,0.0012374088583841888,0.21894386410713196
18087936,3099.858252817008,0.13780504379708325,0.2736450135707855,0.0025042732618262287,0.11006428110823036,0.10421540629895722,333,267.32546827278463,48.900000000000006,nan,0.0,0.7851262092590332,0.09817531694953997,-0.008682173130096974,3.9562981128692627
18096128,3101.8552999120147,0.4418494871729799,0.18970946967601776,,,,,,,,0.0078125,0.807632327079773,0.08134589816675653,-0.0011913314344894012,1.4008797407150269
18104320,3102.9961981860106,0.024156198019894926,0.2765136659145355,,,,,,,,0.0,0.72441565990448,0.13070045455616833,0.0031664644600178206,0.39109906554222107
18112512,3104.1354194120213,0.019135883255551597,0.2388916015625,,,,,,,,0.0,0.8682057857513428,0.09229293448898458,0.00461728215258867,0.06885144114494324
18120704,3105.2182931739953,0.01642748732757627,0.21214599907398224,,,,,,,,0.0078125,0.7695103287696838,0.08448086386135105,0.004211917768742126,0.04220874235033989
18128896,3106.5783287160157,0.022298808322597567,0.25676271319389343,,,,,,,,0.0,0.7708285450935364,0.11267150657635389,-0.0034754183117875477,2.1817615032196045
18137088,3107.844711148995,0.018374710422940484,0.21544189751148224,,,,,,,,0.0078125,0.8885385394096375,0.08603621468326543,-0.0009508837456722006,0.34627556800842285
18145280,3109.1088962710055,0.024841830885863864,0.2887817323207855,,,,,,,,0.0,0.7027008533477783,0.15541864446304826,-0.0003754568442253723,3.3424057960510254
18153472,3110.3009386060003,0.07949818351738892,0.24383544921875,0.0024178164436038374,0.10888327488462769,0.10445809628694049,333,267.43164955536145,48.900000000000006,nan,0.0,0.8057711124420166,0.10096626822106702,-0.005991572710259664,4.371310234069824
18161664,3112.3438862110197,0.2523912848086909,0.18784180283546448,,,,,,,,0.0078125,0.7761773467063904,0.08632686785873757,-0.011497144051973503,0.6138119101524353
18169856,3113.4956579730206,0.02445255761857615,0.27373048663139343,,,,,,,,0.0,0.7518087029457092,0.1210441117094168,4.409748738435108e-06,4.916676044464111
18178048,3114.634672420012,0.03771528506838803,0.2921508848667145,,,,,,,,0.0,0.867539644241333,0.08983821303320894,-0.002102693016604396,2.6962432861328125
18186240,3115.794927723997,0.02329585970146722,0.2652831971645355,,,,,,,,0.0078125,0.722007691860199,0.0863997892017934,0.0018524925203535318,5.538001537322998
18194432,3117.045452035003,0.021921576886676643,0.2544921934604645,,,,,,,,0.0,0.7796180248260498,0.09288196444693243,-0.0026556636598459396,9.452186584472656
18202624,3118.338635338994,0.06097576030965475,0.230712890625,,,,,,,,0.0078125,0.8076595067977905,0.07394421396722452,-0.002874787830448595,1.9034992456436157
18210816,3119.5155003310065,0.03005267261637258,0.3025268614292145,,,,,,,,0.0,0.7160444259643555,0.13080418930378504,-0.0019135117693346824,11.247028350830078
18219008,3120.6323853070207,0.03878066005755269,0.2501464784145355,0.002408118637654555,0.10791716334136842,0.10403538378607222,333,267.45860082900595,48.900000000000006,nan,0.0,0.7948552370071411,0.0922020445403143,0.0006041345975996253,4.116024494171143
18227200,3122.6543042600097,0.1775159198952926,0.23085938394069672,,,,,,,,0.0078125,0.7265424728393555,0.08566735680496378,-0.003297202821695355,1.2966455221176147
18235392,3123.765051095019,0.03194357909154717,0.3285766541957855,,,,,,,,0.0,0.7808355093002319,0.09965687970856946,-0.0022648592144202217,5.271130561828613
18243584,3124.9299972699955,0.1310935811140415,0.22941894829273224,,,,,,,,0.0078125,0.8794017434120178,0.08630000849286303,-0.012624892521758236,1.6505718231201172
18251776,3126.0999049850216,0.022905741986694837,0.26319581270217896,,,,,,,,0.0,0.7012155652046204,0.1558469779219825,-0.0003813316266995932,4.197449684143066
18259968,3127.2275095320074,0.028166283795706626,0.22847901284694672,,,,,,,,0.0,0.819972038269043,0.0866746688445486,-0.007534820874861243,1.2683414220809937
18268160,3128.3367431740044,0.17453690772140285,0.23009033501148224,,,,,,,,0.0078125,0.8028618693351746,0.07192280680124638,-0.0043225628563103745,0.3227247893810272
18276352,3129.478063827002,0.030554587687374426,0.2637695372104645,,,,,,,,0.0,0.7248103022575378,0.1272866023372113,-0.00030685615854628373,13.696185111999512
18284544,3130.654888960009,0.031417918758886,0.23468017578125,0.005289102685577252,0.10324499529495887,0.1018024492699888,333,268.95770962489337,49.5,nan,0.0,0.8450611233711243,0.08716147704292888,0.007084380084629489,2.3450088500976562
18292736,3132.702956288005,0.02598767003045256,0.2695556581020355,,,,,,,,0.0078125,0.719426155090332,0.08228941764569142,-0.002216100133466856,12.661688804626465
18300928,3133.8344610460044,0.060492786699256756,0.24359130859375,,,,,,,,0.0,0.7047386169433594,0.09677812934143541,-0.0019534646217798583,21.14081573486328
18309120,3134.8838547320047,0.0782038357228275,0.23952637612819672,,,,,,,,0.0078125,0.7526335716247559,0.07679896752204285,-0.004987870597843777,5.733634948730469
18317312,3136.1665901470114,0.03269514040962295,0.3176635801792145,,,,,,,,0.0,0.717361569404602,0.12528642929837566,-0.0009608420744931824,17.475555419921875
18325504,3137.4671656470164,0.02738450373787961,0.2655883729457855,,,,,,,,0.0,0.7950479984283447,0.08990799473883508,7.782829147624759e-05,9.663884162902832
18333696,3138.856839792017,0.04124901431078879,0.24152831733226776,,,,,,,,0.0078125,0.7394534945487976,0.07532873756161744,-0.004493920937265713,2.5606422424316406
18341888,3140.022707883996,0.017033662231158486,0.21097412705421448,,,,,,,,0.0,0.7278327941894531,0.11123838027684568,-0.0036232287458178984,39.10546112060547
18350080,3141.2208333790186,0.07688386963988243,0.2528930604457855,0.0034504852082021253,0.10699039203222357,0.10094400552548452,333,270.2540670343394,48.900000000000006,nan,0.0078125,0.7362225651741028,0.08337290402164482,-0.0043417823659778155,12.65683650970459
18358272,3143.3888979199983,0.020940631576293837,0.24786376953125,,,,,,,,0.0,0.6961207389831543,0.15651513255838262,0.00011063500761861753,21.4322566986084
18366464,3144.5054299879994,0.05033592809835672,0.31658935546875,,,,,,,,0.0,0.6963167786598206,0.10053647965436556,-0.001943366738593726,11.089523315429688
18374656,3145.675259105017,0.046061318268081936,0.2536865174770355,,,,,,,,0.0078125,0.6979752779006958,0.08329347652713603,0.002781008086856017,8.734140396118164
18382848,3146.899452654994,0.014355498514700055,0.18293456733226776,,,,,,,,0.0,0.6650032997131348,0.11732197473647274,-0.005240743026637265,65.7947769165039
18391040,3147.9907202619943,0.0256464097613259,0.21445313096046448,,,,,,,,0.0,0.5311073064804077,0.08192926723509024,-0.0013348985881362703,55.88640213012695
18399232,3149.1516995489947,0.017238279646107618,0.20441894233226776,,,,,,,,0.0078125,0.6635990142822266,0.07698286621084516,0.00014879465199915464,36.70746994018555
18407424,3150.2639478950005,0.021765102620901273,0.24385987222194672,,,,,,,,0.0,0.6614935398101807,0.09329606128978862,-0.005776026928884451,46.99493408203125
18415616,3151.4334915660147,0.055338346688237866,0.30592042207717896,0.003253353991081065,0.10421924570277076,0.10056190713941109,333,271.01324576015554,48.900000000000006,nan,0.0078125,0.6454120874404907,0.08382190468979878,0.005183872393816029,17.14008140563965
18423808,3153.5711484159983,0.020309520103271778,0.23442383110523224,,,,,,,,0.0,0.6829863786697388,0.12645167043840372,-0.0024720210670528945,49.35908126831055
18432000,3154.6896027330076,0.06559738392327728,0.31456300616264343,,,,,,,,0.0,0.6357808709144592,0.08940519676539255,0.0004602468623298443,23.731348037719727
18440192,3155.9682565670228,0.06147173304403946,0.31123048067092896,,,,,,,,0.0078125,0.6759307384490967,0.0809208935802951,0.0023967119227652606,7.325754642486572
18448384,3157.1239894340106,0.02594470236528261,0.2677856385707855,,,,,,,,0.0,0.7019503116607666,0.10946089165872101,-0.0019597940320371827,31.95136070251465
18456576,3158.2403539660154,0.047471253085112686,0.29899904131889343,,,,,,,,0.0078125,0.7545518279075623,0.07812464074840775,0.008037468300619521,17.237871170043945
18464768,3159.4250071360148,0.023435201108394605,0.26469728350639343,,,,,,,,0.0,0.7006157636642456,0.13359545156407626,0.0035102179556834134,41.3849983215332
18472960,3160.5295816340076,0.04958571630444833,0.37626954913139343,,,,,,,,0.0,0.7598035931587219,0.08172773775936117,-0.001103299154776925,16.626476287841797
18481152,3161.6242949200096,0.03415237505709805,0.2964721620082855,0.002030692026676495,0.10324711499686531,0.09925750952967571,333,270.7697397058671,48.900000000000006,nan,0.0078125,0.7730455994606018,0.0696111351354856,0.0038471674825636295,5.210633754730225
18489344,3163.7577707949968,0.021083129558818133,0.25560304522514343,,,,,,,,0.0,0.7133990526199341,0.11411935301092195,-0.0006450990477912178,60.382118225097656
18497536,3164.8742273340176,0.034477470622541764,0.27775880694389343,,,,,,,,0.0,0.6034592986106873,0.07253292807158734,0.0012747318973956442,35.49116134643555
18505728,3166.133116897021,0.02568689204401342,0.2590576112270355,,,,,,,,0.0078125,0.6652185320854187,0.06954781434262512,-7.499843463486788e-05,29.004308700561523
18513920,3167.4932444820006,0.016502447940397073,0.18854980170726776,,,,,,,,0.0,0.6110290288925171,0.09632399657364767,-0.0018845710378590068,76.8576889038086
18522112,3168.9512242200144,0.04769508037553501,0.27613526582717896,,,,,,,,0.0078125,0.5482059717178345,0.07160704857109183,0.002714163385858131,24.298330307006836
18530304,3170.107080565009,0.017391169708385768,0.21473388373851776,,,,,,,,0.0,0.6832318902015686,0.12199077723642406,-0.0014536709896702251,68.21602630615234
18538496,3171.269882788998,0.034021810390236155,0.2889404296875,,,,,,,,0.0,0.5421992540359497,0.07055247745203057,0.0010988313527108093,43.7471923828125
18546688,3172.4497242590005,0.024654494766559232,0.24746094644069672,0.0035762388384170674,0.1015065510677052,0.09842666761614444,333,271.1584189748861,49.5,nan,0.0078125,0.6364774107933044,0.06598789361115104,-0.00013660183183061698,17.990665435791016
18554880,3174.4908214769966,0.024041334819355983,0.26250001788139343,,,,,,,,0.0,0.7068134546279907,0.10640067328663973,0.00018919166526914155,43.8759765625
18563072,3175.6362145339954,0.0827539414899601,0.32896730303764343,,,,,,,,0.0078125,0.7029551267623901,0.07352702231300595,0.012073262802683,10.352469444274902
18571264,3176.8935724260227,0.023717835379467124,0.24782715737819672,,,,,,,,0.0,0.6898546814918518,0.14731601890868098,-0.0009870631748630742,38.216304779052734
18579456,3178.126613392,0.02254351307765753,0.25043946504592896,,,,,,,,0.0,0.5984888076782227,0.088808043337789,-0.004457083843979658,76.73866271972656
18587648,3179.3242012539995,0.04044013793515308,0.2823486328125,,,,,,,,0.0078125,0.6038645505905151,0.07599669685931859,0.005302250207104703,14.37708568572998
18595840,3180.469196666003,0.014428537296003657,0.16793213784694672,,,,,,,,0.0,0.6302570700645447,0.11251654218829396,-0.0017591773344691924,122.4811782836914
18604032,3181.6241304690193,0.023587670340062643,0.22810058295726776,,,,,,,,0.0,0.4749281704425812,0.08009774173205132,-0.0007752243709530045,65.01116943359375
18612224,3182.796938042011,0.022158699967246145,0.24505615234375,0.002586107126782866,0.10060311179490261,0.09694112633878098,333,271.432300122823,49.5,nan,0.0078125,0.6428568363189697,0.0758886936069746,0.0017542164113359023,59.88058090209961
18620416,3184.5374832210073,0.027922324849174146,0.27430421113967896,,,,,,,,0.0,0.6135826706886292,0.10201135976740718,0.001965645295293043,59.75745391845703
18628608,3185.695114985021,0.055232610901953465,0.3260864317417145,,,,,,,,0.0078125,0.6039199829101562,0.07737679372626255,0.01088780317552591,18.77710723876953
18636800,3186.8356166000012,0.019055293684314398,0.22982178628444672,,,,,,,,0.0,0.6904913783073425,0.13624482182368847,0.0007324940820929291,89.54650115966797
18644992,3187.890166338999,0.03518206377529334,0.3186889588832855,,,,,,,,0.0,0.5390777587890625,0.094035482368441,0.001760753239380977,38.20930099487305
18653184,3189.0524156570027,0.03665559289239994,0.3106445372104645,,,,,,,,0.0078125,0.6316105723381042,0.08330388103080266,0.0023062629384196947,37.451045989990234
18661376,3190.1893508170033,0.022142635172230002,0.2563720643520355,,,,,,,,0.0,0.5996777415275574,0.10486513198725667,-0.0015998901915779276,119.60371398925781
18669568,3191.322127387015,0.08171379638616526,0.29847413301467896,,,,,,,,0.0078125,0.36691731214523315,0.07267966957326037,0.011299553364343221,44.322540283203125
18677760,3192.4699528430065,0.020907567781205522,0.23634032905101776,0.001842973128012515,0.09936898088988548,0.0968212323911977,333,271.4603530582393,49.5,nan,0.0,0.6793015599250793,0.14976547347582383,0.0010659611291283034,77.86437225341797
18685952,3194.147992809012,0.021523625934654966,0.24542236328125,,,,,,,,0.0,0.4414539039134979,0.09488825263993851,-0.004304420096650287,129.26918029785156
18694144,3195.2191787970078,0.04327132172162465,0.27662354707717896,,,,,,,,0.0078125,0.40116649866104126,0.07718577465834814,0.005604684710175223,30.477752685546875
18702336,3196.5185466750117,0.018603953297214645,0.2235107421875,,,,,,,,0.0,0.6600418090820312,0.12018659691319916,-0.0006196006080845276,90.38101959228516
18710528,3197.71496793002,0.04268944040058539,0.3378662168979645,,,,,,,,0.0,0.4940977096557617,0.07960955504542588,0.003944936858267162,37.863555908203125
18718720,3199.0361357630172,0.027342027311134488,0.2819580137729645,,,,,,,,0.0078125,0.6341809034347534,0.07420032304700554,0.00044362136444936126,45.57125473022461
18726912,3200.078870719997,0.022237455412764194,0.24979248642921448,,,,,,,,0.0,0.6593189835548401,0.09645177149197023,-0.005671488133760621,62.13808822631836
18735104,3201.1616617969994,0.06440387844577213,0.31926271319389343,,,,,,,,0.0078125,0.5952496528625488,0.06338665931107167,0.014900583872514618,19.95783805847168
18743296,3202.2305093930045,0.01961933880185919,0.22855225205421448,0.0019314309386840867,0.0999691420738198,0.09760975166701633,333,270.77090196171616,49.5,nan,0.0,0.6938292980194092,0.13467732827377302,0.001472603141226229,65.11011505126953
18751488,3204.0544344310183,0.0689187890031661,0.3274780213832855,,,,,,,,0.0,0.590247392654419,0.08813147923273851,0.009867226358301227,45.86907196044922
18759680,3205.1088372649974,0.027776872950629108,0.26319581270217896,,,,,,,,0.0078125,0.6470019817352295,0.0777182604219504,0.0003577446153390146,23.32320213317871
18767872,3206.1754560180125,0.01892364009658059,0.23237304389476776,,,,,,,,0.0,0.7022192478179932,0.0959537561797068,-0.005041502072462988,82.48546600341797
18776064,3207.3470081319974,0.0360780615300952,0.26179200410842896,,,,,,,,0.0078125,0.6650360226631165,0.06903981338697823,0.002086716342798974,26.8999080657959
18784256,3208.419950397016,0.024278499649314042,0.26861572265625,,,,,,,,0.0,0.6999402642250061,0.15166464736589105,0.0063681460090211466,24.836790084838867
18792448,3209.444465147011,0.024779778406843242,0.2711547911167145,,,,,,,,0.0,0.7091280817985535,0.08881424945191027,-0.002380624259557172,60.52747344970703
18800640,3210.517031980009,0.039566267910425515,0.30841064453125,,,,,,,,0.0078125,0.6767323017120361,0.074228028119929,0.0029257741597350077,9.52586841583252
18808832,3211.586168525013,0.03695885198596177,0.29987794160842896,0.0018564588090450584,0.10414789689155887,0.10191727477841961,333,267.92945916583807,49.5,nan,0.0,0.7040071487426758,0.1226653428267324,0.0007659100584021983,41.04313278198242
18817024,3213.4813612390135,0.046261866378013744,0.23651123046875,,,,,,,,0.0,0.679397702217102,0.08882142049375878,-0.0011020608130557857,27.315961837768555
18825216,3214.5276725620206,0.027115833213393448,0.2855224609375,,,,,,,,0.0078125,0.694944441318512,0.08059900035777665,0.006273731354838884,8.127135276794434
18833408,3215.6569302770076,0.019622792001927316,0.23038330674171448,,,,,,,,0.0,0.7039878964424133,0.10028215531470414,-0.002830659135202016,69.11632537841797
18841600,3216.734713426995,0.11451494824656457,0.27342531085014343,,,,,,,,0.0078125,0.673564076423645,0.0753319457175571,0.00569095080355514,10.258445739746094
18849792,3217.8003398560104,0.025989896065441956,0.2828613221645355,,,,,,,,0.0,0.7146271467208862,0.14468225115644517,0.0028008978875670634,44.64082717895508
18857984,3218.833312614006,0.032154499833246086,0.3016601502895355,,,,,,,,0.0,0.7244303226470947,0.08277661015340185,0.0015214512992282657,31.557886123657227
18866176,3219.8973347980063,0.050071915481402524,0.28801271319389343,,,,,,,,0.0078125,0.6951231360435486,0.07832727748396819,-0.002215176114061979,3.728715658187866
18874368,3220.9643070879974,0.018207218177367413,0.22700195014476776,0.0026334109295335084,0.10609583235674899,0.10382454535554805,333,266.3886756232886,49.5,nan,0.0,0.74503493309021,0.11640817266821268,-0.006030347402317591,44.41267395019531
18882560,3222.7240680899995,0.10335024681258208,0.223876953125,,,,,,,,0.0078125,0.7643740177154541,0.08173388470567437,-0.009423406340806698,14.526595115661621
18890752,3223.7965394979983,0.030859976080501228,0.30792236328125,,,,,,,,0.0,0.6948065757751465,0.16143523828342726,0.006832437889649753,6.599617004394531
18898944,3224.759163965995,0.025883733182706,0.2837768495082855,,,,,,,,0.0,0.7228445410728455,0.10513568693803238,-0.002644551882085129,33.84870147705078
18907136,3225.8589144180005,0.10142469629520955,0.2812866270542145,,,,,,,,0.0078125,0.7156681418418884,0.08385733013388771,0.0016779455542482802,5.737683296203613
18915328,3227.1281307540194,0.021982585196233,0.24476318061351776,,,,,,,,0.0,0.7149449586868286,0.133630427173877,-0.0015826612606301632,42.071311950683594
18923520,3228.383740043995,0.09303576649022177,0.30389404296875,,,,,,,,0.0,0.6625134348869324,0.08083074029940085,0.00963917717021845,32.41016387939453
18931712,3229.499401565001,0.03234785181429765,0.28302001953125,,,,,,,,0.0078125,0.6840630769729614,0.07741709707633072,0.005152213750882447,6.130263805389404
18939904,3230.5780238080188,0.02315733996764788,0.26457521319389343,0.0010415417101486968,0.10760711988232674,0.1045582493571048,333,265.11180322714586,49.5,nan,0.0,0.7568978667259216,0.10080517891073905,-0.005222027201107368,31.665307998657227
18948096,3232.4329226750124,0.0704986447023378,0.28172609210014343,,,,,,,,0.0078125,0.7937333583831787,0.07609983981611061,0.002385414819598249,6.774893283843994
18956288,3233.5280618910037,0.026074194783490323,0.28498536348342896,,,,,,,,0.0,0.7143608927726746,0.14690076345772413,0.010970059890116561,0.3638281524181366
18964480,3234.5922428250196,0.020288091345500726,0.24274902045726776,,,,,,,,0.0,0.8494173288345337,0.09449717557145702,0.007822240143855994,0.10459981113672256
18972672,3235.6598127000034,0.017395821357585144,0.21987305581569672,,,,,,,,0.0078125,0.7805219292640686,0.0857115091229637,0.0038533452277566965,0.15192030370235443
18980864,3236.8335803009977,0.015044688765368769,0.19718018174171448,,,,,,,,0.0,0.729913055896759,0.11954154704325481,-0.004546813370217405,24.6167049407959
18989056,3238.002405453997,0.03810390807267159,0.17495118081569672,,,,,,,,0.0078125,0.7454768419265747,0.08472492948997856,-0.004125137678129637,11.218510627746582
18997248,3239.088043768017,0.018716412999969314,0.22834472358226776,,,,,,,,0.0,0.694668173789978,0.16401012114406383,0.004172932966097125,2.8150627613067627
19005440,3240.1388389710046,0.02500131117328674,0.24952392280101776,0.0016000371013710213,0.10973713993008699,0.10628696419861233,333,264.55256427417135,49.5,nan,0.0,0.7524266242980957,0.10007947424025256,-0.0010388636421493221,13.90250301361084
19013632,3241.991021309019,0.025643880706806305,0.23538818955421448,,,,,,,,0.0078125,0.7535868883132935,0.08195076358090563,-9.837210204413421e-05,2.4692704677581787
19021824,3243.0438322919945,0.02176672606034451,0.26361083984375,,,,,,,,0.0,0.7332140207290649,0.13761907073850613,-0.002649545684806553,11.062328338623047
19030016,3244.1186656840146,0.028306178418921458,0.26666259765625,,,,,,,,0.0,0.820062518119812,0.08933697208263348,-0.00013770876600859,6.9532036781311035
19038208,3245.215512535011,0.021789306352187822,0.23835448920726776,,,,,,,,0.0078125,0.7215100526809692,0.08608631002173522,0.0034734691157493006,1.0219429731369019
19046400,3246.269049655006,0.01843726714778044,0.23326416313648224,,,,,,,,0.0,0.7680554986000061,0.11400729723694858,-0.0037237385114092234,20.84552001953125
19054592,3247.311733020004,0.023125767044273764,0.21868896484375,,,,,,,,0.0078125,0.7911520004272461,0.0910461450199461,-0.0008801167388651893,3.024383544921875
19062784,3248.3673543879995,0.023437217111502463,0.27186280488967896,,,,,,,,0.0,0.7153559327125549,0.13901489038663697,0.002446285946935014,13.11999225616455
19070976,3249.351581315015,0.022323657706676773,0.24532471597194672,0.0018920685391857761,0.10902755888814658,0.10571763995826261,333,264.9737764485764,49.5,nan,0.0,0.826107919216156,0.09353632158168312,-0.0020229884395241387,7.339576721191406
19079168,3251.2939951920125,0.031997463352303794,0.22543945908546448,,,,,,,,0.0078125,0.7674580812454224,0.0792290025351313,-0.0042551678470944395,1.1559025049209595
19087360,3252.383675335004,0.03488144064689498,0.3371337950229645,,,,,,,,0.0,0.7507551908493042,0.1197512441932337,-0.003932795465124288,10.128752708435059
19095552,3253.4522916169954,0.1961389612541684,0.19561767578125,,,,,,,,0.0078125,0.8401104807853699,0.08455560052936639,-0.00468246417015627,4.498486518859863
19103744,3254.557014409016,0.02689299090375981,0.2908081114292145,,,,,,,,0.0,0.6953490376472473,0.1548346310533885,0.004162627429652272,2.8354549407958984
19111936,3255.5852830939984,0.030883500297473377,0.2738037109375,,,,,,,,0.0,0.7799959778785706,0.07727970956442322,-0.006750734238725462,19.22602653503418
19120128,3256.8413762620185,0.04143398675415964,0.23206786811351776,,,,,,,,0.0078125,0.7712356448173523,0.07158877279004758,0.0009591990985865679,3.3797976970672607
19128320,3258.116925110022,0.03563151070397524,0.3395629823207855,,,,,,,,0.0,0.7328051328659058,0.13295329429615238,0.000994249557877234,4.954923629760742
19136512,3259.2722032500023,0.024310634356200272,0.25799560546875,0.0018348664746939969,0.10753341057270709,0.1040604961761248,333,266.25021133306143,49.5,nan,0.0,0.8605771660804749,0.09231710092156961,0.00011897835287264843,1.4564831256866455
19144704,3261.2123980089964,0.02581177096093459,0.28289794921875,,,,,,,,0.0078125,0.7367143630981445,0.08970223580605831,0.0022870857859239517,3.97868275642395
19152896,3262.2788862239977,0.022375313216087815,0.24766846001148224,,,,,,,,0.0,0.7424821853637695,0.10848405379351535,-0.0032126696967954404,14.990139961242676
19161088,3263.2774830420094,0.0318228407371236,0.2525878846645355,,,,,,,,0.0078125,0.7963836193084717,0.08677583448699244,0.0031896202099046854,4.980445384979248
19169280,3264.35621628401,0.03048518078442048,0.3145507872104645,,,,,,,,0.0,0.7131778001785278,0.14201913496636157,0.0007731050431385165,13.133811950683594
19177472,3265.4304875520174,0.03258236505787761,0.32056885957717896,,,,,,,,0.0,0.7950258255004883,0.09699644204576408,-0.004334821101711849,4.7934441566467285
19185664,3266.482151186996,0.06243555478365747,0.26624757051467896,,,,,,,,0.0078125,0.7475011944770813,0.08661010671564012,0.0034173439678987965,1.8512938022613525
19193856,3267.527196069015,0.025478661834338803,0.29084473848342896,,,,,,,,0.0,0.7554014921188354,0.12533190084900273,0.0009343803135381797,6.001336574554443
19202048,3268.586920735019,0.449433659301542,0.22675780951976776,0.0028907749244545533,0.10949327968891337,0.10656344281744157,333,264.64853333158305,49.35,nan,0.0,0.8665053844451904,0.09147917357340413,0.010222721317876902,0.4985515773296356
19210240,3270.541863429011,0.025332937400311784,0.28889161348342896,,,,,,,,0.0078125,0.6959110498428345,0.09471519094097788,0.0029110630387425363,0.9703251123428345
19218432,3271.5892794110114,0.022032470168590966,0.24091796576976776,,,,,,,,0.0,0.8032810091972351,0.10923387450581247,0.0018420722736212612,2.2146055698394775
19226624,3272.653501505003,0.020271825120918314,0.21555176377296448,,,,,,,,0.0078125,0.8131141662597656,0.09307021414120373,0.002877408046105156,0.4255843162536621
19234816,3273.6640671910136,0.020304745615978916,0.24674072861671448,,,,,,,,0.0,0.7273801565170288,0.13240808569209572,-0.00038183534800212513,14.970952033996582
19243008,3274.8172737350105,0.04776684714990717,0.218017578125,,,,,,,,0.0,0.7711724042892456,0.0924802521324341,-0.002363782332304493,3.48051118850708
19251200,3275.8926327710215,0.034455191902443304,0.22165527939796448,,,,,,,,0.0078125,0.7153722047805786,0.0883933333681829,-0.006660745540538683,1.4892877340316772
19259392,3276.9429278860043,0.01781925146723037,0.22044678032398224,,,,,,,,0.0,0.7801713347434998,0.11340954853060245,-0.002384115516766712,10.126927375793457
19267584,3277.9939191970043,0.0686057137294661,0.24492187798023224,0.0008848354013728521,0.11540196506886863,0.11068114291860129,333,263.5691827950368,48.900000000000006,nan,0.0078125,0.8386402130126953,0.08617737567727429,-0.0022267764656798265,0.3219958245754242
19275776,3279.8398461909965,0.020980751209695503,0.25218507647514343,,,,,,,,0.0,0.7108297348022461,0.15435179669876303,0.005299193828737291,0.31770506501197815
19283968,3280.8510184740007,0.016596324520863123,0.20622558891773224,,,,,,,,0.0,0.8393573760986328,0.10225209388672929,0.0050450716372506844,0.06934479624032974
19292160,3281.9384857330006,0.01788638936916852,0.22199706733226776,,,,,,,,0.0078125,0.7802239060401917,0.0892499647166312,0.003053678266781942,0.05683646351099014
19300352,3282.9947776110203,0.02335394090896542,0.27467042207717896,,,,,,,,0.0,0.7507101893424988,0.1314500492483434,-0.0026846240338726517,2.4167122840881348
19308544,3284.121217260021,0.019837717322207835,0.20620118081569672,,,,,,,,0.0,0.8775762319564819,0.0866400471670461,0.0008962153970829215,0.2959565818309784
19316736,3285.112375560013,0.016412252741072175,0.20883789658546448,,,,,,,,0.0078125,0.6966142058372498,0.08930484085353423,0.0015080590624078176,0.15151827037334442
19324928,3286.2004027329967,0.019913751152789965,0.247314453125,,,,,,,,0.0,0.811596691608429,0.10963554165971962,-0.004873356687776796,1.2493149042129517
19333120,3287.4859873320092,0.03750769722588901,0.20070801675319672,0.0027136369421115747,0.11495522371855826,0.1104934664861449,333,263.2123786944164,49.800000000000004,nan,0.0078125,0.8025303483009338,0.09090609562830365,-0.007800706526558659,0.8121488690376282
19341312,3289.5249472930154,0.01998832203189116,0.24467773735523224,,,,,,,,0.0,0.733831524848938,0.13280698998470294,0.0005805126231184045,0.8153226971626282
19349504,3290.5833891420043,0.014937454744320755,0.19265137612819672,,,,,,,,0.0,0.86835116147995,0.09073359079083025,0.0015042338139546333,0.15608611702919006
19357696,3291.6807163910125,0.016120347214022796,0.20888672769069672,,,,,,,,0.0078125,0.7394343614578247,0.0903138892600777,0.00274399813828273,0.0705409049987793
19365888,3292.739596336003,0.015053033899023982,0.19216309487819672,,,,,,,,0.0,0.7857382297515869,0.11434566501491061,0.002749799184815766,0.08997612446546555
19374080,3293.787587927014,0.015959893586537238,0.20615234971046448,,,,,,,,0.0078125,0.8642761707305908,0.08971867310289484,0.003704408461248747,0.0431324802339077
19382272,3294.8275927060167,0.014470883317768891,0.19041748344898224,,,,,,,,0.0,0.7116713523864746,0.15136182073222632,0.00147369832722485,0.11074274778366089
19390464,3295.893198088015,0.023723079458000302,0.21112060546875,,,,,,,,0.0,0.8323212265968323,0.10347681010856492,8.750033524308503e-05,1.055118441581726
19398656,3297.04886993501,0.04670932775220898,0.17515869438648224,0.001360205771160583,0.11653111530880422,0.11029746092918108,333,263.9608553546143,48.900000000000006,nan,0.0078125,0.7623813152313232,0.09051727140668286,-0.008504220559099955,0.5553634762763977
19406848,3298.974337304011,0.0202243491576573,0.22012940049171448,,,,,,,,0.0,0.7463007569313049,0.12848205221209413,-0.005154854808927337,11.003288269042969
19415040,3300.0518816139956,0.09340832901659962,0.1810302734375,,,,,,,,0.0,0.8315718173980713,0.09207223461246729,-0.008427880491107634,1.3263766765594482
19423232,3301.137844922021,0.01764648003090793,0.21694336831569672,,,,,,,,0.0078125,0.6994805932044983,0.09096581665752246,0.0011677634502902739,2.472355604171753
19431424,3302.171605445008,0.02994192895606054,0.2597412168979645,,,,,,,,0.0,0.8019655346870422,0.11093505702351307,-0.001170117173599166,4.067716121673584
19439616,3303.230035104003,0.04974871179944079,0.20827637612819672,,,,,,,,0.0078125,0.8166275024414062,0.08709405017061508,0.002719526526820045,0.8719576001167297
19447808,3304.272092316998,0.019073232303909546,0.23249511420726776,,,,,,,,0.0,0.7332725524902344,0.13811922063000223,0.0028939731268928432,0.12417145818471909
19456000,3305.3936565820186,0.016522332977522976,0.21588134765625,,,,,,,,0.0,0.8673029541969299,0.09747299628543486,0.002517538476392252,0.06722009181976318
19464192,3306.4667966470006,0.018444826864266458,0.22749023139476776,0.002376268694973871,0.11803978268181878,0.11090393206134386,333,263.69809571117776,48.900000000000006,nan,0.0078125,0.741185188293457,0.09264794831222906,0.0026696157937260365,0.057039279490709305
19472384,3308.196019193012,0.015811379017386336,0.20417480170726776,,,,,,,,0.0,0.7857668995857239,0.11442013004442031,0.0008837408308184961,0.09419230371713638
19480576,3309.2021845200215,0.016723161545338077,0.21320800483226776,,,,,,,,0.0078125,0.865064263343811,0.09265864991834358,0.0023878277348687695,0.04255073145031929
19488768,3310.189135170018,0.017560650450306404,0.22446289658546448,,,,,,,,0.0,0.709611177444458,0.14695442736341913,0.0018699012039711399,0.6320421099662781
19496960,3311.2463715620106,0.015676093759600326,0.20700684189796448,,,,,,,,0.0,0.840432345867157,0.10087525760696052,0.001338738868247417,0.0670713409781456
19505152,3312.3364276670036,0.018065484638777825,0.22325439751148224,,,,,,,,0.0078125,0.7845790982246399,0.08844498364452114,0.0025378536753282556,0.04424511641263962
19513344,3313.370312551997,0.023249108293119894,0.26289063692092896,,,,,,,,0.0,0.7389602661132812,0.12626350055557167,-0.00546952555121353,10.945550918579102
19521536,3314.4517457380134,0.42288726830976286,0.16481934487819672,,,,,,,,0.0,0.7862996459007263,0.09072591873124315,-0.006106166648185959,6.0036845207214355
19529728,3315.515090461995,0.020250306922583734,0.22808837890625,0.0014293666910407676,0.11765654978463362,0.10993508704674676,333,264.04900504676385,48.900000000000006,nan,0.0078125,0.6972760558128357,0.08925437807401439,-0.0011792445000015442,0.5564748644828796
19537920,3317.672220096021,0.0287873629049214,0.24000243842601776,,,,,,,,0.0,0.7833457589149475,0.10926771604775065,-0.0034921420950538283,6.55208158493042
19546112,3318.948348260019,0.05031008446682124,0.24735108017921448,,,,,,,,0.0078125,0.7928143739700317,0.08690611695653465,-0.0038231937360100297,0.6874914169311523
19554304,3319.9788549060177,0.014426803419888957,0.18988037109375,,,,,,,,0.0,0.7158682942390442,0.13642696500566873,-0.0047310203706756844,24.56794548034668
19562496,3321.00383236201,0.025969936265058155,0.21092529594898224,,,,,,,,0.0,0.7109444737434387,0.09735275403078253,-0.007462610635781266,20.85053825378418
19570688,3322.0837245870207,0.026556829010993238,0.22319336235523224,,,,,,,,0.0078125,0.6917551159858704,0.0914689463232834,5.717465165441362e-05,3.5594184398651123
19578880,3323.0973257680016,0.016140623510879745,0.19927978515625,,,,,,,,0.0,0.7536173462867737,0.11080735259694907,-0.004455246721870786,21.696386337280273
19587072,3324.206203976006,0.037556985237424095,0.20827637612819672,,,,,,,,0.0078125,0.793120801448822,0.09070178845871192,-0.001125664526226614,3.2998440265655518
19595264,3325.2794496330025,0.021471615155350184,0.2501220703125,0.0029255054571349914,0.11698953845441759,0.10789196381961363,333,265.4502275342269,48.900000000000006,nan,0.0,0.7034530639648438,0.14391096597634934,-0.0018155652473779461,27.76679801940918
19603456,3327.242151014012,0.02944315971132902,0.29371339082717896,,,,,,,,0.0,0.7845255732536316,0.0979344775706758,-0.001395167425284724,6.4191575050354
19611648,3328.4343547160097,0.030305055925501864,0.24859619140625,,,,,,,,0.0078125,0.7539662718772888,0.08819922929841008,0.0012636670654809857,0.8738052248954773
19619840,3329.512571930012,0.025416560327228496,0.27241212129592896,,,,,,,,0.0,0.7482283115386963,0.1293905857313072,-0.0035187121492302772,18.181392669677734
19628032,3330.561494875001,0.04414324024688005,0.230712890625,,,,,,,,0.0,0.7788565158843994,0.092016279990411,-0.0020359272094880396,7.214902400970459
19636224,3331.5845700670034,0.020682792179685702,0.24653320014476776,,,,,,,,0.0078125,0.6994143128395081,0.09142503207823949,0.0007249068102426286,16.798662185668945
19644416,3332.6329642500204,0.018841878526944564,0.22043457627296448,,,,,,,,0.0,0.7876994013786316,0.092474145136952,0.00029719853450110807,21.846113204956055
19652608,3333.6648268430145,0.0664330133649944,0.273681640625,,,,,,,,0.0078125,0.7939803004264832,0.07703375897699333,0.00465686999022196,1.6517763137817383
19660800,3334.639985140995,0.017540413115383607,0.22084961831569672,0.0027461879767792796,0.11517022666539857,0.10812473917619214,333,265.3312405451113,48.900000000000006,nan,0.0,0.7236279845237732,0.12640101667362427,-0.0015460372093282753,28.986597061157227
19668992,3336.525290286023,0.03319240150252411,0.24045410752296448,,,,,,,,0.0,0.7449431419372559,0.08502729645965713,0.0022738202392958624,12.41712760925293
19677184,3337.625294355006,0.03608766729455367,0.2845214903354645,,,,,,,,0.0078125,0.7112640142440796,0.08056078921563307,0.00018364904212412735,4.7466888427734375
19685376,3338.6868604530173,0.020721774004043927,0.24727784097194672,,,,,,,,0.0,0.7373175621032715,0.10158277059564393,-0.005026099791184579,30.620025634765625
19693568,3339.717770003015,0.034466077153184616,0.21732178330421448,,,,,,,,0.0078125,0.7563366889953613,0.07650204534424954,0.000674439589977635,7.0028605461120605
19701760,3340.7542542449955,0.0365305849260335,0.34270021319389343,,,,,,,,0.0,0.7077065706253052,0.15188330978689096,0.0016133241848024925,12.085448265075684
19709952,3341.814063252008,0.03126967839870922,0.31346437335014343,,,,,,,,0.0,0.8226823210716248,0.09240911119985297,-0.002746895328720285,9.545220375061035
19718144,3342.8972999740217,0.02944214416636054,0.26850587129592896,,,,,,,,0.0078125,0.778082549571991,0.07886765854221109,0.002478172432847579,1.0551446676254272
19726336,3343.928762922995,0.02050162720863331,0.23521728813648224,0.0014710190978830529,0.11368970985900186,0.10580827048832346,333,266.96931249034793,48.900000000000006,nan,0.0,0.7068787813186646,0.12273120699000332,-0.004525886363921644,26.103063583374023
19734528,3345.9506638040184,0.12049500820166073,0.23283691704273224,,,,,,,,0.0,0.659669041633606,0.08847234534862944,0.005949868558486828,22.033029556274414
19742720,3347.2011095049966,0.02186923018250088,0.25117188692092896,,,,,,,,0.0078125,0.6902941465377808,0.08845821670100781,-0.001854344522995027,12.248225212097168
19750912,3348.553105979023,0.01731934691724859,0.22116699814796448,,,,,,,,0.0,0.749755859375,0.09830255385954535,-0.006788648946642811,36.48003005981445
19759104,3349.663914035016,0.03958935741501021,0.31322023272514343,,,,,,,,0.0078125,0.7320608496665955,0.08762082997251314,0.00564468437330898,5.255843162536621
19767296,3350.741698808997,0.025760880571689716,0.2716430723667145,,,,,,,,0.0,0.7198746800422668,0.11825978523065621,-0.0027048565388618565,19.430526733398438
19775488,3351.8429148780124,0.10289174642136237,0.2776245176792145,,,,,,,,0.0,0.7449084520339966,0.09142276061974139,-0.0008050805455016675,10.434051513671875
19783680,3352.931756275997,0.025915742597872028,0.24664306640625,,,,,,,,0.0078125,0.6991327404975891,0.08695625343884976,3.4463832535447035e-06,6.835026741027832
19791872,3353.9955673420045,0.02048691621023611,0.23081055283546448,0.001368797778008246,0.11111418050258304,0.1054246760705014,333,267.1474849380282,48.900000000000006,nan,0.0,0.76068514585495,0.09835003930877284,-0.00513344064071359,36.85004806518555
19800064,3355.9461117750034,0.025727340000413837,0.23507080972194672,,,,,,,,0.0078125,0.8129045963287354,0.07474611421025953,0.0022111402139052987,4.41652250289917
19808256,3357.1059787390113,0.022029555792939165,0.2553344666957855,,,,,,,,0.0,0.7059357762336731,0.1503134899497279,-0.00012320125033122282,11.482367515563965
19816448,3358.1347901819972,0.05700201730861215,0.35224610567092896,,,,,,,,0.0,0.7959145903587341,0.09403671121955343,-0.0005272354579854738,8.735051155090332
19824640,3359.1680942350067,0.033836760391123426,0.22495117783546448,,,,,,,,0.0078125,0.7547746896743774,0.08306284063405171,0.0007711800864511906,1.8058658838272095
19832832,3360.2206725400174,0.02147433073546488,0.2501220703125,,,,,,,,0.0,0.7307442426681519,0.11522975310913383,-0.003076543381332206,33.80416488647461
19841024,3361.2481258870102,0.023469297740737798,0.23959961533546448,,,,,,,,0.0,0.7663589715957642,0.07941797854856153,-0.004662499528641554,15.677156448364258
19849216,3362.3591723779973,0.022449637887821533,0.25946044921875,,,,,,,,0.0078125,0.6943014860153198,0.07727183205388619,-0.0006077371606218218,15.596091270446777
19857408,3363.416044639016,0.028699077838491363,0.2574829161167145,0.0019312769162403987,0.11306110552730302,0.1059042176359378,333,267.2667795787379,48.900000000000006,nan,0.0,0.6712846159934998,0.10750949594703871,-0.0018999821191312636,28.723480224609375
19865600,3365.135729914997,0.03735705486387162,0.24757079780101776,,,,,,,,0.0078125,0.7010433673858643,0.0878170881296279,0.006999766664849247,9.539904594421387
19873792,3366.284584559995,0.023111505119782216,0.26594239473342896,,,,,,,,0.0,0.7254955172538757,0.12933335322442824,-0.0013564989903094248,26.496259689331055
19881984,3367.3290868439944,0.041644130181169914,0.28846436738967896,,,,,,,,0.0,0.7508291006088257,0.08289891629684099,-0.0037409376891627205,19.436986923217773
19890176,3368.371126651007,0.03858707003533453,0.33527833223342896,,,,,,,,0.0078125,0.7048807144165039,0.08608935547335536,0.006156983345371153,5.203732013702393
19898368,3369.4571058910224,0.01548069320153283,0.19969482719898224,,,,,,,,0.0,0.674316942691803,0.10533106896242432,-0.006958181543656719,77.8333969116211
19906560,3370.5104149440012,0.05995533060686984,0.27344971895217896,,,,,,,,0.0078125,0.5770581364631653,0.08462481764864277,0.01109366068684107,18.985746383666992
19914752,3371.5263679490017,0.022981284033567285,0.26842042803764343,,,,,,,,0.0,0.6973433494567871,0.15161852606189002,-0.0007947946080327271,23.711917877197266
19922944,3372.5824861520086,0.047357659802964365,0.29356691241264343,0.0024459674246373186,0.1088623895969897,0.10390023028963351,333,268.26194456794315,49.800000000000004,nan,0.0,0.7457694411277771,0.09168182292556727,0.0027718215846256437,16.369306564331055
19931136,3374.3850508629985,0.03412156245753325,0.2801269590854645,,,,,,,,0.0078125,0.7504196166992188,0.07954477361343949,0.0016753282543425204,1.8785148859024048
19939328,3375.42570843501,0.015223071542301632,0.19208984076976776,,,,,,,,0.0,0.7246644496917725,0.11142305515299333,-0.0036919653290669314,60.31608200073242
19947520,3376.673007976002,0.0317897731954531,0.2706054747104645,,,,,,,,0.0,0.7618180513381958,0.0687590732325304,-0.0027129704398880495,13.908105850219727
19955712,3377.9144638680154,0.03734756556793439,0.3362060487270355,,,,,,,,0.0078125,0.6962140202522278,0.06839733495768113,0.004150530409692025,10.005290031433105
19963904,3379.129211512016,0.023664496398096226,0.2661987245082855,,,,,,,,0.0,0.7121036052703857,0.10503185487904214,-0.007101231014279172,43.57691955566406
19972096,3380.2567771320173,0.23274304332552798,0.2491455078125,,,,,,,,0.0078125,0.6824097633361816,0.0867737218490324,-0.00796700622710936,10.222466468811035
19980288,3381.332887633005,0.03907893559386217,0.35028076171875,,,,,,,,0.0,0.7295379638671875,0.13361804888149353,0.0023637500945383975,14.372627258300781
19988480,3382.392953331,0.03321038140970153,0.3216919004917145,0.0008536331129114227,0.10679925578748573,0.10396412993806403,333,266.65218236180726,49.650000000000006,nan,0.0,0.8007752299308777,0.0889318507552884,-0.0009308573420558543,16.3034725189209
19996672,3384.3662948220153,0.042765178945014415,0.34180909395217896,0.0007014715626716406,0.10635724447442575,0.10439767874534146,333,266.1104840833232,49.5,nan,0.0078125,0.7258760333061218,0.08440984567316784,-0.0003072810001587451,2.9792001247406006
