step,wall,approx_kl,clip_frac,eval_1mU_at_best,eval_JT_end,eval_JT_min,eval_len,eval_return,eval_t_JT_min,eval_t_first_PE,frac_done,mean_reward,min_JT,pg_loss,v_loss
8192,3.7463237220072187,0.007114854549392266,0.09508056938648224,,,,,,,,0.0,-4.620864391326904,0.10792525947637456,-0.018055056291823916,5020.56787109375
16384,5.419059714011382,0.004789085462043566,0.06032714992761612,,,,,,,,0.0,-3.968205451965332,0.13547286112967902,-0.015096955657798242,2571.085693359375
24576,6.456890611996641,0.0054233867723028585,0.06307373195886612,,,,,,,,0.0078125,-3.331813097000122,0.11951752805125593,-0.011599900545857604,969.8046875
32768,7.528448398021283,0.008224283027555372,0.10174560546875,,,,,,,,0.0,-2.858264923095703,0.1577112271261647,-0.017831371743405693,479.31427001953125
40960,8.522681032016408,0.00899550978082615,0.10004883259534836,,,,,,,,0.0,-2.34428071975708,0.1404401012546463,-0.015789999622129697,237.99864196777344
49152,9.549057629017625,0.006380693986733682,0.06601562350988388,,,,,,,,0.0078125,-1.8448295593261719,0.14317956340670288,-0.011274286606384765,245.9904327392578
57344,10.54006837902125,0.01098842470456557,0.125244140625,,,,,,,,0.0,-1.645097255706787,0.11253825373702812,-0.018299537376937007,89.318115234375
65536,11.73152198101161,0.004669242435882609,0.04537353664636612,0.0018645590002526191,0.22113529095625267,0.21467734380432843,333,219.0617134242445,49.650000000000006,nan,0.0078125,-1.3407888412475586,0.13501609692564778,-0.007642245781991253,187.60374450683594
73728,14.15456055602408,0.00911113570919656,0.08952637016773224,,,,,,,,0.0,-1.077349305152893,0.09528429959775031,-0.013457700496790721,57.9626579284668
81920,15.141169237002032,0.008105729282833282,0.08050537109375,,,,,,,,0.0,-0.9828028082847595,0.08516148902601278,-0.011747214065825974,51.349334716796875
90112,16.1592675660213,0.003516104615607049,0.03126220777630806,,,,,,,,0.0078125,-0.6649774312973022,0.12435794155338402,-0.004782850225496139,117.38372039794922
98304,17.543442155001685,0.00784227259259577,0.072265625,,,,,,,,0.0,-0.7284900546073914,0.1244324507063419,-0.01143727723044456,44.88883972167969
106496,18.586850485007744,0.008873374216817219,0.09371338039636612,,,,,,,,0.0,-0.6426761746406555,0.09490387347576958,-0.01366693300177868,32.696868896484375
114688,19.646334794000722,0.006168283239684822,0.06081543117761612,,,,,,,,0.0078125,-0.2903306186199188,0.1686949257350896,-0.00818645405883009,39.06245040893555
122880,20.66791043500416,0.007448514898786943,0.07353515923023224,,,,,,,,0.0,-0.4077068269252777,0.13836406464598378,-0.010865814957303875,28.05579948425293
131072,21.741146810003556,0.007768191569234283,0.08006592094898224,0.0021995630295092994,0.22160602747656397,0.21479212519888075,333,218.919730573395,48.45,nan,0.0078125,-0.20924270153045654,0.08640188348705222,-0.011665231231501452,24.49297523498535
139264,22.927531749999616,0.0064588252485501905,0.06185302883386612,,,,,,,,0.0,-0.108197882771492,0.17504346643658636,-0.0076149589620798375,23.81207847595215
147456,24.096641664014896,0.005909831532009423,0.05733642727136612,,,,,,,,0.0,-0.0833459347486496,0.16253143886185054,-0.007914929258511253,18.24962615966797
155648,25.282433920016047,0.0065766870440042745,0.06251221150159836,,,,,,,,0.0078125,0.09065474569797516,0.1427653293805967,-0.009314495585789976,18.95859718322754
163840,26.330586551019223,0.0055577748599702805,0.05472412332892418,,,,,,,,0.0,0.07151298224925995,0.11880333231352574,-0.006573235540644837,14.658706665039062
172032,27.407267617003527,0.005862640193750828,0.05596923828125,,,,,,,,0.0078125,0.10588274896144867,0.16793527754376866,-0.008745011612801374,12.201224327087402
180224,28.417419737001183,0.006726215367546382,0.07160644978284836,,,,,,,,0.0,0.25975459814071655,0.1514007382131513,-0.007881309311602242,11.428206443786621
188416,29.54893354300293,0.004926125944405374,0.04683838039636612,,,,,,,,0.0,0.22078107297420502,0.14015477663898035,-0.005101938598430618,11.512506484985352
196608,30.62044553400483,0.005899539537799721,0.05563965067267418,0.0018825384006948553,0.2182130250806687,0.21477888574105672,333,218.67781188864714,32.25,nan,0.0078125,0.32916921377182007,0.15589778138619362,-0.007257826718251196,9.007928848266602
204800,31.66041633801069,0.0049221601429849,0.04400634765625,,,,,,,,0.0,0.35032132267951965,0.15181065231090077,-0.0062694839861582785,9.61055850982666
212992,32.691486538999015,0.005010676828257035,0.04885254055261612,,,,,,,,0.0,0.2826738655567169,0.1712368963774867,-0.005284659049942871,6.31291389465332
221184,33.78278134201537,0.005799729615347744,0.06007080152630806,,,,,,,,0.0078125,0.4488835334777832,0.19501911344638018,-0.005445623607322033,4.9182844161987305
229376,34.85386850399664,0.00430818567258211,0.03969726711511612,,,,,,,,0.0,0.37180599570274353,0.15856133330145278,-0.004172117298935156,5.725564002990723
237568,35.9288267219963,0.004314053716563085,0.04237060621380806,,,,,,,,0.0078125,0.4089885950088501,0.18124414064457367,-0.004173983992274641,4.56178617477417
245760,36.93811207902036,0.004417625606179221,0.04173583909869194,,,,,,,,0.0,0.47330403327941895,0.18718741429310765,-0.004535446189992886,3.0205845832824707
253952,37.977719398011686,0.003870427320226949,0.03748779371380806,,,,,,,,0.0,0.40107765793800354,0.12749960352274398,-0.0027260864853658616,3.932157278060913
262144,39.00421535701025,0.004505806382666905,0.04328613355755806,0.0020455907447614052,0.21626347731150478,0.21497239395539477,333,219.16551800580834,35.7,nan,0.0078125,0.51486736536026,0.14760155950592727,-0.004344008883601635,2.1298654079437256
270336,40.06543104501907,0.00369734347674505,0.03237304836511612,,,,,,,,0.0,0.45482364296913147,0.1459132449601579,-0.0026549504393165355,3.050858974456787
278528,41.097150175017305,0.003591426727227471,0.03306884691119194,,,,,,,,0.0078125,0.42737284302711487,0.18507769107160263,-0.0023834909548334244,3.0689637660980225
286720,42.195442922005896,0.004981873842441882,0.05177002027630806,,,,,,,,0.0,0.5372395515441895,0.19020668998192014,-0.004494684343149902,1.2837183475494385
294912,43.24645477600279,0.0037453685445300584,0.03553466871380806,,,,,,,,0.0,0.4674544036388397,0.15102437692718004,-0.002732776254165174,3.0167484283447266
303104,44.55055133200949,0.003446539841923876,0.02867431752383709,,,,,,,,0.0078125,0.5147939324378967,0.16004620968679356,-0.00281721445309995,1.6947208642959595
311296,45.740459231019486,0.004879187674516199,0.05252685770392418,,,,,,,,0.0,0.5206122994422913,0.17654146296585593,-0.004074012888248756,1.6010414361953735
319488,46.7935273280018,0.00417071527658066,0.03929443284869194,,,,,,,,0.0,0.45898211002349854,0.15702897595208518,-0.0027408330436485104,2.5336761474609375
327680,47.94061838201014,0.0036597589795008935,0.03383789211511612,0.0016998066038471649,0.22132885721840698,0.21490300789108194,333,218.86504825103583,21.75,nan,0.0078125,0.5806066989898682,0.1559868690162126,-0.0019172871404695823,0.641678512096405
335872,49.03558882500511,0.0035669413632539743,0.031982421875,,,,,,,,0.0,0.509707510471344,0.17842667394795586,-0.0022927561258589703,1.5909610986709595
344064,50.07535890099825,0.00420989324972077,0.04212646558880806,,,,,,,,0.0078125,0.5235549211502075,0.14638634973614278,-0.002375789593518591,1.7849953174591064
352256,51.14238356600981,0.004787602776571027,0.04903564602136612,,,,,,,,0.0,0.5529801249504089,0.19200758868071383,-0.004390377207241901,1.067024827003479
360448,52.168343046010705,0.0035626956487501723,0.03208008036017418,,,,,,,,0.0,0.49650123715400696,0.16633648242876062,-0.0024233445689757532,1.8206535577774048
368640,53.3615273120231,0.004975504032862486,0.05349121242761612,,,,,,,,0.0078125,0.5725374221801758,0.17158014901090132,-0.004225953043294169,0.692121684551239
376832,54.47427824602346,0.003875666683307838,0.03760986402630806,,,,,,,,0.0,0.5407662987709045,0.18136365370615457,-0.0016561905559120363,1.0841223001480103
385024,55.61788312002318,0.00454126230697627,0.05032959207892418,,,,,,,,0.0078125,0.5222681760787964,0.1675981012477345,-0.003654843830378599,1.2045568227767944
393216,56.733413423004095,0.00547777834320378,0.05765381082892418,0.0012811730359879592,0.22080790901032848,0.21494176159243294,333,218.78782495964086,46.2,nan,0.0,0.5787737369537354,0.18646911164411697,-0.003854055085218246,0.4939582049846649
401408,57.806906900019385,0.004155263836337159,0.04163818433880806,,,,,,,,0.0,0.5274427533149719,0.15999360743038332,-0.0026381110554173776,1.2036789655685425
409600,58.841475065011764,0.004743989357787586,0.0516357421875,,,,,,,,0.0078125,0.564153790473938,0.15381917425312036,-0.0030979584342205654,0.7320183515548706
417792,59.8666321769997,0.003510695855107838,0.03350830078125,,,,,,,,0.0,0.5671675205230713,0.17595462143541307,-0.0015390139267092656,0.744628369808197
425984,60.90157881099731,0.003727209715969582,0.0355224609375,,,,,,,,0.0,0.5182332992553711,0.17781662067930665,-0.00326343230848619,1.4746631383895874
434176,62.09332349401666,0.005199912063515924,0.05921630933880806,,,,,,,,0.0078125,0.6080242395401001,0.19620034961921032,-0.0038027335653586115,0.23380665481090546
442368,63.11316619600984,0.004126706862484869,0.03950195387005806,,,,,,,,0.0,0.5471000671386719,0.18535208009671478,-0.0026605969289680807,1.1815000772476196
450560,64.15427334202104,0.004352277133046419,0.04511718824505806,,,,,,,,0.0078125,0.5540902018547058,0.1836376545344421,-0.0032926174384872043,1.0736509561538696
458752,65.19467663500109,0.003952382715095583,0.03577880933880806,0.0017387739987394513,0.22051718094057313,0.2147865953106931,333,219.0265120554654,49.650000000000006,nan,0.0,0.5844207406044006,0.19560856816319555,-0.001550992550449571,0.47162896394729614
466944,66.31921200201032,0.0029627239957428896,0.02346191368997097,,,,,,,,0.0,0.5327116847038269,0.17979874274611835,-0.0012340450196396844,1.400586485862732
475136,67.45581247701193,0.00443184421629783,0.04718017578125,,,,,,,,0.0078125,0.6000947952270508,0.17548724285446188,-0.0029268371345570338,0.2831907570362091
483328,68.59554411101271,0.003867599386197701,0.03779296949505806,,,,,,,,0.0,0.5722444653511047,0.18101177118127026,-0.00230887300956431,0.8081011772155762
491520,69.66131389900693,0.004230117969446211,0.04082031175494194,,,,,,,,0.0078125,0.5499504208564758,0.15675393142997698,-0.002947099760099336,1.1568697690963745
499712,70.70972155799973,0.005277628824030978,0.06058349832892418,,,,,,,,0.0,0.6053906083106995,0.20035200422537378,-0.002191046584228204,0.29352542757987976
507904,71.83643660301459,0.003797015997527591,0.03719482570886612,,,,,,,,0.0,0.5478709936141968,0.17221760542394526,-0.002365122226471797,0.9398059844970703
516096,72.92791395200766,0.003688968613160111,0.03571777418255806,,,,,,,,0.0078125,0.5720077753067017,0.16001693366486652,-0.002188544069617985,0.6222836375236511
524288,73.98053039901424,0.004688941991563643,0.05067138746380806,0.0017017274686114137,0.21721560661342648,0.2150042527075906,333,218.96306913964023,25.200000000000003,nan,0.0,0.576751172542572,0.18282178856524384,-0.0032849695968157466,0.6208239197731018
532480,75.15157467502286,0.00409023780539647,0.04008788987994194,,,,,,,,0.0,0.5325466394424438,0.1565433132047406,-0.0026389407337719193,1.2563937902450562
540672,76.21877466799924,0.005210189749782445,0.05958252027630806,,,,,,,,0.0078125,0.6137124300003052,0.161948583960304,-0.0027372910191714554,0.18372510373592377
548864,77.39727048901841,0.003976584814443307,0.03569335862994194,,,,,,,,0.0,0.5676990747451782,0.18500922052810503,-0.0019786064798901584,0.7885908484458923
557056,78.44247076800093,0.004721888494632893,0.05025634914636612,,,,,,,,0.0078125,0.5719946026802063,0.1797687246291248,-0.0027255733133877825,0.7039620280265808
565248,79.47852451901417,0.003995507762043528,0.04011230543255806,,,,,,,,0.0,0.6061961650848389,0.19293772556734273,-0.0012678355507031876,0.24272441864013672
573440,80.51403965501231,0.00343354331439822,0.02937011793255806,,,,,,,,0.0,0.5607846975326538,0.1797106002438079,-0.0019150100278190422,1.057809829711914
581632,81.58887095202226,0.005610775357878677,0.06655273586511612,,,,,,,,0.0078125,0.606685221195221,0.18257063481822827,-0.003762133884398572,0.27096137404441833
589824,82.75756831999752,0.004738666712450051,0.05001220852136612,0.0017507238485163779,0.21708487496441492,0.2148509535327276,333,219.10172473539305,31.05,nan,0.0,0.5824910402297974,0.13831020709524391,-0.00288379628435339,0.5935583114624023
598016,83.9938185220235,0.004131662420430901,0.03895263746380806,,,,,,,,0.0078125,0.5540104508399963,0.15021664254452333,-0.002219419153574377,1.0599889755249023
606208,85.0630536940007,0.00400776156423499,0.03857421875,,,,,,,,0.0,0.6076407432556152,0.19379537956097148,-0.0012327931181951401,0.20871992409229279
614400,86.08341895899503,0.0035564482293330584,0.02991943433880806,,,,,,,,0.0,0.5501495599746704,0.19317909536657002,-0.0014456697088428895,0.8374355435371399
622592,87.17124451999553,0.0058971402509294555,0.07053222507238388,,,,,,,,0.0078125,0.592510461807251,0.19542743791405334,-0.0046575941602916265,0.4272426664829254
630784,88.23111208001501,0.004211355212477639,0.04310302808880806,,,,,,,,0.0,0.5997992753982544,0.1871612193072744,-0.0015479815267244728,0.4480303227901459
638976,89.28914433901082,0.004018373355640994,0.03901367262005806,,,,,,,,0.0,0.5655039548873901,0.19070221545078864,-0.002877334223248408,0.846992015838623
647168,90.31665253802203,0.005488643243340286,0.0628662109375,,,,,,,,0.0078125,0.61355060338974,0.19475783351422762,-0.003872404214078178,0.19872264564037323
655360,91.33497825800441,0.004138122148339771,0.03988037258386612,0.0021579278434237237,0.22203127203802908,0.2147563895756463,333,219.019172659408,45.0,nan,0.0,0.5668284893035889,0.1905634558514849,-0.0020640947869051437,0.6053027510643005
663552,92.497955163999,0.005388408703418925,0.06270752102136612,,,,,,,,0.0078125,0.5671799778938293,0.19835173254441876,-0.00421208679798576,0.7973187565803528
671744,93.5250773790176,0.003972356471900649,0.0389404296875,,,,,,,,0.0,0.5970929265022278,0.1878383924371254,-0.0017241275650689521,0.4295763075351715
679936,94.56449958099984,0.003687707949179525,0.03331298753619194,,,,,,,,0.0,0.5365610718727112,0.18567318147336684,-0.0019401421003363687,1.004515528678894
688128,95.62748992801062,0.00434056515112529,0.04299316555261612,,,,,,,,0.0078125,0.6028553247451782,0.1898436770763341,-0.002186722400463272,0.2252277433872223
696320,96.64766528501059,0.004739830224902769,0.05166015774011612,,,,,,,,0.0,0.5945819616317749,0.19863219215309721,-0.0030138184183931146,0.39218994975090027
704512,97.65601217400399,0.0037226784306854583,0.03426513820886612,,,,,,,,0.0078125,0.5765846967697144,0.18551158309794977,-0.001912406465107196,0.7144328951835632
712704,98.71199099899968,0.005100207679432787,0.05778808519244194,,,,,,,,0.0,0.6238877773284912,0.20539455335818943,-0.0017386547207233348,0.107840396463871
720896,99.755524926004,0.003705512771008235,0.03475341945886612,0.0015147435245336238,0.22003448737958037,0.2148311688796229,333,219.13480809215554,49.650000000000006,nan,0.0,0.5850554704666138,0.19578428868239128,-0.0018484182843051186,0.4562673568725586
729088,100.85732269802247,0.005025121710014152,0.0572509765625,,,,,,,,0.0078125,0.5998587608337402,0.1974959191863382,-0.0028939708049795813,0.3160901665687561
737280,101.86822857402149,0.005395714563610961,0.06154785305261612,,,,,,,,0.0,0.6024477481842041,0.20287683503474213,-0.003174834213622556,0.23837719857692719
745472,102.8875497750123,0.004383918519709026,0.04555664211511612,,,,,,,,0.0,0.5763451457023621,0.19289222314396529,-0.0021752481474575716,0.5706421732902527
753664,103.92771870302386,0.004737733602467044,0.05025634914636612,,,,,,,,0.0078125,0.630348265171051,0.19281714673507894,-0.0033049405261774793,0.05992173030972481
761856,104.94094021699857,0.003326629319396782,0.02972412109375,,,,,,,,0.0,0.5986223220825195,0.19112279386657013,-0.0015090130708537413,0.2958620488643646
770048,105.97336329700192,0.00376592067129347,0.03529052808880806,,,,,,,,0.0078125,0.5972922444343567,0.18965453776174726,-0.0022270069043881027,0.3859812915325165
778240,106.97772014600923,0.004160996160265745,0.04217529296875,,,,,,,,0.0,0.6157693862915039,0.20033733459915673,-0.0010596674537000062,0.1519143432378769
786432,107.99039319701842,0.004924973579464408,0.0523681640625,0.0020186486950980465,0.2210420700090482,0.21497797002211178,333,219.08536373598346,10.05,nan,0.0,0.5835216045379639,0.19418066429981412,-0.0031209461739031457,0.42128095030784607
794624,109.09295887302142,0.005288382023907203,0.06075439602136612,,,,,,,,0.0078125,0.6192181706428528,0.19115605685978987,-0.0035704798880374167,0.118892602622509
802816,110.09453067500726,0.00421227209542755,0.04365234449505806,,,,,,,,0.0,0.6091475486755371,0.19308090815881793,-0.0012076812554591397,0.20658078789710999
811008,111.08850803200039,0.004226779399059997,0.04239502176642418,,,,,,,,0.0078125,0.5920021533966064,0.18879701266929713,-0.0024944205360766733,0.3244304358959198
819200,112.1034949500172,0.004480976315206782,0.04827880859375,,,,,,,,0.0,0.626152515411377,0.19987752682265075,-0.001414094195407957,0.12297771126031876
827392,113.10294107202208,0.004271367907943542,0.04086914286017418,,,,,,,,0.0,0.5831271409988403,0.1954555581288957,-0.0024972565740930064,0.5025773644447327
835584,114.12554324400844,0.004362111280516372,0.04591064527630806,,,,,,,,0.0078125,0.6110540628433228,0.1809700366968842,-0.0029470845700105917,0.27437153458595276
843776,115.14406264701393,0.004379062145665957,0.04503173753619194,,,,,,,,0.0,0.6136786937713623,0.1963287768104592,-0.0011625158719107648,0.1932985633611679
851968,116.18715226300992,0.004117983976570874,0.0413818359375,0.0016004000662093176,0.21871646950938417,0.2148068749404295,333,218.91332422741942,45.0,nan,0.0,0.5799523591995239,0.17443036844720736,-0.002008872525570244,0.5887541770935059
860160,117.27233496800181,0.005759712091966341,0.06862793117761612,,,,,,,,0.0078125,0.6256942749023438,0.19716444399330507,-0.0032886610299666767,0.08192574977874756
868352,118.25531015501474,0.004205448243071224,0.04281006008386612,,,,,,,,0.0,0.5959731340408325,0.2025963783290885,-0.0017815991769525594,0.28716155886650085
876544,119.24477077499614,0.004868237973914874,0.05299072340130806,,,,,,,,0.0078125,0.6003648638725281,0.20060992102100444,-0.0026357654624985798,0.2971707880496979
884736,120.21885078999912,0.004123153447402823,0.04183349758386612,,,,,,,,0.0,0.6288059949874878,0.20033587436177042,-0.0016149534846402937,0.10099846124649048
892928,121.23650474101305,0.005341637928629578,0.05921630933880806,,,,,,,,0.0,0.6015231013298035,0.19223977580397905,-0.0028274795736337927,0.3664517104625702
901120,122.27069734301767,0.005143305560316768,0.05670166015625,,,,,,,,0.0078125,0.6246602535247803,0.19569289882641913,-0.003639518677035031,0.09726914018392563
909312,123.27335337302065,0.0037879560061017713,0.03782958909869194,,,,,,,,0.0,0.6128765940666199,0.20163544883518206,-0.0014522456499850005,0.1802297830581665
917504,124.28553201601608,0.004259745106682085,0.04195556789636612,0.0017894483818966522,0.21635642329706523,0.21490983550059312,333,218.86436223367616,29.85,nan,0.0078125,0.5866842269897461,0.18486249624253612,-0.0021420456792029855,0.41135215759277344
925696,125.34619972101063,0.004803507605185865,0.05144042894244194,,,,,,,,0.0,0.6316598057746887,0.20601504292003203,-0.0026258454416700477,0.057650890201330185
933888,126.35453232500004,0.004204003825534843,0.04287109524011612,,,,,,,,0.0,0.595203697681427,0.20201505523072583,-0.0013324593440230412,0.35399433970451355
942080,127.37147427501623,0.0053648041683840965,0.06076660379767418,,,,,,,,0.0078125,0.6137169599533081,0.2004159611125838,-0.00359300045056139,0.22075620293617249
950272,128.36707066601957,0.0050990795814610385,0.05826416239142418,,,,,,,,0.0,0.6259984374046326,0.19894513843318856,-0.0018570398257129349,0.10360854864120483
958464,129.3930160460004,0.004883650392128041,0.05180663987994194,,,,,,,,0.0,0.5990473628044128,0.1897543708368635,-0.002997613349408421,0.33238694071769714
966656,130.39460366099956,0.005493292518258121,0.06325683742761612,,,,,,,,0.0078125,0.637403666973114,0.19358317296956798,-0.0031768330759660967,0.0305967777967453
974848,131.38844795900513,0.00413163279882848,0.0399169921875,,,,,,,,0.0,0.622606098651886,0.1847386467767563,-0.0022913129799431906,0.14576010406017303
983040,132.3980606700061,0.004480801168105743,0.04460449144244194,0.001943146251556116,0.216382140990441,0.21496044456799068,333,218.89249876877687,28.650000000000002,nan,0.0078125,0.6194642782211304,0.20225168244090752,-0.0023341502482359905,0.20757997035980225
991232,133.50127342299675,0.004774890180105286,0.05084228515625,,,,,,,,0.0,0.6251412630081177,0.19747405344988916,-0.0008620211595543004,0.1524890661239624
999424,134.4921050700068,0.0036524335546363005,0.0328369140625,,,,,,,,0.0,0.5926815867424011,0.18751396432156536,-7.418511482906989e-05,0.43313130736351013
1007616,135.49427515402203,0.0044586537789432935,0.04716796800494194,,,,,,,,0.0078125,0.6265423893928528,0.20135116942332867,-0.0018156657097391149,0.1236700788140297
1015808,136.49564162601018,0.004567512222231843,0.04505615308880806,,,,,,,,0.0,0.6299408078193665,0.1985318827461698,-0.002157237690295322,0.10475064814090729
1024000,137.4907527799951,0.004622713203342705,0.04685058817267418,,,,,,,,0.0078125,0.6166356801986694,0.19537959504421187,-0.0025138267066609488,0.21865372359752655
1032192,138.5022299910197,0.005268533192700216,0.057861328125,,,,,,,,0.0,0.639672040939331,0.20370885255178375,-0.0015741394674314555,0.0378512479364872
1040384,139.48937412301893,0.004817830909957556,0.05051269754767418,,,,,,,,0.0,0.6181943416595459,0.18088825485411805,-0.002257160017694534,0.15807369351387024
1048576,140.50656287700986,0.0044907074321869815,0.04622802883386612,0.002066232571550586,0.22067242504667886,0.21494862279946694,333,218.878941839841,42.6,nan,0.0078125,0.6289174556732178,0.19087243288204028,-0.0014470152287923681,0.1298157423734665
1056768,141.57580980300554,0.005826431029804388,0.06867676228284836,,,,,,,,0.0,0.6307784914970398,0.20586594087127535,-0.0031912970780107533,0.07115677744150162
1064960,142.61533958799555,0.00569753589868212,0.0667724609375,,,,,,,,0.0,0.6031747460365295,0.19611882356882754,-0.003837205150259074,0.30676791071891785
1073152,143.64571849899949,0.00582863424256566,0.06884765625,,,,,,,,0.0078125,0.6382560133934021,0.2004034934224633,-0.0023064366392554626,0.041434016078710556
1081344,144.64009030899615,0.004358906956959175,0.04582519456744194,,,,,,,,0.0,0.6205981969833374,0.2054769574550186,-0.0013363931394036626,0.21090494096279144
1089536,145.64608624999528,0.005626246063782838,0.06364746391773224,,,,,,,,0.0078125,0.6179735064506531,0.20005531856814573,-0.0021556092873585646,0.284993976354599
1097728,146.6450467100076,0.0044200694154841475,0.0469970703125,,,,,,,,0.0,0.6383377313613892,0.20764627109487993,-0.0006036952344385558,0.03619943559169769
1105920,147.64506156899733,0.004327842902812085,0.04560546949505806,,,,,,,,0.0,0.6159217357635498,0.2046350949580725,-0.001522402971387637,0.16672085225582123
1114112,148.6686115360062,0.00527370570802221,0.06051025539636612,0.0018482473486709505,0.22056473001961058,0.214987708912393,333,218.98654133244526,33.300000000000004,nan,0.0078125,0.6309789419174194,0.20362788660622927,-0.0023502897439111204,0.08653383702039719
1122304,149.7543720950198,0.005132087566331817,0.0565185546875,,,,,,,,0.0,0.6290474534034729,0.2029250797216356,-0.0012056532858142135,0.05408501625061035
1130496,150.72445157301263,0.005363679477309415,0.06035156175494194,,,,,,,,0.0078125,0.6117669939994812,0.19317533453366037,-0.0022579435214264434,0.16316452622413635
1138688,151.72409150999738,0.006353154168311909,0.07573242485523224,,,,,,,,0.0,0.6440154314041138,0.20542713026095777,-0.002940502309762007,0.02545147016644478
1146880,152.719338926021,0.004165135691341265,0.04210205003619194,,,,,,,,0.0,0.6291440725326538,0.20308190594630332,-0.001634823249918722,0.06786757707595825
1155072,153.71828660400934,0.0066591409039773,0.08256836235523224,,,,,,,,0.0078125,0.6309980750083923,0.19986587045577048,-0.003956536312911266,0.0827271118760109
1163264,154.69826771199587,0.004316839857089884,0.04448242112994194,,,,,,,,0.0,0.6409267783164978,0.205482152461344,-0.0013547166642862776,0.04339674115180969
1171456,155.68241710102302,0.005012595834972803,0.0572509765625,,,,,,,,0.0,0.6175944209098816,0.20574325631109996,-0.002666187203834109,0.12677940726280212
1179648,156.6764924460149,0.005661663738409756,0.06528320163488388,0.0015186749556446166,0.22014120574542698,0.2149971917597115,333,218.968831064156,49.650000000000006,nan,0.0078125,0.6439000368118286,0.20918751463624105,-0.0023732070016621565,0.016651788726449013
1187840,157.7425747679954,0.0046568951578112765,0.04776611551642418,,,,,,,,0.0,0.6273211240768433,0.20745872129115797,-0.002272208958048962,0.07715822011232376
1196032,158.7398365609988,0.004412590261363027,0.045654296875,,,,,,,,0.0078125,0.6199179887771606,0.19759223998348907,-0.00125329344293967,0.10456862300634384
1204224,159.76150199500262,0.004522279274381201,0.04831543192267418,,,,,,,,0.0,0.643682599067688,0.20520753945097572,-0.0011486444802706693,0.02339351736009121
1212416,160.75216671201633,0.004209217784136743,0.04169921949505806,,,,,,,,0.0,0.6275268793106079,0.20167740466496292,-0.0020406350944002206,0.0845736488699913
1220608,161.7523489400046,0.0055038712104263435,0.06328125298023224,,,,,,,,0.0078125,0.639122486114502,0.1993702052160536,-0.002497565564610096,0.046655815094709396
1228800,162.753556665004,0.004513487615214642,0.04732666164636612,,,,,,,,0.0,0.6345073580741882,0.20492484844784015,-0.001695996038896756,0.045413460582494736
1236992,163.76705758701428,0.004555729459634786,0.04790038987994194,,,,,,,,0.0078125,0.6173091530799866,0.2015151510275764,-0.0027658138488920823,0.1387600600719452
1245184,164.79102590002003,0.0053111630845920355,0.06108398362994194,0.002155438040276292,0.21680439610882396,0.21507435805015507,333,218.9786050954763,36.75,nan,0.0,0.6455848217010498,0.20393460496466093,-0.0018660748354030025,0.019029980525374413
1253376,165.87957704701694,0.00535815873778081,0.0592041015625,,,,,,,,0.0,0.6285150051116943,0.19947867516371498,-0.002538195827514872,0.13352897763252258
1261568,166.8893443950219,0.005516259555939974,0.06259765475988388,,,,,,,,0.0078125,0.6313514709472656,0.2001566184693489,-0.0022797261710848595,0.0911274179816246
1269760,167.88463795999996,0.005036252005378098,0.05843506008386612,,,,,,,,0.0,0.6417037844657898,0.20583063954789185,-0.0010312107373329669,0.025198480114340782
1277952,168.91182014200604,0.004864974372259011,0.05222168192267418,,,,,,,,0.0,0.6284247040748596,0.20435466514132083,-0.001883026486858527,0.0962912067770958
1286144,169.94052478700178,0.0057975053875659825,0.06546630710363388,,,,,,,,0.0078125,0.6452265977859497,0.20600854485532688,-0.00493545508132357,0.01879178173840046
1294336,170.94003738902393,0.004134718795882296,0.04083251953125,,,,,,,,0.0,0.6348539590835571,0.20628214845154313,-0.0028331298902817027,0.05804411321878433
1302528,171.94415271200705,0.0043776481311015025,0.04442138597369194,,,,,,,,0.0078125,0.6306758522987366,0.20061378446273284,-0.0017905231208958817,0.07212679088115692
1310720,172.95569497800898,0.005223450271394166,0.05852050706744194,0.0019760735017341213,0.21895065846976008,0.21508559521398288,333,219.04653668412692,47.25,nan,0.0,0.6410459876060486,0.20258675176062835,-0.0014815607407935973,0.047295212745666504
1318912,174.06921988801332,0.004188369977497092,0.04244384914636612,,,,,,,,0.0,0.6223741769790649,0.20925923210299832,-0.00044779693739510596,0.19653461873531342
1327104,175.11919888999546,0.004336522174467619,0.04484863206744194,,,,,,,,0.0078125,0.6382964253425598,0.2080726931284269,-0.0012729596280215373,0.06637094169855118
1335296,176.16038158000447,0.005703455965798536,0.06617432087659836,,,,,,,,0.0,0.6393724679946899,0.20441341137073327,-0.003734880647893835,0.02835683897137642
1343488,177.17241145300795,0.0050968293890915175,0.05543212965130806,,,,,,,,0.0078125,0.6260100603103638,0.19915832588904236,-0.0015940287225089064,0.08430353552103043
1351680,178.19089281899505,0.0058248472440251935,0.0677490234375,,,,,,,,0.0,0.6473307609558105,0.20574104352433245,-0.002806738596381616,0.01838875375688076
1359872,179.19033326400677,0.0047147852336683425,0.04936523362994194,,,,,,,,0.0,0.6332189440727234,0.20467421059685634,-0.002023149083533978,0.0943109467625618
1368064,180.20078946099966,0.005554526179454002,0.06340332329273224,,,,,,,,0.0078125,0.6381642818450928,0.2034470453110258,-0.0033821215822258943,0.06940969079732895
1376256,181.19719042500947,0.005552541098662246,0.06514892727136612,0.002168133094721525,0.22062510441881797,0.21512934194511063,333,218.79344826827855,36.75,nan,0.0,0.6403734683990479,0.20685650526502558,-0.0024653670477415993,0.028773078694939613
1384448,182.26672591100214,0.004420138400299334,0.04790038987994194,,,,,,,,0.0,0.6256897449493408,0.20637695076484994,-0.0010710989573090805,0.08436097204685211
1392640,183.3043245570152,0.005748597250407027,0.06662597507238388,,,,,,,,0.0078125,0.6454989910125732,0.20764944226565052,-0.0031881004773623477,0.016475697979331017
1400832,184.30904402400483,0.004878515602296867,0.05402832105755806,,,,,,,,0.0,0.635685920715332,0.19922274061010917,-0.0011391084183143396,0.05679888650774956
1409024,185.3475764300092,0.0058204681036699,0.06993408501148224,,,,,,,,0.0078125,0.6305351257324219,0.18662509007644856,-0.002352571591550409,0.12035975605249405
1417216,186.34210408001672,0.004515438022477268,0.04743652418255806,,,,,,,,0.0,0.6460680961608887,0.20597637624527168,-0.0011638489453714193,0.022620072588324547
1425408,187.3681006889965,0.00432733305973883,0.04201660305261612,,,,,,,,0.0,0.6306641101837158,0.20456626530110716,-0.001730680238719251,0.10945110768079758
1433600,188.3936003530107,0.005022527385813923,0.05559081956744194,,,,,,,,0.0078125,0.6412115097045898,0.20194455400866934,-0.0015959072299597352,0.04843058064579964
1441792,189.41795339802047,0.005072623055588289,0.05502929911017418,0.00165246320011736,0.2167431784707928,0.21509983354586776,333,218.78168767295193,43.800000000000004,nan,0.0,0.6393810510635376,0.20106653650316927,-0.002455280352930176,0.034758877009153366
1449984,190.5763413720124,0.0044606734544034255,0.04815673828125,,,,,,,,0.0078125,0.627358078956604,0.1910277684348022,-0.001522125847340302,0.09484148025512695
1458176,191.59575316001428,0.005563129935880675,0.06346435844898224,,,,,,,,0.0,0.6505517959594727,0.20400722084981324,-0.0012203683725446148,0.0069671617820858955
1466368,192.58864322400768,0.005287380309880879,0.05642089992761612,,,,,,,,0.0,0.6403340101242065,0.20852047234228271,-0.002549657017726003,0.036840882152318954
1474560,193.59567453400814,0.005493472517621792,0.06588134914636612,,,,,,,,0.0078125,0.6393588781356812,0.20602961024223573,-0.0027288594570417882,0.04774681478738785
1482752,194.57519872800913,0.004791885699047045,0.05191650614142418,,,,,,,,0.0,0.6461102366447449,0.20587342121029298,-0.0016374602854065002,0.022204918786883354
1490944,195.58356924902182,0.004083356653035795,0.04088134691119194,,,,,,,,0.0,0.6358555555343628,0.20352522661568445,-0.0009481138785512946,0.06113143637776375
1499136,196.57420249001007,0.005388243501678321,0.05986328050494194,,,,,,,,0.0078125,0.648473858833313,0.20326584891390403,-0.0016644428735902586,0.01175631396472454
1507328,197.58948138801497,0.0049763581387069645,0.05415039137005806,0.0015549696745230657,0.2169820991665517,0.21511671261312384,333,218.7434274252031,22.5,nan,0.0,0.6385794878005981,0.20168091615050793,-0.00188392250631384,0.029428934678435326
1515520,198.6981891519972,0.0053313113808936595,0.06114501878619194,,,,,,,,0.0078125,0.6325147747993469,0.20410475370526257,-0.0026354968739447193,0.07578674703836441
1523712,199.75227167402045,0.0055378980838302104,0.06247558817267418,,,,,,,,0.0,0.6498416066169739,0.20774670332143566,-0.0013353542287885783,0.007161131594330072
1531904,200.75327421800466,0.0051375060902236055,0.05739746242761612,,,,,,,,0.0,0.6411343216896057,0.2033710585383203,-0.002795030080645083,0.034044086933135986
1540096,201.75349103301414,0.004979338532558064,0.05517578125,,,,,,,,0.0078125,0.6460527181625366,0.20433386062598288,-0.0015330872210949722,0.020016400143504143
1548288,202.7271931040159,0.005583289970842297,0.06439208984375,,,,,,,,0.0,0.6444457769393921,0.20828874653656454,-0.0017722371033619567,0.013535521924495697
1556480,203.7205342160014,0.004862941675597539,0.05396728590130806,,,,,,,,0.0078125,0.6389644145965576,0.2074163369733339,-0.002509470386620295,0.041896916925907135
1564672,204.7183155460225,0.005089796951647151,0.05690918117761612,,,,,,,,0.0,0.6495787501335144,0.20987250655042025,-0.001113549490571517,0.009242288768291473
1572864,205.70256316501764,0.005114472694166024,0.05961913987994194,0.0012992572409949998,0.21873614775904424,0.2150883038042751,333,218.8187951633249,49.650000000000006,nan,0.0,0.6406179666519165,0.20152414862185064,-0.0019494419297733257,0.0324549674987793
1581056,206.79581962301745,0.005640823649812841,0.06641846150159836,,,,,,,,0.0078125,0.6445309519767761,0.19849659756718813,-0.001918415919566851,0.0362270288169384
1589248,207.77645654100343,0.005743473440389011,0.06805419921875,,,,,,,,0.0,0.6477379202842712,0.20836608138289328,-0.0003182239421463008,0.01063877809792757
1597440,208.7826171540073,0.004717314255144902,0.05001220852136612,,,,,,,,0.0,0.6375083923339844,0.20659191049105902,-0.0009202826749835884,0.03824077174067497
1605632,209.80961104200105,0.006458331277905041,0.0771484375,,,,,,,,0.0078125,0.6500584483146667,0.20696935095995692,-0.003563166799755914,0.00733098853379488
1613824,210.80559892600286,0.005249586344104491,0.05980224534869194,,,,,,,,0.0,0.6440376043319702,0.20650773643921877,-0.0023994959269407305,0.01445518434047699
1622016,211.8107270350156,0.006399613134199223,0.07801514118909836,,,,,,,,0.0078125,0.6412471532821655,0.20794973472965544,-0.004344538711545709,0.030131226405501366
1630208,212.81236196900136,0.005913709915266775,0.06754150241613388,,,,,,,,0.0,0.6488963961601257,0.2055049964638632,-0.0023666305283972042,0.013796660117805004
1638400,213.79586228300468,0.004406267043155329,0.04661865159869194,0.0020918858701340914,0.21698895917980923,0.2151058272086694,333,218.92564379194633,33.300000000000004,nan,0.0,0.6381872892379761,0.20236371889404398,-0.0009672787367283796,0.05693136528134346
1646592,214.88769244600553,0.004878594889793061,0.05361328274011612,,,,,,,,0.0078125,0.6455385684967041,0.20378771696368667,-0.0003436546124324477,0.02558361366391182
1654784,215.88751675901585,0.0049753693139495325,0.05587158352136612,,,,,,,,0.0,0.6430039405822754,0.20804165462119237,-0.0017585825122556971,0.026891520246863365
1662976,216.92039561099955,0.004964502835173056,0.0557861328125,,,,,,,,0.0078125,0.6357605457305908,0.20636690379860725,-0.0016507347209372301,0.061483848839998245
1671168,217.93772401000024,0.0050416210992406275,0.05550537258386612,,,,,,,,0.0,0.6482528448104858,0.20757048821897653,0.00038959863814906387,0.014175623655319214
1679360,218.94161699400865,0.004803905974425428,0.051025390625,,,,,,,,0.0,0.6372596025466919,0.20180942640027627,-0.0007278359236124557,0.051319222897291183
1687552,219.9461984480149,0.005532687361002957,0.06597900390625,,,,,,,,0.0078125,0.6413397192955017,0.20556394104846326,-0.00035707301357495926,0.04192211106419563
1695744,220.9648139810015,0.005549933644018203,0.06296386569738388,,,,,,,,0.0,0.6479814648628235,0.20532395920495064,-0.0021185296268090813,0.015127825550734997
1703936,221.95018989802338,0.005044917241449426,0.05522460862994194,0.0015621160656060784,0.22055819819522032,0.21509693901736618,333,218.84112267853303,17.85,nan,0.0,0.6422057747840881,0.20181607746265615,-0.0009400150174721449,0.04283065348863602
1712128,223.05447766502039,0.006047490480132686,0.07266845554113388,,,,,,,,0.0078125,0.6510381698608398,0.20286456651882143,-0.0003130677645168332,0.008433282375335693
1720320,224.0456602310005,0.005127607939495851,0.05808105692267418,,,,,,,,0.0,0.6476728916168213,0.2059902722174311,-0.001448994622436953,0.015497671440243721
1728512,225.03550974599784,0.005378278681313943,0.06242675706744194,,,,,,,,0.0078125,0.6453878879547119,0.20624823127613073,-0.00013211789489701265,0.020338552072644234
1736704,226.01619390101405,0.005618732836256913,0.06673584133386612,,,,,,,,0.0,0.6498143076896667,0.20919124704271116,-0.0018965962762311998,0.008684827014803886
1744896,227.0195809500001,0.0055931514597218545,0.06547851860523224,,,,,,,,0.0,0.6419270634651184,0.20650297293523692,-0.0011704431707720649,0.025880957022309303
1753088,228.0348899810051,0.00725560787293294,0.09162598103284836,,,,,,,,0.0078125,0.6488350033760071,0.20585857974862676,-0.0020936049820213356,0.013917587697505951
1761280,229.02327672101092,0.005224307242017341,0.05937499925494194,,,,,,,,0.0,0.6487929821014404,0.20634017375688624,-0.0019214073639500903,0.007775039877742529
1769472,229.99975814000936,0.006794228570932962,0.08331298828125,0.0016831412439355375,0.22089319314214398,0.21512248448638743,333,218.8121872205801,39.150000000000006,nan,0.0078125,0.642048716545105,0.2055651971193337,-0.002386749257635705,0.031598303467035294
1777664,231.07479305600282,0.005690182172658992,0.06448974460363388,,,,,,,,0.0,0.6513603329658508,0.20817078061733763,-0.0026331438097597667,0.0063093299977481365
1785856,232.04406409102376,0.004242426331467169,0.04329834133386612,,,,,,,,0.0,0.6440264582633972,0.20686243829967146,-0.0008339904915927905,0.018322443589568138
1794048,233.29458497700398,0.005693549297459886,0.06658935546875,,,,,,,,0.0078125,0.6460955739021301,0.2054774571489108,-0.002278225459807021,0.028154468163847923
1802240,234.28268331600702,0.006414617153336669,0.07816161960363388,,,,,,,,0.0,0.6509955525398254,0.20679920695251924,-0.0020588746117827738,0.00876137800514698
1810432,235.2754856540123,0.005301143501422399,0.05919189378619194,,,,,,,,0.0,0.6449451446533203,0.20586113428609845,-0.001169554475434095,0.022840769961476326
1818624,236.2842795040051,0.006796803932720911,0.0850830078125,,,,,,,,0.0078125,0.6509252786636353,0.20859984696186032,-0.0032906183227277273,0.006063280161470175
1826816,237.2633618300024,0.005425869571828263,0.06375732272863388,,,,,,,,0.0,0.6470078229904175,0.2073312147305145,-0.00210461891790503,0.012565813958644867
1835008,238.25386666299892,0.005615451527246566,0.06430663913488388,0.0020436828556817943,0.2170444396123606,0.2150770483471051,333,218.90617603247517,37.95,nan,0.0078125,0.6439762711524963,0.2068782816688745,-0.0010070653175873578,0.039880577474832535
1843200,239.3746796589985,0.0058116407758403285,0.06682129204273224,,,,,,,,0.0,0.6514222621917725,0.2078053520966859,-0.0014985270008621302,0.006757944822311401
1851392,240.35605995100923,0.004715134011095573,0.05070800706744194,,,,,,,,0.0,0.6463254690170288,0.20897807518018952,-0.0007895432242557434,0.019588835537433624
1859584,241.36816938000266,0.006647195026036049,0.07911377400159836,,,,,,,,0.0078125,0.6500694751739502,0.2084926440003509,-0.0017397816172992913,0.013002733699977398
1867776,242.3535047850164,0.005768597816988248,0.06782227009534836,,,,,,,,0.0,0.6492418050765991,0.20490372587461284,-0.0015816269783794368,0.012083874084055424
1875968,243.36200149799697,0.00602630176773984,0.07211913913488388,,,,,,,,0.0078125,0.6452440023422241,0.18984399993623097,-0.0018900218640485488,0.034039877355098724
1884160,244.36966208001832,0.005058126415474192,0.05570068582892418,,,,,,,,0.0,0.6520808339118958,0.21001247248156063,0.0004941567983717693,0.005328421480953693
1892352,245.35078121800325,0.005197881343129071,0.05788574367761612,,,,,,,,0.0,0.6471356749534607,0.20678879361910057,-0.0003006381834549302,0.011805116198956966
1900544,246.3602484530129,0.0064662894467269255,0.07940673828125,0.00189695267407064,0.21659618756125015,0.21509531564166334,333,218.97255118302553,48.45,nan,0.0078125,0.6471385955810547,0.20976085699095814,-0.001990793012265559,0.024340113624930382
1908736,247.46217691301717,0.005696882921376867,0.06541748344898224,,,,,,,,0.0,0.6521902084350586,0.2085956543146811,-0.0014718045806264013,0.005766143091022968
1916928,248.4588287039951,0.007214099775239208,0.09171142429113388,,,,,,,,0.0,0.6471761465072632,0.20876124948782082,-0.003416586593830745,0.013284173794090748
1925120,249.45229868902243,0.006372563137759556,0.07783203572034836,,,,,,,,0.0078125,0.6526074409484863,0.20919461672353612,-0.0005530319520218487,0.004753902088850737
1933312,250.4351919660112,0.005380955476789448,0.06156006082892418,,,,,,,,0.0,0.648998498916626,0.20975508513482422,-0.0003066461973730655,0.012031356804072857
1941504,251.50661969801877,0.006534767690886423,0.0802001953125,,,,,,,,0.0078125,0.6466923356056213,0.2087542996024371,-0.0015527607543305956,0.016818871721625328
1949696,252.49458731501363,0.005967660362075668,0.07232666015625,,,,,,,,0.0,0.6533761024475098,0.20666936730684635,-0.0010880183178475478,0.00343588599935174
1957888,253.53876667501754,0.00561850061438236,0.06345214694738388,,,,,,,,0.0,0.649035632610321,0.2072851456306602,-0.0023389936152233936,0.01165739819407463
1966080,254.6414388960111,0.0063840860237036005,0.07833252102136612,0.0018527206286998998,0.2202090303405185,0.21509712187250477,333,219.04177336022946,9.75,nan,0.0078125,0.6506413817405701,0.2079623458002579,-0.0017027428382841209,0.008202514611184597
1974272,255.8030480890011,0.005029361208474682,0.05545654520392418,,,,,,,,0.0,0.6495538949966431,0.2083304637017062,-0.0002623522111095794,0.007200272288173437
1982464,256.81573603500146,0.006090886615025581,0.07183837890625,,,,,,,,0.0078125,0.6470134854316711,0.20743348387937358,-0.0006171452577395664,0.013128605671226978
1990656,257.8740021230187,0.007055048155911955,0.08823242038488388,,,,,,,,0.0,0.6533403992652893,0.2103005118103137,0.0010515585745495036,0.0032819563057273626
1998848,258.9068053490191,0.005848197713909755,0.06931152194738388,,,,,,,,0.0,0.647868275642395,0.20878470651138303,-0.0008409175924429677,0.018844977021217346
2007040,259.9518558180134,0.006048106625227824,0.0723876953125,,,,,,,,0.0078125,0.647739052772522,0.20714934183135986,-0.0016867778907051823,0.025086242705583572
2015232,260.9722062520159,0.0067828682722076055,0.08525390923023224,,,,,,,,0.0,0.6521496772766113,0.2109637101919582,-0.0014933273171152835,0.005188206676393747
2023424,262.02346630601096,0.005463778106751947,0.06318359822034836,,,,,,,,0.0,0.6464853286743164,0.208717999999786,-0.0008518733911260838,0.018552565947175026
2031616,263.091438286996,0.00630889661464929,0.07635498046875,0.0015377451632049288,0.2192677697757499,0.21502769175111386,333,219.0918682519744,49.650000000000006,nan,0.0078125,0.6531009674072266,0.2090794468048745,-0.0011348861836866918,0.0038435496389865875
2039808,264.2609500660037,0.005615399307055104,0.06448974460363388,,,,,,,,0.0,0.6518175005912781,0.2049201403160398,-0.001833530402515139,0.006323670502752066
2048000,265.32400117602083,0.006172072867146582,0.07591553032398224,,,,,,,,0.0078125,0.6506702899932861,0.20300260591246588,-9.397613398245345e-05,0.014144119806587696
2056192,266.41707497800235,0.005151808846774354,0.05733642727136612,,,,,,,,0.0,0.6542379856109619,0.20902558365638008,0.00013871263582285705,0.0033804811537265778
2064384,267.481458698021,0.005872578968686876,0.07093506306409836,,,,,,,,0.0,0.6494879126548767,0.20741214709402445,-0.00025234831940680884,0.012696877121925354
2072576,268.5560197769955,0.006262680440722323,0.07962646335363388,,,,,,,,0.0078125,0.6512004137039185,0.20821352920294892,-0.0008418684390526795,0.008549853228032589
2080768,269.6218650730152,0.005205771146602551,0.0594482421875,,,,,,,,0.0,0.6512836217880249,0.20722000448999894,0.0003827160852032264,0.005026213359087706
2088960,270.71666974099935,0.0061671720070657875,0.07408447563648224,,,,,,,,0.0078125,0.6476485729217529,0.2090132399042704,-0.0013225401082794547,0.014599156565964222
2097152,271.80880716099637,0.0052841374561604666,0.05897216871380806,0.001524617328160116,0.2211678450431156,0.2150996184984973,333,219.11253647914094,22.5,nan,0.0,0.6543548703193665,0.21135361347276738,0.0008663426481174321,0.0020034564658999443
2105344,272.98488992999773,0.006172549478263433,0.07347412407398224,,,,,,,,0.0,0.6512420773506165,0.20977054266606782,-0.0022579955115037075,0.004922342021018267
2113536,274.05637273800676,0.006063929733520056,0.07384033501148224,,,,,,,,0.0078125,0.6508184671401978,0.2112137252357383,-0.0016188913340168692,0.005848852451890707
2121728,275.145476856007,0.0066528560337485556,0.08198242634534836,,,,,,,,0.0,0.6548319458961487,0.21087329342074201,-0.0014685677863578795,0.002018748316913843
2129920,276.2158536540228,0.005646960515984573,0.06644286960363388,,,,,,,,0.0,0.6511650681495667,0.21006313922069836,-0.0009992393936856375,0.007471832912415266
2138112,277.30943375400966,0.007216643494673549,0.09245605766773224,,,,,,,,0.0078125,0.6539334058761597,0.21024017361253694,-0.0008531002411841589,0.002930575283244252
2146304,278.3729913480056,0.006531430532310291,0.08247070759534836,,,,,,,,0.0,0.6523119807243347,0.20861663748688852,-0.0013218131241764638,0.006264324765652418
2154496,279.4289067850041,0.006071719969173386,0.07419433444738388,,,,,,,,0.0078125,0.6502698659896851,0.20745240392879852,-0.0015664791158786489,0.014284712262451649
2162688,280.52901258700876,0.00615437219221655,0.07456054538488388,0.001577750032584424,0.22045956617314819,0.21508643008764436,333,219.18727333648542,45.0,nan,0.0,0.6542225480079651,0.21205299255654633,-0.001652682290348341,0.0019213274354115129
2170880,281.7317411080003,0.005026914543569648,0.05560302734375,,,,,,,,0.0,0.6505218744277954,0.21052859115786426,-0.0008097638607134673,0.006224315147846937
2179072,282.834329395002,0.006687909046281504,0.08336181938648224,,,,,,,,0.0078125,0.6532119512557983,0.21070432104468462,-0.000554223337618891,0.0044643753208220005
2187264,283.8883919630025,0.006043674682393394,0.07253418117761612,,,,,,,,0.0,0.6534391045570374,0.20930306593130282,-0.0007450156288236949,0.0034443698823451996
2195456,284.98342226599925,0.006323116193805734,0.07575684040784836,,,,,,,,0.0078125,0.6499714255332947,0.20777076206286407,-0.001449954153243752,0.010985644534230232
2203648,286.055723182013,0.00662452240865536,0.08013916015625,,,,,,,,0.0,0.6559590101242065,0.21170129659026,0.0010859019070554939,0.0013177957152947783
2211840,287.1265806030133,0.005058379559033318,0.05479736253619194,,,,,,,,0.0,0.6544759273529053,0.20771830857910722,-0.00022159054835914208,0.0034740963019430637
2220032,288.2231211330218,0.005673103105817335,0.06619872897863388,,,,,,,,0.0078125,0.6541013121604919,0.20983449205286003,0.00015867065767281247,0.004608670715242624
2228224,289.32454262900865,0.005980055376969235,0.07229004055261612,0.0011839006520883988,0.22024941502338408,0.215117995580353,333,219.2254372422368,6.15,nan,0.0,0.6529664993286133,0.2092932315146999,0.0007254135023971914,0.005026669707149267
2236416,290.5384322559985,0.004569837596550462,0.04833984375,,,,,,,,0.0,0.6474597454071045,0.2111938868202564,0.0006430173517804085,0.010825569741427898
2244608,291.65684082501684,0.006967582930313486,0.08652343600988388,,,,,,,,0.0078125,0.6540727019309998,0.20753433582454756,-0.0003588751242992657,0.003734494326636195
2252800,292.73104361700825,0.0054183913098238175,0.06219482421875,,,,,,,,0.0,0.653423011302948,0.20684039046991223,-0.0013920589096399591,0.006374067161232233
2260992,293.8047100530239,0.0055379574069088985,0.06402587890625,,,,,,,,0.0078125,0.651866614818573,0.20767242193611532,0.0010794566037369904,0.008927415125072002
2269184,294.91605853801593,0.0065727664950082105,0.08160400390625,,,,,,,,0.0,0.6543250679969788,0.2089481869989996,0.0010543981035730284,0.0024450679775327444
2277376,296.1044676559977,0.005784534116927861,0.06955566257238388,,,,,,,,0.0,0.6514550447463989,0.21081865656257698,-0.0006844394906009818,0.005876775365322828
2285568,297.37022242799867,0.006131815549343233,0.07294922322034836,,,,,,,,0.0078125,0.6530925631523132,0.20943377248042724,-0.0005223101458034342,0.004367420449852943
2293760,298.7800917480199,0.005925273074448904,0.07174072414636612,0.0014119232121292402,0.2164831737413777,0.21506155973864147,333,219.22849991035355,45.0,nan,0.0,0.6535862684249878,0.21120782254998294,-0.0014307809719901754,0.005515375640243292
2301952,300.5686228380073,0.005561568301732989,0.06561279296875,,,,,,,,0.0078125,0.650254487991333,0.21002438265742981,1.058818280202272e-05,0.015655145049095154
2310144,302.22326207801234,0.006060916119170017,0.07222900539636612,,,,,,,,0.0,0.6548731327056885,0.20850165058930759,0.0016823141820844591,0.0017116470262408257
2318336,303.67681001801975,0.006025486913561293,0.07030029594898224,,,,,,,,0.0,0.6519209742546082,0.2081503302326324,-0.001698403167334564,0.006472546607255936
2326528,305.20876748202136,0.006227468728948199,0.07364501804113388,,,,,,,,0.0078125,0.6524081230163574,0.20874341855792866,-5.1099320930430736e-05,0.007158993277698755
2334720,306.6810122349998,0.005537469753408974,0.06541748344898224,,,,,,,,0.0,0.6544299721717834,0.2118419666334385,-0.00029580001011934073,0.002018481260165572
2342912,308.1397143890208,0.005445686743192297,0.06279297173023224,,,,,,,,0.0,0.6519392132759094,0.20963499439554867,-0.0006068625652842848,0.004719953518360853
2351104,310.0527885570191,0.006431142313930155,0.07891845703125,,,,,,,,0.0078125,0.654722273349762,0.20998014997022732,-0.00021009952129685293,0.0022714484948664904
2359296,312.2900659000152,0.0058079534504042706,0.06781005859375,0.0022925705955475495,0.21670480041794976,0.2150717783723619,333,219.2640557287721,47.25,nan,0.0,0.653003454208374,0.20720471238427157,-0.00191346495780369,0.004811457823961973
2367488,314.73530168499565,0.006042259574363752,0.07135009765625,,,,,,,,0.0078125,0.6513861417770386,0.2100438287228305,-0.00014694290877054845,0.010658586397767067
2375680,321.49398803702206,0.007025762862654137,0.08924560993909836,,,,,,,,0.0,0.6552914381027222,0.21149033370352002,-0.0021314205732542095,0.0017673701513558626
2383872,331.09757506201277,0.005883714767823598,0.06704101711511612,,,,,,,,0.0,0.6519598960876465,0.2092333256844507,0.0010563068882068697,0.007797341328114271
2392064,340.6497360220237,0.006020084236377335,0.07354736328125,,,,,,,,0.0078125,0.654148519039154,0.20837956967075938,-7.868256420252244e-06,0.004628773313015699
2400256,349.9946853760048,0.005615459039491647,0.06589355319738388,,,,,,,,0.0,0.6545476913452148,0.21165505556185446,-0.0009416543657213707,0.003246758133172989
2408448,359.541927141021,0.005667320274075627,0.06594238430261612,,,,,,,,0.0078125,0.652088463306427,0.21081142110451387,-0.0006021487381212281,0.007547236513346434
2416640,369.15027064600145,0.007046000151217347,0.08710937947034836,,,,,,,,0.0,0.6551240086555481,0.21053589308619283,0.0009758770000708517,0.001891043852083385
2424832,378.5546819010051,0.005209204777154475,0.05856933817267418,0.0015344947116908703,0.2207867403043599,0.2150036739309337,333,219.22954599087598,40.35,nan,0.0,0.652449905872345,0.20691132029464554,0.0001281307368530194,0.0034422408789396286
2433024,389.227133295004,0.007416480778886624,0.09650879353284836,,,,,,,,0.0078125,0.6519279479980469,0.2071295865366054,-0.0023777706663368836,0.00813650619238615
2441216,398.64760484799626,0.006487942661088281,0.07912597805261612,,,,,,,,0.0,0.6544381380081177,0.21061544255134473,-0.0013684069639721575,0.0024963298346847296
2449408,408.0583123220131,0.005441893860161165,0.06173095852136612,,,,,,,,0.0,0.6511496305465698,0.21056252494001124,-0.0006824182807817986,0.007900118827819824
2457600,417.7716647060006,0.007336346317872718,0.09359131008386612,,,,,,,,0.0078125,0.6546813249588013,0.20671083204597918,-0.0019394946989888945,0.0029498643707484007
2465792,427.05311257901485,0.005929245825669255,0.07082519680261612,,,,,,,,0.0,0.6536121964454651,0.20954058948882284,0.00011321763606595296,0.005147198680788279
2473984,436.9644270480203,0.006948107804240081,0.08509521931409836,,,,,,,,0.0078125,0.6527438759803772,0.20759698011962358,7.42194632601511e-06,0.005081579554826021
2482176,447.1684129650239,0.00619495515447754,0.07382812350988388,,,,,,,,0.0,0.6547995209693909,0.20880508743487652,-0.001078287304072728,0.003107999684289098
2490368,457.5052248800057,0.0052393974513281335,0.06009521707892418,0.0016286911040137575,0.21671826232772795,0.21495124825373552,333,219.21153476902447,45.0,nan,0.0,0.6509968638420105,0.20931640320203582,-5.746133708906475e-05,0.009782791137695312
2498560,467.8082285260025,0.006108455185742888,0.07338867336511612,,,,,,,,0.0078125,0.6531320214271545,0.20894316090027004,0.0007968763474954861,0.006516071502119303
2506752,478.5246045300155,0.005942056100192124,0.07030029594898224,,,,,,,,0.0,0.6535211801528931,0.2066349937355391,-0.0015501428426334797,0.003468350740149617
2514944,489.1437439750007,0.0058152860174483624,0.06917724758386612,,,,,,,,0.0078125,0.6492419242858887,0.20949115687982292,-0.00027605864081036504,0.011048037558794022
2523136,499.81234624501667,0.0067131107189545266,0.08194579929113388,,,,,,,,0.0,0.6559305787086487,0.21069552748132056,-0.0006123560997966201,0.0011790096759796143
2531328,509.68850118500995,0.00633712635675659,0.07789307087659836,,,,,,,,0.0,0.6525189876556396,0.20974336852411998,-0.000337811031327258,0.006640722043812275
2539520,518.8752643619955,0.006536682641618278,0.08013916015625,,,,,,,,0.0078125,0.6528024077415466,0.21040719334267233,-0.0005335312166842506,0.008875054307281971
2547712,528.4065857170208,0.006082157994185704,0.07492675632238388,,,,,,,,0.0,0.654773473739624,0.20869033343354215,-0.00047396395580733415,0.0019138514762744308
2555904,538.3589572689962,0.005477197686684404,0.06358642876148224,0.00228048725612251,0.21871565488710848,0.215065414816702,333,219.23577745413414,42.6,nan,0.0,0.6519637703895569,0.2085876229765931,-0.0001741584967128998,0.006105490028858185
2564096,549.0822879930201,0.006688817887238132,0.08327636867761612,,,,,,,,0.0078125,0.6550711393356323,0.20858408534736533,0.000344834461290122,0.0025353534147143364
2572288,558.421440570004,0.006600728711329143,0.08017577975988388,,,,,,,,0.0,0.6538163423538208,0.20970387021774184,-0.0007803227186377427,0.0044563026167452335
2580480,567.9710266810143,0.0070859888461180165,0.08903808891773224,,,,,,,,0.0078125,0.6528571844100952,0.20962704250716188,-0.00048473850867784986,0.007230650167912245
2588672,577.501043087017,0.006540812231712358,0.08049316704273224,,,,,,,,0.0,0.655889093875885,0.21224175491350333,-0.0006148048065098395,0.0009763451525941491
2596864,586.8622069170233,0.005531596128144533,0.06292724609375,,,,,,,,0.0,0.6544820666313171,0.21073077722245342,0.000569025802885203,0.0025190634187310934
2605056,596.3209213770169,0.006299735296209182,0.07611083984375,,,,,,,,0.0078125,0.6552401781082153,0.21099823264982046,-0.000941394409665472,0.0026807186659425497
2613248,605.7605480140192,0.0068031143446604,0.08497314900159836,,,,,,,,0.0,0.6540027856826782,0.21157184056642966,-0.0001639169177278421,0.003380299312993884
2621440,615.4595952480158,0.006497199554846656,0.08011474460363388,0.002441497324840114,0.2214276398481941,0.2150593775587654,333,219.2193925367286,41.400000000000006,nan,0.0078125,0.6504232883453369,0.2106369506333936,-0.0013647532856956354,0.010929069481790066
2629632,625.9048126770067,0.007351684348560372,0.09326171875,,,,,,,,0.0,0.6563671827316284,0.21071477869378427,0.0003904134287453086,0.00117712642531842
2637824,635.1227562600106,0.006710272865735703,0.08138427883386612,,,,,,,,0.0,0.6539061665534973,0.20947521898612256,-0.002570159896308904,0.0032994672656059265
2646016,644.8175547800201,0.007256737056167558,0.09207763522863388,,,,,,,,0.0078125,0.6540226936340332,0.20538689263366128,-0.0023250286153909646,0.004751770291477442
2654208,654.0443727280071,0.005980473313883587,0.07188721001148224,,,,,,,,0.0,0.6545470952987671,0.21052820134817662,-0.00042665008885276704,0.0025273789651691914
2662400,663.4907650910027,0.0055894841309028515,0.0635986328125,,,,,,,,0.0,0.6512923240661621,0.20920704395933848,-0.0012625359620432397,0.009106813929975033
2670592,672.9291244769993,0.006515267157289927,0.08062744140625,,,,,,,,0.0078125,0.654509425163269,0.2106817022654893,0.0001413417829699925,0.002078459830954671
2678784,682.2909624440072,0.006337648154756015,0.07689209282398224,,,,,,,,0.0,0.6536878943443298,0.21221326225239,-0.0009486984607991345,0.0022880712058395147
2686976,691.6436077390099,0.006965801055529174,0.08684082329273224,0.0013509607087429654,0.21646348192821913,0.21504365110156934,333,219.2407359832473,41.550000000000004,nan,0.0078125,0.6524844765663147,0.21038866779726786,-0.00022698752858039677,0.005483725108206272
2695168,702.9558725420211,0.005793659032870125,0.06955566257238388,,,,,,,,0.0,0.6561273336410522,0.2100357616096001,0.0014201547822965458,0.0015475968830287457
2703360,712.8807715360017,0.006056461887013779,0.07473144680261612,,,,,,,,0.0,0.6528730392456055,0.21075240957131852,-0.00012115280624061585,0.0036076772958040237
2711552,723.1747035330045,0.007443869918513087,0.09403076022863388,,,,,,,,0.0078125,0.6543698310852051,0.21087019086730668,-0.00029891392910022887,0.003399779787287116
2719744,733.7723139040172,0.0060100522333083805,0.07059326022863388,,,,,,,,0.0,0.65467369556427,0.21073150552621542,-1.863865373569313e-05,0.0019667649175971746
2727936,744.2464758380083,0.00561154214192408,0.06492920219898224,,,,,,,,0.0078125,0.6515464782714844,0.21055166614172074,-0.0006910209671991075,0.005160259548574686
2736128,754.0002271500125,0.007405611833289131,0.09339600056409836,,,,,,,,0.0,0.6559488773345947,0.21182557975768374,0.0007390593361178638,0.0011767344549298286
2744320,763.8558568140143,0.0062050973676603255,0.07521972805261612,,,,,,,,0.0,0.653047502040863,0.2103045873327313,-0.0008547765982815464,0.004212453495711088
2752512,774.0820552770165,0.0065948491918078654,0.07867431640625,0.0022652265635945135,0.21831899054182355,0.2150761418699274,333,219.3291382999477,37.95,nan,0.0078125,0.6532037854194641,0.20914904248346552,-0.0002828861132102273,0.005731602665036917
2760704,785.5912464430148,0.006863820027322046,0.08465576171875,,,,,,,,0.0,0.6555529832839966,0.2086242362767147,0.0005880007865983347,0.0016354148974642158
2768896,795.7885107700131,0.006041035419671874,0.07158203423023224,,,,,,,,0.0,0.6537842750549316,0.20636756469055934,-0.0018920336635743454,0.005756163503974676
2777088,806.5459369650052,0.006292347817629153,0.07559814304113388,,,,,,,,0.0078125,0.6555115580558777,0.20822427955344094,-0.0023211653058361876,0.002417380455881357
2785280,816.7209569400002,0.006059335956952643,0.07286377251148224,,,,,,,,0.0,0.6552194356918335,0.2099356831448486,-0.0009874131046521217,0.0022133567836135626
2793472,826.863435006002,0.006533347503665857,0.08037109673023224,,,,,,,,0.0078125,0.6543180346488953,0.20902006398139092,-0.0008772025352650367,0.00349843199364841
2801664,836.2435710740101,0.0070002507605342245,0.08876953274011612,,,,,,,,0.0,0.6556699872016907,0.20998813128557098,-0.00047917514766785297,0.0011871050810441375
2809856,847.0855940979964,0.006272863796193396,0.07630615681409836,,,,,,,,0.0,0.652912437915802,0.209560402416121,-0.0009558280299742459,0.005179393570870161
2818048,858.0763384300226,0.006377946584210112,0.07875976711511612,0.0020356243489948467,0.21647271435795531,0.21502250930548822,333,219.25706080726565,28.650000000000002,nan,0.0078125,0.654384970664978,0.2093422281853456,-0.0011573871765896485,0.0027039863634854555
2826240,870.3468112560222,0.006911368202675106,0.08724365383386612,,,,,,,,0.0,0.6542602777481079,0.21064398574808033,-0.0019700579152047253,0.004365039058029652
2834432,881.5543477360043,0.006878565624884106,0.08466797322034836,,,,,,,,0.0,0.6515620946884155,0.2104484430012604,-0.0009509896939366068,0.01438057143241167
2842624,892.7066158539965,0.007014809510764411,0.08723144978284836,,,,,,,,0.0078125,0.6557601094245911,0.21174337469518068,-0.0020143254122270914,0.0017469130689278245
2850816,904.0463908530073,0.005616956290854122,0.06771240383386612,,,,,,,,0.0,0.6533218622207642,0.2103102518160052,-0.0019021410841248377,0.004626349080353975
2859008,924.1268039800052,0.006518777635697887,0.08028564602136612,,,,,,,,0.0078125,0.6534219980239868,0.21093627228466158,-0.00045558111858668045,0.005070110317319632
2867200,937.6066882860032,0.0064350044545511634,0.07933349907398224,,,,,,,,0.0,0.6554239392280579,0.2119092828271873,-0.00043847178776796876,0.0018788728630170226
2875392,949.4251854830072,0.005022660047835253,0.0567626953125,,,,,,,,0.0,0.6535362601280212,0.2109857519602684,0.00015060206631267145,0.004542498383671045
2883584,960.7503236659977,0.006803077687714341,0.08538818359375,0.0017649080361721303,0.21915263233480817,0.21504983793330673,333,219.23100495582872,8.55,nan,0.0078125,0.6552948951721191,0.2102977454080214,-0.0007330326367072954,0.0018342540133744478
2891776,973.5897767050192,0.006838849701661948,0.08629150688648224,,,,,,,,0.0,0.6527571678161621,0.21006745697663906,-0.0014220313367806607,0.006415319629013538
2899968,985.6872543939971,0.005719694567690167,0.06867676228284836,,,,,,,,0.0078125,0.6510871052742004,0.2087325213342041,0.0009522719576928308,0.014886528253555298
2908160,997.0768099550041,0.005614549469717841,0.06599121540784836,,,,,,,,0.0,0.6556698679924011,0.21136932602177594,-0.0002492877620996077,0.0013981584925204515
2916352,1008.9755162800138,0.005529632091643937,0.06462402641773224,,,,,,,,0.0,0.6521851420402527,0.21052434932679714,-0.0015685697574669194,0.003827447770163417
2924544,1020.2720425360021,0.007194813358007686,0.09177245944738388,,,,,,,,0.0078125,0.6542178988456726,0.2107840456395334,-0.0015797278743435142,0.003588114632293582
2932736,1031.7080288139987,0.006106158746823001,0.07355957478284836,,,,,,,,0.0,0.655102550983429,0.2086220751117278,-4.539061684449906e-05,0.002665390493348241
2940928,1043.8360295839957,0.006256935775132744,0.07669677585363388,,,,,,,,0.0,0.6527650356292725,0.20832772580754172,-0.00031650030663642203,0.007548689842224121
2949120,1055.8970566659991,0.007214421839026167,0.09176025539636612,0.001994530352992352,0.216479592257305,0.21502080668264356,333,219.23570256563227,48.45,nan,0.0078125,0.6568464040756226,0.21193249590304925,-0.0017585242450061378,0.0009479679283685982
2957312,1068.7182265980227,0.005863872378210833,0.07001953572034836,,,,,,,,0.0,0.655305027961731,0.20979846105478503,-0.0009178564188592358,0.0017821707297116518
2965504,1080.7774867080152,0.006645701466198993,0.08270263671875,,,,,,,,0.0078125,0.6548705101013184,0.20903125442253087,0.0009125017941022964,0.003406297415494919
2973696,1092.7719916130009,0.006574960697810002,0.08027344197034836,,,,,,,,0.0,0.6555207371711731,0.21171652087192078,-0.0022369576028817523,0.0018034697277471423
2981888,1104.4155252390192,0.007328952825273478,0.09708251804113388,,,,,,,,0.0,0.6530237793922424,0.21035640666935634,-0.0004894671909144854,0.003940839786082506
2990080,1116.796663946996,0.00627655070797152,0.07575684040784836,,,,,,,,0.0078125,0.6552746295928955,0.21069948446682302,-0.0016816531111891006,0.0024802149273455143
2998272,1128.8946690020093,0.005761402853013595,0.06894531100988388,,,,,,,,0.0,0.6548469066619873,0.2103856576503207,-0.0012387895715480803,0.002304678549990058
3006464,1141.0208971580141,0.006810581920476028,0.08428955078125,,,,,,,,0.0078125,0.6534902453422546,0.2084608384245088,-0.0011736440475410771,0.007221297360956669
3014656,1152.8472602010006,0.006561463501852352,0.07961425930261612,0.0015592794910884722,0.22070082709012734,0.21500836365538195,333,219.25149072051323,45.0,nan,0.0,0.6570253372192383,0.2105510233606537,-0.0013663595744162387,0.0009528036462143064
3022848,1166.0023558520188,0.006891631749745718,0.0882568359375,,,,,,,,0.0,0.6550705432891846,0.21106195153021007,-0.0008628393169392613,0.0022617557551711798
3031040,1176.9918797140126,0.006907415138423437,0.08865966647863388,,,,,,,,0.0078125,0.6553800106048584,0.21040200314753182,-0.0018748529793098081,0.0023774716537445784
3039232,1187.5896357629972,0.00562637318797402,0.06777343899011612,,,,,,,,0.0,0.656108558177948,0.20942351663850362,-0.0006790418948864822,0.001658545690588653
3047424,1198.5884942840203,0.005949377879291734,0.07017822563648224,,,,,,,,0.0,0.6544955372810364,0.2079779979603161,-0.00041332999706029916,0.004973874893039465
3055616,1205.0283655090025,0.006327167351153063,0.07762451469898224,,,,,,,,0.0078125,0.6564040184020996,0.20830212480903715,-0.0016418076490111973,0.0010518943890929222
3063808,1207.0601688140014,0.006128837078247611,0.07468261569738388,,,,,,,,0.0,0.6550002694129944,0.2095290127944686,-0.001695566799059841,0.0022627476137131453
3072000,1209.075312407018,0.00693417737974383,0.08726806938648224,,,,,,,,0.0078125,0.6540823578834534,0.21089918316952683,-0.000535103321704551,0.003506627632305026
3080192,1211.10505636601,0.0067366012197462135,0.08277588337659836,0.002104353480821608,0.22086333833712649,0.21503422242231623,333,219.2677964758152,37.95,nan,0.0,0.6556622385978699,0.20916527288678002,-0.0025028555687601713,0.001017103553749621
3088384,1213.5534271130164,0.004992112201542713,0.05588379129767418,,,,,,,,0.0,0.6529737710952759,0.2087592648104423,0.0010366725310062832,0.005340962670743465
3096576,1215.6946278290125,0.006424458652961285,0.07911377400159836,,,,,,,,0.0078125,0.6554282903671265,0.21057320197355645,-0.0009286988905278099,0.0017795584863051772
3104768,1217.8064317200042,0.006086979227372043,0.07362060993909836,,,,,,,,0.0,0.6550958752632141,0.21040841044356512,-0.0014501884707664302,0.0015527007635682821
3112960,1219.8488642600132,0.005680658430592711,0.06599121540784836,,,,,,,,0.0078125,0.6541438102722168,0.21143936858797113,-0.0006061200523365638,0.0035962865222245455
3121152,1221.7984780300176,0.006943817572261837,0.08762206882238388,,,,,,,,0.0,0.6566545367240906,0.2106558793989372,-0.000362316845874472,0.0008268909878097475
3129344,1223.9943092260219,0.005163946679148622,0.05791015550494194,,,,,,,,0.0,0.655027449131012,0.2097986852869956,9.413041846858192e-05,0.004641428589820862
3137536,1225.9050746200082,0.007886909464462437,0.103515625,,,,,,,,0.0078125,0.655775785446167,0.20965252606065587,-0.0009324965548262808,0.0029659613501280546
3145728,1228.0915757729963,0.005435401394603969,0.06182861328125,0.00161261605256946,0.21901462413341927,0.2150273337106246,333,219.28667347511623,49.650000000000006,nan,0.0,0.6554601192474365,0.21081897138960817,-0.001213597276656414,0.001249233609996736
3153920,1230.409759975999,0.00556378803224255,0.0655517578125,,,,,,,,0.0,0.6538999676704407,0.2107057988026202,-0.0007577066277401973,0.004119820427149534
3162112,1232.497954785009,0.005539436656797264,0.06341552734375,,,,,,,,0.0078125,0.6563343405723572,0.21123041430575146,0.00018798658007395264,0.001007375307381153
3170304,1234.511474930012,0.0058136708324823,0.06998290866613388,,,,,,,,0.0,0.6546310186386108,0.20942005735981203,-0.0015190300566842402,0.003168359398841858
3178496,1236.672353388014,0.007444229344996962,0.09587402641773224,,,,,,,,0.0078125,0.6542993783950806,0.21060471280740392,-0.0015210582760280728,0.005975797306746244
3186688,1238.806886254024,0.006894357957184622,0.08698730915784836,,,,,,,,0.0,0.656176745891571,0.21149911396872026,-0.0008234116148080503,0.0009805209701880813
3194880,1241.0592328229977,0.006788529049200742,0.08642578125,,,,,,,,0.0,0.6549010872840881,0.2085597281787804,-0.0019229044794176428,0.003922315780073404
3203072,1243.4168496009952,0.007631728423742882,0.09821777790784836,,,,,,,,0.0078125,0.6566058397293091,0.20851483458455378,-0.0011586867737729718,0.0019327799091115594
3211264,1245.5363637460105,0.005151904022007121,0.05678711086511612,0.0018765397789238802,0.22056891681078458,0.21509725621046463,333,219.32309180538357,39.150000000000006,nan,0.0,0.6561446189880371,0.21159044402879662,-0.0006024361676633627,0.0010238735703751445
3219456,1247.831888618006,0.005751907596655694,0.06975097954273224,,,,,,,,0.0078125,0.6551318764686584,0.20884451125879927,-0.0009721443093001717,0.002514377934858203
3227648,1250.0384912000154,0.0070398531629917525,0.08831787109375,,,,,,,,0.0,0.657101035118103,0.21272161670632017,-0.001617149565375984,0.000435789319453761
3235840,1251.9608703830163,0.005710776054278325,0.06914062798023224,,,,,,,,0.0,0.6560809016227722,0.2114683515926694,-8.409632155511438e-05,0.0015354858478531241
3244032,1253.922187306016,0.006473323117280608,0.08000488579273224,,,,,,,,0.0078125,0.6562262773513794,0.2117360375045903,-0.0006456413944499109,0.001946411095559597
3252224,1256.0829404359974,0.00647364078601099,0.08074951171875,,,,,,,,0.0,0.6569518446922302,0.20991394382531064,-0.0008674512019792969,0.001051434432156384
3260416,1258.151178382017,0.0059732319803805015,0.0706787109375,,,,,,,,0.0,0.6550203561782837,0.21001859469326534,-0.001072611156920949,0.003477843478322029
3268608,1260.3466804939962,0.006741433791344485,0.08139648288488388,,,,,,,,0.0078125,0.6567925214767456,0.21189054150020828,-0.0018934634213025041,0.0007833752897568047
3276800,1262.5564655160124,0.006195349568294943,0.07515869289636612,0.0017093065111647432,0.21684337153035477,0.21504546422171064,333,219.31514340352115,22.5,nan,0.0,0.655079185962677,0.21124178866014912,-0.001094880542627895,0.0026413865853101015
3284992,1265.0275128750072,0.006931303408522588,0.08747559040784836,,,,,,,,0.0078125,0.6547939777374268,0.20886539287714184,3.13998529363944e-05,0.003800962818786502
3293184,1267.448150131997,0.006911639703288836,0.08745117485523224,,,,,,,,0.0,0.6564199328422546,0.21003337983742437,-0.002942101614722434,0.0011184153845533729
3301376,1269.5722663080087,0.006236813103300011,0.07447510212659836,,,,,,,,0.0,0.6551288366317749,0.2102748090261485,-0.0025944358845558287,0.0029237319249659777
3309568,1271.8608849970042,0.005809810070430797,0.06859131157398224,,,,,,,,0.0078125,0.656663715839386,0.21006352565621306,-0.00010658989468533449,0.001153751160018146
3317760,1274.1915574239974,0.00625387352363431,0.07620849460363388,,,,,,,,0.0,0.656575083732605,0.20893740446947667,-0.0005806599157820852,0.0009696598281152546
3325952,1276.655662374018,0.006607729975040968,0.08297119289636612,,,,,,,,0.0078125,0.6557598114013672,0.20801173668344936,-0.0013010076623272977,0.002434136113151908
3334144,1278.9552895220113,0.006091906230083183,0.07025146484375,,,,,,,,0.0,0.6567543745040894,0.20854079990553137,6.601761400020643e-05,0.0005463112611323595
3342336,1281.4727548120136,0.00600863494036982,0.07171630859375,0.0020298860310570266,0.22073289921614186,0.21508788911674553,333,219.27836381219785,24.0,nan,0.0,0.6552506685256958,0.2081693007587512,-0.0012733660180480836,0.002223390154540539
3350528,1283.8848185590177,0.006989845958964455,0.08746337890625,,,,,,,,0.0078125,0.6557837128639221,0.20964803254529768,-0.0010219429539319095,0.0025144012179225683
3358720,1286.3171309099998,0.006463338847028103,0.07591553032398224,,,,,,,,0.0,0.6566081047058105,0.21146407109137422,-6.392492520357492e-05,0.0007966526900418103
3366912,1288.7036184020108,0.007387561710962734,0.09648437798023224,,,,,,,,0.0,0.6548555493354797,0.21087430458706086,-0.001129208675962797,0.002949289744719863
3375104,1291.0096446730022,0.007110991600728114,0.08934326469898224,,,,,,,,0.0078125,0.6566780209541321,0.21207390646323945,-0.00269380295097274,0.0006086757057346404
3383296,1293.6450227940222,0.005950919567676068,0.07054443657398224,,,,,,,,0.0,0.6552464962005615,0.2106268951560572,-0.0005950214699464547,0.002129808533936739
3391488,1295.8790113130235,0.006818191852044047,0.084716796875,,,,,,,,0.0078125,0.6552740931510925,0.2115147977134581,0.0003095427792652315,0.0027632350102066994
3399680,1298.4436254420143,0.007371829381251163,0.0947265625,,,,,,,,0.0,0.6566076278686523,0.2107314476639434,0.0004968479192402174,0.000950339250266552
3407872,1300.874857259012,0.006971831534146916,0.08626709133386612,0.001852174259172945,0.21960132945269845,0.21505068199744773,333,219.25406787290623,39.150000000000006,nan,0.0,0.6554966568946838,0.2103824078099754,0.00014813432758599854,0.003589976578950882
3416064,1303.598976186011,0.007424952728844622,0.09647216647863388,,,,,,,,0.0078125,0.6565440893173218,0.2093263192842453,-0.0022717643356032695,0.0012242257362231612
3424256,1305.7522328930208,0.006505597901604665,0.08009033650159836,,,,,,,,0.0,0.656036913394928,0.2110952345805051,-0.0019357166776232345,0.0010147038847208023
3432448,1307.9861008200096,0.005863971776688926,0.07038574665784836,,,,,,,,0.0078125,0.6549089550971985,0.2108578250276047,-0.0009095059754000924,0.0024699631612747908
3440640,1310.304101629008,0.0071063241494346415,0.08984375,,,,,,,,0.0,0.6570108532905579,0.21178674573125114,-0.0005080243055231665,0.0005490787443704903
3448832,1312.8290285740222,0.00608326888943493,0.07365722954273224,,,,,,,,0.0,0.6559144854545593,0.21109247122306923,-0.0013159380283831032,0.001631412305869162
3457024,1315.153437867004,0.007785983282136358,0.10295410454273224,,,,,,,,0.0078125,0.6562696695327759,0.21043311532924744,-0.0013304842771639173,0.0018894243985414505
3465216,1317.5137478980178,0.007117505323214396,0.08840332180261612,,,,,,,,0.0,0.6568877696990967,0.21170653707602524,-0.00037567945120499656,0.0012681734515354037
3473408,1319.7970128150191,0.006211906627897464,0.07349853962659836,0.0017561752825525634,0.21826766918493506,0.21505805663828795,333,219.28830726320953,8.55,nan,0.0,0.6558383703231812,0.20968145171302582,-0.0012699882033269144,0.004120770841836929
3481600,1322.3252875650069,0.007502657398050188,0.09468994289636612,,,,,,,,0.0078125,0.65751051902771,0.21016652042449652,-0.0017168999021239459,0.0004734354151878506
3489792,1324.7116941580025,0.006788744753960516,0.08439941704273224,,,,,,,,0.0,0.6574114561080933,0.2087142817775988,-0.002100629681131367,0.0007565926061943173
3497984,1327.1881773490168,0.007346760806752262,0.09310302883386612,,,,,,,,0.0078125,0.6566975712776184,0.21018406082740948,3.789634788868671e-06,0.0014297995949164033
3506176,1329.5923485590029,0.007541892185627933,0.09439697116613388,,,,,,,,0.0,0.6567509770393372,0.212252281077541,6.71935639304623e-05,0.0006308368756435812
3514368,1331.977525786002,0.008176802279359663,0.10565185546875,,,,,,,,0.0,0.6560057997703552,0.21049294293942808,-0.0012457712613339288,0.0012374636717140675
3522560,1334.4654623219976,0.007025372574047012,0.08646240085363388,,,,,,,,0.0078125,0.6564918756484985,0.20970693804661295,-1.409307135336568e-05,0.0012768700253218412
3530752,1336.8465181390056,0.006008797292957867,0.0721435546875,,,,,,,,0.0,0.656713604927063,0.21147671750055125,0.0004839233088489083,0.0011716227745637298
3538944,1339.319246988016,0.0076999450062304325,0.09647216647863388,0.002289947460079822,0.22102147459166913,0.21508452857390847,333,219.31934319918454,41.400000000000006,nan,0.0078125,0.6558540463447571,0.2119556567917893,-0.0008040801210509024,0.0023747580125927925
3547136,1342.0759470910125,0.006713935739094994,0.08399658650159836,,,,,,,,0.0,0.6568922996520996,0.21027446966543645,-4.705843773142546e-05,0.0006287912256084383
3555328,1344.6379937849997,0.005700327276283832,0.06475830078125,,,,,,,,0.0,0.6552731394767761,0.21082125399005255,0.00018167337480717014,0.0019932370632886887
3563520,1347.1835717830108,0.006268670188968694,0.0748291015625,,,,,,,,0.0078125,0.6562709212303162,0.2113540245686011,8.652653623212085e-06,0.00207218318246305
3571712,1349.7986704220239,0.005546997028090812,0.06520996242761612,,,,,,,,0.0,0.6573804020881653,0.21225348685617224,0.0009099833834221192,0.0005387509590946138
3579904,1352.385596644017,0.005700550791153837,0.06796874850988388,,,,,,,,0.0,0.656684935092926,0.2103482992694748,0.0004772624789408466,0.0016118970233947039
3588096,1354.8119824810128,0.007335521288081998,0.09291992336511612,,,,,,,,0.0078125,0.657528281211853,0.21106559952768705,-0.002010031962154369,0.0006071735988371074
3596288,1357.2396692199982,0.006633456379264988,0.08183594048023224,,,,,,,,0.0,0.6570152640342712,0.2108764439267276,-0.0007505275779226493,0.0010236146626994014
3604480,1359.838015418005,0.0061161901389957555,0.07315673679113388,0.0016265086933077155,0.22056866964704597,0.21505853410997527,333,219.296805515389,17.85,nan,0.0078125,0.6564563512802124,0.21020776929505974,0.001174084681098273,0.0015875056851655245
3612672,1362.6542545990087,0.005919985595273956,0.06717529147863388,,,,,,,,0.0,0.6567506194114685,0.21032841436072522,0.0005011915962727457,0.0006741599063389003
3620864,1365.0998082470032,0.006451543330394949,0.07685547322034836,,,,,,,,0.0,0.6552920937538147,0.21122812219559886,-0.00021769388856196753,0.0018067520577460527
3629056,1367.43586444002,0.006705782381132253,0.08400879055261612,,,,,,,,0.0078125,0.6566723585128784,0.21142843945154638,0.00014003835492149643,0.0009935667039826512
3637248,1369.953967975016,0.006414410575897545,0.07728271931409836,,,,,,,,0.0,0.6571028232574463,0.21026993509144512,-0.0015651762979960683,0.0006141201010905206
3645440,1372.2145888920058,0.007527491071323955,0.09649658203125,,,,,,,,0.0078125,0.6565969586372375,0.21004205152226835,-0.0010294438388028589,0.0015573098789900541
3653632,1374.6162338380236,0.007288689358880426,0.09407959133386612,,,,,,,,0.0,0.6567930579185486,0.21211112691842698,-0.000713206444401441,0.0004486797552090138
3661824,1377.1134761770081,0.006138829496053524,0.07286377251148224,,,,,,,,0.0,0.6552048921585083,0.21129422221469843,-0.0009801136867662805,0.002801017602905631
3670016,1379.5272240659979,0.007121439038668547,0.09056396782398224,0.0019046948283275578,0.2204089047483985,0.21508451999599454,333,219.32020633746842,28.650000000000002,nan,0.0078125,0.6560836434364319,0.2109921602943705,0.0005182522429996901,0.0024062052834779024
3678208,1382.42284495302,0.007656106895773878,0.09715576469898224,,,,,,,,0.0,0.6566908955574036,0.21311812366887772,0.0003292558413013037,0.0006913950201123953
3686400,1384.9185168730037,0.0062934893435061205,0.07711181789636612,,,,,,,,0.0,0.6559097766876221,0.2120932505266969,-0.0016178550192787963,0.0017003528773784637
3694592,1387.4854507860146,0.0075419176308725334,0.09541016072034836,,,,,,,,0.0078125,0.6573898196220398,0.21147558790787796,-0.00043407907634164533,0.0004432799469213933
3702784,1390.056354995002,0.005687329794427132,0.06538086384534836,,,,,,,,0.0,0.6569721698760986,0.2115760629927022,0.0007948625361508459,0.0013592381728813052
3710976,1392.4706057370058,0.00750081238746492,0.09812011569738388,,,,,,,,0.0078125,0.6569392681121826,0.2116513766115365,-0.0013871785266377987,0.001905742334201932
3719168,1395.1086188650224,0.006653687751860438,0.08172607421875,,,,,,,,0.0,0.6575959920883179,0.21244108335110776,-0.0006398635165378149,0.0004793799598701298
3727360,1397.5096200749977,0.006263813988885161,0.07611083984375,,,,,,,,0.0,0.6571124792098999,0.21130217472758886,-0.000323500177219519,0.0009079972514882684
3735552,1400.1237397330115,0.008226140160325471,0.10869140923023224,0.0016125954732003622,0.21654004029349597,0.2150735266126112,333,219.32805567911626,40.35,nan,0.0078125,0.6574687361717224,0.21176609679588787,-0.0013742452535874345,0.0008668312802910805
3743744,1403.0726885460026,0.007626529460711365,0.09581299126148224,,,,,,,,0.0,0.6572933793067932,0.21229670709529197,2.162101603499344e-05,0.0004289313219487667
3751936,1405.546733420022,0.006786503675479724,0.0850830078125,,,,,,,,0.0078125,0.6563875675201416,0.21163871055474978,0.00011995333004869566,0.0009508064831607044
3760128,1408.0896140639961,0.0066334799913179065,0.08350830525159836,,,,,,,,0.0,0.6575875282287598,0.21195488558477177,-0.0005756342496954254,0.00038175014196895063
3768320,1410.6215270069952,0.007212172907601538,0.09288330376148224,,,,,,,,0.0,0.6567786335945129,0.21074000741101692,-0.0005828932372375543,0.0015530280070379376
3776512,1413.218398031022,0.007483566264248936,0.09553223103284836,,,,,,,,0.0078125,0.6566430926322937,0.20985557996004894,-0.0004870029743101626,0.001635259366594255
3784704,1415.752178499999,0.0060841577041852975,0.07412109524011612,,,,,,,,0.0,0.6564050912857056,0.2112026051801308,-0.0002478254192028303,0.0007290859939530492
3792896,1418.2806263940001,0.006636216214887808,0.08222656697034836,,,,,,,,0.0,0.655259370803833,0.21123409821670944,0.000673622985010659,0.0022745132446289062
3801088,1420.9110905319976,0.007949904491785443,0.10203857719898224,0.0016389626644324196,0.21984386524541094,0.21502264245322622,333,219.30812310677598,45.0,nan,0.0078125,0.6573909521102905,0.21186250953437064,-0.0006368568985238333,0.00035876090987585485
3809280,1423.744589613023,0.006200595139613886,0.0762939453125,,,,,,,,0.0,0.6572995781898499,0.21085427300880277,-0.0010591426768901788,0.0010378009174019098
3817472,1426.4100620500103,0.0078092533267647875,0.10081787407398224,,,,,,,,0.0078125,0.6567031145095825,0.20900455518715444,-0.0010073001781258947,0.0020086353179067373
3825664,1428.8809747759951,0.008208911754154861,0.10550536960363388,,,,,,,,0.0,0.6570641398429871,0.21127805148159645,0.001314044884411246,0.0006527371588163078
3833856,1431.4874569300155,0.0065516885789816195,0.07581787556409836,,,,,,,,0.0,0.6558709740638733,0.21179898921210386,0.002578430043683938,0.0022851740941405296
3842048,1433.970518954011,0.007942572223151851,0.10175781697034836,,,,,,,,0.0078125,0.6568435430526733,0.2110480671884313,0.0006641320363177733,0.0011292630806565285
3850240,1436.3505377690017,0.006546934422441636,0.07958984375,,,,,,,,0.0,0.6570755243301392,0.21165460796056856,0.0002096359350125868,0.0006372362258844078
3858432,1438.964195078006,0.006575847909382787,0.079345703125,,,,,,,,0.0078125,0.6566693186759949,0.2108974590902124,4.7579186603266327e-05,0.002104083774611354
3866624,1441.5500503799994,0.007931231207434811,0.10334473103284836,0.0018603558450751567,0.22051511844135335,0.21510774053517748,333,219.33883032780682,23.700000000000003,nan,0.0,0.6567238569259644,0.2125313112664356,0.000477248236073041,0.0005391045706346631
3874816,1444.378476288024,0.006557074090459528,0.07993163913488388,,,,,,,,0.0,0.6562641859054565,0.20645087636839982,-0.0006409157373490381,0.0012783607235178351
3883008,1446.9752520589973,0.006979235774140885,0.08771973103284836,,,,,,,,0.0078125,0.6566703915596008,0.205796538827965,0.0008527918430343167,0.0013528373092412949
3891200,1449.4455453790142,0.00767883902285017,0.10130615532398224,,,,,,,,0.0,0.6569181680679321,0.20998716360972963,9.424393830960409e-05,0.0005627036443911493
3899392,1452.0390738650167,0.006140009876629817,0.07343750447034836,,,,,,,,0.0,0.6560642719268799,0.2088389475427761,-0.00037537441094305036,0.0023547569289803505
3907584,1454.6348866909975,0.007198747286529203,0.08964844048023224,,,,,,,,0.0078125,0.6576535105705261,0.21146630160568347,0.000191005073938389,0.0004291939549148083
3915776,1457.1199412280112,0.006325095911881584,0.07733154296875,,,,,,,,0.0,0.6574551463127136,0.21187668841294555,0.00031276286202905866,0.00044474026071839035
3923968,1459.6815199620032,0.007049472230888543,0.092041015625,,,,,,,,0.0078125,0.65709388256073,0.21229817834989126,0.00025738716769133893,0.0011121006682515144
3932160,1462.2705506070051,0.006741367752954541,0.08278808742761612,0.0019404760837656854,0.21730511816412315,0.21507404906992336,333,219.32651076692278,19.05,nan,0.0,0.6576197743415833,0.21213878973204348,-0.00010481009197141405,0.0002661698672454804
3940352,1465.3069033710053,0.006546150391460487,0.08096923679113388,,,,,,,,0.0,0.6565676927566528,0.2125888577652017,-0.0017960878876692107,0.0007719288114458323
3948544,1467.5912050000043,0.006756604941867012,0.08598633110523224,,,,,,,,0.0078125,0.6571603417396545,0.21278874246753837,0.00012361320474611756,0.0004999680095352232
3956736,1470.4502722080215,0.006594927560965131,0.08186035603284836,,,,,,,,0.0,0.6569771766662598,0.21277366985114737,-0.001240533597352329,0.0006277236388996243
3964928,1472.6021837820008,0.006368391540272529,0.07792969048023224,,,,,,,,0.0078125,0.6567504405975342,0.21167838869539718,-0.0007880719100011067,0.002804630668833852
3973120,1475.016092808015,0.006656155215327495,0.08208008110523224,,,,,,,,0.0,0.6570647954940796,0.21115051587062178,0.0003847237516963651,0.0002816092746797949
3981312,1477.4062273029995,0.006339266518379027,0.07867431640625,,,,,,,,0.0,0.6567801833152771,0.2093185612209306,-0.00014033824581109037,0.0009215616737492383
3989504,1479.7894172109955,0.007569858646765799,0.09925537556409836,,,,,,,,0.0078125,0.6568584442138672,0.2092077856533392,-0.0008691112488343514,0.0009612288558855653
3997696,1482.1608315150079,0.006797279365441386,0.08492431789636612,0.0025089864916054694,0.21742832873602577,0.21508823047273337,333,219.32237860005966,41.400000000000006,nan,0.0,0.6570533514022827,0.21189138306817729,-0.0011786341837858436,0.0006363951833918691
4005888,1484.8695185100078,0.0066758514389695855,0.08293457329273224,,,,,,,,0.0,0.6563594937324524,0.20932017875290243,0.00020123169298967667,0.0016721889842301607
4014080,1487.3666488880117,0.007837732439521553,0.09737548977136612,,,,,,,,0.0078125,0.6567781567573547,0.2118114032740904,0.00019738007527246115,0.0006260432419367135
4022272,1489.7120753860218,0.005591133737433011,0.06218261644244194,,,,,,,,0.0,0.6559222936630249,0.21011995056407193,0.001489992113957314,0.001602392876520753
4030464,1492.2381344909954,0.007831191378598824,0.10202636569738388,,,,,,,,0.0078125,0.6560016870498657,0.20978147915551185,-0.0014575375802328397,0.0027353318873792887
4038656,1494.6066695930203,0.006820716189483631,0.08487548679113388,,,,,,,,0.0,0.6576241254806519,0.21339187781390892,-3.78260264594103e-05,0.00022633947082795203
4046848,1497.1247435630066,0.006202486811819945,0.0758056640625,,,,,,,,0.0,0.6570971012115479,0.21215155411784248,-0.000982350080157974,0.0007702700677327812
4055040,1499.516330909013,0.007308062315680455,0.09320068359375,,,,,,,,0.0078125,0.6573097109794617,0.2121684287509092,-0.0009619436448303891,0.0005608327919617295
4063232,1501.9459182440187,0.007030908411473951,0.08767089992761612,0.00227769014887802,0.2214349561270025,0.21504380217303978,333,219.33067537362655,37.95,nan,0.0,0.6572696566581726,0.21133641398542688,-0.0009230851963198832,0.0007296137046068907
4071424,1504.53292892201,0.006079840809576343,0.07342529296875,,,,,,,,0.0078125,0.6570645570755005,0.2107823952345805,0.0003598061629657605,0.0016233668429777026
4079616,1506.9634603640006,0.007826565614385729,0.10194092243909836,,,,,,,,0.0,0.6573761701583862,0.21119015700456223,-0.00034351248911085677,0.00042968601337634027
4087808,1509.3392581020016,0.0058378581246949866,0.06951904296875,,,,,,,,0.0,0.6564058661460876,0.21239111094843274,-0.00043901931598101904,0.0008283347124233842
4096000,1511.8738887020154,0.006920823877696121,0.08710937947034836,,,,,,,,0.0078125,0.6564398407936096,0.21172764956342163,-9.486803153985505e-05,0.001713426667265594
4104192,1514.2490873380157,0.0057513327270954625,0.06708984822034836,,,,,,,,0.0,0.6561643481254578,0.21191611024538726,0.0008135491712762604,0.000696713977959007
4112384,1516.5649390550097,0.006096715775609849,0.07288818806409836,,,,,,,,0.0,0.655739426612854,0.20889382309849824,0.0013242308441140586,0.002535679144784808
4120576,1518.9624802549952,0.008432412383991178,0.10616455227136612,,,,,,,,0.0078125,0.6572310924530029,0.20827126399135848,-0.0011506418893647192,0.0007785740890540183
4128768,1521.4259840140003,0.0065711419157469106,0.0748291015625,0.0017084950215180417,0.21698381745342482,0.2149970035032998,333,219.31880282304274,40.35,nan,0.0,0.6564397215843201,0.21186674003071793,0.0033993540120253124,0.002634952310472727
4136960,1524.1516632930143,0.006916541243943403,0.07957763969898224,,,,,,,,0.0078125,0.6562531590461731,0.21171961687189939,0.003205859246597661,0.004212511237710714
4145152,1526.3257283180137,0.006458746381799305,0.07973632961511612,,,,,,,,0.0,0.6578412652015686,0.212124433356651,-0.0007452630779566342,0.00032867095433175564
4153344,1528.6271808599995,0.006273929608844073,0.07656250149011612,,,,,,,,0.0,0.6571457386016846,0.21115913783310458,3.526061654508545e-07,0.0006523073534481227
4161536,1530.965943614021,0.007016354193104016,0.08754882961511612,,,,,,,,0.0078125,0.6572701334953308,0.2101433988258543,5.8625046438590226e-05,0.0005779265775345266
4169728,1533.2720884500013,0.006556843678431791,0.07744140923023224,,,,,,,,0.0,0.6569057703018188,0.21164393022853062,0.0005725335024423903,0.0008060993859544396
4177920,1535.731569305004,0.006612503683834645,0.08111572265625,,,,,,,,0.0078125,0.6564251184463501,0.21066264154121153,-0.0009917034766630957,0.0021326292771846056
4186112,1538.2611320270225,0.006947700895956721,0.08702392876148224,,,,,,,,0.0,0.6566953659057617,0.21166935689492417,0.0005198137903327554,0.0006474013207480311
4194304,1540.605347949022,0.006030016798963745,0.06959228962659836,0.0017998395171088255,0.2214999507359257,0.2150239219258212,333,219.3151917745297,43.800000000000004,nan,0.0,0.6560565233230591,0.20727586278020033,0.0004473249818982829,0.001257715979591012
4202496,1543.4489599960216,0.006305603287131882,0.07404785603284836,,,,,,,,0.0078125,0.6568081974983215,0.20777006100138712,0.000635906413923226,0.001295057707466185
4210688,1545.8313699300052,0.006840263396883595,0.08526611328125,,,,,,,,0.0,0.6570428609848022,0.21266645902507678,0.00014260370175454124,0.0006572421407327056
4218880,1548.035732999997,0.007554047208765608,0.10079345852136612,,,,,,,,0.0,0.6564883589744568,0.21087578776188223,-0.0006931426546471394,0.0010489752748981118
4227072,1550.448350644001,0.009041459360066893,0.11937256157398224,,,,,,,,0.0078125,0.657750129699707,0.21239613077984515,-0.00021062515178472605,0.0004005965020041913
4235264,1552.666883124999,0.0066374843121180666,0.08414306491613388,,,,,,,,0.0,0.6573643088340759,0.21296773584998302,5.111765019813233e-05,0.00043729899334721267
4243456,1555.0426450600207,0.006761817567960931,0.08562012016773224,,,,,,,,0.0078125,0.6569942831993103,0.21250405816473453,-0.0013604172230966102,0.001604789518751204
4251648,1557.5057593890233,0.007352715095148109,0.09302978962659836,,,,,,,,0.0,0.6568638682365417,0.20957554940633752,-0.0009408456585201363,0.000611433235462755
4259840,1559.8937949910178,0.0066116669677379674,0.08098144829273224,0.0016131793994149657,0.21861256243003804,0.2150694935551513,333,219.36176992228872,22.5,nan,0.0,0.6559016704559326,0.20724358221844558,0.000933562255170096,0.0014499813551083207
4268032,1562.7048437600024,0.0072788820720911755,0.08962402492761612,,,,,,,,0.0078125,0.6570917963981628,0.2070296760037659,-0.0008790991790667395,0.001411105738952756
4276224,1565.155325663014,0.006444942483490247,0.07989501953125,,,,,,,,0.0,0.6573437452316284,0.2118139064550577,0.0010930150189458136,0.0005939504480920732
4284416,1567.5540143650142,0.0069089072488571525,0.08547363430261612,,,,,,,,0.0078125,0.6566294431686401,0.21235854843493854,-0.0007355107732741886,0.0022046456579118967
4292608,1570.0083417160204,0.00884033448737723,0.11660156399011612,,,,,,,,0.0,0.6576296091079712,0.2128601499331078,0.00010766267225446976,0.0002399084623903036
4300800,1572.3890034110227,0.006032526312277677,0.07315673679113388,,,,,,,,0.0,0.6573218703269958,0.2123199013744943,0.00042874363456837445,0.0007062451331876218
4308992,1574.876995839004,0.007916915945102326,0.10067138820886612,,,,,,,,0.0078125,0.6573610901832581,0.2121932187597389,-0.0008044273810663416,0.0011306550586596131
4317184,1577.232398844004,0.007401380723438722,0.09227295219898224,,,,,,,,0.0,0.6573582291603088,0.2103952378931359,0.001054443438201765,0.0005039249663241208
4325376,1579.6979219490022,0.006223791669450629,0.07473144680261612,0.002178969894433891,0.21809042756992958,0.21504585492135112,333,219.34363997469222,47.25,nan,0.0,0.6570273041725159,0.21024242044741465,0.0006804120515657977,0.0007004660437814891
4333568,1582.4771970500005,0.006760142942212577,0.08291015774011612,,,,,,,,0.0078125,0.6578820943832397,0.2117199190605193,4.25889163404834e-05,0.00030683260411024094
4341760,1584.8822054070188,0.00759175535743403,0.09808349609375,,,,,,,,0.0,0.6574921607971191,0.2120759318849285,-0.002491027486149024,0.00046182770165614784
4349952,1587.2363593560003,0.00719048980389942,0.09099121391773224,,,,,,,,0.0078125,0.6574243903160095,0.21091958644960002,0.000518373066626814,0.0008334872545674443
4358144,1589.7507547080168,0.007070281369843838,0.08826904743909836,,,,,,,,0.0,0.65716153383255,0.21281696664665445,0.0018048441985415939,0.0003380711132194847
4366336,1592.132300265017,0.006723692953616515,0.08289795368909836,,,,,,,,0.0,0.656524658203125,0.2098683462097765,0.0011057558762387308,0.0014587253099307418
4374528,1594.5609839789977,0.006476371826317085,0.07952880859375,,,,,,,,0.0078125,0.6570194959640503,0.20896995639644653,0.00016916628183495002,0.00142820889595896
4382720,1596.935369822022,0.006695448279625727,0.08021240681409836,,,,,,,,0.0,0.6570614576339722,0.21199855259956366,0.0007367112408339288,0.0005351721192710102
4390912,1599.2825149830023,0.006339814659371296,0.07675781100988388,0.0013901012084298614,0.22003629424551313,0.21508082280526275,333,219.35963744934762,45.0,nan,0.0078125,0.6564546227455139,0.2097927830991329,0.0010609415986189558,0.0017377398908138275
4399104,1602.1910772120173,0.009001393021127086,0.12061768025159836,,,,,,,,0.0,0.6575477719306946,0.21310931425340002,9.0656422653762e-05,0.00034508496173657477
4407296,1604.7025307060103,0.006299028537950037,0.07645263522863388,,,,,,,,0.0,0.6568662524223328,0.21237518523597143,0.0009715351272652216,0.0011086099548265338
4415488,1607.1925280110154,0.008544470967489712,0.10977783054113388,,,,,,,,0.0078125,0.6572287678718567,0.21199558156237744,7.28348542118031e-05,0.0013026961823925376
4423680,1609.7419406300178,0.006947753102116575,0.08883056789636612,,,,,,,,0.0,0.6569964289665222,0.21203303511902996,-0.0003858421479417958,0.0004533762112259865
4431872,1612.149236607016,0.0065994037550227945,0.07993163913488388,,,,,,,,0.0,0.6564006209373474,0.2109640215697229,0.0005113062774405216,0.0014326117234304547
4440064,1614.645316242997,0.006693323427419214,0.08114013820886612,,,,,,,,0.0078125,0.6572074890136719,0.21199624088004793,0.00017873162646729292,0.0005991150974296033
4448256,1616.968946211011,0.006521224230686859,0.07575684040784836,,,,,,,,0.0,0.6568095684051514,0.21151883660826115,0.0007338875440374773,0.0007493931916542351
4456448,1619.3561903740047,0.007441632481947651,0.0906982421875,0.00171964098670363,0.21678741695007334,0.21507022150060853,333,219.3689929138279,31.8,nan,0.0078125,0.6567378640174866,0.21080790428513924,0.0007390365621283281,0.0018294764449819922
4464640,1622.2163537860033,0.00769181220128499,0.09782715141773224,,,,,,,,0.0,0.6578017473220825,0.21306212791117676,1.3368462324188586e-05,0.00025177179486490786
4472832,1624.72824640802,0.005637179752593126,0.066162109375,,,,,,,,0.0,0.6571884751319885,0.2125678750109095,-0.00025532490638018675,0.0008145226165652275
4481024,1627.2119739030022,0.007617001115755473,0.09779053181409836,,,,,,,,0.0078125,0.6571784019470215,0.21266319099175254,0.0006489650390329737,0.0005627075443044305
4489216,1629.5952000660182,0.006683341704454157,0.08222656697034836,,,,,,,,0.0,0.6570575833320618,0.21241485374656083,-0.0005157022035288506,0.00039147413917817175
4497408,1631.8221256840043,0.007080083758299655,0.09025879204273224,,,,,,,,0.0078125,0.6566760540008545,0.21048303524458994,-0.00017686834918613408,0.0013276152312755585
4505600,1635.4845167020103,0.007454291814812325,0.09621582180261612,,,,,,,,0.0,0.6580624580383301,0.21071108364872226,-0.00025374145930915796,0.00027116588898934424
4513792,1637.9944205970096,0.0057614165295607235,0.067626953125,,,,,,,,0.0,0.6577051877975464,0.2111064111130483,0.0010257904013985127,0.0007172937039285898
4521984,1640.4869623970008,0.007862603735537524,0.10001220554113388,0.001866776332243969,0.2206983317201882,0.21506287206507424,333,219.37229548306289,17.85,nan,0.0078125,0.6576686501502991,0.21141427631323145,0.00047038180478773485,0.0016731846844777465
4530176,1643.4791162380134,0.007226187471915864,0.09177245944738388,,,,,,,,0.0,0.6576344966888428,0.21161430389973454,-0.000569043723235657,0.000410629523685202
4538368,1646.181700508023,0.006310248798974342,0.07744140923023224,,,,,,,,0.0,0.6568523645401001,0.21066546322576535,0.0016995735141837301,0.0017393414163962007
4546560,1648.999395876017,0.007846480321899661,0.10292968899011612,,,,,,,,0.0078125,0.6576225161552429,0.2113784741988717,-0.000717990368255934,0.00034120542113669217
4554752,1651.6016157029953,0.006878949348468483,0.08653564751148224,,,,,,,,0.0,0.6573539972305298,0.21200015400114441,0.0012154766318176018,0.0006435370305553079
4562944,1654.5351557650138,0.007635068352103683,0.09614258259534836,,,,,,,,0.0078125,0.6572937965393066,0.21088940725118746,0.00027763871235848576,0.0018715683836489916
4571136,1657.5317263980105,0.007108601448498234,0.08714599907398224,,,,,,,,0.0,0.6579264998435974,0.21237613159131913,-0.00045497526197064503,0.0002425496932119131
4579328,1660.5244981599972,0.007450784390967774,0.09584961086511612,,,,,,,,0.0,0.6575747728347778,0.21194303743640508,-0.002396728011651238,0.00045043096179142594
4587520,1663.3666229090013,0.008222523001449423,0.10488281399011612,0.0015096370015632576,0.21776134459556604,0.2150886703942605,333,219.37575936530095,16.650000000000002,nan,0.0078125,0.6575816869735718,0.21148152514076704,-0.0008120931992030954,0.0003758247185032815
4595712,1666.720864383009,0.007398396186353418,0.08502197265625,,,,,,,,0.0,0.6571729183197021,0.211498497911831,0.0025809934982340592,0.0006181156495586038
4603904,1669.6172333370196,0.0067976030418202054,0.08272705227136612,,,,,,,,0.0078125,0.6566869616508484,0.21148284225247022,0.00036263172400521605,0.001290991553105414
4612096,1672.4374628899968,0.006760266968492869,0.08529052883386612,,,,,,,,0.0,0.6577602624893188,0.21335184637482985,0.0012487298890282356,0.00015359229291789234
4620288,1675.2350627330015,0.005863142966566383,0.06947021931409836,,,,,,,,0.0,0.6572139263153076,0.21242267665494796,0.0011439609268218216,0.0006723098340444267
4628480,1678.064683516015,0.0075245817014620645,0.09732665866613388,,,,,,,,0.0078125,0.6572142243385315,0.21141356382955342,0.0003996938483934323,0.0006939745508134365
4636672,1680.988187261013,0.007631202028599866,0.09681396931409836,,,,,,,,0.0,0.6568007469177246,0.2124453013644667,0.0005191154312938912,0.0005694099236279726
4644864,1683.850745038013,0.007937945732260247,0.09591064602136612,,,,,,,,0.0,0.6563653945922852,0.2113191618932316,0.00035671243271018227,0.001062252325937152
4653056,1686.8167130910151,0.007901812162489755,0.09156494587659836,0.0019038689732265857,0.21791865769295024,0.2150893885538195,333,219.38414702446926,9.75,nan,0.0078125,0.6575108766555786,0.2118734654661894,0.0008532142726337806,0.0005547403707168996
4661248,1690.094464919006,0.006120852880387004,0.07175292819738388,,,,,,,,0.0,0.6571803689002991,0.2124643777953096,0.001251626278281234,0.000640402955468744
4669440,1692.952905993996,0.007305873476332958,0.09007568657398224,,,,,,,,0.0078125,0.6569492220878601,0.2123421736292744,0.0016609194208232602,0.0011412495514377952
4677632,1695.8346678030211,0.007693370110234668,0.09803467243909836,,,,,,,,0.0,0.657953143119812,0.21252248439213006,-0.0004933048011392815,0.00027134225820191205
4685824,1698.6044719350175,0.007015478449283755,0.08903808891773224,,,,,,,,0.0,0.6573314666748047,0.2119104402938238,-0.0008271567293162395,0.0006623576045967638
4694016,1701.574127076019,0.0077430711025905435,0.10187988728284836,,,,,,,,0.0078125,0.6575739979743958,0.21174622594845727,0.0006379146550230398,0.0005826108972541988
4702208,1704.391106570023,0.007164090546833909,0.09064941853284836,,,,,,,,0.0,0.6574734449386597,0.21237987696996802,-0.0005728294487259191,0.0003708288713824004
4710400,1707.4716148980078,0.007469849419589824,0.09335937350988388,,,,,,,,0.0078125,0.6572259068489075,0.21149000239350513,0.0006069077356923262,0.002075423253700137
4718592,1710.4947386709973,0.008336978878815167,0.11141357570886612,0.001954988050509532,0.22125544394126523,0.2150596567590418,333,219.35589087196485,43.800000000000004,nan,0.0,0.658134937286377,0.2120573559244113,0.0003539859895743639,0.00026676314882934093
4726784,1714.0086703020206,0.006786156925626074,0.08466797322034836,,,,,,,,0.0,0.6576998829841614,0.21207262790098685,-0.0022160342239605176,0.000428652623668313
4734976,1716.9866614660132,0.008673307392113434,0.11605224758386612,,,,,,,,0.0078125,0.6574394702911377,0.21268434303604916,0.0013798822149123204,0.0003747721202671528
4743168,1720.0375918759964,0.007871928235884089,0.10052490234375,,,,,,,,0.0,0.6569519639015198,0.21255188520810103,-0.0012571846348799105,0.0003325915022287518
4751360,1722.8563786650193,0.007337260227631573,0.09085693210363388,,,,,,,,0.0,0.6564316749572754,0.21220041011733373,0.0016036439224298969,0.0007601560791954398
4759552,1725.6925492380105,0.007721254626346781,0.09648437798023224,,,,,,,,0.0078125,0.6572831273078918,0.21276669701539636,0.001007198742043105,0.0004837576416321099
4767744,1728.523389116017,0.007170838853312065,0.08730468899011612,,,,,,,,0.0,0.6570867300033569,0.21211318696372294,0.0005764236378612029,0.0010390740353614092
4775936,1731.515321672021,0.007384216138474438,0.09306640923023224,,,,,,,,0.0078125,0.6567200422286987,0.21110503075782253,0.0014406111464651016,0.0014307396486401558
4784128,1735.1936951280222,0.007506990897499697,0.09586181491613388,0.001584406255205173,0.21747789659486264,0.2150716778432265,333,219.3739894048063,30.6,nan,0.0,0.6578912734985352,0.21216382986871865,-0.0009462040786436421,0.0002589794748928398
4792320,1746.9528733600164,0.007154657976677466,0.09096679836511612,,,,,,,,0.0,0.6572233438491821,0.21191699337312966,-0.0007284426238559306,0.0005893559427931905
4800512,1756.8579913559952,0.008075770104551286,0.10308837890625,,,,,,,,0.0078125,0.6573189496994019,0.21033470279140976,0.00032003296172381147,0.0006489635561592877
4808704,1766.9183568580193,0.007126493917896643,0.09202881157398224,,,,,,,,0.0,0.6570541858673096,0.21198355729423554,-0.0005469713853857892,0.00037892552791163325
4816896,1776.734049154009,0.007343248874311151,0.09323730319738388,,,,,,,,0.0078125,0.6568354368209839,0.212444461045537,0.001339860774143549,0.0014705659123137593
4825088,1787.7158227790205,0.008434463036793575,0.11258544772863388,,,,,,,,0.0,0.6581444144248962,0.21320171560967577,0.0001337782492663215,0.0001658645924180746
4833280,1800.4355768530222,0.006256726280467104,0.07806396484375,,,,,,,,0.0,0.6578660011291504,0.21285634951231241,-0.0005041985014943916,0.0004269695782568306
4841472,1812.2803723630204,0.008813126051927528,0.11787109822034836,,,,,,,,0.0078125,0.6573501229286194,0.21199926030200095,0.00028894973637822715,0.0006314615602605045
4849664,1824.347673944023,0.0069337711251306975,0.08453369140625,0.0021322766820109917,0.22149914109457075,0.215070238608152,333,219.39024646266463,42.6,nan,0.0,0.6568602919578552,0.21284277395363058,0.0016954977577254523,0.0006199843483045697
4857856,1838.0097116389952,0.007021667786816422,0.08848877251148224,,,,,,,,0.0,0.6564330458641052,0.21259291912470268,0.0005975050221538402,0.002162572694942355
4866048,1849.998828642012,0.007633612057602552,0.09245605766773224,,,,,,,,0.0078125,0.657944917678833,0.2128265708391805,-0.000566156728058356,0.00027440054691396654
4874240,1862.2840597800096,0.00646770691169417,0.079345703125,,,,,,,,0.0,0.6578578352928162,0.21215841325992088,-0.0012926682707446327,0.00032427129917778075
4882432,1873.7336266420025,0.007262698704625793,0.09176025539636612,,,,,,,,0.0078125,0.6576399803161621,0.21184769893316607,5.945058240236804e-05,0.0007992835598997772
4890624,1885.456025329011,0.0076861114662741346,0.10007324069738388,,,,,,,,0.0,0.6577644944190979,0.21265081498121857,0.0009462086463461015,0.00016534978931304067
4898816,1898.6870034250023,0.006299309395830917,0.07717285305261612,,,,,,,,0.0,0.6572340726852417,0.21233018089196984,1.6206815711769476e-05,0.0004759115690831095
4907008,1912.5893139170075,0.006950161330915335,0.08890380710363388,,,,,,,,0.0078125,0.6577151417732239,0.21161873068812825,0.0014057070400770265,0.00038687503547407687
4915200,1924.8511171300197,0.006629916176304993,0.08127441257238388,0.0016915582521804806,0.22118034000670642,0.215086712163813,333,219.38382795096436,40.35,nan,0.0,0.6577985882759094,0.21189363007096323,0.0013333677157354403,0.00030302561935968697
4923392,1937.751976947009,0.008127462407664968,0.10273437947034836,,,,,,,,0.0078125,0.6574302911758423,0.21152949938541413,0.0010672693342605127,0.0011870398884639144
4931584,1948.823951252998,0.00786895400792329,0.102783203125,,,,,,,,0.0,0.6582812070846558,0.21294074163764987,0.0017186980639772227,0.00015364396676886827
4939776,1959.420027205022,0.007539186950931715,0.10141601413488388,,,,,,,,0.0,0.6577963829040527,0.2110013144257422,-0.001714178616394491,0.0009363164426758885
4947968,1970.2101948409982,0.008290131375805703,0.10609131306409836,,,,,,,,0.0078125,0.6576473712921143,0.21135869983295508,0.0010427382568904563,0.000490970560349524
4956160,1981.4727676130133,0.0074487355250288855,0.09342040866613388,,,,,,,,0.0,0.6577789187431335,0.2124898965099835,0.00015056067095829323,0.0002744726953096688
4964352,1993.2400008310215,0.006620274585566655,0.08311767876148224,,,,,,,,0.0,0.6571770906448364,0.21129023750594328,0.0007971192430770914,0.0007068059640005231
4972544,2004.654393121018,0.00803611294744623,0.10274658352136612,,,,,,,,0.0078125,0.6575458645820618,0.21126934570850425,0.0005657641043229983,0.00030405400320887566
4980736,2016.1101524569967,0.006962903442411439,0.08598633110523224,0.0017011929106344192,0.2165561827857742,0.21504451851846337,333,219.36871989436762,17.85,nan,0.0,0.6571213006973267,0.21245579956802535,0.00033140249265596595,0.000353953248122707
4988928,2028.4981097959972,0.007456093562457567,0.09011230617761612,,,,,,,,0.0078125,0.6568087339401245,0.21193642857111886,-0.0003622909051393722,0.0009858662961050868
4997120,2039.6607350990234,0.007415895249465546,0.09299316257238388,,,,,,,,0.0,0.6573686003684998,0.21204337828785244,0.0025033152303669775,0.0002460563264321536
5005312,2050.5008547750185,0.006907503614802343,0.084228515625,,,,,,,,0.0,0.6569219827651978,0.20999981436436319,0.000859240286301079,0.0012078102445229888
5013504,2061.5772789710027,0.007259458187929894,0.08977051079273224,,,,,,,,0.0078125,0.6576444506645203,0.2094350488439128,0.0008469771625486272,0.0008618024294264615
5021696,2071.8732685630093,0.006949300854795568,0.08688964694738388,,,,,,,,0.0,0.6582061648368835,0.21250121525991506,-0.0011278435351076263,0.00018368626479059458
5029888,2081.872818341013,0.007821105076868382,0.10093994438648224,,,,,,,,0.0078125,0.6578790545463562,0.21208295298275792,-0.0006105786239702341,0.0006267987191677094
5038080,2092.6570224339957,0.007849340064123583,0.09719238430261612,,,,,,,,0.0,0.657799243927002,0.21353297195847848,0.0021932260084555205,0.00020900732488371432
5046272,2105.4380203650217,0.0066753888285919945,0.08341064304113388,0.002152955538737955,0.22155925795727183,0.21509635150517786,333,219.38821980928827,23.700000000000003,nan,0.0,0.6569669842720032,0.21337223497888452,0.0005804080906524224,0.00039026953163556755
5054464,2118.0421370090044,0.008035764319041351,0.10283203423023224,,,,,,,,0.0078125,0.6571647524833679,0.2129335303084749,0.0026067591030995625,0.0015929567161947489
5062656,2128.2240302280115,0.007635488428479434,0.09881591796875,,,,,,,,0.0,0.6578986644744873,0.21275225160953198,-0.00021027942711253627,0.00018503973842598498
5070848,2138.466431421024,0.006349322509051056,0.0753173828125,,,,,,,,0.0,0.6572005152702332,0.21018663951862382,0.001371271132287009,0.0006704263505525887
5079040,2148.639968336007,0.008303481119730107,0.10665283352136612,,,,,,,,0.0078125,0.6577109694480896,0.21092181197552837,0.0014863445066059335,0.0002804452960845083
5087232,2158.679139706015,0.007559606487967449,0.09645996242761612,,,,,,,,0.0,0.6573330163955688,0.21229685738853346,-0.00040708168457394696,0.0002519693225622177
5095424,2167.995838408009,0.008751342503734277,0.11297607421875,,,,,,,,0.0078125,0.6573697924613953,0.2098727787018611,0.00024090230826288135,0.0005041604745201766
5103616,2170.0068670519977,0.007626820310167305,0.09511718899011612,,,,,,,,0.0,0.6581999659538269,0.21287628887706042,0.002173537871699352,0.00010037311585620046
5111808,2172.0833841790154,0.005979935854170719,0.07207031548023224,0.001784037882277545,0.22117823505035425,0.21510508802626976,333,219.3982542943194,34.5,nan,0.0,0.6579663753509521,0.21200448506596134,0.0007375777159325535,0.00024641165509819984
5120000,2174.352639774006,0.00849794893654277,0.10611572116613388,,,,,,,,0.0078125,0.6579177379608154,0.2121183005713975,0.0006973676902583955,0.00040136228199116886
5128192,2176.3319850760163,0.00724504631247495,0.09085693210363388,,,,,,,,0.0,0.6577305197715759,0.21296335326975133,-0.0002567394407559232,0.00037766899913549423
5136384,2178.160164115019,0.007488329092334398,0.09384765475988388,,,,,,,,0.0078125,0.6573009490966797,0.212305415991448,-0.002398914300391637,0.0012416287790983915
5144576,2180.1072297200153,0.007126149799620248,0.09256591647863388,,,,,,,,0.0,0.658193826675415,0.2130505756495166,0.0007427440745510491,0.00015496982086915523
5152768,2181.9612437339965,0.00767030354529259,0.09915771335363388,,,,,,,,0.0,0.657785952091217,0.21278396343302383,-0.0006285482512260852,0.0003005403559654951
5160960,2184.044649243995,0.008359757473307874,0.1065673828125,,,,,,,,0.0078125,0.6577929258346558,0.21226737372985763,0.0003960740136479629,0.0006768244202248752
5169152,2186.039492404001,0.008318590640917903,0.11048584431409836,,,,,,,,0.0,0.657904863357544,0.2126629619966661,-0.0004154340772264039,0.00018519145669415593
5177344,2187.9548662290035,0.0062070534274365746,0.0750732421875,0.001454353310634371,0.2165476040035228,0.21507849039969523,333,219.39966719110757,45.0,nan,0.0,0.6572107672691345,0.21223754090873803,0.0008385331142947175,0.0003955439606215805
5185536,2190.5180260589987,0.006809973978481711,0.08258056640625,,,,,,,,0.0078125,0.6579052209854126,0.21181336659636396,0.0019996730058720485,0.00028049404500052333
5193728,2192.617057324009,0.007202143474061777,0.09182129055261612,,,,,,,,0.0,0.6576358079910278,0.2120196127188802,-0.0007461807438450987,0.00035081323585473
5201920,2194.6326517080015,0.007563293397993393,0.09759521484375,,,,,,,,0.0078125,0.657417893409729,0.21250172963383168,-0.0002044150362615859,0.0005975558888167143
5210112,2196.6790223660064,0.0075785814134677835,0.09294433891773224,,,,,,,,0.0,0.6577905416488647,0.21318210577733843,0.0016899849341054677,0.00025557680055499077
5218304,2198.6459035139997,0.006246723347161774,0.07268066704273224,,,,,,,,0.0,0.6574045419692993,0.21148787242957795,0.002210263961834432,0.0005270727560855448
5226496,2200.5396294370003,0.008900025866643303,0.11009521782398224,,,,,,,,0.0078125,0.6578089594841003,0.2123864407763048,0.0008983290182864008,0.0006569359684363008
5234688,2202.5929791890085,0.007716249043077903,0.09796142578125,,,,,,,,0.0,0.6578288674354553,0.21352035251832668,-0.00019730547408334959,0.00024501231382600963
5242880,2204.752304813999,0.007056447494376831,0.08757324516773224,0.0016155940426408888,0.21852495028876473,0.21508299499713385,333,219.39214599294823,39.900000000000006,nan,0.0078125,0.6571594476699829,0.21225388076532217,0.0016385082561922637,0.0017630970105528831
5251072,2206.978046432021,0.008757463524363455,0.11619873344898224,,,,,,,,0.0,0.6584200859069824,0.21402064089139147,0.001016372753744578,0.00010862235649256036
5259264,2209.071503143001,0.007576380836472595,0.0977783203125,,,,,,,,0.0,0.658089280128479,0.2124739392614075,0.00023101289578978087,0.00029136333614587784
5267456,2211.101947919,0.00887267372899063,0.12017822265625,,,,,,,,0.0078125,0.6579338908195496,0.21228783356641395,0.0005807667507616324,0.00042984174797311425
5275648,2213.043999779009,0.0068026866353913225,0.08149414509534836,,,,,,,,0.0,0.6573960185050964,0.21211530474059023,0.0003623855884526526,0.00038628160837106407
5283840,2215.129861826019,0.006870850991124385,0.0853271484375,,,,,,,,0.0,0.6570332050323486,0.21203002891011766,0.0012000978700768689,0.0007393760606646538
5292032,2217.4915586500138,0.008406785550739265,0.10753174126148224,,,,,,,,0.0078125,0.6579944491386414,0.21102353175647387,0.0014980713019544175,0.0002721169439610094
5300224,2219.4605155340105,0.0072412683257762015,0.09279785305261612,,,,,,,,0.0,0.657931923866272,0.21227316568101684,-0.00037212696136983635,0.00023762004275340587
5308416,2221.522347072023,0.007812631944700646,0.10043945163488388,0.0017625428150036537,0.21813692485163236,0.21504113909627037,333,219.4005687475231,27.150000000000002,nan,0.0078125,0.6575503349304199,0.2128346834505924,0.0005093189952585633,0.0009029214270412922
5316608,2224.0753509200003,0.008399533440945175,0.10887451469898224,,,,,,,,0.0,0.6579008102416992,0.21314435535083764,0.0010399027799624595,0.00017721197218634188
5324800,2226.1626396189968,0.0067986375266247765,0.08656006306409836,,,,,,,,0.0,0.657370924949646,0.2106447138167901,-0.00015136549293985407,0.0005296741728670895
5332992,2228.289943545009,0.009461972443591019,0.12058105319738388,,,,,,,,0.0078125,0.657494306564331,0.21158492776997345,-0.000710298357850968,0.0005120451096445322
5341184,2230.4908923610055,0.008555863924324426,0.09572754055261612,,,,,,,,0.0,0.6572760343551636,0.21235613063376052,0.0018512941575809282,0.0005326766986399889
5349376,2232.7462332709983,0.0066701632218803325,0.08004150539636612,,,,,,,,0.0078125,0.6564671993255615,0.21152163321197287,0.0016610074086411402,0.0010267648613080382
5357568,2234.963762225001,0.008203979935403005,0.10415039211511612,,,,,,,,0.0,0.6579671502113342,0.21354721377916638,0.0010073912269018368,0.00013074906019028276
5365760,2237.102518772008,0.007329374920981853,0.09173583984375,,,,,,,,0.0,0.6572901010513306,0.2134128709453408,0.0007806318119587291,0.00040357030229642987
5373952,2239.526182672009,0.00824659825186999,0.10887451469898224,0.0022177174418001044,0.2214107655610109,0.2151458790914186,333,219.40114775665967,33.300000000000004,nan,0.0078125,0.6574698686599731,0.2128805409255762,-0.00017388750440012265,0.0005016191862523556
5382144,2242.106836580002,0.007109675345760111,0.09002685546875,,,,,,,,0.0,0.6580448746681213,0.21295215924509914,0.0013871543283604012,0.00016148423310369253
5390336,2244.2779142229992,0.007798871863921048,0.10195312649011612,,,,,,,,0.0,0.6577153205871582,0.21265597282039087,-0.0007721127793936184,0.00026402153889648616
5398528,2246.5027063860034,0.007963312758698686,0.10151367634534836,,,,,,,,0.0078125,0.6579639911651611,0.21320540172153007,-0.000373340071519827,0.0005009074811823666
5406720,2248.6529353640217,0.007894179787338132,0.10043945163488388,,,,,,,,0.0,0.6577978730201721,0.21213538630879997,-0.00045061131710370144,0.0003070022212341428
5414912,2251.0264863340126,0.007010344934094597,0.08592529594898224,,,,,,,,0.0078125,0.6573523283004761,0.21134645827905332,0.002901660766711799,0.0009650589781813323
5423104,2253.178181557014,0.00713580549686886,0.0859375,,,,,,,,0.0,0.6578671336174011,0.2128958080248325,0.0037845829906064487,0.0001956009364221245
5431296,2255.3021713260096,0.007015163235203115,0.08114013820886612,,,,,,,,0.0,0.6572625637054443,0.2115360372970471,0.0007630127878629248,0.0006366595043800771
5439488,2257.350721382012,0.008793198663580288,0.11580810695886612,0.0019619687786986972,0.22082954123451243,0.2150968114666855,333,219.40173901263296,36.45,nan,0.0078125,0.6578850746154785,0.21232948264753698,-0.0014341064026365405,0.0006714269984513521
5447680,2259.8634443390183,0.006853081410599296,0.08439941704273224,,,,,,,,0.0,0.6580850481987,0.21280586629839776,0.000363758341954909,0.0001481151266489178
5455872,2262.076322317007,0.007419152708773514,0.09458007663488388,,,,,,,,0.0078125,0.6575961112976074,0.21266656113468563,0.0008592974910016674,0.0009655123576521873
5464064,2264.4997014109977,0.009057870999558584,0.11865234375,,,,,,,,0.0,0.657402753829956,0.21352360602670822,0.0017300858878713087,0.00027990207308903337
5472256,2266.643965989002,0.006593011239317781,0.07874756306409836,,,,,,,,0.0,0.6566107273101807,0.212409359893111,0.0013987684995733043,0.0009117852314375341
5480448,2268.8320288210234,0.007842187399282783,0.09982910007238388,,,,,,,,0.0078125,0.6569603085517883,0.21254559902992,0.0007479921763559856,0.0008194180554710329
5488640,2271.040042973007,0.006642031503393375,0.08265381306409836,,,,,,,,0.0,0.6579142212867737,0.21283698129614187,0.0013263446537315439,0.00017124696751125157
5496832,2273.229488965997,0.006622767804428539,0.08427734673023224,,,,,,,,0.0,0.6574610471725464,0.21273042639006107,-0.0006978505703759604,0.00041631096974015236
5505024,2275.542220143019,0.009254391759814524,0.12224121391773224,0.0012746666102064763,0.2208509470336671,0.21512948537148913,333,219.40270008897974,39.900000000000006,nan,0.0078125,0.6577585339546204,0.21245597383668868,0.0001103737641435635,0.0005817989003844559
5513216,2278.320400539,0.006374689779558538,0.07755126804113388,,,,,,,,0.0,0.6574478149414062,0.21186873135992318,0.0009309997931214067,0.0002441788383293897
5521408,2280.944738418999,0.008016894127516189,0.10565185546875,,,,,,,,0.0078125,0.6570966243743896,0.2120568208436348,0.0012742465090267822,0.0006754316273145378
5529600,2283.291153983999,0.008616254705041236,0.11466064304113388,,,,,,,,0.0,0.6578496694564819,0.2132950728202539,0.0017042778277413303,9.652615699451417e-05
5537792,2285.7196452800126,0.00721657246676229,0.09085693210363388,,,,,,,,0.0,0.6574157476425171,0.21240776371648998,-8.041526705909945e-05,0.0002495126973371953
5545984,2288.204809310002,0.009028409146525338,0.11583252251148224,,,,,,,,0.0078125,0.6580101847648621,0.21317465745374178,9.911673251525775e-05,0.0004952914896421134
5554176,2290.489997944009,0.007567691028955242,0.0982666015625,,,,,,,,0.0,0.6581399440765381,0.2124598200005591,0.0003464256237335965,0.00012152374256402254
5562368,2293.0978949880227,0.00699448544451775,0.08822021633386612,,,,,,,,0.0,0.657708466053009,0.2128638562756709,-0.0018165672217074422,0.0006556748994626105
5570560,2295.395022015,0.00848298450130967,0.10430908203125,0.0014249739480048929,0.21846519040176388,0.2150702597907911,333,219.41393357081716,30.6,nan,0.0078125,0.6579976081848145,0.21262728425038727,0.0007262278799073551,0.00018501808517612517
5578752,2298.1959559580137,0.007206607343331357,0.09077148884534836,,,,,,,,0.0,0.6576295495033264,0.21261936023562736,0.0005101852532829731,0.00036896311212331057
5586944,2300.8528356350143,0.008384238823801895,0.10592041164636612,,,,,,,,0.0078125,0.6576610803604126,0.21165199659534434,0.0012239378229761894,0.0005772846634499729
5595136,2303.341995493014,0.007518526168959328,0.09475097805261612,,,,,,,,0.0,0.6577637195587158,0.21263916513739436,-0.0003637543500256066,0.00017892365576699376
5603328,2305.989955863013,0.007334846595431483,0.08814697712659836,,,,,,,,0.0,0.6570570468902588,0.21290477576990435,0.002039018382762148,0.0006107199005782604
5611520,2308.5168577489967,0.007761845013271243,0.09971924126148224,,,,,,,,0.0078125,0.6579586863517761,0.2132119933618235,0.0003148957922721731,0.000329180940752849
5619712,2311.0335157910013,0.0079843328121324,0.1051025390625,,,,,,,,0.0,0.6580810546875,0.21335211718675012,-0.0004958636880165528,0.00022899129544384778
5627904,2313.6525142480095,0.00822294085902561,0.10576172173023224,,,,,,,,0.0078125,0.6579532623291016,0.21268284681778735,-0.00022114725406431574,0.0012805440928786993
5636096,2316.3599155560078,0.009339399862567042,0.12191162258386612,0.0014832976995214908,0.21965430473034914,0.21508559881627726,333,219.409896497722,49.650000000000006,nan,0.0,0.6583977341651917,0.2127577652572136,0.0003836705411650609,0.00010715884127421305
5644288,2319.224328252021,0.006792783305426112,0.08376464992761612,,,,,,,,0.0,0.6582026481628418,0.2124054113290788,0.0013867096549994512,0.00018964750051964074
5652480,2321.7537628140126,0.007952692331397102,0.10411377251148224,,,,,,,,0.0078125,0.6584869623184204,0.21237660032934041,0.0010175233669042127,0.0001762329338816926
5660672,2324.0019372940005,0.007657199631232981,0.10018310695886612,,,,,,,,0.0,0.6583234667778015,0.2139105148144394,-0.00011722859982769008,8.13675214885734e-05
5668864,2326.1299738429952,0.006619256558542579,0.08220215141773224,,,,,,,,0.0,0.6580257415771484,0.21301268401348286,-0.00016645335353942918,0.0003125706280115992
5677056,2328.521739946009,0.009039072932357856,0.11822509765625,,,,,,,,0.0078125,0.6583775877952576,0.21358694341433632,0.00011669565933273597,0.00010611856123432517
5685248,2330.774206736998,0.007500676846541385,0.09591064602136612,,,,,,,,0.0,0.6579845547676086,0.21310539036129686,7.357045659693224e-05,0.00027548946673050523
5693440,2333.1329500550055,0.008300212338117152,0.10655517876148224,,,,,,,,0.0078125,0.6578278541564941,0.2133821134266763,0.00031727009605682626,0.0009823901345953345
5701632,2335.8064362610166,0.007040602274760501,0.08671875298023224,0.0019727537642716397,0.22069020267157327,0.21514982330397295,333,219.4119872154917,41.1,nan,0.0,0.657951295375824,0.21145013830563059,0.0006165963596225159,0.00014186646149028093
5709824,2338.4386109590123,0.007374916469285337,0.09398193657398224,,,,,,,,0.0,0.6573290824890137,0.21183207716772867,0.0012054429618961755,0.0003541917249094695
5718016,2340.876990980003,0.009859332712793578,0.13216553628444672,,,,,,,,0.0078125,0.6579352021217346,0.21216460042228547,0.0009521124659153256,0.000245370581978932
5726208,2343.0200179509993,0.007107996150057073,0.09064941853284836,,,,,,,,0.0,0.6578108072280884,0.21297390310733041,0.00040443433193658186,0.0001577279035700485
5734400,2344.5318961390003,0.008963660590418532,0.11586914211511612,,,,,,,,0.0078125,0.6576893329620361,0.2127098005042607,0.001308809426562124,0.000729721097741276
5742592,2346.2233957690187,0.008165436864767816,0.10596924275159836,,,,,,,,0.0,0.6584528684616089,0.2130783083612259,0.0010540671347247534,7.906844257377088e-05
5750784,2347.744466514996,0.006450429129380757,0.08015137165784836,,,,,,,,0.0,0.6581727862358093,0.21229464995600772,0.0006975767238689996,0.00022473499120678753
5758976,2349.354502569011,0.009528860462080816,0.1265869140625,,,,,,,,0.0078125,0.6582306027412415,0.2128641068006623,0.0009596164684760402,0.0002271059638587758
5767168,2350.9122731940006,0.008307107087638075,0.10561523586511612,0.0013383494345405866,0.22006805280137604,0.21509314794190204,333,219.41204118070365,21.3,nan,0.0,0.657968282699585,0.21314184606285685,0.001425319517931333,0.00014401246153283864
5775360,2352.8151459320216,0.007696646887025577,0.09583740681409836,,,,,,,,0.0,0.657798171043396,0.21245746028492135,0.0024331963603328108,0.00032946598366834223
5783552,2354.42191097702,0.008622038253571926,0.11102294921875,,,,,,,,0.0078125,0.6581915616989136,0.21301430912353178,0.0003823287504988112,0.00039954716339707375
5791744,2356.128197776008,0.00806712937677319,0.09696044772863388,,,,,,,,0.0,0.6578032970428467,0.21238945721931138,0.0025830339291205416,0.0002576526312623173
5799936,2357.8090798729972,0.008555471965098574,0.10966797173023224,,,,,,,,0.0078125,0.6578161716461182,0.21246679903611657,0.0014438527551024823,0.000489802856463939
5808128,2359.3991420710227,0.009002834074628804,0.1182861328125,,,,,,,,0.0,0.6579890847206116,0.21229607108651796,0.002632804845061497,0.00018712496967054904
5816320,2360.965741852997,0.008169856491146267,0.10677490383386612,,,,,,,,0.0,0.6575944423675537,0.21132313821845003,0.0008337845182611729,0.0005667491932399571
5824512,2362.556776037003,0.008054846091879408,0.10115966945886612,,,,,,,,0.0078125,0.6581725478172302,0.21234303474931973,0.0015568255138062037,0.000499618414323777
5832704,2364.242785620998,0.006662025073278031,0.0826416015625,0.0014393727258318334,0.21999372294264394,0.21506868304778465,333,219.4144433926001,35.25,nan,0.0,0.6580691933631897,0.21141596207487567,0.001413109015960457,0.0001718848798191175
5840896,2366.2473977400223,0.008137021690855525,0.10269775241613388,,,,,,,,0.0078125,0.6578919887542725,0.21177698924601285,-0.0005180415983737697,0.0004327477072365582
5849088,2367.867033978022,0.007972189370246975,0.10444336384534836,,,,,,,,0.0,0.6581883430480957,0.2135044283534223,0.00100864158320944,0.0001679488195804879
5857280,2369.522148226999,0.007678034276190982,0.09693603962659836,,,,,,,,0.0,0.6578482985496521,0.2128868104418284,0.002432785166962725,0.00023928862356115133
5865472,2371.1293975300214,0.009253916703732185,0.12143554538488388,,,,,,,,0.0078125,0.6580190062522888,0.21280104783795512,0.0028513075867422177,0.0007909154519438744
5873664,2372.857119221997,0.0077433236749791835,0.096435546875,,,,,,,,0.0,0.6579620242118835,0.21262113227986243,0.002709736237038795,0.0002320802304893732
5881856,2374.459571982996,0.008712356752906122,0.10792236775159836,,,,,,,,0.0,0.6575292348861694,0.21271399457552173,0.0016714755944513264,0.0004332230018917471
5890048,2376.2008277880086,0.008799286533609193,0.11513672024011612,,,,,,,,0.0078125,0.6582192778587341,0.21341502786653171,-0.00040564577366761483,0.00017878756625577807
5898240,2377.7831794329977,0.0068714330404927365,0.08591308444738388,0.0018874057445913417,0.22058747462307066,0.2151183174983259,333,219.42495416964047,28.35,nan,0.0,0.6577705144882202,0.21283149774688986,0.0002692032863920142,0.0003010536020155996
5906432,2379.8506201310083,0.007555247725793624,0.09805908054113388,,,,,,,,0.0078125,0.657823920249939,0.2124847027713479,0.0015222721207287459,0.0008549539488740265
5914624,2381.366705801018,0.00785359130939709,0.10200195759534836,,,,,,,,0.0,0.6583091020584106,0.21227164103612134,0.0013311964715686572,0.00012503044854383916
5922816,2382.9777359800064,0.007315981459138249,0.094970703125,,,,,,,,0.0,0.657980740070343,0.2120006677679432,-0.0007761699157342486,0.00022426809300668538
5931008,2384.5270653619955,0.008409698324989731,0.10927734524011612,,,,,,,,0.0078125,0.6581821441650391,0.21303249946339203,0.0005853817164483833,0.0001729367213556543
5939200,2386.1001787169953,0.007843265354947816,0.09852295368909836,,,,,,,,0.0,0.657741904258728,0.21252125692110976,0.0007690335983483099,0.0002487465681042522
5947392,2387.739672224998,0.008678790615659319,0.11335449665784836,,,,,,,,0.0078125,0.6577638983726501,0.21224150788132862,0.0011894438014217847,0.00040146359242498875
5955584,2389.3128668660065,0.007909137121093358,0.10242920368909836,,,,,,,,0.0,0.6582890748977661,0.2135252725335443,0.0007846643695171157,9.279329242417589e-05
5963776,2390.9632594520226,0.007228465337479859,0.09117431938648224,0.0022018911658586715,0.21848552436161736,0.2151285986214973,333,219.41363486235957,33.0,nan,0.0,0.6580495238304138,0.21266111825606218,0.002739580303017165,0.000208816840313375
5971968,2392.934018844011,0.009846922505364009,0.12941895425319672,,,,,,,,0.0078125,0.6581063270568848,0.2130191849344459,0.0010473785918691063,0.0003201180079486221
5980160,2394.6075238140184,0.008192547864327547,0.1060791015625,,,,,,,,0.0,0.6581777930259705,0.2135919535221475,-0.0006675842163247679,0.00018829976033885032
5988352,2396.248945343017,0.00736261478787846,0.09102783352136612,,,,,,,,0.0,0.6578822731971741,0.21288990443845068,0.0016548018354223333,0.000883961096405983
5996544,2398.0398278390057,0.009048215927874255,0.11898193508386612,,,,,,,,0.0078125,0.6581304669380188,0.21318299624576978,-0.00021904620752879173,0.00012917626008857042
6004736,2399.6145705170056,0.00713264434640423,0.08934326469898224,,,,,,,,0.0,0.6576736569404602,0.2130101775606518,0.0006081885366650984,0.00025021881447173655
6012928,2401.417987182009,0.009961192010382564,0.13437500596046448,,,,,,,,0.0078125,0.6577016711235046,0.212446835956163,0.0003486644795008514,0.0003500063030514866
6021120,2402.9936339849955,0.009040373761895261,0.12061768025159836,,,,,,,,0.0,0.6578252911567688,0.212132569478119,-0.0002199649317836853,0.0001812370610423386
6029312,2404.6978392839956,0.007884845790997323,0.1021728515625,0.001464620059524191,0.21850839716662943,0.21510330526891094,333,219.4062750708241,16.650000000000002,nan,0.0,0.6574231386184692,0.21006915837690818,0.0009062418702450461,0.00042366955312900245
6037504,2406.727399004012,0.009443423923191065,0.12335205078125,,,,,,,,0.0078125,0.6577984690666199,0.21060172848922404,0.0008258147208515536,0.00021766001009382308
6045696,2408.55188607701,0.007582417140901975,0.09854736179113388,,,,,,,,0.0,0.6575364470481873,0.21304213640024944,0.0014861101208507534,0.0003535531577654183
6053888,2410.357502636005,0.009870051354045941,0.1309814453125,,,,,,,,0.0078125,0.6574234962463379,0.21263296317178493,0.0013160477321232653,0.0008043803391046822
6062080,2412.145931059,0.0081633279173567,0.10709228366613388,,,,,,,,0.0,0.6581922769546509,0.21390617156642153,0.0026150867365928366,0.00011226195056224242
6070272,2413.821846403007,0.007779359237623057,0.09925537556409836,,,,,,,,0.0,0.6579983234405518,0.21324008351144932,0.002088740994873189,0.00018975265265908092
6078464,2415.5552050670085,0.008162415498402917,0.10277099907398224,,,,,,,,0.0078125,0.658082127571106,0.21339165490561468,0.002825561004075064,0.0002473914937581867
6086656,2417.219792939024,0.007559033988893311,0.09725341945886612,,,,,,,,0.0,0.6581927537918091,0.21289324385324987,0.0012573362591214417,0.00011266307410551235
6094848,2418.95086277902,0.007080828163349562,0.08769531548023224,0.0018410114841528324,0.21803631601807552,0.21508344569421226,333,219.42557766398835,19.05,nan,0.0,0.6578143835067749,0.212608635211638,0.001240510738359195,0.0007829310488887131
6103040,2420.908578972012,0.008900529984417621,0.11638183891773224,,,,,,,,0.0078125,0.6585307717323303,0.21354797117918944,0.0015703961529342416,0.00013172684703022242
6111232,2422.3284394759976,0.008694473125957084,0.11158447712659836,,,,,,,,0.0,0.6581912636756897,0.21288337080031955,-0.0006743122980132693,0.0001391984842484817
6119424,2424.0962268160074,0.009022753578015078,0.11866455525159836,,,,,,,,0.0078125,0.6580579280853271,0.21357208136727554,0.0024141355421768667,0.0002017024962697178
6127616,2425.9578844200005,0.007559036016102048,0.09614258259534836,,,,,,,,0.0,0.6581614017486572,0.21255772473267115,0.0013148337884111387,0.00010654312063707039
6135808,2427.8077128820005,0.007401861096144834,0.0936279296875,,,,,,,,0.0,0.6578402519226074,0.21160162735094556,0.000955956167118097,0.0002598007267806679
6144000,2429.691091988003,0.008963444834496166,0.11268310993909836,,,,,,,,0.0078125,0.657848596572876,0.21239264881046674,0.0025477100843098173,0.00022317325056064874
6152192,2431.539612380002,0.007221419837935292,0.08402099460363388,,,,,,,,0.0,0.6573904156684875,0.21286367056343908,0.003251566537574579,0.0003206698747817427
6160384,2433.502976849006,0.007111879536327002,0.08731689304113388,0.0016297798169599975,0.22049519251336727,0.21509888792392098,333,219.4246536135388,39.900000000000006,nan,0.0078125,0.6571769714355469,0.2133852791060175,0.004233047822430879,0.0012292409082874656
6168576,2435.918563617015,0.008381179965328134,0.09979248046875,,,,,,,,0.0,0.6582552790641785,0.21313214122562338,0.005451649581929459,7.783772161928937e-05
6176768,2437.786652430019,0.008983227593775981,0.12266846001148224,,,,,,,,0.0,0.6579288840293884,0.21296750345873527,-0.002242836217352546,0.00018728559371083975
6184960,2439.6903440059978,0.00982465918823379,0.12790527939796448,,,,,,,,0.0078125,0.6582412123680115,0.21239380666027236,0.0024120060474019903,0.0002495112712495029
6193152,2441.4181499390106,0.009063393646240895,0.11636962741613388,,,,,,,,0.0,0.65836101770401,0.21399610287893983,3.6603148880504e-05,0.00012362573761492968
6201344,2442.7440340520116,0.008288246052122705,0.10830078274011612,,,,,,,,0.0,0.6579933166503906,0.2137443178908097,0.00020778108572064118,0.000722948694601655
6209536,2444.1808395470143,0.009803444220892141,0.13084717094898224,,,,,,,,0.0078125,0.6583999991416931,0.21405457572624376,0.0010802094046123288,0.00012120450992370024
6217728,2445.502702469006,0.00869443506667627,0.11595459282398224,,,,,,,,0.0,0.6580448150634766,0.21342189175871645,0.0014680839562518358,0.00017339045007247478
6225920,2447.1151316710166,0.009847906539905624,0.13221435248851776,0.0018586991906566208,0.2194079424129114,0.21510081132109682,333,219.43170395835688,36.45,nan,0.0078125,0.6582101583480835,0.21238034639024533,0.001543477665309676,0.000265800190391019
6234112,2448.800380433997,0.008644370540232435,0.11387939751148224,,,,,,,,0.0,0.6584910154342651,0.21374422168577226,0.0005873889749441078,7.071986328810453e-05
6242304,2450.800416090002,0.008573481936372753,0.113525390625,,,,,,,,0.0,0.6582698822021484,0.2129463056864988,0.000488587146497034,0.000185679760761559
6250496,2452.575134040002,0.009021328249534012,0.11993408203125,,,,,,,,0.0078125,0.6580817699432373,0.2133519278936593,0.0022845048443536978,0.0001760190789354965
6258688,2453.6395466350077,0.007976230100879542,0.10354004055261612,,,,,,,,0.0,0.6579429507255554,0.21358427159037813,0.00021300912814025595,0.0004912980948574841
6266880,2455.9677512170165,0.009469289776858967,0.12656250596046448,,,,,,,,0.0078125,0.657849133014679,0.2126380424102939,0.0008546323400486892,0.0004930276772938669
6275072,2457.29318024902,0.008563069873878995,0.10650634765625,,,,,,,,0.0,0.6579694747924805,0.21293250610401313,0.004526594916172558,0.00011048042506445199
6283264,2458.228195044998,0.007390035299464944,0.09207763522863388,,,,,,,,0.0,0.6575777530670166,0.21227494007953446,-0.00014670187169081632,0.000286324619082734
6291456,2459.156959184009,0.008871532031570357,0.11180420219898224,0.0014678296247851996,0.219100550469221,0.21508526054843036,333,219.42693191424087,49.650000000000006,nan,0.0078125,0.6579136252403259,0.2124972261264459,0.0005182337025619778,0.0003854772949125618
6299648,2460.2725122990087,0.008327666691991475,0.10672607272863388,,,,,,,,0.0,0.6579979062080383,0.21301671298777075,0.002129111462283249,0.00022532790899276733
6307840,2461.180886932998,0.008031565545047489,0.10422363132238388,,,,,,,,0.0,0.6577580571174622,0.2130614113851284,0.0028299330341226125,0.00039200924220494926
6316032,2462.105056358996,0.010274106693489996,0.13801269233226776,,,,,,,,0.0078125,0.658028244972229,0.21245864739918613,0.0020334194563510102,0.00013049598783254623
6324224,2463.0040604370006,0.008653828502448311,0.11210937798023224,,,,,,,,0.0,0.6577870845794678,0.21347851466877335,0.0014759016596509154,0.0001800960162654519
6332416,2463.936565459997,0.0090587120561379,0.11395263671875,,,,,,,,0.0078125,0.6579455733299255,0.21298563564387324,0.0014111064371799145,0.0010944688692688942
6340608,2464.846308660024,0.008073889379818988,0.10394287109375,,,,,,,,0.0,0.6583018898963928,0.21346509038936223,0.0001087991627485833,8.87669448275119e-05
6348800,2465.8857379260007,0.008041500643783018,0.10527344048023224,,,,,,,,0.0,0.6581271290779114,0.21356378609071647,0.001554124666826994,0.00017641908198129386
6356992,2466.801102219004,0.010792165597361765,0.14244385063648224,0.0014618838838927894,0.21667379459719363,0.21507374903119775,333,219.4274356674975,35.25,nan,0.0078125,0.6581512689590454,0.21364462539964407,-0.00027872030741562793,0.00015615862503182143
6365184,2467.9009472960024,0.008176511477412907,0.10966797173023224,,,,,,,,0.0,0.6580511331558228,0.21381988742377164,0.0010373957770403702,0.00014151523646432906
6373376,2468.808293336013,0.007996976897069633,0.10062255710363388,,,,,,,,0.0078125,0.6577824354171753,0.2128878500088749,0.000955042452145464,0.0003410193312447518
6381568,2469.719142870017,0.008688386526259107,0.11406250298023224,,,,,,,,0.0,0.6581301689147949,0.2136446663200656,0.0014638295707155207,0.00020903810218442231
6389760,2470.625541356014,0.008301433083936488,0.1031494140625,,,,,,,,0.0,0.6577374935150146,0.21313525789392868,0.0031196155594866355,0.0002975875686388463
6397952,2471.544210254011,0.00894074524084094,0.1173095703125,,,,,,,,0.0078125,0.6580420136451721,0.21265559910035922,0.0018274298380289676,0.0009075492853298783
6406144,2472.4488064640027,0.008191471873292135,0.10698242485523224,,,,,,,,0.0,0.6581372618675232,0.21167647761422903,0.0011441744421611167,8.510363113600761e-05
6414336,2473.3767403460224,0.006684148198307619,0.08347167819738388,,,,,,,,0.0,0.658066987991333,0.2127255001426715,0.0025517469552384445,0.00019621181127149612
6422528,2474.284067933011,0.009954275389523776,0.12436523288488388,0.001718135053712988,0.21695823858247346,0.21510887851292382,333,219.4233814474322,48.45,nan,0.0078125,0.6580519676208496,0.21280145384952998,0.002368378895092844,0.00011967048340011388
6430720,2475.409628490015,0.007981676920091578,0.102294921875,,,,,,,,0.0,0.6577926278114319,0.21195090544940115,0.0011614505217125127,0.00013365376798901707
6438912,2476.320111549023,0.00917369279357204,0.12103271484375,,,,,,,,0.0078125,0.6578233242034912,0.2120391807550741,0.0015689938952375409,0.0004897533799521625
6447104,2477.2756230520026,0.008248455577390432,0.10704346001148224,,,,,,,,0.0,0.6582058072090149,0.2136589611302248,0.0013567760369250668,6.489908992080018e-05
6455296,2478.3222347710107,0.008902009511942777,0.12082519382238388,,,,,,,,0.0,0.6580708026885986,0.2135921686091987,-0.0005131569013914587,0.0001630393526284024
6463488,2479.431655329012,0.007599061654540479,0.09080810844898224,,,,,,,,0.0078125,0.6581271886825562,0.21319730242866383,0.001798210985967802,0.00040729419561102986
6471680,2480.4351954970043,0.0070759293561199425,0.08836670219898224,,,,,,,,0.0,0.6578963994979858,0.2129385078065082,0.0018390402912986333,0.00014840647054370493
6479872,2481.5522310520173,0.008635355787010105,0.10960693657398224,,,,,,,,0.0078125,0.6577019691467285,0.21251734704687855,0.0021264704561680995,0.0006347009912133217
6488064,2482.532648155,0.010076005870175604,0.13052979111671448,0.0016761197085998214,0.21667500088898337,0.21512107920588383,333,219.41942393268008,13.200000000000001,nan,0.0,0.6581465005874634,0.21253852353503588,0.003817564388689196,0.00010377619037171826
6496256,2483.7434483130055,0.007655895292907767,0.09730225056409836,,,,,,,,0.0,0.6576511263847351,0.2128350992624696,0.00028687261348017294,0.00016143260290846229
6504448,2484.725192933023,0.009115494024028547,0.12026367336511612,,,,,,,,0.0078125,0.6580763459205627,0.2131302464211801,0.0003746449190829943,0.0002854177146218717
6512640,2485.6483074240095,0.007564552050367318,0.0989990234375,,,,,,,,0.0,0.6583635807037354,0.21383435136538503,-0.0003562790856873496,7.903953519416973e-05
6520832,2486.583760773996,0.007542053220911044,0.09702148288488388,,,,,,,,0.0,0.658100962638855,0.21328186480102365,0.0013810154093807216,0.0010167899308726192
6529024,2487.5593939660175,0.009904894134731097,0.12775878608226776,,,,,,,,0.0078125,0.6579557061195374,0.21387061896052145,0.0010314307568590898,0.00011194289982086048
6537216,2488.4981266240065,0.006433231096343706,0.07990723103284836,,,,,,,,0.0,0.657853901386261,0.21178424005029267,0.0011616247423251467,0.0002115890383720398
6545408,2489.434669395996,0.009394306328175653,0.12629394233226776,,,,,,,,0.0078125,0.658011257648468,0.21320909935699855,0.0006215554745652542,0.00036078362609259784
6553600,2490.3877734870184,0.008586607163287109,0.11301269382238388,0.0015132069398303694,0.21806427180065832,0.2150720048228377,333,219.4157507411564,22.5,nan,0.0,0.6584122180938721,0.21352556826747082,0.003911910623424356,8.405212429352105e-05
6561792,2491.6219407909957,0.007844248470491208,0.10317382961511612,,,,,,,,0.0,0.6582030057907104,0.2130550769813851,-0.00023211556709551654,0.00016477506142109632
6569984,2492.5925848670013,0.009747160994405714,0.12520752847194672,,,,,,,,0.0078125,0.6581514477729797,0.2134423201034393,0.000851913697108012,0.00016548337589483708
6578176,2493.5372261330194,0.007962171358727036,0.09689941257238388,,,,,,,,0.0,0.6578328609466553,0.2134608417082871,0.0014405887811224005,0.00018792791524901986
6586368,2494.4947702659993,0.009994225786043549,0.12178955227136612,,,,,,,,0.0078125,0.6576670408248901,0.21375623733552335,0.003948896772094942,0.0005089268088340759
6594560,2495.4399104390177,0.00829044088175027,0.10861816257238388,,,,,,,,0.0,0.6584091186523438,0.21405497296236375,0.0030318113970717892,7.400871982099488e-05
6602752,2496.4599338370026,0.007619668832804172,0.09945068508386612,,,,,,,,0.0,0.6581674218177795,0.21352237576392913,0.002295474868276706,0.00016504613449797034
6610944,2497.3951149480126,0.009506868008617017,0.12606202065944672,,,,,,,,0.0078125,0.6581715941429138,0.2129602993213227,0.0021790621042217097,0.0013490390265360475
6619136,2498.318129895022,0.008039793376593938,0.10444336384534836,0.001693318457880122,0.2175943777791026,0.21506113940243243,333,219.42077299213918,22.5,nan,0.0,0.6579965353012085,0.21394859478161474,0.001826527947228556,8.452386828139424e-05
6627328,2499.4777303860174,0.007086806384056558,0.08955078572034836,,,,,,,,0.0,0.6578381657600403,0.2140107661401895,0.00034093515903895817,0.00023887702263891697
6635520,2500.4071844319988,0.009639564609687595,0.12261962890625,,,,,,,,0.0078125,0.658164918422699,0.21425283575900997,0.0002884321750261428,9.436954132979736e-05
6643712,2501.3369770570134,0.007955829285213132,0.10267334431409836,,,,,,,,0.0,0.6580895185470581,0.2134557720819577,0.0007611959389856588,0.00015099799202289432
6651904,2502.3119494279963,0.009165502911874698,0.11754150688648224,,,,,,,,0.0078125,0.6579956412315369,0.21367091600092825,0.001460471447543659,0.0002264435461256653
6660096,2503.2415609860036,0.007461706427934942,0.09625244140625,,,,,,,,0.0,0.6583226323127747,0.21342470137856712,0.003429910984249324,7.342090975726023e-05
6668288,2504.171247334016,0.007993344347936037,0.10087890923023224,,,,,,,,0.0,0.6580119132995605,0.21391719007815851,0.000631669871186381,0.0002070240443572402
6676480,2505.1235111440183,0.010014217081855334,0.12515869736671448,,,,,,,,0.0078125,0.6583921313285828,0.21365495934607695,0.0007317537195157438,0.00019316455291118473
6684672,2506.0624980290013,0.00840160600518847,0.11065673828125,0.0018091471035938111,0.21702966301421428,0.215081719310037,333,219.41667986159104,14.4,nan,0.0,0.6583295464515686,0.2131709042658842,-0.001133518127707136,0.00040864484617486596
6692864,2507.2048484980187,0.008437935886121045,0.11044921725988388,,,,,,,,0.0078125,0.6583408713340759,0.21304264290102304,0.001100822915610387,0.0007746780174784362
6701056,2508.2150296590116,0.008481648587791078,0.11209716647863388,,,,,,,,0.0,0.6583651304244995,0.21435080576675394,0.0023649578523850068,5.969297490082681e-05
6709248,2509.156263737008,0.008002865135863936,0.10478515923023224,,,,,,,,0.0,0.6581039428710938,0.2134420122801203,-0.0013306891660819376,0.00011834816541522741
6717440,2510.0748467830126,0.00887993806860339,0.1158447265625,,,,,,,,0.0078125,0.6581630110740662,0.21335543370701582,0.0014042574225623416,0.000175155044416897
6725632,2510.9938661660126,0.008220836879164296,0.10863037407398224,,,,,,,,0.0,0.6582783460617065,0.21366876621397934,0.001567564698327231,0.00010785464110085741
6733824,2511.9130651600135,0.008547949723684101,0.1124267578125,,,,,,,,0.0,0.6580404043197632,0.2132736490183737,0.0014895767763408315,0.0004524581308942288
6742016,2512.840487577021,0.009272321577037074,0.12088622897863388,,,,,,,,0.0078125,0.6583338975906372,0.2126686157823658,0.0016879655439838639,0.00011470222671050578
6750208,2513.755602623016,0.00829066005413907,0.10802002251148224,0.0017109867104635468,0.2184589059709444,0.21502870784387035,333,219.41290163655594,27.150000000000002,nan,0.0,0.6581944227218628,0.21383193538206818,-0.0004986244697067126,0.00011356184404576197
6758400,2514.9535749140196,0.00817659393607007,0.10639648884534836,,,,,,,,0.0078125,0.6581900715827942,0.2136873981576922,0.0010574468297480254,0.00038994973874650896
6766592,2515.890401124023,0.008845512309051095,0.11912842094898224,,,,,,,,0.0,0.6584107279777527,0.214097399463734,0.0012927792756733916,6.180750642670318e-05
6774784,2516.816098117997,0.007879152578553332,0.09952392429113388,,,,,,,,0.0,0.6580363512039185,0.21397762067684592,0.0021130769893256715,0.00022573815658688545
6782976,2517.7645123690017,0.008854520544993525,0.1180419921875,,,,,,,,0.0078125,0.6582977175712585,0.21375345103482862,0.0027410614877048816,0.00016147665155585855
6791168,2518.6924411150103,0.008304224556999085,0.10936279594898224,,,,,,,,0.0,0.6581478118896484,0.21305497438816529,0.00026043449998115964,0.00010670368646970019
6799360,2519.610946742003,0.008664686908465474,0.11444091796875,,,,,,,,0.0078125,0.6579837799072266,0.21288483465318842,0.000868306122373146,0.0003551871923264116
6807552,2520.55759968402,0.008741524657553967,0.1185302734375,,,,,,,,0.0,0.6580449342727661,0.2133739793133978,0.00199450016402073,0.00010425895743537694
6815744,2521.476457288023,0.007721890228354284,0.09479980915784836,0.0015734161889419118,0.22075162664724685,0.21504713391290992,333,219.4147493914995,27.150000000000002,nan,0.0,0.6575993895530701,0.21234188773495996,0.001694730053021197,0.000546334485989064
6823936,2522.6500203250034,0.00907941462092784,0.11594238132238388,,,,,,,,0.0078125,0.6577615141868591,0.21280454193934878,0.002145293426326468,0.0008711194968782365
6832128,2523.5860012159974,0.008469197878677066,0.10780029743909836,,,,,,,,0.0,0.657971978187561,0.21270728527817995,0.002323037660205168,0.00011272889241809025
6840320,2524.502928358008,0.008748563880757718,0.11489257961511612,,,,,,,,0.0,0.657596230506897,0.21203593294676995,0.0017769032986393034,0.0003132537240162492
6848512,2525.5566487130127,0.010924441778551819,0.14244385063648224,,,,,,,,0.0078125,0.6581400632858276,0.21240104342075825,0.0004803319020724008,0.00015718393842689693
6856704,2526.6720269260113,0.009116002265178546,0.11972656100988388,,,,,,,,0.0,0.65777188539505,0.21333112791225034,-0.00038044711939056396,0.00012811744818463922
6864896,2527.696499244019,0.008417751380048235,0.10704346001148224,,,,,,,,0.0078125,0.6576948761940002,0.21344033099261553,0.0032140251394276206,0.00028823866159655154
6873088,2528.7822361240105,0.010637154413559259,0.13978271186351776,,,,,,,,0.0,0.6581401228904724,0.21340619247521686,0.0016261900894659822,0.0002573906385805458
6881280,2529.8466663520085,0.008187281586584145,0.10646972805261612,0.0014492745691447873,0.2178225647430439,0.21512747035242435,333,219.4049090132802,17.85,nan,0.0,0.6578472852706909,0.2128727094036645,-0.0013511804147539985,0.0001791072281775996
6889472,2531.1235468320083,0.00900022799371458,0.11705322563648224,,,,,,,,0.0078125,0.6584259867668152,0.21310083059729049,0.0013673382523201232,0.00015364102728199214
6897664,2532.0523985699983,0.008924000070558203,0.11625976860523224,,,,,,,,0.0,0.6585416197776794,0.21365813958512914,0.00042774717058518874,0.00010028950782725587
6905856,2532.9726682820183,0.008470080943421712,0.11099853366613388,,,,,,,,0.0078125,0.6583261489868164,0.21341978768664763,0.0003269985488406678,0.0003809213812928647
6914048,2533.9004633669974,0.009700893766545197,0.13067626953125,,,,,,,,0.0,0.6583185791969299,0.2134000221403863,0.002811300240517272,7.29674575268291e-05
6922240,2534.803333051008,0.008461284058251278,0.10996093600988388,,,,,,,,0.0,0.6580609679222107,0.21306383200506204,-0.0006045071622987083,0.0001253453956451267
6930432,2535.7298113419965,0.009856471428309511,0.12949219346046448,,,,,,,,0.0078125,0.6582685708999634,0.21374823442905302,0.002403562815934948,0.000683231686707586
6938624,2536.6397792670177,0.009060481026327526,0.11687012016773224,,,,,,,,0.0,0.658641517162323,0.21366595331302007,0.001179270191195449,7.537711644545197e-05
6946816,2537.6395479950006,0.007794117669486195,0.10051269829273224,0.001780275969079148,0.21693060405928058,0.21509119626960388,333,219.41306414756514,14.4,nan,0.0,0.6584640741348267,0.21271542993101655,0.0009689695451775348,0.00015288287249859422
6955008,2539.0306147960073,0.00919039202240212,0.11613769829273224,,,,,,,,0.0078125,0.658301830291748,0.21308809902717357,0.0008473128757628065,8.682408224558458e-05
6963200,2539.991542072996,0.007988161570731423,0.10338135063648224,,,,,,,,0.0,0.6580232977867126,0.21400433474724365,0.0022875781203338173,8.830703882267699e-05
6971392,2540.9876618359995,0.00943346383379202,0.12617187201976776,,,,,,,,0.0078125,0.6579058766365051,0.21362087146120506,0.0006906934783239678,0.0003574362490326166
6979584,2541.9538454940193,0.00912037300676711,0.11972656100988388,,,,,,,,0.0,0.6581375002861023,0.21350283599096903,0.0014025262758818374,6.820543057983741e-05
6987776,2542.87491689701,0.007710475715644207,0.0997314453125,,,,,,,,0.0,0.6579189300537109,0.2133144978061726,0.000958186515409738,0.00022843964688945562
6995968,2543.830556908011,0.009339818941442807,0.12047119438648224,,,,,,,,0.0078125,0.658180832862854,0.21330537694164708,0.0015505159388239352,0.00015025550965219736
7004160,2544.7353196150216,0.008409842163792041,0.10750732570886612,,,,,,,,0.0,0.6582119464874268,0.21377913815607674,0.00245104708270893,7.853309216443449e-05
7012352,2545.6637888390105,0.008672677648115874,0.10649414360523224,0.001522650915535495,0.21939526383586316,0.21503468876003456,333,219.4098330558583,49.650000000000006,nan,0.0078125,0.6580492258071899,0.21299089448276862,0.0028018295560287474,0.00025404742336831987
7020544,2546.837333024014,0.010384929148569089,0.13939209282398224,,,,,,,,0.0,0.6586031317710876,0.2140479794506414,0.0012299911365825653,0.00015492642705794424
7028736,2547.765032610012,0.008363391019296099,0.11009521782398224,,,,,,,,0.0,0.6582934260368347,0.21344527514555883,0.00041558584559437745,7.936130714369938e-05
7036928,2548.702646691003,0.00979364920937599,0.12508545815944672,,,,,,,,0.0078125,0.658292293548584,0.21330465649363428,0.0026377609687958875,0.00026245214394293725
7045120,2549.6244958550087,0.00855006565123935,0.10703124850988388,,,,,,,,0.0,0.6582291126251221,0.21346735644592996,-0.00012893911738674405,0.0001454585144529119
7053312,2550.542922429013,0.00835842963937261,0.107177734375,,,,,,,,0.0,0.657806932926178,0.21311073497756933,0.0012119573755706014,0.0006724211270920932
7061504,2551.4725879110047,0.009544984069205745,0.12113036960363388,,,,,,,,0.0078125,0.6584864258766174,0.2133287866465207,0.0008411462979802161,0.00030042833532206714
7069696,2552.3901150190213,0.0072466964217261925,0.08928222954273224,,,,,,,,0.0,0.6582827568054199,0.2132931763912468,0.0004579525394589593,0.00011223257024539635
7077888,2553.3075716650055,0.008908662384889257,0.11444091796875,0.001727893981481099,0.22084746143679007,0.21508540432274245,333,219.40234817695847,35.25,nan,0.0078125,0.6582378149032593,0.21365735786564452,0.0027909608224559288,0.0006697934004478157
7086080,2554.481588958006,0.008657636567625386,0.11429443210363388,,,,,,,,0.0,0.6582609415054321,0.21376281556428772,0.0010845624573169166,6.836195825599134e-05
7094272,2555.391317653004,0.008368391862696395,0.10114746540784836,,,,,,,,0.0,0.6579607725143433,0.21344336529381952,0.0036081801773488673,0.00015412790526170284
7102464,2556.318121246004,0.008817448961462407,0.11588134616613388,,,,,,,,0.0078125,0.6581020951271057,0.21321264421577307,0.002876369438250226,0.00017476138600613922
7110656,2557.3309956360026,0.008376599602684047,0.10924072563648224,,,,,,,,0.0,0.6580411791801453,0.21348362959270548,0.00015278801659500226,9.304854029323906e-05
7118848,2558.246297165024,0.00909185920562972,0.1224365234375,,,,,,,,0.0078125,0.6577685475349426,0.21266743937260996,0.0010032911964245595,0.0009263727115467191
7127040,2559.1892764240038,0.011149075452854193,0.14943848550319672,,,,,,,,0.0,0.6579529047012329,0.21364013313203167,0.004344141741459389,0.00011194033868378028
7135232,2560.102732496016,0.009234727952500247,0.11826171725988388,,,,,,,,0.0,0.6574907898902893,0.2130618659671804,0.004757617118474689,0.000256246974458918
7143424,2561.0410895230016,0.009317032252852015,0.12208252400159836,0.0018165436460217954,0.21957408054997346,0.21508732069768918,333,219.4003650567151,39.150000000000006,nan,0.0078125,0.6580795049667358,0.21277218587427355,0.00258963752216836,0.00022619271476287395
7151616,2562.188073177007,0.007930390711999646,0.10324706882238388,,,,,,,,0.0,0.6584529876708984,0.2133356693852964,0.0016331218012495784,0.00014677135914098471
7159808,2563.113507458009,0.008795909211187797,0.11810302734375,,,,,,,,0.0,0.6582481265068054,0.21339709073868324,0.0012339009243256484,0.0001654389052418992
7168000,2564.0492575509998,0.010553250947985322,0.13347168266773224,,,,,,,,0.0078125,0.6580532789230347,0.214178800815572,0.00014493289444092154,0.00012745964340865612
7176192,2564.958606322005,0.00840239610798033,0.1060791015625,,,,,,,,0.0,0.6575047969818115,0.21325534238267657,0.0030209804531298005,0.000352587754605338
7184384,2565.8736520390084,0.009136688202601976,0.12209472805261612,,,,,,,,0.0078125,0.6577157378196716,0.21300113577313814,0.003029292745584471,0.0005141885485500097
7192576,2566.7935657640046,0.009510397154160622,0.12452393025159836,,,,,,,,0.0,0.6582727432250977,0.21284814735123816,0.0017773703576244968,6.174874579301104e-05
7200768,2567.72412902402,0.007971271390789418,0.10549316555261612,,,,,,,,0.0,0.658011794090271,0.2127666026116652,-0.0005239676928187423,0.00012532807886600494
7208960,2568.6706983550102,0.009052210020281592,0.11865234375,0.001441196111236387,0.22137929033202447,0.2151177199783198,333,219.39863833583144,7.3500000000000005,nan,0.0078125,0.658184289932251,0.2127774395340364,0.0021307900551588606,0.00013360798766370863
7217152,2569.8591030810203,0.009347006526519907,0.12541504204273224,,,,,,,,0.0,0.6580606698989868,0.21365809557449844,0.001119043516142999,0.00015560210158582777
7225344,2570.786524474999,0.009091247043467813,0.11729736626148224,,,,,,,,0.0078125,0.6577582359313965,0.21348761956422108,0.0013394273786715854,0.00027055080863647163
7233536,2571.7156773210154,0.011376364866737607,0.15178222954273224,,,,,,,,0.0,0.6584107279777527,0.21389901246864648,0.0031757394994815866,0.0001233072835020721
7241728,2572.627477619011,0.00892668562662639,0.11203613132238388,,,,,,,,0.0,0.6579477190971375,0.2133110195706099,0.0017946479371686126,0.0001478792546549812
7249920,2573.546054120001,0.009966531290386648,0.13221435248851776,,,,,,,,0.0078125,0.6580790877342224,0.21395638326613758,0.002194188983473664,0.0002841743698809296
7258112,2574.4547666110157,0.008289376349925826,0.10649414360523224,,,,,,,,0.0,0.6578800678253174,0.213573093292679,0.0014706779586560479,0.00013794339611195028
7266304,2575.3756548480014,0.008029487469167831,0.10092773288488388,,,,,,,,0.0,0.657792866230011,0.21341610517363843,0.002431766308029151,0.00019685598090291023
7274496,2576.294233209017,0.010391795210561754,0.13552246987819672,0.001541964427994147,0.22134162869380494,0.2150374849057138,333,219.39645293055915,30.6,nan,0.0078125,0.6582745313644409,0.2134138512485237,0.0023138236580215847,0.0001286657789023593
7282688,2577.4516399390122,0.008401243349166681,0.11036377400159836,,,,,,,,0.0,0.6581066846847534,0.21327109912853442,0.001182748042749611,9.53229537117295e-05
7290880,2578.3891929710226,0.009779985450697234,0.12668457627296448,,,,,,,,0.0078125,0.6578993201255798,0.21332680800852982,0.0024277348028869414,0.00024268776178359985
7299072,2579.3896833890176,0.009207615114992374,0.11343993991613388,,,,,,,,0.0,0.6578503847122192,0.21349760440369062,0.0015433373769060904,0.00012190057168481871
7307264,2580.492811871023,0.009158679823639921,0.11835937947034836,,,,,,,,0.0,0.6573922038078308,0.21229087241993008,0.002363211516465074,0.00048000432434491813
7315456,2581.423055682011,0.00910147459230126,0.11873779445886612,,,,,,,,0.0078125,0.657991349697113,0.2125447006977445,0.0026846716172625467,0.00039623817428946495
7323648,2582.443866620015,0.008279074066982093,0.10837402194738388,,,,,,,,0.0,0.6582080125808716,0.21266490337841887,0.0007213315771532887,0.00012230062566231936
7331840,2583.4069533380098,0.00853253451614437,0.11333008110523224,,,,,,,,0.0078125,0.6579992175102234,0.2133086642822223,0.0006306031299382974,0.00038898043567314744
7340032,2584.340683776012,0.009859197473955117,0.13336181640625,0.0016663494461029993,0.2165493498656875,0.21504090094455441,333,219.4037622171649,22.5,nan,0.0,0.6582803130149841,0.21382162370203822,0.001675339881844909,6.46389089524746e-05
7348224,2585.617703491007,0.009363469831757763,0.12784424424171448,,,,,,,,0.0,0.6579900979995728,0.2135514856862263,-0.00033906957445015785,0.0001182084233732894
7356416,2586.5654910349986,0.009924011985421477,0.13365478813648224,,,,,,,,0.0078125,0.6581619381904602,0.21378599504963539,0.001283257543799829,0.0003010617510881275
7364608,2587.5889192040195,0.010405053578775369,0.11998291313648224,,,,,,,,0.0,0.6579616069793701,0.2139570247057873,0.0033548770336715807,0.00011027516302419826
7372800,2588.5156472250237,0.0093855757723806,0.12043457478284836,,,,,,,,0.0,0.657804548740387,0.21373945271855893,0.0026048793178960958,0.00022133214224595577
7380992,2589.4662151570083,0.009391427287482604,0.12459716945886612,,,,,,,,0.0078125,0.6579959988594055,0.21366860449490982,0.0032182140961471623,0.00018232877482660115
7389184,2590.3936010540056,0.009121376475038146,0.11971435695886612,,,,,,,,0.0,0.6578058004379272,0.213292059381545,0.0020625053280406945,9.427426994079724e-05
7397376,2591.3117990989995,0.009737894351245032,0.12596435844898224,,,,,,,,0.0078125,0.6578378081321716,0.213373419087397,0.0018980185794055617,0.0006312317564152181
7405568,2592.251897088019,0.009768883619946699,0.131591796875,0.0020317760467738477,0.2214701394190804,0.21507965568220677,333,219.40610851442574,19.05,nan,0.0,0.6585283279418945,0.21397405303188174,0.002748200745834635,5.3057028708280995e-05
7413760,2593.4021955089993,0.009971228245289617,0.13511963188648224,,,,,,,,0.0,0.6582010388374329,0.21352072063213465,0.0020301072535467454,0.0001738950377330184
7421952,2594.3258679080172,0.010610960622675617,0.13620606064796448,,,,,,,,0.0078125,0.6584283113479614,0.21358673905193376,0.0016306141206369308,0.00019831796817015857
7430144,2595.4260698209982,0.00901315186625969,0.12166748195886612,,,,,,,,0.0,0.6584072709083557,0.21384514982430214,-0.0003868905254960476,7.126281707314774e-05
7438336,2596.429110262019,0.00876944767659586,0.11513672024011612,,,,,,,,0.0078125,0.6581832766532898,0.21344190525285628,0.0020976891011093347,0.00028859483427368104
7446528,2597.463777701021,0.013221270295695997,0.14632569253444672,,,,,,,,0.0,0.657843291759491,0.2136208409327406,0.00784428908903967,0.00014569261111319065
7454720,2598.384263332002,0.009403260090125959,0.11037597805261612,,,,,,,,0.0,0.6574739217758179,0.21374597663846234,0.005091366198915837,0.0003136539598926902
7462912,2599.3358720770048,0.01139369301253558,0.14061279594898224,,,,,,,,0.0078125,0.6578477621078491,0.21370725085104633,0.00821417501111606,0.0006268551223911345
7471104,2600.2591235029977,0.00973633781743481,0.13215331733226776,0.0018012210110596172,0.22000037642437803,0.2150656068227818,333,219.4100196195856,17.85,nan,0.0,0.6583377122879028,0.21383109758530777,-0.0011182140614791464,6.116949225543067e-05
7479296,2601.439793735015,0.007967896911949412,0.10518798977136612,,,,,,,,0.0,0.65815669298172,0.2135420086711426,0.0014412022527268266,0.00023682419850956649
7487488,2602.353809934022,0.009995404229636707,0.12513427436351776,,,,,,,,0.0078125,0.658369779586792,0.2136022678922181,0.0024315087127569648,0.00012426722969394177
7495680,2603.2637071070203,0.008944993504961163,0.1173095703125,,,,,,,,0.0,0.6582857370376587,0.213296810030393,0.0019110848830675015,8.36998806335032e-05
7503872,2604.1920580500155,0.010890179100057004,0.13937988877296448,,,,,,,,0.0078125,0.6581439971923828,0.21335124700864383,0.0022302246670883306,0.0003380000707693398
7512064,2605.130263088009,0.00883133023820103,0.11414795368909836,,,,,,,,0.0,0.6581571102142334,0.21355958645390874,0.002775273329051509,0.00010404038766864687
7520256,2606.048503958009,0.008349508414197427,0.10358887165784836,,,,,,,,0.0,0.6577472686767578,0.21394588898400327,0.002971653244619784,0.0002608746290206909
7528448,2606.9920702539966,0.009611421383626709,0.12430419772863388,,,,,,,,0.0078125,0.6580280065536499,0.2141373765757058,0.0018641549536044183,0.00018364247807767242
7536640,2607.917609404016,0.009173441057301007,0.12100829929113388,0.0020524617073992557,0.2169267095092152,0.215053171810642,333,219.40791877585704,48.45,nan,0.0,0.6577121019363403,0.2138690062652111,0.000820916302841254,0.00018387337331660092
7544832,2609.137521990022,0.008444251396712801,0.11052246391773224,,,,,,,,0.0078125,0.6574844717979431,0.21337481643795803,-0.00032526126716950015,0.0004680742567870766
7553024,2610.3167375210032,0.009218909379282584,0.11982422322034836,,,,,,,,0.0,0.6582423448562622,0.21426992970237158,0.003267735944884097,8.629701187601313e-05
7561216,2611.3294011600083,0.007517150220265639,0.09149169921875,,,,,,,,0.0,0.6578847765922546,0.21355599686444618,0.002686245746428255,0.000137393013574183
7569408,2612.295368877996,0.009148582027287891,0.11842041462659836,,,,,,,,0.0078125,0.6580061912536621,0.21329854966979495,0.0027655393333209377,0.0001660699344938621
7577600,2613.210201023001,0.0076481310095406685,0.0947265625,,,,,,,,0.0,0.658262312412262,0.21364559090801402,0.0011209650997534802,0.00011913324851775542
7585792,2614.125417080999,0.008529671030607226,0.11146240681409836,,,,,,,,0.0,0.6580129861831665,0.2129718189863398,0.003358102902027431,0.0004352065734565258
7593984,2615.056554622017,0.010079702806887789,0.13151855766773224,,,,,,,,0.0078125,0.6579914093017578,0.21349292631732006,0.002008174118071975,0.00015872121730353683
7602176,2615.9737186389975,0.00966488936410173,0.12458496540784836,0.0014290552084053054,0.22137813003628765,0.2150434919750038,333,219.39901484310127,30.6,nan,0.0,0.657611072063446,0.21377564491789278,0.0018699918406806766,9.849576599663123e-05
7610368,2617.1528272080177,0.010299687986484141,0.12518310546875,,,,,,,,0.0078125,0.6575887203216553,0.2130582523713913,0.003802533765285806,0.00046183550148271024
7618560,2618.092788167007,0.008061370026023943,0.10585937649011612,,,,,,,,0.0,0.6585195064544678,0.21381620917769734,0.0022419031739417,5.390763908508234e-05
7626752,2619.017088806024,0.009125831198862379,0.12236328423023224,,,,,,,,0.0,0.6581894755363464,0.21342483891091174,-0.0004625475402299167,0.0005018306546844542
7634944,2619.9445437749964,0.010038991765118369,0.13590088486671448,,,,,,,,0.0078125,0.6583554148674011,0.21311387567606527,0.0020476080045772694,0.00014346814714372158
7643136,2620.86553244901,0.0088416874324225,0.11356201022863388,,,,,,,,0.0,0.658158004283905,0.21404987816909596,0.0017987143902143234,7.773700781399384e-05
7651328,2621.78598766902,0.009055039550683331,0.11667480319738388,,,,,,,,0.0078125,0.6581194400787354,0.2134767930704195,0.002463137543314341,0.0006745404680259526
7659520,2622.716374681011,0.009267645807817691,0.11680908501148224,,,,,,,,0.0,0.6586121320724487,0.2141739840909088,0.004219316238748724,4.694569361163303e-05
7667712,2623.617045924999,0.007666121674921739,0.09915771335363388,0.0011893511509921684,0.21748479272808888,0.21508604507198323,333,219.40731105307037,41.550000000000004,nan,0.0,0.6583601832389832,0.21381355934653193,0.0018647890195206012,7.061254291329533e-05
7675904,2624.804701893998,0.010607736468456782,0.1318359375,,,,,,,,0.0078125,0.6582663059234619,0.21340920074414016,0.0026374694543532555,0.0001216055461554788
7684096,2625.710702065,0.009366696066630665,0.11939697712659836,,,,,,,,0.0,0.6583821773529053,0.2137662160540676,0.002763339355588013,9.18575024115853e-05
7692288,2626.628288111009,0.009709440340494865,0.11555176228284836,,,,,,,,0.0,0.6580432653427124,0.21352393960636856,0.003724599567092603,0.00021637203462887555
7700480,2627.5611771400145,0.011757331088278,0.15007324516773224,,,,,,,,0.0078125,0.6585384607315063,0.21384546819545408,0.0019656109767714793,0.00016440940089523792
7708672,2628.488384205004,0.009463545972354014,0.12711182236671448,,,,,,,,0.0,0.6583774089813232,0.21382875378829272,0.0010689015082875704,6.376217788783833e-05
7716864,2629.422675445996,0.019598219669539178,0.16660156846046448,,,,,,,,0.0078125,0.6581580638885498,0.2127216600425721,5.566164129056119e-05,0.008827554993331432
7725056,2630.342919356015,0.012944358890681762,0.17491455376148224,,,,,,,,0.0,0.6583436131477356,0.21345689838906856,0.0055329178330927485,0.0012932521058246493
7733248,2631.242596265016,0.008295277463513693,0.10775146633386612,0.0025422277718731845,0.21732613881024582,0.21505928966009544,333,219.4087599340965,41.400000000000006,nan,0.0,0.65826416015625,0.21343362159639195,0.0012085676443919354,0.00016858107119333
7741440,2632.4378344480065,0.009553305856113182,0.12818603217601776,,,,,,,,0.0078125,0.6585485339164734,0.21390365564923583,0.0005304869366981944,0.0015460833674296737
7749632,2633.347051402001,0.00907873946425917,0.12241210788488388,,,,,,,,0.0,0.6585375070571899,0.21439270467284807,-0.0007940981843282179,7.744366303086281e-05
7757824,2634.2684504430217,0.008003349882614773,0.10316162556409836,,,,,,,,0.0078125,0.6583510041236877,0.21329725592766402,0.00023647881914576728,0.0005859382799826562
7766016,2635.1928806480137,0.010226500302374967,0.13601075112819672,,,,,,,,0.0,0.6586450338363647,0.2141701201925065,0.005290351096426945,6.140901678008959e-05
7774208,2636.1067635420186,0.008357894611558479,0.11015625298023224,,,,,,,,0.0,0.6584745645523071,0.21341411540775793,0.0004715060460915852,9.600118937669322e-05
7782400,2637.0446032970212,0.009683482989481036,0.12803955376148224,,,,,,,,0.0078125,0.6583645343780518,0.2134411468605039,0.0017453368019630052,0.00035969476448372006
7790592,2637.980274177011,0.008502223635106098,0.11083984375,,,,,,,,0.0,0.6582547426223755,0.21380162310497403,0.0027556476731406677,0.00011054757487727329
7798784,2638.9184311999998,0.007988720917615759,0.10515137016773224,0.00199805549795673,0.2177218233714638,0.2150617862374506,333,219.40684491160076,33.300000000000004,nan,0.0,0.6579439043998718,0.2136550002098312,0.0010720733050023949,0.0002568111231084913
7806976,2640.154989686009,0.010085199673457008,0.13112793862819672,,,,,,,,0.0078125,0.6584433913230896,0.21392928329926258,0.002133867552100562,9.376000525662675e-05
7815168,2641.0767450109997,0.00864332120188208,0.1143798828125,,,,,,,,0.0,0.658251166343689,0.2137070780620371,0.0016434812316695664,8.412292663706467e-05
7823360,2642.012650726014,0.010067538976112204,0.13032226264476776,,,,,,,,0.0078125,0.6583040356636047,0.21345210807962042,0.0025203546558966506,0.00018177999299950898
7831552,2642.982779557002,0.00906076888993082,0.12218017876148224,,,,,,,,0.0,0.6584253311157227,0.2138201092421609,0.0009299238118719252,4.974622788722627e-05
7839744,2643.922515747021,0.007731083684715565,0.09912109375,,,,,,,,0.0,0.6582821607589722,0.2139284545314505,0.0013262998912858554,0.00013241868873592466
7847936,2644.8582221170072,0.011334020321245093,0.15428467094898224,,,,,,,,0.0078125,0.6582361459732056,0.21401478121029646,0.0019859110464906355,0.00012082402099622414
7856128,2645.7837044229964,0.008689545852983607,0.11461181938648224,,,,,,,,0.0,0.6580522060394287,0.2136034969087684,0.0008613827439953826,0.00010023896902566776
7864320,2646.7170583030093,0.010155814573037693,0.130859375,0.001492618011229907,0.21986887214959502,0.21506672930765514,333,219.41746893082882,39.900000000000006,nan,0.0078125,0.6579030156135559,0.21325025232853867,0.002303992299519652,0.00028110758285038173
7872512,2647.9356435990194,0.011348090391968588,0.148193359375,,,,,,,,0.0,0.6584867238998413,0.2143158719220859,0.003399294471942032,6.210523861227557e-05
7880704,2648.9479179909977,0.009132919894146926,0.11740722507238388,,,,,,,,0.0,0.6581891179084778,0.21341887354061506,0.003556623615465976,0.00010293128434568644
7888896,2649.8684792760178,0.010690496547426438,0.13720703125,,,,,,,,0.0078125,0.6583219766616821,0.21317026717323473,0.003862757519080445,0.00017266918439418077
7897088,2650.789923848002,0.009748483140222084,0.13056640326976776,,,,,,,,0.0,0.6584541201591492,0.21386926161878814,0.0013232145925248604,0.0004497708287090063
7905280,2651.8168246480054,0.009519266435717351,0.12886963784694672,,,,,,,,0.0,0.6581941843032837,0.21385667473689832,0.0017315248099198947,0.00016529900312889367
7913472,2652.981343538995,0.010565535435245008,0.14230957627296448,,,,,,,,0.0078125,0.6585202813148499,0.21421229041864573,0.002091057227096212,8.562148286728188e-05
7921664,2653.9539412080194,0.008437171597193772,0.10954590141773224,,,,,,,,0.0,0.6583963632583618,0.21346341345329756,0.0020614694307697717,5.863538171979599e-05
7929856,2654.88006275901,0.01188816721289691,0.15643310546875,0.0020545825233956316,0.2175529398089729,0.21504177247728226,333,219.40912930093964,48.45,nan,0.0078125,0.6583613157272339,0.21264873733863188,0.0018480409788431615,0.0007171921897679567
7938048,2656.075714352017,0.01003390030033984,0.12991943955421448,,,,,,,,0.0,0.6583904027938843,0.21410257791159046,0.0018280070125658865,6.150200351839885e-05
7946240,2656.973418878013,0.010584738913781495,0.131591796875,,,,,,,,0.0,0.6582971811294556,0.21414216555699386,-0.00021317966942182694,0.00010270068742102012
7954432,2657.9203231220017,0.010253450831745265,0.13673095405101776,,,,,,,,0.0078125,0.6583012342453003,0.2137801776292457,0.0023469591843323307,0.00019206106662750244
7962624,2658.839330155024,0.008274315691024584,0.10731201618909836,,,,,,,,0.0,0.6583532094955444,0.21388369651909298,0.0021328921227670807,6.250914157135412e-05
7970816,2659.7551022410044,0.010069443028485076,0.13237304985523224,,,,,,,,0.0078125,0.6580665111541748,0.21373688589475576,0.0027191482228832195,0.0010435535805299878
7979008,2660.6985246060067,0.010437181594707703,0.13780517876148224,,,,,,,,0.0,0.658504843711853,0.21392652850472182,0.0030216999653918356,5.476599471876398e-05
7987200,2661.625295583013,0.009180670068128671,0.12359619140625,,,,,,,,0.0,0.6580919027328491,0.2134541352764121,0.0005698956910931942,0.00012156098819104955
7995392,2662.5574234660016,0.010447795682707607,0.13714599609375,0.0015726872616294019,0.21871513283272653,0.21499526895540905,333,219.40615125335512,49.650000000000006,nan,0.0078125,0.6582914590835571,0.21262926288322404,0.002931359863280039,0.00015038867422845215
8003584,2663.8048261950025,0.008903303620151326,0.11367187649011612,,,,,,,,0.0,0.6584568619728088,0.21417770558421673,0.002249885712593207,6.880004366394132e-05
8011776,2664.74762431602,0.008319679650731566,0.11094971001148224,,,,,,,,0.0,0.6582928895950317,0.21380708486593628,0.0018486535139869158,9.011711517814547e-05
8019968,2665.675600545015,0.011400296534134605,0.14832763373851776,,,,,,,,0.0078125,0.6584035158157349,0.21424370925954767,0.0024535415911382517,7.693667430430651e-05
8028160,2666.609326951002,0.009034117641609073,0.12008056789636612,,,,,,,,0.0,0.6581975817680359,0.21379142124348757,0.0012961579575046667,7.165857095969841e-05
8036352,2667.5564752079954,0.009740980553370925,0.12922362983226776,,,,,,,,0.0078125,0.6581093072891235,0.21392628836130095,0.002762560679003035,0.0003020143776666373
8044544,2668.504962722014,0.009803522465198049,0.126708984375,,,,,,,,0.0,0.6584993600845337,0.21407285203731719,0.0020983241189345444,5.1051985792582855e-05
8052736,2669.418602744001,0.008512157241445845,0.1131591796875,,,,,,,,0.0,0.6582723259925842,0.21334847617168964,0.001118359425624357,7.120971713447943e-05
8060928,2670.360712060996,0.016861337623337077,0.19660644233226776,0.0016551216955950077,0.21814382914892919,0.21509580147869278,333,219.41350069128424,48.45,nan,0.0078125,0.6584658026695251,0.21313609762439767,0.0025164395868598915,0.00027753811446018517
8069120,2671.5728020880197,0.008779331978998123,0.11333008110523224,,,,,,,,0.0,0.658617377281189,0.2143566243042295,0.0027437046185646175,0.0002382918755756691
8077312,2672.505287895008,0.009703146896618503,0.12851563096046448,,,,,,,,0.0078125,0.6583589911460876,0.21377846562474975,0.001486115591856645,0.00017591571668162942
8085504,2673.4288772710133,0.009818758134723804,0.13018798828125,,,,,,,,0.0,0.6585397124290466,0.2140536020576873,0.0020749769920876673,5.3242849389789626e-05
8093696,2674.338686144998,0.009255755647104085,0.12380371242761612,,,,,,,,0.0,0.6582885980606079,0.21370476069021707,0.0004312842071145089,7.959557842696086e-05
8101888,2675.2557029279997,0.010851678198961554,0.14176025986671448,,,,,,,,0.0078125,0.6583722233772278,0.21393988915935513,0.0024745948959373214,0.0001579150411998853
8110080,2676.2354874150187,0.008421739307408808,0.11154785007238388,,,,,,,,0.0,0.6583334803581238,0.2143812403306057,0.0008148249109005351,5.2577222959371284e-05
8118272,2677.1614211560227,0.007980629305748865,0.10255127400159836,,,,,,,,0.0,0.6582918167114258,0.21265237648501575,0.0017936581342227762,0.00010391260002506897
8126464,2678.088433455996,0.009590588353397992,0.12310791015625,0.001793117972034075,0.2176131562095096,0.21505769776219358,333,219.40188433892064,43.800000000000004,nan,0.0078125,0.6585579514503479,0.21305503753610444,0.002017621871537249,0.00013895169831812382
8134656,2679.324105956999,0.008911339841489665,0.11685790866613388,,,,,,,,0.0,0.6584913730621338,0.21368478268918198,0.0024817440919825094,9.334977221442387e-05
8142848,2680.2477911650203,0.01055927875876146,0.13734130561351776,,,,,,,,0.0078125,0.6583422422409058,0.2136938657221385,0.002178987349387406,0.002658768789842725
8151040,2681.198205624998,0.009662842726973798,0.12913818657398224,,,,,,,,0.0,0.6584562063217163,0.21425234472968352,0.002929408426721157,3.3915606763912365e-05
8159232,2682.12279595001,0.009117831217726021,0.12199707329273224,,,,,,,,0.0,0.6582714915275574,0.2136709734079933,0.0015341286458908086,6.406380998669192e-05
8167424,2683.087373123999,0.012115025292072985,0.16431884467601776,,,,,,,,0.0078125,0.6583546996116638,0.2139191145854412,0.002493352042701494,8.264198550023139e-05
8175616,2684.0170141760027,0.009126737935639496,0.11888428032398224,,,,,,,,0.0,0.6582839488983154,0.2138574619884453,0.002279175995999498,5.7282635680167004e-05
8183808,2684.9356754549954,0.009049580194856693,0.11903076618909836,,,,,,,,0.0078125,0.6581617593765259,0.2137023563953576,0.002749414145838649,0.00014269344683270901
8192000,2685.868686610018,0.010575239820311591,0.13990478217601776,0.002190790033397172,0.22105082655709868,0.21510666942227386,333,219.3951323962168,41.400000000000006,nan,0.0,0.6585290431976318,0.214258155162385,0.003577953393185156,5.016866998630576e-05
8200192,2687.054732407996,0.009791365012703479,0.13321533799171448,,,,,,,,0.0,0.6582707762718201,0.2138068048207614,0.0025513337574279257,6.776153895771131e-05
8208384,2687.9783767840127,0.01074332343368447,0.14390869438648224,,,,,,,,0.0078125,0.6582829356193542,0.21408040556897076,0.003034800155103868,0.00013909970584791154
8216576,2688.8894730790053,0.01000264727134375,0.13093261420726776,,,,,,,,0.0,0.6581826210021973,0.2136727131481171,0.002190102657937288,0.00023132465139497072
8224768,2689.8064279039972,0.01012012926565143,0.14018554985523224,,,,,,,,0.0,0.6580922603607178,0.21371471108491166,0.000329261369849642,0.00010127608402399346
8232960,2690.762826932012,0.010105929643239586,0.12832032144069672,,,,,,,,0.0078125,0.658216655254364,0.213454160769227,0.002661911418009161,0.00012195498129585758
8241152,2691.6651328470034,0.009994341662906593,0.12222900241613388,,,,,,,,0.0,0.6580936312675476,0.21373302697602115,0.003171165184763858,7.402599294437096e-05
8249344,2692.561303634022,0.009935079698310046,0.12750244140625,,,,,,,,0.0078125,0.6579784154891968,0.21378116636241518,0.0025257007595332046,0.0002956254465971142
8257536,2693.493209481996,0.009358262910741058,0.12332763522863388,0.0015484050866052534,0.21850712120478036,0.21498396404177175,333,219.396162517925,49.650000000000006,nan,0.0,0.6582573652267456,0.21388483281390563,0.0024695772894357745,5.481035987031646e-05
8265728,2694.692697142018,0.009497923637516885,0.12054443359375,,,,,,,,0.0,0.6578781604766846,0.21391387025463673,0.0030613423862631325,0.00022561319929081947
8273920,2695.626972736005,0.013117531077079116,0.16517333686351776,,,,,,,,0.0078125,0.6581777930259705,0.21381920574594554,0.0031342321064547875,0.0001334347325609997
8282112,2696.5186558440037,0.008254892244755868,0.10458984225988388,,,,,,,,0.0,0.6581223011016846,0.2134127667634616,0.005474101089534214,4.460346099222079e-05
8290304,2697.448390303005,0.00953059863390694,0.12319336086511612,,,,,,,,0.0,0.6580551862716675,0.2136792203268954,0.002178462743490608,0.00019020031322725117
8298496,2698.374050526996,0.012256999613808458,0.15765380859375,,,,,,,,0.0078125,0.6585196852684021,0.2144510421032305,0.0016303855084612122,0.0001310864754486829
8306688,2699.277954047022,0.010403106186059797,0.13121338188648224,,,,,,,,0.0,0.6583353281021118,0.21448951806276056,0.0014624943360392773,6.25758184469305e-05
8314880,2700.2041704080184,0.01274466501888742,0.17056885361671448,,,,,,,,0.0078125,0.6582839488983154,0.21415152978975463,0.0043985797242212885,0.0008256250293925405
8323072,2701.1221908970037,0.010253675584502629,0.13559570908546448,0.0015830513036666494,0.21649034739552236,0.2150882597824261,333,219.39977151466357,35.25,nan,0.0,0.6581308841705322,0.2135913699672814,0.0014681792609140133,5.0418977480148897e-05
8331264,2702.332283747004,0.010113156319060183,0.13419190049171448,,,,,,,,0.0,0.657932698726654,0.21283996495615995,0.0015355876969877016,9.007707558339462e-05
8339456,2703.255833750998,0.011169639581212875,0.14674071967601776,,,,,,,,0.0078125,0.6581952571868896,0.21275212720009998,0.0017678411613323481,8.536036330042407e-05
8347648,2704.1614505129983,0.008570946488755948,0.10760498046875,,,,,,,,0.0,0.658099353313446,0.2132777106249391,0.002329959114335304,4.346540663391352e-05
8355840,2705.086548352003,0.010976717427256737,0.14919434487819672,,,,,,,,0.0078125,0.6579887866973877,0.2136294644331532,0.0020260928237843504,0.00013779359869658947
8364032,2706.022493208002,0.010726563054522088,0.14519043266773224,,,,,,,,0.0,0.6585752367973328,0.2144697588179938,0.0034251178145499315,4.5939854317111894e-05
8372224,2706.932186712016,0.010462297713753172,0.13526611030101776,,,,,,,,0.0,0.6582608222961426,0.21430789984897786,0.0014424107346682061,0.00012315249477978796
8380416,2707.8565331050195,0.010521926177448428,0.14096680283546448,,,,,,,,0.0078125,0.6584680080413818,0.21426975712412194,0.0014307909462589396,0.00019130470172967762
8388608,2708.76462674301,0.010138922408519454,0.13054199516773224,0.002017215574418474,0.21657583118495355,0.21505026455249499,333,219.41108982809226,33.300000000000004,nan,0.0,0.6583731174468994,0.21416841747673376,0.0005188343138596499,8.57491759234108e-05
8396800,2710.0290504239965,0.009499174359853943,0.12763671576976776,,,,,,,,0.0,0.6582247018814087,0.21378599036819207,0.0009802312266196966,0.0005232712137512863
8404992,2710.9467259859957,0.011242773432822789,0.14281006157398224,,,,,,,,0.0078125,0.6585809588432312,0.21431497152312598,-0.0008361441667791195,4.9627586122369394e-05
8413184,2711.8526526680216,0.009102157991036244,0.12100829929113388,,,,,,,,0.0,0.6584731936454773,0.21393680151630448,0.0015434175258520902,4.820691901841201e-05
8421376,2712.780924335995,0.012254568981047024,0.16213379800319672,,,,,,,,0.0078125,0.6584168672561646,0.21383942203005293,0.002413657369300481,9.108997619478032e-05
8429568,2713.6899655559973,0.00934497269985708,0.12388916313648224,,,,,,,,0.0,0.658507227897644,0.21387792668744762,0.003776466699914677,5.125202005729079e-05
8437760,2714.5977585590153,0.008934249650263217,0.11949463188648224,,,,,,,,0.0,0.6583082675933838,0.21313757809053988,0.0026450078126318607,7.642665150342509e-05
8445952,2715.5341840060137,0.011100145679709426,0.14346924424171448,,,,,,,,0.0078125,0.6585313677787781,0.2137674841587645,0.002061739598427716,6.70919253025204e-05
8454144,2716.4393606060185,0.010183615213230027,0.13559570908546448,0.0016235036639516975,0.2211517796242354,0.21508596125242518,333,219.41089511468283,30.6,nan,0.0,0.6583938002586365,0.21401337526849679,0.0022294200126706035,6.165334343677387e-05
8462336,2717.7312747430115,0.011716745231728007,0.15211181342601776,,,,,,,,0.0078125,0.6583101153373718,0.21375817195960933,0.0024358776397552617,0.00030773095204494894
8470528,2718.865199980006,0.01070335959333113,0.13848876953125,,,,,,,,0.0,0.6585359573364258,0.21455993247478583,0.0034491419143850874,5.56518898520153e-05
8478720,2719.8692164710083,0.00929128279095583,0.11829834431409836,,,,,,,,0.0,0.6583179235458374,0.21417831830211093,0.003003025647145775,6.307592411758378e-05
8486912,2720.8538317180064,0.012852548928056479,0.1688232421875,,,,,,,,0.0078125,0.6585524082183838,0.21417047385425003,0.0025680411752476797,0.00015878179692663252
8495104,2721.8237332220015,0.009318827515083712,0.12401123344898224,,,,,,,,0.0,0.6586069464683533,0.2138636153131696,0.0020251994598361927,7.43501223041676e-05
8503296,2722.750563651003,0.009422552848166692,0.12431640923023224,,,,,,,,0.0,0.6585070490837097,0.2131273813208822,0.0016933458231497668,0.0004190922190900892
8511488,2723.701788915001,0.011822153015524778,0.15996094048023224,,,,,,,,0.0078125,0.6586419343948364,0.2130485757150168,0.001357375890123463,6.159022450447083e-05
8519680,2724.5919236490154,0.009656973117877096,0.13017578423023224,0.0017542230230208622,0.21839390296998631,0.21507749167519558,333,219.41775814183768,17.85,nan,0.0,0.658555805683136,0.2135987932495452,0.0003352964929549571,8.126676402753219e-05
8527872,2725.8242096580216,0.010666296491907312,0.14582519233226776,,,,,,,,0.0078125,0.6583439707756042,0.21365450704521227,0.003132050269960371,0.00011629304208327085
8536064,2726.735751975997,0.008890188163583853,0.11092529445886612,,,,,,,,0.0,0.6581838726997375,0.21431629832071172,0.002807492098956348,5.886370126972906e-05
8544256,2727.6657324249973,0.010048081767518736,0.12470703572034836,,,,,,,,0.0,0.6579666137695312,0.2142104649863088,0.0009059832412537446,0.00023324669746216387
8552448,2728.609862694022,0.01251449285052263,0.15845946967601776,,,,,,,,0.0078125,0.6585125923156738,0.2142313651430204,0.005305920868942023,0.0001166019937954843
8560640,2729.478224524006,0.010758869768655898,0.13791504502296448,,,,,,,,0.0,0.6584093570709229,0.2140784479491075,0.004987573430404389,5.334197703632526e-05
8568832,2730.4025545449986,0.01003086230422903,0.12856446206569672,,,,,,,,0.0078125,0.6583819389343262,0.2137708750645609,0.0035024510098035917,0.001061021233908832
8577024,2731.338047336001,0.00994237595503987,0.13103027641773224,,,,,,,,0.0,0.6585567593574524,0.21402918090144635,0.0025661747326083117,3.345276491018012e-05
8585216,2732.249557532021,0.009650914549000553,0.12607422471046448,0.0022294141277867663,0.21912795211648475,0.21508599968841585,333,219.41259405239825,42.6,nan,0.0,0.6583755016326904,0.2134986927199259,0.002378577268021584,7.860875484766439e-05
8593408,2733.4913124580053,0.01216354016172632,0.15740966796875,,,,,,,,0.0078125,0.6584535241127014,0.21365138100856157,0.003616178617435977,8.786958642303944e-05
8601600,2734.397952443018,0.010171964631108137,0.12330322712659836,,,,,,,,0.0,0.6584969758987427,0.21375068200580247,0.003196921777484483,4.2637449951143935e-05
8609792,2735.322887089016,0.010052213566372882,0.12503662705421448,,,,,,,,0.0,0.6583579778671265,0.2137825260569079,0.003191949021421973,0.00010206581646343693
8617984,2736.258493336005,0.013200213952735402,0.16298829019069672,,,,,,,,0.0078125,0.6585404276847839,0.21398341553801353,-0.000426356867179549,5.026829967391677e-05
8626176,2737.169272125,0.008864848979571058,0.11545410007238388,,,,,,,,0.0,0.6583058834075928,0.2142383952652366,0.0024837101737855112,5.2279017836553976e-05
8634368,2738.0924049880123,0.012247359490090249,0.15833739936351776,,,,,,,,0.0078125,0.6583167910575867,0.2140669626856868,0.0016308935161860657,0.001409196644090116
8642560,2739.0297315010102,0.009465063634189558,0.12657471001148224,,,,,,,,0.0,0.6584939956665039,0.21435936784382253,0.003443700704568764,5.2783405408263206e-05
8650752,2740.021477800008,0.009274761679558234,0.12326660007238388,0.0021044260891286415,0.21668313308192536,0.21505021010649172,333,219.4250543729799,47.25,nan,0.0,0.6582713723182678,0.21391817870213656,0.0037999652885356396,8.061644621193409e-05
8658944,2741.24272574301,0.011275039581483275,0.14724121987819672,,,,,,,,0.0078125,0.6584007143974304,0.21364095857978121,0.003282387528076457,7.290430221473798e-05
8667136,2742.1521869660064,0.010657433142307137,0.13759766519069672,,,,,,,,0.0,0.6581453084945679,0.21365981417462473,0.0018490124011598268,6.101525650592521e-05
8675328,2743.0595699830155,0.01062458318195858,0.1397705078125,,,,,,,,0.0078125,0.6581546068191528,0.2134734835035244,0.0029024960779183945,0.00013362527533899993
8683520,2743.978022238007,0.009332662235302547,0.12282714992761612,,,,,,,,0.0,0.6584810018539429,0.21412930967690155,0.0023105090961057064,4.2398776713525876e-05
8691712,2744.8986366610043,0.010932292472863923,0.14161376655101776,,,,,,,,0.0,0.6583594679832458,0.2140800514271978,0.00181076191169037,8.955654629971832e-05
8699904,2745.8262556660047,0.011016366306915588,0.13804931938648224,,,,,,,,0.0078125,0.6584251523017883,0.2141154972868231,0.002370429890500246,0.00011361369251972064
8708096,2746.7514526020095,0.009672688621921806,0.12991943955421448,,,,,,,,0.0,0.6585452556610107,0.21407276232783334,0.002198179034012241,5.3609950555255637e-05
8716288,2747.683954426,0.011833097853288605,0.16218261420726776,0.001889086647523297,0.22099344960220288,0.215113283443671,333,219.42162645347747,23.700000000000003,nan,0.0,0.6583859324455261,0.21385650452197677,0.0014421755990513033,0.00019483650976326317
8724480,2748.9418357460236,0.0130333166563228,0.16031494736671448,,,,,,,,0.0078125,0.658489465713501,0.21430724546614344,0.001478725953767357,0.00016751779185142368
8732672,2749.841923927015,0.009859352809059254,0.12551270425319672,,,,,,,,0.0,0.6582520604133606,0.21427479419414658,0.004684696494103441,4.330788942752406e-05
8740864,2750.7602979509975,0.014005643378948425,0.16477051377296448,,,,,,,,0.0078125,0.6582791805267334,0.2142350107771811,0.005157204310324512,0.00045340071665123105
8749056,2751.690407821996,0.009497115516883595,0.12443847954273224,,,,,,,,0.0,0.658423662185669,0.21404286223926694,0.003494990557567664,6.58494172967039e-05
8757248,2752.6143649890146,0.010115628157643644,0.13328857719898224,,,,,,,,0.0,0.6582545638084412,0.2139375704736294,0.003365855200154446,0.0001268490741495043
8765440,2753.5299737020105,0.011172611928155527,0.14836426079273224,,,,,,,,0.0078125,0.6586612462997437,0.2138868106662676,0.0022537951496596994,0.00010042961366707459
8773632,2754.438839878014,0.009188229643229646,0.12202148884534836,,,,,,,,0.0,0.6586358547210693,0.2142406345863669,0.0021335481136202142,4.241152782924473e-05
8781824,2755.355110474018,0.010020963532471318,0.12989501655101776,0.0019470717791227887,0.21657077111899015,0.21508978865689188,333,219.43142415269006,42.6,nan,0.0078125,0.6585618853569031,0.21423892892310614,0.0032673371815540673,0.00018575735157355666
8790016,2756.551174102002,0.010103310059039847,0.13187256455421448,,,,,,,,0.0,0.6583970785140991,0.21439142966610816,0.002288505400279233,5.081445488031022e-05
8798208,2757.4537342660187,0.009874794793745775,0.13135986030101776,,,,,,,,0.0,0.658238410949707,0.21406047063213013,0.0023474296001272156,7.626696606166661e-05
8806400,2758.3768315550114,0.010924999224837879,0.14273682236671448,,,,,,,,0.0078125,0.6583387851715088,0.21402308842527007,0.004101955788447405,0.00011151137732667848
8814592,2759.2963968310214,0.012465419953445831,0.14268799126148224,,,,,,,,0.0,0.658408522605896,0.214245070654497,0.008405832150278817,9.205858077621087e-05
8822784,2760.207782120997,0.012148333646835879,0.14451904594898224,,,,,,,,0.0,0.6581977009773254,0.21390814068756128,0.002619005631994221,0.00023989693727344275
8830976,2761.13955786702,0.012718677573413143,0.16164551675319672,,,,,,,,0.0078125,0.6581745147705078,0.21413190196748402,0.0032974397620949138,6.116680742707103e-05
8839168,2762.0514366900024,0.010932351370151003,0.13771973550319672,,,,,,,,0.0,0.6578519344329834,0.21424717316784309,0.002146084101790874,8.60545551404357e-05
8847360,2762.9761941730103,0.012250516436440324,0.15388183295726776,0.001933734292360767,0.2167726146838707,0.21511770607371639,333,219.4296769871986,17.85,nan,0.0078125,0.6581022143363953,0.213764710082676,0.005941882490442705,0.00014352791185956448
8855552,2764.192514155002,0.00925757307537974,0.12368164211511612,,,,,,,,0.0,0.6584096550941467,0.21381221766449152,0.003689731411836689,6.59540673950687e-05
8863744,2765.107345043012,0.008873822795133924,0.11505126953125,,,,,,,,0.0,0.6582831740379333,0.21363481431189402,0.0037728674890256555,7.667266618227586e-05
8871936,2766.0250707759988,0.018015163183929917,0.21734619140625,,,,,,,,0.0078125,0.6582738161087036,0.21364620011389604,0.007992639301679792,0.0008801091462373734
8880128,2766.9354247750016,0.00940670781758125,0.125732421875,,,,,,,,0.0,0.6583895087242126,0.21431154093475083,0.0015797876222743677,3.804389780270867e-05
8888320,2767.8554904510092,0.010672340581115266,0.13144531846046448,,,,,,,,0.0078125,0.6582883596420288,0.21400073981892515,0.0036511792871187485,0.0001556511560920626
8896512,2768.776696965011,0.009985288164853279,0.13184814155101776,,,,,,,,0.0,0.6583843231201172,0.2139983267998701,0.0037370209649141037,3.919981827493757e-05
8904704,2769.684140152007,0.008876792613530478,0.11837158352136612,,,,,,,,0.0,0.6582250595092773,0.2138226025676237,0.0020521689564829324,7.639467366971076e-05
8912896,2770.6622974759957,0.011290029716163151,0.14936523139476776,0.0022589379106946472,0.21875529909064456,0.2150875112792346,333,219.43973375257536,46.050000000000004,nan,0.0078125,0.6584533452987671,0.2136021453972139,0.003040437045000772,0.0004791257088072598
8921088,2771.8682813290216,0.00886495028924542,0.11865234375,,,,,,,,0.0,0.6585962176322937,0.21418603667420447,0.00013114762939992942,4.6180000936146826e-05
8929280,2772.7775029760087,0.009913515621306062,0.13184814155101776,,,,,,,,0.0,0.6583499908447266,0.21381585284373927,0.0020778872561563627,0.00014720720355398953
8937472,2773.7216475460154,0.012150974634616476,0.16037598252296448,,,,,,,,0.0078125,0.6585246920585632,0.21415428451433577,0.003359702059718714,5.9411519032437354e-05
8945664,2774.6478737130237,0.010064271365788526,0.1336669921875,,,,,,,,0.0,0.6582781672477722,0.21404999534365649,0.003320159691471267,5.565965693676844e-05
8953856,2775.5721905679966,0.01014525830403269,0.13375245034694672,,,,,,,,0.0078125,0.6584347486495972,0.2139828457151291,0.002004503350771407,0.0002293196739628911
8962048,2776.500321702013,0.010275158826857887,0.13594971597194672,,,,,,,,0.0,0.6586312055587769,0.21425036345275897,0.0023948503338479385,4.4210846681380644e-05
8970240,2777.4656021860137,0.010345565538738886,0.13197021186351776,,,,,,,,0.0,0.6585483551025391,0.21409673867046836,0.0031829095288569394,6.841799768153578e-05
8978432,2778.5767124090053,0.011871698790493006,0.15648193657398224,0.0021963380956619982,0.2178506312314879,0.21509054889453236,333,219.4448656095696,36.75,nan,0.0078125,0.6582992672920227,0.21405139298139209,0.002822016263092084,6.951388058951125e-05
8986624,2779.892210099002,0.010429073852448253,0.13303223252296448,,,,,,,,0.0,0.6580889225006104,0.21387306615929752,0.004086442685058632,6.73005633871071e-05
8994816,2780.87930375,0.011107758751595944,0.14702148735523224,,,,,,,,0.0078125,0.6579082012176514,0.2139649489599113,0.004495158842808322,0.0004988810978829861
9003008,2781.866805094003,0.00988031830068016,0.13229981064796448,,,,,,,,0.0,0.658305287361145,0.2141308346088223,0.002925536892958159,4.324746259953827e-05
9011200,2782.7928349830036,0.010812019349559113,0.12788085639476776,,,,,,,,0.0,0.6580803394317627,0.2140988479695362,0.004604441905433345,7.519222708651796e-05
9019392,2783.7282379399985,0.009902276139940047,0.1322021484375,,,,,,,,0.0078125,0.6584545373916626,0.21398902802281178,0.002905489222329862,0.00020180288993287832
9027584,2784.650749845023,0.009797048439090064,0.13033448159694672,,,,,,,,0.0,0.6585982441902161,0.2140977933367402,0.002938484417112109,5.864099512109533e-05
9035776,2785.590205809014,0.008553421550633619,0.11248779296875,,,,,,,,0.0,0.65848708152771,0.21376055029714647,0.0030783580032867886,0.0001773402764229104
9043968,2786.530846648995,0.010591687478849744,0.13280029594898224,0.0019488442112381987,0.2167499485287443,0.21508102503348953,333,219.44394393981796,37.95,nan,0.0078125,0.6584973931312561,0.21379549258360683,0.0019884129886269114,7.048353290883824e-05
9052160,2787.7685786110233,0.008489692033956045,0.11112060397863388,,,,,,,,0.0,0.658332347869873,0.2141410863488194,0.0021339414941258265,6.867013871669769e-05
9060352,2788.7062460989982,0.011327010158417899,0.14791260659694672,,,,,,,,0.0078125,0.6584225296974182,0.21417536865411207,0.0035721154101559295,0.0001075679247151129
9068544,2789.6241939120227,0.009886174037808235,0.12873534858226776,,,,,,,,0.0,0.6586130261421204,0.21436548644023384,0.0010496256912787196,8.057467493927106e-05
9076736,2790.5434379540093,0.009047829874725171,0.11831054836511612,,,,,,,,0.0,0.6584603786468506,0.21438571311222332,0.001960844188467378,0.0001033920343616046
9084928,2791.4919204300095,0.013444224957777445,0.17518310248851776,,,,,,,,0.0078125,0.6585030555725098,0.21439657158209474,0.003002605633462089,0.00014275741705205292
9093120,2792.405938529002,0.009618794785366959,0.12863770127296448,,,,,,,,0.0,0.6583925485610962,0.21379727702586285,0.0033100403646317,4.895929669146426e-05
9101312,2793.3507416229986,0.009947256713368186,0.13104248046875,,,,,,,,0.0078125,0.658236026763916,0.21427270599410853,0.0026726422178928095,0.0005449419259093702
9109504,2794.290289555007,0.009480730299760117,0.12247314304113388,0.0022775422579840443,0.2167847491182068,0.21507740652487067,333,219.45229598408935,41.400000000000006,nan,0.0,0.6587914824485779,0.2142632202814631,0.004124169993965587,3.0445238735410385e-05
9117696,2795.4890953990107,0.008907014025316188,0.1163330078125,,,,,,,,0.0,0.6585595011711121,0.21419723306814062,0.0009714078686411712,5.0194055802421644e-05
9125888,2796.419251291023,0.010353878884820622,0.13646240532398224,,,,,,,,0.0078125,0.6585776805877686,0.21429035371879396,0.0023199666136127298,0.00010676834790501744
9134080,2797.3377220050024,0.009748619039305562,0.12326660007238388,,,,,,,,0.0,0.658413827419281,0.2142644709503339,0.003013055736814135,4.7742414608364925e-05
9142272,2798.265631984017,0.010393555055976418,0.13507080078125,,,,,,,,0.0,0.658332109451294,0.21401704275530684,0.0032718660418802866,0.00014556104724761099
9150464,2799.2029956449987,0.012597207086853962,0.15244141221046448,,,,,,,,0.0078125,0.6584697961807251,0.2142723860969292,0.0038219972939899345,4.637001620722003e-05
9158656,2800.100134317996,0.00932487757514783,0.11724853515625,,,,,,,,0.0,0.6583089232444763,0.21439339361248488,0.0023629647536880225,5.01851573062595e-05
9166848,2801.094664546021,0.010870664758880941,0.14174805581569672,,,,,,,,0.0078125,0.6583433151245117,0.214257098279009,0.003974241167187808,0.00019271652854513377
9175040,2802.025719371013,0.010731703585754086,0.14376221597194672,0.0014382582204257588,0.2203110298593231,0.2151112437732047,333,219.45306953378855,25.950000000000003,nan,0.0,0.6585164070129395,0.21452388727115285,0.0026939044748444984,5.429916927823797e-05
9183232,2803.256972226023,0.011071947869470734,0.14132080972194672,,,,,,,,0.0,0.658325731754303,0.21437852428115725,0.0035030516932340037,6.794219370931387e-05
9191424,2804.191599161015,0.033793850561713266,0.21141357719898224,,,,,,,,0.0078125,0.6582179665565491,0.21431735583077463,0.024610824294186914,0.0011245340574532747
9199616,2805.098928135005,0.09455235897457565,0.21546630561351776,,,,,,,,0.0,0.6570503115653992,0.21432752060466814,-0.007554659007743803,0.006887094583362341
9207808,2806.0059198140225,0.08651313637124447,0.20363770425319672,,,,,,,,0.0078125,0.6547725796699524,0.21413551295312838,-0.014028632647444167,0.04990382865071297
9216000,2806.925301420997,0.7642924811420683,0.3041015565395355,,,,,,,,0.0,0.6472246646881104,0.21429238711342147,-0.01609165547761181,0.17103587090969086
9224192,2807.8571490970207,0.6315656198588084,0.22752685844898224,,,,,,,,0.0,0.6452341675758362,0.21424073648318553,-0.011245581201524999,0.12273304909467697
9232384,2808.7911447740044,0.02536155013131502,0.24547119438648224,,,,,,,,0.0078125,0.6513566970825195,0.2140927531721688,0.013506125600965108,0.20325946807861328
9240576,2809.71111446101,0.014630968125921554,0.15708008408546448,0.002234367773576662,0.21968383812100173,0.21508773992620545,333,219.45119884320883,46.050000000000004,nan,0.0,0.6410518288612366,0.21436757959848768,0.012550565205760167,0.22509770095348358
9248768,2810.9709061479953,0.02307519085219789,0.23861084878444672,,,,,,,,0.0,0.6418824195861816,0.21394483876403975,0.014645560598734822,0.09480635821819305
9256960,2811.9106123289966,0.01764129454202387,0.21857909858226776,,,,,,,,0.0078125,0.6545969247817993,0.214197437221944,0.008360193028094634,0.15234635770320892
9265152,2812.81056699701,0.014806230924896559,0.19005127251148224,,,,,,,,0.0,0.6549980044364929,0.21379736569700528,0.002609010959062536,0.023308834061026573
9273344,2813.7419446099957,0.014617837538165266,0.17977295815944672,,,,,,,,0.0078125,0.6568467020988464,0.21405615461404764,0.0029527614570700566,0.037066180258989334
9281536,2814.6673839580035,0.011992151372779106,0.15960693359375,,,,,,,,0.0,0.6585184931755066,0.21452648326188134,0.004160158429667067,0.006489158608019352
9289728,2815.5890931159956,0.01202522637434447,0.16230468451976776,,,,,,,,0.0,0.6582823991775513,0.21430968820295412,0.001760032652576647,0.0065465220250189304
9297920,2816.5112823020027,0.013989742534401179,0.18023681640625,,,,,,,,0.0078125,0.658492386341095,0.2141926432731837,0.0035945138055845935,0.02897649072110653
9306112,2817.4221300049976,0.0111262589722456,0.14932861924171448,0.0017084581782428332,0.22080055683273997,0.21504591565714332,333,219.44813509026486,48.45,nan,0.0,0.6583998203277588,0.21386656451051453,0.0031827748929347706,0.004271360579878092
9314304,2818.6409733400214,0.013268212871180483,0.16611328721046448,,,,,,,,0.0078125,0.6583366990089417,0.2139699159568646,0.0016955671323530368,0.012308008968830109
9322496,2819.558504849003,0.015772968814208137,0.16798095405101776,,,,,,,,0.0,0.6575850248336792,0.21403380452744022,0.005168052842794739,0.009788385592401028
9330688,2820.456453196006,0.01687422572523215,0.20313720405101776,,,,,,,,0.0,0.6579388976097107,0.2131730728750194,0.007644766835157538,0.011691375635564327
9338880,2821.37337759402,0.014629210862404533,0.16838379204273224,,,,,,,,0.0078125,0.6583136320114136,0.21342108986863956,0.004975138082097217,0.011515695601701736
9347072,2822.3073979330075,0.015465720165532477,0.19669190049171448,,,,,,,,0.0,0.6582260131835938,0.21414862089190395,0.0030213438187317223,0.0017235371051356196
9355264,2823.225794886006,0.01511169997236115,0.18967285752296448,,,,,,,,0.0,0.6581228971481323,0.21405859690704596,-0.00035071571022678947,0.0034335434902459383
9363456,2824.1524054540205,0.014892975416193813,0.17890624701976776,,,,,,,,0.0078125,0.6585909724235535,0.21414830086116782,0.004093204271343984,0.00495267054066062
9371648,2825.064108435996,0.011674709134828869,0.16011963784694672,0.0015611532021876373,0.21742616673915074,0.21504275949014934,333,219.45554080746496,49.650000000000006,nan,0.0,0.6585507392883301,0.21443143997721434,0.0006377071463847651,0.001226703287102282
9379840,2826.307156230003,0.011130918714514645,0.15108643472194672,,,,,,,,0.0078125,0.6585435271263123,0.2139735452373619,0.004881320784852464,0.003112550126388669
9388032,2827.216452644003,0.014188840771948747,0.18803711235523224,,,,,,,,0.0,0.6588645577430725,0.21430216837215482,0.004513981914552397,0.0007769052754156291
9396224,2828.122009806015,0.012644933742938234,0.1612548828125,,,,,,,,0.0,0.6586470007896423,0.21416172646336967,0.002427616623749693,0.0013588470173999667
9404416,2829.0401678320195,0.014927248968323743,0.191650390625,,,,,,,,0.0078125,0.6586264371871948,0.21445276521319712,0.003234765434154253,0.0028316399548202753
9412608,2829.9546282570227,0.010125533985683149,0.13623046875,,,,,,,,0.0,0.6584474444389343,0.21414280602177055,0.0025372798702262738,0.000499184534419328
9420800,2831.0079999220034,0.011977570454223211,0.15684814751148224,,,,,,,,0.0078125,0.6584336757659912,0.2135649020265332,0.0029929490571672,0.002238702727481723
9428992,2832.1687295990123,0.011957455441912028,0.15880127251148224,,,,,,,,0.0,0.6584513187408447,0.21462994907765362,0.003336177508220309,0.0004084120155312121
9437184,2833.163430414017,0.014327243025771878,0.17872314155101776,0.0015262924753212115,0.21868065410350712,0.21506978774561358,333,219.45664266943527,40.35,nan,0.0,0.6583663821220398,0.21446877642481801,0.004807111382568035,0.0006054365076124668
9445376,2834.5203165929997,0.015562532128229013,0.17996826767921448,,,,,,,,0.0078125,0.6584298610687256,0.21440709791839274,0.008448772130779223,0.001539210556074977
9453568,2835.4424366140156,0.013464940658575661,0.16850586235523224,,,,,,,,0.0,0.6586123704910278,0.21436089355713253,0.0036526623587698898,0.00022997174528427422
9461760,2836.3641883039963,0.19922944861403724,0.15777587890625,,,,,,,,0.0,0.6554672718048096,0.21434253122296848,-0.017906922934967356,0.028477663174271584
9469952,2837.3340464170033,0.0166861921501265,0.18931885063648224,,,,,,,,0.0078125,0.6581841707229614,0.21444802262058116,0.006409526280411779,0.008456407114863396
9478144,2838.2447876190126,0.014245595434838594,0.17609862983226776,,,,,,,,0.0,0.658297061920166,0.214391978359741,0.0016410214120965438,0.0007082864176481962
9486336,2839.181173496996,0.014642573507858093,0.18531493842601776,,,,,,,,0.0078125,0.6582288146018982,0.21404410395788154,0.006965674286469312,0.0048439097590744495
9494528,2840.1219088520156,0.013891615064012748,0.18470458686351776,,,,,,,,0.0,0.6583173871040344,0.21403385447888365,0.003478744304315,0.0004489411658141762
9502720,2841.0579078390147,0.012975797199845908,0.15379638969898224,0.0015031003985950253,0.21746072020034987,0.21503407231169028,333,219.45597408056514,49.650000000000006,nan,0.0,0.658167839050293,0.21363509719038354,0.009993718202782843,0.0009345441940240562
9510912,2842.313238525996,0.015092600235986376,0.18668213486671448,,,,,,,,0.0078125,0.6582717895507812,0.21367294650053315,0.006018341265851886,0.0026722110342234373
9519104,2843.2282917080156,0.011885383315913012,0.15397949516773224,,,,,,,,0.0,0.6581054329872131,0.2143117570161197,0.000925244941873037,0.00026176267419941723
9527296,2844.1596084720222,0.01317943986657034,0.16466064751148224,,,,,,,,0.0078125,0.6581254601478577,0.2138787663059961,0.008136938858053585,0.002405168255791068
9535488,2845.088734500023,0.012022258455873775,0.16060791909694672,,,,,,,,0.0,0.6583666801452637,0.2142023365325127,0.0036441049100809767,0.00025249450118280947
9543680,2845.995939501998,0.01246592620375072,0.1539306640625,,,,,,,,0.0,0.6581850647926331,0.21398892255142443,0.0028367221641030934,0.00035773435956798494
9551872,2846.92762218602,0.012087015025456857,0.16002197563648224,,,,,,,,0.0078125,0.6581609845161438,0.21399866919359573,0.0054267058440066376,0.0011627034982666373
9560064,2847.860383056017,0.010830522820293419,0.14643554389476776,,,,,,,,0.0,0.6582358479499817,0.21403544653140139,0.00015195594102038548,0.00017618347192183137
9568256,2848.8001402310038,0.012320652052354131,0.16064453125,0.0018772290039026363,0.21884951459011642,0.21506603016616635,333,219.44220111006695,17.85,nan,0.0,0.6580055952072144,0.2134920487208015,0.002937990352630654,0.0005244023050181568
9576448,2850.0518647190183,0.015129126431485371,0.18526612222194672,,,,,,,,0.0078125,0.658445417881012,0.21379482103280883,0.004994151219088318,0.0008461844408884645
9584640,2850.9646873630118,0.011372874732490655,0.150634765625,,,,,,,,0.0,0.6582536697387695,0.21374119814990206,0.0013608830461610587,0.0001828896492952481
9592832,2851.911788818019,0.012614888366998612,0.16715088486671448,,,,,,,,0.0078125,0.6583283543586731,0.21393458255338768,0.004090383731713684,0.0009406542521901429
9601024,2852.8448364100186,0.01111488768312479,0.15175782144069672,,,,,,,,0.0,0.6584206223487854,0.2145384702430317,0.0015673948835395375,0.0001490923314122483
9609216,2853.777095205005,0.012258010188725636,0.16201172769069672,,,,,,,,0.0,0.6582037210464478,0.21417361523621872,0.0012750281207076974,0.0002657914883457124
9617408,2854.7018928540056,0.012958341100717816,0.16568604111671448,,,,,,,,0.0078125,0.6583807468414307,0.2142031200770363,0.0028384987797419,0.0007402094197459519
9625600,2855.6084722410014,0.010750154993326148,0.14216308295726776,,,,,,,,0.0,0.6583278775215149,0.2141720845090418,0.000869877467786759,9.894997492665425e-05
9633792,2856.530709120998,0.013670665297121194,0.17537842690944672,0.0016753103462332497,0.21779625442097655,0.21509581165159797,333,219.43889432375417,15.9,nan,0.0078125,0.6582087874412537,0.2141672429447526,0.005709987425946613,0.0010692079085856676
9641984,2857.7419640800217,0.011464185115150165,0.15384522080421448,,,,,,,,0.0,0.6585432291030884,0.214332684242691,0.0033334612848468985,0.00020503571431618184
9650176,2858.6396261269983,0.011675181776852306,0.15386962890625,,,,,,,,0.0,0.6583852767944336,0.21409187434417204,0.0020004562314540546,0.0001600898103788495
9658368,2859.602714740002,0.015315343328626005,0.18919678032398224,,,,,,,,0.0078125,0.6584490537643433,0.21414277303255785,0.005609619477713077,0.0008413136238232255
9666560,2860.535232138005,0.010359923526665432,0.13713379204273224,,,,,,,,0.0,0.6585631966590881,0.214297687857039,0.004019241134674729,9.262005187338218e-05
9674752,2861.5354539280233,0.011973831382028614,0.15252685546875,,,,,,,,0.0,0.6583431363105774,0.2135117428623253,0.004917511691806486,0.0004588705487549305
9682944,2862.510495814,0.014322585485752666,0.18267822265625,,,,,,,,0.0078125,0.6584270596504211,0.21389860368935482,0.004431906330003226,0.00040478017763234675
9691136,2863.4303001030057,0.012823645231586562,0.16635742783546448,,,,,,,,0.0,0.6581452488899231,0.21420157106051244,0.0031958278228118157,0.00011711866682162508
9699328,2864.354117568,0.012340224468862425,0.16062012314796448,0.001386700720136469,0.21870853352592018,0.2150613024339926,333,219.44760650086485,45.0,nan,0.0078125,0.6581931114196777,0.2138612916755585,0.004384193316491584,0.0007637165836058557
9707520,2865.602666032006,0.011541837741727986,0.15479736030101776,,,,,,,,0.0,0.6582314372062683,0.21429917619416855,0.0021174694886786547,0.00010498700430616736
9715712,2866.505633822002,0.011704529156114491,0.14187012612819672,,,,,,,,0.0,0.6581504344940186,0.21398173810137106,0.0032185883192356658,0.00021029255003668368
9723904,2867.4378781470004,0.012526616205517383,0.16138915717601776,,,,,,,,0.0078125,0.6583304405212402,0.2139186012383553,0.005751740549598737,0.0007313838577829301
9732096,2868.358190359024,0.010953112595517366,0.14049072563648224,,,,,,,,0.0,0.6583265662193298,0.21453770099281894,0.004345140959092285,9.627395775169134e-05
9740288,2869.300804145023,0.013214688383853063,0.16776123642921448,,,,,,,,0.0078125,0.6581864953041077,0.2139614721886962,0.005562301471086652,0.0006107726949267089
9748480,2870.2321475759964,0.010602572647438998,0.14113770425319672,,,,,,,,0.0,0.6583950519561768,0.2143792846083358,0.0030176243259690317,0.0001093552345992066
9756672,2871.1534585570043,0.010509663976293826,0.13580322265625,,,,,,,,0.0,0.6581369042396545,0.21409641135847185,0.0027522904844723365,0.00011992432700935751
9764864,2872.0891488060006,0.013321764954108443,0.17432861030101776,0.001977419106247158,0.21653932373600876,0.21507731553484705,333,219.44518662259327,24.0,nan,0.0078125,0.6582762598991394,0.21410442571079752,0.0056258982910256106,0.0004469163832254708
9773056,2873.298930821009,0.014116744600955806,0.15498046576976776,,,,,,,,0.0,0.6584380865097046,0.21401842464862403,0.009017405308946123,8.676858124090359e-05
9781248,2874.22099116302,0.011910697250143779,0.15241698920726776,,,,,,,,0.0,0.6582300662994385,0.21429867892809001,0.004570896803005905,0.0004043546214234084
9789440,2875.1799228989985,0.014050503892942684,0.18050538003444672,,,,,,,,0.0078125,0.6584490537643433,0.21438184353251874,0.004455121173880737,0.00029724856722168624
9797632,2876.0795917760115,0.012865506590095872,0.16289062798023224,,,,,,,,0.0,0.6582329869270325,0.2144585311628313,0.0010574612957404462,9.151917038252577e-05
9805824,2877.0134197100124,0.012144787623812417,0.15423583984375,,,,,,,,0.0078125,0.6583335399627686,0.2142191442425545,0.006255388002406901,0.00038426165701821446
9814016,2877.94117563701,0.010367946699993538,0.14027099311351776,,,,,,,,0.0,0.6585124731063843,0.2146501964917889,0.003863501474214777,0.0002747686521615833
9822208,2878.9111143820046,0.011806644949122378,0.15908204019069672,,,,,,,,0.0,0.6583613753318787,0.21409283859646427,0.0022212990722509083,0.00014972755161579698
9830400,2880.030465449003,0.01417860806748305,0.17894287407398224,0.0017395624221060446,0.219161669226494,0.21509544100946587,333,219.44372124176874,31.8,nan,0.0078125,0.6584818363189697,0.21413720092973737,0.004474274299506291,0.00038833808503113687
9838592,2881.4421467620123,0.01141459717996109,0.14718018472194672,,,,,,,,0.0,0.6584987640380859,0.21414640374549818,0.003762350312697413,5.914327266509645e-05
9846784,2882.4940327110235,0.013102445640058464,0.17015381157398224,,,,,,,,0.0078125,0.6582721471786499,0.21433025690512336,0.004346321100937634,0.0005646917270496488
9854976,2883.414130935009,0.01054450295952983,0.14078369736671448,,,,,,,,0.0,0.658585250377655,0.21404408078103815,0.0018540094049888597,6.629819108638912e-05
9863168,2884.327492886019,0.013311734259440417,0.16116943955421448,,,,,,,,0.0,0.6582852005958557,0.21396862172361836,0.006810427559296401,8.893568156054243e-05
9871360,2885.2583597839985,0.011281666554986731,0.1441650390625,,,,,,,,0.0078125,0.6582544445991516,0.21395169103502282,0.006260602940795676,0.0002690610708668828
9879552,2886.175083757,0.011735866508289542,0.15080566704273224,,,,,,,,0.0,0.6580899953842163,0.21440006581391446,0.0041120361537436215,6.402827420970425e-05
9887744,2887.1010814790206,0.011241648910017742,0.14736329019069672,,,,,,,,0.0,0.6580108404159546,0.21399252015428688,0.0034187947945456144,0.0001860052434494719
9895936,2888.0649070880027,0.0130268685570474,0.16409912705421448,0.00185725906844747,0.22038430816993054,0.2150214244134258,333,219.43397842368387,48.45,nan,0.0078125,0.6583117842674255,0.21405808890127792,0.005749836949646487,0.00024010341439861804
9904128,2889.277145146014,0.012836778654728792,0.14626465737819672,,,,,,,,0.0,0.6581557989120483,0.21440707025568648,0.005152050820083712,7.446634117513895e-05
9912320,2890.1872282510158,0.014044310227184645,0.17882080376148224,,,,,,,,0.0078125,0.6581617593765259,0.21421164861159708,0.0027586462863183553,0.0004257874679751694
9920512,2891.1378952410014,0.011186829035452766,0.1470947265625,,,,,,,,0.0,0.6582921743392944,0.2142510358915571,0.003984766284222509,7.718352571828291e-05
9928704,2892.1069394969963,0.01142014135179727,0.13959960639476776,,,,,,,,0.0,0.658033549785614,0.2143398574585294,0.005906246211525476,0.00011781702050939202
9936896,2893.032392693014,0.013480930430207212,0.1771240234375,,,,,,,,0.0078125,0.6581825017929077,0.21407671951848717,0.004274498125010935,0.0002398967044427991
9945088,2894.0155614600226,0.013983009414862869,0.18406982719898224,,,,,,,,0.0,0.6581426858901978,0.21371706451511252,0.003724171971099124,9.037967538461089e-05
9953280,2894.965555982024,0.011070500180420733,0.14725342392921448,,,,,,,,0.0078125,0.6579862236976624,0.21360648095828244,0.006247540123360345,0.0003580143675208092
9961472,2895.925586254016,0.012020594412432037,0.16053466498851776,0.0017283851273032225,0.21950798406665678,0.21502353037842145,333,219.42707212960482,48.45,nan,0.0,0.6586353778839111,0.21434894804136645,0.003993105830434568,0.00010019190813181922
9969664,2897.207623858005,0.010785175607521715,0.13808594644069672,,,,,,,,0.0,0.658374547958374,0.21452741169781323,0.0044990744370739565,7.90444973972626e-05
9977856,2898.145895216003,0.01313232515701443,0.17222900688648224,,,,,,,,0.0078125,0.6584224104881287,0.21417029778719515,0.003965728573979792,0.0003328363236505538
9986048,2899.0803370130016,0.011612053944105978,0.14617919921875,,,,,,,,0.0,0.658137857913971,0.21432769059468398,0.004202373106595519,0.00010678765102056786
9994240,2900.0104093050177,0.010967608169301798,0.14671631157398224,,,,,,,,0.0,0.6580236554145813,0.21419470211333275,0.0023536193618538615,0.00032625425956211984
10002432,2900.9522681990056,0.015210460417071296,0.19281005859375,,,,,,,,0.0078125,0.6584922671318054,0.21411035143472917,0.0028203181734528997,0.0001735618570819497
10010624,2901.889245555998,0.011003456952622795,0.14432373642921448,,,,,,,,0.0,0.6584891676902771,0.21417611915645396,0.005442923687324371,6.285651033977047e-05
10018816,2902.826102145016,0.013112123188743375,0.16853027045726776,,,,,,,,0.0078125,0.6583064794540405,0.21434182784041506,0.002674023362614861,0.0003904991608578712
10027008,2903.8310736610147,0.011369694042303174,0.14385986328125,0.0022348278848637326,0.21926966329817826,0.21507300339431068,333,219.42292906309802,36.75,nan,0.0,0.6580166220664978,0.21442818209324338,0.005621342073133636,6.591862620553002e-05
10035200,2905.1141037229972,0.012585041635752104,0.158447265625,,,,,,,,0.0,0.6577844023704529,0.21415108586555226,0.003647814168374361,0.00013943079102318734
10043392,2906.069243951002,0.01183630095960078,0.15799561142921448,,,,,,,,0.0078125,0.6581810712814331,0.21379933297173442,0.0021478918482002174,0.00025173311587423086
10051584,2907.101944889,0.009939964001230343,0.13421630859375,,,,,,,,0.0,0.6581603288650513,0.21359792530007077,0.002259732478480137,6.484147161245346e-05
10059776,2908.0696037680027,0.011082298150987407,0.14438477158546448,,,,,,,,0.0078125,0.6579958200454712,0.21420116383167379,0.003893714852790764,0.0003179720661137253
10067968,2909.0192619020236,0.012631921484920948,0.15789794921875,,,,,,,,0.0,0.6584214568138123,0.21447686812733352,0.005432358933359544,7.099903450580314e-05
10076160,2909.954370325024,0.1945254385588905,0.2706054747104645,,,,,,,,0.0,0.6581130623817444,0.21448528706276968,0.012381567596927621,0.00014944784925319254
10084352,2910.9017074860167,0.013450832784501472,0.17147217690944672,,,,,,,,0.0078125,0.6582353115081787,0.21432628170425444,0.004954871716679986,0.0002925128792412579
10092544,2911.8311382360116,0.010942341746165974,0.14754639565944672,0.0020557677323445045,0.22100936797253276,0.21506496419913917,333,219.43286518233336,33.300000000000004,nan,0.0,0.6581459045410156,0.21420047870382547,0.0038298057761397583,5.335827518138103e-05
10100736,2913.1097605780233,0.01015397930475976,0.13153076171875,,,,,,,,0.0,0.6580687165260315,0.2135174433225792,0.0026897172269693317,0.00010258888505632058
10108928,2914.030204235023,0.013880278465690466,0.18077392876148224,,,,,,,,0.0078125,0.6585413813591003,0.2135082054023035,0.004811420262075301,0.00019996287301182747
10117120,2914.938945372007,0.010556260307712041,0.14138184487819672,,,,,,,,0.0,0.6585826873779297,0.2144720556226663,0.003749812479531415,6.501933967228979e-05
10125312,2915.8774188079988,0.013214489389854579,0.1759033203125,,,,,,,,0.0078125,0.6585131883621216,0.21438505823628087,0.0026162716432691865,0.0004563953843899071
10133504,2916.7986464780115,0.01117731692115846,0.14949952065944672,,,,,,,,0.0,0.6586462259292603,0.214377030337207,0.0038288924886770897,5.908623643335886e-05
10141696,2917.712077422999,0.01216233987248968,0.14008788764476776,,,,,,,,0.0,0.658423900604248,0.21419584181022472,0.004399802318175285,0.00011795252066804096
10149888,2918.652262440999,0.013509104567460063,0.17230224609375,,,,,,,,0.0078125,0.6584371328353882,0.21408833095924112,0.007044012471602155,0.00021515587286558002
10158080,2919.582560828014,0.012317097549371485,0.16437987983226776,0.001827667550093004,0.2209443248574932,0.21513242908574157,333,219.43266437209766,14.700000000000001,nan,0.0,0.6582279801368713,0.2144019642883165,0.0030811710252192145,4.802969851880334e-05
10166272,2920.8485452950117,0.011871371286570467,0.15932618081569672,,,,,,,,0.0078125,0.6581854224205017,0.21411497059060597,0.0030514187556300596,0.00041920700459741056
10174464,2921.767993539019,0.011578912743320062,0.14761963486671448,,,,,,,,0.0,0.6583198308944702,0.2143534050854244,0.00406157616923879,5.244621934252791e-05
10182656,2922.753125114017,0.012283826452015768,0.14462891221046448,,,,,,,,0.0,0.6582239270210266,0.21420215749046628,0.0049565388151157,6.122863123891875e-05
10190848,2923.679736437014,0.013227570060612488,0.16811524331569672,,,,,,,,0.0078125,0.6584353446960449,0.21375490336035993,0.005893365230007625,0.0002608885115478188
10199040,2924.584788498003,0.01022802738027055,0.14193116128444672,,,,,,,,0.0,0.658646285533905,0.21429157484380643,0.0024944914990362825,4.268703196430579e-05
10207232,2925.4874448699993,0.010546298059774938,0.14219971001148224,,,,,,,,0.0,0.6585500240325928,0.21414832920041485,0.002558083508861881,7.890888809924945e-05
10215424,2926.426389981003,0.012327461654490566,0.15852050483226776,,,,,,,,0.0078125,0.6583908200263977,0.21441524262106032,0.004992712451276378,0.00025304718292318285
10223616,2927.318047139008,0.011888685410332814,0.15535889565944672,0.0017427373232522525,0.220160538335471,0.215058139287379,333,219.42532332107353,17.85,nan,0.0,0.6582487225532532,0.21432728887634966,0.0046208768925465014,6.044335896149278e-05
10231808,2928.5966641090054,0.011288079159969936,0.14909668266773224,,,,,,,,0.0078125,0.6581637859344482,0.21407360185883273,0.001965187344811243,0.0005158419953659177
10240000,2929.511119522009,0.010472968826936498,0.14251708984375,,,,,,,,0.0,0.6586549282073975,0.21439276558657894,0.0038336677729711765,5.594097819994204e-05
10248192,2930.4574858029955,0.01154293716365697,0.15980224311351776,,,,,,,,0.0,0.6584575176239014,0.21395863166953144,0.0009952884374961652,8.107476605800912e-05
10256384,2931.395991654019,0.01310166244185416,0.17441406846046448,,,,,,,,0.0078125,0.6584575772285461,0.2137325831320735,0.0030040238843013966,0.0002601945016067475
10264576,2932.333689187013,0.012333315086664725,0.16043701767921448,,,,,,,,0.0,0.658232569694519,0.21436189605393347,0.003941992298581057,4.915526369586587e-05
10272768,2933.263778983004,0.01161137670299847,0.14678955078125,,,,,,,,0.0078125,0.6581965088844299,0.21393448506665885,0.005949199171050923,0.00024253407900687307
10280960,2934.2283441350155,0.012081292746041083,0.16351318359375,,,,,,,,0.0,0.6586368680000305,0.21449929389968375,0.004791715519941054,8.091667405096814e-05
10289152,2935.1420809350093,0.010496490692366127,0.14320068061351776,0.0016560237957539137,0.2209436207057492,0.21506643616802418,333,219.42653850023993,27.150000000000002,nan,0.0,0.6585142016410828,0.21438643548538,0.0016969133864219244,5.688661622116342e-05
10297344,2936.4535861019976,0.01444394553122616,0.18686524033546448,,,,,,,,0.0078125,0.6585265398025513,0.21415895498233276,0.005914177756267694,0.0003116419247817248
10305536,2937.384321891004,0.010370009170755597,0.13646240532398224,,,,,,,,0.0,0.658668577671051,0.21423634875378714,0.004092240215767824,4.517576235230081e-05
10313728,2938.3136635630217,0.011193627388313006,0.14801025390625,,,,,,,,0.0,0.6584856510162354,0.21424673260624555,0.004182285004039266,0.00012115357822040096
10321920,2939.249783862004,0.01364295922126514,0.17166748642921448,,,,,,,,0.0078125,0.6586109399795532,0.21436400575054476,0.004733748028915755,0.0001499933423474431
10330112,2940.1808274700015,0.010941999725906554,0.14459228515625,,,,,,,,0.0,0.6585348844528198,0.21424555936833944,0.003303884107218827,6.885488983243704e-05
10338304,2941.118170208996,0.012478945007157368,0.156494140625,,,,,,,,0.0078125,0.6584351062774658,0.21418406574878515,0.005747535800939933,0.0003977058513555676
10346496,2942.0655077510164,0.01317791416505395,0.16436767578125,,,,,,,,0.0,0.6581149101257324,0.2142472803476601,0.0046502834314401335,6.135796866146848e-05
10354688,2943.1473121460003,0.013545926662222377,0.15906982123851776,0.0017789748713289422,0.21896197433673872,0.21507003652432516,333,219.43099889555305,27.150000000000002,nan,0.0,0.657850980758667,0.21390062143330685,0.0072731895219613485,0.00010095396282849833
10362880,2944.581362643017,0.016215166851245893,0.19312743842601776,,,,,,,,0.0078125,0.6582520008087158,0.2141593469562441,0.005658367918863494,0.00017833146557677537
10371072,2945.6454369279963,0.010897035821427176,0.14100341498851776,,,,,,,,0.0,0.6582766771316528,0.21429632996804276,0.0026716026276024586,4.508897109190002e-05
10379264,2946.7416664580232,0.011985288051717542,0.15167236328125,,,,,,,,0.0078125,0.6582191586494446,0.2143521695914458,0.005284967626530848,0.0004212489875499159
10387456,2947.8134908229986,0.012896689146819892,0.171630859375,,,,,,,,0.0,0.6583832502365112,0.21462982879313047,0.003197198689186391,6.0464513808256015e-05
10395648,2948.86175383901,0.010791056046118004,0.14412842690944672,,,,,,,,0.0,0.6583840847015381,0.2145892297553574,0.003554739183448832,4.5356409827945754e-05
10403840,2949.906418024999,0.012353049348370455,0.16444091498851776,,,,,,,,0.0078125,0.6584275364875793,0.21425776881628839,0.006354726207657143,0.00024153011327143759
10412032,2950.9289919940056,0.012623817699542437,0.16752929985523224,,,,,,,,0.0,0.6585975289344788,0.21431280511036205,0.0024166048451925584,4.483633892959915e-05
10420224,2951.969339164003,0.011459369986208596,0.15520019829273224,0.002002902758685643,0.2193964397586327,0.2150740934049144,333,219.43762577081918,37.95,nan,0.0,0.6584248542785645,0.21409671061161178,0.004252652732161927,0.0003754137724172324
10428416,2953.533116705017,0.013279172102316243,0.1636962890625,,,,,,,,0.0078125,0.6585307717323303,0.21416110450637932,0.0022794068944767118,0.0001195915974676609
10436608,2954.5364997110155,0.013730830182272552,0.16859130561351776,,,,,,,,0.0,0.6582895517349243,0.21442646894246303,0.008363320801080074,5.627404971164651e-05
10444800,2955.5806284680148,0.014306600843193166,0.17941895127296448,,,,,,,,0.0078125,0.6583537459373474,0.21415501641258747,0.004048863872578573,0.0001638336543692276
10452992,2956.668058458017,0.0114417151371526,0.15040282905101776,,,,,,,,0.0,0.6586004495620728,0.21456419447499875,0.0035323461297914528,4.0963532228488475e-05
10461184,2958.0719576789998,0.011548721835738816,0.1536865234375,,,,,,,,0.0,0.6585046648979187,0.2144408410153631,0.0016628479367673807,7.001990888966247e-05
10469376,2959.267647244007,0.014753551745341043,0.19090576469898224,,,,,,,,0.0078125,0.6583725810050964,0.2141614716997821,0.0046678075017551,0.00017504052084404975
10477568,2960.3494870770082,0.010879910966264781,0.14124755561351776,,,,,,,,0.0,0.6581262350082397,0.21435485936432408,0.005039382207799724,5.3484251111513004e-05
10485760,2961.580839638016,0.013994997528352338,0.18189696967601776,0.0014120430159670905,0.21690114910033817,0.21506918440312178,333,219.43425043343933,45.0,nan,0.0078125,0.6580252647399902,0.21432767539598463,0.006053105752537022,0.0003554763679858297
10493952,2963.5804736560094,0.012704451059280895,0.17170409858226776,,,,,,,,0.0,0.6586031913757324,0.21436303776080784,0.004261477855431996,6.186478276504204e-05
10502144,2964.6351328750025,0.01211943752861995,0.15556640923023224,,,,,,,,0.0,0.6585062146186829,0.21397428646369437,0.0039496527116522,7.213262870209292e-05
10510336,2965.7267256070045,0.013176156167607304,0.17298583686351776,,,,,,,,0.0078125,0.658436119556427,0.21420763370159163,0.004179758165890252,0.000913502590265125
10518528,2966.767825315008,0.011806591487120304,0.15771484375,,,,,,,,0.0,0.6585128307342529,0.21439074779625328,0.0037317426862181965,4.320805237512104e-05
10526720,2967.8102908110013,0.011925681419359969,0.1595458984375,,,,,,,,0.0,0.6582950949668884,0.2142851532509233,0.004471098997744339,6.467551429523155e-05
10534912,2968.893523139006,0.01228164826862285,0.15445557236671448,,,,,,,,0.0078125,0.6585638523101807,0.2144357229743513,0.005118666733794169,0.00015145391807891428
10543104,2969.971874247014,0.010360528871752265,0.13758544623851776,,,,,,,,0.0,0.658348798751831,0.21444129586150296,0.0039159280900665115,3.9984588511288166e-05
10551296,2970.9915176520008,0.01277758701410916,0.16590575873851776,0.002312015251208721,0.21686358567864672,0.21510612213237815,333,219.4385274628073,46.050000000000004,nan,0.0078125,0.658358633518219,0.21404484732236617,0.0053534465015766634,0.0001986424467759207
10559488,2972.5131913240184,0.010073498857920653,0.13638916611671448,,,,,,,,0.0,0.6586615443229675,0.2146203919046728,0.003661129963957771,4.2992855014745146e-05
10567680,2973.594550201,0.011677698567517922,0.15462647378444672,,,,,,,,0.0,0.658535361289978,0.2144405328044645,0.002968309735790339,6.045687405276112e-05
10575872,2974.657032181014,0.012187196483123245,0.15909424424171448,,,,,,,,0.0078125,0.6585589051246643,0.21454572789556123,0.005804005203376908,0.0001709901262074709
10584064,2975.7198315790156,0.010144711316144861,0.13419190049171448,,,,,,,,0.0,0.6585953235626221,0.2142152735441974,0.002536896975779493,3.212627416360192e-05
10592256,2976.753023168014,0.01024677122246706,0.13253174722194672,,,,,,,,0.0078125,0.6584111452102661,0.21412785664880105,0.002536793861680063,0.00024438145919702947
10600448,2977.7842272130074,0.015354136869401937,0.16756592690944672,,,,,,,,0.0,0.6584106087684631,0.21452977707321197,0.007109192057017827,5.8841844293056056e-05
10608640,2978.806824223022,0.01381525286114371,0.14036865532398224,,,,,,,,0.0,0.6582362651824951,0.21437465700427416,0.010998417321911758,7.055841706460342e-05
10616832,2979.891487914021,0.014428340998393296,0.184814453125,0.0019123825852365162,0.21847813208824668,0.2150791135755686,333,219.43588504069237,33.300000000000004,nan,0.0078125,0.6582949161529541,0.21423944315411156,0.006577994275925098,0.000264442729530856
10625024,2981.339634668024,0.010323716488785323,0.13778077065944672,,,,,,,,0.0,0.6583712100982666,0.21456607533248725,0.0025115721084171955,4.047366019221954e-05
10633216,2982.3906236760085,0.012361509613370718,0.16132812201976776,,,,,,,,0.0,0.6582069396972656,0.21451758372951235,0.0038766473737345333,6.997826130827889e-05
10641408,2983.472048249998,0.011983546125880418,0.15629883110523224,,,,,,,,0.0078125,0.6583462357521057,0.2142795720643329,0.0050741624302214905,0.0003188537375535816
10649600,2984.511370905995,0.010931220499457526,0.143798828125,,,,,,,,0.0,0.6581634879112244,0.21375558799904568,0.004754177336057558,4.491889922064729e-05
10657792,2985.5401402010175,0.013173304431828167,0.17393799126148224,,,,,,,,0.0078125,0.6581867337226868,0.2144183997834943,0.004187125719862847,0.00038602767745032907
10665984,2986.619049795001,0.011630713718323644,0.15543213486671448,,,,,,,,0.0,0.6584562063217163,0.21440891766936382,0.00357625766783017,3.449646828812547e-05
10674176,2987.6587337930105,0.01208956171794335,0.15989990532398224,,,,,,,,0.0,0.6583734154701233,0.21408111984741027,0.0036359473626541546,7.04678168403916e-05
10682368,2988.761762729002,0.01212891340137543,0.15828858315944672,0.0018698421779023144,0.21949023751184957,0.21508742975299308,333,219.4377830859615,28.650000000000002,nan,0.0078125,0.6584616899490356,0.21416667568157882,0.004508814431209375,0.000195803921087645
10690560,2990.1139261650096,0.011017864062900014,0.14466552436351776,,,,,,,,0.0,0.6585206985473633,0.21439884441810303,0.0034978966706854762,4.341778185334988e-05
10698752,2991.1673130240233,0.011771833963970527,0.15347900986671448,,,,,,,,0.0078125,0.6582847833633423,0.21436166603284934,0.004951654682757611,0.0002394746261416003
10706944,2992.3202364740137,0.012723973739159088,0.16591797769069672,,,,,,,,0.0,0.6585937142372131,0.21453815170239862,0.0040880365911614355,6.756369111826643e-05
10715136,2994.22708709602,0.011288724231988068,0.142578125,,,,,,,,0.0,0.658353865146637,0.21435104045591385,0.002741997307445467,6.753621710231528e-05
10723328,2995.2382334959984,0.012678477172486886,0.16867676377296448,,,,,,,,0.0078125,0.6584131717681885,0.21441713689141725,0.0031932631143978558,0.0004793533298652619
10731520,2996.249327548023,0.010990677694636563,0.14931641519069672,,,,,,,,0.0,0.6582508683204651,0.21460977528480396,0.004107542011453575,4.236740278429352e-05
10739712,2997.8488905120175,0.011067416782296287,0.15162353217601776,,,,,,,,0.0,0.6580919623374939,0.2142504580999518,0.002203178086593303,7.690284110140055e-05
10747904,2998.9141310139967,0.013228878063254144,0.16400146484375,0.002196029593327431,0.21922504863413592,0.21510714625392305,333,219.45068934684838,36.75,nan,0.0078125,0.6582883596420288,0.21421847766352883,0.004298921121739155,0.00015151464322116226
10756096,3000.3971308530017,0.011375354907464452,0.14887695014476776,,,,,,,,0.0,0.6581469178199768,0.21385367851300113,0.006198564724598168,4.752409222419374e-05
10764288,3002.2464463630167,0.014247635337330703,0.17524413764476776,,,,,,,,0.0078125,0.6581519246101379,0.21353838145949414,0.0057134574889427595,0.00030245675588957965
10772480,3003.342953606014,0.010062913816315695,0.13330078125,,,,,,,,0.0,0.6584590673446655,0.21411983300576173,0.004338815983294545,3.809078043559566e-05
10780672,3004.340173289005,0.014099428719892948,0.19022217392921448,,,,,,,,0.0,0.6583041548728943,0.21402907275883556,0.003302631330704044,5.518420584849082e-05
10788864,3005.401570789021,0.012341920602804987,0.16055908799171448,,,,,,,,0.0078125,0.6583552956581116,0.21397159403837845,0.003024055021359834,0.0001380149187752977
10797056,3006.636819772015,0.011109595471843562,0.14132080972194672,,,,,,,,0.0,0.6582775115966797,0.21421005361126233,0.0034825179539313836,3.79960001737345e-05
10805248,3008.397063010023,0.01361222029509225,0.16971436142921448,,,,,,,,0.0078125,0.658117949962616,0.21358498790771407,0.004911300045174281,0.0005088573670946062
10813440,3009.4469586470223,0.012842360779642745,0.1685791015625,0.0014124720521407896,0.21723031258154823,0.21508634359599593,333,219.4451073322668,45.0,nan,0.0,0.6586788892745972,0.21443457841958397,0.0031342775676938164,5.084460281068459e-05
10821632,3010.913374967,0.010011115128085932,0.13400879502296448,,,,,,,,0.0,0.6584140658378601,0.21421448319820402,0.0016094780514124463,4.6966953959781677e-05
10829824,3011.9376150540193,0.013507024115017635,0.1778564453125,,,,,,,,0.0078125,0.658522367477417,0.21420985499362924,0.005507916296020853,0.0002762248332146555
10838016,3013.006558659021,0.010790486746304027,0.14151611924171448,,,,,,,,0.0,0.6584581136703491,0.21466718495823742,0.0037247577591139644,9.269499423680827e-05
10846208,3014.0560618160234,0.01050555522470473,0.13752441108226776,,,,,,,,0.0,0.658423900604248,0.21448413231906485,0.004432282773928514,7.093814929248765e-05
10854400,3015.124399291002,0.013152477133588643,0.17128907144069672,,,,,,,,0.0078125,0.6584192514419556,0.21450217065991387,0.004856420917456775,0.0010214437497779727
10862592,3016.188173609,0.010783786564946662,0.14553223550319672,,,,,,,,0.0,0.6583417654037476,0.21423409578875954,0.0014297907458326422,3.7986163079040125e-05
10870784,3017.255689049023,0.012048471035980857,0.15709228813648224,,,,,,,,0.0078125,0.6582872867584229,0.2141232333362621,0.005338702043407873,0.00035814029979519546
10878976,3018.4765217320237,0.01726217197543282,0.17128907144069672,0.0016472939499676542,0.21657347282555572,0.21509768397659879,333,219.44756189502345,13.200000000000001,nan,0.0,0.6584575772285461,0.2145314782949455,0.007816923525227473,4.394326970214024e-05
10887168,3020.049737057998,0.0160214926027487,0.1573486328125,,,,,,,,0.0,0.658284068107605,0.2142569714659809,0.007815082566026688,7.732796075288206e-05
10895360,3021.2415519460046,0.011771546943418663,0.14987793564796448,,,,,,,,0.0078125,0.6585109233856201,0.21443049800112485,0.004514589828732904,0.0003218474448658526
10903552,3022.351088837022,0.012256378242925931,0.15646973252296448,,,,,,,,0.0,0.6585050225257874,0.21428298759081232,0.004128187677651667,4.144523336435668e-05
10911744,3023.4476436120167,0.011757889042145612,0.15078125894069672,,,,,,,,0.0078125,0.6584221720695496,0.21385742153372278,0.004691001188717908,0.00031082049827091396
10919936,3024.500250231009,0.0126508178836615,0.16130371391773224,,,,,,,,0.0,0.6586514711380005,0.2144434110918477,0.004851035513809842,7.899628690211102e-05
10928128,3025.7471827660047,0.011690557856981166,0.15474854409694672,,,,,,,,0.0,0.6585298776626587,0.21430082754523433,0.0023001203120776117,4.8739155317889526e-05
10936320,3028.08117711902,0.011560854522387191,0.15068359673023224,,,,,,,,0.0078125,0.658443033695221,0.2142312079726382,0.004775833965063575,0.0002548836637288332
10944512,3029.1297468880075,0.013275670477847501,0.17132568359375,0.0018208429937014436,0.21791861699727408,0.21512908386859597,333,219.45922403813012,37.95,nan,0.0,0.6581878662109375,0.21464809757273415,0.004845393243285749,3.869112333632074e-05
10952704,3030.7140099040116,0.010402064255465401,0.13962402939796448,,,,,,,,0.0,0.6581274271011353,0.2143839938498997,0.002711798037783117,0.0001113702091970481
10960896,3031.771567785996,0.01387766262691278,0.17451171576976776,,,,,,,,0.0078125,0.6584779024124146,0.21458498227514844,0.0024388854385539705,0.00015661524957977235
10969088,3032.925958641019,0.011654724122548591,0.15496826171875,,,,,,,,0.0,0.6584837436676025,0.21459500648512467,0.004265935896161972,7.65363874961622e-05
10977280,3034.126256173011,0.013301960627948362,0.17169189453125,,,,,,,,0.0078125,0.6583178043365479,0.21426361865941676,0.006105938757321062,0.00017335869779344648
10985472,3035.2394366470107,0.011381038979229702,0.15334473550319672,,,,,,,,0.0,0.6584188342094421,0.21462520384643616,0.0033838999187451252,3.661693699541502e-05
10993664,3036.2682362940104,0.01275582859188868,0.16502685844898224,,,,,,,,0.0,0.6581825017929077,0.214548815516835,0.003254853483182527,4.5657361624762416e-05
11001856,3037.406357828004,0.014226951480207674,0.17659913003444672,,,,,,,,0.0078125,0.6583518981933594,0.21430510835536531,0.006446162410005169,0.0005426071584224701
11010048,3039.517710651009,0.011062012887623159,0.14626465737819672,0.001710260287170473,0.21652066359543592,0.21510506958360193,333,219.46350064296837,43.800000000000004,nan,0.0,0.6582837104797363,0.21454561635310293,0.003904332813954688,3.214158641640097e-05
11018240,3041.0328964280197,0.013741955433915903,0.17192383110523224,,,,,,,,0.0,0.6582816243171692,0.21440777092245952,0.005170688098254696,9.83820209512487e-05
11026432,3042.269623604021,0.014922998051968006,0.18145751953125,,,,,,,,0.0078125,0.6582909822463989,0.21464702644354552,0.0022980868295286467,8.254520798800513e-05
11034624,3043.3570108130225,0.01398998863581964,0.16988526284694672,,,,,,,,0.0,0.6581181883811951,0.2145191151201605,0.0061238975832418,5.2171330025885254e-05
11042816,3044.435680190014,0.013574183373629367,0.17718505859375,,,,,,,,0.0078125,0.6583104729652405,0.21439261627575656,0.005124487598423494,0.00014159048441797495
11051008,3045.520529149013,0.010355562434941743,0.1375732421875,,,,,,,,0.0,0.6586947441101074,0.21436819827282352,0.005678015510211012,4.955098484060727e-05
11059200,3046.5765710880223,0.010436959047060141,0.13814698159694672,,,,,,,,0.0,0.6585659384727478,0.2142545643689416,0.0025351388613657727,9.837956167757511e-05
11067392,3047.6832487010106,0.01592934664229227,0.19663086533546448,,,,,,,,0.0078125,0.658476710319519,0.21380544164466753,0.006819471387170231,0.00041863214573822916
11075584,3048.72953767702,0.011085008532373559,0.14508056640625,0.0013426693595217642,0.21754749796179182,0.2151129950557437,333,219.46562267131117,49.650000000000006,nan,0.0,0.6583431363105774,0.2134929547572401,0.003456603509940705,4.1476112528471276e-05
11083776,3050.160755178018,0.012534432669370238,0.1611328125,,,,,,,,0.0078125,0.6582962870597839,0.21373457302053622,0.005303748017823158,0.00014259155432228
11091968,3051.2513381930185,0.013618126084096445,0.17601318657398224,,,,,,,,0.0,0.6585983037948608,0.2147068157330659,0.006966949002511564,4.9433332605985925e-05
11100160,3052.282351538015,0.019686487253573,0.18355713784694672,,,,,,,,0.0,0.6582961082458496,0.2145462650641417,0.015180977461147844,0.0001008408289635554
11108352,3053.3846034300223,0.01696296997491036,0.21157227456569672,,,,,,,,0.0078125,0.6585159301757812,0.21452840831465542,0.005444767391762542,0.000357756856828928
11116544,3054.41485553002,0.011078264482963973,0.14976806938648224,,,,,,,,0.0,0.6584262847900391,0.21449325561735644,0.0036639783873016725,2.772575317067094e-05
11124736,3055.403893982002,0.01266795492848076,0.16534423828125,,,,,,,,0.0,0.6583636999130249,0.21432080440611193,0.004829706724217616,0.0007644160068593919
11132928,3056.429278657015,0.012757050885592697,0.16029052436351776,,,,,,,,0.0078125,0.6585068106651306,0.21451069802595915,0.004033063750431641,7.919578638393432e-05
11141120,3057.430559346016,0.012845835655237715,0.16195069253444672,0.0018121384916647276,0.21819793274076243,0.21511464326973245,333,219.46267512378648,14.4,nan,0.0,0.658403754234314,0.2145200729102943,0.003969016773519104,3.080921669607051e-05
11149312,3058.9389861999953,0.01360376105940426,0.17775879800319672,,,,,,,,0.0078125,0.6583719849586487,0.2143034651069224,0.004653214236672013,0.00013529446732718498
11157504,3060.01733931902,0.010758023738199705,0.142333984375,,,,,,,,0.0,0.658532977104187,0.21448187149932285,0.0037802421299910184,3.180322528351098e-05
11165696,3061.152523805009,0.01103503246997516,0.14384765923023224,,,,,,,,0.0,0.6583490371704102,0.214295780842389,0.004707746076715832,5.092637366033159e-05
11173888,3063.52833133901,0.014323449127031679,0.17877197265625,,,,,,,,0.0078125,0.6583894491195679,0.21426674703318765,0.005868183696277441,0.00011042522237403318
11182080,3064.8488089670136,0.01136191962894696,0.14884033799171448,,,,,,,,0.0,0.6582391858100891,0.21423999406223238,0.004378732522669307,2.719197618716862e-05
11190272,3066.0097799990035,0.015094509654699712,0.18082275986671448,,,,,,,,0.0078125,0.6582697629928589,0.21396231145835398,0.00546228140722667,0.001561333891004324
11198464,3067.2147088870115,0.011293541601436828,0.14285889267921448,,,,,,,,0.0,0.6586981415748596,0.21462030592524922,0.005711764076801559,4.147199433646165e-05
11206656,3068.2583238340158,0.011849909822001367,0.14715576171875,0.0017968222509598952,0.21651245634263092,0.21511795541733858,333,219.46103375653834,22.5,nan,0.0,0.6585375070571899,0.2144723598130312,0.004161172546714928,4.4504180550575256e-05
11214848,3069.729985654005,0.013808131210351038,0.17738036811351776,,,,,,,,0.0078125,0.6585226655006409,0.21465103151383585,0.005636963475852845,0.00019408266234677285
11223040,3070.8148712060065,0.010776372382355012,0.14155273139476776,,,,,,,,0.0,0.6584340333938599,0.21449749971937115,0.004179898317798789,2.9829005143255927e-05
11231232,3071.931866262021,0.010689805797746366,0.14287109673023224,,,,,,,,0.0,0.6583648324012756,0.2143769914567534,0.0056144969749486896,0.0001458821352571249
11239424,3073.0401479800057,0.012623383054167357,0.16158448159694672,,,,,,,,0.0078125,0.6583948731422424,0.2145283247449011,0.004770976247791018,7.133567851269618e-05
11247616,3074.1357584670186,0.014360580550958733,0.18137207627296448,,,,,,,,0.0,0.6582969427108765,0.21424605973457944,0.005422202169141627,3.3445507142459974e-05
11255808,3075.3448151500197,0.011666238370249951,0.153564453125,,,,,,,,0.0078125,0.6581829190254211,0.21434907421568322,0.0053239930927108286,0.00013583690451923758
11264000,3076.4221169850207,0.011303881049818686,0.14700928330421448,,,,,,,,0.0,0.6581926345825195,0.21442070726752047,0.004972050873808288,3.5145330912200734e-05
11272192,3077.6662879680225,0.012694129684438156,0.15906982123851776,0.0014443691344411258,0.21867393002590457,0.21513748956572817,333,219.46200919977989,21.3,nan,0.0,0.658015251159668,0.21442860591341356,0.004251967755427269,7.942469528643414e-05
11280384,3079.147340495023,0.014554871488844354,0.17386475205421448,,,,,,,,0.0078125,0.6583009362220764,0.2145471516871004,0.006747944393126426,0.00016911490820348263
11288576,3080.2079584980092,0.010628398815262122,0.13918457925319672,,,,,,,,0.0,0.6581530570983887,0.21415624368829972,0.003564945493423775,3.6888246540911496e-05
11296768,3081.3107853890106,0.013660073995292635,0.17229004204273224,,,,,,,,0.0078125,0.6581841111183167,0.2142495008213469,0.0073429711830387216,0.0005094569060020149
11304960,3082.7761884110223,0.011336614789712159,0.15535889565944672,,,,,,,,0.0,0.6584097743034363,0.21453429019587716,0.003792007320789965,3.618459595600143e-05
11313152,3083.9158095240127,0.011481574551055508,0.15266112983226776,,,,,,,,0.0,0.6583514213562012,0.21422519972390625,0.003796450543722787,4.277946936781518e-05
11321344,3084.9772441600217,0.01335284942156443,0.17755126953125,,,,,,,,0.0078125,0.658478856086731,0.21418867824691615,0.0031613057008434316,0.00018978315347339958
11329536,3086.002140301018,0.012896200609912506,0.16781006753444672,,,,,,,,0.0,0.6585079431533813,0.21436624548130695,0.005553275936671585,3.213966920156963e-05
11337728,3087.598427779012,0.012474676631014557,0.16441650688648224,0.0018517954009605875,0.22053270416395834,0.21511421023447314,333,219.46223111788075,28.650000000000002,nan,0.0,0.6584368348121643,0.21439507318412496,0.003923805939871791,0.00041488648275844753
11345920,3089.134700911003,0.014039633574801914,0.17869873344898224,,,,,,,,0.0078125,0.6583934426307678,0.21441233640118723,0.0022961142090916547,6.81829551467672e-05
11354112,3090.261148136022,0.011409859515399934,0.15346680581569672,,,,,,,,0.0,0.6583088636398315,0.21418671896874994,0.004003089671703007,3.5719029256142676e-05
11362304,3091.399471818004,0.01378900222304897,0.18143311142921448,,,,,,,,0.0078125,0.658325731754303,0.2141551698464373,0.005626804558187971,0.00011110724153695628
11370496,3092.823572435009,0.012527425991679511,0.15928955376148224,,,,,,,,0.0,0.6584972739219666,0.21443030393449997,0.0042066130078966145,3.311606269562617e-05
11378688,3093.9018281630124,0.010755302359334834,0.142578125,,,,,,,,0.0,0.6583741903305054,0.2141494077745675,0.005812806837201881,5.0767594075296074e-05
11386880,3094.9670196520165,0.014862101284732322,0.17117920517921448,,,,,,,,0.0078125,0.6586858630180359,0.2139764041934233,0.006245717153921725,0.00012515131675172597
11395072,3096.483484947006,0.011980293143067531,0.15736083686351776,,,,,,,,0.0,0.6585395932197571,0.21415022510171605,0.006319765206148584,3.671420199680142e-05
11403264,3097.675917465007,0.01551002740683284,0.1768798828125,0.0018907109051702342,0.2165056178397465,0.2151255268080058,333,219.4696654830754,24.0,nan,0.0078125,0.6585107445716858,0.21450340646574745,0.0071136017942703585,0.0004565384879242629
11411456,3099.197613168013,0.01216263969939091,0.16148681938648224,,,,,,,,0.0,0.6582661867141724,0.2146644270512033,0.005738374899184444,2.906569352489896e-05
11419648,3100.8491169990157,0.011988280480746693,0.15802001953125,,,,,,,,0.0,0.6582266092300415,0.21460916902839489,0.002871499461604768,4.509543578024022e-05
11427840,3101.945574576006,0.014562867450155788,0.18073730170726776,,,,,,,,0.0078125,0.6582174897193909,0.21455143122310952,0.005903575609968563,0.00012313229672145098
11436032,3103.0035143200075,0.01166155737759301,0.1575927734375,,,,,,,,0.0,0.6582612991333008,0.21393150566522165,0.002634370624718683,3.377615212230012e-05
11444224,3104.115407117002,0.010916813583738538,0.14288330078125,,,,,,,,0.0,0.6581141948699951,0.2141941801347269,0.004629563562551474,8.76146659720689e-05
11452416,3106.0673468500027,0.012656761936289793,0.16563721001148224,,,,,,,,0.0078125,0.6588248014450073,0.2143985242536172,0.0037586731511210455,0.00011280039325356483
11460608,3107.236690621008,0.010532456845484213,0.14313964545726776,,,,,,,,0.0,0.6587128043174744,0.2146890662682383,0.0038352698309426746,3.082668627030216e-05
11468800,3108.269185765006,0.014530992350338718,0.18754883110523224,0.001684579239199624,0.2171391293043295,0.2151467252385484,333,219.47009906809032,34.5,nan,0.0078125,0.658698320388794,0.2146547973420294,0.0047748035467866205,0.0003967110242228955
11476992,3110.298219403019,0.010913083156996628,0.14443360269069672,,,,,,,,0.0,0.6586433053016663,0.2144852218436925,0.0036491922449395364,3.16786790790502e-05
11485184,3111.325471588003,0.012262278766667932,0.16145019233226776,,,,,,,,0.0,0.6585632562637329,0.2141826781337422,0.002793823716809574,4.7341127356048673e-05
11493376,3112.408172302996,0.012196820008261972,0.15959472954273224,,,,,,,,0.0078125,0.6584535837173462,0.21427425907965003,0.0029926293622749398,0.00010879820183617994
11501568,3114.1722756550007,0.013039413894480621,0.16252441704273224,,,,,,,,0.0,0.658210039138794,0.21414927409865075,0.006111328802198966,4.063703818246722e-05
11509760,3115.4398410110152,0.012514345865919239,0.16085205972194672,,,,,,,,0.0078125,0.6582492589950562,0.21407763096895738,0.0049613466926395865,0.00020651529484894127
11517952,3116.490069585998,0.011297145787366934,0.15157471597194672,,,,,,,,0.0,0.6584630012512207,0.21460215171107735,0.004082284715076928,2.8242182452231646e-05
11526144,3117.5817004790006,0.01066434692094302,0.13648681342601776,,,,,,,,0.0,0.6584202647209167,0.2143185651015472,0.002025693154163012,4.731514127342962e-05
11534336,3119.327819658007,0.011596665927640094,0.15134277939796448,0.0018196402245412857,0.2204784440096837,0.21512281079658221,333,219.46812911285323,17.85,nan,0.0078125,0.6583699584007263,0.21436012012663325,0.0041050750995181365,0.00014022915274836123
11542528,3121.043285464024,0.011415832180806839,0.14589844644069672,,,,,,,,0.0,0.6584464907646179,0.21396319406568237,0.004345349427293997,3.0177965527400374e-05
11550720,3122.090837005002,0.01121388684371535,0.15217284858226776,,,,,,,,0.0,0.6583105325698853,0.21405330028614453,0.0032383045806156406,8.367698319489136e-05
11558912,3123.224617544998,0.015418259234492138,0.18502198159694672,,,,,,,,0.0078125,0.6585714221000671,0.21455291358594447,0.005402987166117753,0.00010273207590216771
11567104,3124.730569825013,0.010535951726353182,0.13775634765625,,,,,,,,0.0,0.6584278345108032,0.21427310467455868,0.0041274104716437394,3.1019179004943e-05
11575296,3126.2998102639976,0.015475723249904517,0.20513916015625,,,,,,,,0.0078125,0.6585360169410706,0.21429245560646265,0.004595878841100162,0.00035876184119842947
11583488,3127.458508443,0.011166445544942753,0.150634765625,,,,,,,,0.0,0.6585427522659302,0.2146780474366802,0.0030095352899473164,2.7857608074555174e-05
11591680,3128.5521007940115,0.011988828673040684,0.1611328125,,,,,,,,0.0,0.6584893465042114,0.21452819906654672,0.004189056438939806,4.813885243493132e-05
11599872,3130.9594573710056,0.012303607299268866,0.16400146484375,0.0016594049688524182,0.21968567741457856,0.2151849442771288,333,219.47357142577772,25.950000000000003,nan,0.0078125,0.6586676836013794,0.2147677476084247,0.0043682493666290815,0.00013547814160119742
11608064,3132.4092381299997,0.009902948404611634,0.13276366889476776,,,,,,,,0.0,0.6586557030677795,0.21456340477435848,0.002354427402766649,3.44274340022821e-05
11616256,3133.4854346070206,0.012057044818149697,0.16251221299171448,,,,,,,,0.0078125,0.6586113572120667,0.21435905893637072,0.003945647518510301,0.00028308763285167515
11624448,3134.5742811250093,0.010680874715755191,0.14003907144069672,,,,,,,,0.0,0.6587014198303223,0.21474600091715962,0.004955523895647598,2.994837996084243e-05
11632640,3135.6777131069975,0.012124575894089204,0.15758056938648224,,,,,,,,0.0,0.6585645079612732,0.21447773613255286,0.0023360235402997715,3.5577577364165336e-05
11640832,3136.910975325998,0.014478938938545126,0.18939208984375,,,,,,,,0.0078125,0.6586672067642212,0.21455636719556764,0.004486009312777687,0.00011450168676674366
11649024,3138.0614602840215,0.01216326347245389,0.16561280190944672,,,,,,,,0.0,0.6587981581687927,0.21476399455150408,0.001626610552481023,5.279091055854224e-05
11657216,3139.3690546390135,0.01111645000259515,0.14716796576976776,,,,,,,,0.0,0.6586950421333313,0.21461446212117666,0.002921819408360707,0.000284362118691206
11665408,3140.5974515560083,0.014380439276261132,0.17049561440944672,0.0016385753172337703,0.21816800314139412,0.215096813440068,333,219.48033386126872,27.150000000000002,nan,0.0078125,0.6587060689926147,0.2144899183184515,0.0010303833660879843,9.083419718081132e-05
11673600,3142.204662649019,0.011167339017793173,0.14748536050319672,,,,,,,,0.0,0.6585259437561035,0.21439804855788477,0.0034164219627709335,4.118206197745167e-05
11681792,3143.4072489679966,0.01273251247165245,0.16534423828125,,,,,,,,0.0078125,0.6585131883621216,0.21448290628478675,0.003301095204327852,0.00011403665848774835
11689984,3144.561881679023,0.010897255735790031,0.14212647080421448,,,,,,,,0.0,0.6583603620529175,0.2144984345994018,0.004263004043521298,3.4841472370317206e-05
11698176,3145.6723002570216,0.012378906534958559,0.16655273735523224,,,,,,,,0.0,0.6583855152130127,0.21437480178063067,0.0020796510739523547,5.040741598349996e-05
11706368,3146.8518764229957,0.016185764808323382,0.19339600205421448,,,,,,,,0.0078125,0.6585254073143005,0.21446598679478918,0.005969762204339073,0.00020929092715959996
11714560,3147.974852529005,0.01164861030399332,0.15449218451976776,,,,,,,,0.0,0.6586298942565918,0.21450472147816213,0.002702946946770696,2.9528304366976954e-05
11722752,3149.1249028370075,0.0133966508033261,0.16511230170726776,,,,,,,,0.0078125,0.6585273146629333,0.21455246766179142,0.0048932876926360246,0.00018156052101403475
11730944,3150.2283119390195,0.010754124230499321,0.14395752549171448,0.001867324742903409,0.21713114988541524,0.2151166933443061,333,219.4788891129624,5.1000000000000005,nan,0.0,0.658575177192688,0.21464999614450941,0.004357126971151065,2.8045998988091014e-05
11739136,3151.765286002017,0.012539663136598996,0.16407470405101776,,,,,,,,0.0,0.6584429740905762,0.21431954737864517,0.005214162742934834,4.0961756894830614e-05
11747328,3152.954926749022,0.01220595696803112,0.16058349609375,,,,,,,,0.0078125,0.6584743857383728,0.21426450894581195,0.004684263382820705,0.00021640819613821805
11755520,3154.1028688430088,0.010627210080420843,0.13999024033546448,,,,,,,,0.0,0.6583751440048218,0.21442231921274052,0.004374322995056546,5.0123828259529546e-05
11763712,3155.1759282980056,0.012728665104689209,0.16636963188648224,,,,,,,,0.0,0.658307671546936,0.2139016890484689,0.00516548558880479,9.64836435741745e-05
11771904,3156.2617346530023,0.012641168411717432,0.164794921875,,,,,,,,0.0078125,0.6586506366729736,0.21430199483345125,0.004313165973877098,6.499441951746121e-05
11780096,3157.2911408280197,0.011711102935329024,0.15919189155101776,,,,,,,,0.0,0.6585293412208557,0.2144935244951896,0.00429671278762655,3.197033947799355e-05
11788288,3158.469180340995,0.014265651487621177,0.19086913764476776,,,,,,,,0.0078125,0.6584244966506958,0.21433442687120566,0.005231688654526705,0.00019327546760905534
11796480,3159.5833176110173,0.012207173904819985,0.15541993081569672,0.001922233308225385,0.21787139778099446,0.21511503541784144,333,219.4809386765678,37.95,nan,0.0,0.6581931114196777,0.21428050781678132,0.00553927638064498,3.434539758018218e-05
11804672,3161.2902109200077,0.013902958818427659,0.16286621987819672,,,,,,,,0.0,0.6581661105155945,0.2142811452902485,0.006080725652966231,6.728852167725563e-05
11812864,3162.4481526610034,0.0164765237403456,0.19707031548023224,,,,,,,,0.0078125,0.6582919359207153,0.2142386916671135,0.00881465604053106,0.0001265796017833054
11821056,3163.554150314012,0.012142380986694455,0.16304932534694672,,,,,,,,0.0,0.6583114266395569,0.21425500536025227,0.0035786293413263104,4.4191383494762704e-05
11829248,3164.6669848550227,0.014611312282094413,0.17861329019069672,,,,,,,,0.0078125,0.6582109332084656,0.21428788220940737,0.004822927478719379,0.0001745542831486091
11837440,3166.108756605012,0.010601926728857533,0.13902588188648224,,,,,,,,0.0,0.658558189868927,0.21452587110347915,0.003687931494828259,3.2634619856253266e-05
11845632,3167.296666412003,0.010885789507795238,0.1427001953125,,,,,,,,0.0,0.6583065986633301,0.21423908249120233,0.0037886479297504156,4.276883919374086e-05
11853824,3168.418064437021,0.01217563841576534,0.16243897378444672,,,,,,,,0.0078125,0.6584004759788513,0.2142056106320888,0.002570713770409248,0.00021333098993636668
11862016,3169.568512769998,0.011183964025630759,0.14787597954273224,0.0014124935285028117,0.21720060214401546,0.2151038209039609,333,219.479540795215,49.650000000000006,nan,0.0,0.6583018898963928,0.2145119189831283,0.004742998781136424,3.121966074104421e-05
11870208,3171.246302907006,0.012183829930444647,0.16390381753444672,,,,,,,,0.0,0.6582999229431152,0.21456321585076749,0.0035892284382453665,0.0002321377833141014
11878400,3172.334186101012,0.0159158686930775,0.1934814453125,,,,,,,,0.0078125,0.6582520008087158,0.2143991148299992,0.004349889538353487,7.359332084888592e-05
11886592,3173.4259736090025,0.013874379298073182,0.16533203423023224,,,,,,,,0.0,0.6581526398658752,0.21408192662420505,0.006060234841563244,4.480545248952694e-05
11894784,3174.5324084320164,0.014114559480853248,0.17742919921875,,,,,,,,0.0078125,0.6582865118980408,0.21410849771576773,0.005632127120115184,0.00012446826440282166
11902976,3175.606239204004,0.010613449800057724,0.14438477158546448,,,,,,,,0.0,0.6586043238639832,0.21453601318163718,0.0021517954679188957,4.126243948121555e-05
11911168,3176.689353627007,0.011609838711285382,0.15584717690944672,,,,,,,,0.0,0.6584675312042236,0.21446869377350128,0.004224230148141337,4.585238275467418e-05
11919360,3177.764973170997,0.011850854357638382,0.15397949516773224,,,,,,,,0.0078125,0.6585826873779297,0.2144805704250175,0.0049327347040205045,0.0007948063430376351
11927552,3179.2209349490004,0.011672157064658089,0.15736083686351776,0.0020411745792588976,0.21805337367711322,0.21512832051863184,333,219.48225212314847,23.700000000000003,nan,0.0,0.658602774143219,0.21412683554326298,0.0027162018533280763,2.7909960408578627e-05
11935744,3180.7787651950202,0.014080260771350002,0.18199463188648224,,,,,,,,0.0078125,0.6585076451301575,0.21382630193860303,0.005191600152560556,0.00011430787708377466
11943936,3182.023485579004,0.01173848853544304,0.15424804389476776,,,,,,,,0.0,0.6585631370544434,0.21444988761182518,0.004362167660160681,3.057072899537161e-05
11952128,3183.234328143997,0.012095156948984538,0.15697021782398224,,,,,,,,0.0,0.6583376526832581,0.21438895537408942,0.004370998387261453,3.532207847456448e-05
11960320,3184.529431140021,0.01253108842322736,0.16031494736671448,,,,,,,,0.0078125,0.6585264205932617,0.2141599644668848,0.0037350064124404927,0.00014056982763577253
11968512,3186.132967512007,0.01230029490169598,0.16141358017921448,,,,,,,,0.0,0.6584957838058472,0.2143849829531263,0.00613749387081075,2.5801553420023993e-05
11976704,3187.2720701220096,0.012527553514373355,0.160400390625,,,,,,,,0.0,0.6584920883178711,0.21398986224598163,0.004978600098223273,7.758933497825637e-05
11984896,3188.4831196150044,0.015498943473104205,0.18875733017921448,,,,,,,,0.0078125,0.6584551334381104,0.21418935842343748,0.004722172308404463,8.431061723968014e-05
11993088,3189.7709291780193,0.013146238762226365,0.16009521484375,0.0019164045497158666,0.2166249066307809,0.21510912664473075,333,219.47844369760043,19.05,nan,0.0,0.6584288477897644,0.21421144922368449,0.005340177965186957,3.3203668863279745e-05
12001280,3191.503376356006,0.015530140280736982,0.18900147080421448,,,,,,,,0.0078125,0.6584407687187195,0.21402630750277313,0.0069332453925649885,0.00034178263740614057
12009472,3192.71498703002,0.010790414859147736,0.14725342392921448,,,,,,,,0.0,0.6587748527526855,0.2144933638183661,0.004259722740434596,3.983050919487141e-05
12017664,3193.9364863840165,0.011345801959688701,0.1475830078125,,,,,,,,0.0,0.658602237701416,0.21454726556403486,0.0026075695253480954,7.523204112658277e-05
12025856,3195.163717251009,0.012354351745856685,0.15629883110523224,,,,,,,,0.0078125,0.6584593653678894,0.21451717440622367,0.004679327122182368,0.00018093058315571398
12034048,3196.3489082480082,0.015269475569310052,0.17911377549171448,,,,,,,,0.0,0.6581854820251465,0.21443103479297476,0.0065788059834764635,3.2685631595086306e-05
12042240,3197.581924151018,0.014708693159910505,0.18294678628444672,,,,,,,,0.0078125,0.6581940054893494,0.2143837189320911,0.007287149179742556,0.00020383033552207053
12050432,3198.7355760460196,0.01113456984941321,0.14210204780101776,,,,,,,,0.0,0.6584600806236267,0.21457730774120382,0.004494255508256793,2.4618570023449138e-05
12058624,3199.9271872880054,0.012312340354324462,0.15938721597194672,0.001373780113399059,0.21718640583958213,0.21510990713721462,333,219.4804398254119,49.650000000000006,nan,0.0,0.6583281755447388,0.21447949336315292,0.005627188004834337,3.404298331588507e-05
12066816,3201.636480182002,0.013765736259174405,0.17774657905101776,,,,,,,,0.0078125,0.658467710018158,0.21443438639457663,0.007106355892493019,0.0004889168194495142
12075008,3202.856664141,0.01236950282928295,0.16043701767921448,,,,,,,,0.0,0.6585334539413452,0.2145058203190334,0.0037158605936858653,2.698442040127702e-05
12083200,3204.1950524880085,0.011747663793211544,0.154296875,,,,,,,,0.0,0.6584876775741577,0.21432607194082293,0.005470986223484579,0.00011509321484481916
12091392,3205.428558269021,0.01566130213130486,0.19008789956569672,,,,,,,,0.0078125,0.6582748889923096,0.21461573172243376,0.005626909680113969,8.269125828519464e-05
12099584,3206.699617778999,0.01309078809500868,0.16237793862819672,,,,,,,,0.0,0.6581700444221497,0.21448574923107472,0.0055049083607785175,3.094179555773735e-05
12107776,3208.064107187005,0.016263988655166362,0.197265625,,,,,,,,0.0078125,0.6581487059593201,0.21438933249119016,0.006735037540573575,0.00013523385860025883
12115968,3209.5108543499955,0.012103043490962685,0.16068115830421448,,,,,,,,0.0,0.6583924293518066,0.2144018075418989,0.0030455030796206015,2.935593329311814e-05
12124160,3210.7375542650116,0.011345858222827316,0.14973144233226776,0.002038230866283519,0.21896421849050793,0.215146551656149,333,219.47765193887372,33.300000000000004,nan,0.0,0.658251941204071,0.21428526339241744,0.003989629375423561,0.00016452216368634254
12132352,3213.1579989090096,0.013790275830421223,0.17747803032398224,,,,,,,,0.0078125,0.6584391593933105,0.2144103004216817,0.006897010559832298,0.00010879729234147817
12140544,3214.875123530015,0.01257361185206207,0.16575928032398224,,,,,,,,0.0,0.6583297848701477,0.21465130823339132,0.0037153766603177313,2.60899087152211e-05
12148736,3216.2760759789962,0.01446104182150149,0.17873536050319672,,,,,,,,0.0078125,0.6583530902862549,0.21428507053623042,0.005109616617604236,0.0001501090155215934
12156928,3217.6250178240007,0.010506125295417203,0.14075927436351776,,,,,,,,0.0,0.6585705280303955,0.21466072969127103,0.00421541139218043,2.9817585527780466e-05
12165120,3219.0923248350155,0.012312410434238613,0.16109620034694672,,,,,,,,0.0,0.6585203409194946,0.21451712682117682,0.0030783614638323514,3.050886698474642e-05
12173312,3220.411391483998,0.013371563888871714,0.1737060546875,,,,,,,,0.0078125,0.6585092544555664,0.214380384610735,0.003940184335026045,0.00012492225505411625
12181504,3221.6262837579998,0.011524976527441022,0.15628662705421448,,,,,,,,0.0,0.658481776714325,0.21458224380796698,0.0030245031546204874,2.6450230507180095e-05
12189696,3222.993856041023,0.014304275256619451,0.17656250298023224,0.0019843865519996173,0.21662078832643847,0.21515276088431504,333,219.47803463874862,42.6,nan,0.0,0.6583602428436279,0.21467850248083792,0.00480435016123868,6.948901136638597e-05
12197888,3224.735568101023,0.01542169076976343,0.18582764267921448,,,,,,,,0.0078125,0.6586045622825623,0.2146232655635139,0.004189609472983187,9.944097109837458e-05
12206080,3226.099002552015,0.012316914084174107,0.16555176675319672,,,,,,,,0.0,0.6584997773170471,0.21461446704505288,0.002090787009953643,5.267727465252392e-05
12214272,3227.3865794400044,0.012047058436882944,0.16259765625,,,,,,,,0.0078125,0.6584817171096802,0.21460925873405326,0.0047839862783676974,0.00011065439321100712
12222464,3228.608920728002,0.010550025821179067,0.14052735269069672,,,,,,,,0.0,0.6586431860923767,0.21464638532921518,0.004255810142199344,2.5391684175701812e-05
12230656,3229.883091828,0.012471885329873957,0.16693115234375,,,,,,,,0.0,0.658471405506134,0.21449641821105253,0.0019198442611470788,3.983791611972265e-05
12238848,3231.0731964590086,0.014653329590367581,0.18685303628444672,,,,,,,,0.0078125,0.6585242748260498,0.21442179731418326,0.004457724348366491,0.00014090495824348181
12247040,3232.2605308210186,0.011780612247319841,0.1522216796875,,,,,,,,0.0,0.6583784818649292,0.21434345304570274,0.005210582334290798,2.7920366846956313e-05
12255232,3233.5678061979997,0.01315579052894701,0.16811524331569672,0.001367756178366375,0.21704967964176833,0.21511806045242543,333,219.48147362995468,49.650000000000006,nan,0.0078125,0.6584014892578125,0.2145409871720252,0.0076271801557308665,0.0005292486748658121
12263424,3235.4463483730215,0.012769506415495081,0.16354981064796448,,,,,,,,0.0,0.6583455801010132,0.21449419798610675,0.006988140745080054,3.117952655884437e-05
12271616,3236.555650577997,0.01800509636333895,0.19406738877296448,,,,,,,,0.0,0.6583011746406555,0.21450837509584209,0.008694534452958935,3.474535697023384e-05
12279808,3237.8309549420082,0.015082136727777052,0.16855469346046448,,,,,,,,0.0078125,0.658341109752655,0.2143090284555845,0.005918242584838192,0.00010402483167126775
12288000,3239.1825030180044,0.010747762127659787,0.13984374701976776,,,,,,,,0.0,0.6584308743476868,0.21445415698944842,0.00413038141604981,2.5430897949263453e-05
12296192,3240.4620632129954,0.010664161051867424,0.1407470703125,,,,,,,,0.0,0.6583036780357361,0.21425118914501645,0.0037933511423249126,0.00019591557793319225
12304384,3241.724782200996,0.016590110854606363,0.20335693657398224,,,,,,,,0.0078125,0.6585492491722107,0.21476273940795793,0.005061830004435901,7.809179805917665e-05
12312576,3243.3083113890025,0.013318846541473285,0.16907958686351776,,,,,,,,0.0,0.658416748046875,0.21446414003980202,0.006289251075847116,3.047006975975819e-05
12320768,3244.5470310880046,0.01301412081658831,0.16481934487819672,0.001978309030377101,0.2168311110602447,0.21511364971307007,333,219.47962511724594,5.1000000000000005,nan,0.0078125,0.658515453338623,0.2144079413845422,0.004002421517802204,0.00010621403635013849
12328960,3246.4674237340223,0.010652413995364783,0.14453125,,,,,,,,0.0,0.6586383581161499,0.21466165790408476,0.003605217172344129,2.725604281295091e-05
12337152,3247.7328670090064,0.011644982565472844,0.15590821206569672,,,,,,,,0.0,0.65852952003479,0.21421823514456162,0.0020170888328909097,3.23233034578152e-05
12345344,3249.1099344039976,0.012362461380233732,0.16121827065944672,,,,,,,,0.0078125,0.6584656834602356,0.21413416978603136,0.0049995898570399265,0.00018262636149302125
12353536,3250.4934019010107,0.01383781381130369,0.1644287109375,,,,,,,,0.0,0.6583545207977295,0.21439984873154896,0.004366229378341968,2.2565644030692056e-05
12361728,3251.9823191850155,0.015830834863014665,0.19183349609375,,,,,,,,0.0078125,0.6583269834518433,0.21450939985608036,0.008457017905548892,0.0001370449608657509
12369920,3253.324682324019,0.011986477515123672,0.16107177734375,,,,,,,,0.0,0.6584293842315674,0.21466443722110032,0.004756733396773935,3.019582618435379e-05
12378112,3254.83553623801,0.013076816844213046,0.16636963188648224,,,,,,,,0.0,0.65835040807724,0.21426407130159206,0.006336868380810915,3.0417140806093812e-05
12386304,3256.1769723610196,0.016123969625943996,0.19691161811351776,0.001560836703729973,0.21866183225989394,0.2151331667704214,333,219.47781335100623,31.8,nan,0.0078125,0.6583846807479858,0.21440282085994727,0.005573411026629259,9.237771882908419e-05
12394496,3258.3025534450135,0.011880052218640505,0.15729980170726776,,,,,,,,0.0,0.6585212349891663,0.2145525089848007,0.004730807579450989,2.620059240143746e-05
12402688,3259.950341194024,0.014016980924365525,0.17719726264476776,,,,,,,,0.0,0.658393919467926,0.21446801313578664,0.005098963603570639,0.0006854476523585618
12410880,3261.279911640013,0.017735008566322874,0.2081298828125,,,,,,,,0.0078125,0.6585221886634827,0.21448676582843054,0.0033605241632411126,7.914323214208707e-05
12419072,3262.8326028560114,0.012608916579489482,0.15865479409694672,,,,,,,,0.0,0.6583800315856934,0.21451956727955915,0.006990672162766571,2.501908238627948e-05
12427264,3264.072332987009,0.017152620607628715,0.2060546875,,,,,,,,0.0078125,0.6584374904632568,0.21442413856271778,0.004234157953486391,9.737873187987134e-05
12435456,3266.036311478005,0.012790205596218874,0.17072753608226776,,,,,,,,0.0,0.658359169960022,0.21448954019838234,0.005207527916038002,2.8645457859965973e-05
12443648,3268.1597892690042,0.01102429411900232,0.14964599907398224,,,,,,,,0.0,0.6583142280578613,0.21448726160035184,0.0028424749986807702,3.703820766531862e-05
12451840,3269.4178765639954,0.014883652277371187,0.19245605170726776,0.0016401140029111971,0.21686807367618816,0.21510622757643366,333,219.47920785285064,22.5,nan,0.0078125,0.658302903175354,0.21434130008497854,0.005529952150532773,0.00011539857223397121
12460032,3271.5649210730044,0.01249876301875439,0.15745849907398224,,,,,,,,0.0,0.6582141518592834,0.2142220018051621,0.0067236290552770755,2.5284220100729726e-05
12468224,3273.970705995016,0.015151608542496581,0.18118897080421448,,,,,,,,0.0078125,0.6581246256828308,0.21423554017136426,0.00824716805047355,0.00014878045476507396
12476416,3276.3903018240235,0.014162406494726729,0.17473144829273224,,,,,,,,0.0,0.6581822633743286,0.214051525476559,0.006927631556651929,3.394525629119016e-05
12484608,3278.3153537269973,0.014620389099555438,0.17596435546875,,,,,,,,0.0,0.6580548286437988,0.2141834334729858,0.005411690194556388,3.5851600841851905e-05
12492800,3280.748441281001,0.016323587897796893,0.20393066108226776,,,,,,,,0.0078125,0.6581927537918091,0.21401651430139074,0.008613622069848368,0.00016214919742196798
12500992,3283.486166610004,0.011944217038200767,0.16156005859375,,,,,,,,0.0,0.6582735180854797,0.21448953369388044,0.004690794163167707,3.201509389327839e-05
12509184,3286.1228772190225,0.011998048303087283,0.15931396186351776,,,,,,,,0.0,0.6581138372421265,0.21442493061543969,0.005842063330424176,0.00010149683657800779
12517376,3287.9699968119967,0.015139346604407406,0.1895751953125,0.0016242357576506938,0.21735637222384202,0.21510791792099487,333,219.47905589883723,22.5,nan,0.0078125,0.658584713935852,0.2146688496260641,0.005717924342359354,0.00012559616880025715
12525568,3291.7572657070123,0.01019207697591457,0.13712158799171448,,,,,,,,0.0,0.658509373664856,0.21455336145381537,0.002352808738679244,2.5823439500527456e-05
12533760,3293.96292368602,0.01495358926608702,0.19405518472194672,,,,,,,,0.0078125,0.6585179567337036,0.21436486664151064,0.003897675231532552,0.0001041435098159127
12541952,3296.413268081,0.011488888336814065,0.15396729111671448,,,,,,,,0.0,0.6583540439605713,0.21435592697251304,0.005089240225787312,2.8019794626743533e-05
12550144,3298.647757360013,0.011525419249013182,0.15312500298023224,,,,,,,,0.0,0.6583495140075684,0.2141940848320545,0.0029354195640715315,5.823316314490512e-05
12558336,3300.72432619601,0.013962175031181301,0.17499999701976776,,,,,,,,0.0078125,0.6584193110466003,0.21445562760465564,0.004462926311223916,0.00012273080938030034
12566528,3302.2954315910174,0.014580843118233478,0.174560546875,,,,,,,,0.0,0.6584360599517822,0.21457331103181132,0.005099615846811992,2.4930455765570514e-05
12574720,3303.672552350996,0.017128959309203825,0.18952636420726776,,,,,,,,0.0078125,0.6582629084587097,0.2144164196773796,0.007148470967541601,0.00041511046583764255
12582912,3305.055801973009,0.015941865094148324,0.18854980170726776,0.0021691974077725495,0.21864862563780424,0.21517792114784942,333,219.4841261446993,15.600000000000001,nan,0.0,0.6584873199462891,0.2146516483897273,0.010349013661960331,2.8149737772764638e-05
12591104,3307.039015168004,0.015116615935069438,0.17503662407398224,,,,,,,,0.0,0.6583256125450134,0.2147543175375098,0.008307013069872296,2.873050470952876e-05
12599296,3308.244529064017,0.017085056757678935,0.20035400986671448,,,,,,,,0.0078125,0.6585056185722351,0.21466318179185717,0.00902132827918918,9.784076974028721e-05
12607488,3309.4352893879986,0.012578909212445012,0.17047119140625,,,,,,,,0.0,0.658606231212616,0.2144275092550209,0.004405641481082681,2.2680584152112715e-05
12615680,3310.647688027995,0.01393752309309354,0.16889648139476776,,,,,,,,0.0,0.6585314273834229,0.21462080479595147,0.005715804704928012,8.372153388336301e-05
12623872,3311.8937097540183,0.016953021537777644,0.20317383110523224,,,,,,,,0.0078125,0.6584511995315552,0.21455596292827922,0.007317827765994334,7.911815191619098e-05
12632064,3313.0635642970155,0.013574204125043158,0.16448974609375,,,,,,,,0.0,0.6583131551742554,0.21475770348670015,0.005206472838195322,2.810515979945194e-05
12640256,3314.222574728017,0.014934315317626108,0.18820801377296448,,,,,,,,0.0078125,0.6582584381103516,0.21442627049710833,0.006768886297003513,0.0002149005449609831
12648448,3315.340925999015,0.0137928766009719,0.17878417670726776,0.0020955989900230954,0.21678613666519034,0.21515289654232955,333,219.47513825691905,32.1,nan,0.0,0.6581136584281921,0.21428606299584546,0.006337439678683739,3.1352399673778564e-05
12656640,3316.9894453220186,0.011852738674725138,0.15196533501148224,,,,,,,,0.0,0.6580869555473328,0.21437980520638927,0.0039002993718826916,4.021618588012643e-05
12664832,3318.171032853017,0.01643525302521714,0.19707031548023224,,,,,,,,0.0078125,0.6584799885749817,0.2144668870867062,0.00910385405491645,0.0001455462333979085
12673024,3319.2534652230097,0.011255629849924741,0.14759521186351776,,,,,,,,0.0,0.6586588025093079,0.21464067442541004,0.004094823847417009,2.3403932573273778e-05
12681216,3320.5446040480165,0.014103681242919566,0.17598877847194672,,,,,,,,0.0078125,0.6585123538970947,0.2143424187653124,0.004497240424128873,0.00019107821572106332
12689408,3322.481210625003,0.014339218337551241,0.1812744140625,,,,,,,,0.0,0.6585861444473267,0.2147469687738655,0.0058862838169006625,3.42889798048418e-05
12697600,3323.59653830601,0.012002227810406416,0.14959716796875,,,,,,,,0.0,0.6584039330482483,0.21461827179441334,0.004284285769360296,2.8728090910590254e-05
12705792,3325.2903990299965,0.014845475102248075,0.18951416015625,,,,,,,,0.0078125,0.6584937572479248,0.2146181635496783,0.004075499192842476,0.00039720209315419197
12713984,3326.428647954017,0.015447091338517079,0.18790283799171448,0.0019964552371442013,0.21920543896338301,0.21517687896264479,333,219.4777688204867,41.400000000000006,nan,0.0,0.6583395004272461,0.21444326176060638,0.006798474502498574,2.826887066476047e-05
12722176,3327.918504757021,0.011742235827335976,0.15081787109375,,,,,,,,0.0,0.6583335399627686,0.21445905812667393,0.003924270119025812,6.078685328247957e-05
12730368,3329.2012910449994,0.015003415100850402,0.19133301079273224,,,,,,,,0.0078125,0.658377468585968,0.2146462397701255,0.0058764539135330056,7.411385013256222e-05
12738560,3330.948336033005,0.014335462420533086,0.180908203125,,,,,,,,0.0,0.6583389043807983,0.21437015811307716,0.007633278605461458,2.7693540687323548e-05
12746752,3332.034777189023,0.018191117228149516,0.20980225503444672,,,,,,,,0.0078125,0.6582756042480469,0.21430246852946094,0.006446824475925004,0.00015659861674066633
12754944,3333.1735404930077,0.012204720172955761,0.15172119438648224,,,,,,,,0.0,0.6582670211791992,0.21453483697023876,0.0060048762803515225,2.645660424605012e-05
12763136,3334.585880235012,0.01613641481543383,0.18378905951976776,,,,,,,,0.0,0.6581733226776123,0.21408136340389752,0.007167296401003335,4.990921661374159e-05
12771328,3336.4992430940038,0.02017479824389285,0.23261718451976776,,,,,,,,0.0078125,0.6584382653236389,0.2142293433476333,0.00859296858048443,7.864004146540537e-05
12779520,3338.679141408007,0.012810837990019414,0.17109374701976776,0.001671509520639658,0.2173449645924173,0.21512088254624043,333,219.4787839535964,22.5,nan,0.0,0.6584874987602234,0.2146932672820799,0.004998531685219923,2.141728145943489e-05
12787712,3340.8886183210125,0.013752947806896731,0.18096923828125,,,,,,,,0.0078125,0.6583997011184692,0.21459997721711335,0.005205021886181337,0.00013123008830007166
12795904,3342.325942939002,0.012246257287217458,0.16248778998851776,,,,,,,,0.0,0.6587129235267639,0.214677465361962,0.004855855604155253,3.9170514355646446e-05
12804096,3343.7140358470206,0.012187820968705814,0.16002197563648224,,,,,,,,0.0,0.6585372090339661,0.21467867706736618,0.0049855181086050915,2.8780004868167453e-05
12812288,3345.032006292022,0.014177608134772708,0.18452148139476776,,,,,,,,0.0078125,0.6586482524871826,0.2144147475354886,0.006848734357723735,0.0006071749958209693
12820480,3346.925434482022,0.011520239285182542,0.15227051079273224,,,,,,,,0.0,0.6586602330207825,0.21436201919536574,0.005144181680110667,4.652315328712575e-05
12828672,3349.002732041001,0.01207230649295591,0.16273193061351776,,,,,,,,0.0,0.6586343050003052,0.2140847652794419,0.005259800197732475,4.2378727812319994e-05
12836864,3351.2025638990162,0.014315988444705977,0.17631836235523224,,,,,,,,0.0078125,0.6586915850639343,0.21419221298577473,0.006282403558070568,0.0003651547012850642
12845056,3353.034083681996,0.014143197700075489,0.16180419921875,0.0013684855637361437,0.21691138403086901,0.21516645652318983,333,219.47806200681288,49.650000000000006,nan,0.0,0.658669650554657,0.21469225192252622,0.0053603180473475774,2.337094338145107e-05
12853248,3355.8200723970076,0.01523945820696909,0.18868409097194672,,,,,,,,0.0078125,0.6585448980331421,0.21465864406056157,0.007664958379453481,0.0002002539549721405
12861440,3357.7325518720027,0.011456774464269235,0.15185546875,,,,,,,,0.0,0.6586361527442932,0.21477183509369424,0.003948817050397023,2.7975318516837433e-05
12869632,3359.7607831890055,0.011846494994078718,0.15523682534694672,,,,,,,,0.0,0.658420205116272,0.21463492586686636,0.001998388804010788,0.00011562604777282104
12877824,3361.711953384016,0.01372980259078161,0.17214356362819672,,,,,,,,0.0078125,0.6584426164627075,0.2146141649588334,0.007160885049984484,0.00010646765440469608
12886016,3363.559778861003,0.013391389709857655,0.17770996689796448,,,,,,,,0.0,0.6582739949226379,0.21466092094878478,0.004604129931646239,2.7491871151141822e-05
12894208,3365.388099464006,0.014293574406263344,0.17926025390625,,,,,,,,0.0078125,0.6582624912261963,0.21451009679908792,0.007169937347873467,0.0001204575746669434
12902400,3367.8387616040127,0.013274978375465785,0.17031250894069672,,,,,,,,0.0,0.6585308313369751,0.21465201538163795,0.006390593145578845,3.3759919460862875e-05
12910592,3370.790400065016,0.012258453553853254,0.15726318955421448,0.001896138847989004,0.21675620542591773,0.21516591785922673,333,219.47673387072606,28.35,nan,0.0,0.6584300994873047,0.21454199875237837,0.004392893386756249,5.332134969648905e-05
12918784,3373.673125387024,0.01581048093169745,0.19542236626148224,,,,,,,,0.0078125,0.6584277153015137,0.2144830840507263,0.00557188274892322,0.00011559708946151659
12926976,3375.542681646999,0.013691073410424207,0.17198486626148224,,,,,,,,0.0,0.6583737134933472,0.21451681919862212,0.005394620046247431,2.542486254242249e-05
12935168,3377.413428986998,0.011867379113127345,0.14556884765625,,,,,,,,0.0,0.6583346128463745,0.2138651874828717,0.006672962883229124,8.321034692926332e-05
12943360,3379.48742618502,0.018215817434076433,0.21845702826976776,,,,,,,,0.0078125,0.6583429574966431,0.21428060129645812,0.0059191467545197845,0.00014409060531761497
12951552,3381.7567573350098,0.011679460532762082,0.15651856362819672,,,,,,,,0.0,0.6582945585250854,0.21408727592852209,0.003542140680063005,3.764550274354406e-05
12959744,3383.8163156570226,0.014850912748403517,0.18764649331569672,,,,,,,,0.0078125,0.6581805944442749,0.21406392777594802,0.00739599896894662,0.00020545809820760041
12967936,3385.7221353549976,0.013111417063013182,0.16947022080421448,,,,,,,,0.0,0.6580982208251953,0.2144101251705958,0.007314504625384077,3.4535351005615667e-05
12976128,3387.651379898016,0.016751132814620436,0.18760986626148224,0.0018116613083625221,0.21696547760318477,0.21513599331806055,333,219.47549657729206,9.75,nan,0.0,0.6579049229621887,0.21408923342353714,0.00802529775111624,4.471049032872543e-05
12984320,3391.3495543080207,0.015687560371841183,0.18994140625,,,,,,,,0.0078125,0.6584300398826599,0.2145218832872907,0.009730923856152571,0.00015835044905543327
12992512,3393.2759691130195,0.011834538666483162,0.16197510063648224,,,,,,,,0.0,0.6585150957107544,0.21443756918950566,0.004336088452808002,2.278452848258894e-05
13000704,3395.4273167220235,0.01253651326636422,0.166748046875,,,,,,,,0.0078125,0.6585318446159363,0.2143207382278088,0.006322266768317264,0.0002592829696368426
13008896,3397.3266222079983,0.013761719096371743,0.18337403237819672,,,,,,,,0.0,0.6586169004440308,0.21472194589298313,0.0068004800762118045,3.1951916753314435e-05
13017088,3399.366098224011,0.01195711431859884,0.1583251953125,,,,,,,,0.0,0.6585724353790283,0.21455125435005767,0.00415982308612862,2.541160756663885e-05
13025280,3401.247403242014,0.014366968631015394,0.18643799424171448,,,,,,,,0.0078125,0.6585317254066467,0.21443062579135125,0.0041749481871791155,8.261011680588126e-05
13033472,3403.197216519009,0.013353784319798757,0.16567383706569672,,,,,,,,0.0,0.6585328578948975,0.21449480012481142,0.005594156087011953,3.191607174812816e-05
13041664,3405.028438788024,0.014974264069331123,0.18962402641773224,0.0015533968575064394,0.2167122938710317,0.2151190641781898,333,219.46916607147696,27.150000000000002,nan,0.0,0.6584200263023376,0.21438550713265925,0.005604267939403804,4.03828416892793e-05
13049856,3407.913610108022,0.015495006920645878,0.19261474907398224,,,,,,,,0.0078125,0.6583753228187561,0.2146241562275812,0.0069233349414162815,0.00020128593314439058
13058048,3409.771031063021,0.012326820395652553,0.16243897378444672,,,,,,,,0.0,0.6582618355751038,0.2144304239994192,0.004643635427193448,2.6671345040085725e-05
13066240,3411.7502970049973,0.013540069812789296,0.177001953125,,,,,,,,0.0078125,0.6583197712898254,0.21441359767335705,0.006110422073770693,0.0007633643108420074
13074432,3413.5956825280155,0.013243790054924383,0.156982421875,,,,,,,,0.0,0.658637523651123,0.21475857466592632,0.005612711955678171,2.6556110242381692e-05
13082624,3415.4830764149956,0.013603699109139934,0.16812744736671448,,,,,,,,0.0,0.6585217118263245,0.2146245985333136,0.009348947087252693,2.9982958949403837e-05
13090816,3417.3695138600015,0.012804948764932983,0.16307373344898224,,,,,,,,0.0078125,0.6585803627967834,0.21461297161318266,0.005582115466262364,7.40127798053436e-05
13099008,3419.2286503290234,0.012770570624277484,0.17178955674171448,,,,,,,,0.0,0.6584388613700867,0.21451548102118473,0.003685841854881235,1.9489236365188845e-05
13107200,3421.0307995220064,0.013275988006177825,0.17131347954273224,0.001543891607379888,0.21974363129095792,0.21512363067007745,333,219.46248483144393,17.85,nan,0.0078125,0.6584211587905884,0.2144780336062937,0.009082029490537073,0.00010087385453516617
13115392,3423.6753873710113,0.015965745293149657,0.19503174722194672,,,,,,,,0.0,0.6580368876457214,0.21437769136548276,0.007835521502582909,3.698383807204664e-05
13123584,3425.467645486002,0.015837850176752644,0.16593018174171448,,,,,,,,0.0,0.6579857468605042,0.2144671930496091,0.010660379486812943,4.745965270558372e-05
13131776,3427.3142672069953,0.01595991007224828,0.19743652641773224,,,,,,,,0.0078125,0.6580860018730164,0.2143583159379118,0.006855083422820516,0.00022629757586400956
13139968,3429.21510500001,0.012639883455837464,0.15666504204273224,,,,,,,,0.0,0.6583244204521179,0.21459217633649277,0.0068279680299494355,2.6755878934636712e-05
13148160,3431.843499755021,0.014244799865416253,0.16584472358226776,,,,,,,,0.0,0.6581767201423645,0.21461725347574573,0.007669045618787042,4.617325248545967e-05
13156352,3434.657684930018,0.014937181318024281,0.17902831733226776,,,,,,,,0.0078125,0.6586210131645203,0.21445451334251184,0.005683282961960272,0.00010065373498946428
13164544,3436.5155079690157,0.010913796614173498,0.14822998642921448,,,,,,,,0.0,0.658605694770813,0.21435427166216986,0.003847107824330712,2.4943698008428328e-05
13172736,3438.868131822004,0.014298050471568825,0.18779297173023224,0.0017126873382247165,0.21936780631234618,0.2151182105801958,333,219.4593614603354,13.200000000000001,nan,0.0078125,0.6586110591888428,0.21423067424527803,0.005653576857160388,0.0011039593955501914
13180928,3441.671620847017,0.013136662216310234,0.16754150390625,,,,,,,,0.0,0.6585124731063843,0.21472198209421775,0.004477799062144364,2.774510721792467e-05
13189120,3443.762615651998,0.012522779382630118,0.14959716796875,,,,,,,,0.0,0.6584368348121643,0.21464964669669767,0.007253032064651873,3.2193693186854944e-05
13197312,3445.7147137970023,0.014326942635439944,0.18527832627296448,,,,,,,,0.0078125,0.6584922075271606,0.2145999308887546,0.005889989213227736,7.53671265556477e-05
13205504,3447.625738635019,0.011666564400431784,0.14824219048023224,,,,,,,,0.0,0.6584616303443909,0.2145081698806121,0.0035824611371904425,2.1556603314820677e-05
13213696,3449.5302942550043,0.015401120154119353,0.18310546875,,,,,,,,0.0078125,0.6583716869354248,0.21430722341414712,0.008110539527036248,6.722412217641249e-05
13221888,3451.587070469017,0.012300054928405009,0.16059570014476776,,,,,,,,0.0,0.658563494682312,0.21476866779125703,0.006493916955194081,3.717081563081592e-05
13230080,3453.374528795015,0.012690695616080456,0.16354981064796448,,,,,,,,0.0,0.6585066318511963,0.2145228172469666,0.006308208848724528,2.3934988348628394e-05
13238272,3455.2868103700166,0.014644589698060177,0.19648437201976776,0.002009043034931657,0.2165593363738442,0.2151222178696337,333,219.46932796817904,14.4,nan,0.0078125,0.6585426926612854,0.21464395856636576,0.005565951712962101,0.00010230219777440652
13246464,3458.0788819500012,0.011828372689775478,0.15336914360523224,,,,,,,,0.0,0.6587424278259277,0.21472003279026092,0.004020505463762034,2.792892155412119e-05
13254656,3459.9731899100007,0.012341277967217464,0.16683350503444672,,,,,,,,0.0,0.6585862636566162,0.21470302097663824,0.004689120314832679,3.6536781408358365e-05
13262848,3461.948645411001,0.015653695608500856,0.19759522378444672,,,,,,,,0.0078125,0.6583287119865417,0.21446208769786207,0.004847957707792418,7.5068513979204e-05
13271040,3463.7697026410024,0.011801143268029833,0.15695801377296448,,,,,,,,0.0,0.6581117510795593,0.21447065614036503,0.003715954430856957,2.7061862056143582e-05
13279232,3465.59241201001,0.013160449162491528,0.16859130561351776,,,,,,,,0.0078125,0.6582277417182922,0.21433523098203006,0.005025255552177906,0.0005570123321376741
13287424,3467.9129696309974,0.01211273781815189,0.16130371391773224,,,,,,,,0.0,0.6583842039108276,0.21473822375892052,0.0054475250719805525,2.305519228684716e-05
13295616,3469.8150522320066,0.012582184026995472,0.15601806342601776,,,,,,,,0.0,0.6583395004272461,0.2145352572700428,0.004937653273163516,3.133589416393079e-05
13303808,3471.7572758930037,0.01398488148637252,0.18433837592601776,0.002023664289872551,0.21890408273378087,0.21512799734980823,333,219.47043208042146,14.4,nan,0.0078125,0.6585577726364136,0.21455536558438754,0.006438448779239355,6.617324106628075e-05
13312000,3474.648099161015,0.011414387468328228,0.15260009467601776,,,,,,,,0.0,0.6587212681770325,0.2146584312273132,0.00396119085460646,2.1259063942125067e-05
13320192,3476.9665660060127,0.01300192200917392,0.16834716498851776,,,,,,,,0.0078125,0.6585713624954224,0.21459926466336632,0.004990745407180467,0.00010272589133819565
13328384,3478.807207234,0.013179941563336336,0.17578125,,,,,,,,0.0,0.6585010886192322,0.21454231472564528,0.003934658014309077,2.892430711654015e-05
13336576,3480.7152855379973,0.012251452639496755,0.16248778998851776,,,,,,,,0.0,0.6583713889122009,0.21447420928497088,0.004683667940416221,2.7280557333142497e-05
13344768,3482.737239064998,0.014265131365390468,0.18769530951976776,,,,,,,,0.0078125,0.6584858894348145,0.21451369899261857,0.003607783724266881,0.00010134488547919318
13352960,3484.844767510018,0.012510914426344114,0.15728759765625,,,,,,,,0.0,0.6586977243423462,0.21459122836992806,0.007240477536179263,4.040693966089748e-05
13361152,3487.0821490969975,0.012148319952432943,0.15142822265625,,,,,,,,0.0,0.6585941910743713,0.21466837903156494,0.006071917651722051,2.701847733987961e-05
13369344,3489.1164730660093,0.014301032027866168,0.182861328125,0.0023796587935887015,0.219866883960465,0.21518033801322986,333,219.47455174533815,49.5,nan,0.0078125,0.6584012508392334,0.2147393015552081,0.0029249032656688207,0.0001062927331076935
13377536,3492.3452064090234,0.013698746143035498,0.17912597954273224,,,,,,,,0.0,0.6582033634185791,0.21442087009807156,0.0041937577148509686,2.6151639758609235e-05
13385728,3494.293622569996,0.016577994563840525,0.20770263671875,,,,,,,,0.0078125,0.6582866311073303,0.21409735876187316,0.009858791504403098,0.0001277194096473977
13393920,3496.2529283780023,0.013487790960856755,0.17485351860523224,,,,,,,,0.0,0.6585137248039246,0.21466495680988779,0.004649007379824118,6.906736962264404e-05
13402112,3498.2685138439992,0.012881959067801096,0.16683350503444672,,,,,,,,0.0,0.6584820747375488,0.2142260989341683,0.006721456810357407,3.142664354527369e-05
13410304,3500.6714032760065,0.016967523745759536,0.21173095703125,,,,,,,,0.0078125,0.6586677432060242,0.21434113151696005,0.005993825461516129,0.0001483350497437641
13418496,3502.5006840540154,0.013937587056861107,0.17998047173023224,,,,,,,,0.0,0.658806324005127,0.21479031990456235,0.004015956059937168,1.8916529370471835e-05
13426688,3504.4424641510122,0.011898745352441606,0.15822754800319672,,,,,,,,0.0078125,0.6586264371871948,0.2144353102659769,0.004646540448194979,0.0009463491151109338
13434880,3506.3999035470188,0.014816501650924,0.18155518174171448,0.001725982167917639,0.22045667833371022,0.2151257732771954,333,219.47483307968247,22.5,nan,0.0,0.6587083339691162,0.21434522767863276,0.007267771448130334,3.170928903273307e-05
13443072,3510.051640573016,0.011873679059803315,0.1500244140625,,,,,,,,0.0,0.6585403680801392,0.21432803906154246,0.005327176012245246,3.0155544664012268e-05
13451264,3511.900507682003,0.01610465330890937,0.20281982421875,,,,,,,,0.0078125,0.6585807800292969,0.2143690759681934,0.00663407336419182,8.306751260533929e-05
13459456,3513.823796147015,0.01269024280497621,0.16706542670726776,,,,,,,,0.0,0.6584675908088684,0.21448957148252865,0.005061135027925663,2.3787155441823415e-05
13467648,3516.106552498997,0.011456873640887204,0.15151368081569672,,,,,,,,0.0,0.6584288477897644,0.21444389169338254,0.005070264612857032,3.890200241585262e-05
13475840,3518.0125012909994,0.015818103639443568,0.19704590737819672,,,,,,,,0.0078125,0.658467173576355,0.21421891554110667,0.006896716197906547,6.112918345024809e-05
13484032,3519.8012212910107,0.011521336997311823,0.15559081733226776,,,,,,,,0.0,0.6584245562553406,0.21463327686662806,0.004369469606954921,2.2279567929217592e-05
13492224,3522.5409402380174,0.014120078800581349,0.18472900986671448,,,,,,,,0.0078125,0.6584231853485107,0.21443392680950768,0.0033467280992193742,0.00012172381684649736
13500416,3524.5004628990137,0.012550321126991544,0.15809325873851776,0.0016701081298206022,0.21903617101174952,0.21512049616011047,333,219.47755162563908,17.85,nan,0.0,0.6585487127304077,0.21475375465254126,0.006124126708686813,3.4621127269929275e-05
13508608,3527.2202161010064,0.012717573597243346,0.16268311440944672,,,,,,,,0.0,0.6584604978561401,0.21460124924391583,0.006531039670297409,3.249724977649748e-05
13516800,3529.2734653270163,0.0168066331736511,0.20924071967601776,,,,,,,,0.0078125,0.6586599946022034,0.2146185249489782,0.00579872353327141,7.282778096850961e-05
13524992,3531.6985809440084,0.011530337727303627,0.15484619140625,,,,,,,,0.0,0.6588453054428101,0.21457373817928516,0.003311662486448536,3.587327228160575e-05
13533184,3533.5278727569967,0.011917932952798964,0.15512695908546448,,,,,,,,0.0078125,0.6586796641349792,0.21452566469274906,0.00496971419459773,0.00028383522294461727
13541376,3535.5742110130086,0.017146648204129346,0.19455567002296448,,,,,,,,0.0,0.6583292484283447,0.21460349725698263,0.008211194500628056,3.6043187719769776e-05
13549568,3537.4963648400153,0.016701565609657232,0.19893799722194672,,,,,,,,0.0,0.658129870891571,0.2144774750694205,0.009932621062019649,2.6875006369664334e-05
13557760,3540.344803887012,0.01658061110737038,0.20270995795726776,,,,,,,,0.0078125,0.6583269238471985,0.21416715235095912,0.0064426322703968865,8.389311551582068e-05
13565952,3542.541258979996,0.012334024533586377,0.15762940049171448,0.0015742452925614492,0.21900045287059045,0.2151237550699458,333,219.47761356303127,17.85,nan,0.0,0.6584240794181824,0.2147563384679207,0.006802642050961829,2.4931889129220508e-05
13574144,3545.5016997250204,0.012288204712673056,0.16278076171875,,,,,,,,0.0,0.6584430932998657,0.21444661483024735,0.003943633696575022,4.08562264055945e-05
13582336,3547.6679946829972,0.01584540817644753,0.19509278237819672,,,,,,,,0.0078125,0.6585566401481628,0.21439693526557968,0.008069786684261586,7.397644367301837e-05
13590528,3550.2242368290026,0.011886929599126173,0.15317383408546448,,,,,,,,0.0,0.6585679054260254,0.2145875978088514,0.004732349792026289,2.1187637685216032e-05
13598720,3552.1944178560225,0.014597690395001138,0.18824462592601776,,,,,,,,0.0078125,0.6583780646324158,0.2145372610103719,0.006212549641259048,0.0003106124640908092
13606912,3554.1288784610224,0.014418288104523919,0.18282471597194672,,,,,,,,0.0,0.6581642031669617,0.21464336283917276,0.007329506680527405,2.140331343980506e-05
13615104,3556.113009457011,0.012957271527384684,0.16954346001148224,,,,,,,,0.0,0.6580448746681213,0.21426231124454947,0.004735272423253556,2.8856606149929576e-05
13623296,3558.0544809529965,0.014903508696313001,0.18876953423023224,,,,,,,,0.0078125,0.6583061218261719,0.21444106443737848,0.006854665939609758,6.000390203553252e-05
13631488,3559.9713140570093,0.015509449094742268,0.16896973550319672,0.0015683758197003739,0.2178034893708818,0.2151208542445351,333,219.48069659492302,17.85,nan,0.0,0.658342182636261,0.2145180624769188,0.010285056709384156,2.50365355896065e-05
13639680,3562.9071218160097,0.023293946018828185,0.2181396484375,,,,,,,,0.0078125,0.6582180261611938,0.21435422274498966,0.015090711972559723,0.00017782222130335867
13647872,3564.9376432440185,0.0134685992708172,0.17763672769069672,,,,,,,,0.0,0.658673107624054,0.21477955931771048,0.0045561424665767946,5.288549073156901e-05
13656064,3566.9109575230104,0.01157306930908667,0.16035155951976776,,,,,,,,0.0,0.6585685610771179,0.21463749384850678,0.003066206736767992,2.253299498988781e-05
13664256,3568.7573666590033,0.013916845550645053,0.18149414658546448,,,,,,,,0.0078125,0.6585690975189209,0.21466138881819954,0.004408932556467735,8.460280514555052e-05
13672448,3570.834205199004,0.011115785448939614,0.14874267578125,,,,,,,,0.0,0.6584702730178833,0.2144663587562609,0.004146378674792349,2.162675082217902e-05
13680640,3579.0253124349983,0.012301418276598928,0.15709228813648224,,,,,,,,0.0,0.6584712266921997,0.2144843487600284,0.006262266812554019,3.137344174319878e-05
13688832,3587.5117273890064,0.01714638215832721,0.20523682236671448,,,,,,,,0.0078125,0.6585228443145752,0.21463564179688288,0.008336755195900164,0.00018163540516979992
13697024,3595.4722843080235,0.012074052791818946,0.15157471597194672,0.0016422166638877522,0.2189610406074371,0.2151155834205612,333,219.47943330860372,17.85,nan,0.0,0.6585171818733215,0.21452783908352022,0.006226671254299549,2.20990514208097e-05
13705216,3607.6471102900105,0.017424545287223075,0.18470458686351776,,,,,,,,0.0078125,0.6584094762802124,0.21447395289660726,0.007258172135006388,7.646868471056223e-05
13713408,3616.071228995017,0.013003195511965016,0.16070556640625,,,,,,,,0.0,0.6585733890533447,0.21441599434480216,0.006683281065523139,2.3442711608367972e-05
13721600,3624.4520672009967,0.013482485263257144,0.17076416313648224,,,,,,,,0.0,0.6583849191665649,0.21421731869909952,0.005460259191165762,2.8858585210400634e-05
13729792,3633.0863242570194,0.01746546085474886,0.21608887612819672,,,,,,,,0.0078125,0.6585485935211182,0.21417284130427947,0.0060255930392359835,0.0001610301114851609
13737984,3641.5059600490204,0.01210604594013616,0.16170655190944672,,,,,,,,0.0,0.6585041880607605,0.21467151768842893,0.005659180730428107,2.8377611670293845e-05
13746176,3649.8209852240107,0.012108976935272226,0.15875244140625,,,,,,,,0.0,0.658480167388916,0.2147750423987637,0.004747495940947501,0.00019608779984991997
13754368,3658.0666708990175,0.016510650022340204,0.1983642578125,,,,,,,,0.0078125,0.658605694770813,0.21468438088064512,-0.0004495767843316605,8.409313159063458e-05
13762560,3666.324957938021,0.013751791346859206,0.16473388671875,0.0015116379372343003,0.21762509525363635,0.21515459379318053,333,219.47910886710702,31.8,nan,0.0,0.658531129360199,0.21442734428141336,0.0055161976639988486,4.3877804273506626e-05
13770752,3678.443753792002,0.019345066275670994,0.21812744438648224,,,,,,,,0.0078125,0.6584810018539429,0.21429713642460463,0.009113335031360706,6.744928396074101e-05
13778944,3686.7340346810233,0.014294379626520713,0.18841552734375,,,,,,,,0.0,0.6584236025810242,0.21457411783872565,0.006201905579340884,2.476574809406884e-05
13787136,3695.284740057017,0.013326529974006655,0.17198486626148224,,,,,,,,0.0,0.6583167314529419,0.21442452690603467,0.006989814677590679,3.953025588998571e-05
13795328,3703.9902719609963,0.015398165891750937,0.19643555581569672,,,,,,,,0.0078125,0.6585231423377991,0.21411893514163097,0.0067615107554085665,8.525053272023797e-05
13803520,3712.2395084080053,0.014087166170861082,0.17862549424171448,,,,,,,,0.0,0.658542811870575,0.21471897215709865,0.006107943997658014,2.241019501525443e-05
13811712,3720.1110634689976,0.01709390746686551,0.20546875894069672,,,,,,,,0.0078125,0.6584794521331787,0.21453807434363958,0.00807607357664392,0.00025182528770528734
13819904,3728.209840791009,0.0114640984241227,0.15164795517921448,,,,,,,,0.0,0.6588788032531738,0.21462486115149856,0.0042097996126971215,2.8250093237147667e-05
13828096,3736.6578702469997,0.011455896993820894,0.15335693955421448,0.0014463353287009761,0.21680836123519306,0.2151598119186246,333,219.47790663526825,30.6,nan,0.0,0.6587216854095459,0.2144199808107899,0.003520629863788981,2.412785579508636e-05
13836288,3748.797423892014,0.01734100248419222,0.21816407144069672,,,,,,,,0.0078125,0.6586736440658569,0.2145165747176226,0.005385603231188096,9.85246297204867e-05
13844480,3758.3745466819964,0.013094735740170622,0.16647949814796448,,,,,,,,0.0,0.6584684252738953,0.2145446112661086,0.004238617577578084,2.232563383586239e-05
13852672,3762.963532852009,0.011742687882286308,0.15404053032398224,,,,,,,,0.0,0.6583725214004517,0.21428075975206426,0.00272562322895621,0.00014549405022989959
13860864,3764.451420899015,0.013933765072222616,0.18006591498851776,,,,,,,,0.0078125,0.6587468385696411,0.2147541327797254,0.0030295953022557104,4.7841971536399797e-05
13869056,3765.9116191939975,0.014162366816084996,0.18912354111671448,,,,,,,,0.0,0.6587011814117432,0.21441271052391842,0.005748702091998086,2.3709842935204506e-05
13877248,3767.433479477011,0.01688524539676129,0.20325927436351776,,,,,,,,0.0078125,0.6585290431976318,0.2143962500071987,0.007583414212113085,0.00010545097757130861
13885440,3768.929777551006,0.012876960271879427,0.16505126655101776,,,,,,,,0.0,0.6584165096282959,0.21428830729861317,0.0064666472362776735,2.435767419228796e-05
13893632,3770.2974853760097,0.012762422217860229,0.16411133110523224,0.002170178681506707,0.22043974032702338,0.21514187218271466,333,219.46657735854942,41.400000000000006,nan,0.0,0.6582797765731812,0.21432435264333088,0.0054002452529930915,4.267671829438768e-05
13901824,3772.3076560240006,0.01654939150571061,0.2049560546875,,,,,,,,0.0078125,0.6584970951080322,0.21455241339782066,0.006087059867361536,8.861172682372853e-05
13910016,3773.7584035500186,0.013196047191114585,0.17304687201976776,,,,,,,,0.0,0.6584250330924988,0.21451019907725938,0.00469204769341845,2.6328780222684145e-05
13918208,3775.259895755007,0.015445511116858735,0.19254150986671448,,,,,,,,0.0078125,0.6583678722381592,0.21454467867124402,0.003289867285590945,0.0004114488256163895
13926400,3776.714926546003,0.01248633511130176,0.16104736924171448,,,,,,,,0.0,0.6583268642425537,0.21463783500077277,0.00775488380392891,2.324248089280445e-05
13934592,3778.190605698008,0.015250820124139612,0.18376465141773224,,,,,,,,0.0,0.6581670045852661,0.21436690903524352,0.007009884951990598,2.91240921796998e-05
13942784,3779.6501640189963,0.01442556469763317,0.18989257514476776,,,,,,,,0.0078125,0.6583973169326782,0.21441394883039666,0.0056909221421918635,7.618814561283216e-05
13950976,3781.141800611018,0.0140642212321728,0.17911377549171448,,,,,,,,0.0,0.6584588885307312,0.21469484083642532,0.0066353257820707225,1.9575860278564505e-05
13959168,3782.9039484150126,0.014662150562687163,0.17854003608226776,0.0016092305782637872,0.21901557465940277,0.21513483555515234,333,219.47727967027723,48.45,nan,0.0,0.6584200263023376,0.21453247062304387,0.006472889174050672,8.182021701941267e-05
13967360,3784.840003104997,0.013256766895767933,0.16552734375,,,,,,,,0.0078125,0.658432126045227,0.2144930677395133,0.00611970261074847,9.245778346667066e-05
13975552,3786.3514078180015,0.013351746839809176,0.16982422769069672,,,,,,,,0.0,0.6583820581436157,0.2145534300306823,0.004406304869061553,2.425413185846992e-05
13983744,3787.860216447996,0.01664094323531207,0.21035157144069672,,,,,,,,0.0078125,0.6583501696586609,0.2145133736168098,0.00698544293250048,6.828988989582285e-05
13991936,3789.511879883008,0.01569714848752243,0.19553223252296448,,,,,,,,0.0,0.6584355235099792,0.21463004020203055,0.009163869663236988,2.751789907051716e-05
14000128,3790.9365387580183,0.013393482888885075,0.17034912109375,,,,,,,,0.0,0.6582281589508057,0.21425223835185814,0.006482432487685769,4.621991320163943e-05
14008320,3792.3955217940093,0.016615822620645048,0.20504151284694672,,,,,,,,0.0078125,0.6583849191665649,0.2146151870531488,0.00668089686510015,0.00010010098776547238
14016512,3793.87711147801,0.014799526786931123,0.18861083686351776,,,,,,,,0.0,0.6581968069076538,0.21460086074897303,0.0041181163880741195,5.139276618137956e-05
14024704,3795.3680317359976,0.015414305399492418,0.1922607421875,0.0018362760997180372,0.21898585000141008,0.21513039595240674,333,219.47011355443559,17.85,nan,0.0078125,0.6582125425338745,0.21458115594910807,0.008489886581569584,0.00012739129306282848
14032896,3797.469915304013,0.0118680747188862,0.15491943061351776,,,,,,,,0.0,0.6583882570266724,0.21449937411744835,0.005047538134863368,2.0297344235586934e-05
14041088,3798.9418816300167,0.01433231628596381,0.17210693657398224,,,,,,,,0.0,0.6583317518234253,0.21453408651294398,0.0058315225002505905,2.755325476755388e-05
14049280,3800.378736947023,0.014390235045231792,0.17880859971046448,,,,,,,,0.0078125,0.6583269238471985,0.2142934114634985,0.004437864564834758,6.978643068578094e-05
14057472,3801.877742908022,0.014443307497211372,0.17918701469898224,,,,,,,,0.0,0.6582881212234497,0.21461787704779983,0.007046375559677251,2.4762955945334397e-05
14065664,3803.3877489290026,0.014176368007852547,0.18100586533546448,,,,,,,,0.0,0.6581754684448242,0.2144753350109015,0.0072282734300969185,5.599604992312379e-05
14073856,3804.9174262320157,0.01930685636732245,0.22309570014476776,,,,,,,,0.0078125,0.6583712697029114,0.21471104507949862,0.004105235627655228,0.0002579340653028339
14082048,3806.3439700550225,0.015423674247579606,0.18807373940944672,,,,,,,,0.0,0.6582379341125488,0.21463144643041132,0.007717024018845305,2.4812290575937368e-05
14090240,3807.8523454920214,0.015349667595701673,0.1983642578125,0.001730584657129941,0.21757305176273092,0.21511467828867673,333,219.47514004408745,27.150000000000002,nan,0.0078125,0.6583781838417053,0.21445703709972644,0.006836857728202446,6.989704706938937e-05
14098432,3810.137636397005,0.013212865138826788,0.16147461533546448,,,,,,,,0.0,0.6587265133857727,0.21464767086962522,0.0065416512542749525,2.1654501324519515e-05
14106624,3811.78144529002,0.014258393380351564,0.16948242485523224,,,,,,,,0.0,0.6585747003555298,0.21454147271338245,0.0053080030310008325,5.867218351340853e-05
14114816,3813.390680098004,0.015271010875345908,0.19096679985523224,,,,,,,,0.0078125,0.6585187315940857,0.21446452702856428,0.006400977890970614,0.00014255358837544918
14123008,3815.043030027009,0.012005730668896457,0.15708008408546448,,,,,,,,0.0,0.6583157181739807,0.214163297948989,0.004798570825989463,3.679946166812442e-05
14131200,3816.6599975179997,0.01334844554314997,0.1785888671875,,,,,,,,0.0078125,0.6583711504936218,0.21392468611680965,0.004862611509337124,0.00014387373812496662
14139392,3818.2388496810163,0.015068984528800908,0.19600830972194672,,,,,,,,0.0,0.6584780812263489,0.21454588120991258,0.008289095121957466,2.2117003027233295e-05
14147584,3819.7443610960036,0.013728541955596946,0.17469482123851776,,,,,,,,0.0,0.6584532260894775,0.21421714433396272,0.005634722741100367,2.972169932036195e-05
14155776,3821.4050172569987,0.013626387678631542,0.18011474609375,0.0015974353981585976,0.21806357864311637,0.21510763271131705,333,219.47529184023864,27.150000000000002,nan,0.0078125,0.6585488319396973,0.21431529447081882,0.008093232470963625,0.00036661155172623694
14163968,3823.7514986050082,0.011395144565390397,0.14918212592601776,,,,,,,,0.0,0.6586999893188477,0.21475152730542812,0.004653046683965477,2.1583395209745504e-05
14172160,3825.355735259014,0.011423588474846173,0.15076903998851776,,,,,,,,0.0,0.6585595607757568,0.2146849183521066,0.004668325790188393,0.0001276025577681139
14180352,3826.899258348014,0.017522263974532354,0.21876220405101776,,,,,,,,0.0078125,0.6582044363021851,0.2143993832022367,0.00605819344522317,5.4882082622498274e-05
14188544,3828.620234903996,0.018315159963502633,0.21424560248851776,,,,,,,,0.0,0.6580712795257568,0.2144653693345354,0.010033818926193584,2.746327118074987e-05
14196736,3830.4280874120013,0.014278724454786297,0.18170166015625,,,,,,,,0.0078125,0.6582468152046204,0.21442289086081234,0.006892501485815591,9.936124843079597e-05
14204928,3832.036531147023,0.013311016134327534,0.16975097358226776,,,,,,,,0.0,0.6585016846656799,0.21473174615782775,0.005565913784807839,2.404814586043358e-05
14213120,3833.8135423390195,0.012065654047015406,0.16038818657398224,,,,,,,,0.0,0.6583873629570007,0.21473972096483257,0.004714812842899676,5.7839260989567265e-05
14221312,3835.4587588559953,0.014699841990586377,0.17910157144069672,0.002033628501232454,0.21937311477151042,0.21515271691601465,333,219.47884651001036,41.400000000000006,nan,0.0078125,0.6584455370903015,0.2147185437489211,0.005752881979117804,6.789022882003337e-05
14229504,3837.9572647940076,0.014251965388846495,0.173583984375,,,,,,,,0.0,0.658350944519043,0.2143756620358094,0.004261436099795663,4.68890939373523e-05
14237696,3839.7331848760077,0.013920028265453077,0.17470704019069672,,,,,,,,0.0078125,0.6583764553070068,0.2142897389557717,0.007878692302053009,0.0002131107758032158
14245888,3841.596292828006,0.013967249967914942,0.17686767876148224,,,,,,,,0.0,0.6584213376045227,0.21450967800387405,0.007302019549521876,1.9412966139498167e-05
14254080,3843.4576172050147,0.01295303337482711,0.15871582925319672,,,,,,,,0.0,0.6584084033966064,0.21454947325664872,0.0058418780904886634,3.07791015075054e-05
14262272,3845.5422136550187,0.016946331246792196,0.20230713486671448,,,,,,,,0.0078125,0.6583338975906372,0.21442982682449085,0.009119096754932351,7.913465378805995e-05
14270464,3847.372709532996,0.014609630161668037,0.17467041313648224,,,,,,,,0.0,0.658362090587616,0.21468869452075895,0.007101885850761905,2.1496265617315657e-05
14278656,3849.22744072802,0.013481509995179917,0.16910400986671448,,,,,,,,0.0,0.6582885980606079,0.21461151456757172,0.007796306146263674,6.707505963277072e-05
14286848,3851.1059149240027,0.015435554010110614,0.19305419921875,0.0017836395856734022,0.21835574414935296,0.21515281481327678,333,219.47943201427552,33.300000000000004,nan,0.0078125,0.6586177945137024,0.2146109818977305,0.005263854268518857,5.5539665481774136e-05
14295040,3853.6301728069957,0.014290058499366515,0.18150635063648224,,,,,,,,0.0,0.6585034728050232,0.21465877933322094,0.00478889966929839,2.6138475732295774e-05
14303232,3855.5906244470098,0.014434719409283064,0.18055419623851776,,,,,,,,0.0078125,0.6585211753845215,0.21449228174967802,0.0075295513345613576,7.929735875222832e-05
14311424,3857.3035388459975,0.012257721089990507,0.16291503608226776,,,,,,,,0.0,0.6583352088928223,0.21447662392453243,0.0068853129317214025,2.5277555323555134e-05
14319616,3859.3654697160237,0.013219241459346399,0.17032471299171448,,,,,,,,0.0,0.6582987308502197,0.2141600891200158,0.006475771386189169,3.8377944292733446e-05
14327808,3861.1148029180185,0.015501948488958507,0.19447021186351776,,,,,,,,0.0078125,0.6586300730705261,0.2145610729094431,0.006689496818661603,0.00010156154166907072
14336000,3862.9230267200037,0.01246703438715433,0.17062988877296448,,,,,,,,0.0,0.6587286591529846,0.21462262772817337,0.005259106323308479,2.675116411410272e-05
14344192,3864.5921734080184,0.015607591931804034,0.19898681342601776,,,,,,,,0.0078125,0.6586664319038391,0.21456307197816024,0.005777454582969576,0.00036652563721872866
14352384,3866.4601813900226,0.0126305747507025,0.158935546875,0.001629227055833793,0.21973953476880745,0.21513656444247142,333,219.47723630747356,8.55,nan,0.0,0.6586666107177734,0.21482591940391002,0.005948542800215678,1.7750486222212203e-05
14360576,3869.2508259500028,0.013627033128771513,0.17474365234375,,,,,,,,0.0,0.6586189270019531,0.2148098995823618,0.005762013784650606,2.2396437998395413e-05
14368768,3870.966036794998,0.017809014992493367,0.21893310546875,,,,,,,,0.0078125,0.6584798097610474,0.21463136803526708,0.009164631118575534,5.866841092938557e-05
14376960,3872.7910443400033,0.014738503665564446,0.17575684189796448,,,,,,,,0.0,0.6583994030952454,0.21472072933151448,0.006304273725143614,2.233214399893768e-05
14385152,3875.1440290000173,0.01517195307306864,0.18734131753444672,,,,,,,,0.0,0.6583176851272583,0.21444157797607538,0.00691245181626527,7.948184793349355e-05
14393344,3876.797500051005,0.017420888361347555,0.21241454780101776,,,,,,,,0.0078125,0.6584051847457886,0.21439393317769287,0.009081946027687823,5.509466427611187e-05
14401536,3878.898813308013,0.013937346188370723,0.17609862983226776,,,,,,,,0.0,0.6582987308502197,0.21468519456248783,0.005268968468849229,2.441391370666679e-05
14409728,3880.6720220160205,0.016993591086137117,0.21262207627296448,,,,,,,,0.0078125,0.6583868861198425,0.21471980767254945,0.006007939107240685,0.00011832284508273005
14417920,3882.4560742090107,0.015282865628291184,0.1925048828125,0.0016479918838604446,0.21759561101064934,0.21513186772595233,333,219.4822711928263,27.150000000000002,nan,0.0,0.6582349538803101,0.21478685610012263,0.008957368573264254,1.9749528291868046e-05
14426112,3885.2725494890183,0.012931167980281044,0.16879883408546448,,,,,,,,0.0,0.6582370400428772,0.2146105175594198,0.0032535989650175016,3.178593033226207e-05
14434304,3887.1858886170085,0.016131920325306293,0.20157471299171448,,,,,,,,0.0078125,0.6583852171897888,0.21471650607415166,0.008304276851791824,6.146038504084572e-05
14442496,3888.8911935340147,0.012088654389511863,0.15229491889476776,,,,,,,,0.0,0.6584721803665161,0.2146567508673661,0.005821840669933334,2.357666198804509e-05
14450688,3890.7882776299957,0.014285744344705233,0.18167725205421448,,,,,,,,0.0078125,0.6584035158157349,0.2146739262344584,0.007402327525269251,0.00012640701606869698
14458880,3892.6032108290237,0.011455138914981658,0.15489502251148224,,,,,,,,0.0,0.6587515473365784,0.214850949056896,0.004168346278747454,3.163035216857679e-05
14467072,3894.467855618015,0.012539485284935883,0.16873779892921448,,,,,,,,0.0,0.6586008667945862,0.21457866095256492,0.003833561167338622,2.653609226399567e-05
14475264,3896.2558499060106,0.015258677811161685,0.19002686440944672,,,,,,,,0.0078125,0.6585438847541809,0.21463444466493944,0.007519311537574767,0.00014708169328514487
14483456,3898.103477946017,0.015171370616881863,0.1793212890625,0.0019290637902042995,0.21651490844721083,0.21513351307139855,333,219.4786820258763,9.75,nan,0.0,0.6584014892578125,0.2146101568396849,0.008292020095197267,2.179724287998397e-05
14491648,3900.7901946790225,0.014495862087128861,0.18170166015625,,,,,,,,0.0,0.658388078212738,0.21430403519398697,0.007583222420243507,5.798251004307531e-05
14499840,3902.5511962340097,0.018853554564611946,0.19788818061351776,,,,,,,,0.0078125,0.6585304737091064,0.21460926605047476,0.009015693750859683,5.413380131358281e-05
14508032,3904.511501590023,0.015179270980494063,0.18405762314796448,,,,,,,,0.0,0.6584688425064087,0.21454566048154633,0.006460159201728885,2.427024628559593e-05
14516224,3906.356892059004,0.012461774944599687,0.16022948920726776,,,,,,,,0.0078125,0.6585665941238403,0.21454900701595442,0.005723429456193935,0.00026332525885663927
14524416,3908.1887129300158,0.013258034046316987,0.17092286050319672,,,,,,,,0.0,0.6586105227470398,0.21485880190735762,0.006581552086634721,1.9682285710587166e-05
14532608,3909.955604925024,0.014449646898013003,0.17840576171875,,,,,,,,0.0,0.6585904955863953,0.2146133295399452,0.005184403767527851,4.4324289774522185e-05
14540800,3912.0494110280124,0.013646820650967843,0.17415772378444672,,,,,,,,0.0078125,0.658607542514801,0.21461346042019938,0.004335350842132803,7.383900083368644e-05
14548992,3913.848997936002,0.01383875093701057,0.17373047769069672,0.0016320047128438597,0.2196871979655724,0.21513785453664452,333,219.47544598499428,8.55,nan,0.0,0.6586176753044128,0.2146276413353419,0.005220267165665546,2.2213105694390833e-05
14557184,3916.593676448014,0.017241221103163066,0.20372314751148224,,,,,,,,0.0078125,0.6585112810134888,0.2144736861667828,0.006244466523491557,0.0001462192740291357
14565376,3918.622443786997,0.014245566058634024,0.16910400986671448,,,,,,,,0.0,0.6588010191917419,0.2146760748366193,0.00765716050968959,2.3465885533369146e-05
14573568,3920.6892611500225,0.016204813969692367,0.19249267876148224,,,,,,,,0.0,0.6586408615112305,0.2146228279935642,0.00852526162658889,2.390992085565813e-05
14581760,3922.680630546005,0.014592768974084786,0.18669433891773224,,,,,,,,0.0078125,0.6586446166038513,0.21456730757751258,0.0054712783687799705,5.662471448886208e-05
14589952,3924.704145953001,0.015117731355877701,0.18773193657398224,,,,,,,,0.0,0.6584826111793518,0.21461675973445726,0.0058781133459399,1.8188453395850956e-05
14598144,3926.5159678340133,0.013112406064300808,0.17056885361671448,,,,,,,,0.0,0.6584810614585876,0.21448184173486626,0.006346074055556883,5.342113945516758e-05
14606336,3928.333402937016,0.016765498382456567,0.19709472358226776,,,,,,,,0.0078125,0.6585586071014404,0.21474504279369336,0.005421670883034049,6.687284621875733e-05
14614528,3930.2136310630012,0.015542376696260896,0.19437256455421448,0.001762405038782222,0.2200192318924016,0.215152904715633,333,219.48023681009852,27.150000000000002,nan,0.0,0.6585150957107544,0.21460523118298053,0.005907736806482876,2.0218738427502103e-05
14622720,3932.838960175024,0.015468723453607136,0.19875489175319672,,,,,,,,0.0078125,0.6585033535957336,0.21464098689860128,0.006665831746433898,0.00011439211812103167
14630912,3934.7275062820117,0.014241953051171536,0.18142090737819672,,,,,,,,0.0,0.6585909128189087,0.21482295540560492,0.006930065211313147,2.057697747659404e-05
14639104,3936.519914745004,0.01718940372301954,0.20399169623851776,,,,,,,,0.0,0.6584888696670532,0.21477617652620737,0.008875687486268434,2.900288745877333e-05
14647296,3938.2762249009975,0.014865259565391784,0.18653564155101776,,,,,,,,0.0078125,0.6584364175796509,0.21466615164002473,0.0056692659854080145,0.00013741115981247276
14655488,3940.0913281620014,0.012400362442886993,0.15950928628444672,,,,,,,,0.0,0.6583384275436401,0.2146483755036646,0.005736067586791972,2.0720766769954935e-05
14663680,3942.0368173560128,0.016617300859661472,0.20489501953125,,,,,,,,0.0078125,0.6582878828048706,0.2146582966189156,0.006164455359991375,0.00021514935360755771
14671872,3943.957015732012,0.014469706373049625,0.18016357719898224,,,,,,,,0.0,0.6586115956306458,0.21479107284301951,0.006403888927218368,2.0273890186217614e-05
14680064,3945.7205014530045,0.014165646070803548,0.18074952065944672,0.0018552566231607726,0.21695461584032089,0.2151539825825704,333,219.48286944887718,28.650000000000002,nan,0.0,0.6584697961807251,0.21458478012622667,0.00850815836439088,2.6736077415989712e-05
14688256,3948.350925753999,0.016355098293158798,0.19920654594898224,,,,,,,,0.0078125,0.6586191654205322,0.21459106773751802,0.008777473222266878,7.175506470957771e-05
14696448,3950.3306841080193,0.013994033095256814,0.18178711831569672,,,,,,,,0.0,0.6586291790008545,0.21460941726950522,0.005053629101554097,1.9039394828723744e-05
14704640,3952.4999943069997,0.013813855939622227,0.17438964545726776,,,,,,,,0.0,0.6586242914199829,0.2146444046453388,0.005573722202059145,4.069943679496646e-05
14712832,3954.7292915790167,0.03329839969247966,0.22517089545726776,,,,,,,,0.0078125,0.6586843729019165,0.21470727263214787,0.005298978948079607,0.0001363742776447907
14721024,3956.9788214520086,0.013232634268940297,0.171142578125,,,,,,,,0.0,0.658690869808197,0.21465082161792348,0.00533779040055737,2.0818881239392795e-05
14729216,3958.8572267620184,0.015021442265189389,0.19739989936351776,,,,,,,,0.0078125,0.6585512161254883,0.2147005091762702,0.0072729151438949,0.00010291822400176898
14737408,3961.3433614170062,0.01492126621594901,0.18454590439796448,,,,,,,,0.0,0.6584881544113159,0.21469737817525947,0.00928051167708449,2.2711814381182194e-05
14745600,3963.987710704998,0.015833624205949855,0.19340820610523224,0.0018535334403640968,0.22019558412495716,0.21516094031067942,333,219.48601850691588,37.95,nan,0.0,0.658350944519043,0.21451092212557882,0.0065612947950209445,2.8746517273248173e-05
14753792,3967.3761127050093,0.01776153158717897,0.20601807534694672,,,,,,,,0.0078125,0.6584833860397339,0.2146785606463085,0.007578057805702293,7.226624438771978e-05
14761984,3969.8902500070108,0.014220870547756405,0.18659667670726776,,,,,,,,0.0,0.6584054827690125,0.2145456835208019,0.005213664744907553,2.156698246835731e-05
14770176,3972.4397982450027,0.01787952201760116,0.22181396186351776,,,,,,,,0.0078125,0.6584051251411438,0.21437744435089248,0.007185932070542973,0.00021207367535680532
14778368,3974.7747137710103,0.015087963866741674,0.18809814751148224,,,,,,,,0.0,0.6585403680801392,0.2146580755104638,0.006808242405488435,2.0718473024317063e-05
14786560,3977.393857293995,0.017674416992791278,0.20427246391773224,,,,,,,,0.0,0.6584320068359375,0.21448822127889655,0.007637840928835932,2.442144977976568e-05
14794752,3979.8853049010213,0.018610076921059423,0.21315918862819672,,,,,,,,0.0078125,0.6583661437034607,0.21434606609598733,0.008146573613156611,0.00011167537013534456
14802944,3982.863233668002,0.01324080181555331,0.16696777939796448,,,,,,,,0.0,0.6582509875297546,0.21441858459396274,0.006572643866734885,2.3732660338282585e-05
14811136,3984.819689986005,0.016481651560956014,0.19178466498851776,0.0013334598725326385,0.21880854361100543,0.21517398326871012,333,219.4899964919045,35.25,nan,0.0,0.658245325088501,0.21430629612990662,0.010142445040320278,4.6850211219862103e-05
14819328,3987.5205561610055,0.017234565377492326,0.20810547471046448,,,,,,,,0.0078125,0.6586184501647949,0.21452101791423134,0.010759059520096648,9.82293495326303e-05
14827520,3989.211797972006,0.015325926792430517,0.19259034097194672,,,,,,,,0.0,0.6586445569992065,0.21464590391409016,0.007263286145546855,1.9808261640719138e-05
14835712,3991.010024790012,0.014381600009059588,0.18389892578125,,,,,,,,0.0078125,0.658482551574707,0.2145257401279046,0.0056969578926255385,0.0009252067538909614
14843904,3992.7779996620084,0.015080398880973865,0.19035644829273224,,,,,,,,0.0,0.6583821177482605,0.21476970821789493,0.00855039188046088,2.3706692445557564e-05
14852096,3994.4403978770133,0.016120468573544957,0.19344483315944672,,,,,,,,0.0,0.6582498550415039,0.21461540493544998,0.009244851730923001,2.823402792273555e-05
14860288,3996.2733635090117,0.015496336916923975,0.18314209580421448,,,,,,,,0.0078125,0.6583834290504456,0.21458672617400593,0.0076840512117912155,5.475101716001518e-05
14868480,3997.9736693830055,0.014375663781453328,0.18027344346046448,,,,,,,,0.0,0.6582433581352234,0.2146171520934288,0.007118660042692681,1.9699562471942045e-05
14876672,3999.6366198690084,0.014258329887860376,0.18636475503444672,0.001583639672165238,0.21686777693512432,0.21514838169725192,333,219.49214647861723,8.55,nan,0.0078125,0.6583290696144104,0.2142846016474428,0.005595807674991742,5.989930286887102e-05
14884864,4002.251404233015,0.012101027479492526,0.15914307534694672,,,,,,,,0.0,0.6586355566978455,0.21470903210697653,0.006131566474128502,1.985643757507205e-05
14893056,4003.9118594320025,0.014493646387066334,0.18295899033546448,,,,,,,,0.0,0.6585980653762817,0.21449877743576332,0.0043427913662793935,2.3746135411784053e-05
14901248,4005.507667664002,0.01761809856859004,0.21119384467601776,,,,,,,,0.0078125,0.6585419178009033,0.21461361076706004,0.006964577298356632,5.597104245680384e-05
14909440,4007.114467136009,0.014799029451200369,0.18654786050319672,,,,,,,,0.0,0.6585143804550171,0.21475672708060575,0.005082205709148716,2.2115524188848212e-05
14917632,4008.802220462996,0.01745042479926291,0.20892333984375,,,,,,,,0.0,0.6584352850914001,0.21447755760618628,0.010756397230292345,4.1255916585214436e-05
14925824,4010.6196059590147,0.019570876689313864,0.22899170219898224,,,,,,,,0.0078125,0.658682644367218,0.21482315153819678,0.007076951984970387,5.572572263190523e-05
14934016,4012.2457337660016,0.013401557018050137,0.17106933891773224,,,,,,,,0.0,0.6586510539054871,0.2146426237989752,0.005897193504053284,2.0330760889919475e-05
14942208,4013.934404439002,0.018314324636532184,0.22160644829273224,0.001973109564307851,0.2203940741841975,0.21518323559768623,333,219.4886034571889,36.75,nan,0.0078125,0.6584520936012268,0.21469350611214427,0.008285748676746573,9.898028656607494e-05
14950400,4016.218572570011,0.014795776802171829,0.17910157144069672,,,,,,,,0.0,0.6581698060035706,0.2145715768794662,0.008077812692974654,2.434239831927698e-05
14958592,4017.781321067014,0.015622916132741728,0.1922607421875,,,,,,,,0.0,0.6580577492713928,0.21451227548558624,0.004596664367255625,3.571303022908978e-05
14966784,4019.4992670050124,0.015704630176932362,0.19517822563648224,,,,,,,,0.0078125,0.658348798751831,0.2143168977019641,0.007315222762354145,7.999419904081151e-05
14974976,4021.1891092840233,0.014093212668528771,0.18538819253444672,,,,,,,,0.0,0.6583112478256226,0.21452024919526366,0.006846218036978916,2.0365065211080946e-05
14983168,4022.862684212014,0.016340101749043084,0.20223389565944672,,,,,,,,0.0078125,0.658358097076416,0.21443327874458967,0.007263389015118082,0.0001691482902970165
14991360,4024.6728214400064,0.013442213790704736,0.16518555581569672,,,,,,,,0.0,0.6586223244667053,0.2147178630088385,0.006996763136980386,2.331936229893472e-05
14999552,4026.340503567015,0.015674591510320135,0.193603515625,,,,,,,,0.0,0.6586247682571411,0.21475582164486737,0.006328018664630727,1.9520739442668855e-05
15007744,4028.014812901005,0.017794730488660804,0.21027831733226776,0.0019489914046202372,0.2175136918991823,0.21513565384056182,333,219.48893421825744,9.75,nan,0.0078125,0.6584739089012146,0.2146357233009526,0.008611190649999897,7.212132913991809e-05
15015936,4030.4891106279974,0.013955706342497222,0.17436523735523224,,,,,,,,0.0,0.6584592461585999,0.214766957239419,0.005543385649798102,2.278490865137428e-05
15024128,4032.2932846409967,0.0150809732079568,0.17714844644069672,,,,,,,,0.0,0.6583595275878906,0.21463454543722071,0.010971699613175871,4.1118280933005735e-05
15032320,4033.9638986820064,0.03116558499186516,0.22110596299171448,,,,,,,,0.0078125,0.658474862575531,0.21449586337008966,0.005953589728638884,6.853848026366904e-05
15040512,4035.5823865210114,0.01588199391954582,0.2047119140625,,,,,,,,0.0,0.6583510637283325,0.21472878602094717,0.006334798589941325,1.887326106952969e-05
15048704,4037.3281224289967,0.015704270546544098,0.19630126655101776,,,,,,,,0.0078125,0.6584111452102661,0.21473147813063656,0.006236844552623634,8.781873475527391e-05
15056896,4039.0919479190197,0.013384713640924202,0.17689208686351776,,,,,,,,0.0,0.6585236191749573,0.21448304376908323,0.005793180966694615,2.1586920411209576e-05
15065088,4040.852616151009,0.013430131044591355,0.15666504204273224,,,,,,,,0.0,0.6584541201591492,0.21427336515821263,0.0060704822979557125,4.7001067287055776e-05
15073280,4042.569343394018,0.014931689879237521,0.19010010361671448,0.0014085843043649682,0.21659114747227268,0.21515848968467027,333,219.4959767250332,45.0,nan,0.0078125,0.6583998203277588,0.2144348012453515,0.006853939012223118,7.800765160936862e-05
15081472,4045.213702306006,0.0141822771957113,0.18146972358226776,,,,,,,,0.0,0.658295214176178,0.21465796316444902,0.006808692466396499,2.0765237422892824e-05
15089664,4046.825846554013,0.01831013546786035,0.22613525390625,,,,,,,,0.0078125,0.6582812666893005,0.21444575401047739,0.009325166152734014,9.154630242846906e-05
15097856,4048.5545595680014,0.014401904812376574,0.17963866889476776,,,,,,,,0.0,0.6584810614585876,0.2147309254886752,0.007091280010468827,2.825015144480858e-05
15106048,4050.3099007850105,0.01570390151538052,0.18339844048023224,,,,,,,,0.0,0.6584494709968567,0.21459024987357397,0.006853102423734001,2.1162106349947862e-05
15114240,4051.9747020649957,0.015059571992623212,0.18909911811351776,,,,,,,,0.0078125,0.6584820747375488,0.21470654416312301,0.00700765945336616,0.0002518966794013977
15122432,4053.759597457014,0.013625459064201548,0.18250732123851776,,,,,,,,0.0,0.6586601734161377,0.2146324781416958,0.007089909003541512,4.415069633978419e-05
15130624,4055.285059303016,0.013939204387591532,0.183349609375,,,,,,,,0.0,0.6585142016410828,0.21453793316317316,0.006148552960091239,3.361964627401903e-05
15138816,4056.9285348620033,0.01856998933233035,0.21107177436351776,0.001386826219067383,0.2195396908562222,0.21516030921090068,333,219.49605020583306,7.3500000000000005,nan,0.0078125,0.6587232351303101,0.21472595540404735,0.0071908360049619275,5.460965257952921e-05
15147008,4059.480881215015,0.015226588811205699,0.17770996689796448,,,,,,,,0.0,0.6585909724235535,0.21455019365578337,0.007412018391659925,2.012027289310936e-05
15155200,4061.2413755780144,0.014188981857401207,0.18104247748851776,,,,,,,,0.0078125,0.6585844159126282,0.2145542323922378,0.0060562197352357384,6.886230403324589e-05
15163392,4062.9530968040053,0.013704725936244964,0.18331299722194672,,,,,,,,0.0,0.6584470868110657,0.2147042310502696,0.006309512652353945,1.9545872419257648e-05
15171584,4064.6939108420047,0.012875084700873958,0.16854248940944672,,,,,,,,0.0,0.6584163308143616,0.2145096287170581,0.004319661522946073,2.813065111695323e-05
15179776,4066.384826618014,0.014599132704057886,0.18917237222194672,,,,,,,,0.0078125,0.6583839654922485,0.2144266087981705,0.006937652241186927,5.061913907411508e-05
15187968,4068.157247825002,0.017344186082237017,0.19866943359375,,,,,,,,0.0,0.6583740711212158,0.2146749919473549,0.009375968329993926,1.9158687791787088e-05
15196160,4069.8492486210016,0.0157784318148507,0.19261474907398224,,,,,,,,0.0078125,0.6583519577980042,0.2144576511036443,0.00941519811984819,8.199111471185461e-05
15204352,4071.5328021570167,0.014075466720511395,0.18547363579273224,0.001785956456492932,0.21703691544046796,0.21515957814969533,333,219.4950863886051,27.150000000000002,nan,0.0,0.6587265729904175,0.21488521898007745,0.0069043000610161725,2.06406202778453e-05
15212544,4074.218900039996,0.012962027077415894,0.17249755561351776,,,,,,,,0.0,0.6585952639579773,0.21475264794252857,0.006483925615881034,2.1617428501485847e-05
15220736,4076.051022656,0.015564626404438975,0.19218750298023224,,,,,,,,0.0078125,0.658604085445404,0.21468019548363498,0.006486739371410227,7.106543489499018e-05
15228928,4077.6067185690044,0.012764927222720207,0.16873779892921448,,,,,,,,0.0,0.6586863398551941,0.2147430703942638,0.006143270403095435,2.0848267013207078e-05
15237120,4079.308134242019,0.014057596906937017,0.17974853515625,,,,,,,,0.0,0.6585947871208191,0.21455170363836715,0.006749424953964443,0.0002197657449869439
15245312,4081.090173548,0.01732239565176742,0.20987549424171448,,,,,,,,0.0078125,0.6588677167892456,0.2148039574071683,0.005607808353179336,5.5873359087854624e-05
15253504,4082.7855482800223,0.013310066865501373,0.18194580078125,,,,,,,,0.0,0.6587803959846497,0.2148379840073646,0.0057547859801442836,1.5893199815764092e-05
15261696,4084.5839123729966,0.014966555511255029,0.19263915717601776,,,,,,,,0.0078125,0.6587511301040649,0.21479053167972065,0.007058106156058182,0.00020267868239898235
15269888,4086.479312815005,0.015773373698632815,0.19317626953125,0.0019106015071995719,0.21673162791025544,0.21513166157654048,333,219.4926215235082,9.75,nan,0.0,0.6585406064987183,0.21468060719926974,0.00571102414942827,1.8013752196566202e-05
15278080,4089.2152593710052,0.013947552655809926,0.18505859375,,,,,,,,0.0,0.6584982872009277,0.21465795979853444,0.004889910841085031,2.6164305381826125e-05
15286272,4091.0473556250217,0.01613265731406483,0.20325927436351776,,,,,,,,0.0078125,0.6585071682929993,0.21458195523249057,0.007164083302323653,5.2417479309951887e-05
15294464,4092.790047698014,0.014367134768210771,0.18903808295726776,,,,,,,,0.0,0.6585381627082825,0.2146259067158572,0.006471800687180257,2.262947782583069e-05
15302656,4094.6078356460202,0.014641117367595928,0.17889404296875,,,,,,,,0.0078125,0.6583729982376099,0.21437097375193992,0.007028291051245486,0.00011120901763206348
15310848,4096.352332078997,0.014385103258227457,0.17913818359375,,,,,,,,0.0,0.6586829423904419,0.21469078594810873,0.008626363513555448,2.337428304599598e-05
15319040,4098.117887352011,0.10360661630880362,0.22502441704273224,,,,,,,,0.0,0.6585401296615601,0.21466300687449355,0.007848533246613698,2.0843710444751196e-05
15327232,4099.893031870015,0.016748844380359822,0.20585937798023224,,,,,,,,0.0078125,0.6585512161254883,0.21462563368912976,0.008354971469321496,6.401121208909899e-05
15335424,4101.667672302021,0.014791257144109516,0.18740235269069672,0.0019033098965212103,0.21942679216266064,0.21514734288385157,333,219.4872891032148,47.25,nan,0.0,0.6584204435348511,0.21469396468112129,0.007068684535405118,2.5513762011541985e-05
15343616,4104.104456703004,0.01651693456694994,0.21197509765625,,,,,,,,0.0,0.6583555936813354,0.21454616417153632,0.009226981274352236,3.161976928822696e-05
15351808,4105.896408991015,0.016459252339685416,0.206298828125,,,,,,,,0.0078125,0.6584383845329285,0.21470237932288253,0.007185113303441061,6.458220741478726e-05
15360000,4107.690443080006,0.014014821564759167,0.17563477158546448,,,,,,,,0.0,0.6583428382873535,0.21453574061279562,0.0076072398231769355,2.4840468540787697e-05
15368192,4109.419582069007,0.014183582187749384,0.17995606362819672,,,,,,,,0.0078125,0.6583832502365112,0.21453037823302243,0.0067769606717623145,0.0002763324009720236
15376384,4111.102928578999,0.012453930583388959,0.16607666015625,,,,,,,,0.0,0.6585047841072083,0.2147046689904831,0.006514030643796552,2.2270534827839583e-05
15384576,4112.880914959998,0.014596976057330072,0.18226318061351776,,,,,,,,0.0,0.6584073305130005,0.21445335112814584,0.0045595650249732975,2.3806729586794972e-05
15392768,4114.691852726013,0.017607460696133958,0.20676270127296448,,,,,,,,0.0078125,0.6585677266120911,0.21448586308024428,0.008313660224430672,5.723929643863812e-05
15400960,4116.4539105540025,0.012510855377190051,0.1627197265625,0.0015152749770919183,0.21651704251196296,0.21513395593082502,333,219.48870096908388,27.150000000000002,nan,0.0,0.6586548089981079,0.21474402441510904,0.004389506095587351,1.686156065261457e-05
15409152,4118.965454170015,0.01816365277773465,0.21184082329273224,,,,,,,,0.0078125,0.6584937572479248,0.21467838258539412,0.009203511387700486,5.1258721214253455e-05
15417344,4120.597095225006,0.012271624681179734,0.160400390625,,,,,,,,0.0,0.6587395668029785,0.21472046708101566,0.006037770210018645,4.7242428991012275e-05
15425536,4122.319532499008,0.012563945768097813,0.16690674424171448,,,,,,,,0.0,0.6585559844970703,0.21447279118372015,0.005917350082121355,5.425070412456989e-05
15433728,4124.021089895017,0.016059056414348846,0.19312743842601776,,,,,,,,0.0078125,0.6585516333580017,0.2145690789613695,0.006435267473724879,0.00012659035564865917
15441920,4125.579096568021,0.015667443553039485,0.19586181640625,,,,,,,,0.0,0.6583837270736694,0.2147162321960503,0.007987049258642572,2.218606459791772e-05
15450112,4127.311554182001,0.015860205044621416,0.1878662109375,,,,,,,,0.0,0.6583548784255981,0.21453546808478338,0.007786129476251836,3.230957008781843e-05
15458304,4129.037912710017,0.01905215503813947,0.22030030190944672,,,,,,,,0.0078125,0.6583703756332397,0.21454335872570618,0.007417508214565174,4.7457848268095404e-05
15466496,4130.719556860015,0.016330856056572425,0.19188232719898224,0.0019514666557565175,0.21956589379763333,0.2151659790094596,333,219.4892041670198,28.35,nan,0.0,0.6583291292190552,0.21467968240394283,0.007372686972978756,2.0036428395542316e-05
15474688,4133.266548821004,0.017431406958551787,0.21419678628444672,,,,,,,,0.0078125,0.6583238840103149,0.2143480970237397,0.008789179795505983,9.301958198193461e-05
15482880,4134.944199873018,0.01621752486926883,0.20832519233226776,,,,,,,,0.0,0.6585395932197571,0.21475536148520305,0.00867109962041634,1.9207662262488157e-05
15491072,4136.627082221996,0.01686135988261871,0.19923095405101776,,,,,,,,0.0,0.658413290977478,0.21463626808892983,0.007394219008610356,2.8884343919344246e-05
15499264,4138.291394452011,0.018171628248401708,0.22263184189796448,,,,,,,,0.0078125,0.6583701968193054,0.21476837560472412,0.0036744811378466528,6.142853817436844e-05
15507456,4140.02407448602,0.012999228982645855,0.16934815049171448,,,,,,,,0.0,0.6583049297332764,0.21470146057965364,0.005261430750263186,1.8170712792198174e-05
15515648,4141.885648169002,0.017447947697079236,0.22025147080421448,,,,,,,,0.0078125,0.6582150459289551,0.21458318318012037,0.009614414890610396,0.00048508678446523845
15523840,4143.6788703490165,0.013433821809568428,0.17445068061351776,,,,,,,,0.0,0.6586342453956604,0.2148388756330674,0.006414472241703376,2.6808082111529075e-05
15532032,4145.415731331013,0.014559873846551353,0.1773681640625,0.001946146156583728,0.216733184078574,0.21512714839769917,333,219.490901506274,19.05,nan,0.0,0.6584774255752563,0.21454236320588352,0.006642751870250298,1.93641972145997e-05
15540224,4147.953276053013,0.018758403894258924,0.22764892876148224,,,,,,,,0.0078125,0.6583406925201416,0.2146403158096255,0.007674603258274801,7.239302067318931e-05
15548416,4149.570251819998,0.013901203867825451,0.16818848252296448,,,,,,,,0.0,0.6580115556716919,0.21461426213904322,0.0077092383028581415,2.1923222448094748e-05
15556608,4151.168266168999,0.014921373517827036,0.18558350205421448,,,,,,,,0.0,0.6580257415771484,0.21448108804449073,0.008047834843874347,3.6089273635298014e-05
15564800,4152.907373424998,0.017228403402971323,0.20378418266773224,,,,,,,,0.0078125,0.6583880186080933,0.2145424225582308,0.00954709444984386,4.873719808529131e-05
15572992,4154.607385509007,0.014178903708039148,0.17578125,,,,,,,,0.0,0.6584399342536926,0.21454778928750717,0.005815359116291947,2.2449718017014675e-05
15581184,4156.236302055011,0.01650270983199791,0.20781250298023224,,,,,,,,0.0078125,0.658370316028595,0.2144115774872914,0.008230085805943642,7.2703835030552e-05
15589376,4158.034186533012,0.012317538546311395,0.15958252549171448,,,,,,,,0.0,0.6585774421691895,0.21475763583209023,0.005047971808484604,2.1337194993975572e-05
15597568,4159.645518333011,0.01579170550268202,0.18833008408546448,0.0015181192902573581,0.21663831466013322,0.21514219159412806,333,219.4892807549249,17.85,nan,0.0,0.6583919525146484,0.21465443256696734,0.0067629334131468,2.7211744964006357e-05
15605760,4162.439231960016,0.01544131638584797,0.19739989936351776,,,,,,,,0.0078125,0.6583874225616455,0.2147175186594717,0.008334581668297904,9.26712600630708e-05
15613952,4164.109501314,0.01280728051526129,0.1669921875,,,,,,,,0.0,0.6582433581352234,0.2145697801124044,0.003636519049366604,4.197108864900656e-05
15622144,4165.921176817006,0.017803852751308302,0.21232910454273224,,,,,,,,0.0078125,0.6582176685333252,0.2145983995391148,0.007324763130451099,0.00015845934103708714
15630336,4167.58995319801,0.013481214323342301,0.17109374701976776,,,,,,,,0.0,0.6586408615112305,0.21463465398993234,0.005835458109928988,2.4402283088420518e-05
15638528,4169.421082292014,0.014004204361130132,0.16362304985523224,,,,,,,,0.0,0.6585332155227661,0.21446917654828526,0.005258809790114148,1.992002762563061e-05
15646720,4171.072928816022,0.014501658784653088,0.18525390326976776,,,,,,,,0.0078125,0.6585338711738586,0.21454336741047206,0.004783598481461835,0.0003107945085503161
15654912,4172.855583101016,0.01212314428611344,0.16021728515625,,,,,,,,0.0,0.6585590243339539,0.21468866673411796,0.004211684242415027,1.880230956885498e-05
15663104,4174.644509402016,0.014258701862846602,0.18618164956569672,0.0018438467120585056,0.21755135102225834,0.21514794158300005,333,219.49164208182137,13.200000000000001,nan,0.0,0.6584914922714233,0.21453665279157694,0.005488285420533644,2.844062510121148e-05
15671296,4177.058546578017,0.01583876748180164,0.18648682534694672,,,,,,,,0.0078125,0.6585447192192078,0.21463226634025862,0.004519483224475353,4.578414882416837e-05
15679488,4178.781413396995,0.013883034423257251,0.17274169623851776,,,,,,,,0.0,0.6585348844528198,0.21452573680570572,0.003607303502763619,1.9755401808652095e-05
15687680,4180.479846517002,0.01784764021112625,0.20648193359375,,,,,,,,0.0078125,0.6584316492080688,0.21440939834446565,0.006963781586989014,4.887520844931714e-05
15695872,4182.177385401999,0.012637255981952296,0.1612548828125,,,,,,,,0.0,0.658524751663208,0.2145705329730704,0.007280012670040609,2.0109791876166128e-05
15704064,4183.867413721018,0.015433897635989409,0.17897950112819672,,,,,,,,0.0,0.6583579182624817,0.2144732665955352,0.007316895593074295,2.8543974622152746e-05
15712256,4185.566435180022,0.018676035068964824,0.21242676675319672,,,,,,,,0.0078125,0.6585652232170105,0.21466242649745193,0.009862069536032914,6.887781637487933e-05
15720448,4187.262522015022,0.013372499448786651,0.17452393472194672,,,,,,,,0.0,0.6585491895675659,0.21462599418362188,0.0059713627913203565,1.895167224574834e-05
15728640,4188.934331082011,0.01828563552170253,0.20523682236671448,0.0019409744864420375,0.2200705015776062,0.2151167890593133,333,219.4855119269257,14.4,nan,0.0078125,0.6585484147071838,0.21448141864050566,0.0069758625812701,7.572018512291834e-05
15736832,4191.555365122011,0.015251381606018128,0.19162598252296448,,,,,,,,0.0,0.6584232449531555,0.2147238963799047,0.007463679307199024,2.436576505715493e-05
15745024,4193.329921023018,0.013241538375881753,0.17426757514476776,,,,,,,,0.0,0.6583846807479858,0.21446068317387304,0.005809366265563442,2.1834570361534134e-05
15753216,4195.061674974015,0.016395858618570628,0.20766602456569672,,,,,,,,0.0078125,0.6583903431892395,0.2144620467925043,0.008120611837746579,0.00043986106174997985
15761408,4196.716136976,0.013976458928773406,0.17487792670726776,,,,,,,,0.0,0.6585007905960083,0.2144765252547043,0.0063845474084033614,2.1750682208221406e-05
15769600,4198.471626045008,0.016012363643526813,0.19161377847194672,,,,,,,,0.0,0.6583688259124756,0.21438664577551286,0.00919968337317247,3.250958980061114e-05
15777792,4200.176894475997,0.017419715961104938,0.21501465141773224,,,,,,,,0.0078125,0.6585467457771301,0.21456054689044782,0.0048885134453896615,5.546120155486278e-05
15785984,4201.889192144008,0.013261920089621055,0.17185059189796448,,,,,,,,0.0,0.6585022807121277,0.21454720994971965,0.006349977145375652,2.0015810150653124e-05
15794176,4203.573381085007,0.016500186123528972,0.20456543564796448,0.0013927314913950717,0.21701816321399536,0.21512566298159813,333,219.48602109689602,49.650000000000006,nan,0.0078125,0.6584396362304688,0.21427366988844326,0.005721801497261896,0.00012220807548146695
15802368,4206.0670426340075,0.012824388939891568,0.16984863579273224,,,,,,,,0.0,0.6584721207618713,0.21470971809186506,0.006204117637693364,1.925676770042628e-05
15810560,4207.674874117016,0.016251041123601116,0.19606934487819672,,,,,,,,0.0,0.6583277583122253,0.21444353908166414,0.006268058145542473,2.2322315999190323e-05
15818752,4209.351931668003,0.016238094434536814,0.19757080078125,,,,,,,,0.0078125,0.6586189866065979,0.21463209738488714,0.006914421882375857,6.150553235784173e-05
15826944,4211.104553390003,0.012237427068965988,0.16500245034694672,,,,,,,,0.0,0.6586502194404602,0.21472623463017793,0.004143061077657555,2.6384752345620655e-05
15835136,4212.812750407,0.014615339621905421,0.18973389267921448,,,,,,,,0.0078125,0.6586463451385498,0.21459110264665066,0.0036783824445838207,6.503739859908819e-05
15843328,4214.531403344008,0.014820036275595999,0.18928222358226776,,,,,,,,0.0,0.6586113572120667,0.21459253430204872,0.00696393478127752,2.424880221951753e-05
15851520,4216.202837968012,0.013117810938930032,0.16497802734375,,,,,,,,0.0,0.6585874557495117,0.2144155070090435,0.007169001053263322,0.00012918247375637293
15859712,4218.024509512004,0.01703870916416277,0.21195068955421448,0.0019076959244839209,0.21944591172155162,0.21511463169817432,333,219.49005762800604,14.4,nan,0.0078125,0.6585290431976318,0.2145884453017271,0.007629881914012999,5.253350900602527e-05
15867904,4220.795510876022,0.013820171337804813,0.17933349311351776,,,,,,,,0.0,0.6586260795593262,0.214672464001285,0.006841850703264554,1.7432394088245928e-05
15876096,4222.679386956996,0.014629813731049674,0.18105469644069672,,,,,,,,0.0,0.6584745049476624,0.2144873064735792,0.00626883015535225,2.9571519917226397e-05
15884288,4224.436025286006,0.016214741263106867,0.19466553628444672,,,,,,,,0.0078125,0.6586838960647583,0.21470782809365868,0.004130763682507542,6.006754847476259e-05
15892480,4226.153658559022,0.015122273293055367,0.17364501953125,,,,,,,,0.0,0.6585962772369385,0.2145722814968535,0.005577500544960083,1.920472459460143e-05
15900672,4227.987715923024,0.01747117049564263,0.20299072563648224,,,,,,,,0.0078125,0.6585798859596252,0.2145603554552459,0.011030514907676345,0.00020724684873130172
15908864,4229.644718187017,0.013187885321885796,0.17653809487819672,,,,,,,,0.0,0.6586439609527588,0.21465192579923592,0.006646246423109567,1.7243339243577793e-05
15917056,4231.441145621007,0.013570741213395986,0.18120117485523224,,,,,,,,0.0,0.6585596203804016,0.21456900420517883,0.005629404429142932,2.3407059416058473e-05
15925248,4233.107193696022,0.01683316127876346,0.20673827826976776,0.0017797834611820162,0.2205436687623989,0.21515549649264298,333,219.48798553377074,24.0,nan,0.0078125,0.6586534380912781,0.21457614506155812,0.007304052626472707,5.422364847618155e-05
15933440,4235.861461610999,0.013779048035134432,0.17159424722194672,,,,,,,,0.0,0.6586922407150269,0.21464331412829182,0.006054163562213455,1.5725350749562494e-05
15941632,4237.5863719010085,0.014788278746549184,0.18984375894069672,,,,,,,,0.0078125,0.6586424708366394,0.21448628157637314,0.00602450679191209,0.0001265369646716863
15949824,4239.332069589,0.014813948149758262,0.18044434487819672,,,,,,,,0.0,0.6583828926086426,0.21464503683085714,0.007735012768289787,2.4487802875228226e-05
15958016,4240.902772769012,0.014294911690566129,0.17763672769069672,,,,,,,,0.0,0.658338189125061,0.21458287036219298,0.007851699394748179,1.912292827910278e-05
15966208,4242.596835321019,0.02052022568576234,0.2271728515625,,,,,,,,0.0078125,0.6582950353622437,0.2144839438405525,0.00722533670944922,5.630636587738991e-05
15974400,4244.209675132006,0.013681153302884204,0.17047119140625,,,,,,,,0.0,0.6583938598632812,0.2144723676993149,0.007915166287052277,2.195286833739374e-05
15982592,4246.176005387009,0.02354042368517595,0.20284424722194672,,,,,,,,0.0,0.6582292318344116,0.21439607845428427,0.011646895728058044,3.202093284926377e-05
15990784,4248.173239654017,0.08953886670742268,0.24257813394069672,0.0018760114181237686,0.21683518148614156,0.21515803841310316,333,219.48819518459612,24.0,nan,0.0078125,0.658409833908081,0.21464969124849848,0.010168903025450326,0.0001056948458426632
15998976,4251.302813668997,0.016474354992618446,0.19144287705421448,,,,,,,,0.0,0.6582452654838562,0.21468301903522824,0.007081354152947388,2.108339140249882e-05
16007168,4253.286374021001,0.013625868206227472,0.17917481064796448,,,,,,,,0.0078125,0.658333957195282,0.21451036093364723,0.007047999103418384,0.00041484713437967
16015360,4255.2943816470215,0.015727663041179393,0.19041748344898224,,,,,,,,0.0,0.6584851741790771,0.21476482122469914,0.007206462911779507,1.862849239842035e-05
16023552,4257.186817981012,0.012112865771750428,0.16092529892921448,,,,,,,,0.0,0.6584792733192444,0.2146576100443022,0.007183700844334575,2.1009704141761176e-05
16031744,4259.142877838021,0.01727830787126239,0.20362548530101776,,,,,,,,0.0078125,0.6585070490837097,0.2146188350147303,0.007219959004607664,5.492283889907412e-05
16039936,4261.108579151012,0.015169791529336663,0.18394775688648224,,,,,,,,0.0,0.6585829257965088,0.2146923844801004,0.006982976436105665,1.6354824765585363e-05
16048128,4262.858340586012,0.01587647870124591,0.19743652641773224,,,,,,,,0.0078125,0.6584527492523193,0.21435356836454109,0.007418334583137354,5.1719980547204614e-05
16056320,4264.203660034022,0.014753352543799225,0.18002930283546448,0.0017787908399646835,0.21665566798070493,0.2151529083104451,333,219.48542111083017,24.0,nan,0.0,0.6584677696228027,0.21463385288470077,0.0067521338557846,2.7579220841289498e-05
16064512,4266.583392714005,0.41912555163209886,0.29644775390625,,,,,,,,0.0,0.6582733392715454,0.21451236684490643,0.010148905848524402,5.625156336463988e-05
16072704,4268.182674451004,0.12807203432457376,0.2671875059604645,,,,,,,,0.0078125,0.6584637761116028,0.21449025652979628,0.009271670734672001,6.969423702685162e-05
16080896,4269.835330855014,0.011654104389875606,0.15423583984375,,,,,,,,0.0,0.6587724685668945,0.21481418937841795,0.004975408475489884,2.036910518654622e-05
16089088,4271.5042928150215,0.016406694859200228,0.18946532905101776,,,,,,,,0.0,0.6586650013923645,0.21473314154308515,0.009177728326341316,0.00015702132077421993
16097280,4273.757234881021,0.017876297881587965,0.21396484971046448,,,,,,,,0.0078125,0.6585960984230042,0.21456176720161246,0.008936471202482029,0.00011401568917790428
16105472,4275.613817930018,0.014809624278193058,0.18593750894069672,,,,,,,,0.0,0.6584659814834595,0.21459217651055823,0.0060750617008664435,2.0968534954590723e-05
16113664,4277.455008249002,0.015428584155057497,0.19293212890625,,,,,,,,0.0078125,0.6584691405296326,0.21461319502970233,0.006956556313247608,7.069779530866072e-05
16121856,4279.427929580997,0.013985665094472112,0.18425293266773224,0.001518150517332395,0.21686071767129628,0.2151400052971289,333,219.48288947375158,49.650000000000006,nan,0.0,0.6584563255310059,0.21475673655466446,0.00740902224001911,1.6984131434583105e-05
16130048,4281.942831663007,0.012907554843592038,0.17027588188648224,,,,,,,,0.0,0.6584092378616333,0.21450691108075418,0.006739387458234447,2.235851570731029e-05
16138240,4283.415912719996,0.018944346843692207,0.22174072265625,,,,,,,,0.0078125,0.6584696173667908,0.21455206408658048,0.00966856038344595,5.216932186158374e-05
16146432,4285.129341733002,0.016822210590104216,0.197998046875,,,,,,,,0.0,0.658574104309082,0.21482895545674166,0.00866889234238762,1.857884126366116e-05
16154624,4286.906957275001,0.015358999340792184,0.18360595405101776,,,,,,,,0.0078125,0.6584094762802124,0.21475985331438258,0.00760123149534753,7.26706930436194e-05
16162816,4289.081064433005,0.013892519040313295,0.17401123046875,,,,,,,,0.0,0.6587007641792297,0.21468270431463474,0.006566661038396012,2.3850036086514592e-05
16171008,4290.600034922012,0.01527045383999725,0.17796631157398224,,,,,,,,0.0,0.6585065126419067,0.21421257756418863,0.007392776075472771,2.0264347767806612e-05
16179200,4292.3250008930045,0.01786383199025171,0.20921631157398224,,,,,,,,0.0078125,0.6585827469825745,0.21429169614358884,0.006768006746139645,0.00019783529569394886
16187392,4294.261556963,0.012927292513935752,0.16383056342601776,0.001572569447745864,0.21655214093239708,0.21512231869150616,333,219.48859729752786,22.5,nan,0.0,0.658570408821106,0.21468735885219375,0.006675017060482774,1.7649213987169787e-05
16195584,4296.848809115007,0.012144246595042344,0.16148681938648224,,,,,,,,0.0,0.6585355997085571,0.2146752511910058,0.004922708020442198,2.781246257654857e-05
16203776,4298.325105138007,0.020137979097001737,0.21978759765625,,,,,,,,0.0078125,0.6584612131118774,0.21455867698178327,0.008330882982820012,5.7739474868867546e-05
16211968,4299.925777723023,0.01642901962718669,0.18696288764476776,,,,,,,,0.0,0.658416748046875,0.21463451352927732,0.006152922928657975,1.8347049262956716e-05
16220160,4301.9291185240145,0.01965609175034991,0.2091064453125,,,,,,,,0.0078125,0.6584033370018005,0.2139957191781487,0.011968844515354302,9.418920672032982e-05
16228352,4303.507440190995,0.012712868618773982,0.16311036050319672,,,,,,,,0.0,0.6586326360702515,0.21468007509838363,0.0075733044315937975,1.781621904228814e-05
16236544,4305.286408540007,0.012939547598986004,0.16701661050319672,,,,,,,,0.0,0.6585329174995422,0.21458026078489517,0.004754670509251386,2.5597588319214992e-05
16244736,4307.3800476840115,0.016282497208510317,0.20634765923023224,,,,,,,,0.0078125,0.658257246017456,0.2144921499608458,0.006021044219392953,0.00013888788816984743
16252928,4309.065096370003,0.016570505214928068,0.19739989936351776,0.0015872870846640463,0.21823031449634853,0.21511881170338626,333,219.48042324824993,27.150000000000002,nan,0.0,0.6580878496170044,0.2145312960879909,0.009324594130991804,2.0288609448471107e-05
16261120,4311.721852971008,0.016256903533718947,0.20040284097194672,,,,,,,,0.0078125,0.6579039096832275,0.2143307329169683,0.007917042416709194,0.00042054272489622235
16269312,4313.202427501004,0.01343399387505297,0.17326660454273224,,,,,,,,0.0,0.6586475372314453,0.21481962493351348,0.006927067821020242,2.452310400258284e-05
16277504,4314.51136179702,0.01544148557114408,0.19992676377296448,,,,,,,,0.0,0.6584356427192688,0.2146379597887457,0.0072735710120339254,2.206405952165369e-05
16285696,4316.265604004002,0.015156117388265958,0.19224853813648224,,,,,,,,0.0078125,0.6584946513175964,0.214529130752122,0.006176135714573746,5.218738442636095e-05
16293888,4318.167830844002,0.014553700112922192,0.18483887612819672,,,,,,,,0.0,0.6584138870239258,0.21453034919546377,0.006531134644245574,2.1941488739685155e-05
16302080,4319.863327105006,0.012459355594404663,0.16793213784694672,,,,,,,,0.0,0.658350944519043,0.21444210100985805,0.004199116663533428,0.00014594351523555815
16310272,4321.800808641012,0.01613857970093603,0.19185791909694672,,,,,,,,0.0078125,0.6583399772644043,0.21442990793719496,0.007269489953702602,5.1460880058584735e-05
16318464,4323.23429233802,0.01389811951264723,0.18073730170726776,0.0018707512220828004,0.2166221183979214,0.21515620523678147,333,219.48785439338923,24.0,nan,0.0,0.6583148241043091,0.214763379839705,0.005019620916943503,1.8695503968046978e-05
16326656,4326.429834917013,0.016909526255256515,0.21805420517921448,,,,,,,,0.0078125,0.6583244204521179,0.21446753705998262,0.007328065726527786,5.8277113566873595e-05
16334848,4327.778860418999,0.013256719249062538,0.16715088486671448,,,,,,,,0.0,0.6586865782737732,0.21473928955106447,0.005955205020291708,1.9042528947466053e-05
16343040,4329.2519414660055,0.014711572184301403,0.17901611328125,,,,,,,,0.0,0.6585498452186584,0.2145657162927083,0.008477471497555126,2.111250432790257e-05
16351232,4330.754966452019,0.016265292576626733,0.21250000596046448,,,,,,,,0.0078125,0.658565878868103,0.21460285970428764,0.0064904301281079844,4.495094981393777e-05
16359424,4332.6647677050205,0.01227767550633984,0.16501465439796448,,,,,,,,0.0,0.658493161201477,0.21472122713107072,0.0053674442778037686,1.8227368855150416e-05
16367616,4334.065778044023,0.013474255629690686,0.17122803628444672,,,,,,,,0.0078125,0.6584228277206421,0.21460774474494354,0.005291792627949098,0.00023032238823361695
16375808,4336.303298619023,0.017432366905834294,0.21185302734375,,,,,,,,0.0,0.6586118936538696,0.2147785371765869,0.009627394451165398,2.809377656376455e-05
16384000,4338.1223166710115,0.016274562977425584,0.1748046875,0.001728106481218683,0.21654004403301524,0.2151285741714219,333,219.48687652906182,27.150000000000002,nan,0.0,0.6584955453872681,0.21444790885388437,0.010509628710672828,2.6617619369062595e-05
16392192,4340.699783226999,0.015155565093112142,0.18818359076976776,,,,,,,,0.0078125,0.6584951281547546,0.21449604245822199,0.006069639960992541,5.416060594143346e-05
16400384,4342.087459647999,0.013708163110546701,0.17677001655101776,,,,,,,,0.0,0.6584360599517822,0.21458742882937892,0.005729860423711204,2.8736063541145995e-05
16408576,4344.318672125024,0.012286591844598257,0.16585694253444672,,,,,,,,0.0,0.6584067344665527,0.2144963277177642,0.004806000598305358,2.6918307412415743e-05
16416768,4346.985373188014,0.016109498588074155,0.20357666909694672,,,,,,,,0.0078125,0.6582735180854797,0.2145811117617121,0.007879176674690428,8.460634126095101e-05
16424960,4349.814844511013,0.015114135773284399,0.18685303628444672,,,,,,,,0.0,0.6582658886909485,0.21451514818676193,0.007176192152029981,1.937160595844034e-05
16433152,4352.710098298005,0.01671400317210986,0.20943604409694672,,,,,,,,0.0078125,0.658199667930603,0.21444693001759974,0.006540767717191149,7.641231059096754e-05
16441344,4354.69106317102,0.013275017577497961,0.16910400986671448,,,,,,,,0.0,0.6586153507232666,0.21478402784120304,0.005160243533165672,1.696678009466268e-05
16449536,4357.380020334007,0.014912719556410554,0.18093262612819672,0.0018414721402978396,0.21654010092422324,0.21515391079966711,333,219.48787893146266,24.0,nan,0.0,0.6584397554397583,0.2143714455542908,0.006558895878104267,2.305961970705539e-05
16457728,4362.63180764002,0.019051717312917233,0.21259765326976776,,,,,,,,0.0078125,0.6586377620697021,0.21419597271981208,0.008960290925391355,8.146322943503037e-05
16465920,4366.546367768024,0.01450146094076303,0.17805175483226776,,,,,,,,0.0,0.6586255431175232,0.21460852992026838,0.007604245819280819,2.0133536963840015e-05
16474112,4370.582886671007,0.012913951134420494,0.1708984375,,,,,,,,0.0,0.6586019396781921,0.21450078786804397,0.006575905545904721,6.075745841371827e-05
16482304,4374.463075511012,0.014712953591987514,0.18333740532398224,,,,,,,,0.0078125,0.6585875153541565,0.2148525107455972,0.005427503616104188,3.944162745028734e-05
16490496,4378.522747059003,0.014352887217915134,0.18043212592601776,,,,,,,,0.0,0.6585150957107544,0.2148160093773067,0.00507523111731465,1.747961505316198e-05
16498688,4382.695797479013,0.016048609833436436,0.18316650390625,,,,,,,,0.0078125,0.6584418416023254,0.21479034730306146,0.007025701065521262,5.254903226159513e-05
16506880,4387.104808183998,0.01438968446183048,0.17048339545726776,,,,,,,,0.0,0.6583945155143738,0.2147552483726573,0.010008935367357407,1.871704989753198e-05
16515072,4391.286076379998,0.01453724889903994,0.17905274033546448,0.0017700102938221773,0.21936234003392677,0.21513610690576795,333,219.47840915946045,27.150000000000002,nan,0.0,0.6583540439605713,0.21453701315599888,0.005952113220456125,3.641239527496509e-05
16523264,4396.928553858015,0.016112757310304173,0.19609375298023224,,,,,,,,0.0078125,0.6584563255310059,0.21470994214290448,0.00632401743085146,6.438230775529519e-05
16531456,4400.864776371018,0.011389387560514051,0.1531982421875,,,,,,,,0.0,0.6584640741348267,0.2144324740118116,0.0044625346816777635,2.2867059669806622e-05
16539648,4404.863007141015,0.016506962079929334,0.20411376655101776,,,,,,,,0.0078125,0.6583797931671143,0.21438738545735797,0.005859920224659033,0.00015538808656856418
16547840,4409.010142420011,0.013493258723220004,0.17850342392921448,,,,,,,,0.0,0.6586271524429321,0.21481623853908044,0.006164514572437947,1.8225511666969396e-05
16556032,4413.117723781004,0.01447062549371493,0.18209229409694672,,,,,,,,0.0,0.6584592461585999,0.21462660025147318,0.003944006140505769,2.1683701561414637e-05
16564224,4417.125490667997,0.01627967780720785,0.20692138373851776,,,,,,,,0.0078125,0.6585292816162109,0.21453675333157754,0.006457234356335251,5.039868483436294e-05
16572416,4421.107944501011,0.01272682457353498,0.16573487222194672,,,,,,,,0.0,0.6584234833717346,0.21449095970429197,0.005146476206628368,2.2989328499534167e-05
16580608,4425.030504652008,0.014098538982763031,0.1878662109375,0.0016074749112846565,0.2178493962742057,0.21514035020165995,333,219.49143666162738,8.55,nan,0.0,0.6584106087684631,0.2145105987320163,0.006097684711489588,4.3204694520682096e-05
16588800,4430.0964526580065,0.018596464729781558,0.21101073920726776,,,,,,,,0.0078125,0.6582883596420288,0.2147278397318051,0.00854766603048538,3.720953827723861e-05
16596992,4434.120854164998,0.013873577027604079,0.17333984375,,,,,,,,0.0,0.6582549810409546,0.21430447559515584,0.006779966952347616,2.1656465833075345e-05
16605184,4438.056296237017,0.020056369584217748,0.23420409858226776,,,,,,,,0.0078125,0.6583988666534424,0.21448226970123385,0.007734165629929054,9.360717376694083e-05
16613376,4442.037422662019,0.01351492072417703,0.17514649033546448,,,,,,,,0.0,0.6588561534881592,0.2148420957207946,0.0055286051326630566,2.2998210624791682e-05
16621568,4446.235736183007,0.01378542656223854,0.17661133408546448,,,,,,,,0.0,0.6587170958518982,0.21470958182793817,0.004064132861295498,5.3371892136055976e-05
16629760,4450.449705427018,0.01618536607470387,0.20097656548023224,,,,,,,,0.0078125,0.6585500836372375,0.2147072181603542,0.007024930821095277,4.256465763319284e-05
16637952,4454.419503701007,0.014104200925544933,0.17752686142921448,,,,,,,,0.0,0.6584014892578125,0.2147383557135431,0.0054223082275825785,1.7511039914097637e-05
16646144,4458.41156890901,0.016774322762114286,0.20451660454273224,0.0017371544496017632,0.22009045175859154,0.2151295955538392,333,219.48855659202252,17.85,nan,0.0078125,0.6583569049835205,0.21457906518031328,0.007756745637614209,9.432704973733053e-05
16654336,4463.818272817996,0.012678379841874952,0.15742187201976776,,,,,,,,0.0,0.6584755182266235,0.2147734134327862,0.006367894044869202,1.7191039660247043e-05
16662528,4468.00248220301,0.017291263988091426,0.18936768174171448,,,,,,,,0.0,0.6583653092384338,0.21458290949202313,0.010697888250998228,2.2546197214978747e-05
16670720,4472.307794751017,0.017914187826671934,0.2171630859375,,,,,,,,0.0078125,0.658429741859436,0.21463135772659175,0.00714879601335525,0.00015192409045994282
16678912,4476.451436186006,0.015455110462269684,0.18941651284694672,,,,,,,,0.0,0.6583954095840454,0.21471385492904527,0.007505757708548758,1.8874294255510904e-05
16687104,4480.546885017015,0.015613073116005967,0.19606934487819672,,,,,,,,0.0,0.6583565473556519,0.2144444234149081,0.006739511403744763,4.430720582604408e-05
16695296,4484.405898776022,0.016258305028214657,0.20124511420726776,,,,,,,,0.0078125,0.6585946083068848,0.21454716764296095,0.008132823730767123,3.4800930734490976e-05
16703488,4488.562803246023,0.012891652727575446,0.17454834282398224,,,,,,,,0.0,0.6586018204689026,0.2147350806145966,0.004436792398059427,2.3718568627373315e-05
16711680,4492.794252324005,0.015654565355112695,0.19998779892921448,0.0014674025155705372,0.21699946974644663,0.2151256393642625,333,219.49245792352173,49.650000000000006,nan,0.0078125,0.6585532426834106,0.21453203493112363,0.004334866495745276,6.081273386371322e-05
16719872,4498.06750023301,0.012598551755829036,0.16755370795726776,,,,,,,,0.0,0.6587197184562683,0.21464295286169555,0.005051501458434581,1.886404788820073e-05
16728064,4510.020922116004,0.013986612034165,0.18271484971046448,,,,,,,,0.0,0.658569872379303,0.21437293328518287,0.006013548666872394,4.181825715932064e-05
16736256,4527.054739709012,0.013913951838155603,0.17758789658546448,,,,,,,,0.0078125,0.6587797403335571,0.21447125871803627,0.0051683534834970945,0.00017460515664424747
16744448,4543.597952944023,0.0125635224500288,0.16845703125,,,,,,,,0.0,0.6587114930152893,0.21470718561212238,0.005961111717151763,1.7880869563668966e-05
16752640,4560.29674797802,0.01466390384006839,0.19002686440944672,,,,,,,,0.0078125,0.6587395668029785,0.21472475633330856,0.007739457701061334,8.102598803816363e-05
16760832,4576.164286909014,0.012442956378317447,0.16610108315944672,,,,,,,,0.0,0.658793032169342,0.2148034866052702,0.004378455094529841,1.7385309547535144e-05
16769024,4593.321385468007,0.012891560201157377,0.16921387612819672,,,,,,,,0.0,0.6587522029876709,0.214769659471138,0.002160881634089794,1.9497609173413366e-05
16777216,4610.24969767101,0.015893797362180235,0.19969482719898224,0.0019484254206507678,0.22046068833878682,0.2151248723014118,333,219.4787890110061,19.05,nan,0.0078125,0.658603847026825,0.21470936346177916,0.006842168592971952,7.20306416042149e-05
16785408,4631.712357650016,0.016228351644755667,0.18686524033546448,,,,,,,,0.0,0.65849769115448,0.21470800927312417,0.008246906533895185,1.8779877791530453e-05
16793600,4647.307245658012,0.016238094312243264,0.20418702065944672,,,,,,,,0.0,0.6584234237670898,0.21453952318024067,0.008339445235982346,4.121897654840723e-05
16801792,4658.476994944998,0.017913093417140587,0.21107177436351776,,,,,,,,0.0078125,0.6587840914726257,0.21474562450331613,0.0038898979608488413,7.869625551393256e-05
16809984,4665.575492655014,0.012012507468531258,0.15902100503444672,,,,,,,,0.0,0.6587293148040771,0.21465445768964692,0.003904013128379297,1.728056486172136e-05
16818176,4673.025061471999,0.016321795937268332,0.20256347954273224,,,,,,,,0.0078125,0.6586629152297974,0.21451545700467825,0.0066412419315403405,7.924757665023208e-05
16826368,4683.192931213998,0.012647065418223592,0.16383056342601776,,,,,,,,0.0,0.6587054133415222,0.21476045120241535,0.006115114072104039,1.9156592315994203e-05
16834560,4690.670437921013,0.014919617695919535,0.18034668266773224,,,,,,,,0.0,0.6585836410522461,0.21464721367328657,0.007114185043472005,2.3444672478944995e-05
16842752,4701.577331320004,0.01825635120452562,0.20883789658546448,0.002237362610304938,0.21871347593820611,0.21513596697682263,333,219.48127512662438,46.050000000000004,nan,0.0078125,0.6588289737701416,0.21468077925563675,0.00966862010459955,4.901994179817848e-05
16850944,4710.113696902001,0.01295111699470093,0.17677001655101776,,,,,,,,0.0,0.6587857604026794,0.21468042342108382,0.0036801026187461647,1.8135548089048825e-05
16859136,4711.291873520007,0.014510197053525298,0.19016113877296448,,,,,,,,0.0078125,0.6587211489677429,0.21454318758692037,0.004140171085785785,8.249640086432919e-05
16867328,4712.765151443018,0.013594882370089973,0.16907958686351776,,,,,,,,0.0,0.658348798751831,0.21468800560405624,0.007022416353482107,1.889231862151064e-05
16875520,4714.630057796021,0.014281129930490322,0.1871337890625,,,,,,,,0.0,0.6583332419395447,0.21442162153450242,0.005069601335607847,2.263034912175499e-05
16883712,4716.7230581660115,0.016854828801671842,0.20943604409694672,,,,,,,,0.0078125,0.6584799289703369,0.2144850085847502,0.005917557657490107,6.0725313232978806e-05
16891904,4718.701682047016,0.014186857909529947,0.17783203721046448,,,,,,,,0.0,0.6586769223213196,0.21468341753338352,0.007618411898896504,2.1760490199085325e-05
16900096,4720.744354213006,0.013247613531549947,0.17098389565944672,,,,,,,,0.0,0.6585367918014526,0.21462878074272393,0.0068677916446738515,6.842250149929896e-05
16908288,4722.567850724008,0.016112713398416485,0.20070801675319672,0.001573391898422205,0.21722814026488807,0.2151170801118995,333,219.47957514556697,17.85,nan,0.0078125,0.6586203575134277,0.21463433120829892,0.004290385125163676,3.651926090242341e-05
16916480,4725.376021207019,0.015465255146931874,0.189208984375,,,,,,,,0.0,0.6584992408752441,0.21450476999843252,0.0067213996885796675,1.8171005649492145e-05
16924672,4728.056237573008,0.017518865400422124,0.21267090737819672,,,,,,,,0.0078125,0.6584661602973938,0.21459149422491425,0.006950294114289092,5.547190085053444e-05
16932864,4730.845792660024,0.01531031336347728,0.19538573920726776,,,,,,,,0.0,0.6583816409111023,0.2146748086574537,0.0076288667870657665,2.0920135284541175e-05
16941056,4733.728444640001,0.012682087897608697,0.16474609076976776,,,,,,,,0.0,0.658294677734375,0.2146707206651135,0.005528243896282769,2.8717922759824432e-05
16949248,4736.720932361,0.01739045235948829,0.21195068955421448,,,,,,,,0.0078125,0.6585208177566528,0.21475529135601845,0.007105487357153681,7.540912338299677e-05
16957440,4739.7156177480065,0.014716200575473477,0.18081055581569672,,,,,,,,0.0,0.6585187911987305,0.21468847219329387,0.006010857889089439,1.7398651834810153e-05
16965632,4742.541450037999,0.016303534496025087,0.20822754502296448,,,,,,,,0.0078125,0.6584869623184204,0.2146231297467962,0.005506322710140637,0.00010995485354214907
16973824,4745.4618873810105,0.014898563514999054,0.18189696967601776,0.0016648012674487234,0.21880768183671911,0.21511721268061676,333,219.4820457158891,48.45,nan,0.0,0.6583394408226013,0.21473483975310556,0.0077562700880141194,2.172129461541772e-05
16982016,4749.46597191802,0.01626369909928191,0.19240723550319672,,,,,,,,0.0,0.6583098769187927,0.21439545896107676,0.008680306325600578,2.2181802705745213e-05
16990208,4752.414280797006,0.015726462041722223,0.19802246987819672,,,,,,,,0.0078125,0.6584995985031128,0.2145055910159787,0.005772597746369815,6.772181950509548e-05
16998400,4755.099918926018,0.014452097721558456,0.18674317002296448,,,,,,,,0.0,0.6587672829627991,0.21474693998029956,0.004543109022719433,1.988818075915333e-05
17006592,4757.97734289302,0.015465396366817133,0.19514159858226776,,,,,,,,0.0,0.6586164236068726,0.2146352195336742,0.006143642759414304,9.11439346964471e-05
17014784,4760.986295260023,0.017352828313405694,0.21232910454273224,,,,,,,,0.0078125,0.6586477756500244,0.21468797173364726,0.007508050992216112,3.597460818127729e-05
17022976,4763.903383202007,0.015266467217800884,0.19101563096046448,,,,,,,,0.0,0.6585195064544678,0.21464887427517404,0.0075563359915097605,2.2389975129044615e-05
17031168,4766.893832157017,0.016869547551287417,0.21267090737819672,,,,,,,,0.0078125,0.6585749387741089,0.2144841895878725,0.006882759560758141,5.8285757404519245e-05
17039360,4770.006349024014,0.01427235187562816,0.18172608315944672,0.0019787230107870535,0.21900827290778052,0.21512260598095945,333,219.4863655860844,14.4,nan,0.0,0.6585296988487244,0.2148334839929667,0.004494004910730743,2.0713339836220257e-05
17047552,4774.396768838022,0.014860990862049478,0.18900147080421448,,,,,,,,0.0,0.6584717631340027,0.2147116870812639,0.006241596124807671,2.7695892640622333e-05
17055744,4777.418578537006,0.019621602028857266,0.22368164360523224,,,,,,,,0.0078125,0.6584436893463135,0.2147155681738812,0.009239072237597833,9.071314707398415e-05
17063936,4780.614128392015,0.016361790490077476,0.19367675483226776,,,,,,,,0.0,0.6584316492080688,0.21460536027199573,0.008074843829899368,1.981189961952623e-05
17072128,4783.883971064002,0.0160510011609003,0.19473877549171448,,,,,,,,0.0078125,0.6583591103553772,0.2144568757567836,0.010342437849435508,7.51582338125445e-05
17080320,4787.169302582013,0.01427995100108378,0.1793212890625,,,,,,,,0.0,0.6583897471427917,0.21457958298616756,0.006990264426132065,2.0180439605610445e-05
17088512,4790.423013546009,0.012227871343802547,0.16162109375,,,,,,,,0.0,0.658338725566864,0.2145600849662291,0.004718561008946784,2.028702147072181e-05
17096704,4793.576614878024,0.017244747402102346,0.2086181640625,,,,,,,,0.0078125,0.6585147976875305,0.21444692310751584,0.006497576459148439,0.00048271246487274766
17104896,4796.9041659409995,0.01619507081278182,0.19365234673023224,0.0017591221429057446,0.21661094187882424,0.21514555126693566,333,219.48776396014864,28.650000000000002,nan,0.0,0.6587232947349548,0.21474166475700646,0.0067592490216552975,1.5279387298505753e-05
17113088,4801.24548193501,0.013741398090267332,0.17469482123851776,,,,,,,,0.0,0.6586095094680786,0.21469177489965605,0.006690939750472371,5.249892274150625e-05
17121280,4804.562235580001,0.01662246525523973,0.19923095405101776,,,,,,,,0.0078125,0.6586467623710632,0.21473746896016874,0.006456652276111441,4.297686245990917e-05
17129472,4807.857473697019,0.014090655203503012,0.16458740830421448,,,,,,,,0.0,0.65852952003479,0.21456744057179722,0.010462511999458763,2.033465170825366e-05
17137664,4811.141756814002,0.015066293243238871,0.19020996987819672,,,,,,,,0.0078125,0.6585729122161865,0.2145991460225567,0.00782104725265621,5.9283589507685974e-05
17145856,4814.435468844022,0.0140860761137995,0.17825928330421448,,,,,,,,0.0,0.6584795713424683,0.2147656466668446,0.007134078577942036,2.3129397959564812e-05
17154048,4817.831153060019,0.012111062594304332,0.15552978217601776,,,,,,,,0.0,0.6584609746932983,0.21440611998517708,0.005889916105907854,3.3489224733784795e-05
17162240,4821.255965991004,0.01575549055416476,0.1944580078125,,,,,,,,0.0078125,0.658515453338623,0.21462608675329933,0.005661623410323925,4.7556655772496015e-05
17170432,4824.748852607998,0.01268943714419337,0.16510009765625,0.0016316468182546728,0.22046574895600252,0.21512178244675123,333,219.4860648254076,22.5,nan,0.0,0.658586323261261,0.21443924214611826,0.0039370094299990156,1.698409323580563e-05
17178624,4829.441192938015,0.020520248180180674,0.22242431342601776,,,,,,,,0.0078125,0.6584707498550415,0.21444398923117816,0.01062528921359742,8.958420221460983e-05
17186816,4832.976803755009,0.013856610058164102,0.16978760063648224,,,,,,,,0.0,0.658623218536377,0.2147431257163786,0.008301208450866255,1.7491760445409454e-05
17195008,4836.714063919004,0.012841935074933312,0.1700439453125,,,,,,,,0.0,0.6584946513175964,0.21468417375920912,0.0062853865726179604,2.5800196453928947e-05
17203200,4840.262144445005,0.016653731311510832,0.21113280951976776,,,,,,,,0.0078125,0.6583728194236755,0.2146294534492426,0.007345698989664831,5.2769046305911615e-05
17211392,4844.004680797021,0.013016715396255008,0.16768799722194672,,,,,,,,0.0,0.658195436000824,0.21468994891697196,0.0058528850271931014,1.8469021597411484e-05
17219584,4847.414102288021,0.014724509055423097,0.18045654892921448,,,,,,,,0.0,0.6581575870513916,0.21442097523914377,0.007256632283573355,4.045328751089983e-05
17227776,4850.985870691016,0.016190178895763862,0.18874512612819672,,,,,,,,0.0078125,0.6586251258850098,0.21472528469133256,0.008754130649090076,3.763897257158533e-05
17235968,4854.401906712999,0.012824416145037787,0.16730956733226776,0.0015416908259865414,0.21661249774712582,0.2151309778845675,333,219.49053741040657,27.150000000000002,nan,0.0,0.658575177192688,0.21461377446718885,0.005911171594648729,2.3270342353498563e-05
17244160,4859.1973612480215,0.01672969805416884,0.19744873046875,,,,,,,,0.0078125,0.658454418182373,0.2145489992636636,0.0076322697158797866,0.00032973624183796346
17252352,4862.892029851995,0.01515532600076739,0.17835693061351776,,,,,,,,0.0,0.6581825017929077,0.2146649761388145,0.008080415640834119,1.8901508155977353e-05
17260544,4866.468222127005,0.01746528118732071,0.19902344048023224,,,,,,,,0.0,0.6581794023513794,0.21460796864037274,0.010656393616668085,2.5198000003001653e-05
17268736,4870.177765611996,0.01980990385646289,0.22629395127296448,,,,,,,,0.0078125,0.6584680676460266,0.2146398116403873,0.009118737909355981,5.1336479373276234e-05
17276928,4873.9096781200205,0.01189222855155883,0.16206054389476776,,,,,,,,0.0,0.6586196422576904,0.2146300355202689,0.003978135235212079,1.6779793440946378e-05
17285120,4877.718201806012,0.015559487061852097,0.19522705674171448,,,,,,,,0.0078125,0.6584901213645935,0.2146041770544962,0.0062636883542431885,8.483556302962825e-05
17293312,4881.706189677003,0.015343369558208128,0.18583984673023224,,,,,,,,0.0,0.658700704574585,0.21459421337784668,0.00845829368921754,1.7787509932531975e-05
17301504,4885.629740797012,0.012570188025108345,0.16431884467601776,0.0014254132150007814,0.21704797158688777,0.21515167084744263,333,219.49014100282156,12.0,nan,0.0,0.6585491299629211,0.21451481498583386,0.00455699248076131,2.02494647965068e-05
17309696,4890.646564615017,0.01595098989139272,0.19525146484375,,,,,,,,0.0078125,0.6586518287658691,0.21444606536625171,0.006738868118674583,4.9352634960087016e-05
17317888,4894.536956707016,0.013364227800971596,0.17760010063648224,,,,,,,,0.0,0.658564567565918,0.21477527336994603,0.00502229082438758,1.766054265317507e-05
17326080,4898.237525600998,0.013801774253152986,0.17396239936351776,,,,,,,,0.0,0.6585392951965332,0.21454860544384088,0.005692424707137291,0.0002825573901645839
17334272,4902.101919555018,0.01594949486355008,0.19534912705421448,,,,,,,,0.0078125,0.6585251092910767,0.2147704135241589,0.007350031541578314,3.436642509768717e-05
17342464,4905.927820259996,0.014809362330111263,0.19097900390625,,,,,,,,0.0,0.658501386642456,0.21467673578598379,0.008443102246186596,1.920258000609465e-05
17350656,4909.936947552022,0.016365645544339166,0.20810547471046448,,,,,,,,0.0078125,0.6584398746490479,0.21464846337322566,0.006003963721763251,5.0746941269608214e-05
17358848,4913.8252340360195,0.014877882952649087,0.19096679985523224,,,,,,,,0.0,0.6584529876708984,0.2146154601400967,0.006760287224924901,1.9005410649697296e-05
17367040,4917.720126558997,0.013583617500277912,0.1700439453125,0.0018254840267667438,0.21978003660140916,0.21513710789428547,333,219.4783889357247,19.05,nan,0.0,0.658386766910553,0.2146550581281202,0.00671562058707203,2.9562093914137222e-05
17375232,4923.034707212006,0.018254786629133248,0.20699463784694672,,,,,,,,0.0078125,0.6585046648979187,0.2144337404536619,0.009709014228553636,5.370351209421642e-05
17383424,4927.023320281005,0.014381285349637557,0.1815185546875,,,,,,,,0.0,0.658523678779602,0.21464032498726254,0.005537907730555952,1.7847354683908634e-05
17391616,4928.6839478320035,0.017114709436951592,0.20793457329273224,,,,,,,,0.0078125,0.6584257483482361,0.2144979211294682,0.008505509531066746,0.00014961999841034412
17399808,4929.6374425160175,0.014669091071424268,0.17979736626148224,,,,,,,,0.0,0.6587303876876831,0.21481000859293736,0.006991799290587969,1.643591713218484e-05
17408000,4930.563317205,0.021641284430373303,0.19774170219898224,,,,,,,,0.0,0.6585962772369385,0.21460714551118162,0.012111998656751716,1.8642283976078033e-05
17416192,4931.491488650005,0.01668234375829004,0.20090332627296448,,,,,,,,0.0078125,0.658577024936676,0.214463531104307,0.008787952887576205,5.291420529829338e-05
17424384,4932.414870331995,0.012803265587766267,0.15738525986671448,,,,,,,,0.0,0.6584346294403076,0.21446447002949937,0.006260875218732937,1.7276479411520995e-05
17432576,4933.331419323018,0.015467311600924183,0.18441163003444672,0.0018222894347116325,0.21726631898258134,0.21513888939569123,333,219.4865499235783,19.05,nan,0.0,0.6584725379943848,0.21451794386547146,0.007915467545641054,4.618706225301139e-05
17440768,4934.944497834018,0.018949910901077338,0.20097656548023224,,,,,,,,0.0078125,0.6586095690727234,0.2147680188041854,0.006431015333964252,4.71442544949241e-05
17448960,4936.031622723996,0.014051098872135815,0.18594971299171448,,,,,,,,0.0,0.6586295366287231,0.21462241884334943,0.0076999747398971,1.989216252695769e-05
17457152,4937.143685963005,0.015432573124850968,0.18665771186351776,,,,,,,,0.0078125,0.6585979461669922,0.21446784770563848,0.007518952227207629,9.361252159578726e-05
17465344,4938.113552672003,0.012375112155755652,0.16213379800319672,,,,,,,,0.0,0.6588322520256042,0.214635128469989,0.006430500433872333,2.4965242118923925e-05
17473536,4939.126129650016,0.014200160543447235,0.18314209580421448,,,,,,,,0.0,0.6587059497833252,0.21449414033868214,0.004412660142688624,2.5272316634072922e-05
17481728,4940.0665249180165,0.016409057936770968,0.20246581733226776,,,,,,,,0.0078125,0.6586823463439941,0.2145538795836767,0.005551568029802814,5.712269921787083e-05
17489920,4941.036649654998,0.012161918194144054,0.15834961831569672,,,,,,,,0.0,0.658563494682312,0.21467383658970457,0.004249120300126301,2.582931483630091e-05
17498112,4941.975074552,0.016216762357756622,0.20058594644069672,0.001519210181756936,0.2201472081834989,0.21515081814014417,333,219.47746467501906,12.0,nan,0.0078125,0.6585056781768799,0.21465752753922582,0.00811832818254109,8.884786075213924e-05
17506304,4943.489765511011,0.014228440760011996,0.18281249701976776,,,,,,,,0.0,0.6584596633911133,0.21475985915102175,0.007847481273920081,1.771862298483029e-05
17514496,4944.414252315997,0.016349791770930985,0.19782714545726776,,,,,,,,0.0,0.6583532691001892,0.21456550589170412,0.008646450279219146,1.839473407017067e-05
17522688,4945.329750878998,0.015053525130334542,0.18944092094898224,,,,,,,,0.0078125,0.6586242914199829,0.21442568866994932,0.006731665683180016,7.917082257336006e-05
17530880,4946.248773605999,0.015054529697672132,0.18813477456569672,,,,,,,,0.0,0.6588195562362671,0.21482566107574042,0.004166422375660063,2.2816111595602706e-05
17539072,4947.188115799014,0.011804343295227206,0.1513671875,,,,,,,,0.0,0.6587993502616882,0.2146608571913189,0.0050300080456393914,2.9151748094591312e-05
17547264,4948.116394275014,0.016359084986754684,0.19565430283546448,,,,,,,,0.0078125,0.6585357189178467,0.2147565578170903,0.005921572899874235,3.727684452314861e-05
17555456,4949.033479628008,0.015297388597199724,0.18195800483226776,,,,,,,,0.0,0.6584888696670532,0.2146674110907433,0.007202140926880738,1.965720730368048e-05
17563648,4949.957212830021,0.01705631461781154,0.21343994140625,0.002227101514827634,0.21900324359071743,0.21513080707985455,333,219.47617341350644,46.050000000000004,nan,0.0078125,0.6584324240684509,0.21447048134581997,0.007508464857783676,6.92569519742392e-05
17571840,4951.536970282003,0.013822716130195329,0.17642822861671448,,,,,,,,0.0,0.6586547493934631,0.21460597907294923,0.008250933152749563,1.9271157725597732e-05
17580032,4952.457812096021,0.013706856128639693,0.17508545517921448,,,,,,,,0.0,0.6585128903388977,0.21446041932788015,0.0071347999293819965,2.8991793442401104e-05
17588224,4953.373620622006,0.016186185674980043,0.19937744736671448,,,,,,,,0.0078125,0.6585820913314819,0.21435673755963863,0.00608572248499021,5.801447696285322e-05
17596416,4954.299135633017,0.013960048400938396,0.16954346001148224,,,,,,,,0.0,0.6584579944610596,0.21462734949610343,0.005323281536321327,2.0795390810235403e-05
17604608,4955.221053415007,0.019854353515368642,0.22188721597194672,,,,,,,,0.0078125,0.6584559082984924,0.21461907254813223,0.01158689741570774,0.00016468802641611546
17612800,4956.1466294389975,0.013242089864070947,0.16936035454273224,,,,,,,,0.0,0.6586869955062866,0.2147125031549455,0.005600003609932715,1.627279561944306e-05
17620992,4957.077891966008,0.011925816235980009,0.14899902045726776,,,,,,,,0.0,0.6586763262748718,0.21464401833930088,0.003820988227453656,1.8979333617608063e-05
17629184,4958.023410228023,0.0173525961023422,0.21103516221046448,0.0018022010540517108,0.21951346528498578,0.21512436623653158,333,219.4674841674979,22.5,nan,0.0078125,0.6585369110107422,0.21463257931961272,0.006581239911659304,4.536114283837378e-05
17637376,4959.550429142022,0.013144150006552141,0.16348877549171448,,,,,,,,0.0,0.6584800481796265,0.21464838199962144,0.006151338942232371,2.0052601030329242e-05
17645568,4960.4757927989995,0.015217510624316555,0.19245605170726776,,,,,,,,0.0,0.6583920121192932,0.21455290478752082,0.00831175041439075,3.284796912339516e-05
17653760,4961.399770550022,0.0159831579165822,0.19215087592601776,,,,,,,,0.0078125,0.658705472946167,0.21458491011281128,0.006927860743057224,4.343002365203574e-05
17661952,4962.32768399702,0.012618497286103123,0.16522216796875,,,,,,,,0.0,0.6586915254592896,0.21457753616635541,0.004240294502786149,1.7900592865771614e-05
17670144,4963.25246139901,0.01684467036044963,0.20155028998851776,,,,,,,,0.0078125,0.6585198640823364,0.2145848348170818,0.006380400591904218,0.00027657594182528555
17678336,4964.169446825021,0.012504738712962314,0.16614989936351776,,,,,,,,0.0,0.6583254337310791,0.2146595439364909,0.007021513775531116,2.0333198335720226e-05
17686528,4965.079997724999,0.014321950443913484,0.19001464545726776,,,,,,,,0.0,0.6582034826278687,0.21434867800772034,0.0067052360407457105,2.3503953343606554e-05
17694720,4966.109801937011,0.015527321518501875,0.19285888969898224,0.0019332578193131944,0.21796913839305437,0.2151296646190898,333,219.47535829026705,42.6,nan,0.0078125,0.6585847735404968,0.21462836514945366,0.006954833230219868,4.109259316464886e-05
17702912,4967.67800636802,0.01568204644064849,0.18385009467601776,,,,,,,,0.0,0.6586283445358276,0.21474184804918886,0.007308217485077956,1.5629468180122785e-05
17711104,4968.597019967012,0.015440742826356055,0.19779053330421448,,,,,,,,0.0078125,0.6586388349533081,0.21455039572278314,0.007004873677465284,6.618001498281956e-05
17719296,4969.559436440002,0.014657409143899609,0.187744140625,,,,,,,,0.0,0.6586208343505859,0.21466097398884618,0.007249115726645456,1.7624659449211322e-05
17727488,4970.457552838023,0.015291683167210607,0.19078369438648224,,,,,,,,0.0,0.6586189866065979,0.21462601477717932,0.007157793808185698,2.1832442143931985e-05
17735680,4971.391600795003,0.01851633742827056,0.22720947861671448,,,,,,,,0.0078125,0.6586214900016785,0.21458919201477333,0.009203289467156667,5.256718213786371e-05
17743872,4972.3100085640035,0.011945006303695513,0.15219727158546448,,,,,,,,0.0,0.658781886100769,0.2147563563422224,0.004021627984428767,2.0776200472027995e-05
17752064,4973.2384906160005,0.014241064809385329,0.17933349311351776,,,,,,,,0.0,0.658640444278717,0.2145600575912487,0.006631923263695644,0.00011799926141975448
17760256,4974.171617087006,0.017995989067353692,0.21009521186351776,0.0016767116073758137,0.21651134380029818,0.21510773256393736,333,219.47277818490102,17.85,nan,0.0078125,0.6587030291557312,0.21467309407472263,0.007951298068630968,3.597429167712107e-05
17768448,4975.631920589018,0.01586035050103741,0.16716308891773224,,,,,,,,0.0,0.6586437225341797,0.2145866402981277,0.008216448628275167,1.657012035138905e-05
17776640,4976.546333953011,0.01651939277034267,0.19677734375,,,,,,,,0.0078125,0.658615231513977,0.21429977666886119,0.008864797015807366,5.186088310438208e-05
17784832,4977.477107831015,0.013485179342233068,0.16795654594898224,,,,,,,,0.0,0.6585271954536438,0.21474629208898555,0.006475593580273015,1.8100670786225237e-05
17793024,4978.396676391014,0.014326303519210964,0.18614502251148224,,,,,,,,0.0,0.6585041284561157,0.21466949852259157,0.006558476254158601,2.392794340266846e-05
17801216,4979.361293827009,0.01564003696910697,0.19597168266773224,,,,,,,,0.0078125,0.6585888266563416,0.2146675327870185,0.005382018439960361,7.151692261686549e-05
17809408,4980.261807231,0.01315702319560132,0.17718505859375,,,,,,,,0.0,0.6585860848426819,0.21468749322039504,0.00596586300168353,1.7741318515618332e-05
17817600,4981.1627905960195,0.013360989366569495,0.18107910454273224,,,,,,,,0.0078125,0.658522367477417,0.21449949123569795,0.007897787212417143,0.00012105254427297041
17825792,4982.0836864040175,0.015479202310744448,0.19948731362819672,0.0014277363124630682,0.2169949556667635,0.21514429922884104,333,219.46906318843918,21.3,nan,0.0,0.6584394574165344,0.21464348091366198,0.008244684725867523,2.0395447791088372e-05
17833984,4983.55368569601,0.014395305530249975,0.17570801079273224,,,,,,,,0.0,0.6583428382873535,0.214433977614013,0.006691864241210932,2.116695759468712e-05
17842176,4984.476155650016,0.017520065491604737,0.21706543862819672,,,,,,,,0.0078125,0.6584565043449402,0.21455806115235068,0.007324648929080706,6.593257421627641e-05
17850368,4985.550304539007,0.015538977468634307,0.19343261420726776,,,,,,,,0.0,0.658707857131958,0.21471953867382942,0.0048226522437120585,1.6364732800866477e-05
17858560,4986.628082975018,0.013865248311920287,0.17354737222194672,,,,,,,,0.0,0.6585724353790283,0.21463389965074992,0.007469706462756601,3.261166420998052e-05
17866752,4987.621690944012,0.018344093507042365,0.22569580376148224,,,,,,,,0.0078125,0.658704400062561,0.21466512045331396,0.006864011003403112,7.31345426174812e-05
17874944,4988.642334746022,0.01595850298914586,0.19196777045726776,,,,,,,,0.0,0.6585942506790161,0.21470747302603033,0.0073466556642054455,1.8258297131978907e-05
17883136,4989.601188355999,0.018491884576570704,0.21160888671875,,,,,,,,0.0078125,0.6586752533912659,0.21465992067863104,0.009898458554401138,0.00017479968664702028
17891328,4990.537207230023,0.011462537392313116,0.15688477456569672,0.001863653604937121,0.21666159885626687,0.21512522514527227,333,219.46892472610548,5.1000000000000005,nan,0.0,0.6588048934936523,0.2147348094372447,0.003940910302014315,1.789141424524132e-05
17899520,4991.998899307015,0.0120600958826987,0.1624755859375,,,,,,,,0.0,0.658821165561676,0.21477398200540104,0.003306151508998484,2.1274905520840548e-05
17907712,4992.932122954022,0.01694162706013716,0.2076416015625,,,,,,,,0.0078125,0.6586468815803528,0.2147761776911888,0.00827133039635163,3.762992491829209e-05
17915904,4993.86028699702,0.013269153368996117,0.17386475205421448,,,,,,,,0.0,0.6586066484451294,0.21469245076896395,0.004471115164366431,1.5781170077389106e-05
17924096,4994.786071513023,0.01594011308932066,0.20270995795726776,,,,,,,,0.0078125,0.6584956049919128,0.21466880963871113,0.004028810645151655,5.516364399227314e-05
17932288,4995.731598553015,0.016857912350339066,0.20018310844898224,,,,,,,,0.0,0.6584277153015137,0.21459909801553195,0.008866013546352981,1.9054143194807693e-05
17940480,4996.68146326,0.014147504385582722,0.17705078423023224,,,,,,,,0.0,0.658298134803772,0.21448701904151551,0.008059668853891635,2.0211145965731703e-05
17948672,4997.6408731370175,0.017162849210773986,0.20150147378444672,,,,,,,,0.0078125,0.6584345102310181,0.21467382898291443,0.010144967044982266,0.00021188119717407972
17956864,4998.608492532017,0.01442837990556274,0.17458496987819672,0.0014259612024485335,0.21733708416202666,0.2150793948732923,333,219.4752596793091,49.650000000000006,nan,0.0,0.6586498022079468,0.21475332672914002,0.007488804639251678,1.7804370145313442e-05
17965056,5000.134772712016,0.016025801523449165,0.18551026284694672,,,,,,,,0.0,0.6585701107978821,0.21454898414243534,0.00988083833904098,2.934749318228569e-05
17973248,5001.064967604005,0.01760289268876059,0.21173095703125,,,,,,,,0.0078125,0.658465564250946,0.21448989619461156,0.008386238845372583,3.7460082239704207e-05
17981440,5001.971463641006,0.013807059974748681,0.17600098252296448,,,,,,,,0.0,0.6583660840988159,0.2146346640835064,0.006178447855099453,1.9861112377839163e-05
17989632,5002.894472147018,0.015325926022435524,0.19333496689796448,,,,,,,,0.0078125,0.6584572196006775,0.2146440089691722,0.007743116077699938,4.7914549213601276e-05
17997824,5003.8271222370095,0.013084172914066173,0.17531739175319672,,,,,,,,0.0,0.6586126685142517,0.21463034131261316,0.006368895825607283,1.8053216990665533e-05
18006016,5004.744108620012,0.01285794909081366,0.16878663003444672,,,,,,,,0.0,0.6585965752601624,0.21461772225543901,0.006332848155290791,2.2990789148025215e-05
18014208,5005.656131010008,0.01706134026578415,0.21634522080421448,,,,,,,,0.0078125,0.6583150625228882,0.21455064371480215,0.009519835513047607,5.477946251630783e-05
18022400,5006.568681008008,0.01413815808037347,0.18521729111671448,0.0018688748768690422,0.22043142896611542,0.21512655256925073,333,219.47881778042057,5.1000000000000005,nan,0.0,0.6582635045051575,0.21442031242369342,0.005193774777857117,1.9587552742450498e-05
18030592,5008.040237175999,0.01668171386971349,0.2049560546875,,,,,,,,0.0078125,0.6581418514251709,0.2143284459426742,0.008397461250687101,7.866107625886798e-05
18038784,5008.947465786012,0.01527745014575922,0.1922607421875,,,,,,,,0.0,0.6584357023239136,0.2147384472518937,0.007334104946238958,2.1779624148621224e-05
18046976,5009.84317593,0.016429713363990545,0.19884033501148224,,,,,,,,0.0,0.6583028435707092,0.2145734784700281,0.008291729319844832,2.0036904970766045e-05
18055168,5010.774780061998,0.017687279182827056,0.20933838188648224,,,,,,,,0.0078125,0.6584809422492981,0.21461044360791975,0.008509433548863252,5.5364358559018e-05
18063360,5011.6958342180005,0.013356113263890058,0.17429199814796448,,,,,,,,0.0,0.658575713634491,0.21471659604656365,0.003911743935428965,2.5220875613740645e-05
18071552,5012.619597033015,0.013243342934794629,0.16879883408546448,,,,,,,,0.0,0.6585478782653809,0.2145894897621194,0.00555211112524032,3.150409247609787e-05
18079744,5013.552187141002,0.01656472793054561,0.2041015625,,,,,,,,0.0078125,0.6585490703582764,0.2146182019083255,0.007495945757365644,4.749089202960022e-05
18087936,5014.464971845009,0.01514557075681311,0.17817382514476776,0.0017096194242385288,0.21665819588144591,0.21512269147874935,333,219.48501073451024,3.9000000000000004,nan,0.0,0.6585167646408081,0.21462696052317534,0.00600807921183606,1.8010861822403967e-05
18096128,5016.003736187005,0.013220309800696188,0.17145995795726776,,,,,,,,0.0078125,0.6585187911987305,0.21462161667820764,0.007802213009886052,0.00016056081221904606
18104320,5016.935027490021,0.013199281385236484,0.17597655951976776,,,,,,,,0.0,0.6585781574249268,0.214678916933364,0.005908783564512296,1.9108845663140528e-05
18112512,5017.885236510017,0.013631812268880359,0.1680908203125,,,,,,,,0.0,0.658551037311554,0.2145259945059536,0.005376340036174008,1.9855931896017864e-05
18120704,5018.798523236997,0.017473444940367237,0.20977783203125,,,,,,,,0.0078125,0.6585695743560791,0.21447000481020165,0.007223115700061518,4.480497955228202e-05
18128896,5019.726575923007,0.012899496691611341,0.16759033501148224,,,,,,,,0.0,0.6586381196975708,0.21461028647811964,0.004219816199356896,1.6529626009287313e-05
18137088,5020.642596880003,0.01567222013791977,0.20238037407398224,,,,,,,,0.0078125,0.658491849899292,0.2144360012995301,0.005127254332321172,5.806194894830696e-05
18145280,5021.566613236006,0.012620528934567228,0.16531983017921448,,,,,,,,0.0,0.6588118672370911,0.21479750744375203,0.0054272926532431195,5.020500611863099e-05
18153472,5022.475504565024,0.013541550468836342,0.17740479111671448,0.0017503264204191682,0.21675911050548433,0.21512151493783932,333,219.4833125592367,3.9000000000000004,nan,0.0,0.6586556434631348,0.21458992126675383,0.005575843234573913,1.7842447050497867e-05
18161664,5024.051495695021,0.015836841353936204,0.20360107719898224,,,,,,,,0.0078125,0.6587437987327576,0.21465170575697373,0.006740790698698396,0.00027807310107164085
18169856,5024.973448016011,0.013252561900676422,0.17215576767921448,,,,,,,,0.0,0.6587400436401367,0.21474385849409336,0.006504194923951898,1.7792110156733543e-05
18178048,5025.879660635022,0.013109651659865563,0.16804198920726776,,,,,,,,0.0,0.6587240695953369,0.21446060104796244,0.0034799565034742902,2.4352691980311647e-05
18186240,5026.873348543013,0.01955689262964387,0.23397217690944672,,,,,,,,0.0078125,0.6585502028465271,0.21472404404463669,0.008572184457836958,4.3618430936476216e-05
18194432,5027.821764761,0.014421624257555178,0.18868409097194672,,,,,,,,0.0,0.6585221290588379,0.21460711367792099,0.005811334771615969,1.8786220607580617e-05
18202624,5028.760291512008,0.018297192455598157,0.21892090141773224,,,,,,,,0.0078125,0.6584416031837463,0.2144640081287456,0.00979526257455745,5.621185482596047e-05
18210816,5029.688216831011,0.016534529597328863,0.19291992485523224,,,,,,,,0.0,0.6584734320640564,0.21470782908078534,0.009862589543976542,1.8871987776947208e-05
18219008,5030.5930502460105,0.013802377048718242,0.17899170517921448,0.002166971567231779,0.21648956344142795,0.21510620392150864,333,219.4746912878466,41.400000000000006,nan,0.0,0.6583744883537292,0.21468291473797466,0.005103528559060201,2.242451773781795e-05
18227200,5032.114955896017,0.01957480646208481,0.23382568359375,,,,,,,,0.0078125,0.6584498286247253,0.21455013663007913,0.008567071668658128,4.955106487614103e-05
18235392,5033.01708310502,0.015985454067606163,0.19375000894069672,,,,,,,,0.0,0.658483624458313,0.21466870039243618,0.007918111234792987,1.5758525478304364e-05
18243584,5033.940867330006,0.016993727098508334,0.20736084878444672,,,,,,,,0.0078125,0.6584025621414185,0.21461347148993562,0.007927826216996692,9.108320227824152e-05
18251776,5034.849949099007,0.012797567813747045,0.16567383706569672,,,,,,,,0.0,0.658737301826477,0.21477928328255663,0.0072860829744783254,1.8852593711926602e-05
18259968,5035.747203319013,0.012107743361660102,0.15690918266773224,,,,,,,,0.0,0.6586382389068604,0.21462162876962404,0.005666183836869343,1.9048131434828974e-05
18268160,5036.710613936011,0.016890960095340662,0.20578613877296448,,,,,,,,0.0078125,0.6585593223571777,0.2146881655683433,0.008414041040845458,6.19427883066237e-05
18276352,5037.6475113650085,0.015180391245850966,0.18277588486671448,,,,,,,,0.0,0.6584228277206421,0.2145923849730631,0.007872964506761605,1.7618091078475118e-05
18284544,5038.567666354007,0.015625980669284424,0.19074706733226776,0.0017451454115153808,0.21648824792401639,0.21512054046523194,333,219.47172976170623,3.9000000000000004,nan,0.0,0.6584349870681763,0.21450355155877882,0.006703227879398687,3.0277737096184865e-05
18292736,5040.122751711024,0.016677758882855827,0.19755859673023224,,,,,,,,0.0078125,0.658769428730011,0.21458516772670166,0.0062525870043273705,4.66189012513496e-05
18300928,5041.180242117,0.011898433967442288,0.16301269829273224,,,,,,,,0.0,0.6588889956474304,0.21478640983046238,0.004601038856559494,1.794869422155898e-05
18309120,5042.266411607998,0.01737076738935064,0.20449219644069672,,,,,,,,0.0078125,0.6586906313896179,0.21466217665205564,0.006500804801317392,8.735697338124737e-05
18317312,5043.242704603996,0.016710192143316704,0.19918213784694672,,,,,,,,0.0,0.6585571765899658,0.2147087575926166,0.009760770349007358,1.7375363313476555e-05
18325504,5044.274584147002,0.016591258298566305,0.19694824516773224,,,,,,,,0.0,0.6584243178367615,0.21445392369315247,0.00904242709467468,2.020360807364341e-05
18333696,5045.195693637012,0.016956245332005345,0.20712891221046448,,,,,,,,0.0078125,0.6584990620613098,0.21459977707019556,0.00963410592666415,6.155937444418669e-05
18341888,5046.11210849401,0.014622515805272924,0.18343506753444672,,,,,,,,0.0,0.6584262251853943,0.214691733300386,0.007041954036164422,1.8876382455346175e-05
18350080,5047.058510429022,0.015559592635477296,0.19649659097194672,0.0017309827699204527,0.2165237614900563,0.21512116144044566,333,219.47323524334612,3.9000000000000004,nan,0.0078125,0.6584123969078064,0.2145873779560293,0.009655783883718367,0.0001347310608252883
18358272,5048.585254995996,0.014603561148386304,0.18712158501148224,,,,,,,,0.0,0.6585341691970825,0.214695284662286,0.006880949857333222,2.006711292779073e-05
18366464,5049.485760003008,0.017294672009595603,0.20075683295726776,,,,,,,,0.0,0.6584945321083069,0.21440800894230824,0.00891069532105235,2.0798352124984376e-05
18374656,5050.407461124996,0.015861073995163046,0.19863282144069672,,,,,,,,0.0078125,0.6585347652435303,0.21436552607785403,0.005635284164045952,4.96876600664109e-05
18382848,5051.3204532280215,0.012551908204059598,0.16802978515625,,,,,,,,0.0,0.6586170196533203,0.21456999675514604,0.004987813545976665,1.6210140529437922e-05
18391040,5052.2412073680025,0.014295059668083521,0.18065185844898224,,,,,,,,0.0,0.6585874557495117,0.21447792525978238,0.007292868853768557,7.491320138797164e-05
18399232,5053.194347751996,0.0186040957728001,0.21575927734375,,,,,,,,0.0078125,0.6585862636566162,0.21461774893763894,0.00717782072455115,3.8714726542821154e-05
18407424,5054.11195195702,0.012299749220232222,0.16248778998851776,,,,,,,,0.0,0.6586223840713501,0.21464370805512806,0.0040274003287376695,1.7744201613822952e-05
18415616,5055.032746468001,0.018234190956529103,0.22092285752296448,0.001752026830127873,0.21858958537668136,0.21510811035537877,333,219.47465175172158,48.45,nan,0.0078125,0.6585084199905396,0.2146377455046729,0.007115878530638767,5.39253196620848e-05
18423808,5056.526808594004,0.01355976920385309,0.17171631753444672,,,,,,,,0.0,0.6585991382598877,0.2146617667088075,0.006191402963627076,1.8799322788254358e-05
18432000,5057.467763100023,0.014798732227314032,0.17933349311351776,,,,,,,,0.0,0.6584627032279968,0.21456943299777972,0.004625982525068197,2.2361709852702916e-05
18440192,5058.401576760021,0.016520899929145804,0.20484618842601776,,,,,,,,0.0078125,0.658562958240509,0.21451542989891298,0.008677694103081522,7.02862162142992e-05
18448384,5059.323286024999,0.014094372720307847,0.17897950112819672,,,,,,,,0.0,0.6585031151771545,0.21466833726044868,0.004740912921220128,1.7156095054815523e-05
18456576,5060.239615333005,0.015564289397609649,0.19774170219898224,,,,,,,,0.0078125,0.6585384011268616,0.2145859619441716,0.006846359429912375,6.556761945830658e-05
18464768,5061.17434553802,0.013633581342522301,0.18111573159694672,,,,,,,,0.0,0.6585785150527954,0.2146927461432671,0.006325698992815896,2.0130300981691107e-05
18472960,5062.063027504017,0.013081212938015173,0.16922608017921448,,,,,,,,0.0,0.6585869193077087,0.2146298237197391,0.004010632912284692,1.9401828467380255e-05
18481152,5062.988397576002,0.014931022974580875,0.19108887016773224,0.0017273353766129595,0.2187122541616215,0.215100763238673,333,219.47724022537855,48.45,nan,0.0078125,0.6585164070129395,0.21459518232932928,0.007540889837701916,4.6947243390604854e-05
18489344,5064.483745097998,0.013745378774172538,0.17916260659694672,,,,,,,,0.0,0.6585655808448792,0.21468258011917363,0.005567588452441288,1.846206396294292e-05
18497536,5065.382488839008,0.01458282820383789,0.18813477456569672,,,,,,,,0.0,0.658471941947937,0.2145198553620007,0.008760506770123718,3.0915445677237585e-05
18505728,5066.293670818006,0.017578888293901418,0.21210937201976776,,,,,,,,0.0078125,0.6585564017295837,0.2145797975808678,0.008480648733424665,7.554284820798784e-05
18513920,5067.210557717015,0.014683216082052029,0.18837891519069672,,,,,,,,0.0,0.6585190892219543,0.21447867448675972,0.006367026654464625,1.813184644561261e-05
18522112,5068.144503663003,0.018098947386823862,0.22415772080421448,,,,,,,,0.0078125,0.6584001183509827,0.21445945942559078,0.009925883058763267,8.26506657176651e-05
18530304,5069.054917768022,0.01410591521541747,0.18032227456569672,,,,,,,,0.0,0.6582766771316528,0.2145449342318558,0.0065258378062348415,1.909427737700753e-05
18538496,5069.982529582019,0.01678483063825504,0.1976318359375,,,,,,,,0.0,0.6581861972808838,0.214510021640899,0.007858304837389396,2.03681192942895e-05
18546688,5070.935583928018,0.01788837010968286,0.20716552436351776,0.001989560563563697,0.21738475156788623,0.2151221397183259,333,219.48280363995275,5.1000000000000005,nan,0.0078125,0.6585238575935364,0.2145928639469473,0.011853438296733385,7.287350308615714e-05
18554880,5072.421679018007,0.013967804370532425,0.18461914360523224,,,,,,,,0.0,0.6586287617683411,0.2144878683416057,0.00430122978282528,1.498420078860363e-05
18563072,5073.342923589022,0.015183408555130524,0.19254150986671448,,,,,,,,0.0078125,0.6586660146713257,0.21446556496456776,0.007334122329792862,4.89451595058199e-05
18571264,5074.279400322004,0.016378429641195513,0.19512939453125,,,,,,,,0.0,0.6583232879638672,0.21468538553231267,0.008792202980257628,2.2041276679374278e-05
18579456,5075.188927891024,0.015617975974147096,0.18419189751148224,,,,,,,,0.0,0.6583753228187561,0.21465270454318836,0.004077497295086753,1.746572888805531e-05
18587648,5076.141328733007,0.016527903816227606,0.21082763373851776,,,,,,,,0.0078125,0.658414900302887,0.2146270382519297,0.007043517971366076,9.405652963323519e-05
18595840,5077.059565179021,0.014620014419772022,0.18767090141773224,,,,,,,,0.0,0.6586369872093201,0.21477010493235887,0.006212970243939912,1.7360549463774078e-05
18604032,5077.982038676011,0.014567323618690118,0.18106690049171448,,,,,,,,0.0,0.6585326790809631,0.21461937286824892,0.004571248357982402,4.872962017543614e-05
18612224,5078.893966413016,0.02086451990783088,0.23610840737819672,0.0020297529209252207,0.22056114661639553,0.21517973900995407,333,219.48065777985022,46.050000000000004,nan,0.0078125,0.6585471034049988,0.21458649544440428,0.008470441197059966,4.047440233989619e-05
18620416,5080.3871071140165,0.014826024771871664,0.18516846001148224,,,,,,,,0.0,0.6584513783454895,0.21474107488003394,0.008788404880442666,1.805402644095011e-05
18628608,5081.311107731017,0.021920577082409267,0.21550293266773224,,,,,,,,0.0078125,0.6584732532501221,0.2144393377356668,0.009258590890379814,7.025622471701354e-05
18636800,5082.240410136001,0.01475953111932185,0.17524413764476776,,,,,,,,0.0,0.6584746837615967,0.21476149828627436,0.008787885231845712,1.7254054910154082e-05
18644992,5083.14233892702,0.02058116400416885,0.20640869438648224,,,,,,,,0.0,0.6584521532058716,0.21468521991140999,0.014157701316765787,2.07579923880985e-05
18653184,5084.056223299005,0.020238826432036963,0.22039794921875,,,,,,,,0.0078125,0.658456027507782,0.21464929140109218,0.009510567730268213,9.12191899260506e-05
18661376,5084.9602941620105,0.01555215621708461,0.19418945908546448,,,,,,,,0.0,0.6584203243255615,0.2146736953752328,0.007642018462276305,1.755951961968094e-05
18669568,5085.860910866002,0.02033084579165645,0.22330322861671448,,,,,,,,0.0078125,0.6583817005157471,0.21451175796739438,0.007999003742074642,0.00011182946764165536
18677760,5086.7833962080185,0.016147167002888704,0.20899657905101776,0.0016111409458816617,0.21709718592754004,0.21516470027867513,333,219.48692006059474,39.150000000000006,nan,0.0,0.658552348613739,0.2147058990345642,0.006361010998289946,1.9956540199927986e-05
18685952,5088.367543528002,0.013956523888624311,0.17377929389476776,,,,,,,,0.0,0.6585448384284973,0.2146780306055574,0.0074356475519827304,1.6473100913572125e-05
18694144,5089.285443736007,0.017644279285699737,0.20736084878444672,,,,,,,,0.0078125,0.658402681350708,0.21440926263958357,0.00708743129643854,5.425895142252557e-05
18702336,5090.205574227002,0.014387228233618274,0.17894287407398224,,,,,,,,0.0,0.6583720445632935,0.21460435250955504,0.007247399199267585,1.6747058907640167e-05
18710528,5091.127346866007,0.01663001373915143,0.19664306938648224,,,,,,,,0.0,0.6582965850830078,0.2145114943702922,0.00927818921408617,2.7847139790537767e-05
18718720,5092.076255843014,0.01987589569644464,0.22055664658546448,,,,,,,,0.0078125,0.6585148572921753,0.21461938903499117,0.006588652099209236,5.275508374325e-05
18726912,5092.9894543090195,0.014106350488993502,0.17760010063648224,,,,,,,,0.0,0.6584378480911255,0.2145413328256034,0.0069261403832439955,1.7618611309444532e-05
18735104,5093.916770855023,0.018487856852159087,0.22171631455421448,,,,,,,,0.0078125,0.6585531234741211,0.21461989339913576,0.009169966877904445,7.218131941044703e-05
18743296,5094.84562384701,0.011449625633181271,0.15745849907398224,0.0017789542103553435,0.21946922894090118,0.21515059031991268,333,219.48520329549694,33.300000000000004,nan,0.0,0.6587626338005066,0.2148336672223635,0.004766320230725657,1.5387187886517495e-05
18751488,5096.3572576120205,0.013258014048504388,0.17475585639476776,,,,,,,,0.0,0.6588175892829895,0.21464092597369305,0.00513121797900933,2.2006019207765348e-05
18759680,5097.280897215998,0.017201335287690165,0.20997314155101776,,,,,,,,0.0078125,0.6586312055587769,0.21461775487749982,0.007931564506213547,7.070641731843352e-05
18767872,5098.214525807998,0.014260987670159021,0.18145751953125,,,,,,,,0.0,0.6586117148399353,0.2147668996264429,0.005099364859617775,1.6373380276490934e-05
18776064,5099.13538557,0.01804041992262,0.20624999701976776,,,,,,,,0.0078125,0.6585236191749573,0.2145596183222494,0.009060875065650438,0.0001008295948849991
18784256,5100.068014211021,0.01851432099533545,0.20855712890625,,,,,,,,0.0,0.6583161950111389,0.21479257483069908,0.009182713055512706,2.1257617845549248e-05
18792448,5100.97085048302,0.019268368519386566,0.21135254204273224,,,,,,,,0.0,0.6582298874855042,0.2146133656078486,0.008739808579820341,1.770456765370909e-05
18800640,5101.893515131,0.016648595148640963,0.20301513373851776,,,,,,,,0.0078125,0.6584277749061584,0.2145412870104933,0.004804635583788396,5.5245916882995516e-05
18808832,5102.806945538003,0.014007368803170762,0.1773681640625,0.0019144746025547832,0.22050105717254617,0.2151384051017074,333,219.48966297761262,9.75,nan,0.0,0.6587340235710144,0.21484248649920645,0.0071133620979109795,1.656371750868857e-05
18817024,5104.297085496015,0.01701601439120495,0.20438233017921448,,,,,,,,0.0,0.6586602926254272,0.214677083175143,0.008438028639609322,7.529112917836756e-05
18825216,5105.217206458008,0.017520389678090095,0.215087890625,,,,,,,,0.0078125,0.6587280631065369,0.21480439774004306,0.008275817230910814,6.124848732724786e-05
18833408,5106.106328119,0.013564082627764215,0.17014160752296448,,,,,,,,0.0,0.6587165594100952,0.21474284904084304,0.00447518035519977,1.69539653143147e-05
18841600,5107.040739773016,0.01566590153229334,0.20120850205421448,,,,,,,,0.0078125,0.6586648225784302,0.2147506594415866,0.007050377894559226,0.00010306998592568561
18849792,5107.968320571003,0.014481970257160807,0.18537597358226776,,,,,,,,0.0,0.6584776639938354,0.21475671471679197,0.008170295359932819,1.625406730454415e-05
18857984,5108.874722769018,0.015374167432590034,0.18074952065944672,,,,,,,,0.0,0.6585010290145874,0.21462582685862022,0.006436153946585481,1.9188571968697943e-05
18866176,5109.814180119021,0.020242378080775687,0.23468017578125,,,,,,,,0.0078125,0.6585254669189453,0.2145404858858632,0.008681754903148842,6.202575605129823e-05
18874368,5110.7330944720015,0.012799665776683074,0.16376952826976776,0.0017267583903887163,0.22044275293154558,0.2151567903968989,333,219.48214865560715,31.8,nan,0.0,0.6586661338806152,0.21461328148318012,0.0040880883725294215,1.6364201655960642e-05
18882560,5112.238039918011,0.01505924672308533,0.19385986030101776,,,,,,,,0.0078125,0.6585057973861694,0.21447622093406174,0.007227968418247591,0.00012066217459505424
18890752,5113.162354035012,0.017600248606182742,0.210693359375,,,,,,,,0.0,0.6584964990615845,0.21491376184628125,0.008293600801918835,2.2717822503182106e-05
18898944,5114.09172139701,0.015493093340235027,0.19211426377296448,,,,,,,,0.0,0.6583660840988159,0.21448147363802933,0.0056657309618723525,1.7937753000296652e-05
18907136,5115.011486377014,0.02039736530987346,0.24528808891773224,,,,,,,,0.0078125,0.6584957838058472,0.21450326118564084,0.007784903188383896,9.044434409588575e-05
18915328,5115.904527558014,0.014019597441609794,0.18435059487819672,,,,,,,,0.0,0.6585934162139893,0.21473818521790036,0.0053700604015901625,1.9761491785175167e-05
18923520,5116.804113250022,0.013256352328889609,0.17939452826976776,,,,,,,,0.0,0.6585711240768433,0.21452675378809932,0.004544444531267571,2.9996526791364886e-05
18931712,5117.898568233999,0.014396006588406668,0.179931640625,,,,,,,,0.0078125,0.6586531400680542,0.21441097830549077,0.006343442801254123,4.166889630141668e-05
18939904,5118.984634616005,0.014803872419612792,0.18551026284694672,0.001540998728448928,0.2167537319709974,0.2151351027427894,333,219.4862783190398,49.650000000000006,nan,0.0,0.6586841344833374,0.21461460358765233,0.0071826501710407255,1.564104422868695e-05
18948096,5120.642109003005,0.016012681880222267,0.19785156846046448,,,,,,,,0.0078125,0.6586662530899048,0.21439775035303898,0.00893183295791826,0.0001637764071347192
18956288,5121.680489292019,0.01479963353545927,0.18442383408546448,,,,,,,,0.0,0.6587726473808289,0.21483091722525346,0.0069600719759607774,1.7018546714098193e-05
18964480,5122.592216482008,0.013822050103151207,0.17324219644069672,,,,,,,,0.0,0.6587410569190979,0.21470656097810265,0.007251948547628515,2.0356912500574253e-05
18972672,5123.50989036102,0.017548431270413594,0.21295166015625,,,,,,,,0.0078125,0.6584528684616089,0.2146824742294689,0.009070336082419904,5.0210255722049624e-05
18980864,5124.413782973017,0.018296171995844525,0.20611572265625,,,,,,,,0.0,0.6583341956138611,0.2145739416691376,0.008634537253942183,1.7022995962179266e-05
18989056,5125.339881339023,0.014799805150959697,0.18708495795726776,,,,,,,,0.0078125,0.6582249402999878,0.21455138497154932,0.0076908856547076914,8.682906627655029e-05
18997248,5126.26209104,0.014958887122365533,0.18234863877296448,,,,,,,,0.0,0.6587232947349548,0.21467898502862312,0.006952112938184695,2.2607067876379006e-05
19005440,5127.1622182489955,0.013806288544936755,0.18459473550319672,0.0020850188217238497,0.2192017222407563,0.21515299817475958,333,219.4899253911202,46.050000000000004,nan,0.0,0.6585879921913147,0.2146657318918305,0.006485395986725193,2.7962565582129173e-05
19013632,5128.684336060018,0.01613310962658873,0.20463867485523224,,,,,,,,0.0078125,0.6586669683456421,0.21464299100454007,0.00624286109207914,7.296093826880679e-05
19021824,5129.595056385006,0.015382377352117227,0.19207763671875,,,,,,,,0.0,0.6587154865264893,0.21481192990741688,0.006178446833896495,1.572190558363218e-05
19030016,5130.497639228008,0.015510761053996874,0.18222656846046448,,,,,,,,0.0,0.6587291359901428,0.21478935725806142,0.00741105816433091,2.4807957743178122e-05
19038208,5131.420795635,0.017082631050661153,0.20748291909694672,,,,,,,,0.0078125,0.6585264205932617,0.21476088452792497,0.007847951652483037,4.898133556707762e-05
19046400,5132.333851297997,0.014526529876604877,0.17625732719898224,,,,,,,,0.0,0.6585109829902649,0.21464360993766368,0.008071722307559943,2.2306747268885374e-05
19054592,5133.241797355004,0.017037262860937867,0.20245361328125,,,,,,,,0.0078125,0.6584049463272095,0.21452018162182482,0.008426014835546877,8.277481538243592e-05
19062784,5134.169555817003,0.01603819297066584,0.19473877549171448,,,,,,,,0.0,0.6585187315940857,0.21468793749862658,0.008323071323422982,1.692525802354794e-05
19070976,5135.0755401510105,0.014413929852687898,0.1817626953125,0.001330971534913572,0.21710991229928234,0.21513248380318833,333,219.49074704740647,49.650000000000006,nan,0.0,0.6584206819534302,0.21461145926924935,0.006069722236646138,1.8330454622628167e-05
19079168,5136.62480205702,0.016964237864644686,0.21231690049171448,,,,,,,,0.0078125,0.6585115790367126,0.2146186691601351,0.0074153676895320824,5.160485306987539e-05
19087360,5137.536146747996,0.013841726145035272,0.17438964545726776,,,,,,,,0.0,0.6585490703582764,0.21464040191311873,0.006295706734920987,2.0162011423963122e-05
19095552,5138.482499858015,0.015698459196361418,0.20070801675319672,,,,,,,,0.0078125,0.6585113406181335,0.21427780919043554,0.007833910138592911,9.82580822892487e-05
19103744,5139.402846375015,0.017492831845973316,0.21151123940944672,,,,,,,,0.0,0.6585834622383118,0.21482162761631743,0.00827767937616435,2.4215018129325472e-05
19111936,5140.292717340024,0.014937128611240287,0.19313965737819672,,,,,,,,0.0,0.6585149168968201,0.2145837957091444,0.005659540693712711,1.794050695025362e-05
19120128,5141.211523561011,0.01725703365805711,0.21621094644069672,,,,,,,,0.0078125,0.6586215496063232,0.21457885247726832,0.004997902579997536,6.052536264178343e-05
19128320,5142.141344663018,0.014200477966118391,0.18511962890625,,,,,,,,0.0,0.6587269902229309,0.21482186380468887,0.006391090130898117,1.598482958797831e-05
19136512,5143.097975462006,0.013314849400523326,0.17092286050319672,0.001992581271157645,0.22045827961707584,0.2151473809780684,333,219.49735874955502,9.75,nan,0.0,0.6587424278259277,0.21468927935855694,0.005793262047181,2.2378360881702974e-05
19144704,5144.602109269996,0.016718911166954495,0.21446533501148224,,,,,,,,0.0078125,0.6584780216217041,0.214691715569661,0.007062280573582955,5.521333878277801e-05
19152896,5145.496799280023,0.013453256463520894,0.17266845703125,,,,,,,,0.0,0.6584552526473999,0.2147022707181677,0.006932557875593862,1.730651820253115e-05
19161088,5146.4032285450085,0.015079431129094848,0.18836669623851776,,,,,,,,0.0078125,0.6584092378616333,0.21453337420784124,0.00700276580408905,0.0001256832474609837
19169280,5147.33451503102,0.013939505014293571,0.18099366128444672,,,,,,,,0.0,0.6587483286857605,0.2148052724377783,0.007037849837337681,1.7427699276595376e-05
19177472,5148.330424229003,0.013966011968946666,0.17847900092601776,,,,,,,,0.0,0.6586089730262756,0.2146780054022408,0.004280216491034581,2.0500974642345682e-05
19185664,5149.271710636007,0.014793532769859974,0.18487548828125,,,,,,,,0.0078125,0.6586596965789795,0.21451804325980536,0.005708454018955069,4.0905852074502036e-05
19193856,5150.192635075015,0.013676347202802001,0.17595215141773224,,,,,,,,0.0,0.6586062908172607,0.21468506424783934,0.005791076625181736,1.4519563592330087e-05
19202048,5151.1017266130075,0.013891800814343092,0.17441406846046448,0.001887629668040458,0.22030446257274333,0.21514338168087543,333,219.48492502504814,28.650000000000002,nan,0.0,0.6585938930511475,0.21464194198096523,0.006711293071531479,3.439736246946268e-05
19210240,5152.642237871012,0.014646694881312653,0.18137207627296448,,,,,,,,0.0078125,0.6586197018623352,0.21478471222132733,0.003895522628513193,2.769147431536112e-05
19218432,5153.53373028402,0.014744179764381252,0.17490234971046448,,,,,,,,0.0,0.6585832834243774,0.21470185871113948,0.006523919584787587,1.7884403860080056e-05
19226624,5154.453166445019,0.018042330182893668,0.21721191704273224,,,,,,,,0.0078125,0.6585476994514465,0.2145509271902298,0.007932204612446626,0.0001174720237031579
19234816,5155.359530328016,0.014044663315398775,0.17495118081569672,,,,,,,,0.0,0.6585486531257629,0.21449285453789355,0.007353775634807403,1.7261254470213316e-05
19243008,5156.277265261015,0.01468215025098759,0.18325196206569672,,,,,,,,0.0,0.6584851741790771,0.21466495044203387,0.007587402155142456,2.2875730792293325e-05
19251200,5157.199514726002,0.01660086447854232,0.19619141519069672,,,,,,,,0.0078125,0.6586130857467651,0.21455549566399568,0.006579322853243728,7.011151319602504e-05
19259392,5158.113727726013,0.014062086927723115,0.17343750596046448,,,,,,,,0.0,0.6586447358131409,0.21468798097635228,0.004144127198779897,1.6049210898927413e-05
19267584,5159.035279456002,0.01545946051028365,0.18583984673023224,0.0014913881141791485,0.2200501971034375,0.21516754573471436,333,219.48948163803436,22.5,nan,0.0078125,0.6585785150527954,0.2146648242250398,0.006515711006604873,6.937674334039912e-05
19275776,5160.597179104021,0.014240838770052618,0.18649902939796448,,,,,,,,0.0,0.6588300466537476,0.21474531436522687,0.005701819530505039,1.5125476238608826e-05
19283968,5161.501833934017,0.013130241349331656,0.17423096299171448,,,,,,,,0.0,0.6587119698524475,0.2145010357860167,0.004721613379433938,1.9214274288970046e-05
19292160,5162.41322802502,0.018005921864801745,0.21486817300319672,,,,,,,,0.0078125,0.6587498188018799,0.21456178418776922,0.006901886737053789,6.99131196597591e-05
19300352,5163.325577562995,0.01382798842286298,0.18231201171875,,,,,,,,0.0,0.6587275862693787,0.21469846122549946,0.0065316637332787685,1.6443967979284935e-05
19308544,5164.245856485999,0.012696120609331802,0.16401366889476776,,,,,,,,0.0,0.6587477922439575,0.2145607727883704,0.0045925882139703595,0.0001652919891057536
19316736,5165.180371014023,0.01608028382057455,0.20582275092601776,,,,,,,,0.0078125,0.6587026715278625,0.21485265966492215,0.005829804410423418,2.700281038414687e-05
19324928,5166.080060422013,0.013309835878676353,0.17951659858226776,,,,,,,,0.0,0.6587364077568054,0.21477565641336144,0.00620134563613868,1.643084760871716e-05
19333120,5167.017647041997,0.01513805216027615,0.19023437798023224,0.00179188165195876,0.2165550233589562,0.21514430017668845,333,219.49997832473608,14.4,nan,0.0078125,0.6586011648178101,0.21466975802794921,0.007884661466979364,0.00011332427675370127
19341312,5168.552014265006,0.015253174258308619,0.1875,,,,,,,,0.0,0.6586154699325562,0.21473802899480635,0.007852130725998508,1.6264753867289983e-05
19349504,5169.464217852015,0.01477218638180709,0.18801270425319672,,,,,,,,0.0,0.6585258841514587,0.21458618967977797,0.006874121070083117,2.3444612452294677e-05
19357696,5170.3596654690045,0.02226443551007125,0.23138427734375,,,,,,,,0.0078125,0.6586518287658691,0.21477299932172528,0.010671812050052094,6.038955325493589e-05
19365888,5171.268614930013,0.01650058872914002,0.1962890625,,,,,,,,0.0,0.6586677432060242,0.2146633351274016,0.006877471605462884,1.6525567843928002e-05
19374080,5172.203468290012,0.017919959687848565,0.203125,,,,,,,,0.0078125,0.6586192846298218,0.2147668233076359,0.00758850870524487,7.87894387030974e-05
19382272,5173.109563592996,0.0134930675139502,0.17066650092601776,,,,,,,,0.0,0.6586389541625977,0.21474160269739112,0.00600485788037378,1.5582385458401404e-05
19390464,5174.021477053,0.014196458916063743,0.17796631157398224,,,,,,,,0.0,0.6585769057273865,0.21449997873567841,0.006547739886284137,1.6888941900106147e-05
19398656,5174.944869227009,0.017549710601053255,0.21170654892921448,0.0016206104225114926,0.2177198711245197,0.21515375172540394,333,219.50054662520807,43.800000000000004,nan,0.0078125,0.6585559844970703,0.2147134110652979,0.0070855595768569745,4.6933619159972295e-05
19406848,5176.447474529996,0.014095027678040757,0.18071289360523224,,,,,,,,0.0,0.6584792137145996,0.21472778978393534,0.005547740631339253,1.3975288311485201e-05
19415040,5177.396102373023,0.01492924263624943,0.17437744140625,,,,,,,,0.0,0.6585110425949097,0.21451043314620785,0.009182422570453985,6.384679727489129e-05
19423232,5178.5003618870105,0.01720928875611945,0.20911864936351776,,,,,,,,0.0078125,0.6583688259124756,0.2147139134976958,0.007895988413425425,3.343958087498322e-05
19431424,5179.589108109998,0.015075264146531698,0.18942871689796448,,,,,,,,0.0,0.6584017872810364,0.21470245990960843,0.0082547215170693,1.6937248801696114e-05
19439616,5180.5261181490205,0.020411938340580804,0.23110352456569672,,,,,,,,0.0078125,0.6583889722824097,0.21457863199240176,0.009541000585767956,6.875387771287933e-05
19447808,5181.559229289007,0.012731341011158803,0.16524659097194672,,,,,,,,0.0,0.6585969924926758,0.2148381221172461,0.007263612386919017,1.668999539106153e-05
19456000,5182.4644529510115,0.014498883871566767,0.18630371987819672,,,,,,,,0.0,0.6584864854812622,0.2147480470647792,0.0076051713786804975,2.3107544620870613e-05
19464192,5183.379486332997,0.01638934657216996,0.19678954780101776,0.001358983987458262,0.21795966837676217,0.2151534466782048,333,219.50126015290817,45.0,nan,0.0078125,0.6586383581161499,0.21463979123753965,0.006112159219300139,0.00010580120579106733
19472384,5184.950033506,0.015427762308382682,0.18231201171875,,,,,,,,0.0,0.6585935354232788,0.21485330179548945,0.006770796689626953,1.6404499547206797e-05
19480576,5185.878587423009,0.015465945487223243,0.18852539360523224,,,,,,,,0.0078125,0.6586344242095947,0.21473479250741154,0.008100643336548242,8.938660903368145e-05
19488768,5186.8019489530125,0.014445266508559457,0.18408203125,,,,,,,,0.0,0.6586615443229675,0.2147901580788591,0.008267618299139724,1.4323990399134345e-05
19496960,5187.6974474480085,0.014658547021690239,0.18978272378444672,,,,,,,,0.0,0.6586331129074097,0.21452352021155865,0.00784468791511859,1.6945175957516767e-05
19505152,5188.6497605729965,0.01960137630238734,0.22736816108226776,,,,,,,,0.0078125,0.6585018634796143,0.21468159321895156,0.008544353861282229,4.6067470975685865e-05
19513344,5189.581580847007,0.015374512058316298,0.18461914360523224,,,,,,,,0.0,0.6584597229957581,0.2147308143364651,0.007301266484704286,2.3387439796351828e-05
19521536,5190.495997551014,0.017765820912425977,0.22000733017921448,,,,,,,,0.0,0.6584374308586121,0.21448648061088202,0.011028178916404334,4.133120091864839e-05
19529728,5191.426890258997,0.01731288735063202,0.20782470703125,0.0018369048258332077,0.219520286779377,0.215136313042022,333,219.50095119406677,14.4,nan,0.0078125,0.658551812171936,0.21452249147231056,0.0063111718879677375,3.352682324475609e-05
19537920,5192.932617977,0.013319625186009444,0.17270508408546448,,,,,,,,0.0,0.6585568785667419,0.21467683917206765,0.00684362719749465,1.582491495355498e-05
19546112,5193.846672893007,0.017316456974308874,0.204345703125,,,,,,,,0.0078125,0.6584683060646057,0.2146280481758399,0.008411117462353613,5.5929671361809596e-05
19554304,5194.767471839004,0.014461275887771087,0.18687744438648224,,,,,,,,0.0,0.6584550142288208,0.21471422801256862,0.006254861664926398,1.7574326193425804e-05
19562496,5195.695681639016,0.012995377585541274,0.17093506455421448,,,,,,,,0.0,0.6583404541015625,0.21470659874562928,0.005030171289784453,3.36457414960023e-05
19570688,5196.630452342011,0.021418447400885998,0.23824463784694672,,,,,,,,0.0078125,0.6584592461585999,0.21488602956984226,0.010260489063468102,9.071685053640977e-05
19578880,5197.52434646702,0.01414928486069311,0.18480224907398224,,,,,,,,0.0,0.6583884954452515,0.21464480821430265,0.00566817931628102,1.5569889001199044e-05
19587072,5198.45002283802,0.01653327488258753,0.20412598550319672,,,,,,,,0.0078125,0.6584875583648682,0.21469268494515678,0.007810192357891975,0.00012332720507401973
19595264,5199.381745723018,0.01745875643105523,0.21101073920726776,0.0019147204935019424,0.21751343719977823,0.21515985362964832,333,219.5008814056216,42.6,nan,0.0,0.6585834622383118,0.21463318980933957,0.008765661490514269,1.5008461559773423e-05
19603456,5200.887422194006,0.016038069146724673,0.19356690347194672,,,,,,,,0.0,0.6586176753044128,0.21438684905599764,0.009689733864054702,1.641746530367527e-05
19611648,5201.8194331630075,0.017692504773523295,0.21304932236671448,,,,,,,,0.0078125,0.6585551500320435,0.21451411218341154,0.006717560243525773,3.803471918217838e-05
19619840,5202.736254128016,0.0152721872290787,0.18201903998851776,,,,,,,,0.0,0.6586111783981323,0.21471544000791254,0.007220093701145414,1.528386928839609e-05
19628032,5203.662730835,0.0190189812172973,0.20461426675319672,,,,,,,,0.0,0.6585426926612854,0.21468432421461858,0.011890396419895647,3.05847788695246e-05
19636224,5204.60248156701,0.018954599918803314,0.22740478813648224,,,,,,,,0.0078125,0.658513069152832,0.21483295404433772,0.004188265528091839,3.4508848330006e-05
19644416,5205.5074937340105,0.014330472324087545,0.18134765326976776,,,,,,,,0.0,0.658495306968689,0.21468443217961136,0.006789114884997125,1.4869687220198102e-05
19652608,5206.437484263006,0.017729750192118806,0.20814208686351776,,,,,,,,0.0078125,0.6584957242012024,0.21459352902940396,0.010327217873198655,5.4216139687923715e-05
19660800,5207.37316444001,0.013383746975547518,0.17486572265625,0.0016081236515861352,0.21780388520007174,0.21513405269200087,333,219.49802422973258,48.45,nan,0.0,0.6584563255310059,0.2148030153984602,0.005899896143228933,1.7316360754193738e-05
19668992,5208.939651390014,0.013840546498329534,0.18331299722194672,,,,,,,,0.0,0.658423125743866,0.21458420507903359,0.005837396785335389,2.351611874473747e-05
19677184,5209.952041723998,0.019587267308742603,0.2283935546875,,,,,,,,0.0078125,0.6583666801452637,0.21463231436390698,0.008293169580568149,4.366313442005776e-05
19685376,5210.890879857005,0.013765322404638652,0.17926025390625,,,,,,,,0.0,0.6582851409912109,0.21478885045056012,0.005923699390738178,1.6849528037710115e-05
19693568,5211.797588924004,0.017297020095261448,0.21359863877296448,,,,,,,,0.0078125,0.658374011516571,0.214640422886634,0.008207645692657603,7.045142410788685e-05
19701760,5212.6978928580065,0.014959191941048822,0.18529053032398224,,,,,,,,0.0,0.6587066650390625,0.21485196200765277,0.008488367608815137,1.4671272765554022e-05
19709952,5213.601194865012,0.017010550604288084,0.2047119140625,,,,,,,,0.0,0.6587549448013306,0.21463111852995637,0.009145075724070063,1.7916065189638175e-05
19718144,5214.5237063810055,0.019463529227304755,0.23890380561351776,,,,,,,,0.0078125,0.6586464047431946,0.21463797365858314,0.007908122379285318,6.157840107334778e-05
19726336,5215.42671867102,0.01466668554009789,0.18321533501148224,0.0016536187472386832,0.21657811165445442,0.2151443028958638,333,219.49846619704027,8.55,nan,0.0,0.6586902141571045,0.21481591982355783,0.009516614485842354,1.4297443158284295e-05
19734528,5216.96317367701,0.013575657938664325,0.17381592094898224,,,,,,,,0.0,0.658575713634491,0.21461271692583633,0.006519716431633141,3.758736056624912e-05
19742720,5217.891635990003,0.02246812057093442,0.24406738579273224,,,,,,,,0.0078125,0.6583943367004395,0.21462745591553883,0.010562090896075049,4.081337829120457e-05
19750912,5218.828681790008,0.014989616570911364,0.17972412705421448,,,,,,,,0.0,0.6583132147789001,0.2146822170255493,0.009279080516876101,1.613021595403552e-05
19759104,5219.759123145021,0.021315202784037604,0.24810791015625,,,,,,,,0.0078125,0.6584292650222778,0.21463601446440497,0.010284058690652085,9.149657853413373e-05
19767296,5220.68707235402,0.015154858356472565,0.19166259467601776,,,,,,,,0.0,0.6584658622741699,0.21474942025267424,0.009191753909638915,2.022494845732581e-05
19775488,5221.60075688301,0.015310594262537093,0.18575440347194672,,,,,,,,0.0,0.658482551574707,0.21468812973275858,0.00787591512015391,2.184523873438593e-05
19783680,5222.529573273001,0.0190257500372319,0.23282471299171448,,,,,,,,0.0078125,0.658477246761322,0.21460684978041722,0.007137921203926145,6.91605600877665e-05
19791872,5223.435149013996,0.017409526964977058,0.19384765625,0.0019643158045937748,0.21673275817523305,0.21514236900438707,333,219.49977483186728,9.75,nan,0.0,0.6585276126861572,0.21466350185348823,0.007824454680331818,1.6911895727389492e-05
19800064,5224.960588351998,0.017869875407190688,0.21501465141773224,,,,,,,,0.0078125,0.6585134863853455,0.21449841580668375,0.004778738993101228,5.620634328806773e-05
19808256,5225.880841981008,0.014631790164409426,0.19331054389476776,,,,,,,,0.0,0.6587623953819275,0.2146754875190488,0.0067239993722054085,1.8453118173056282e-05
19816448,5226.793369357998,0.014302670681421601,0.18483887612819672,,,,,,,,0.0,0.658725380897522,0.21456439265156732,0.005837633021393653,2.3009268261375837e-05
19824640,5227.735240231006,0.018224001863685554,0.21038818359375,,,,,,,,0.0078125,0.6586264371871948,0.2145040454134452,0.007451903531504542,6.857176049379632e-05
19832832,5228.656292890024,0.017393325275443967,0.205078125,,,,,,,,0.0,0.658623993396759,0.21475311001502145,0.007907528299995524,1.4432996067625936e-05
19841024,5229.597954371013,0.016210525892533363,0.19200439751148224,,,,,,,,0.0,0.6585496664047241,0.2146006956064635,0.008405193533260169,8.214522677008063e-05
19849216,5230.511362140998,0.019151803703589806,0.22657470405101776,,,,,,,,0.0078125,0.6585749387741089,0.21463084826035544,0.008632046015365357,3.200758874299936e-05
19857408,5231.432388418005,0.014830415897820965,0.19390869140625,0.0016167910368897198,0.22031561562263166,0.21512642595979653,333,219.4957644093211,17.85,nan,0.0,0.6585183143615723,0.21453253626361674,0.004446022071153607,1.5317991710617207e-05
19865600,5232.972994120006,0.016154809045057512,0.20737305283546448,,,,,,,,0.0078125,0.6586136221885681,0.2145957199975078,0.00713781553318657,4.304312460590154e-05
19873792,5233.89548716601,0.013863752803904353,0.18182373046875,,,,,,,,0.0,0.6587009429931641,0.21483873632812922,0.0066092707979049,1.3988690625410527e-05
19881984,5234.790764865,0.015430011459689398,0.18826904892921448,,,,,,,,0.0,0.6587179899215698,0.21477481876482113,0.008333740724903787,3.584705336834304e-05
19890176,5235.716637453006,0.021003104966380422,0.22504882514476776,,,,,,,,0.0078125,0.6583467721939087,0.21476828221740996,0.011354910391884425,4.867602910962887e-05
19898368,5236.620192791015,0.015340225753681536,0.18441163003444672,,,,,,,,0.0,0.6582843065261841,0.21464863140753648,0.006341698227838833,1.9474146029097028e-05
19906560,5237.607756191021,0.0181135610988296,0.21236573159694672,,,,,,,,0.0078125,0.6582667827606201,0.21441386871012616,0.01035644532776835,8.36469407659024e-05
19914752,5238.75208474102,0.01281905486434455,0.1702880859375,,,,,,,,0.0,0.6589552760124207,0.2148860287196181,0.006712021066060107,1.4961704437155277e-05
19922944,5239.816212458012,0.012349529718942752,0.1671142578125,0.0021409578712937583,0.2172084563144177,0.21514594605686227,333,219.49973085969145,32.1,nan,0.0,0.6588817238807678,0.21480823745290406,0.004860389112955086,2.3373331714537926e-05
19931136,5241.505979803012,0.022229073247170775,0.24443359673023224,,,,,,,,0.0078125,0.658698558807373,0.2145740730909964,0.008449743651920942,4.2894975194940343e-05
19939328,5242.383224924997,0.017775378776689697,0.2139892578125,,,,,,,,0.0,0.658521294593811,0.21481930404778038,0.006475364139024545,1.4601803741243202e-05
19947520,5243.315632476006,0.014961659466295785,0.18425293266773224,,,,,,,,0.0,0.6585202217102051,0.21471698428117275,0.006023161575139772,3.41030208801385e-05
19955712,5244.240433412022,0.018029889055097694,0.21923828125,,,,,,,,0.0078125,0.65848708152771,0.21465501648620539,0.009046050234686524,3.732595723704435e-05
19963904,5245.128473370016,0.01594198490595182,0.20168457925319672,,,,,,,,0.0,0.6584709286689758,0.214643044024957,0.007125615716535991,1.6440571926068515e-05
19972096,5246.048282429023,0.02217528228325183,0.24636231362819672,,,,,,,,0.0078125,0.6584674119949341,0.21460419150855742,0.010052909026121847,7.90652702562511e-05
19980288,5246.959936944011,0.014533033662530746,0.177490234375,,,,,,,,0.0,0.658388614654541,0.21478393632407156,0.006851063505745119,1.83521715371171e-05
19988480,5247.88738215901,0.01634267444664906,0.20709228515625,0.0017755808599925205,0.22050392207390393,0.2151478254941758,333,219.49930003006352,33.300000000000004,nan,0.0,0.658379852771759,0.21469314401627063,0.00745505501604636,2.3905688067316078e-05
19996672,5249.459896584012,0.01673594247121665,0.20535889267921448,0.0018866150227615508,0.21984210533849854,0.21513829457268768,333,219.49966688696384,33.300000000000004,nan,0.0078125,0.6583337783813477,0.21453118944275446,0.0077657669832444974,5.355746907298453e-05
